ARM GAS  C:\Users\Finik\AppData\Local\Temp\cctwKBtC.s 			page 1


   1              		.syntax unified
   2              		.cpu cortex-m0plus
   3              		.fpu softvfp
   4              		.eabi_attribute 20, 1
   5              		.eabi_attribute 21, 1
   6              		.eabi_attribute 23, 3
   7              		.eabi_attribute 24, 1
   8              		.eabi_attribute 25, 1
   9              		.eabi_attribute 26, 1
  10              		.eabi_attribute 30, 1
  11              		.eabi_attribute 34, 0
  12              		.eabi_attribute 18, 4
  13              		.thumb
  14              		.syntax unified
  15              		.file	"cyfitter_cfg.c"
  16              		.text
  17              	.Ltext0:
  18              		.cfi_sections	.debug_frame
  19              		.section	.text.CyClockStartupError,"ax",%progbits
  20              		.align	2
  21              		.code	16
  22              		.thumb_func
  23              		.type	CyClockStartupError, %function
  24              	CyClockStartupError:
  25              	.LFB187:
  26              		.file 1 "Generated_Source\\PSoC6\\cyfitter_cfg.c"
   1:Generated_Source\PSoC6/cyfitter_cfg.c **** 
   2:Generated_Source\PSoC6/cyfitter_cfg.c **** /*******************************************************************************
   3:Generated_Source\PSoC6/cyfitter_cfg.c **** * File Name: cyfitter_cfg.c
   4:Generated_Source\PSoC6/cyfitter_cfg.c **** * 
   5:Generated_Source\PSoC6/cyfitter_cfg.c **** * PSoC Creator  4.4
   6:Generated_Source\PSoC6/cyfitter_cfg.c **** *
   7:Generated_Source\PSoC6/cyfitter_cfg.c **** * Description:
   8:Generated_Source\PSoC6/cyfitter_cfg.c **** * This file contains device initialization code.
   9:Generated_Source\PSoC6/cyfitter_cfg.c **** * Except for the user defined sections in CyClockStartupError(), this file should not be modified.
  10:Generated_Source\PSoC6/cyfitter_cfg.c **** * This file is automatically generated by PSoC Creator.
  11:Generated_Source\PSoC6/cyfitter_cfg.c **** *
  12:Generated_Source\PSoC6/cyfitter_cfg.c **** ********************************************************************************
  13:Generated_Source\PSoC6/cyfitter_cfg.c **** * Copyright (c) 2007-2020 Cypress Semiconductor.  All rights reserved.
  14:Generated_Source\PSoC6/cyfitter_cfg.c **** * You may use this file only in accordance with the license, terms, conditions, 
  15:Generated_Source\PSoC6/cyfitter_cfg.c **** * disclaimers, and limitations in the end user license agreement accompanying 
  16:Generated_Source\PSoC6/cyfitter_cfg.c **** * the software package with which this file was provided.
  17:Generated_Source\PSoC6/cyfitter_cfg.c **** ********************************************************************************/
  18:Generated_Source\PSoC6/cyfitter_cfg.c **** 
  19:Generated_Source\PSoC6/cyfitter_cfg.c **** #include <string.h>
  20:Generated_Source\PSoC6/cyfitter_cfg.c **** #include "cydevice_trm.h"
  21:Generated_Source\PSoC6/cyfitter_cfg.c **** #include "cyfitter.h"
  22:Generated_Source\PSoC6/cyfitter_cfg.c **** #include "gpio/cy_gpio.h"
  23:Generated_Source\PSoC6/cyfitter_cfg.c **** #include "syslib/cy_syslib.h"
  24:Generated_Source\PSoC6/cyfitter_cfg.c **** #include "cyfitter_cfg.h"
  25:Generated_Source\PSoC6/cyfitter_cfg.c **** #include "cyapicallbacks.h"
  26:Generated_Source\PSoC6/cyfitter_cfg.c **** #include "sysclk/cy_sysclk.h"
  27:Generated_Source\PSoC6/cyfitter_cfg.c **** #include "systick/cy_systick.h"
  28:Generated_Source\PSoC6/cyfitter_cfg.c **** 
  29:Generated_Source\PSoC6/cyfitter_cfg.c **** #define CY_NEED_CYCLOCKSTARTUPERROR 1
  30:Generated_Source\PSoC6/cyfitter_cfg.c **** #include "syspm/cy_syspm.h"
  31:Generated_Source\PSoC6/cyfitter_cfg.c **** 
ARM GAS  C:\Users\Finik\AppData\Local\Temp\cctwKBtC.s 			page 2


  32:Generated_Source\PSoC6/cyfitter_cfg.c **** 
  33:Generated_Source\PSoC6/cyfitter_cfg.c **** #if defined(__GNUC__) || defined(__ARMCC_VERSION)
  34:Generated_Source\PSoC6/cyfitter_cfg.c ****     #define CYPACKED 
  35:Generated_Source\PSoC6/cyfitter_cfg.c ****     #define CYPACKED_ATTR __attribute__ ((packed))
  36:Generated_Source\PSoC6/cyfitter_cfg.c ****     #define CYALIGNED __attribute__ ((aligned))
  37:Generated_Source\PSoC6/cyfitter_cfg.c ****     #define CY_CFG_UNUSED __attribute__ ((unused))
  38:Generated_Source\PSoC6/cyfitter_cfg.c ****     #ifndef CY_CFG_SECTION
  39:Generated_Source\PSoC6/cyfitter_cfg.c ****         #define CY_CFG_SECTION __attribute__ ((section(".psocinit")))
  40:Generated_Source\PSoC6/cyfitter_cfg.c ****     #endif
  41:Generated_Source\PSoC6/cyfitter_cfg.c ****     
  42:Generated_Source\PSoC6/cyfitter_cfg.c ****     #if defined(__ARMCC_VERSION)
  43:Generated_Source\PSoC6/cyfitter_cfg.c ****         #define CY_CFG_MEMORY_BARRIER() __memory_changed()
  44:Generated_Source\PSoC6/cyfitter_cfg.c ****     #else
  45:Generated_Source\PSoC6/cyfitter_cfg.c ****         #define CY_CFG_MEMORY_BARRIER() __sync_synchronize()
  46:Generated_Source\PSoC6/cyfitter_cfg.c ****     #endif
  47:Generated_Source\PSoC6/cyfitter_cfg.c ****     
  48:Generated_Source\PSoC6/cyfitter_cfg.c **** #elif defined(__ICCARM__)
  49:Generated_Source\PSoC6/cyfitter_cfg.c ****     #include <intrinsics.h>
  50:Generated_Source\PSoC6/cyfitter_cfg.c **** 
  51:Generated_Source\PSoC6/cyfitter_cfg.c ****     #define CYPACKED __packed
  52:Generated_Source\PSoC6/cyfitter_cfg.c ****     #define CYPACKED_ATTR 
  53:Generated_Source\PSoC6/cyfitter_cfg.c ****     #define CYALIGNED _Pragma("data_alignment=4")
  54:Generated_Source\PSoC6/cyfitter_cfg.c ****     #define CY_CFG_UNUSED _Pragma("diag_suppress=Pe177")
  55:Generated_Source\PSoC6/cyfitter_cfg.c ****     #define CY_CFG_SECTION _Pragma("location=\".psocinit\"")
  56:Generated_Source\PSoC6/cyfitter_cfg.c ****     
  57:Generated_Source\PSoC6/cyfitter_cfg.c ****     #define CY_CFG_MEMORY_BARRIER() __DMB()
  58:Generated_Source\PSoC6/cyfitter_cfg.c ****     
  59:Generated_Source\PSoC6/cyfitter_cfg.c **** #else
  60:Generated_Source\PSoC6/cyfitter_cfg.c ****     #error Unsupported toolchain
  61:Generated_Source\PSoC6/cyfitter_cfg.c **** #endif
  62:Generated_Source\PSoC6/cyfitter_cfg.c **** 
  63:Generated_Source\PSoC6/cyfitter_cfg.c **** #ifndef CYCODE
  64:Generated_Source\PSoC6/cyfitter_cfg.c ****     #define CYCODE
  65:Generated_Source\PSoC6/cyfitter_cfg.c **** #endif
  66:Generated_Source\PSoC6/cyfitter_cfg.c **** #ifndef CYDATA
  67:Generated_Source\PSoC6/cyfitter_cfg.c ****     #define CYDATA
  68:Generated_Source\PSoC6/cyfitter_cfg.c **** #endif
  69:Generated_Source\PSoC6/cyfitter_cfg.c **** #ifndef CYFAR
  70:Generated_Source\PSoC6/cyfitter_cfg.c ****     #define CYFAR
  71:Generated_Source\PSoC6/cyfitter_cfg.c **** #endif
  72:Generated_Source\PSoC6/cyfitter_cfg.c **** #ifndef CYXDATA
  73:Generated_Source\PSoC6/cyfitter_cfg.c ****     #define CYXDATA
  74:Generated_Source\PSoC6/cyfitter_cfg.c **** #endif
  75:Generated_Source\PSoC6/cyfitter_cfg.c **** 
  76:Generated_Source\PSoC6/cyfitter_cfg.c **** 
  77:Generated_Source\PSoC6/cyfitter_cfg.c **** CY_CFG_UNUSED
  78:Generated_Source\PSoC6/cyfitter_cfg.c **** static void CYMEMZERO(void *s, size_t n);
  79:Generated_Source\PSoC6/cyfitter_cfg.c **** CY_CFG_UNUSED
  80:Generated_Source\PSoC6/cyfitter_cfg.c **** static void CYMEMZERO(void *s, size_t n)
  81:Generated_Source\PSoC6/cyfitter_cfg.c **** {
  82:Generated_Source\PSoC6/cyfitter_cfg.c **** 	(void)memset(s, 0, n);
  83:Generated_Source\PSoC6/cyfitter_cfg.c **** }
  84:Generated_Source\PSoC6/cyfitter_cfg.c **** CY_CFG_UNUSED
  85:Generated_Source\PSoC6/cyfitter_cfg.c **** static void CYCONFIGCPY(void *dest, const void *src, size_t n);
  86:Generated_Source\PSoC6/cyfitter_cfg.c **** CY_CFG_UNUSED
  87:Generated_Source\PSoC6/cyfitter_cfg.c **** static void CYCONFIGCPY(void *dest, const void *src, size_t n)
  88:Generated_Source\PSoC6/cyfitter_cfg.c **** {
ARM GAS  C:\Users\Finik\AppData\Local\Temp\cctwKBtC.s 			page 3


  89:Generated_Source\PSoC6/cyfitter_cfg.c **** 	(void)memcpy(dest, src, n);
  90:Generated_Source\PSoC6/cyfitter_cfg.c **** }
  91:Generated_Source\PSoC6/cyfitter_cfg.c **** CY_CFG_UNUSED
  92:Generated_Source\PSoC6/cyfitter_cfg.c **** static void CYCONFIGCPYCODE(void *dest, const void *src, size_t n);
  93:Generated_Source\PSoC6/cyfitter_cfg.c **** CY_CFG_UNUSED
  94:Generated_Source\PSoC6/cyfitter_cfg.c **** static void CYCONFIGCPYCODE(void *dest, const void *src, size_t n)
  95:Generated_Source\PSoC6/cyfitter_cfg.c **** {
  96:Generated_Source\PSoC6/cyfitter_cfg.c **** 	(void)memcpy(dest, src, n);
  97:Generated_Source\PSoC6/cyfitter_cfg.c **** }
  98:Generated_Source\PSoC6/cyfitter_cfg.c **** 
  99:Generated_Source\PSoC6/cyfitter_cfg.c **** 
 100:Generated_Source\PSoC6/cyfitter_cfg.c **** 
 101:Generated_Source\PSoC6/cyfitter_cfg.c **** 
 102:Generated_Source\PSoC6/cyfitter_cfg.c **** /* Clock startup error codes                                                   */
 103:Generated_Source\PSoC6/cyfitter_cfg.c **** #define CYCLOCKSTART_NO_ERROR    0u
 104:Generated_Source\PSoC6/cyfitter_cfg.c **** #define CYCLOCKSTART_XTAL_ERROR  1u
 105:Generated_Source\PSoC6/cyfitter_cfg.c **** #define CYCLOCKSTART_32KHZ_ERROR 2u
 106:Generated_Source\PSoC6/cyfitter_cfg.c **** #define CYCLOCKSTART_PLL_ERROR   3u
 107:Generated_Source\PSoC6/cyfitter_cfg.c **** #define CYCLOCKSTART_FLL_ERROR   4u
 108:Generated_Source\PSoC6/cyfitter_cfg.c **** #define CYCLOCKSTART_WCO_ERROR   5u
 109:Generated_Source\PSoC6/cyfitter_cfg.c **** 
 110:Generated_Source\PSoC6/cyfitter_cfg.c **** 
 111:Generated_Source\PSoC6/cyfitter_cfg.c **** #ifdef CY_NEED_CYCLOCKSTARTUPERROR
 112:Generated_Source\PSoC6/cyfitter_cfg.c **** /*******************************************************************************
 113:Generated_Source\PSoC6/cyfitter_cfg.c **** * Function Name: CyClockStartupError
 114:Generated_Source\PSoC6/cyfitter_cfg.c **** ********************************************************************************
 115:Generated_Source\PSoC6/cyfitter_cfg.c **** * Summary:
 116:Generated_Source\PSoC6/cyfitter_cfg.c **** *  If an error is encountered during clock configuration (crystal startup error,
 117:Generated_Source\PSoC6/cyfitter_cfg.c **** *  PLL lock error, etc.), the system will end up here.  Unless reimplemented by
 118:Generated_Source\PSoC6/cyfitter_cfg.c **** *  the customer, this function will stop in an infinite loop.
 119:Generated_Source\PSoC6/cyfitter_cfg.c **** *
 120:Generated_Source\PSoC6/cyfitter_cfg.c **** * Parameters:
 121:Generated_Source\PSoC6/cyfitter_cfg.c **** *   void
 122:Generated_Source\PSoC6/cyfitter_cfg.c **** *
 123:Generated_Source\PSoC6/cyfitter_cfg.c **** * Return:
 124:Generated_Source\PSoC6/cyfitter_cfg.c **** *   void
 125:Generated_Source\PSoC6/cyfitter_cfg.c **** *
 126:Generated_Source\PSoC6/cyfitter_cfg.c **** *******************************************************************************/
 127:Generated_Source\PSoC6/cyfitter_cfg.c **** CY_CFG_UNUSED
 128:Generated_Source\PSoC6/cyfitter_cfg.c **** static void CyClockStartupError(uint8 errorCode);
 129:Generated_Source\PSoC6/cyfitter_cfg.c **** CY_CFG_UNUSED
 130:Generated_Source\PSoC6/cyfitter_cfg.c **** static void CyClockStartupError(uint8 errorCode)
 131:Generated_Source\PSoC6/cyfitter_cfg.c **** {
  27              		.loc 1 131 0
  28              		.cfi_startproc
  29              		@ Volatile: function does not return.
  30              		@ args = 0, pretend = 0, frame = 0
  31              		@ frame_needed = 0, uses_anonymous_args = 0
  32              		@ link register save eliminated.
  33              	.LVL0:
  34              	.L2:
  35 0000 FEE7     		b	.L2
  36              		.cfi_endproc
  37              	.LFE187:
  38              		.size	CyClockStartupError, .-CyClockStartupError
  39 0002 C046     		.section	.text.ClockInit,"ax",%progbits
  40              		.align	2
ARM GAS  C:\Users\Finik\AppData\Local\Temp\cctwKBtC.s 			page 4


  41              		.code	16
  42              		.thumb_func
  43              		.type	ClockInit, %function
  44              	ClockInit:
  45              	.LFB188:
 132:Generated_Source\PSoC6/cyfitter_cfg.c ****     /* To remove the compiler warning if errorCode not used.                */
 133:Generated_Source\PSoC6/cyfitter_cfg.c ****     errorCode = errorCode;
 134:Generated_Source\PSoC6/cyfitter_cfg.c **** 
 135:Generated_Source\PSoC6/cyfitter_cfg.c ****     /* If we have a clock startup error (bad MHz crystal, PLL lock, etc.),  */
 136:Generated_Source\PSoC6/cyfitter_cfg.c ****     /* we will end up here to allow the customer to implement something to  */
 137:Generated_Source\PSoC6/cyfitter_cfg.c ****     /* deal with the clock condition.                                       */
 138:Generated_Source\PSoC6/cyfitter_cfg.c **** 
 139:Generated_Source\PSoC6/cyfitter_cfg.c **** #ifdef CY_CFG_CLOCK_STARTUP_ERROR_CALLBACK
 140:Generated_Source\PSoC6/cyfitter_cfg.c ****     CY_CFG_Clock_Startup_ErrorCallback();
 141:Generated_Source\PSoC6/cyfitter_cfg.c **** #else
 142:Generated_Source\PSoC6/cyfitter_cfg.c ****     while(1) {}
 143:Generated_Source\PSoC6/cyfitter_cfg.c **** #endif /* CY_CFG_CLOCK_STARTUP_ERROR_CALLBACK */
 144:Generated_Source\PSoC6/cyfitter_cfg.c **** }
 145:Generated_Source\PSoC6/cyfitter_cfg.c **** #endif
 146:Generated_Source\PSoC6/cyfitter_cfg.c **** 
 147:Generated_Source\PSoC6/cyfitter_cfg.c **** static void ClockInit(void);
 148:Generated_Source\PSoC6/cyfitter_cfg.c **** static void ClockInit(void)
 149:Generated_Source\PSoC6/cyfitter_cfg.c **** {
  46              		.loc 1 149 0
  47              		.cfi_startproc
  48              		@ args = 0, pretend = 0, frame = 24
  49              		@ frame_needed = 0, uses_anonymous_args = 0
  50              		.loc 1 149 0
  51 0000 30B5     		push	{r4, r5, lr}
  52              		.cfi_def_cfa_offset 12
  53              		.cfi_offset 4, -12
  54              		.cfi_offset 5, -8
  55              		.cfi_offset 14, -4
  56 0002 87B0     		sub	sp, sp, #28
  57              		.cfi_def_cfa_offset 40
  58              	.LVL1:
  59              	.LBB48:
  60              	.LBB49:
  61              		.file 2 "Generated_Source\\PSoC6\\pdl\\drivers/peripheral/sysclk/cy_sysclk.h"
   1:Generated_Source\PSoC6\pdl\drivers/peripheral/sysclk/cy_sysclk.h **** /***************************************************************************//**
   2:Generated_Source\PSoC6\pdl\drivers/peripheral/sysclk/cy_sysclk.h **** * \file cy_sysclk.h
   3:Generated_Source\PSoC6\pdl\drivers/peripheral/sysclk/cy_sysclk.h **** * \version 2.0
   4:Generated_Source\PSoC6\pdl\drivers/peripheral/sysclk/cy_sysclk.h **** *
   5:Generated_Source\PSoC6\pdl\drivers/peripheral/sysclk/cy_sysclk.h **** * Provides an API declaration of the sysclk driver.
   6:Generated_Source\PSoC6\pdl\drivers/peripheral/sysclk/cy_sysclk.h **** *
   7:Generated_Source\PSoC6\pdl\drivers/peripheral/sysclk/cy_sysclk.h **** ********************************************************************************
   8:Generated_Source\PSoC6\pdl\drivers/peripheral/sysclk/cy_sysclk.h **** * \copyright
   9:Generated_Source\PSoC6\pdl\drivers/peripheral/sysclk/cy_sysclk.h **** * Copyright 2016-2020, Cypress Semiconductor Corporation. All rights reserved.
  10:Generated_Source\PSoC6\pdl\drivers/peripheral/sysclk/cy_sysclk.h **** * You may use this file only in accordance with the license, terms, conditions,
  11:Generated_Source\PSoC6\pdl\drivers/peripheral/sysclk/cy_sysclk.h **** * disclaimers, and limitations in the end user license agreement accompanying
  12:Generated_Source\PSoC6\pdl\drivers/peripheral/sysclk/cy_sysclk.h **** * the software package with which this file was provided.
  13:Generated_Source\PSoC6\pdl\drivers/peripheral/sysclk/cy_sysclk.h **** *******************************************************************************/
  14:Generated_Source\PSoC6\pdl\drivers/peripheral/sysclk/cy_sysclk.h **** 
  15:Generated_Source\PSoC6\pdl\drivers/peripheral/sysclk/cy_sysclk.h **** /**
  16:Generated_Source\PSoC6\pdl\drivers/peripheral/sysclk/cy_sysclk.h **** * \addtogroup group_sysclk
  17:Generated_Source\PSoC6\pdl\drivers/peripheral/sysclk/cy_sysclk.h **** * \{
  18:Generated_Source\PSoC6\pdl\drivers/peripheral/sysclk/cy_sysclk.h **** * The System Clock (SysClk) driver contains the API for configuring system and
ARM GAS  C:\Users\Finik\AppData\Local\Temp\cctwKBtC.s 			page 5


  19:Generated_Source\PSoC6\pdl\drivers/peripheral/sysclk/cy_sysclk.h **** * peripheral clocks. 
  20:Generated_Source\PSoC6\pdl\drivers/peripheral/sysclk/cy_sysclk.h **** *
  21:Generated_Source\PSoC6\pdl\drivers/peripheral/sysclk/cy_sysclk.h **** * The functions and other declarations used in this driver are in cy_sysclk.h. 
  22:Generated_Source\PSoC6\pdl\drivers/peripheral/sysclk/cy_sysclk.h **** * You can include cy_pdl.h (ModusToolbox only) to get access to all functions 
  23:Generated_Source\PSoC6\pdl\drivers/peripheral/sysclk/cy_sysclk.h **** * and declarations in the PDL. 
  24:Generated_Source\PSoC6\pdl\drivers/peripheral/sysclk/cy_sysclk.h **** *
  25:Generated_Source\PSoC6\pdl\drivers/peripheral/sysclk/cy_sysclk.h **** * Firmware uses the API to configure , enable, or disable a clock.
  26:Generated_Source\PSoC6\pdl\drivers/peripheral/sysclk/cy_sysclk.h **** * 
  27:Generated_Source\PSoC6\pdl\drivers/peripheral/sysclk/cy_sysclk.h **** * The clock system includes a variety of resources that can vary per device, including:
  28:Generated_Source\PSoC6\pdl\drivers/peripheral/sysclk/cy_sysclk.h **** * - Internal clock sources such as internal oscillators
  29:Generated_Source\PSoC6\pdl\drivers/peripheral/sysclk/cy_sysclk.h **** * - External clock sources such as crystal oscillators or a signal on an I/O pin
  30:Generated_Source\PSoC6\pdl\drivers/peripheral/sysclk/cy_sysclk.h **** * - Generated clocks such as an FLL, a PLL, and peripheral clocks
  31:Generated_Source\PSoC6\pdl\drivers/peripheral/sysclk/cy_sysclk.h **** *
  32:Generated_Source\PSoC6\pdl\drivers/peripheral/sysclk/cy_sysclk.h **** * Consult the Technical Reference Manual for your device for details of the 
  33:Generated_Source\PSoC6\pdl\drivers/peripheral/sysclk/cy_sysclk.h **** * clock system.
  34:Generated_Source\PSoC6\pdl\drivers/peripheral/sysclk/cy_sysclk.h **** *
  35:Generated_Source\PSoC6\pdl\drivers/peripheral/sysclk/cy_sysclk.h **** * The PDL defines clock system capabilities in:\n
  36:Generated_Source\PSoC6\pdl\drivers/peripheral/sysclk/cy_sysclk.h **** * devices\<family\>/<series\>/include\<series\>_config.h. (E.g.
  37:Generated_Source\PSoC6\pdl\drivers/peripheral/sysclk/cy_sysclk.h **** * devices/psoc6/include/psoc6_01_config.h).
  38:Generated_Source\PSoC6\pdl\drivers/peripheral/sysclk/cy_sysclk.h **** * User-configurable clock speeds are defined in the file system_<series>.h.
  39:Generated_Source\PSoC6\pdl\drivers/peripheral/sysclk/cy_sysclk.h **** *
  40:Generated_Source\PSoC6\pdl\drivers/peripheral/sysclk/cy_sysclk.h **** * As an illustration of the clocking system, the following diagram shows the
  41:Generated_Source\PSoC6\pdl\drivers/peripheral/sysclk/cy_sysclk.h **** * PSoC 63 series clock tree. The actual tree may vary depending on the device series.
  42:Generated_Source\PSoC6\pdl\drivers/peripheral/sysclk/cy_sysclk.h **** * Consult the Technical Reference Manual for your device for details.
  43:Generated_Source\PSoC6\pdl\drivers/peripheral/sysclk/cy_sysclk.h **** * ![](sysclk_tree.png)
  44:Generated_Source\PSoC6\pdl\drivers/peripheral/sysclk/cy_sysclk.h **** *
  45:Generated_Source\PSoC6\pdl\drivers/peripheral/sysclk/cy_sysclk.h **** * The sysclk driver supports multiple peripheral clocks, as well as the fast 
  46:Generated_Source\PSoC6\pdl\drivers/peripheral/sysclk/cy_sysclk.h **** * clock, slow clock, backup domain clock, timer clock, and pump clock. The API
  47:Generated_Source\PSoC6\pdl\drivers/peripheral/sysclk/cy_sysclk.h **** * for any given clock contains the functions to manage that clock. Functions
  48:Generated_Source\PSoC6\pdl\drivers/peripheral/sysclk/cy_sysclk.h **** * for clock measurement and trimming are also provided.
  49:Generated_Source\PSoC6\pdl\drivers/peripheral/sysclk/cy_sysclk.h **** *
  50:Generated_Source\PSoC6\pdl\drivers/peripheral/sysclk/cy_sysclk.h **** * \section group_sysclk_configuration Configuration Considerations
  51:Generated_Source\PSoC6\pdl\drivers/peripheral/sysclk/cy_sysclk.h **** * The availability of clock functions depend on the availability of the chip
  52:Generated_Source\PSoC6\pdl\drivers/peripheral/sysclk/cy_sysclk.h **** * resources that support those functions. Consult the device TRM before
  53:Generated_Source\PSoC6\pdl\drivers/peripheral/sysclk/cy_sysclk.h **** * attempting to use these functions.
  54:Generated_Source\PSoC6\pdl\drivers/peripheral/sysclk/cy_sysclk.h **** *
  55:Generated_Source\PSoC6\pdl\drivers/peripheral/sysclk/cy_sysclk.h **** * LPActive and LPSleep power modes limit the maximum clock frequency allowed
  56:Generated_Source\PSoC6\pdl\drivers/peripheral/sysclk/cy_sysclk.h **** * on the device. Refer to the SysPm driver and the TRM for details.
  57:Generated_Source\PSoC6\pdl\drivers/peripheral/sysclk/cy_sysclk.h **** *
  58:Generated_Source\PSoC6\pdl\drivers/peripheral/sysclk/cy_sysclk.h **** * \section group_sysclk_more_information More Information
  59:Generated_Source\PSoC6\pdl\drivers/peripheral/sysclk/cy_sysclk.h **** * Refer to the technical reference manual (TRM) and the device datasheet.
  60:Generated_Source\PSoC6\pdl\drivers/peripheral/sysclk/cy_sysclk.h **** *
  61:Generated_Source\PSoC6\pdl\drivers/peripheral/sysclk/cy_sysclk.h **** * \section group_sysclk_MISRA MISRA-C Compliance
  62:Generated_Source\PSoC6\pdl\drivers/peripheral/sysclk/cy_sysclk.h **** * <table class="doxtable">
  63:Generated_Source\PSoC6\pdl\drivers/peripheral/sysclk/cy_sysclk.h **** *   <tr>
  64:Generated_Source\PSoC6\pdl\drivers/peripheral/sysclk/cy_sysclk.h **** *     <th>MISRA Rule</th>
  65:Generated_Source\PSoC6\pdl\drivers/peripheral/sysclk/cy_sysclk.h **** *     <th>Rule Class (Required/Advisory)</th>
  66:Generated_Source\PSoC6\pdl\drivers/peripheral/sysclk/cy_sysclk.h **** *     <th>Rule Description</th>
  67:Generated_Source\PSoC6\pdl\drivers/peripheral/sysclk/cy_sysclk.h **** *     <th>Description of Deviation(s)</th>
  68:Generated_Source\PSoC6\pdl\drivers/peripheral/sysclk/cy_sysclk.h **** *   </tr>
  69:Generated_Source\PSoC6\pdl\drivers/peripheral/sysclk/cy_sysclk.h **** *   <tr>
  70:Generated_Source\PSoC6\pdl\drivers/peripheral/sysclk/cy_sysclk.h **** *     <td>10.3</td>
  71:Generated_Source\PSoC6\pdl\drivers/peripheral/sysclk/cy_sysclk.h **** *     <td>R</td>
  72:Generated_Source\PSoC6\pdl\drivers/peripheral/sysclk/cy_sysclk.h **** *     <td>A composite expression of the "essentially unsigned" type is being
  73:Generated_Source\PSoC6\pdl\drivers/peripheral/sysclk/cy_sysclk.h **** *         cast to a different type category.</td>
  74:Generated_Source\PSoC6\pdl\drivers/peripheral/sysclk/cy_sysclk.h **** *     <td>The value got from the bitfield physically cannot exceed the enumeration
  75:Generated_Source\PSoC6\pdl\drivers/peripheral/sysclk/cy_sysclk.h **** *         that describes this bitfield. So, the code is safe by design.</td>
ARM GAS  C:\Users\Finik\AppData\Local\Temp\cctwKBtC.s 			page 6


  76:Generated_Source\PSoC6\pdl\drivers/peripheral/sysclk/cy_sysclk.h **** *   </tr>
  77:Generated_Source\PSoC6\pdl\drivers/peripheral/sysclk/cy_sysclk.h **** *   <tr>
  78:Generated_Source\PSoC6\pdl\drivers/peripheral/sysclk/cy_sysclk.h **** *     <td>10.4</td>
  79:Generated_Source\PSoC6\pdl\drivers/peripheral/sysclk/cy_sysclk.h **** *     <td>R</td>
  80:Generated_Source\PSoC6\pdl\drivers/peripheral/sysclk/cy_sysclk.h **** *     <td>A composite floating point expression is being cast to double, or unsigned.</td>
  81:Generated_Source\PSoC6\pdl\drivers/peripheral/sysclk/cy_sysclk.h **** *     <td>Casting a floating-point calculation result to an integer.</td>
  82:Generated_Source\PSoC6\pdl\drivers/peripheral/sysclk/cy_sysclk.h **** *   </tr>
  83:Generated_Source\PSoC6\pdl\drivers/peripheral/sysclk/cy_sysclk.h **** *   <tr>
  84:Generated_Source\PSoC6\pdl\drivers/peripheral/sysclk/cy_sysclk.h **** *     <td>13.4</td>
  85:Generated_Source\PSoC6\pdl\drivers/peripheral/sysclk/cy_sysclk.h **** *     <td>R</td>
  86:Generated_Source\PSoC6\pdl\drivers/peripheral/sysclk/cy_sysclk.h **** *     <td>The controlling expression of a for statement shall not contain any objects of floating t
  87:Generated_Source\PSoC6\pdl\drivers/peripheral/sysclk/cy_sysclk.h **** *     <td>Scanning through a list of floating point values: only greater_than/less_then checks are 
  88:Generated_Source\PSoC6\pdl\drivers/peripheral/sysclk/cy_sysclk.h **** *         with floating point numbers, the loop counter is integer. </td>
  89:Generated_Source\PSoC6\pdl\drivers/peripheral/sysclk/cy_sysclk.h **** *   </tr>
  90:Generated_Source\PSoC6\pdl\drivers/peripheral/sysclk/cy_sysclk.h **** *   <tr>
  91:Generated_Source\PSoC6\pdl\drivers/peripheral/sysclk/cy_sysclk.h **** *     <td>16.7</td>
  92:Generated_Source\PSoC6\pdl\drivers/peripheral/sysclk/cy_sysclk.h **** *     <td>R</td>
  93:Generated_Source\PSoC6\pdl\drivers/peripheral/sysclk/cy_sysclk.h **** *     <td>The object addressed by the pointer parameter is not modified and so the pointer could be
  94:Generated_Source\PSoC6\pdl\drivers/peripheral/sysclk/cy_sysclk.h **** *         type 'pointer to const'.</td>
  95:Generated_Source\PSoC6\pdl\drivers/peripheral/sysclk/cy_sysclk.h **** *     <td>The callback function for system power management (SysPm) must be of generic callback typ
  96:Generated_Source\PSoC6\pdl\drivers/peripheral/sysclk/cy_sysclk.h **** *         contains non-const pointer parameter.</td>
  97:Generated_Source\PSoC6\pdl\drivers/peripheral/sysclk/cy_sysclk.h **** *   </tr>
  98:Generated_Source\PSoC6\pdl\drivers/peripheral/sysclk/cy_sysclk.h **** * </table>
  99:Generated_Source\PSoC6\pdl\drivers/peripheral/sysclk/cy_sysclk.h **** *
 100:Generated_Source\PSoC6\pdl\drivers/peripheral/sysclk/cy_sysclk.h **** * \section group_sysclk_changelog Changelog
 101:Generated_Source\PSoC6\pdl\drivers/peripheral/sysclk/cy_sysclk.h **** * <table class="doxtable">
 102:Generated_Source\PSoC6\pdl\drivers/peripheral/sysclk/cy_sysclk.h **** *   <tr><th>Version</th><th>Changes</th><th>Reason for Change</th></tr>
 103:Generated_Source\PSoC6\pdl\drivers/peripheral/sysclk/cy_sysclk.h **** *   <tr>
 104:Generated_Source\PSoC6\pdl\drivers/peripheral/sysclk/cy_sysclk.h **** *     <td>2.0</td>
 105:Generated_Source\PSoC6\pdl\drivers/peripheral/sysclk/cy_sysclk.h **** *     <td>Updated the ECO trimming values calculation algorithm in the \ref Cy_SysClk_EcoConfigure 
 106:Generated_Source\PSoC6\pdl\drivers/peripheral/sysclk/cy_sysclk.h **** *         This change may invalidate the already used crystals, in cases: \n
 107:Generated_Source\PSoC6\pdl\drivers/peripheral/sysclk/cy_sysclk.h **** *         * The crystal frequency is less than 16 MHz (the supported crystal frequency range was ch
 108:Generated_Source\PSoC6\pdl\drivers/peripheral/sysclk/cy_sysclk.h **** *         * The maximum amplitude (internal calculation value) is less than 0.65 V. \n
 109:Generated_Source\PSoC6\pdl\drivers/peripheral/sysclk/cy_sysclk.h **** *
 110:Generated_Source\PSoC6\pdl\drivers/peripheral/sysclk/cy_sysclk.h **** *         Also the second parameter cSum takes into account both C0 (the crystal itself shunt capac
 111:Generated_Source\PSoC6\pdl\drivers/peripheral/sysclk/cy_sysclk.h **** *         For detail, refer the \ref Cy_SysClk_EcoConfigure documentation and the ECO Trimming sect
 112:Generated_Source\PSoC6\pdl\drivers/peripheral/sysclk/cy_sysclk.h **** *     <td>Enhanced the ECO performance for high-noise conditions that result from simultaneous swit
 113:Generated_Source\PSoC6\pdl\drivers/peripheral/sysclk/cy_sysclk.h **** *   </tr>
 114:Generated_Source\PSoC6\pdl\drivers/peripheral/sysclk/cy_sysclk.h **** *   <tr>
 115:Generated_Source\PSoC6\pdl\drivers/peripheral/sysclk/cy_sysclk.h **** *     <td rowspan="4">1.20</td>
 116:Generated_Source\PSoC6\pdl\drivers/peripheral/sysclk/cy_sysclk.h **** *     <td>Flattened the organization of the driver source code into the single 
 117:Generated_Source\PSoC6\pdl\drivers/peripheral/sysclk/cy_sysclk.h **** *         source directory and the single include directory.
 118:Generated_Source\PSoC6\pdl\drivers/peripheral/sysclk/cy_sysclk.h **** *     </td>
 119:Generated_Source\PSoC6\pdl\drivers/peripheral/sysclk/cy_sysclk.h **** *     <td>Driver library directory-structure simplification.</td>
 120:Generated_Source\PSoC6\pdl\drivers/peripheral/sysclk/cy_sysclk.h **** *   </tr>
 121:Generated_Source\PSoC6\pdl\drivers/peripheral/sysclk/cy_sysclk.h **** *   <tr>
 122:Generated_Source\PSoC6\pdl\drivers/peripheral/sysclk/cy_sysclk.h **** *     <td>Updated \ref Cy_SysClk_FllLocked function description</td>
 123:Generated_Source\PSoC6\pdl\drivers/peripheral/sysclk/cy_sysclk.h **** *     <td>The SRSS_ver1 HW details clarification</td>
 124:Generated_Source\PSoC6\pdl\drivers/peripheral/sysclk/cy_sysclk.h **** *   </tr>
 125:Generated_Source\PSoC6\pdl\drivers/peripheral/sysclk/cy_sysclk.h **** *   <tr>
 126:Generated_Source\PSoC6\pdl\drivers/peripheral/sysclk/cy_sysclk.h **** *     <td>Removed the following functions:
 127:Generated_Source\PSoC6\pdl\drivers/peripheral/sysclk/cy_sysclk.h **** *         - Cy_SysClk_FllLostLock
 128:Generated_Source\PSoC6\pdl\drivers/peripheral/sysclk/cy_sysclk.h **** *         - Cy_SysClk_WcoConfigureCsv
 129:Generated_Source\PSoC6\pdl\drivers/peripheral/sysclk/cy_sysclk.h **** *         - Cy_SysClk_ClkHfConfigureCsv
 130:Generated_Source\PSoC6\pdl\drivers/peripheral/sysclk/cy_sysclk.h **** *     </td>
 131:Generated_Source\PSoC6\pdl\drivers/peripheral/sysclk/cy_sysclk.h **** *     <td>No hardware support for the removed functions.</td>
 132:Generated_Source\PSoC6\pdl\drivers/peripheral/sysclk/cy_sysclk.h **** *   </tr>
ARM GAS  C:\Users\Finik\AppData\Local\Temp\cctwKBtC.s 			page 7


 133:Generated_Source\PSoC6\pdl\drivers/peripheral/sysclk/cy_sysclk.h **** *   <tr>
 134:Generated_Source\PSoC6\pdl\drivers/peripheral/sysclk/cy_sysclk.h **** *     <td>Added register access layer. Use register access macros instead
 135:Generated_Source\PSoC6\pdl\drivers/peripheral/sysclk/cy_sysclk.h **** *         of direct register access using dereferenced pointers.</td>
 136:Generated_Source\PSoC6\pdl\drivers/peripheral/sysclk/cy_sysclk.h **** *     <td>Makes register access device-independent, so that the PDL does 
 137:Generated_Source\PSoC6\pdl\drivers/peripheral/sysclk/cy_sysclk.h **** *         not need to be recompiled for each supported part number.</td>
 138:Generated_Source\PSoC6\pdl\drivers/peripheral/sysclk/cy_sysclk.h **** *   </tr>
 139:Generated_Source\PSoC6\pdl\drivers/peripheral/sysclk/cy_sysclk.h **** *   <tr>
 140:Generated_Source\PSoC6\pdl\drivers/peripheral/sysclk/cy_sysclk.h **** *     <td>1.11</td>
 141:Generated_Source\PSoC6\pdl\drivers/peripheral/sysclk/cy_sysclk.h **** *     <td>Updated the following functions. Now they use a semaphore when 
 142:Generated_Source\PSoC6\pdl\drivers/peripheral/sysclk/cy_sysclk.h **** *         try to read the status or configure the SysClk measurement counters:
 143:Generated_Source\PSoC6\pdl\drivers/peripheral/sysclk/cy_sysclk.h **** *         * Cy_SysClk_StartClkMeasurementCounters()
 144:Generated_Source\PSoC6\pdl\drivers/peripheral/sysclk/cy_sysclk.h **** *         * Cy_SysClk_ClkMeasurementCountersGetFreq()
 145:Generated_Source\PSoC6\pdl\drivers/peripheral/sysclk/cy_sysclk.h **** *
 146:Generated_Source\PSoC6\pdl\drivers/peripheral/sysclk/cy_sysclk.h **** *         Now Cy_SysClk_ClkMeasurementCountersGetFreq() returns zero value,
 147:Generated_Source\PSoC6\pdl\drivers/peripheral/sysclk/cy_sysclk.h **** *         if during measurement device was in the Deep Sleep or partially
 148:Generated_Source\PSoC6\pdl\drivers/peripheral/sysclk/cy_sysclk.h **** *         blocking flash operation occurred </td>
 149:Generated_Source\PSoC6\pdl\drivers/peripheral/sysclk/cy_sysclk.h **** *     <td>Added arbiter mechanism for correct usage of the SysClk measurement 
 150:Generated_Source\PSoC6\pdl\drivers/peripheral/sysclk/cy_sysclk.h **** *         counters</td>
 151:Generated_Source\PSoC6\pdl\drivers/peripheral/sysclk/cy_sysclk.h **** *   </tr>
 152:Generated_Source\PSoC6\pdl\drivers/peripheral/sysclk/cy_sysclk.h **** *   <tr>
 153:Generated_Source\PSoC6\pdl\drivers/peripheral/sysclk/cy_sysclk.h **** *     <td>1.10.1</td>
 154:Generated_Source\PSoC6\pdl\drivers/peripheral/sysclk/cy_sysclk.h **** *     <td>Renamed Power Management section to Low Power Callback section</td>
 155:Generated_Source\PSoC6\pdl\drivers/peripheral/sysclk/cy_sysclk.h **** *     <td>Documentation update and clarification</td>
 156:Generated_Source\PSoC6\pdl\drivers/peripheral/sysclk/cy_sysclk.h **** *   </tr>
 157:Generated_Source\PSoC6\pdl\drivers/peripheral/sysclk/cy_sysclk.h **** *   <tr>
 158:Generated_Source\PSoC6\pdl\drivers/peripheral/sysclk/cy_sysclk.h **** *     <td rowspan="5">1.10</td>
 159:Generated_Source\PSoC6\pdl\drivers/peripheral/sysclk/cy_sysclk.h **** *     <td>Updated FLL parameter calculation</td>
 160:Generated_Source\PSoC6\pdl\drivers/peripheral/sysclk/cy_sysclk.h **** *     <td>Support low frequency sources</td>
 161:Generated_Source\PSoC6\pdl\drivers/peripheral/sysclk/cy_sysclk.h **** *   </tr>
 162:Generated_Source\PSoC6\pdl\drivers/peripheral/sysclk/cy_sysclk.h **** *   <tr>
 163:Generated_Source\PSoC6\pdl\drivers/peripheral/sysclk/cy_sysclk.h **** *     <td>Added Cy_SysClk_PiloSetTrim() and Cy_SysclkPiloGetTrim() functions</td>
 164:Generated_Source\PSoC6\pdl\drivers/peripheral/sysclk/cy_sysclk.h **** *     <td>Support PILO manual trims</td>
 165:Generated_Source\PSoC6\pdl\drivers/peripheral/sysclk/cy_sysclk.h **** *   </tr>
 166:Generated_Source\PSoC6\pdl\drivers/peripheral/sysclk/cy_sysclk.h **** *   <tr>
 167:Generated_Source\PSoC6\pdl\drivers/peripheral/sysclk/cy_sysclk.h **** *     <td>Made Cy_SysClk_FllLostLock() function dependent on SRSS v1</td>
 168:Generated_Source\PSoC6\pdl\drivers/peripheral/sysclk/cy_sysclk.h **** *     <td>Feature is not supported in SRSS v1</td>
 169:Generated_Source\PSoC6\pdl\drivers/peripheral/sysclk/cy_sysclk.h **** *   </tr>
 170:Generated_Source\PSoC6\pdl\drivers/peripheral/sysclk/cy_sysclk.h **** *   <tr>
 171:Generated_Source\PSoC6\pdl\drivers/peripheral/sysclk/cy_sysclk.h **** *     <td>Updated Cy_SysClk_DeepSleepCallback() to save/restore both FLL and PLL settings</td>
 172:Generated_Source\PSoC6\pdl\drivers/peripheral/sysclk/cy_sysclk.h **** *     <td>The function should return when the lock is established or a timeout has occurred</td>
 173:Generated_Source\PSoC6\pdl\drivers/peripheral/sysclk/cy_sysclk.h **** *   </tr>
 174:Generated_Source\PSoC6\pdl\drivers/peripheral/sysclk/cy_sysclk.h **** *   <tr>
 175:Generated_Source\PSoC6\pdl\drivers/peripheral/sysclk/cy_sysclk.h **** *     <td>General documentation updates</td>
 176:Generated_Source\PSoC6\pdl\drivers/peripheral/sysclk/cy_sysclk.h **** *     <td></td>
 177:Generated_Source\PSoC6\pdl\drivers/peripheral/sysclk/cy_sysclk.h **** *   </tr>
 178:Generated_Source\PSoC6\pdl\drivers/peripheral/sysclk/cy_sysclk.h **** *   <tr>
 179:Generated_Source\PSoC6\pdl\drivers/peripheral/sysclk/cy_sysclk.h **** *     <td>1.0</td>
 180:Generated_Source\PSoC6\pdl\drivers/peripheral/sysclk/cy_sysclk.h **** *     <td>Initial version</td>
 181:Generated_Source\PSoC6\pdl\drivers/peripheral/sysclk/cy_sysclk.h **** *     <td></td>
 182:Generated_Source\PSoC6\pdl\drivers/peripheral/sysclk/cy_sysclk.h **** *   </tr>
 183:Generated_Source\PSoC6\pdl\drivers/peripheral/sysclk/cy_sysclk.h **** * </table>
 184:Generated_Source\PSoC6\pdl\drivers/peripheral/sysclk/cy_sysclk.h **** *
 185:Generated_Source\PSoC6\pdl\drivers/peripheral/sysclk/cy_sysclk.h **** * \defgroup group_sysclk_macros           Macros
 186:Generated_Source\PSoC6\pdl\drivers/peripheral/sysclk/cy_sysclk.h **** * \{
 187:Generated_Source\PSoC6\pdl\drivers/peripheral/sysclk/cy_sysclk.h **** * \}
 188:Generated_Source\PSoC6\pdl\drivers/peripheral/sysclk/cy_sysclk.h **** * \defgroup group_sysclk_enums           General Enumerated Types
 189:Generated_Source\PSoC6\pdl\drivers/peripheral/sysclk/cy_sysclk.h **** * \{
ARM GAS  C:\Users\Finik\AppData\Local\Temp\cctwKBtC.s 			page 8


 190:Generated_Source\PSoC6\pdl\drivers/peripheral/sysclk/cy_sysclk.h **** *   \defgroup group_sysclk_returns         Function return values
 191:Generated_Source\PSoC6\pdl\drivers/peripheral/sysclk/cy_sysclk.h **** * \}
 192:Generated_Source\PSoC6\pdl\drivers/peripheral/sysclk/cy_sysclk.h **** * \defgroup group_sysclk_eco             External Crystal Oscillator (ECO)
 193:Generated_Source\PSoC6\pdl\drivers/peripheral/sysclk/cy_sysclk.h **** * \{
 194:Generated_Source\PSoC6\pdl\drivers/peripheral/sysclk/cy_sysclk.h **** *   The External Crystal Oscillator (ECO) is a clock source that consists
 195:Generated_Source\PSoC6\pdl\drivers/peripheral/sysclk/cy_sysclk.h **** *   of an oscillator circuit that drives an external crystal through its
 196:Generated_Source\PSoC6\pdl\drivers/peripheral/sysclk/cy_sysclk.h **** *   dedicated ECO pins. The ECO is a source clock that can be used to
 197:Generated_Source\PSoC6\pdl\drivers/peripheral/sysclk/cy_sysclk.h **** *   source one or more clock paths (Refer to \ref group_sysclk_path_src).
 198:Generated_Source\PSoC6\pdl\drivers/peripheral/sysclk/cy_sysclk.h **** *   These clock paths can then source the processors and peripherals in
 199:Generated_Source\PSoC6\pdl\drivers/peripheral/sysclk/cy_sysclk.h **** *   the device.
 200:Generated_Source\PSoC6\pdl\drivers/peripheral/sysclk/cy_sysclk.h **** *
 201:Generated_Source\PSoC6\pdl\drivers/peripheral/sysclk/cy_sysclk.h **** *   The ECO relies on the presence of an external crystal. The pins
 202:Generated_Source\PSoC6\pdl\drivers/peripheral/sysclk/cy_sysclk.h **** *   connected to this crystal must be configured to operate in analog
 203:Generated_Source\PSoC6\pdl\drivers/peripheral/sysclk/cy_sysclk.h **** *   drive mode with HSIOM connection set to GPIO control (HSIOM_SEL_GPIO).
 204:Generated_Source\PSoC6\pdl\drivers/peripheral/sysclk/cy_sysclk.h **** *
 205:Generated_Source\PSoC6\pdl\drivers/peripheral/sysclk/cy_sysclk.h **** *   \defgroup group_sysclk_eco_funcs       Functions
 206:Generated_Source\PSoC6\pdl\drivers/peripheral/sysclk/cy_sysclk.h **** * \}
 207:Generated_Source\PSoC6\pdl\drivers/peripheral/sysclk/cy_sysclk.h **** * \defgroup group_sysclk_path_src           Clock Path Source
 208:Generated_Source\PSoC6\pdl\drivers/peripheral/sysclk/cy_sysclk.h **** * \{
 209:Generated_Source\PSoC6\pdl\drivers/peripheral/sysclk/cy_sysclk.h **** *   Clock paths are a series of multiplexers that allow a source clock
 210:Generated_Source\PSoC6\pdl\drivers/peripheral/sysclk/cy_sysclk.h **** *   to drive multiple clocking resources down the chain. These paths are
 211:Generated_Source\PSoC6\pdl\drivers/peripheral/sysclk/cy_sysclk.h **** *   used for active domain clocks that are not operational during chip 
 212:Generated_Source\PSoC6\pdl\drivers/peripheral/sysclk/cy_sysclk.h **** *   deep-sleep, hibernate and off modes. Illustrated below is a diagram
 213:Generated_Source\PSoC6\pdl\drivers/peripheral/sysclk/cy_sysclk.h **** *   of the clock paths for the PSoC 63 series, showing the first three
 214:Generated_Source\PSoC6\pdl\drivers/peripheral/sysclk/cy_sysclk.h **** *   clock paths. The source clocks for these paths are highlighted in
 215:Generated_Source\PSoC6\pdl\drivers/peripheral/sysclk/cy_sysclk.h **** *   the red box.
 216:Generated_Source\PSoC6\pdl\drivers/peripheral/sysclk/cy_sysclk.h **** *
 217:Generated_Source\PSoC6\pdl\drivers/peripheral/sysclk/cy_sysclk.h **** *   - IMO: 8 MHz Internal Main Oscillator (Default)
 218:Generated_Source\PSoC6\pdl\drivers/peripheral/sysclk/cy_sysclk.h **** *   - EXTCLK: External clock (signal brought in through dedicated pins)
 219:Generated_Source\PSoC6\pdl\drivers/peripheral/sysclk/cy_sysclk.h **** *   - ECO: External Crystal Oscillator (requires external crystal on dedicated pins)
 220:Generated_Source\PSoC6\pdl\drivers/peripheral/sysclk/cy_sysclk.h **** *   - ALTHF: Select on-chip signals (e.g. BLE ECO)
 221:Generated_Source\PSoC6\pdl\drivers/peripheral/sysclk/cy_sysclk.h **** *   - Digital Signal (DSI): Digital signal from a UDB source
 222:Generated_Source\PSoC6\pdl\drivers/peripheral/sysclk/cy_sysclk.h **** *
 223:Generated_Source\PSoC6\pdl\drivers/peripheral/sysclk/cy_sysclk.h **** *   Some clock paths such as path 0 and path 1 have additional resources
 224:Generated_Source\PSoC6\pdl\drivers/peripheral/sysclk/cy_sysclk.h **** *   that can be utilized to provide a higher frequency clock. For example, 
 225:Generated_Source\PSoC6\pdl\drivers/peripheral/sysclk/cy_sysclk.h **** *   path 0 source clock can be used as the reference clock for the FLL and 
 226:Generated_Source\PSoC6\pdl\drivers/peripheral/sysclk/cy_sysclk.h **** *   path 1 source clock can be used as the reference clock for the PLL.
 227:Generated_Source\PSoC6\pdl\drivers/peripheral/sysclk/cy_sysclk.h **** *
 228:Generated_Source\PSoC6\pdl\drivers/peripheral/sysclk/cy_sysclk.h **** *   ![](sysclk_path_source.png)
 229:Generated_Source\PSoC6\pdl\drivers/peripheral/sysclk/cy_sysclk.h **** *
 230:Generated_Source\PSoC6\pdl\drivers/peripheral/sysclk/cy_sysclk.h **** *   \note The PDL driver cannot configure a clock path to use Digital Signal
 231:Generated_Source\PSoC6\pdl\drivers/peripheral/sysclk/cy_sysclk.h **** *   Interconnect (DSI) outputs as sources. This must be done through DSI
 232:Generated_Source\PSoC6\pdl\drivers/peripheral/sysclk/cy_sysclk.h **** *   configuration tool such as PSoC Creator.
 233:Generated_Source\PSoC6\pdl\drivers/peripheral/sysclk/cy_sysclk.h **** *
 234:Generated_Source\PSoC6\pdl\drivers/peripheral/sysclk/cy_sysclk.h **** *   \defgroup group_sysclk_path_src_funcs     Functions
 235:Generated_Source\PSoC6\pdl\drivers/peripheral/sysclk/cy_sysclk.h **** *   \defgroup group_sysclk_path_src_enums     Enumerated Types
 236:Generated_Source\PSoC6\pdl\drivers/peripheral/sysclk/cy_sysclk.h **** * \}
 237:Generated_Source\PSoC6\pdl\drivers/peripheral/sysclk/cy_sysclk.h **** * \defgroup group_sysclk_fll             Frequency Locked Loop (FLL)
 238:Generated_Source\PSoC6\pdl\drivers/peripheral/sysclk/cy_sysclk.h **** * \{
 239:Generated_Source\PSoC6\pdl\drivers/peripheral/sysclk/cy_sysclk.h **** *   The FLL is a clock generation circuit that can be used to produce a
 240:Generated_Source\PSoC6\pdl\drivers/peripheral/sysclk/cy_sysclk.h **** *   higher frequency clock from a reference clock. The output clock exhibits
 241:Generated_Source\PSoC6\pdl\drivers/peripheral/sysclk/cy_sysclk.h **** *   some characteristics of the reference clock such as the accuracy of the
 242:Generated_Source\PSoC6\pdl\drivers/peripheral/sysclk/cy_sysclk.h **** *   source. However other attributes such as the clock phase are not preserved.
 243:Generated_Source\PSoC6\pdl\drivers/peripheral/sysclk/cy_sysclk.h **** *   The FLL is similar in purpose to a (Phase locked loop) PLL but they are
 244:Generated_Source\PSoC6\pdl\drivers/peripheral/sysclk/cy_sysclk.h **** *   not equivalent.
 245:Generated_Source\PSoC6\pdl\drivers/peripheral/sysclk/cy_sysclk.h **** *
 246:Generated_Source\PSoC6\pdl\drivers/peripheral/sysclk/cy_sysclk.h **** *   - They may have different frequency ranges.
ARM GAS  C:\Users\Finik\AppData\Local\Temp\cctwKBtC.s 			page 9


 247:Generated_Source\PSoC6\pdl\drivers/peripheral/sysclk/cy_sysclk.h **** *   - The FLL starts up (locks) faster and consumes less current than the PLL.
 248:Generated_Source\PSoC6\pdl\drivers/peripheral/sysclk/cy_sysclk.h **** *   - The FLL accepts a source clock with lower frequency than PLL, such as the WCO (32 KHz). 
 249:Generated_Source\PSoC6\pdl\drivers/peripheral/sysclk/cy_sysclk.h **** *   - The FLL does not lock phase. The hardware consist of a counter with a
 250:Generated_Source\PSoC6\pdl\drivers/peripheral/sysclk/cy_sysclk.h **** *     current-controlled oscillator (CCO). The counter counts the number of output
 251:Generated_Source\PSoC6\pdl\drivers/peripheral/sysclk/cy_sysclk.h **** *     clock edges in a reference clock period and adjusts the CCO until the
 252:Generated_Source\PSoC6\pdl\drivers/peripheral/sysclk/cy_sysclk.h **** *     expected ratio is achieved (locked). After initial lock, the CCO is
 253:Generated_Source\PSoC6\pdl\drivers/peripheral/sysclk/cy_sysclk.h **** *     adjusted dynamically to keep the ratio within tolerance. The lock tolerance
 254:Generated_Source\PSoC6\pdl\drivers/peripheral/sysclk/cy_sysclk.h **** *     is user-adjustable.
 255:Generated_Source\PSoC6\pdl\drivers/peripheral/sysclk/cy_sysclk.h **** *   ![](sysclk_fll.png)
 256:Generated_Source\PSoC6\pdl\drivers/peripheral/sysclk/cy_sysclk.h **** *
 257:Generated_Source\PSoC6\pdl\drivers/peripheral/sysclk/cy_sysclk.h **** *   The SysClk driver supports two models for configuring the FLL. The first
 258:Generated_Source\PSoC6\pdl\drivers/peripheral/sysclk/cy_sysclk.h **** *   model is to call the Cy_SysClk_FllConfigure() function, which calculates the 
 259:Generated_Source\PSoC6\pdl\drivers/peripheral/sysclk/cy_sysclk.h **** *   necessary parameters for the FLL at run-time. This may be necessary for dynamic
 260:Generated_Source\PSoC6\pdl\drivers/peripheral/sysclk/cy_sysclk.h **** *   run-time changes to the FLL. However this method is slow as it needs to perform 
 261:Generated_Source\PSoC6\pdl\drivers/peripheral/sysclk/cy_sysclk.h **** *   the calculation before configuring the FLL. The other model is to call 
 262:Generated_Source\PSoC6\pdl\drivers/peripheral/sysclk/cy_sysclk.h **** *   Cy_SysClk_FllManualConfigure() function with pre-calculated parameter values. 
 263:Generated_Source\PSoC6\pdl\drivers/peripheral/sysclk/cy_sysclk.h **** *   This method is faster but requires prior knowledge of the necessary parameters.
 264:Generated_Source\PSoC6\pdl\drivers/peripheral/sysclk/cy_sysclk.h **** *   Consult the device TRM for the FLL calculation equations.
 265:Generated_Source\PSoC6\pdl\drivers/peripheral/sysclk/cy_sysclk.h **** *
 266:Generated_Source\PSoC6\pdl\drivers/peripheral/sysclk/cy_sysclk.h **** *   \defgroup group_sysclk_fll_funcs       Functions
 267:Generated_Source\PSoC6\pdl\drivers/peripheral/sysclk/cy_sysclk.h **** *   \defgroup group_sysclk_fll_structs     Data Structures
 268:Generated_Source\PSoC6\pdl\drivers/peripheral/sysclk/cy_sysclk.h **** *   \defgroup group_sysclk_fll_enums       Enumerated Types
 269:Generated_Source\PSoC6\pdl\drivers/peripheral/sysclk/cy_sysclk.h **** * \}
 270:Generated_Source\PSoC6\pdl\drivers/peripheral/sysclk/cy_sysclk.h **** * \defgroup group_sysclk_pll             Phase Locked Loop (PLL)
 271:Generated_Source\PSoC6\pdl\drivers/peripheral/sysclk/cy_sysclk.h **** * \{
 272:Generated_Source\PSoC6\pdl\drivers/peripheral/sysclk/cy_sysclk.h **** *   The PLL is a clock generation circuit that can be used to produce a
 273:Generated_Source\PSoC6\pdl\drivers/peripheral/sysclk/cy_sysclk.h **** *   higher frequency clock from a reference clock. The output clock exhibits
 274:Generated_Source\PSoC6\pdl\drivers/peripheral/sysclk/cy_sysclk.h **** *   characteristics of the reference clock such as the accuracy of the source
 275:Generated_Source\PSoC6\pdl\drivers/peripheral/sysclk/cy_sysclk.h **** *   and its phase. The PLL is similar in purpose to a (Frequency locked loop) FLL
 276:Generated_Source\PSoC6\pdl\drivers/peripheral/sysclk/cy_sysclk.h **** *   but they are not equivalent.
 277:Generated_Source\PSoC6\pdl\drivers/peripheral/sysclk/cy_sysclk.h **** *
 278:Generated_Source\PSoC6\pdl\drivers/peripheral/sysclk/cy_sysclk.h **** *   - They may have different frequency ranges.
 279:Generated_Source\PSoC6\pdl\drivers/peripheral/sysclk/cy_sysclk.h **** *   - The PLL starts up more slowly and consumes more current than the FLL.
 280:Generated_Source\PSoC6\pdl\drivers/peripheral/sysclk/cy_sysclk.h **** *   - The PLL requires a higher frequency source clock than PLL. 
 281:Generated_Source\PSoC6\pdl\drivers/peripheral/sysclk/cy_sysclk.h **** *   ![](sysclk_pll.png)
 282:Generated_Source\PSoC6\pdl\drivers/peripheral/sysclk/cy_sysclk.h **** *
 283:Generated_Source\PSoC6\pdl\drivers/peripheral/sysclk/cy_sysclk.h **** *   The SysClk driver supports two models for configuring the PLL. The first
 284:Generated_Source\PSoC6\pdl\drivers/peripheral/sysclk/cy_sysclk.h **** *   model is to call the Cy_SysClk_PllConfigure() function, which calculates the 
 285:Generated_Source\PSoC6\pdl\drivers/peripheral/sysclk/cy_sysclk.h **** *   necessary parameters for the PLL at run-time. This may be necessary for dynamic
 286:Generated_Source\PSoC6\pdl\drivers/peripheral/sysclk/cy_sysclk.h **** *   run-time changes to the PLL. However this method is slow as it needs to perform 
 287:Generated_Source\PSoC6\pdl\drivers/peripheral/sysclk/cy_sysclk.h **** *   the calculation before configuring the PLL. The other model is to call 
 288:Generated_Source\PSoC6\pdl\drivers/peripheral/sysclk/cy_sysclk.h **** *   Cy_SysClk_PllManualConfigure() function with pre-calculated parameter values. 
 289:Generated_Source\PSoC6\pdl\drivers/peripheral/sysclk/cy_sysclk.h **** *   This method is faster but requires prior knowledge of the necessary parameters.
 290:Generated_Source\PSoC6\pdl\drivers/peripheral/sysclk/cy_sysclk.h **** *   Consult the device TRM for the PLL calculation equations.
 291:Generated_Source\PSoC6\pdl\drivers/peripheral/sysclk/cy_sysclk.h **** *
 292:Generated_Source\PSoC6\pdl\drivers/peripheral/sysclk/cy_sysclk.h **** *   \defgroup group_sysclk_pll_funcs       Functions
 293:Generated_Source\PSoC6\pdl\drivers/peripheral/sysclk/cy_sysclk.h **** *   \defgroup group_sysclk_pll_structs     Data Structures
 294:Generated_Source\PSoC6\pdl\drivers/peripheral/sysclk/cy_sysclk.h **** * \}
 295:Generated_Source\PSoC6\pdl\drivers/peripheral/sysclk/cy_sysclk.h **** * \defgroup group_sysclk_ilo             Internal Low-Speed Oscillator (ILO)
 296:Generated_Source\PSoC6\pdl\drivers/peripheral/sysclk/cy_sysclk.h **** * \{
 297:Generated_Source\PSoC6\pdl\drivers/peripheral/sysclk/cy_sysclk.h **** *   The ILO operates with no external components and outputs a stable clock at
 298:Generated_Source\PSoC6\pdl\drivers/peripheral/sysclk/cy_sysclk.h **** *   32.768 kHz nominal. The ILO is relatively low power and low accuracy. It is 
 299:Generated_Source\PSoC6\pdl\drivers/peripheral/sysclk/cy_sysclk.h **** *   available in all power modes and can be used as a source for the Backup domain clock.
 300:Generated_Source\PSoC6\pdl\drivers/peripheral/sysclk/cy_sysclk.h **** *   ![](sysclk_backup.png)
 301:Generated_Source\PSoC6\pdl\drivers/peripheral/sysclk/cy_sysclk.h **** *
 302:Generated_Source\PSoC6\pdl\drivers/peripheral/sysclk/cy_sysclk.h **** *   To ensure the ILO remains active in Hibernate mode, and across power-on-reset
 303:Generated_Source\PSoC6\pdl\drivers/peripheral/sysclk/cy_sysclk.h **** *   (POR) or brown out detect (BOD), firmware must call Cy_SysClk_IloHibernateOn(). 
ARM GAS  C:\Users\Finik\AppData\Local\Temp\cctwKBtC.s 			page 10


 304:Generated_Source\PSoC6\pdl\drivers/peripheral/sysclk/cy_sysclk.h **** *
 305:Generated_Source\PSoC6\pdl\drivers/peripheral/sysclk/cy_sysclk.h **** *   Additionally, the ILO clock can be trimmed to +/- 1.5% of nominal frequency using
 306:Generated_Source\PSoC6\pdl\drivers/peripheral/sysclk/cy_sysclk.h **** *   a higher precision clock source. Use the \ref group_sysclk_calclk API to measure 
 307:Generated_Source\PSoC6\pdl\drivers/peripheral/sysclk/cy_sysclk.h **** *   the current ILO frequency before trimming.
 308:Generated_Source\PSoC6\pdl\drivers/peripheral/sysclk/cy_sysclk.h **** *
 309:Generated_Source\PSoC6\pdl\drivers/peripheral/sysclk/cy_sysclk.h **** *   \note The ILO is always the source clock for the \ref group_wdt. Therefore:
 310:Generated_Source\PSoC6\pdl\drivers/peripheral/sysclk/cy_sysclk.h **** *   - The WDT must be unlocked when making an ILO function call in the PDL
 311:Generated_Source\PSoC6\pdl\drivers/peripheral/sysclk/cy_sysclk.h **** *   - It is recommended to always have the ILO enabled
 312:Generated_Source\PSoC6\pdl\drivers/peripheral/sysclk/cy_sysclk.h **** *
 313:Generated_Source\PSoC6\pdl\drivers/peripheral/sysclk/cy_sysclk.h **** *   \defgroup group_sysclk_ilo_funcs       Functions
 314:Generated_Source\PSoC6\pdl\drivers/peripheral/sysclk/cy_sysclk.h **** * \}
 315:Generated_Source\PSoC6\pdl\drivers/peripheral/sysclk/cy_sysclk.h **** * \defgroup group_sysclk_pilo            Precision Internal Low-Speed Oscillator (PILO)
 316:Generated_Source\PSoC6\pdl\drivers/peripheral/sysclk/cy_sysclk.h **** * \{
 317:Generated_Source\PSoC6\pdl\drivers/peripheral/sysclk/cy_sysclk.h **** *   PILO provides a higher accuracy 32.768 kHz clock than the \ref group_sysclk_ilo "ILO".
 318:Generated_Source\PSoC6\pdl\drivers/peripheral/sysclk/cy_sysclk.h **** *   When periodically calibrated using a high-accuracy clock such as the
 319:Generated_Source\PSoC6\pdl\drivers/peripheral/sysclk/cy_sysclk.h **** *   \ref group_sysclk_eco "ECO", the PILO can achieve 250 ppm accuracy of nominal frequency.
 320:Generated_Source\PSoC6\pdl\drivers/peripheral/sysclk/cy_sysclk.h **** *   The PILO is capable of operating in device Active, Sleep and Deep-Sleep power modes. 
 321:Generated_Source\PSoC6\pdl\drivers/peripheral/sysclk/cy_sysclk.h **** *   It is not available in Hibernate mode.
 322:Generated_Source\PSoC6\pdl\drivers/peripheral/sysclk/cy_sysclk.h **** *
 323:Generated_Source\PSoC6\pdl\drivers/peripheral/sysclk/cy_sysclk.h **** *   The PILO can be used as a source for the \ref group_sysclk_clk_lf. However,
 324:Generated_Source\PSoC6\pdl\drivers/peripheral/sysclk/cy_sysclk.h **** *   because PILO is disabled in Hibernate mode, RTC timers cannot operate in this mode
 325:Generated_Source\PSoC6\pdl\drivers/peripheral/sysclk/cy_sysclk.h **** *   when clocked using the PILO. Instead, either the \ref group_sysclk_ilo "ILO" or
 326:Generated_Source\PSoC6\pdl\drivers/peripheral/sysclk/cy_sysclk.h **** *   \ref group_sysclk_wco "WCO" should be used when hibernate operation is required. 
 327:Generated_Source\PSoC6\pdl\drivers/peripheral/sysclk/cy_sysclk.h **** *
 328:Generated_Source\PSoC6\pdl\drivers/peripheral/sysclk/cy_sysclk.h **** *   ![](sysclk_backup.png)
 329:Generated_Source\PSoC6\pdl\drivers/peripheral/sysclk/cy_sysclk.h **** *
 330:Generated_Source\PSoC6\pdl\drivers/peripheral/sysclk/cy_sysclk.h **** *   Periodic calibration to a high-accuracy clock (such as ECO) is required to
 331:Generated_Source\PSoC6\pdl\drivers/peripheral/sysclk/cy_sysclk.h **** *   maintain accuracy. The application should use the functions described in the 
 332:Generated_Source\PSoC6\pdl\drivers/peripheral/sysclk/cy_sysclk.h **** *   \ref group_sysclk_calclk API to measure the current PILO frequency before trimming.
 333:Generated_Source\PSoC6\pdl\drivers/peripheral/sysclk/cy_sysclk.h **** *
 334:Generated_Source\PSoC6\pdl\drivers/peripheral/sysclk/cy_sysclk.h **** *   \defgroup group_sysclk_pilo_funcs      Functions
 335:Generated_Source\PSoC6\pdl\drivers/peripheral/sysclk/cy_sysclk.h **** * \}
 336:Generated_Source\PSoC6\pdl\drivers/peripheral/sysclk/cy_sysclk.h **** * \defgroup group_sysclk_calclk          Clock Measurement
 337:Generated_Source\PSoC6\pdl\drivers/peripheral/sysclk/cy_sysclk.h **** * \{
 338:Generated_Source\PSoC6\pdl\drivers/peripheral/sysclk/cy_sysclk.h **** *   These functions measure the frequency of a specified clock relative to a
 339:Generated_Source\PSoC6\pdl\drivers/peripheral/sysclk/cy_sysclk.h **** *   reference clock. They are typically called in the following order:
 340:Generated_Source\PSoC6\pdl\drivers/peripheral/sysclk/cy_sysclk.h **** *
 341:Generated_Source\PSoC6\pdl\drivers/peripheral/sysclk/cy_sysclk.h **** *   1. Specify the measured clock, the count, and the reference clock
 342:Generated_Source\PSoC6\pdl\drivers/peripheral/sysclk/cy_sysclk.h **** *   2. Start the counters
 343:Generated_Source\PSoC6\pdl\drivers/peripheral/sysclk/cy_sysclk.h **** *   3. Wait for the measurement counter to finish counting
 344:Generated_Source\PSoC6\pdl\drivers/peripheral/sysclk/cy_sysclk.h **** *   4. Retrieve the measured frequency
 345:Generated_Source\PSoC6\pdl\drivers/peripheral/sysclk/cy_sysclk.h **** *
 346:Generated_Source\PSoC6\pdl\drivers/peripheral/sysclk/cy_sysclk.h **** *   \note These functions may also be used as part of a clock trimming
 347:Generated_Source\PSoC6\pdl\drivers/peripheral/sysclk/cy_sysclk.h **** *   process. Refer to the \ref group_sysclk_trim "Clock Trim" API.
 348:Generated_Source\PSoC6\pdl\drivers/peripheral/sysclk/cy_sysclk.h **** *
 349:Generated_Source\PSoC6\pdl\drivers/peripheral/sysclk/cy_sysclk.h **** *   \defgroup group_sysclk_calclk_funcs    Functions
 350:Generated_Source\PSoC6\pdl\drivers/peripheral/sysclk/cy_sysclk.h **** *   \defgroup group_sysclk_calclk_enums    Enumerated Types
 351:Generated_Source\PSoC6\pdl\drivers/peripheral/sysclk/cy_sysclk.h **** * \}
 352:Generated_Source\PSoC6\pdl\drivers/peripheral/sysclk/cy_sysclk.h **** * \defgroup group_sysclk_trim            Clock Trim (ILO, PILO)
 353:Generated_Source\PSoC6\pdl\drivers/peripheral/sysclk/cy_sysclk.h **** * \{
 354:Generated_Source\PSoC6\pdl\drivers/peripheral/sysclk/cy_sysclk.h **** *   These functions perform a single trim operation on the ILO or PILO. Each
 355:Generated_Source\PSoC6\pdl\drivers/peripheral/sysclk/cy_sysclk.h **** *   function's parameter is the actual frequency of the clock. To measure the
 356:Generated_Source\PSoC6\pdl\drivers/peripheral/sysclk/cy_sysclk.h **** *   frequency, use the functions described in the \ref group_sysclk_calclk API.
 357:Generated_Source\PSoC6\pdl\drivers/peripheral/sysclk/cy_sysclk.h **** *
 358:Generated_Source\PSoC6\pdl\drivers/peripheral/sysclk/cy_sysclk.h **** *   To trim the clock as close as possible to the target frequency, multiple
 359:Generated_Source\PSoC6\pdl\drivers/peripheral/sysclk/cy_sysclk.h **** *   calls to the trim function may be needed. A typical usage example is to:
 360:Generated_Source\PSoC6\pdl\drivers/peripheral/sysclk/cy_sysclk.h **** *   1. Call the clock measurement functions to get the actual frequency of the clock
ARM GAS  C:\Users\Finik\AppData\Local\Temp\cctwKBtC.s 			page 11


 361:Generated_Source\PSoC6\pdl\drivers/peripheral/sysclk/cy_sysclk.h **** *   2. Call the trim function, passing in the measured frequency
 362:Generated_Source\PSoC6\pdl\drivers/peripheral/sysclk/cy_sysclk.h **** *   3. Repeat the above until the trim function reports that the clock is trimmed to within limits.
 363:Generated_Source\PSoC6\pdl\drivers/peripheral/sysclk/cy_sysclk.h **** *
 364:Generated_Source\PSoC6\pdl\drivers/peripheral/sysclk/cy_sysclk.h **** *   \defgroup group_sysclk_trim_funcs      Functions
 365:Generated_Source\PSoC6\pdl\drivers/peripheral/sysclk/cy_sysclk.h **** * \}
 366:Generated_Source\PSoC6\pdl\drivers/peripheral/sysclk/cy_sysclk.h **** * \defgroup group_sysclk_pm              Low Power Callback
 367:Generated_Source\PSoC6\pdl\drivers/peripheral/sysclk/cy_sysclk.h **** * \{
 368:Generated_Source\PSoC6\pdl\drivers/peripheral/sysclk/cy_sysclk.h **** *   Entering and exiting low power modes require compatible clock configurations
 369:Generated_Source\PSoC6\pdl\drivers/peripheral/sysclk/cy_sysclk.h **** *   to be set before entering low power and restored upon wake-up and exit. The
 370:Generated_Source\PSoC6\pdl\drivers/peripheral/sysclk/cy_sysclk.h **** *   SysClk driver provides a Cy_SysClk_DeepSleepCallback() function to support
 371:Generated_Source\PSoC6\pdl\drivers/peripheral/sysclk/cy_sysclk.h **** *   deep-sleep mode entry. 
 372:Generated_Source\PSoC6\pdl\drivers/peripheral/sysclk/cy_sysclk.h **** *
 373:Generated_Source\PSoC6\pdl\drivers/peripheral/sysclk/cy_sysclk.h **** *   This function can be called either by itself before initiating low-power mode
 374:Generated_Source\PSoC6\pdl\drivers/peripheral/sysclk/cy_sysclk.h **** *   entry or it can be used in conjunction with the SysPm driver as a registered 
 375:Generated_Source\PSoC6\pdl\drivers/peripheral/sysclk/cy_sysclk.h **** *   callback. To do so, register this function as a callback before calling 
 376:Generated_Source\PSoC6\pdl\drivers/peripheral/sysclk/cy_sysclk.h **** *   Cy_SysPm_DeepSleep(). Specify \ref CY_SYSPM_DEEPSLEEP as the callback type, 
 377:Generated_Source\PSoC6\pdl\drivers/peripheral/sysclk/cy_sysclk.h **** *   and call Cy_SysPm_RegisterCallback().
 378:Generated_Source\PSoC6\pdl\drivers/peripheral/sysclk/cy_sysclk.h **** *   
 379:Generated_Source\PSoC6\pdl\drivers/peripheral/sysclk/cy_sysclk.h **** *   \note If the FLL or PLL source is the ECO, this function must be called.
 380:Generated_Source\PSoC6\pdl\drivers/peripheral/sysclk/cy_sysclk.h **** *
 381:Generated_Source\PSoC6\pdl\drivers/peripheral/sysclk/cy_sysclk.h **** *   \defgroup group_sysclk_pm_funcs        Functions
 382:Generated_Source\PSoC6\pdl\drivers/peripheral/sysclk/cy_sysclk.h **** * \}
 383:Generated_Source\PSoC6\pdl\drivers/peripheral/sysclk/cy_sysclk.h **** * \defgroup group_sysclk_wco             Watch Crystal Oscillator (WCO)
 384:Generated_Source\PSoC6\pdl\drivers/peripheral/sysclk/cy_sysclk.h **** * \{
 385:Generated_Source\PSoC6\pdl\drivers/peripheral/sysclk/cy_sysclk.h **** *   The WCO is a highly accurate 32.768 kHz clock source capable of operating
 386:Generated_Source\PSoC6\pdl\drivers/peripheral/sysclk/cy_sysclk.h **** *   in all power modes (excluding the Off mode). It is the primary clock source for
 387:Generated_Source\PSoC6\pdl\drivers/peripheral/sysclk/cy_sysclk.h **** *   the backup domain clock, which is used by the real-time clock (RTC). The 
 388:Generated_Source\PSoC6\pdl\drivers/peripheral/sysclk/cy_sysclk.h **** *   WCO can also be used as a source for the low-frequency clock to support other
 389:Generated_Source\PSoC6\pdl\drivers/peripheral/sysclk/cy_sysclk.h **** *   low power mode peripherals.
 390:Generated_Source\PSoC6\pdl\drivers/peripheral/sysclk/cy_sysclk.h **** *
 391:Generated_Source\PSoC6\pdl\drivers/peripheral/sysclk/cy_sysclk.h **** *   ![](sysclk_backup.png)
 392:Generated_Source\PSoC6\pdl\drivers/peripheral/sysclk/cy_sysclk.h **** *
 393:Generated_Source\PSoC6\pdl\drivers/peripheral/sysclk/cy_sysclk.h **** *   The WCO requires the configuration of the dedicated WCO pins (SRSS_WCO_IN_PIN,
 394:Generated_Source\PSoC6\pdl\drivers/peripheral/sysclk/cy_sysclk.h **** *   SRSS_WCO_OUT_PIN). These must be configured as Analog Hi-Z drive modes and the
 395:Generated_Source\PSoC6\pdl\drivers/peripheral/sysclk/cy_sysclk.h **** *   HSIOM selection set to GPIO. The WCO can also be used in bypass mode, where
 396:Generated_Source\PSoC6\pdl\drivers/peripheral/sysclk/cy_sysclk.h **** *   an external 32.768 kHz square wave is brought in directly through the 
 397:Generated_Source\PSoC6\pdl\drivers/peripheral/sysclk/cy_sysclk.h **** *   SRSS_WCO_OUT_PIN pin.
 398:Generated_Source\PSoC6\pdl\drivers/peripheral/sysclk/cy_sysclk.h **** *
 399:Generated_Source\PSoC6\pdl\drivers/peripheral/sysclk/cy_sysclk.h **** *   Some devices support a built-in clock supervisor (CSV) in the WCO. The clock
 400:Generated_Source\PSoC6\pdl\drivers/peripheral/sysclk/cy_sysclk.h **** *   supervisor detects if the WCO has been lost; that is, the WCO is no longer 
 401:Generated_Source\PSoC6\pdl\drivers/peripheral/sysclk/cy_sysclk.h **** *   producing clock pulses. The CSV does this by checking to ensure there is at 
 402:Generated_Source\PSoC6\pdl\drivers/peripheral/sysclk/cy_sysclk.h **** *   least one WCO clock pulse within a certain time window. The ILO or PILO can be
 403:Generated_Source\PSoC6\pdl\drivers/peripheral/sysclk/cy_sysclk.h **** *   the supervising clock. Firmware can configure the CSV to trigger a fault,
 404:Generated_Source\PSoC6\pdl\drivers/peripheral/sysclk/cy_sysclk.h **** *   a reset, or both after specified cycles of the supervising clock.
 405:Generated_Source\PSoC6\pdl\drivers/peripheral/sysclk/cy_sysclk.h **** *
 406:Generated_Source\PSoC6\pdl\drivers/peripheral/sysclk/cy_sysclk.h **** *   \defgroup group_sysclk_wco_funcs       Functions
 407:Generated_Source\PSoC6\pdl\drivers/peripheral/sysclk/cy_sysclk.h **** *   \defgroup group_sysclk_wco_structs     Data Structures
 408:Generated_Source\PSoC6\pdl\drivers/peripheral/sysclk/cy_sysclk.h **** *   \defgroup group_sysclk_wco_enums       Enumerated Types
 409:Generated_Source\PSoC6\pdl\drivers/peripheral/sysclk/cy_sysclk.h **** * \}
 410:Generated_Source\PSoC6\pdl\drivers/peripheral/sysclk/cy_sysclk.h **** * \defgroup group_sysclk_clk_hf          High-Frequency Clocks
 411:Generated_Source\PSoC6\pdl\drivers/peripheral/sysclk/cy_sysclk.h **** * \{
 412:Generated_Source\PSoC6\pdl\drivers/peripheral/sysclk/cy_sysclk.h **** *   Multiple high frequency clocks (CLK_HF) are available in the device. For example,
 413:Generated_Source\PSoC6\pdl\drivers/peripheral/sysclk/cy_sysclk.h **** *   PSoC 63 series has five high-frequency root clocks. Each CLK_HF has a particular
 414:Generated_Source\PSoC6\pdl\drivers/peripheral/sysclk/cy_sysclk.h **** *   connection and chip-specific destination on the device.
 415:Generated_Source\PSoC6\pdl\drivers/peripheral/sysclk/cy_sysclk.h **** *
 416:Generated_Source\PSoC6\pdl\drivers/peripheral/sysclk/cy_sysclk.h **** *   |Name     |Description                                             |
 417:Generated_Source\PSoC6\pdl\drivers/peripheral/sysclk/cy_sysclk.h **** *   |:--------|:-------------------------------------------------------|
ARM GAS  C:\Users\Finik\AppData\Local\Temp\cctwKBtC.s 			page 12


 418:Generated_Source\PSoC6\pdl\drivers/peripheral/sysclk/cy_sysclk.h **** *   |CLK_HF[0]| Root clock for CPUs, PERI, and AHB infrastructure      |
 419:Generated_Source\PSoC6\pdl\drivers/peripheral/sysclk/cy_sysclk.h **** *   |CLK_HF[1]| Root clock for the PDM/PCM and I2S audio subsystem     |
 420:Generated_Source\PSoC6\pdl\drivers/peripheral/sysclk/cy_sysclk.h **** *   |CLK_HF[2]| Root clock for the Serial Memory Interface subsystem   |
 421:Generated_Source\PSoC6\pdl\drivers/peripheral/sysclk/cy_sysclk.h **** *   |CLK_HF[3]| Root clock for USB communications                      |
 422:Generated_Source\PSoC6\pdl\drivers/peripheral/sysclk/cy_sysclk.h **** *   |CLK_HF[4]| Clock output on clk_ext pin (when used as an output)   |
 423:Generated_Source\PSoC6\pdl\drivers/peripheral/sysclk/cy_sysclk.h **** *
 424:Generated_Source\PSoC6\pdl\drivers/peripheral/sysclk/cy_sysclk.h **** *   ![](sysclk_hf.png)
 425:Generated_Source\PSoC6\pdl\drivers/peripheral/sysclk/cy_sysclk.h **** *
 426:Generated_Source\PSoC6\pdl\drivers/peripheral/sysclk/cy_sysclk.h **** *   Note this is a particular example. The actual tree may vary depending on the device series.
 427:Generated_Source\PSoC6\pdl\drivers/peripheral/sysclk/cy_sysclk.h **** *   Consult the Technical Reference Manual for your device for details.
 428:Generated_Source\PSoC6\pdl\drivers/peripheral/sysclk/cy_sysclk.h **** *   
 429:Generated_Source\PSoC6\pdl\drivers/peripheral/sysclk/cy_sysclk.h **** *   High frequency clocks are sourced by path clocks, which should be configured
 430:Generated_Source\PSoC6\pdl\drivers/peripheral/sysclk/cy_sysclk.h **** *   first. An exception to this rule is CLK_HF[0], which cannot be disabled. 
 431:Generated_Source\PSoC6\pdl\drivers/peripheral/sysclk/cy_sysclk.h **** *   This divided clock drives the core processors and the peripherals in the system.
 432:Generated_Source\PSoC6\pdl\drivers/peripheral/sysclk/cy_sysclk.h **** *   In order to update its clock source, CLK_HF[0] source must be selected without
 433:Generated_Source\PSoC6\pdl\drivers/peripheral/sysclk/cy_sysclk.h **** *   disabling the clock.
 434:Generated_Source\PSoC6\pdl\drivers/peripheral/sysclk/cy_sysclk.h **** *
 435:Generated_Source\PSoC6\pdl\drivers/peripheral/sysclk/cy_sysclk.h **** *   ![](sysclk_hf_dist.png)
 436:Generated_Source\PSoC6\pdl\drivers/peripheral/sysclk/cy_sysclk.h **** *
 437:Generated_Source\PSoC6\pdl\drivers/peripheral/sysclk/cy_sysclk.h **** *   Some devices support a clock supervisor (CSV) for each root clock. These
 438:Generated_Source\PSoC6\pdl\drivers/peripheral/sysclk/cy_sysclk.h **** *   can detect frequency loss, or monitor that the clock frequency stays within
 439:Generated_Source\PSoC6\pdl\drivers/peripheral/sysclk/cy_sysclk.h **** *   a specified range. The possible supervising clocks are IMO, ECO, or ALTHF. 
 440:Generated_Source\PSoC6\pdl\drivers/peripheral/sysclk/cy_sysclk.h **** *   Loss detection and frequency monitoring can be enabled or disabled independently.
 441:Generated_Source\PSoC6\pdl\drivers/peripheral/sysclk/cy_sysclk.h **** *   Each has its own programmable action that occurs on detection of an error.
 442:Generated_Source\PSoC6\pdl\drivers/peripheral/sysclk/cy_sysclk.h **** *
 443:Generated_Source\PSoC6\pdl\drivers/peripheral/sysclk/cy_sysclk.h **** *   \defgroup group_sysclk_clk_hf_funcs    Functions
 444:Generated_Source\PSoC6\pdl\drivers/peripheral/sysclk/cy_sysclk.h **** *   \defgroup group_sysclk_clk_hf_structs  Data Structures
 445:Generated_Source\PSoC6\pdl\drivers/peripheral/sysclk/cy_sysclk.h **** *   \defgroup group_sysclk_clk_hf_enums    Enumerated Types
 446:Generated_Source\PSoC6\pdl\drivers/peripheral/sysclk/cy_sysclk.h **** * \}
 447:Generated_Source\PSoC6\pdl\drivers/peripheral/sysclk/cy_sysclk.h **** * \defgroup group_sysclk_clk_fast        Fast Clock
 448:Generated_Source\PSoC6\pdl\drivers/peripheral/sysclk/cy_sysclk.h **** * \{
 449:Generated_Source\PSoC6\pdl\drivers/peripheral/sysclk/cy_sysclk.h **** *   The fast clock drives the "fast" processor (e.g. Cortex-M4 processor in PSoC 6).
 450:Generated_Source\PSoC6\pdl\drivers/peripheral/sysclk/cy_sysclk.h **** *   This clock is sourced by CLK_HF[0] (\ref group_sysclk_clk_hf "HF Clocks").
 451:Generated_Source\PSoC6\pdl\drivers/peripheral/sysclk/cy_sysclk.h **** *   A divider value of 1~256 can be used to further divide the CLK_HF[0] to a
 452:Generated_Source\PSoC6\pdl\drivers/peripheral/sysclk/cy_sysclk.h **** *   desired clock speed for the processor.
 453:Generated_Source\PSoC6\pdl\drivers/peripheral/sysclk/cy_sysclk.h **** *
 454:Generated_Source\PSoC6\pdl\drivers/peripheral/sysclk/cy_sysclk.h **** *   ![](sysclk_fast.png)
 455:Generated_Source\PSoC6\pdl\drivers/peripheral/sysclk/cy_sysclk.h **** *
 456:Generated_Source\PSoC6\pdl\drivers/peripheral/sysclk/cy_sysclk.h **** *   \defgroup group_sysclk_clk_fast_funcs  Functions
 457:Generated_Source\PSoC6\pdl\drivers/peripheral/sysclk/cy_sysclk.h **** * \}
 458:Generated_Source\PSoC6\pdl\drivers/peripheral/sysclk/cy_sysclk.h **** * \defgroup group_sysclk_clk_peri        Peripheral Clock
 459:Generated_Source\PSoC6\pdl\drivers/peripheral/sysclk/cy_sysclk.h **** * \{
 460:Generated_Source\PSoC6\pdl\drivers/peripheral/sysclk/cy_sysclk.h **** *   The peripheral clock is a divided clock of CLK_HF0 (\ref group_sysclk_clk_hf "HF Clocks").
 461:Generated_Source\PSoC6\pdl\drivers/peripheral/sysclk/cy_sysclk.h **** *   It is the source clock for the \ref group_sysclk_clk_slow, and most active domain
 462:Generated_Source\PSoC6\pdl\drivers/peripheral/sysclk/cy_sysclk.h **** *   peripheral clocks (\ref group_sysclk_clk_peripheral). A divider value of 1~256 
 463:Generated_Source\PSoC6\pdl\drivers/peripheral/sysclk/cy_sysclk.h **** *   can be used to further divide the CLK_HF[0] to a desired clock speed for the peripherals.
 464:Generated_Source\PSoC6\pdl\drivers/peripheral/sysclk/cy_sysclk.h **** *
 465:Generated_Source\PSoC6\pdl\drivers/peripheral/sysclk/cy_sysclk.h **** *   ![](sysclk_peri.png)
 466:Generated_Source\PSoC6\pdl\drivers/peripheral/sysclk/cy_sysclk.h **** *
 467:Generated_Source\PSoC6\pdl\drivers/peripheral/sysclk/cy_sysclk.h **** *   \defgroup group_sysclk_clk_peri_funcs  Functions
 468:Generated_Source\PSoC6\pdl\drivers/peripheral/sysclk/cy_sysclk.h **** * \}
 469:Generated_Source\PSoC6\pdl\drivers/peripheral/sysclk/cy_sysclk.h **** * \defgroup group_sysclk_clk_peripheral  Peripherals Clock Dividers
 470:Generated_Source\PSoC6\pdl\drivers/peripheral/sysclk/cy_sysclk.h **** * \{
 471:Generated_Source\PSoC6\pdl\drivers/peripheral/sysclk/cy_sysclk.h **** *   There are multiple peripheral clock dividers that, in effect, create 
 472:Generated_Source\PSoC6\pdl\drivers/peripheral/sysclk/cy_sysclk.h **** *   multiple separate peripheral clocks. The available dividers vary per device 
 473:Generated_Source\PSoC6\pdl\drivers/peripheral/sysclk/cy_sysclk.h **** *   series. As an example, for the PSoC 63 series there are 29 dividers:
 474:Generated_Source\PSoC6\pdl\drivers/peripheral/sysclk/cy_sysclk.h **** *
ARM GAS  C:\Users\Finik\AppData\Local\Temp\cctwKBtC.s 			page 13


 475:Generated_Source\PSoC6\pdl\drivers/peripheral/sysclk/cy_sysclk.h **** *   - eight 8-bit dividers
 476:Generated_Source\PSoC6\pdl\drivers/peripheral/sysclk/cy_sysclk.h **** *   - sixteen 16-bit dividers
 477:Generated_Source\PSoC6\pdl\drivers/peripheral/sysclk/cy_sysclk.h **** *   - four fractional 16.5-bit dividers (16 integer bits, 5 fractional bits)
 478:Generated_Source\PSoC6\pdl\drivers/peripheral/sysclk/cy_sysclk.h **** *   - one fractional 24.5-bit divider (24 integer bits, 5 fractional bits)
 479:Generated_Source\PSoC6\pdl\drivers/peripheral/sysclk/cy_sysclk.h **** *
 480:Generated_Source\PSoC6\pdl\drivers/peripheral/sysclk/cy_sysclk.h **** *
 481:Generated_Source\PSoC6\pdl\drivers/peripheral/sysclk/cy_sysclk.h **** *   The 8-bit and 16-bit dividers are integer dividers. A divider value of 1 
 482:Generated_Source\PSoC6\pdl\drivers/peripheral/sysclk/cy_sysclk.h **** *   means the output frequency matches the input frequency (that is, there is
 483:Generated_Source\PSoC6\pdl\drivers/peripheral/sysclk/cy_sysclk.h **** *   no change). Otherwise the frequency is divided by the value of the divider.
 484:Generated_Source\PSoC6\pdl\drivers/peripheral/sysclk/cy_sysclk.h **** *   For example, if the input frequency is 50 MHz, and the divider is value 10,
 485:Generated_Source\PSoC6\pdl\drivers/peripheral/sysclk/cy_sysclk.h **** *   the output frequency is 5 MHz.
 486:Generated_Source\PSoC6\pdl\drivers/peripheral/sysclk/cy_sysclk.h **** *
 487:Generated_Source\PSoC6\pdl\drivers/peripheral/sysclk/cy_sysclk.h **** *   The five fractional bits supports further precision in 1/32nd increments. For
 488:Generated_Source\PSoC6\pdl\drivers/peripheral/sysclk/cy_sysclk.h **** *   example, a divider with an integer value of 3 and a fractional value of
 489:Generated_Source\PSoC6\pdl\drivers/peripheral/sysclk/cy_sysclk.h **** *   4 (4/32) results in a divider of 3.125. Fractional dividers are useful when
 490:Generated_Source\PSoC6\pdl\drivers/peripheral/sysclk/cy_sysclk.h **** *   a high-precision clock is required, for example, for a UART/SPI serial
 491:Generated_Source\PSoC6\pdl\drivers/peripheral/sysclk/cy_sysclk.h **** *   interface.
 492:Generated_Source\PSoC6\pdl\drivers/peripheral/sysclk/cy_sysclk.h **** *
 493:Generated_Source\PSoC6\pdl\drivers/peripheral/sysclk/cy_sysclk.h **** *   ![](sysclk_peri_divs.png)
 494:Generated_Source\PSoC6\pdl\drivers/peripheral/sysclk/cy_sysclk.h **** *
 495:Generated_Source\PSoC6\pdl\drivers/peripheral/sysclk/cy_sysclk.h **** *   Each peripheral can connect to any one of the programmable dividers. A
 496:Generated_Source\PSoC6\pdl\drivers/peripheral/sysclk/cy_sysclk.h **** *   particular peripheral clock divider can drive multiple peripherals.
 497:Generated_Source\PSoC6\pdl\drivers/peripheral/sysclk/cy_sysclk.h **** *   
 498:Generated_Source\PSoC6\pdl\drivers/peripheral/sysclk/cy_sysclk.h **** *   The SysClk driver also supports phase aligning two peripheral clock dividers using
 499:Generated_Source\PSoC6\pdl\drivers/peripheral/sysclk/cy_sysclk.h **** *   Cy_SysClk_PeriphEnablePhaseAlignDivider(). Alignment works for both integer
 500:Generated_Source\PSoC6\pdl\drivers/peripheral/sysclk/cy_sysclk.h **** *   and fractional dividers. The divider to which a second divider is aligned
 501:Generated_Source\PSoC6\pdl\drivers/peripheral/sysclk/cy_sysclk.h **** *   must already be enabled.
 502:Generated_Source\PSoC6\pdl\drivers/peripheral/sysclk/cy_sysclk.h **** *
 503:Generated_Source\PSoC6\pdl\drivers/peripheral/sysclk/cy_sysclk.h **** *   \defgroup group_sysclk_clk_peripheral_funcs Functions
 504:Generated_Source\PSoC6\pdl\drivers/peripheral/sysclk/cy_sysclk.h **** *   \defgroup group_sysclk_clk_peripheral_enums Enumerated Types
 505:Generated_Source\PSoC6\pdl\drivers/peripheral/sysclk/cy_sysclk.h **** * \}
 506:Generated_Source\PSoC6\pdl\drivers/peripheral/sysclk/cy_sysclk.h **** * \defgroup group_sysclk_clk_slow        Slow Clock
 507:Generated_Source\PSoC6\pdl\drivers/peripheral/sysclk/cy_sysclk.h **** * \{
 508:Generated_Source\PSoC6\pdl\drivers/peripheral/sysclk/cy_sysclk.h **** *   The slow clock is the source clock for the "slow" processor (e.g. Cortex-M0+ in PSoC 6).
 509:Generated_Source\PSoC6\pdl\drivers/peripheral/sysclk/cy_sysclk.h **** *   This clock is a divided version of the \ref group_sysclk_clk_peri, which in turn is 
 510:Generated_Source\PSoC6\pdl\drivers/peripheral/sysclk/cy_sysclk.h **** *   a divided version of CLK_HF[0] (\ref group_sysclk_clk_hf "HF Clocks"). A divider 
 511:Generated_Source\PSoC6\pdl\drivers/peripheral/sysclk/cy_sysclk.h **** *   value of 1~256 can be used to further divide the Peri clock to a desired clock speed
 512:Generated_Source\PSoC6\pdl\drivers/peripheral/sysclk/cy_sysclk.h **** *   for the processor.
 513:Generated_Source\PSoC6\pdl\drivers/peripheral/sysclk/cy_sysclk.h **** *
 514:Generated_Source\PSoC6\pdl\drivers/peripheral/sysclk/cy_sysclk.h **** *   ![](sysclk_slow.png)
 515:Generated_Source\PSoC6\pdl\drivers/peripheral/sysclk/cy_sysclk.h **** *
 516:Generated_Source\PSoC6\pdl\drivers/peripheral/sysclk/cy_sysclk.h **** *   \defgroup group_sysclk_clk_slow_funcs  Functions
 517:Generated_Source\PSoC6\pdl\drivers/peripheral/sysclk/cy_sysclk.h **** * \}
 518:Generated_Source\PSoC6\pdl\drivers/peripheral/sysclk/cy_sysclk.h **** * \defgroup group_sysclk_clk_lf          Low-Frequency Clock
 519:Generated_Source\PSoC6\pdl\drivers/peripheral/sysclk/cy_sysclk.h **** * \{
 520:Generated_Source\PSoC6\pdl\drivers/peripheral/sysclk/cy_sysclk.h **** *   The low-frequency clock is the source clock for the \ref group_mcwdt
 521:Generated_Source\PSoC6\pdl\drivers/peripheral/sysclk/cy_sysclk.h **** *   and can be the source clock for \ref group_sysclk_clk_bak, which drives the
 522:Generated_Source\PSoC6\pdl\drivers/peripheral/sysclk/cy_sysclk.h **** *   \ref group_rtc.
 523:Generated_Source\PSoC6\pdl\drivers/peripheral/sysclk/cy_sysclk.h **** *   
 524:Generated_Source\PSoC6\pdl\drivers/peripheral/sysclk/cy_sysclk.h **** *   The low-frequency clock has three possible source clocks:
 525:Generated_Source\PSoC6\pdl\drivers/peripheral/sysclk/cy_sysclk.h **** *   \ref group_sysclk_ilo "ILO", \ref group_sysclk_pilo "PILO", and
 526:Generated_Source\PSoC6\pdl\drivers/peripheral/sysclk/cy_sysclk.h **** *   \ref group_sysclk_wco "WCO".
 527:Generated_Source\PSoC6\pdl\drivers/peripheral/sysclk/cy_sysclk.h **** *
 528:Generated_Source\PSoC6\pdl\drivers/peripheral/sysclk/cy_sysclk.h **** *   ![](sysclk_lf.png)
 529:Generated_Source\PSoC6\pdl\drivers/peripheral/sysclk/cy_sysclk.h **** *
 530:Generated_Source\PSoC6\pdl\drivers/peripheral/sysclk/cy_sysclk.h **** *   \defgroup group_sysclk_clk_lf_funcs    Functions
 531:Generated_Source\PSoC6\pdl\drivers/peripheral/sysclk/cy_sysclk.h **** *   \defgroup group_sysclk_clk_lf_enums    Enumerated Types
ARM GAS  C:\Users\Finik\AppData\Local\Temp\cctwKBtC.s 			page 14


 532:Generated_Source\PSoC6\pdl\drivers/peripheral/sysclk/cy_sysclk.h **** * \}
 533:Generated_Source\PSoC6\pdl\drivers/peripheral/sysclk/cy_sysclk.h **** * \defgroup group_sysclk_clk_timer       Timer Clock
 534:Generated_Source\PSoC6\pdl\drivers/peripheral/sysclk/cy_sysclk.h **** * \{
 535:Generated_Source\PSoC6\pdl\drivers/peripheral/sysclk/cy_sysclk.h **** *   The timer clock can be a source for the alternative clock driving 
 536:Generated_Source\PSoC6\pdl\drivers/peripheral/sysclk/cy_sysclk.h **** *   the \ref group_arm_system_timer. It can also be used as a reference clock 
 537:Generated_Source\PSoC6\pdl\drivers/peripheral/sysclk/cy_sysclk.h **** *   for a counter in the \ref group_energy_profiler "Energy Profiler".
 538:Generated_Source\PSoC6\pdl\drivers/peripheral/sysclk/cy_sysclk.h **** *   
 539:Generated_Source\PSoC6\pdl\drivers/peripheral/sysclk/cy_sysclk.h **** *   The timer clock is a divided clock of either the IMO or CLK_HF[0]
 540:Generated_Source\PSoC6\pdl\drivers/peripheral/sysclk/cy_sysclk.h **** *   (\ref group_sysclk_clk_hf "HF Clocks").
 541:Generated_Source\PSoC6\pdl\drivers/peripheral/sysclk/cy_sysclk.h **** *
 542:Generated_Source\PSoC6\pdl\drivers/peripheral/sysclk/cy_sysclk.h **** *   \defgroup group_sysclk_clk_timer_funcs Functions
 543:Generated_Source\PSoC6\pdl\drivers/peripheral/sysclk/cy_sysclk.h **** *   \defgroup group_sysclk_clk_timer_enums Enumerated Types
 544:Generated_Source\PSoC6\pdl\drivers/peripheral/sysclk/cy_sysclk.h **** * \}
 545:Generated_Source\PSoC6\pdl\drivers/peripheral/sysclk/cy_sysclk.h **** * \defgroup group_sysclk_clk_pump        Pump Clock
 546:Generated_Source\PSoC6\pdl\drivers/peripheral/sysclk/cy_sysclk.h **** * \{
 547:Generated_Source\PSoC6\pdl\drivers/peripheral/sysclk/cy_sysclk.h **** *   The pump clock is a clock source used to provide analog precision in low voltage
 548:Generated_Source\PSoC6\pdl\drivers/peripheral/sysclk/cy_sysclk.h **** *   applications. Depending on the usage scenario, it may be required to drive the
 549:Generated_Source\PSoC6\pdl\drivers/peripheral/sysclk/cy_sysclk.h **** *   internal voltage pump for the Continuous Time Block mini (CTBm) in the analog 
 550:Generated_Source\PSoC6\pdl\drivers/peripheral/sysclk/cy_sysclk.h **** *   subsystem. The pump clock is a divided clock of one of the clock paths 
 551:Generated_Source\PSoC6\pdl\drivers/peripheral/sysclk/cy_sysclk.h **** *   (\ref group_sysclk_path_src).
 552:Generated_Source\PSoC6\pdl\drivers/peripheral/sysclk/cy_sysclk.h **** *
 553:Generated_Source\PSoC6\pdl\drivers/peripheral/sysclk/cy_sysclk.h **** *   \defgroup group_sysclk_clk_pump_funcs  Functions
 554:Generated_Source\PSoC6\pdl\drivers/peripheral/sysclk/cy_sysclk.h **** *   \defgroup group_sysclk_clk_pump_enums  Enumerated Types
 555:Generated_Source\PSoC6\pdl\drivers/peripheral/sysclk/cy_sysclk.h **** * \}
 556:Generated_Source\PSoC6\pdl\drivers/peripheral/sysclk/cy_sysclk.h **** * \defgroup group_sysclk_clk_bak         Backup Domain Clock
 557:Generated_Source\PSoC6\pdl\drivers/peripheral/sysclk/cy_sysclk.h **** * \{
 558:Generated_Source\PSoC6\pdl\drivers/peripheral/sysclk/cy_sysclk.h **** *   The backup domain clock drives the \ref group_rtc.
 559:Generated_Source\PSoC6\pdl\drivers/peripheral/sysclk/cy_sysclk.h **** *   This clock has two possible source clocks: \ref group_sysclk_wco "WCO"
 560:Generated_Source\PSoC6\pdl\drivers/peripheral/sysclk/cy_sysclk.h **** *   or the \ref group_sysclk_clk_lf. In turn the low frequency clock is sourced by
 561:Generated_Source\PSoC6\pdl\drivers/peripheral/sysclk/cy_sysclk.h **** *   \ref group_sysclk_ilo "ILO", \ref group_sysclk_pilo "PILO", or
 562:Generated_Source\PSoC6\pdl\drivers/peripheral/sysclk/cy_sysclk.h **** *   \ref group_sysclk_wco "WCO". Typically the ILO is not suitable as an RTC source,
 563:Generated_Source\PSoC6\pdl\drivers/peripheral/sysclk/cy_sysclk.h **** *   because of its low accuracy. However the ILO does operate in hibernate mode and
 564:Generated_Source\PSoC6\pdl\drivers/peripheral/sysclk/cy_sysclk.h **** *   may be used as an alternative to the WCO with a tradeoff in precision.
 565:Generated_Source\PSoC6\pdl\drivers/peripheral/sysclk/cy_sysclk.h **** *
 566:Generated_Source\PSoC6\pdl\drivers/peripheral/sysclk/cy_sysclk.h **** *   \defgroup group_sysclk_clk_bak_funcs   Functions
 567:Generated_Source\PSoC6\pdl\drivers/peripheral/sysclk/cy_sysclk.h **** *   \defgroup group_sysclk_clk_bak_enums   Enumerated Types
 568:Generated_Source\PSoC6\pdl\drivers/peripheral/sysclk/cy_sysclk.h **** * \}
 569:Generated_Source\PSoC6\pdl\drivers/peripheral/sysclk/cy_sysclk.h **** */
 570:Generated_Source\PSoC6\pdl\drivers/peripheral/sysclk/cy_sysclk.h **** 
 571:Generated_Source\PSoC6\pdl\drivers/peripheral/sysclk/cy_sysclk.h **** #if !defined(CY_SYSCLK_H)
 572:Generated_Source\PSoC6\pdl\drivers/peripheral/sysclk/cy_sysclk.h **** #define CY_SYSCLK_H
 573:Generated_Source\PSoC6\pdl\drivers/peripheral/sysclk/cy_sysclk.h **** 
 574:Generated_Source\PSoC6\pdl\drivers/peripheral/sysclk/cy_sysclk.h **** #include <stdbool.h>
 575:Generated_Source\PSoC6\pdl\drivers/peripheral/sysclk/cy_sysclk.h **** #include "cy_device.h"
 576:Generated_Source\PSoC6\pdl\drivers/peripheral/sysclk/cy_sysclk.h **** #include "cy_device_headers.h"
 577:Generated_Source\PSoC6\pdl\drivers/peripheral/sysclk/cy_sysclk.h **** #include "cy_syslib.h"
 578:Generated_Source\PSoC6\pdl\drivers/peripheral/sysclk/cy_sysclk.h **** #include "cy_syspm.h"
 579:Generated_Source\PSoC6\pdl\drivers/peripheral/sysclk/cy_sysclk.h **** 
 580:Generated_Source\PSoC6\pdl\drivers/peripheral/sysclk/cy_sysclk.h **** 
 581:Generated_Source\PSoC6\pdl\drivers/peripheral/sysclk/cy_sysclk.h **** #if defined(__cplusplus)
 582:Generated_Source\PSoC6\pdl\drivers/peripheral/sysclk/cy_sysclk.h **** extern "C" {
 583:Generated_Source\PSoC6\pdl\drivers/peripheral/sysclk/cy_sysclk.h **** #endif /* __cplusplus */
 584:Generated_Source\PSoC6\pdl\drivers/peripheral/sysclk/cy_sysclk.h **** 
 585:Generated_Source\PSoC6\pdl\drivers/peripheral/sysclk/cy_sysclk.h **** /**
 586:Generated_Source\PSoC6\pdl\drivers/peripheral/sysclk/cy_sysclk.h **** * \addtogroup group_sysclk_macros
 587:Generated_Source\PSoC6\pdl\drivers/peripheral/sysclk/cy_sysclk.h **** * \{
 588:Generated_Source\PSoC6\pdl\drivers/peripheral/sysclk/cy_sysclk.h **** */
ARM GAS  C:\Users\Finik\AppData\Local\Temp\cctwKBtC.s 			page 15


 589:Generated_Source\PSoC6\pdl\drivers/peripheral/sysclk/cy_sysclk.h **** /** Driver major version */
 590:Generated_Source\PSoC6\pdl\drivers/peripheral/sysclk/cy_sysclk.h **** #define  CY_SYSCLK_DRV_VERSION_MAJOR   2
 591:Generated_Source\PSoC6\pdl\drivers/peripheral/sysclk/cy_sysclk.h **** /** Driver minor version */
 592:Generated_Source\PSoC6\pdl\drivers/peripheral/sysclk/cy_sysclk.h **** #define  CY_SYSCLK_DRV_VERSION_MINOR   0
 593:Generated_Source\PSoC6\pdl\drivers/peripheral/sysclk/cy_sysclk.h **** /** Sysclk driver identifier */
 594:Generated_Source\PSoC6\pdl\drivers/peripheral/sysclk/cy_sysclk.h **** #define CY_SYSCLK_ID   CY_PDL_DRV_ID(0x12U)
 595:Generated_Source\PSoC6\pdl\drivers/peripheral/sysclk/cy_sysclk.h **** 
 596:Generated_Source\PSoC6\pdl\drivers/peripheral/sysclk/cy_sysclk.h **** /** \} group_sysclk_macros */
 597:Generated_Source\PSoC6\pdl\drivers/peripheral/sysclk/cy_sysclk.h **** 
 598:Generated_Source\PSoC6\pdl\drivers/peripheral/sysclk/cy_sysclk.h **** /**
 599:Generated_Source\PSoC6\pdl\drivers/peripheral/sysclk/cy_sysclk.h **** * \addtogroup group_sysclk_returns
 600:Generated_Source\PSoC6\pdl\drivers/peripheral/sysclk/cy_sysclk.h **** * \{
 601:Generated_Source\PSoC6\pdl\drivers/peripheral/sysclk/cy_sysclk.h **** */
 602:Generated_Source\PSoC6\pdl\drivers/peripheral/sysclk/cy_sysclk.h **** /** Defines general-purpose function return values. */
 603:Generated_Source\PSoC6\pdl\drivers/peripheral/sysclk/cy_sysclk.h **** typedef enum
 604:Generated_Source\PSoC6\pdl\drivers/peripheral/sysclk/cy_sysclk.h **** {
 605:Generated_Source\PSoC6\pdl\drivers/peripheral/sysclk/cy_sysclk.h ****     CY_SYSCLK_SUCCESS       = 0u, /**< Command completed with no errors */
 606:Generated_Source\PSoC6\pdl\drivers/peripheral/sysclk/cy_sysclk.h ****     CY_SYSCLK_BAD_PARAM     = (CY_SYSCLK_ID | CY_PDL_STATUS_ERROR | 1U), /**< Invalid function inpu
 607:Generated_Source\PSoC6\pdl\drivers/peripheral/sysclk/cy_sysclk.h ****     CY_SYSCLK_TIMEOUT       = (CY_SYSCLK_ID | CY_PDL_STATUS_ERROR | 2U), /**< Timeout occurred */
 608:Generated_Source\PSoC6\pdl\drivers/peripheral/sysclk/cy_sysclk.h ****     CY_SYSCLK_INVALID_STATE = (CY_SYSCLK_ID | CY_PDL_STATUS_ERROR | 3U)  /**< Clock is in an invali
 609:Generated_Source\PSoC6\pdl\drivers/peripheral/sysclk/cy_sysclk.h **** } cy_en_sysclk_status_t;
 610:Generated_Source\PSoC6\pdl\drivers/peripheral/sysclk/cy_sysclk.h **** /** \} group_sysclk_returns */
 611:Generated_Source\PSoC6\pdl\drivers/peripheral/sysclk/cy_sysclk.h **** 
 612:Generated_Source\PSoC6\pdl\drivers/peripheral/sysclk/cy_sysclk.h **** /** \cond INTERNAL */
 613:Generated_Source\PSoC6\pdl\drivers/peripheral/sysclk/cy_sysclk.h **** /* Calculate a / b with rounding to the nearest integer. a and b must have the same sign. */
 614:Generated_Source\PSoC6\pdl\drivers/peripheral/sysclk/cy_sysclk.h **** #define CY_SYSCLK_DIV_ROUND(a, b) (((a) + ((b) / 2u)) / (b))
 615:Generated_Source\PSoC6\pdl\drivers/peripheral/sysclk/cy_sysclk.h **** /* Calculate a / b with rounding up if remainder != 0. a and b must both be positive. */
 616:Generated_Source\PSoC6\pdl\drivers/peripheral/sysclk/cy_sysclk.h **** #define CY_SYSCLK_DIV_ROUNDUP(a, b) ((((a) - 1U) / (b)) + 1U)
 617:Generated_Source\PSoC6\pdl\drivers/peripheral/sysclk/cy_sysclk.h **** /** \endcond */
 618:Generated_Source\PSoC6\pdl\drivers/peripheral/sysclk/cy_sysclk.h **** 
 619:Generated_Source\PSoC6\pdl\drivers/peripheral/sysclk/cy_sysclk.h **** 
 620:Generated_Source\PSoC6\pdl\drivers/peripheral/sysclk/cy_sysclk.h **** /* ========================================================================== */
 621:Generated_Source\PSoC6\pdl\drivers/peripheral/sysclk/cy_sysclk.h **** /* ===========================    ECO SECTION    ============================ */
 622:Generated_Source\PSoC6\pdl\drivers/peripheral/sysclk/cy_sysclk.h **** /* ========================================================================== */
 623:Generated_Source\PSoC6\pdl\drivers/peripheral/sysclk/cy_sysclk.h **** 
 624:Generated_Source\PSoC6\pdl\drivers/peripheral/sysclk/cy_sysclk.h **** /**
 625:Generated_Source\PSoC6\pdl\drivers/peripheral/sysclk/cy_sysclk.h **** * \addtogroup group_sysclk_macros
 626:Generated_Source\PSoC6\pdl\drivers/peripheral/sysclk/cy_sysclk.h **** * \{
 627:Generated_Source\PSoC6\pdl\drivers/peripheral/sysclk/cy_sysclk.h **** */
 628:Generated_Source\PSoC6\pdl\drivers/peripheral/sysclk/cy_sysclk.h **** 
 629:Generated_Source\PSoC6\pdl\drivers/peripheral/sysclk/cy_sysclk.h **** /**
 630:Generated_Source\PSoC6\pdl\drivers/peripheral/sysclk/cy_sysclk.h **** * \defgroup group_sysclk_ecostatus ECO status
 631:Generated_Source\PSoC6\pdl\drivers/peripheral/sysclk/cy_sysclk.h **** * \{
 632:Generated_Source\PSoC6\pdl\drivers/peripheral/sysclk/cy_sysclk.h **** * Constants used for expressing ECO status.
 633:Generated_Source\PSoC6\pdl\drivers/peripheral/sysclk/cy_sysclk.h **** */
 634:Generated_Source\PSoC6\pdl\drivers/peripheral/sysclk/cy_sysclk.h **** #define CY_SYSCLK_ECOSTAT_AMPLITUDE  0UL /**< \brief ECO does not have sufficient amplitude */
 635:Generated_Source\PSoC6\pdl\drivers/peripheral/sysclk/cy_sysclk.h **** #define CY_SYSCLK_ECOSTAT_INACCURATE 1UL /**< \brief ECO may not be meeting accuracy and duty cycle
 636:Generated_Source\PSoC6\pdl\drivers/peripheral/sysclk/cy_sysclk.h **** #define CY_SYSCLK_ECOSTAT_STABLE     2UL /**< \brief ECO has fully stabilized */
 637:Generated_Source\PSoC6\pdl\drivers/peripheral/sysclk/cy_sysclk.h **** /** \} */
 638:Generated_Source\PSoC6\pdl\drivers/peripheral/sysclk/cy_sysclk.h **** 
 639:Generated_Source\PSoC6\pdl\drivers/peripheral/sysclk/cy_sysclk.h **** /** \} group_sysclk_macros */
 640:Generated_Source\PSoC6\pdl\drivers/peripheral/sysclk/cy_sysclk.h **** 
 641:Generated_Source\PSoC6\pdl\drivers/peripheral/sysclk/cy_sysclk.h **** 
 642:Generated_Source\PSoC6\pdl\drivers/peripheral/sysclk/cy_sysclk.h **** /**
 643:Generated_Source\PSoC6\pdl\drivers/peripheral/sysclk/cy_sysclk.h **** * \addtogroup group_sysclk_eco_funcs
 644:Generated_Source\PSoC6\pdl\drivers/peripheral/sysclk/cy_sysclk.h **** * \{
 645:Generated_Source\PSoC6\pdl\drivers/peripheral/sysclk/cy_sysclk.h **** */
ARM GAS  C:\Users\Finik\AppData\Local\Temp\cctwKBtC.s 			page 16


 646:Generated_Source\PSoC6\pdl\drivers/peripheral/sysclk/cy_sysclk.h **** cy_en_sysclk_status_t Cy_SysClk_EcoConfigure(uint32_t freq, uint32_t cLoad, uint32_t esr, uint32_t 
 647:Generated_Source\PSoC6\pdl\drivers/peripheral/sysclk/cy_sysclk.h **** cy_en_sysclk_status_t Cy_SysClk_EcoEnable(uint32_t timeoutus);
 648:Generated_Source\PSoC6\pdl\drivers/peripheral/sysclk/cy_sysclk.h **** __STATIC_INLINE void Cy_SysClk_EcoDisable(void);
 649:Generated_Source\PSoC6\pdl\drivers/peripheral/sysclk/cy_sysclk.h **** __STATIC_INLINE uint32_t Cy_SysClk_EcoGetStatus(void);
 650:Generated_Source\PSoC6\pdl\drivers/peripheral/sysclk/cy_sysclk.h **** 
 651:Generated_Source\PSoC6\pdl\drivers/peripheral/sysclk/cy_sysclk.h **** /*******************************************************************************
 652:Generated_Source\PSoC6\pdl\drivers/peripheral/sysclk/cy_sysclk.h **** * Function Name: Cy_SysClk_EcoDisable
 653:Generated_Source\PSoC6\pdl\drivers/peripheral/sysclk/cy_sysclk.h **** ****************************************************************************//**
 654:Generated_Source\PSoC6\pdl\drivers/peripheral/sysclk/cy_sysclk.h **** *
 655:Generated_Source\PSoC6\pdl\drivers/peripheral/sysclk/cy_sysclk.h **** * Disables the external crystal oscillator (ECO). This function should not be
 656:Generated_Source\PSoC6\pdl\drivers/peripheral/sysclk/cy_sysclk.h **** * called if the ECO is sourcing clkHf[0].
 657:Generated_Source\PSoC6\pdl\drivers/peripheral/sysclk/cy_sysclk.h **** *
 658:Generated_Source\PSoC6\pdl\drivers/peripheral/sysclk/cy_sysclk.h **** * \funcusage
 659:Generated_Source\PSoC6\pdl\drivers/peripheral/sysclk/cy_sysclk.h **** * \snippet sysclk/2.0/snippet/main.c snippet_Cy_SysClk_EcoDisable
 660:Generated_Source\PSoC6\pdl\drivers/peripheral/sysclk/cy_sysclk.h **** *
 661:Generated_Source\PSoC6\pdl\drivers/peripheral/sysclk/cy_sysclk.h **** *******************************************************************************/
 662:Generated_Source\PSoC6\pdl\drivers/peripheral/sysclk/cy_sysclk.h **** __STATIC_INLINE void Cy_SysClk_EcoDisable(void)
 663:Generated_Source\PSoC6\pdl\drivers/peripheral/sysclk/cy_sysclk.h **** {
 664:Generated_Source\PSoC6\pdl\drivers/peripheral/sysclk/cy_sysclk.h ****     SRSS_CLK_ECO_CONFIG &= (uint32_t)~_VAL2FLD(SRSS_CLK_ECO_CONFIG_ECO_EN, 1U); /* 0 = disable */
 665:Generated_Source\PSoC6\pdl\drivers/peripheral/sysclk/cy_sysclk.h **** }
 666:Generated_Source\PSoC6\pdl\drivers/peripheral/sysclk/cy_sysclk.h **** 
 667:Generated_Source\PSoC6\pdl\drivers/peripheral/sysclk/cy_sysclk.h **** /*******************************************************************************
 668:Generated_Source\PSoC6\pdl\drivers/peripheral/sysclk/cy_sysclk.h **** * Function Name: Cy_SysClk_EcoGetStatus
 669:Generated_Source\PSoC6\pdl\drivers/peripheral/sysclk/cy_sysclk.h **** ****************************************************************************//**
 670:Generated_Source\PSoC6\pdl\drivers/peripheral/sysclk/cy_sysclk.h **** *
 671:Generated_Source\PSoC6\pdl\drivers/peripheral/sysclk/cy_sysclk.h **** * Reports the current status of the external crystal oscillator (ECO).
 672:Generated_Source\PSoC6\pdl\drivers/peripheral/sysclk/cy_sysclk.h **** *
 673:Generated_Source\PSoC6\pdl\drivers/peripheral/sysclk/cy_sysclk.h **** * \return
 674:Generated_Source\PSoC6\pdl\drivers/peripheral/sysclk/cy_sysclk.h **** * CY_SYSCLK_ECOSTAT_AMPLITUDE = ECO does not have sufficient amplitude<br>
 675:Generated_Source\PSoC6\pdl\drivers/peripheral/sysclk/cy_sysclk.h **** * CY_SYSCLK_ECOSTAT_INACCURATE = ECO has sufficient amplitude but may not be meeting accuracy and d
 676:Generated_Source\PSoC6\pdl\drivers/peripheral/sysclk/cy_sysclk.h **** * CY_SYSCLK_ECOSTAT_STABLE = ECO has fully stabilized
 677:Generated_Source\PSoC6\pdl\drivers/peripheral/sysclk/cy_sysclk.h **** *
 678:Generated_Source\PSoC6\pdl\drivers/peripheral/sysclk/cy_sysclk.h **** * \funcusage
 679:Generated_Source\PSoC6\pdl\drivers/peripheral/sysclk/cy_sysclk.h **** * \snippet sysclk/2.0/snippet/main.c snippet_Cy_SysClk_EcoGetStatus
 680:Generated_Source\PSoC6\pdl\drivers/peripheral/sysclk/cy_sysclk.h **** *
 681:Generated_Source\PSoC6\pdl\drivers/peripheral/sysclk/cy_sysclk.h **** *******************************************************************************/
 682:Generated_Source\PSoC6\pdl\drivers/peripheral/sysclk/cy_sysclk.h **** __STATIC_INLINE uint32_t Cy_SysClk_EcoGetStatus(void)
 683:Generated_Source\PSoC6\pdl\drivers/peripheral/sysclk/cy_sysclk.h **** {
 684:Generated_Source\PSoC6\pdl\drivers/peripheral/sysclk/cy_sysclk.h ****     uint32_t retVal = (SRSS_CLK_ECO_STATUS & (SRSS_CLK_ECO_STATUS_ECO_OK_Msk | SRSS_CLK_ECO_STATUS_
 685:Generated_Source\PSoC6\pdl\drivers/peripheral/sysclk/cy_sysclk.h ****     /* if ECO is not ready, just report the ECO_OK bit. Otherwise report 2 = ECO ready */
 686:Generated_Source\PSoC6\pdl\drivers/peripheral/sysclk/cy_sysclk.h ****     return ((0UL == (retVal & SRSS_CLK_ECO_STATUS_ECO_READY_Msk)) ? retVal : CY_SYSCLK_ECOSTAT_STAB
 687:Generated_Source\PSoC6\pdl\drivers/peripheral/sysclk/cy_sysclk.h **** }
 688:Generated_Source\PSoC6\pdl\drivers/peripheral/sysclk/cy_sysclk.h **** /** \} group_sysclk_eco_funcs */
 689:Generated_Source\PSoC6\pdl\drivers/peripheral/sysclk/cy_sysclk.h **** 
 690:Generated_Source\PSoC6\pdl\drivers/peripheral/sysclk/cy_sysclk.h **** 
 691:Generated_Source\PSoC6\pdl\drivers/peripheral/sysclk/cy_sysclk.h **** /* ========================================================================== */
 692:Generated_Source\PSoC6\pdl\drivers/peripheral/sysclk/cy_sysclk.h **** /* ====================    INPUT MULTIPLEXER SECTION    ===================== */
 693:Generated_Source\PSoC6\pdl\drivers/peripheral/sysclk/cy_sysclk.h **** /* ========================================================================== */
 694:Generated_Source\PSoC6\pdl\drivers/peripheral/sysclk/cy_sysclk.h **** /**
 695:Generated_Source\PSoC6\pdl\drivers/peripheral/sysclk/cy_sysclk.h **** * \addtogroup group_sysclk_path_src_enums
 696:Generated_Source\PSoC6\pdl\drivers/peripheral/sysclk/cy_sysclk.h **** * \{
 697:Generated_Source\PSoC6\pdl\drivers/peripheral/sysclk/cy_sysclk.h **** */
 698:Generated_Source\PSoC6\pdl\drivers/peripheral/sysclk/cy_sysclk.h **** /**
 699:Generated_Source\PSoC6\pdl\drivers/peripheral/sysclk/cy_sysclk.h **** *   Input multiplexer clock sources
 700:Generated_Source\PSoC6\pdl\drivers/peripheral/sysclk/cy_sysclk.h **** */
 701:Generated_Source\PSoC6\pdl\drivers/peripheral/sysclk/cy_sysclk.h **** typedef enum
 702:Generated_Source\PSoC6\pdl\drivers/peripheral/sysclk/cy_sysclk.h **** {
ARM GAS  C:\Users\Finik\AppData\Local\Temp\cctwKBtC.s 			page 17


 703:Generated_Source\PSoC6\pdl\drivers/peripheral/sysclk/cy_sysclk.h ****     CY_SYSCLK_CLKPATH_IN_IMO    =     0U, /**< Select the IMO as the output of the path mux */
 704:Generated_Source\PSoC6\pdl\drivers/peripheral/sysclk/cy_sysclk.h ****     CY_SYSCLK_CLKPATH_IN_EXT    =     1U, /**< Select the EXT as the output of the path mux */
 705:Generated_Source\PSoC6\pdl\drivers/peripheral/sysclk/cy_sysclk.h ****     CY_SYSCLK_CLKPATH_IN_ECO    =     2U, /**< Select the ECO as the output of the path mux */
 706:Generated_Source\PSoC6\pdl\drivers/peripheral/sysclk/cy_sysclk.h ****     CY_SYSCLK_CLKPATH_IN_ALTHF  =     3U, /**< Select the ALTHF as the output of the path mux.
 707:Generated_Source\PSoC6\pdl\drivers/peripheral/sysclk/cy_sysclk.h ****                                            *   Make sure the ALTHF clock source is available on use
 708:Generated_Source\PSoC6\pdl\drivers/peripheral/sysclk/cy_sysclk.h ****                                            */
 709:Generated_Source\PSoC6\pdl\drivers/peripheral/sysclk/cy_sysclk.h ****     CY_SYSCLK_CLKPATH_IN_DSIMUX =     4U, /**< Select the DSI MUX output as the output of the path 
 710:Generated_Source\PSoC6\pdl\drivers/peripheral/sysclk/cy_sysclk.h ****     CY_SYSCLK_CLKPATH_IN_DSI    = 0x100U, /**< Select a DSI signal (0 - 15) as the output of the DS
 711:Generated_Source\PSoC6\pdl\drivers/peripheral/sysclk/cy_sysclk.h ****                                            *   Make sure the DSI clock sources are available on use
 712:Generated_Source\PSoC6\pdl\drivers/peripheral/sysclk/cy_sysclk.h ****                                            */
 713:Generated_Source\PSoC6\pdl\drivers/peripheral/sysclk/cy_sysclk.h ****     CY_SYSCLK_CLKPATH_IN_ILO    = 0x110U, /**< Select the ILO (16) as the output of the DSI mux and
 714:Generated_Source\PSoC6\pdl\drivers/peripheral/sysclk/cy_sysclk.h ****     CY_SYSCLK_CLKPATH_IN_WCO    = 0x111U, /**< Select the WCO (17) as the output of the DSI mux and
 715:Generated_Source\PSoC6\pdl\drivers/peripheral/sysclk/cy_sysclk.h ****     CY_SYSCLK_CLKPATH_IN_ALTLF  = 0x112U, /**< Select the ALTLF (18) as the output of the DSI mux a
 716:Generated_Source\PSoC6\pdl\drivers/peripheral/sysclk/cy_sysclk.h ****                                            *   Make sure the ALTLF clock sources in available on us
 717:Generated_Source\PSoC6\pdl\drivers/peripheral/sysclk/cy_sysclk.h ****                                            */
 718:Generated_Source\PSoC6\pdl\drivers/peripheral/sysclk/cy_sysclk.h ****     CY_SYSCLK_CLKPATH_IN_PILO   = 0x113U  /**< Select the PILO (19) as the output of the DSI mux an
 719:Generated_Source\PSoC6\pdl\drivers/peripheral/sysclk/cy_sysclk.h ****                                            *   Make sure the PILO clock sources in available on use
 720:Generated_Source\PSoC6\pdl\drivers/peripheral/sysclk/cy_sysclk.h ****                                            */
 721:Generated_Source\PSoC6\pdl\drivers/peripheral/sysclk/cy_sysclk.h **** } cy_en_clkpath_in_sources_t;
 722:Generated_Source\PSoC6\pdl\drivers/peripheral/sysclk/cy_sysclk.h **** /** \} group_sysclk_path_src_enums */
 723:Generated_Source\PSoC6\pdl\drivers/peripheral/sysclk/cy_sysclk.h **** 
 724:Generated_Source\PSoC6\pdl\drivers/peripheral/sysclk/cy_sysclk.h **** /**
 725:Generated_Source\PSoC6\pdl\drivers/peripheral/sysclk/cy_sysclk.h **** * \addtogroup group_sysclk_path_src_funcs
 726:Generated_Source\PSoC6\pdl\drivers/peripheral/sysclk/cy_sysclk.h **** * \{
 727:Generated_Source\PSoC6\pdl\drivers/peripheral/sysclk/cy_sysclk.h **** */
 728:Generated_Source\PSoC6\pdl\drivers/peripheral/sysclk/cy_sysclk.h **** cy_en_sysclk_status_t Cy_SysClk_ClkPathSetSource(uint32_t clkPath, cy_en_clkpath_in_sources_t sourc
 729:Generated_Source\PSoC6\pdl\drivers/peripheral/sysclk/cy_sysclk.h **** cy_en_clkpath_in_sources_t Cy_SysClk_ClkPathGetSource(uint32_t clkPath);
 730:Generated_Source\PSoC6\pdl\drivers/peripheral/sysclk/cy_sysclk.h **** /** \} group_sysclk_path_src_funcs */
 731:Generated_Source\PSoC6\pdl\drivers/peripheral/sysclk/cy_sysclk.h **** 
 732:Generated_Source\PSoC6\pdl\drivers/peripheral/sysclk/cy_sysclk.h **** 
 733:Generated_Source\PSoC6\pdl\drivers/peripheral/sysclk/cy_sysclk.h **** /* ========================================================================== */
 734:Generated_Source\PSoC6\pdl\drivers/peripheral/sysclk/cy_sysclk.h **** /* ===========================    FLL SECTION    ============================ */
 735:Generated_Source\PSoC6\pdl\drivers/peripheral/sysclk/cy_sysclk.h **** /* ========================================================================== */
 736:Generated_Source\PSoC6\pdl\drivers/peripheral/sysclk/cy_sysclk.h **** /**
 737:Generated_Source\PSoC6\pdl\drivers/peripheral/sysclk/cy_sysclk.h **** * \addtogroup group_sysclk_fll_enums
 738:Generated_Source\PSoC6\pdl\drivers/peripheral/sysclk/cy_sysclk.h **** * \{
 739:Generated_Source\PSoC6\pdl\drivers/peripheral/sysclk/cy_sysclk.h **** */
 740:Generated_Source\PSoC6\pdl\drivers/peripheral/sysclk/cy_sysclk.h **** /** FLL and PLL output mode.
 741:Generated_Source\PSoC6\pdl\drivers/peripheral/sysclk/cy_sysclk.h **** * See registers CLK_FLL_CONFIG3 and CLK_PLL_CONFIG0, bits BYPASS_SEL.
 742:Generated_Source\PSoC6\pdl\drivers/peripheral/sysclk/cy_sysclk.h **** */
 743:Generated_Source\PSoC6\pdl\drivers/peripheral/sysclk/cy_sysclk.h **** typedef enum
 744:Generated_Source\PSoC6\pdl\drivers/peripheral/sysclk/cy_sysclk.h **** {
 745:Generated_Source\PSoC6\pdl\drivers/peripheral/sysclk/cy_sysclk.h ****     CY_SYSCLK_FLLPLL_OUTPUT_AUTO   = 0U, /**< Output FLL/PLL input source when not locked, and FLL/
 746:Generated_Source\PSoC6\pdl\drivers/peripheral/sysclk/cy_sysclk.h ****     CY_SYSCLK_FLLPLL_OUTPUT_AUTO1  = 1U, /**< Same as AUTO */
 747:Generated_Source\PSoC6\pdl\drivers/peripheral/sysclk/cy_sysclk.h ****     CY_SYSCLK_FLLPLL_OUTPUT_INPUT  = 2U, /**< Output FLL/PLL input source regardless of lock status
 748:Generated_Source\PSoC6\pdl\drivers/peripheral/sysclk/cy_sysclk.h ****     CY_SYSCLK_FLLPLL_OUTPUT_OUTPUT = 3U  /**< Output FLL/PLL output regardless of lock status. This
 749:Generated_Source\PSoC6\pdl\drivers/peripheral/sysclk/cy_sysclk.h **** } cy_en_fll_pll_output_mode_t;
 750:Generated_Source\PSoC6\pdl\drivers/peripheral/sysclk/cy_sysclk.h **** 
 751:Generated_Source\PSoC6\pdl\drivers/peripheral/sysclk/cy_sysclk.h **** /** FLL current-controlled oscillator (CCO) frequency ranges.
 752:Generated_Source\PSoC6\pdl\drivers/peripheral/sysclk/cy_sysclk.h **** * See register CLK_FLL_CONFIG4, bits CCO_RANGE.
 753:Generated_Source\PSoC6\pdl\drivers/peripheral/sysclk/cy_sysclk.h **** */
 754:Generated_Source\PSoC6\pdl\drivers/peripheral/sysclk/cy_sysclk.h **** typedef enum
 755:Generated_Source\PSoC6\pdl\drivers/peripheral/sysclk/cy_sysclk.h **** {
 756:Generated_Source\PSoC6\pdl\drivers/peripheral/sysclk/cy_sysclk.h ****     CY_SYSCLK_FLL_CCO_RANGE0, /**< Target frequency is in range  48 -  64 MHz. */
 757:Generated_Source\PSoC6\pdl\drivers/peripheral/sysclk/cy_sysclk.h ****     CY_SYSCLK_FLL_CCO_RANGE1, /**< Target frequency is in range  64 -  85 MHz. */
 758:Generated_Source\PSoC6\pdl\drivers/peripheral/sysclk/cy_sysclk.h ****     CY_SYSCLK_FLL_CCO_RANGE2, /**< Target frequency is in range  85 - 113 MHz. */
 759:Generated_Source\PSoC6\pdl\drivers/peripheral/sysclk/cy_sysclk.h ****     CY_SYSCLK_FLL_CCO_RANGE3, /**< Target frequency is in range 113 - 150 MHz. */
ARM GAS  C:\Users\Finik\AppData\Local\Temp\cctwKBtC.s 			page 18


 760:Generated_Source\PSoC6\pdl\drivers/peripheral/sysclk/cy_sysclk.h ****     CY_SYSCLK_FLL_CCO_RANGE4  /**< Target frequency is in range 150 - 200 MHz. */
 761:Generated_Source\PSoC6\pdl\drivers/peripheral/sysclk/cy_sysclk.h **** } cy_en_fll_cco_ranges_t;
 762:Generated_Source\PSoC6\pdl\drivers/peripheral/sysclk/cy_sysclk.h **** /** \} group_sysclk_fll_enums */
 763:Generated_Source\PSoC6\pdl\drivers/peripheral/sysclk/cy_sysclk.h **** 
 764:Generated_Source\PSoC6\pdl\drivers/peripheral/sysclk/cy_sysclk.h **** /**
 765:Generated_Source\PSoC6\pdl\drivers/peripheral/sysclk/cy_sysclk.h **** * \addtogroup group_sysclk_fll_structs
 766:Generated_Source\PSoC6\pdl\drivers/peripheral/sysclk/cy_sysclk.h **** * \{
 767:Generated_Source\PSoC6\pdl\drivers/peripheral/sysclk/cy_sysclk.h **** */
 768:Generated_Source\PSoC6\pdl\drivers/peripheral/sysclk/cy_sysclk.h **** /** Structure containing information for manual configuration of FLL.
 769:Generated_Source\PSoC6\pdl\drivers/peripheral/sysclk/cy_sysclk.h **** */
 770:Generated_Source\PSoC6\pdl\drivers/peripheral/sysclk/cy_sysclk.h **** typedef struct
 771:Generated_Source\PSoC6\pdl\drivers/peripheral/sysclk/cy_sysclk.h **** {
 772:Generated_Source\PSoC6\pdl\drivers/peripheral/sysclk/cy_sysclk.h ****     uint32_t                    fllMult;         /**< CLK_FLL_CONFIG  register, FLL_MULT bits */
 773:Generated_Source\PSoC6\pdl\drivers/peripheral/sysclk/cy_sysclk.h ****     uint16_t                    refDiv;          /**< CLK_FLL_CONFIG2 register, FLL_REF_DIV bits */
 774:Generated_Source\PSoC6\pdl\drivers/peripheral/sysclk/cy_sysclk.h ****     cy_en_fll_cco_ranges_t      ccoRange;        /**< CLK_FLL_CONFIG4 register, CCO_RANGE bits */
 775:Generated_Source\PSoC6\pdl\drivers/peripheral/sysclk/cy_sysclk.h ****     bool                        enableOutputDiv; /**< CLK_FLL_CONFIG  register, FLL_OUTPUT_DIV bit 
 776:Generated_Source\PSoC6\pdl\drivers/peripheral/sysclk/cy_sysclk.h ****     uint16_t                    lockTolerance;   /**< CLK_FLL_CONFIG2 register, LOCK_TOL bits */
 777:Generated_Source\PSoC6\pdl\drivers/peripheral/sysclk/cy_sysclk.h ****     uint8_t                     igain;           /**< CLK_FLL_CONFIG3 register, FLL_LF_IGAIN bits *
 778:Generated_Source\PSoC6\pdl\drivers/peripheral/sysclk/cy_sysclk.h ****     uint8_t                     pgain;           /**< CLK_FLL_CONFIG3 register, FLL_LF_PGAIN bits *
 779:Generated_Source\PSoC6\pdl\drivers/peripheral/sysclk/cy_sysclk.h ****     uint16_t                    settlingCount;   /**< CLK_FLL_CONFIG3 register, SETTLING_COUNT bits
 780:Generated_Source\PSoC6\pdl\drivers/peripheral/sysclk/cy_sysclk.h ****     cy_en_fll_pll_output_mode_t outputMode;      /**< CLK_FLL_CONFIG3 register, BYPASS_SEL bits */
 781:Generated_Source\PSoC6\pdl\drivers/peripheral/sysclk/cy_sysclk.h ****     uint16_t                    cco_Freq;        /**< CLK_FLL_CONFIG4 register, CCO_FREQ bits */
 782:Generated_Source\PSoC6\pdl\drivers/peripheral/sysclk/cy_sysclk.h **** } cy_stc_fll_manual_config_t;
 783:Generated_Source\PSoC6\pdl\drivers/peripheral/sysclk/cy_sysclk.h **** /** \} group_sysclk_fll_structs */
 784:Generated_Source\PSoC6\pdl\drivers/peripheral/sysclk/cy_sysclk.h **** 
 785:Generated_Source\PSoC6\pdl\drivers/peripheral/sysclk/cy_sysclk.h **** /**
 786:Generated_Source\PSoC6\pdl\drivers/peripheral/sysclk/cy_sysclk.h **** * \addtogroup group_sysclk_fll_funcs
 787:Generated_Source\PSoC6\pdl\drivers/peripheral/sysclk/cy_sysclk.h **** * \{
 788:Generated_Source\PSoC6\pdl\drivers/peripheral/sysclk/cy_sysclk.h **** */
 789:Generated_Source\PSoC6\pdl\drivers/peripheral/sysclk/cy_sysclk.h **** cy_en_sysclk_status_t Cy_SysClk_FllConfigure(uint32_t inputFreq, uint32_t outputFreq, cy_en_fll_pll
 790:Generated_Source\PSoC6\pdl\drivers/peripheral/sysclk/cy_sysclk.h **** cy_en_sysclk_status_t Cy_SysClk_FllManualConfigure(const cy_stc_fll_manual_config_t *config);
 791:Generated_Source\PSoC6\pdl\drivers/peripheral/sysclk/cy_sysclk.h **** void Cy_SysClk_FllGetConfiguration(cy_stc_fll_manual_config_t *config);
 792:Generated_Source\PSoC6\pdl\drivers/peripheral/sysclk/cy_sysclk.h **** cy_en_sysclk_status_t Cy_SysClk_FllEnable(uint32_t timeoutus);
 793:Generated_Source\PSoC6\pdl\drivers/peripheral/sysclk/cy_sysclk.h **** __STATIC_INLINE bool Cy_SysClk_FllLocked(void);
 794:Generated_Source\PSoC6\pdl\drivers/peripheral/sysclk/cy_sysclk.h **** __STATIC_INLINE cy_en_sysclk_status_t Cy_SysClk_FllDisable(void);
 795:Generated_Source\PSoC6\pdl\drivers/peripheral/sysclk/cy_sysclk.h **** 
 796:Generated_Source\PSoC6\pdl\drivers/peripheral/sysclk/cy_sysclk.h **** /*******************************************************************************
 797:Generated_Source\PSoC6\pdl\drivers/peripheral/sysclk/cy_sysclk.h **** * Function Name: Cy_SysClk_FllLocked
 798:Generated_Source\PSoC6\pdl\drivers/peripheral/sysclk/cy_sysclk.h **** ****************************************************************************//**
 799:Generated_Source\PSoC6\pdl\drivers/peripheral/sysclk/cy_sysclk.h **** *
 800:Generated_Source\PSoC6\pdl\drivers/peripheral/sysclk/cy_sysclk.h **** * Reports whether the FLL is locked first time during FLL starting.
 801:Generated_Source\PSoC6\pdl\drivers/peripheral/sysclk/cy_sysclk.h **** * Intended to be used with \ref Cy_SysClk_FllEnable with zero timeout.
 802:Generated_Source\PSoC6\pdl\drivers/peripheral/sysclk/cy_sysclk.h **** *
 803:Generated_Source\PSoC6\pdl\drivers/peripheral/sysclk/cy_sysclk.h **** * \return 
 804:Generated_Source\PSoC6\pdl\drivers/peripheral/sysclk/cy_sysclk.h **** * false = not locked<br>
 805:Generated_Source\PSoC6\pdl\drivers/peripheral/sysclk/cy_sysclk.h **** * true = locked
 806:Generated_Source\PSoC6\pdl\drivers/peripheral/sysclk/cy_sysclk.h **** *
 807:Generated_Source\PSoC6\pdl\drivers/peripheral/sysclk/cy_sysclk.h **** * \note
 808:Generated_Source\PSoC6\pdl\drivers/peripheral/sysclk/cy_sysclk.h **** * The unlock occurrence may appear during FLL normal operation, so this function 
 809:Generated_Source\PSoC6\pdl\drivers/peripheral/sysclk/cy_sysclk.h **** * is not recommended to check the FLL normal operation stability.
 810:Generated_Source\PSoC6\pdl\drivers/peripheral/sysclk/cy_sysclk.h **** *
 811:Generated_Source\PSoC6\pdl\drivers/peripheral/sysclk/cy_sysclk.h **** * \funcusage
 812:Generated_Source\PSoC6\pdl\drivers/peripheral/sysclk/cy_sysclk.h **** * \snippet sysclk/2.0/snippet/main.c snippet_Cy_SysClk_FllLocked
 813:Generated_Source\PSoC6\pdl\drivers/peripheral/sysclk/cy_sysclk.h **** *
 814:Generated_Source\PSoC6\pdl\drivers/peripheral/sysclk/cy_sysclk.h **** *******************************************************************************/
 815:Generated_Source\PSoC6\pdl\drivers/peripheral/sysclk/cy_sysclk.h **** __STATIC_INLINE bool Cy_SysClk_FllLocked(void)
 816:Generated_Source\PSoC6\pdl\drivers/peripheral/sysclk/cy_sysclk.h **** {
ARM GAS  C:\Users\Finik\AppData\Local\Temp\cctwKBtC.s 			page 19


 817:Generated_Source\PSoC6\pdl\drivers/peripheral/sysclk/cy_sysclk.h ****     return (_FLD2BOOL(SRSS_CLK_FLL_STATUS_LOCKED, SRSS_CLK_FLL_STATUS));
 818:Generated_Source\PSoC6\pdl\drivers/peripheral/sysclk/cy_sysclk.h **** }
 819:Generated_Source\PSoC6\pdl\drivers/peripheral/sysclk/cy_sysclk.h **** 
 820:Generated_Source\PSoC6\pdl\drivers/peripheral/sysclk/cy_sysclk.h **** 
 821:Generated_Source\PSoC6\pdl\drivers/peripheral/sysclk/cy_sysclk.h **** /*******************************************************************************
 822:Generated_Source\PSoC6\pdl\drivers/peripheral/sysclk/cy_sysclk.h **** * Function Name: Cy_SysClk_FllDisable
 823:Generated_Source\PSoC6\pdl\drivers/peripheral/sysclk/cy_sysclk.h **** ****************************************************************************//**
 824:Generated_Source\PSoC6\pdl\drivers/peripheral/sysclk/cy_sysclk.h **** *
 825:Generated_Source\PSoC6\pdl\drivers/peripheral/sysclk/cy_sysclk.h **** * Disables the FLL and the CCO.
 826:Generated_Source\PSoC6\pdl\drivers/peripheral/sysclk/cy_sysclk.h **** *
 827:Generated_Source\PSoC6\pdl\drivers/peripheral/sysclk/cy_sysclk.h **** * \return \ref cy_en_sysclk_status_t
 828:Generated_Source\PSoC6\pdl\drivers/peripheral/sysclk/cy_sysclk.h **** *
 829:Generated_Source\PSoC6\pdl\drivers/peripheral/sysclk/cy_sysclk.h **** * \note 
 830:Generated_Source\PSoC6\pdl\drivers/peripheral/sysclk/cy_sysclk.h **** * Call \ref SystemCoreClockUpdate after this function calling 
 831:Generated_Source\PSoC6\pdl\drivers/peripheral/sysclk/cy_sysclk.h **** * if it affects the CLK_HF0 frequency.
 832:Generated_Source\PSoC6\pdl\drivers/peripheral/sysclk/cy_sysclk.h **** *
 833:Generated_Source\PSoC6\pdl\drivers/peripheral/sysclk/cy_sysclk.h **** * \note
 834:Generated_Source\PSoC6\pdl\drivers/peripheral/sysclk/cy_sysclk.h **** * Call \ref Cy_SysLib_SetWaitStates after calling this function if
 835:Generated_Source\PSoC6\pdl\drivers/peripheral/sysclk/cy_sysclk.h **** * the FLL is the source of CLK_HF0 and the CLK_HF0 frequency is decreasing.
 836:Generated_Source\PSoC6\pdl\drivers/peripheral/sysclk/cy_sysclk.h **** *
 837:Generated_Source\PSoC6\pdl\drivers/peripheral/sysclk/cy_sysclk.h **** * \funcusage
 838:Generated_Source\PSoC6\pdl\drivers/peripheral/sysclk/cy_sysclk.h **** * \snippet sysclk/2.0/snippet/main.c snippet_Cy_SysClk_FllDisable
 839:Generated_Source\PSoC6\pdl\drivers/peripheral/sysclk/cy_sysclk.h **** *
 840:Generated_Source\PSoC6\pdl\drivers/peripheral/sysclk/cy_sysclk.h **** *******************************************************************************/
 841:Generated_Source\PSoC6\pdl\drivers/peripheral/sysclk/cy_sysclk.h **** __STATIC_INLINE cy_en_sysclk_status_t Cy_SysClk_FllDisable(void)
 842:Generated_Source\PSoC6\pdl\drivers/peripheral/sysclk/cy_sysclk.h **** {
 843:Generated_Source\PSoC6\pdl\drivers/peripheral/sysclk/cy_sysclk.h ****     CY_REG32_CLR_SET(SRSS_CLK_FLL_CONFIG3, SRSS_CLK_FLL_CONFIG3_BYPASS_SEL, CY_SYSCLK_FLLPLL_OUTPUT
 844:Generated_Source\PSoC6\pdl\drivers/peripheral/sysclk/cy_sysclk.h ****     SRSS_CLK_FLL_CONFIG  &= ~SRSS_CLK_FLL_CONFIG_FLL_ENABLE_Msk;
 845:Generated_Source\PSoC6\pdl\drivers/peripheral/sysclk/cy_sysclk.h ****     SRSS_CLK_FLL_CONFIG4 &= ~SRSS_CLK_FLL_CONFIG4_CCO_ENABLE_Msk;
 846:Generated_Source\PSoC6\pdl\drivers/peripheral/sysclk/cy_sysclk.h ****     return CY_SYSCLK_SUCCESS;
 847:Generated_Source\PSoC6\pdl\drivers/peripheral/sysclk/cy_sysclk.h **** }
 848:Generated_Source\PSoC6\pdl\drivers/peripheral/sysclk/cy_sysclk.h **** /** \} group_sysclk_fll_funcs */
 849:Generated_Source\PSoC6\pdl\drivers/peripheral/sysclk/cy_sysclk.h **** 
 850:Generated_Source\PSoC6\pdl\drivers/peripheral/sysclk/cy_sysclk.h **** 
 851:Generated_Source\PSoC6\pdl\drivers/peripheral/sysclk/cy_sysclk.h **** /* ========================================================================== */
 852:Generated_Source\PSoC6\pdl\drivers/peripheral/sysclk/cy_sysclk.h **** /* ===========================    PLL SECTION    ============================ */
 853:Generated_Source\PSoC6\pdl\drivers/peripheral/sysclk/cy_sysclk.h **** /* ========================================================================== */
 854:Generated_Source\PSoC6\pdl\drivers/peripheral/sysclk/cy_sysclk.h **** /**
 855:Generated_Source\PSoC6\pdl\drivers/peripheral/sysclk/cy_sysclk.h **** * \addtogroup group_sysclk_pll_structs
 856:Generated_Source\PSoC6\pdl\drivers/peripheral/sysclk/cy_sysclk.h **** * \{
 857:Generated_Source\PSoC6\pdl\drivers/peripheral/sysclk/cy_sysclk.h **** */
 858:Generated_Source\PSoC6\pdl\drivers/peripheral/sysclk/cy_sysclk.h **** /** Structure containing information for configuration of a PLL.
 859:Generated_Source\PSoC6\pdl\drivers/peripheral/sysclk/cy_sysclk.h **** */
 860:Generated_Source\PSoC6\pdl\drivers/peripheral/sysclk/cy_sysclk.h **** typedef struct
 861:Generated_Source\PSoC6\pdl\drivers/peripheral/sysclk/cy_sysclk.h **** {
 862:Generated_Source\PSoC6\pdl\drivers/peripheral/sysclk/cy_sysclk.h ****     uint32_t                    inputFreq;  /**< frequency of PLL source, in Hz */
 863:Generated_Source\PSoC6\pdl\drivers/peripheral/sysclk/cy_sysclk.h ****     uint32_t                    outputFreq; /**< frequency of PLL output, in Hz */
 864:Generated_Source\PSoC6\pdl\drivers/peripheral/sysclk/cy_sysclk.h ****     bool                        lfMode;     /**< CLK_PLL_CONFIG register, PLL_LF_MODE bit */
 865:Generated_Source\PSoC6\pdl\drivers/peripheral/sysclk/cy_sysclk.h ****     cy_en_fll_pll_output_mode_t outputMode; /**< CLK_PLL_CONFIG register, BYPASS_SEL bits */
 866:Generated_Source\PSoC6\pdl\drivers/peripheral/sysclk/cy_sysclk.h **** } cy_stc_pll_config_t;
 867:Generated_Source\PSoC6\pdl\drivers/peripheral/sysclk/cy_sysclk.h **** 
 868:Generated_Source\PSoC6\pdl\drivers/peripheral/sysclk/cy_sysclk.h **** /** Structure containing information for manual configuration of a PLL.
 869:Generated_Source\PSoC6\pdl\drivers/peripheral/sysclk/cy_sysclk.h **** */
 870:Generated_Source\PSoC6\pdl\drivers/peripheral/sysclk/cy_sysclk.h **** typedef struct
 871:Generated_Source\PSoC6\pdl\drivers/peripheral/sysclk/cy_sysclk.h **** {
 872:Generated_Source\PSoC6\pdl\drivers/peripheral/sysclk/cy_sysclk.h ****     uint8_t                     feedbackDiv;  /**< CLK_PLL_CONFIG register, FEEDBACK_DIV (P) bits *
 873:Generated_Source\PSoC6\pdl\drivers/peripheral/sysclk/cy_sysclk.h ****     uint8_t                     referenceDiv; /**< CLK_PLL_CONFIG register, REFERENCE_DIV (Q) bits 
ARM GAS  C:\Users\Finik\AppData\Local\Temp\cctwKBtC.s 			page 20


 874:Generated_Source\PSoC6\pdl\drivers/peripheral/sysclk/cy_sysclk.h ****     uint8_t                     outputDiv;    /**< CLK_PLL_CONFIG register, OUTPUT_DIV bits */
 875:Generated_Source\PSoC6\pdl\drivers/peripheral/sysclk/cy_sysclk.h ****     bool                        lfMode;       /**< CLK_PLL_CONFIG register, PLL_LF_MODE bit */
 876:Generated_Source\PSoC6\pdl\drivers/peripheral/sysclk/cy_sysclk.h ****     cy_en_fll_pll_output_mode_t outputMode;   /**< CLK_PLL_CONFIG register, BYPASS_SEL bits */
 877:Generated_Source\PSoC6\pdl\drivers/peripheral/sysclk/cy_sysclk.h **** } cy_stc_pll_manual_config_t;
 878:Generated_Source\PSoC6\pdl\drivers/peripheral/sysclk/cy_sysclk.h **** /** \} group_sysclk_pll_structs */
 879:Generated_Source\PSoC6\pdl\drivers/peripheral/sysclk/cy_sysclk.h **** 
 880:Generated_Source\PSoC6\pdl\drivers/peripheral/sysclk/cy_sysclk.h **** /**
 881:Generated_Source\PSoC6\pdl\drivers/peripheral/sysclk/cy_sysclk.h **** * \addtogroup group_sysclk_pll_funcs
 882:Generated_Source\PSoC6\pdl\drivers/peripheral/sysclk/cy_sysclk.h **** * \{
 883:Generated_Source\PSoC6\pdl\drivers/peripheral/sysclk/cy_sysclk.h **** */
 884:Generated_Source\PSoC6\pdl\drivers/peripheral/sysclk/cy_sysclk.h **** cy_en_sysclk_status_t Cy_SysClk_PllConfigure(uint32_t clkPath, const cy_stc_pll_config_t *config);
 885:Generated_Source\PSoC6\pdl\drivers/peripheral/sysclk/cy_sysclk.h **** cy_en_sysclk_status_t Cy_SysClk_PllManualConfigure(uint32_t clkPath, const cy_stc_pll_manual_config
 886:Generated_Source\PSoC6\pdl\drivers/peripheral/sysclk/cy_sysclk.h **** cy_en_sysclk_status_t Cy_SysClk_PllGetConfiguration(uint32_t clkPath, cy_stc_pll_manual_config_t *c
 887:Generated_Source\PSoC6\pdl\drivers/peripheral/sysclk/cy_sysclk.h **** cy_en_sysclk_status_t Cy_SysClk_PllEnable(uint32_t clkPath, uint32_t timeoutus);
 888:Generated_Source\PSoC6\pdl\drivers/peripheral/sysclk/cy_sysclk.h **** __STATIC_INLINE bool Cy_SysClk_PllLocked(uint32_t clkPath);
 889:Generated_Source\PSoC6\pdl\drivers/peripheral/sysclk/cy_sysclk.h **** __STATIC_INLINE bool Cy_SysClk_PllLostLock(uint32_t clkPath);
 890:Generated_Source\PSoC6\pdl\drivers/peripheral/sysclk/cy_sysclk.h **** __STATIC_INLINE cy_en_sysclk_status_t Cy_SysClk_PllDisable(uint32_t clkPath);
 891:Generated_Source\PSoC6\pdl\drivers/peripheral/sysclk/cy_sysclk.h **** 
 892:Generated_Source\PSoC6\pdl\drivers/peripheral/sysclk/cy_sysclk.h **** /*******************************************************************************
 893:Generated_Source\PSoC6\pdl\drivers/peripheral/sysclk/cy_sysclk.h **** * Function Name: Cy_SysClk_PllLocked
 894:Generated_Source\PSoC6\pdl\drivers/peripheral/sysclk/cy_sysclk.h **** ****************************************************************************//**
 895:Generated_Source\PSoC6\pdl\drivers/peripheral/sysclk/cy_sysclk.h **** *
 896:Generated_Source\PSoC6\pdl\drivers/peripheral/sysclk/cy_sysclk.h **** * Reports whether or not the selected PLL is locked.
 897:Generated_Source\PSoC6\pdl\drivers/peripheral/sysclk/cy_sysclk.h **** *
 898:Generated_Source\PSoC6\pdl\drivers/peripheral/sysclk/cy_sysclk.h **** * \param clkPath Selects which PLL to check. 1 is the first PLL; 0 is invalid.
 899:Generated_Source\PSoC6\pdl\drivers/peripheral/sysclk/cy_sysclk.h **** *
 900:Generated_Source\PSoC6\pdl\drivers/peripheral/sysclk/cy_sysclk.h **** * \return 
 901:Generated_Source\PSoC6\pdl\drivers/peripheral/sysclk/cy_sysclk.h **** * false = not locked<br>
 902:Generated_Source\PSoC6\pdl\drivers/peripheral/sysclk/cy_sysclk.h **** * true = locked
 903:Generated_Source\PSoC6\pdl\drivers/peripheral/sysclk/cy_sysclk.h **** *
 904:Generated_Source\PSoC6\pdl\drivers/peripheral/sysclk/cy_sysclk.h **** * \funcusage
 905:Generated_Source\PSoC6\pdl\drivers/peripheral/sysclk/cy_sysclk.h **** * \snippet sysclk/2.0/snippet/main.c snippet_Cy_SysClk_PllLocked
 906:Generated_Source\PSoC6\pdl\drivers/peripheral/sysclk/cy_sysclk.h **** *
 907:Generated_Source\PSoC6\pdl\drivers/peripheral/sysclk/cy_sysclk.h **** *******************************************************************************/
 908:Generated_Source\PSoC6\pdl\drivers/peripheral/sysclk/cy_sysclk.h **** __STATIC_INLINE bool Cy_SysClk_PllLocked(uint32_t clkPath)
 909:Generated_Source\PSoC6\pdl\drivers/peripheral/sysclk/cy_sysclk.h **** {
 910:Generated_Source\PSoC6\pdl\drivers/peripheral/sysclk/cy_sysclk.h ****     clkPath--; /* to correctly access PLL config and status registers structures */
 911:Generated_Source\PSoC6\pdl\drivers/peripheral/sysclk/cy_sysclk.h ****     CY_ASSERT_L1(clkPath < CY_SRSS_NUM_PLL);
 912:Generated_Source\PSoC6\pdl\drivers/peripheral/sysclk/cy_sysclk.h ****     return (_FLD2BOOL(SRSS_CLK_PLL_STATUS_LOCKED, SRSS_CLK_PLL_STATUS[clkPath]));
 913:Generated_Source\PSoC6\pdl\drivers/peripheral/sysclk/cy_sysclk.h **** }
 914:Generated_Source\PSoC6\pdl\drivers/peripheral/sysclk/cy_sysclk.h **** 
 915:Generated_Source\PSoC6\pdl\drivers/peripheral/sysclk/cy_sysclk.h **** /*******************************************************************************
 916:Generated_Source\PSoC6\pdl\drivers/peripheral/sysclk/cy_sysclk.h **** * Function Name: Cy_SysClk_PllLostLock
 917:Generated_Source\PSoC6\pdl\drivers/peripheral/sysclk/cy_sysclk.h **** ****************************************************************************//**
 918:Generated_Source\PSoC6\pdl\drivers/peripheral/sysclk/cy_sysclk.h **** *
 919:Generated_Source\PSoC6\pdl\drivers/peripheral/sysclk/cy_sysclk.h **** * Reports whether or not the selected PLL lost its lock since the last time this
 920:Generated_Source\PSoC6\pdl\drivers/peripheral/sysclk/cy_sysclk.h **** * function was called. Clears the lost lock indicator.
 921:Generated_Source\PSoC6\pdl\drivers/peripheral/sysclk/cy_sysclk.h **** *
 922:Generated_Source\PSoC6\pdl\drivers/peripheral/sysclk/cy_sysclk.h **** * \param clkPath Selects which PLL to check. 1 is the first PLL; 0 is invalid.
 923:Generated_Source\PSoC6\pdl\drivers/peripheral/sysclk/cy_sysclk.h **** *
 924:Generated_Source\PSoC6\pdl\drivers/peripheral/sysclk/cy_sysclk.h **** * \return 
 925:Generated_Source\PSoC6\pdl\drivers/peripheral/sysclk/cy_sysclk.h **** * false = did not lose lock<br>
 926:Generated_Source\PSoC6\pdl\drivers/peripheral/sysclk/cy_sysclk.h **** * true = lost lock
 927:Generated_Source\PSoC6\pdl\drivers/peripheral/sysclk/cy_sysclk.h **** *
 928:Generated_Source\PSoC6\pdl\drivers/peripheral/sysclk/cy_sysclk.h **** * \funcusage
 929:Generated_Source\PSoC6\pdl\drivers/peripheral/sysclk/cy_sysclk.h **** * \snippet sysclk/2.0/snippet/main.c snippet_Cy_SysClk_PllLostLock
 930:Generated_Source\PSoC6\pdl\drivers/peripheral/sysclk/cy_sysclk.h **** *
ARM GAS  C:\Users\Finik\AppData\Local\Temp\cctwKBtC.s 			page 21


 931:Generated_Source\PSoC6\pdl\drivers/peripheral/sysclk/cy_sysclk.h **** *******************************************************************************/
 932:Generated_Source\PSoC6\pdl\drivers/peripheral/sysclk/cy_sysclk.h **** __STATIC_INLINE bool Cy_SysClk_PllLostLock(uint32_t clkPath)
 933:Generated_Source\PSoC6\pdl\drivers/peripheral/sysclk/cy_sysclk.h **** {
 934:Generated_Source\PSoC6\pdl\drivers/peripheral/sysclk/cy_sysclk.h ****     clkPath--; /* to correctly access PLL config and status registers structures */
 935:Generated_Source\PSoC6\pdl\drivers/peripheral/sysclk/cy_sysclk.h ****     CY_ASSERT_L1(clkPath < CY_SRSS_NUM_PLL);
 936:Generated_Source\PSoC6\pdl\drivers/peripheral/sysclk/cy_sysclk.h ****     bool retVal = _FLD2BOOL(SRSS_CLK_PLL_STATUS_UNLOCK_OCCURRED, SRSS_CLK_PLL_STATUS[clkPath]);
 937:Generated_Source\PSoC6\pdl\drivers/peripheral/sysclk/cy_sysclk.h ****     /* write a 1 to clear the unlock occurred bit */
 938:Generated_Source\PSoC6\pdl\drivers/peripheral/sysclk/cy_sysclk.h ****     SRSS_CLK_PLL_STATUS[clkPath] = SRSS_CLK_PLL_STATUS_UNLOCK_OCCURRED_Msk;
 939:Generated_Source\PSoC6\pdl\drivers/peripheral/sysclk/cy_sysclk.h ****     return (retVal);
 940:Generated_Source\PSoC6\pdl\drivers/peripheral/sysclk/cy_sysclk.h **** }
 941:Generated_Source\PSoC6\pdl\drivers/peripheral/sysclk/cy_sysclk.h **** 
 942:Generated_Source\PSoC6\pdl\drivers/peripheral/sysclk/cy_sysclk.h **** /*******************************************************************************
 943:Generated_Source\PSoC6\pdl\drivers/peripheral/sysclk/cy_sysclk.h **** * Function Name: Cy_SysClk_PllDisable
 944:Generated_Source\PSoC6\pdl\drivers/peripheral/sysclk/cy_sysclk.h **** ****************************************************************************//**
 945:Generated_Source\PSoC6\pdl\drivers/peripheral/sysclk/cy_sysclk.h **** *
 946:Generated_Source\PSoC6\pdl\drivers/peripheral/sysclk/cy_sysclk.h **** * Disables the selected PLL.
 947:Generated_Source\PSoC6\pdl\drivers/peripheral/sysclk/cy_sysclk.h **** *
 948:Generated_Source\PSoC6\pdl\drivers/peripheral/sysclk/cy_sysclk.h **** * \param clkPath Selects which PLL to disable. 1 is the first PLL; 0 is invalid.
 949:Generated_Source\PSoC6\pdl\drivers/peripheral/sysclk/cy_sysclk.h **** *
 950:Generated_Source\PSoC6\pdl\drivers/peripheral/sysclk/cy_sysclk.h **** * \return Error / status code:<br>
 951:Generated_Source\PSoC6\pdl\drivers/peripheral/sysclk/cy_sysclk.h **** * CY_SYSCLK_SUCCESS - PLL successfully disabled<br>
 952:Generated_Source\PSoC6\pdl\drivers/peripheral/sysclk/cy_sysclk.h **** * CY_SYSCLK_BAD_PARAM - invalid clock path number
 953:Generated_Source\PSoC6\pdl\drivers/peripheral/sysclk/cy_sysclk.h **** *
 954:Generated_Source\PSoC6\pdl\drivers/peripheral/sysclk/cy_sysclk.h **** * \note 
 955:Generated_Source\PSoC6\pdl\drivers/peripheral/sysclk/cy_sysclk.h **** * Call \ref SystemCoreClockUpdate after this function calling 
 956:Generated_Source\PSoC6\pdl\drivers/peripheral/sysclk/cy_sysclk.h **** * if it affects the CLK_HF0 frequency.
 957:Generated_Source\PSoC6\pdl\drivers/peripheral/sysclk/cy_sysclk.h **** *
 958:Generated_Source\PSoC6\pdl\drivers/peripheral/sysclk/cy_sysclk.h **** * \note
 959:Generated_Source\PSoC6\pdl\drivers/peripheral/sysclk/cy_sysclk.h **** * Call \ref Cy_SysLib_SetWaitStates before calling this function if
 960:Generated_Source\PSoC6\pdl\drivers/peripheral/sysclk/cy_sysclk.h **** * the PLL is the source of CLK_HF0 and the CLK_HF0 frequency is increasing.
 961:Generated_Source\PSoC6\pdl\drivers/peripheral/sysclk/cy_sysclk.h **** *
 962:Generated_Source\PSoC6\pdl\drivers/peripheral/sysclk/cy_sysclk.h **** * \note
 963:Generated_Source\PSoC6\pdl\drivers/peripheral/sysclk/cy_sysclk.h **** * Call \ref Cy_SysLib_SetWaitStates after calling this function if
 964:Generated_Source\PSoC6\pdl\drivers/peripheral/sysclk/cy_sysclk.h **** * the PLL is the source of CLK_HF0 and the CLK_HF0 frequency is decreasing.
 965:Generated_Source\PSoC6\pdl\drivers/peripheral/sysclk/cy_sysclk.h **** *
 966:Generated_Source\PSoC6\pdl\drivers/peripheral/sysclk/cy_sysclk.h **** * \funcusage
 967:Generated_Source\PSoC6\pdl\drivers/peripheral/sysclk/cy_sysclk.h **** * \snippet sysclk/2.0/snippet/main.c snippet_Cy_SysClk_PllDisable
 968:Generated_Source\PSoC6\pdl\drivers/peripheral/sysclk/cy_sysclk.h **** *
 969:Generated_Source\PSoC6\pdl\drivers/peripheral/sysclk/cy_sysclk.h **** *******************************************************************************/
 970:Generated_Source\PSoC6\pdl\drivers/peripheral/sysclk/cy_sysclk.h **** __STATIC_INLINE cy_en_sysclk_status_t Cy_SysClk_PllDisable(uint32_t clkPath)
 971:Generated_Source\PSoC6\pdl\drivers/peripheral/sysclk/cy_sysclk.h **** {
 972:Generated_Source\PSoC6\pdl\drivers/peripheral/sysclk/cy_sysclk.h ****     cy_en_sysclk_status_t retVal = CY_SYSCLK_BAD_PARAM;
 973:Generated_Source\PSoC6\pdl\drivers/peripheral/sysclk/cy_sysclk.h ****     clkPath--; /* to correctly access PLL config and status registers structures */
 974:Generated_Source\PSoC6\pdl\drivers/peripheral/sysclk/cy_sysclk.h ****     if (clkPath < CY_SRSS_NUM_PLL)
 975:Generated_Source\PSoC6\pdl\drivers/peripheral/sysclk/cy_sysclk.h ****     {
 976:Generated_Source\PSoC6\pdl\drivers/peripheral/sysclk/cy_sysclk.h ****         /* First bypass PLL */
 977:Generated_Source\PSoC6\pdl\drivers/peripheral/sysclk/cy_sysclk.h ****         CY_REG32_CLR_SET(SRSS_CLK_PLL_CONFIG[clkPath], SRSS_CLK_PLL_CONFIG_BYPASS_SEL, CY_SYSCLK_FL
 978:Generated_Source\PSoC6\pdl\drivers/peripheral/sysclk/cy_sysclk.h ****         /* Wait at least 6 PLL clock cycles */
 979:Generated_Source\PSoC6\pdl\drivers/peripheral/sysclk/cy_sysclk.h ****         Cy_SysLib_DelayUs(1U);
 980:Generated_Source\PSoC6\pdl\drivers/peripheral/sysclk/cy_sysclk.h ****         /* And now disable the PLL itself */
 981:Generated_Source\PSoC6\pdl\drivers/peripheral/sysclk/cy_sysclk.h ****         SRSS_CLK_PLL_CONFIG[clkPath] &= ~SRSS_CLK_PLL_CONFIG_ENABLE_Msk;
 982:Generated_Source\PSoC6\pdl\drivers/peripheral/sysclk/cy_sysclk.h ****         retVal = CY_SYSCLK_SUCCESS;
 983:Generated_Source\PSoC6\pdl\drivers/peripheral/sysclk/cy_sysclk.h ****     }
 984:Generated_Source\PSoC6\pdl\drivers/peripheral/sysclk/cy_sysclk.h ****     return (retVal);
 985:Generated_Source\PSoC6\pdl\drivers/peripheral/sysclk/cy_sysclk.h **** }
 986:Generated_Source\PSoC6\pdl\drivers/peripheral/sysclk/cy_sysclk.h **** /** \} group_sysclk_pll_funcs */
 987:Generated_Source\PSoC6\pdl\drivers/peripheral/sysclk/cy_sysclk.h **** 
ARM GAS  C:\Users\Finik\AppData\Local\Temp\cctwKBtC.s 			page 22


 988:Generated_Source\PSoC6\pdl\drivers/peripheral/sysclk/cy_sysclk.h **** 
 989:Generated_Source\PSoC6\pdl\drivers/peripheral/sysclk/cy_sysclk.h **** /* ========================================================================== */
 990:Generated_Source\PSoC6\pdl\drivers/peripheral/sysclk/cy_sysclk.h **** /* ===========================    ILO SECTION    ============================ */
 991:Generated_Source\PSoC6\pdl\drivers/peripheral/sysclk/cy_sysclk.h **** /* ========================================================================== */
 992:Generated_Source\PSoC6\pdl\drivers/peripheral/sysclk/cy_sysclk.h **** /**
 993:Generated_Source\PSoC6\pdl\drivers/peripheral/sysclk/cy_sysclk.h **** * \addtogroup group_sysclk_ilo_funcs
 994:Generated_Source\PSoC6\pdl\drivers/peripheral/sysclk/cy_sysclk.h **** * \{
 995:Generated_Source\PSoC6\pdl\drivers/peripheral/sysclk/cy_sysclk.h **** */
 996:Generated_Source\PSoC6\pdl\drivers/peripheral/sysclk/cy_sysclk.h **** __STATIC_INLINE void Cy_SysClk_IloEnable(void);
 997:Generated_Source\PSoC6\pdl\drivers/peripheral/sysclk/cy_sysclk.h **** __STATIC_INLINE cy_en_sysclk_status_t Cy_SysClk_IloDisable(void);
 998:Generated_Source\PSoC6\pdl\drivers/peripheral/sysclk/cy_sysclk.h **** __STATIC_INLINE void Cy_SysClk_IloHibernateOn(bool on);
 999:Generated_Source\PSoC6\pdl\drivers/peripheral/sysclk/cy_sysclk.h **** 
1000:Generated_Source\PSoC6\pdl\drivers/peripheral/sysclk/cy_sysclk.h **** /*******************************************************************************
1001:Generated_Source\PSoC6\pdl\drivers/peripheral/sysclk/cy_sysclk.h **** * Function Name: Cy_SysClk_IloEnable
1002:Generated_Source\PSoC6\pdl\drivers/peripheral/sysclk/cy_sysclk.h **** ****************************************************************************//**
1003:Generated_Source\PSoC6\pdl\drivers/peripheral/sysclk/cy_sysclk.h **** *
1004:Generated_Source\PSoC6\pdl\drivers/peripheral/sysclk/cy_sysclk.h **** * Enables the ILO.
1005:Generated_Source\PSoC6\pdl\drivers/peripheral/sysclk/cy_sysclk.h **** *
1006:Generated_Source\PSoC6\pdl\drivers/peripheral/sysclk/cy_sysclk.h **** * \note The watchdog timer (WDT) must be unlocked before calling this function.
1007:Generated_Source\PSoC6\pdl\drivers/peripheral/sysclk/cy_sysclk.h **** *
1008:Generated_Source\PSoC6\pdl\drivers/peripheral/sysclk/cy_sysclk.h **** * \funcusage
1009:Generated_Source\PSoC6\pdl\drivers/peripheral/sysclk/cy_sysclk.h **** * \snippet sysclk/2.0/snippet/main.c snippet_Cy_SysClk_IloEnable
1010:Generated_Source\PSoC6\pdl\drivers/peripheral/sysclk/cy_sysclk.h **** *
1011:Generated_Source\PSoC6\pdl\drivers/peripheral/sysclk/cy_sysclk.h **** *******************************************************************************/
1012:Generated_Source\PSoC6\pdl\drivers/peripheral/sysclk/cy_sysclk.h **** __STATIC_INLINE void Cy_SysClk_IloEnable(void)
1013:Generated_Source\PSoC6\pdl\drivers/peripheral/sysclk/cy_sysclk.h **** {
1014:Generated_Source\PSoC6\pdl\drivers/peripheral/sysclk/cy_sysclk.h ****     SRSS_CLK_ILO_CONFIG |= SRSS_CLK_ILO_CONFIG_ENABLE_Msk;
1015:Generated_Source\PSoC6\pdl\drivers/peripheral/sysclk/cy_sysclk.h **** }
1016:Generated_Source\PSoC6\pdl\drivers/peripheral/sysclk/cy_sysclk.h **** 
1017:Generated_Source\PSoC6\pdl\drivers/peripheral/sysclk/cy_sysclk.h **** /*******************************************************************************
1018:Generated_Source\PSoC6\pdl\drivers/peripheral/sysclk/cy_sysclk.h **** * Function Name: Cy_SysClk_IloDisable
1019:Generated_Source\PSoC6\pdl\drivers/peripheral/sysclk/cy_sysclk.h **** ****************************************************************************//**
1020:Generated_Source\PSoC6\pdl\drivers/peripheral/sysclk/cy_sysclk.h **** *
1021:Generated_Source\PSoC6\pdl\drivers/peripheral/sysclk/cy_sysclk.h **** * Disables the ILO. ILO can't be disabled if WDT is enabled.
1022:Generated_Source\PSoC6\pdl\drivers/peripheral/sysclk/cy_sysclk.h **** *
1023:Generated_Source\PSoC6\pdl\drivers/peripheral/sysclk/cy_sysclk.h **** * \return Error / status code:<br>
1024:Generated_Source\PSoC6\pdl\drivers/peripheral/sysclk/cy_sysclk.h **** * CY_SYSCLK_SUCCESS - ILO successfully disabled<br>
1025:Generated_Source\PSoC6\pdl\drivers/peripheral/sysclk/cy_sysclk.h **** * CY_SYSCLK_INVALID_STATE - Cannot disable the ILO if the WDT is enabled.
1026:Generated_Source\PSoC6\pdl\drivers/peripheral/sysclk/cy_sysclk.h **** *
1027:Generated_Source\PSoC6\pdl\drivers/peripheral/sysclk/cy_sysclk.h **** * \note The watchdog timer (WDT) must be unlocked before calling this function.
1028:Generated_Source\PSoC6\pdl\drivers/peripheral/sysclk/cy_sysclk.h **** * Do not call this function if the WDT is enabled, because the WDT is clocked by
1029:Generated_Source\PSoC6\pdl\drivers/peripheral/sysclk/cy_sysclk.h **** * the ILO.
1030:Generated_Source\PSoC6\pdl\drivers/peripheral/sysclk/cy_sysclk.h **** *
1031:Generated_Source\PSoC6\pdl\drivers/peripheral/sysclk/cy_sysclk.h **** * \funcusage
1032:Generated_Source\PSoC6\pdl\drivers/peripheral/sysclk/cy_sysclk.h **** * \snippet sysclk/2.0/snippet/main.c snippet_Cy_SysClk_IloDisable
1033:Generated_Source\PSoC6\pdl\drivers/peripheral/sysclk/cy_sysclk.h **** *
1034:Generated_Source\PSoC6\pdl\drivers/peripheral/sysclk/cy_sysclk.h **** *******************************************************************************/
1035:Generated_Source\PSoC6\pdl\drivers/peripheral/sysclk/cy_sysclk.h **** __STATIC_INLINE cy_en_sysclk_status_t Cy_SysClk_IloDisable(void)
1036:Generated_Source\PSoC6\pdl\drivers/peripheral/sysclk/cy_sysclk.h **** {
1037:Generated_Source\PSoC6\pdl\drivers/peripheral/sysclk/cy_sysclk.h ****     cy_en_sysclk_status_t retVal = CY_SYSCLK_INVALID_STATE;
1038:Generated_Source\PSoC6\pdl\drivers/peripheral/sysclk/cy_sysclk.h ****     if (!_FLD2BOOL(SRSS_WDT_CTL_WDT_EN, SRSS_WDT_CTL)) /* if disabled */
1039:Generated_Source\PSoC6\pdl\drivers/peripheral/sysclk/cy_sysclk.h ****     {
1040:Generated_Source\PSoC6\pdl\drivers/peripheral/sysclk/cy_sysclk.h ****         SRSS_CLK_ILO_CONFIG &= ~SRSS_CLK_ILO_CONFIG_ENABLE_Msk;
1041:Generated_Source\PSoC6\pdl\drivers/peripheral/sysclk/cy_sysclk.h ****         retVal = CY_SYSCLK_SUCCESS;
1042:Generated_Source\PSoC6\pdl\drivers/peripheral/sysclk/cy_sysclk.h ****     }
1043:Generated_Source\PSoC6\pdl\drivers/peripheral/sysclk/cy_sysclk.h ****     return retVal;
1044:Generated_Source\PSoC6\pdl\drivers/peripheral/sysclk/cy_sysclk.h **** }
ARM GAS  C:\Users\Finik\AppData\Local\Temp\cctwKBtC.s 			page 23


1045:Generated_Source\PSoC6\pdl\drivers/peripheral/sysclk/cy_sysclk.h **** 
1046:Generated_Source\PSoC6\pdl\drivers/peripheral/sysclk/cy_sysclk.h **** /*******************************************************************************
1047:Generated_Source\PSoC6\pdl\drivers/peripheral/sysclk/cy_sysclk.h **** * Function Name: Cy_SysClk_IloHibernateOn
1048:Generated_Source\PSoC6\pdl\drivers/peripheral/sysclk/cy_sysclk.h **** ****************************************************************************//**
1049:Generated_Source\PSoC6\pdl\drivers/peripheral/sysclk/cy_sysclk.h **** *
1050:Generated_Source\PSoC6\pdl\drivers/peripheral/sysclk/cy_sysclk.h **** * Controls whether the ILO stays on during a hibernate, or through an XRES or
1051:Generated_Source\PSoC6\pdl\drivers/peripheral/sysclk/cy_sysclk.h **** * brown-out detect (BOD) event.
1052:Generated_Source\PSoC6\pdl\drivers/peripheral/sysclk/cy_sysclk.h **** *
1053:Generated_Source\PSoC6\pdl\drivers/peripheral/sysclk/cy_sysclk.h **** * \param on
1054:Generated_Source\PSoC6\pdl\drivers/peripheral/sysclk/cy_sysclk.h **** * true = ILO stays on during hibernate or across XRES/BOD.<br> 
1055:Generated_Source\PSoC6\pdl\drivers/peripheral/sysclk/cy_sysclk.h **** * false = ILO turns off for hibernate or XRES/BOD.
1056:Generated_Source\PSoC6\pdl\drivers/peripheral/sysclk/cy_sysclk.h **** *
1057:Generated_Source\PSoC6\pdl\drivers/peripheral/sysclk/cy_sysclk.h **** * \note Writes to the register/bit are ignored if the watchdog (WDT) is locked.
1058:Generated_Source\PSoC6\pdl\drivers/peripheral/sysclk/cy_sysclk.h **** *
1059:Generated_Source\PSoC6\pdl\drivers/peripheral/sysclk/cy_sysclk.h **** * \funcusage
1060:Generated_Source\PSoC6\pdl\drivers/peripheral/sysclk/cy_sysclk.h **** * \snippet sysclk/2.0/snippet/main.c snippet_Cy_SysClk_IloHibernateOn
1061:Generated_Source\PSoC6\pdl\drivers/peripheral/sysclk/cy_sysclk.h **** *
1062:Generated_Source\PSoC6\pdl\drivers/peripheral/sysclk/cy_sysclk.h **** *******************************************************************************/
1063:Generated_Source\PSoC6\pdl\drivers/peripheral/sysclk/cy_sysclk.h **** __STATIC_INLINE void Cy_SysClk_IloHibernateOn(bool on)
1064:Generated_Source\PSoC6\pdl\drivers/peripheral/sysclk/cy_sysclk.h **** {
1065:Generated_Source\PSoC6\pdl\drivers/peripheral/sysclk/cy_sysclk.h ****     CY_REG32_CLR_SET(SRSS_CLK_ILO_CONFIG, SRSS_CLK_ILO_CONFIG_ILO_BACKUP, (uint32_t)on);
1066:Generated_Source\PSoC6\pdl\drivers/peripheral/sysclk/cy_sysclk.h **** }
1067:Generated_Source\PSoC6\pdl\drivers/peripheral/sysclk/cy_sysclk.h **** /** \} group_sysclk_ilo_funcs */
1068:Generated_Source\PSoC6\pdl\drivers/peripheral/sysclk/cy_sysclk.h **** 
1069:Generated_Source\PSoC6\pdl\drivers/peripheral/sysclk/cy_sysclk.h **** 
1070:Generated_Source\PSoC6\pdl\drivers/peripheral/sysclk/cy_sysclk.h **** /* ========================================================================== */
1071:Generated_Source\PSoC6\pdl\drivers/peripheral/sysclk/cy_sysclk.h **** /* ===========================    PILO SECTION    =========================== */
1072:Generated_Source\PSoC6\pdl\drivers/peripheral/sysclk/cy_sysclk.h **** /* ========================================================================== */
1073:Generated_Source\PSoC6\pdl\drivers/peripheral/sysclk/cy_sysclk.h **** /**
1074:Generated_Source\PSoC6\pdl\drivers/peripheral/sysclk/cy_sysclk.h **** * \addtogroup group_sysclk_pilo_funcs
1075:Generated_Source\PSoC6\pdl\drivers/peripheral/sysclk/cy_sysclk.h **** * \{
1076:Generated_Source\PSoC6\pdl\drivers/peripheral/sysclk/cy_sysclk.h **** */
1077:Generated_Source\PSoC6\pdl\drivers/peripheral/sysclk/cy_sysclk.h **** __STATIC_INLINE void Cy_SysClk_PiloEnable(void);
1078:Generated_Source\PSoC6\pdl\drivers/peripheral/sysclk/cy_sysclk.h **** __STATIC_INLINE void Cy_SysClk_PiloDisable(void);
1079:Generated_Source\PSoC6\pdl\drivers/peripheral/sysclk/cy_sysclk.h **** __STATIC_INLINE void Cy_SysClk_PiloSetTrim(uint32_t trimVal);
1080:Generated_Source\PSoC6\pdl\drivers/peripheral/sysclk/cy_sysclk.h **** __STATIC_INLINE uint32_t Cy_SysClk_PiloGetTrim(void);
1081:Generated_Source\PSoC6\pdl\drivers/peripheral/sysclk/cy_sysclk.h **** 
1082:Generated_Source\PSoC6\pdl\drivers/peripheral/sysclk/cy_sysclk.h **** /*******************************************************************************
1083:Generated_Source\PSoC6\pdl\drivers/peripheral/sysclk/cy_sysclk.h **** * Function Name: Cy_SysClk_PiloEnable
1084:Generated_Source\PSoC6\pdl\drivers/peripheral/sysclk/cy_sysclk.h **** ****************************************************************************//**
1085:Generated_Source\PSoC6\pdl\drivers/peripheral/sysclk/cy_sysclk.h **** *
1086:Generated_Source\PSoC6\pdl\drivers/peripheral/sysclk/cy_sysclk.h **** * Enables the PILO. 
1087:Generated_Source\PSoC6\pdl\drivers/peripheral/sysclk/cy_sysclk.h **** *
1088:Generated_Source\PSoC6\pdl\drivers/peripheral/sysclk/cy_sysclk.h **** * \note This function blocks for 1 millisecond between enabling the PILO and 
1089:Generated_Source\PSoC6\pdl\drivers/peripheral/sysclk/cy_sysclk.h **** * releasing the PILO reset.
1090:Generated_Source\PSoC6\pdl\drivers/peripheral/sysclk/cy_sysclk.h **** *
1091:Generated_Source\PSoC6\pdl\drivers/peripheral/sysclk/cy_sysclk.h **** * \funcusage
1092:Generated_Source\PSoC6\pdl\drivers/peripheral/sysclk/cy_sysclk.h **** * \snippet sysclk/2.0/snippet/main.c snippet_Cy_SysClk_PiloEnable
1093:Generated_Source\PSoC6\pdl\drivers/peripheral/sysclk/cy_sysclk.h **** *
1094:Generated_Source\PSoC6\pdl\drivers/peripheral/sysclk/cy_sysclk.h **** *******************************************************************************/
1095:Generated_Source\PSoC6\pdl\drivers/peripheral/sysclk/cy_sysclk.h **** __STATIC_INLINE void Cy_SysClk_PiloEnable(void)
1096:Generated_Source\PSoC6\pdl\drivers/peripheral/sysclk/cy_sysclk.h **** {
1097:Generated_Source\PSoC6\pdl\drivers/peripheral/sysclk/cy_sysclk.h ****     SRSS_CLK_PILO_CONFIG |= _VAL2FLD(SRSS_CLK_PILO_CONFIG_PILO_EN, 1U); /* 1 = enable */
1098:Generated_Source\PSoC6\pdl\drivers/peripheral/sysclk/cy_sysclk.h ****     Cy_SysLib_Delay(1U/*msec*/);
1099:Generated_Source\PSoC6\pdl\drivers/peripheral/sysclk/cy_sysclk.h ****     /* release the reset and enable clock output */
1100:Generated_Source\PSoC6\pdl\drivers/peripheral/sysclk/cy_sysclk.h ****     SRSS_CLK_PILO_CONFIG |= SRSS_CLK_PILO_CONFIG_PILO_RESET_N_Msk |
1101:Generated_Source\PSoC6\pdl\drivers/peripheral/sysclk/cy_sysclk.h ****                             SRSS_CLK_PILO_CONFIG_PILO_CLK_EN_Msk;
ARM GAS  C:\Users\Finik\AppData\Local\Temp\cctwKBtC.s 			page 24


1102:Generated_Source\PSoC6\pdl\drivers/peripheral/sysclk/cy_sysclk.h **** }
1103:Generated_Source\PSoC6\pdl\drivers/peripheral/sysclk/cy_sysclk.h **** 
1104:Generated_Source\PSoC6\pdl\drivers/peripheral/sysclk/cy_sysclk.h **** /*******************************************************************************
1105:Generated_Source\PSoC6\pdl\drivers/peripheral/sysclk/cy_sysclk.h **** * Function Name: Cy_SysClk_PiloDisable
1106:Generated_Source\PSoC6\pdl\drivers/peripheral/sysclk/cy_sysclk.h **** ****************************************************************************//**
1107:Generated_Source\PSoC6\pdl\drivers/peripheral/sysclk/cy_sysclk.h **** *
1108:Generated_Source\PSoC6\pdl\drivers/peripheral/sysclk/cy_sysclk.h **** * Disables the PILO.
1109:Generated_Source\PSoC6\pdl\drivers/peripheral/sysclk/cy_sysclk.h **** *
1110:Generated_Source\PSoC6\pdl\drivers/peripheral/sysclk/cy_sysclk.h **** * \funcusage
1111:Generated_Source\PSoC6\pdl\drivers/peripheral/sysclk/cy_sysclk.h **** * \snippet sysclk/2.0/snippet/main.c snippet_Cy_SysClk_PiloDisable
1112:Generated_Source\PSoC6\pdl\drivers/peripheral/sysclk/cy_sysclk.h **** *
1113:Generated_Source\PSoC6\pdl\drivers/peripheral/sysclk/cy_sysclk.h **** *******************************************************************************/
1114:Generated_Source\PSoC6\pdl\drivers/peripheral/sysclk/cy_sysclk.h **** __STATIC_INLINE void Cy_SysClk_PiloDisable(void)
1115:Generated_Source\PSoC6\pdl\drivers/peripheral/sysclk/cy_sysclk.h **** {
1116:Generated_Source\PSoC6\pdl\drivers/peripheral/sysclk/cy_sysclk.h ****     /* Clear PILO_EN, PILO_RESET_N, and PILO_CLK_EN bitfields. This disables the
1117:Generated_Source\PSoC6\pdl\drivers/peripheral/sysclk/cy_sysclk.h ****        PILO and holds the PILO in a reset state. */
1118:Generated_Source\PSoC6\pdl\drivers/peripheral/sysclk/cy_sysclk.h ****     SRSS_CLK_PILO_CONFIG &= (uint32_t)~(SRSS_CLK_PILO_CONFIG_PILO_EN_Msk      |
1119:Generated_Source\PSoC6\pdl\drivers/peripheral/sysclk/cy_sysclk.h ****                                         SRSS_CLK_PILO_CONFIG_PILO_RESET_N_Msk |
1120:Generated_Source\PSoC6\pdl\drivers/peripheral/sysclk/cy_sysclk.h ****                                         SRSS_CLK_PILO_CONFIG_PILO_CLK_EN_Msk);
1121:Generated_Source\PSoC6\pdl\drivers/peripheral/sysclk/cy_sysclk.h **** }
1122:Generated_Source\PSoC6\pdl\drivers/peripheral/sysclk/cy_sysclk.h **** 
1123:Generated_Source\PSoC6\pdl\drivers/peripheral/sysclk/cy_sysclk.h **** /*******************************************************************************
1124:Generated_Source\PSoC6\pdl\drivers/peripheral/sysclk/cy_sysclk.h **** * Function Name: Cy_SysClk_PiloSetTrim
1125:Generated_Source\PSoC6\pdl\drivers/peripheral/sysclk/cy_sysclk.h **** ****************************************************************************//**
1126:Generated_Source\PSoC6\pdl\drivers/peripheral/sysclk/cy_sysclk.h **** *
1127:Generated_Source\PSoC6\pdl\drivers/peripheral/sysclk/cy_sysclk.h **** * Sets the PILO trim bits, which adjusts the PILO frequency. This is typically
1128:Generated_Source\PSoC6\pdl\drivers/peripheral/sysclk/cy_sysclk.h **** * done after measuring the PILO frequency; see \ref Cy_SysClk_StartClkMeasurementCounters().
1129:Generated_Source\PSoC6\pdl\drivers/peripheral/sysclk/cy_sysclk.h **** *
1130:Generated_Source\PSoC6\pdl\drivers/peripheral/sysclk/cy_sysclk.h **** * \funcusage
1131:Generated_Source\PSoC6\pdl\drivers/peripheral/sysclk/cy_sysclk.h **** * \snippet sysclk/2.0/snippet/main.c snippet_Cy_SysClk_PiloSetTrim
1132:Generated_Source\PSoC6\pdl\drivers/peripheral/sysclk/cy_sysclk.h **** *
1133:Generated_Source\PSoC6\pdl\drivers/peripheral/sysclk/cy_sysclk.h **** *******************************************************************************/
1134:Generated_Source\PSoC6\pdl\drivers/peripheral/sysclk/cy_sysclk.h **** __STATIC_INLINE void Cy_SysClk_PiloSetTrim(uint32_t trimVal)
1135:Generated_Source\PSoC6\pdl\drivers/peripheral/sysclk/cy_sysclk.h **** {
1136:Generated_Source\PSoC6\pdl\drivers/peripheral/sysclk/cy_sysclk.h ****     CY_REG32_CLR_SET(SRSS_CLK_PILO_CONFIG, SRSS_CLK_PILO_CONFIG_PILO_FFREQ, trimVal);
1137:Generated_Source\PSoC6\pdl\drivers/peripheral/sysclk/cy_sysclk.h **** }
1138:Generated_Source\PSoC6\pdl\drivers/peripheral/sysclk/cy_sysclk.h **** 
1139:Generated_Source\PSoC6\pdl\drivers/peripheral/sysclk/cy_sysclk.h **** /*******************************************************************************
1140:Generated_Source\PSoC6\pdl\drivers/peripheral/sysclk/cy_sysclk.h **** * Function Name: Cy_SysClk_PiloGetTrim
1141:Generated_Source\PSoC6\pdl\drivers/peripheral/sysclk/cy_sysclk.h **** ****************************************************************************//**
1142:Generated_Source\PSoC6\pdl\drivers/peripheral/sysclk/cy_sysclk.h **** *
1143:Generated_Source\PSoC6\pdl\drivers/peripheral/sysclk/cy_sysclk.h **** * Reports the current PILO trim bits value.
1144:Generated_Source\PSoC6\pdl\drivers/peripheral/sysclk/cy_sysclk.h **** *
1145:Generated_Source\PSoC6\pdl\drivers/peripheral/sysclk/cy_sysclk.h **** * \funcusage
1146:Generated_Source\PSoC6\pdl\drivers/peripheral/sysclk/cy_sysclk.h **** * Refer to the Cy_SysClk_PiloSetTrim() function usage.
1147:Generated_Source\PSoC6\pdl\drivers/peripheral/sysclk/cy_sysclk.h **** *
1148:Generated_Source\PSoC6\pdl\drivers/peripheral/sysclk/cy_sysclk.h **** *******************************************************************************/
1149:Generated_Source\PSoC6\pdl\drivers/peripheral/sysclk/cy_sysclk.h **** __STATIC_INLINE uint32_t Cy_SysClk_PiloGetTrim(void)
1150:Generated_Source\PSoC6\pdl\drivers/peripheral/sysclk/cy_sysclk.h **** {
1151:Generated_Source\PSoC6\pdl\drivers/peripheral/sysclk/cy_sysclk.h ****     return (_FLD2VAL(SRSS_CLK_PILO_CONFIG_PILO_FFREQ, SRSS_CLK_PILO_CONFIG));
1152:Generated_Source\PSoC6\pdl\drivers/peripheral/sysclk/cy_sysclk.h **** }
1153:Generated_Source\PSoC6\pdl\drivers/peripheral/sysclk/cy_sysclk.h **** /** \} group_sysclk_pilo_funcs */
1154:Generated_Source\PSoC6\pdl\drivers/peripheral/sysclk/cy_sysclk.h **** 
1155:Generated_Source\PSoC6\pdl\drivers/peripheral/sysclk/cy_sysclk.h **** 
1156:Generated_Source\PSoC6\pdl\drivers/peripheral/sysclk/cy_sysclk.h **** /* ========================================================================== */
1157:Generated_Source\PSoC6\pdl\drivers/peripheral/sysclk/cy_sysclk.h **** /* ====================    CLOCK MEASUREMENT SECTION    ===================== */
1158:Generated_Source\PSoC6\pdl\drivers/peripheral/sysclk/cy_sysclk.h **** /* ========================================================================== */
ARM GAS  C:\Users\Finik\AppData\Local\Temp\cctwKBtC.s 			page 25


1159:Generated_Source\PSoC6\pdl\drivers/peripheral/sysclk/cy_sysclk.h **** /**
1160:Generated_Source\PSoC6\pdl\drivers/peripheral/sysclk/cy_sysclk.h **** * \addtogroup group_sysclk_calclk_enums
1161:Generated_Source\PSoC6\pdl\drivers/peripheral/sysclk/cy_sysclk.h **** * \{
1162:Generated_Source\PSoC6\pdl\drivers/peripheral/sysclk/cy_sysclk.h **** */
1163:Generated_Source\PSoC6\pdl\drivers/peripheral/sysclk/cy_sysclk.h **** /** Defines all possible clock sources. */
1164:Generated_Source\PSoC6\pdl\drivers/peripheral/sysclk/cy_sysclk.h **** typedef enum
1165:Generated_Source\PSoC6\pdl\drivers/peripheral/sysclk/cy_sysclk.h **** {
1166:Generated_Source\PSoC6\pdl\drivers/peripheral/sysclk/cy_sysclk.h ****     CY_SYSCLK_MEAS_CLK_NC =            0U,
1167:Generated_Source\PSoC6\pdl\drivers/peripheral/sysclk/cy_sysclk.h ****     CY_SYSCLK_MEAS_CLK_ILO =           1U,
1168:Generated_Source\PSoC6\pdl\drivers/peripheral/sysclk/cy_sysclk.h ****     CY_SYSCLK_MEAS_CLK_WCO =           2U,
1169:Generated_Source\PSoC6\pdl\drivers/peripheral/sysclk/cy_sysclk.h ****     CY_SYSCLK_MEAS_CLK_BAK =           3U,
1170:Generated_Source\PSoC6\pdl\drivers/peripheral/sysclk/cy_sysclk.h ****     CY_SYSCLK_MEAS_CLK_ALTLF =         4U,
1171:Generated_Source\PSoC6\pdl\drivers/peripheral/sysclk/cy_sysclk.h ****     CY_SYSCLK_MEAS_CLK_LFCLK =         5U,
1172:Generated_Source\PSoC6\pdl\drivers/peripheral/sysclk/cy_sysclk.h ****     CY_SYSCLK_MEAS_CLK_IMO =           6U,
1173:Generated_Source\PSoC6\pdl\drivers/peripheral/sysclk/cy_sysclk.h ****     CY_SYSCLK_MEAS_CLK_PILO =          8U,
1174:Generated_Source\PSoC6\pdl\drivers/peripheral/sysclk/cy_sysclk.h ****     CY_SYSCLK_MEAS_CLK_FAST_CLKS =     0x100U,
1175:Generated_Source\PSoC6\pdl\drivers/peripheral/sysclk/cy_sysclk.h ****     CY_SYSCLK_MEAS_CLK_ECO =           0x101U,
1176:Generated_Source\PSoC6\pdl\drivers/peripheral/sysclk/cy_sysclk.h ****     CY_SYSCLK_MEAS_CLK_EXT =           0x102U,
1177:Generated_Source\PSoC6\pdl\drivers/peripheral/sysclk/cy_sysclk.h ****     CY_SYSCLK_MEAS_CLK_ALTHF =         0x103U,
1178:Generated_Source\PSoC6\pdl\drivers/peripheral/sysclk/cy_sysclk.h ****     CY_SYSCLK_MEAS_CLK_TIMERCLK =      0x104U,
1179:Generated_Source\PSoC6\pdl\drivers/peripheral/sysclk/cy_sysclk.h ****     CY_SYSCLK_MEAS_CLK_PATH_CLKS =     0x500U,
1180:Generated_Source\PSoC6\pdl\drivers/peripheral/sysclk/cy_sysclk.h ****     CY_SYSCLK_MEAS_CLK_PATH0 =         0x500U,
1181:Generated_Source\PSoC6\pdl\drivers/peripheral/sysclk/cy_sysclk.h ****     CY_SYSCLK_MEAS_CLK_PATH1 =         0x501U,
1182:Generated_Source\PSoC6\pdl\drivers/peripheral/sysclk/cy_sysclk.h ****     CY_SYSCLK_MEAS_CLK_PATH2 =         0x502U,
1183:Generated_Source\PSoC6\pdl\drivers/peripheral/sysclk/cy_sysclk.h ****     CY_SYSCLK_MEAS_CLK_PATH3 =         0x503U,
1184:Generated_Source\PSoC6\pdl\drivers/peripheral/sysclk/cy_sysclk.h ****     CY_SYSCLK_MEAS_CLK_PATH4 =         0x504U,
1185:Generated_Source\PSoC6\pdl\drivers/peripheral/sysclk/cy_sysclk.h ****     CY_SYSCLK_MEAS_CLK_PATH5 =         0x505U,
1186:Generated_Source\PSoC6\pdl\drivers/peripheral/sysclk/cy_sysclk.h ****     CY_SYSCLK_MEAS_CLK_PATH6 =         0x506U,
1187:Generated_Source\PSoC6\pdl\drivers/peripheral/sysclk/cy_sysclk.h ****     CY_SYSCLK_MEAS_CLK_PATH7 =         0x507U,
1188:Generated_Source\PSoC6\pdl\drivers/peripheral/sysclk/cy_sysclk.h ****     CY_SYSCLK_MEAS_CLK_PATH8 =         0x508U,
1189:Generated_Source\PSoC6\pdl\drivers/peripheral/sysclk/cy_sysclk.h ****     CY_SYSCLK_MEAS_CLK_PATH9 =         0x509U,
1190:Generated_Source\PSoC6\pdl\drivers/peripheral/sysclk/cy_sysclk.h ****     CY_SYSCLK_MEAS_CLK_PATH10 =        0x50AU,
1191:Generated_Source\PSoC6\pdl\drivers/peripheral/sysclk/cy_sysclk.h ****     CY_SYSCLK_MEAS_CLK_PATH11 =        0x50BU,
1192:Generated_Source\PSoC6\pdl\drivers/peripheral/sysclk/cy_sysclk.h ****     CY_SYSCLK_MEAS_CLK_PATH12 =        0x50CU,
1193:Generated_Source\PSoC6\pdl\drivers/peripheral/sysclk/cy_sysclk.h ****     CY_SYSCLK_MEAS_CLK_PATH13 =        0x50DU,
1194:Generated_Source\PSoC6\pdl\drivers/peripheral/sysclk/cy_sysclk.h ****     CY_SYSCLK_MEAS_CLK_PATH14 =        0x50EU,
1195:Generated_Source\PSoC6\pdl\drivers/peripheral/sysclk/cy_sysclk.h ****     CY_SYSCLK_MEAS_CLK_PATH15 =        0x50FU,
1196:Generated_Source\PSoC6\pdl\drivers/peripheral/sysclk/cy_sysclk.h ****     CY_SYSCLK_MEAS_CLK_CLKHFS =        0x600U,
1197:Generated_Source\PSoC6\pdl\drivers/peripheral/sysclk/cy_sysclk.h ****     CY_SYSCLK_MEAS_CLK_CLKHF0 =        0x600U,
1198:Generated_Source\PSoC6\pdl\drivers/peripheral/sysclk/cy_sysclk.h ****     CY_SYSCLK_MEAS_CLK_CLKHF1 =        0x601U,
1199:Generated_Source\PSoC6\pdl\drivers/peripheral/sysclk/cy_sysclk.h ****     CY_SYSCLK_MEAS_CLK_CLKHF2 =        0x602U,
1200:Generated_Source\PSoC6\pdl\drivers/peripheral/sysclk/cy_sysclk.h ****     CY_SYSCLK_MEAS_CLK_CLKHF3 =        0x603U,
1201:Generated_Source\PSoC6\pdl\drivers/peripheral/sysclk/cy_sysclk.h ****     CY_SYSCLK_MEAS_CLK_CLKHF4 =        0x604U,
1202:Generated_Source\PSoC6\pdl\drivers/peripheral/sysclk/cy_sysclk.h ****     CY_SYSCLK_MEAS_CLK_CLKHF5 =        0x605U,
1203:Generated_Source\PSoC6\pdl\drivers/peripheral/sysclk/cy_sysclk.h ****     CY_SYSCLK_MEAS_CLK_CLKHF6 =        0x606U,
1204:Generated_Source\PSoC6\pdl\drivers/peripheral/sysclk/cy_sysclk.h ****     CY_SYSCLK_MEAS_CLK_CLKHF7 =        0x607U,
1205:Generated_Source\PSoC6\pdl\drivers/peripheral/sysclk/cy_sysclk.h ****     CY_SYSCLK_MEAS_CLK_CLKHF8 =        0x608U,
1206:Generated_Source\PSoC6\pdl\drivers/peripheral/sysclk/cy_sysclk.h ****     CY_SYSCLK_MEAS_CLK_CLKHF9 =        0x609U,
1207:Generated_Source\PSoC6\pdl\drivers/peripheral/sysclk/cy_sysclk.h ****     CY_SYSCLK_MEAS_CLK_CLKHF10 =       0x60AU,
1208:Generated_Source\PSoC6\pdl\drivers/peripheral/sysclk/cy_sysclk.h ****     CY_SYSCLK_MEAS_CLK_CLKHF11 =       0x60BU,
1209:Generated_Source\PSoC6\pdl\drivers/peripheral/sysclk/cy_sysclk.h ****     CY_SYSCLK_MEAS_CLK_CLKHF12 =       0x60CU,
1210:Generated_Source\PSoC6\pdl\drivers/peripheral/sysclk/cy_sysclk.h ****     CY_SYSCLK_MEAS_CLK_CLKHF13 =       0x60DU,
1211:Generated_Source\PSoC6\pdl\drivers/peripheral/sysclk/cy_sysclk.h ****     CY_SYSCLK_MEAS_CLK_CLKHF14 =       0x60EU,
1212:Generated_Source\PSoC6\pdl\drivers/peripheral/sysclk/cy_sysclk.h ****     CY_SYSCLK_MEAS_CLK_CLKHF15 =       0x60FU,
1213:Generated_Source\PSoC6\pdl\drivers/peripheral/sysclk/cy_sysclk.h ****     CY_SYSCLK_MEAS_CLK_LAST_CLK =      0x610U
1214:Generated_Source\PSoC6\pdl\drivers/peripheral/sysclk/cy_sysclk.h **** } cy_en_meas_clks_t;
1215:Generated_Source\PSoC6\pdl\drivers/peripheral/sysclk/cy_sysclk.h **** /** \} group_sysclk_calclk_enums */
ARM GAS  C:\Users\Finik\AppData\Local\Temp\cctwKBtC.s 			page 26


1216:Generated_Source\PSoC6\pdl\drivers/peripheral/sysclk/cy_sysclk.h **** 
1217:Generated_Source\PSoC6\pdl\drivers/peripheral/sysclk/cy_sysclk.h **** /**
1218:Generated_Source\PSoC6\pdl\drivers/peripheral/sysclk/cy_sysclk.h **** * \addtogroup group_sysclk_calclk_funcs
1219:Generated_Source\PSoC6\pdl\drivers/peripheral/sysclk/cy_sysclk.h **** * \{
1220:Generated_Source\PSoC6\pdl\drivers/peripheral/sysclk/cy_sysclk.h **** */
1221:Generated_Source\PSoC6\pdl\drivers/peripheral/sysclk/cy_sysclk.h **** cy_en_sysclk_status_t Cy_SysClk_StartClkMeasurementCounters(cy_en_meas_clks_t clock1, uint32_t coun
1222:Generated_Source\PSoC6\pdl\drivers/peripheral/sysclk/cy_sysclk.h **** __STATIC_INLINE bool Cy_SysClk_ClkMeasurementCountersDone(void);
1223:Generated_Source\PSoC6\pdl\drivers/peripheral/sysclk/cy_sysclk.h **** uint32_t Cy_SysClk_ClkMeasurementCountersGetFreq(bool measuredClock, uint32_t refClkFreq);
1224:Generated_Source\PSoC6\pdl\drivers/peripheral/sysclk/cy_sysclk.h **** 
1225:Generated_Source\PSoC6\pdl\drivers/peripheral/sysclk/cy_sysclk.h **** /*******************************************************************************
1226:Generated_Source\PSoC6\pdl\drivers/peripheral/sysclk/cy_sysclk.h **** * Function Name: Cy_SysClk_ClkMeasurementCountersDone
1227:Generated_Source\PSoC6\pdl\drivers/peripheral/sysclk/cy_sysclk.h **** ****************************************************************************//**
1228:Generated_Source\PSoC6\pdl\drivers/peripheral/sysclk/cy_sysclk.h **** *
1229:Generated_Source\PSoC6\pdl\drivers/peripheral/sysclk/cy_sysclk.h **** * Checks if clock measurement counting is done, that is, counter1 has counted down
1230:Generated_Source\PSoC6\pdl\drivers/peripheral/sysclk/cy_sysclk.h **** * to zero. Call \ref Cy_SysClk_StartClkMeasurementCounters() before calling this function.
1231:Generated_Source\PSoC6\pdl\drivers/peripheral/sysclk/cy_sysclk.h **** *
1232:Generated_Source\PSoC6\pdl\drivers/peripheral/sysclk/cy_sysclk.h **** * \return Status of calibration counters:<br>
1233:Generated_Source\PSoC6\pdl\drivers/peripheral/sysclk/cy_sysclk.h **** * true = done<br>
1234:Generated_Source\PSoC6\pdl\drivers/peripheral/sysclk/cy_sysclk.h **** * false = not done
1235:Generated_Source\PSoC6\pdl\drivers/peripheral/sysclk/cy_sysclk.h **** *
1236:Generated_Source\PSoC6\pdl\drivers/peripheral/sysclk/cy_sysclk.h **** * \funcusage
1237:Generated_Source\PSoC6\pdl\drivers/peripheral/sysclk/cy_sysclk.h **** * Refer to the Cy_SysClk_StartClkMeasurementCounters() function usage.
1238:Generated_Source\PSoC6\pdl\drivers/peripheral/sysclk/cy_sysclk.h **** *
1239:Generated_Source\PSoC6\pdl\drivers/peripheral/sysclk/cy_sysclk.h **** *******************************************************************************/
1240:Generated_Source\PSoC6\pdl\drivers/peripheral/sysclk/cy_sysclk.h **** __STATIC_INLINE bool Cy_SysClk_ClkMeasurementCountersDone(void)
1241:Generated_Source\PSoC6\pdl\drivers/peripheral/sysclk/cy_sysclk.h **** {
1242:Generated_Source\PSoC6\pdl\drivers/peripheral/sysclk/cy_sysclk.h ****     return (_FLD2BOOL(SRSS_CLK_CAL_CNT1_CAL_COUNTER_DONE, SRSS_CLK_CAL_CNT1));
1243:Generated_Source\PSoC6\pdl\drivers/peripheral/sysclk/cy_sysclk.h **** }
1244:Generated_Source\PSoC6\pdl\drivers/peripheral/sysclk/cy_sysclk.h **** /** \} group_sysclk_calclk_funcs */
1245:Generated_Source\PSoC6\pdl\drivers/peripheral/sysclk/cy_sysclk.h **** 
1246:Generated_Source\PSoC6\pdl\drivers/peripheral/sysclk/cy_sysclk.h **** 
1247:Generated_Source\PSoC6\pdl\drivers/peripheral/sysclk/cy_sysclk.h **** /* ========================================================================== */
1248:Generated_Source\PSoC6\pdl\drivers/peripheral/sysclk/cy_sysclk.h **** /* ==========================    TRIM SECTION    ============================ */
1249:Generated_Source\PSoC6\pdl\drivers/peripheral/sysclk/cy_sysclk.h **** /* ========================================================================== */
1250:Generated_Source\PSoC6\pdl\drivers/peripheral/sysclk/cy_sysclk.h **** /**
1251:Generated_Source\PSoC6\pdl\drivers/peripheral/sysclk/cy_sysclk.h **** * \addtogroup group_sysclk_trim_funcs
1252:Generated_Source\PSoC6\pdl\drivers/peripheral/sysclk/cy_sysclk.h **** * \{
1253:Generated_Source\PSoC6\pdl\drivers/peripheral/sysclk/cy_sysclk.h **** */
1254:Generated_Source\PSoC6\pdl\drivers/peripheral/sysclk/cy_sysclk.h **** int32_t Cy_SysClk_IloTrim(uint32_t iloFreq);
1255:Generated_Source\PSoC6\pdl\drivers/peripheral/sysclk/cy_sysclk.h **** int32_t Cy_SysClk_PiloTrim(uint32_t piloFreq);
1256:Generated_Source\PSoC6\pdl\drivers/peripheral/sysclk/cy_sysclk.h **** /** \} group_sysclk_trim_funcs */
1257:Generated_Source\PSoC6\pdl\drivers/peripheral/sysclk/cy_sysclk.h **** 
1258:Generated_Source\PSoC6\pdl\drivers/peripheral/sysclk/cy_sysclk.h **** 
1259:Generated_Source\PSoC6\pdl\drivers/peripheral/sysclk/cy_sysclk.h **** /* ========================================================================== */
1260:Generated_Source\PSoC6\pdl\drivers/peripheral/sysclk/cy_sysclk.h **** /* ======================    POWER MANAGEMENT SECTION    ==================== */
1261:Generated_Source\PSoC6\pdl\drivers/peripheral/sysclk/cy_sysclk.h **** /* ========================================================================== */
1262:Generated_Source\PSoC6\pdl\drivers/peripheral/sysclk/cy_sysclk.h **** /**
1263:Generated_Source\PSoC6\pdl\drivers/peripheral/sysclk/cy_sysclk.h **** * \addtogroup group_sysclk_pm_funcs
1264:Generated_Source\PSoC6\pdl\drivers/peripheral/sysclk/cy_sysclk.h **** * \{
1265:Generated_Source\PSoC6\pdl\drivers/peripheral/sysclk/cy_sysclk.h **** */
1266:Generated_Source\PSoC6\pdl\drivers/peripheral/sysclk/cy_sysclk.h **** cy_en_syspm_status_t Cy_SysClk_DeepSleepCallback(cy_stc_syspm_callback_params_t *callbackParams, cy
1267:Generated_Source\PSoC6\pdl\drivers/peripheral/sysclk/cy_sysclk.h **** /** \} group_sysclk_pm_funcs */
1268:Generated_Source\PSoC6\pdl\drivers/peripheral/sysclk/cy_sysclk.h **** 
1269:Generated_Source\PSoC6\pdl\drivers/peripheral/sysclk/cy_sysclk.h **** 
1270:Generated_Source\PSoC6\pdl\drivers/peripheral/sysclk/cy_sysclk.h **** /* ========================================================================== */
1271:Generated_Source\PSoC6\pdl\drivers/peripheral/sysclk/cy_sysclk.h **** /* ===========================    WCO SECTION    ============================ */
1272:Generated_Source\PSoC6\pdl\drivers/peripheral/sysclk/cy_sysclk.h **** /* ========================================================================== */
ARM GAS  C:\Users\Finik\AppData\Local\Temp\cctwKBtC.s 			page 27


1273:Generated_Source\PSoC6\pdl\drivers/peripheral/sysclk/cy_sysclk.h **** /**
1274:Generated_Source\PSoC6\pdl\drivers/peripheral/sysclk/cy_sysclk.h **** * \addtogroup group_sysclk_wco_enums
1275:Generated_Source\PSoC6\pdl\drivers/peripheral/sysclk/cy_sysclk.h **** * \{
1276:Generated_Source\PSoC6\pdl\drivers/peripheral/sysclk/cy_sysclk.h **** */
1277:Generated_Source\PSoC6\pdl\drivers/peripheral/sysclk/cy_sysclk.h **** /** WCO bypass modes */
1278:Generated_Source\PSoC6\pdl\drivers/peripheral/sysclk/cy_sysclk.h **** typedef enum
1279:Generated_Source\PSoC6\pdl\drivers/peripheral/sysclk/cy_sysclk.h **** {
1280:Generated_Source\PSoC6\pdl\drivers/peripheral/sysclk/cy_sysclk.h ****     CY_SYSCLK_WCO_NOT_BYPASSED = 0u, /**< WCO is not bypassed crystal is used */
1281:Generated_Source\PSoC6\pdl\drivers/peripheral/sysclk/cy_sysclk.h ****     CY_SYSCLK_WCO_BYPASSED = 1U      /**< WCO is bypassed external clock must be supplied  on XTAL 
1282:Generated_Source\PSoC6\pdl\drivers/peripheral/sysclk/cy_sysclk.h **** } cy_en_wco_bypass_modes_t;
1283:Generated_Source\PSoC6\pdl\drivers/peripheral/sysclk/cy_sysclk.h **** 
1284:Generated_Source\PSoC6\pdl\drivers/peripheral/sysclk/cy_sysclk.h **** /** WCO CSV supervisor clock selections */
1285:Generated_Source\PSoC6\pdl\drivers/peripheral/sysclk/cy_sysclk.h **** typedef enum
1286:Generated_Source\PSoC6\pdl\drivers/peripheral/sysclk/cy_sysclk.h **** {
1287:Generated_Source\PSoC6\pdl\drivers/peripheral/sysclk/cy_sysclk.h ****     CY_SYSCLK_WCO_CSV_SUPERVISOR_ILO,   /**< WCO CSV supervisor clock source is the ILO */
1288:Generated_Source\PSoC6\pdl\drivers/peripheral/sysclk/cy_sysclk.h ****     CY_SYSCLK_WCO_CSV_SUPERVISOR_ALTLF, /**< WCO CSV supervisor clock source is the alternate low-f
1289:Generated_Source\PSoC6\pdl\drivers/peripheral/sysclk/cy_sysclk.h ****     CY_SYSCLK_WCO_CSV_SUPERVISOR_PILO   /**< WCO CSV supervisor clock source is the PILO */
1290:Generated_Source\PSoC6\pdl\drivers/peripheral/sysclk/cy_sysclk.h **** } cy_en_wco_csv_supervisor_clock_t;
1291:Generated_Source\PSoC6\pdl\drivers/peripheral/sysclk/cy_sysclk.h **** 
1292:Generated_Source\PSoC6\pdl\drivers/peripheral/sysclk/cy_sysclk.h **** /**
1293:Generated_Source\PSoC6\pdl\drivers/peripheral/sysclk/cy_sysclk.h **** * Clock supervisor clock loss window. There must be one clock of the supervised
1294:Generated_Source\PSoC6\pdl\drivers/peripheral/sysclk/cy_sysclk.h **** * clock within this many clocks of the supervising clock.
1295:Generated_Source\PSoC6\pdl\drivers/peripheral/sysclk/cy_sysclk.h **** * See registers CLK_CSV_HF_CTL and CLK_CSV_WCO_CTL, bitfield CSV_LOSS_WINDOW.
1296:Generated_Source\PSoC6\pdl\drivers/peripheral/sysclk/cy_sysclk.h **** */
1297:Generated_Source\PSoC6\pdl\drivers/peripheral/sysclk/cy_sysclk.h **** typedef enum
1298:Generated_Source\PSoC6\pdl\drivers/peripheral/sysclk/cy_sysclk.h **** {
1299:Generated_Source\PSoC6\pdl\drivers/peripheral/sysclk/cy_sysclk.h ****     CY_SYSCLK_CSV_LOSS_4_CYCLES =   0u, /**< 1 clock must be seen within 4 cycles of the supervisin
1300:Generated_Source\PSoC6\pdl\drivers/peripheral/sysclk/cy_sysclk.h ****     CY_SYSCLK_CSV_LOSS_8_CYCLES =   1U, /**< 1 clock must be seen within 8 cycles of the supervisin
1301:Generated_Source\PSoC6\pdl\drivers/peripheral/sysclk/cy_sysclk.h ****     CY_SYSCLK_CSV_LOSS_16_CYCLES =  2u, /**< 1 clock must be seen within 16 cycles of the supervisi
1302:Generated_Source\PSoC6\pdl\drivers/peripheral/sysclk/cy_sysclk.h ****     CY_SYSCLK_CSV_LOSS_32_CYCLES =  3u, /**< 1 clock must be seen within 32 cycles of the supervisi
1303:Generated_Source\PSoC6\pdl\drivers/peripheral/sysclk/cy_sysclk.h ****     CY_SYSCLK_CSV_LOSS_64_CYCLES =  4u, /**< 1 clock must be seen within 64 cycles of the supervisi
1304:Generated_Source\PSoC6\pdl\drivers/peripheral/sysclk/cy_sysclk.h ****     CY_SYSCLK_CSV_LOSS_128_CYCLES = 5u, /**< 1 clock must be seen within 128 cycles of the supervis
1305:Generated_Source\PSoC6\pdl\drivers/peripheral/sysclk/cy_sysclk.h ****     CY_SYSCLK_CSV_LOSS_256_CYCLES = 6u, /**< 1 clock must be seen within 256 cycles of the supervis
1306:Generated_Source\PSoC6\pdl\drivers/peripheral/sysclk/cy_sysclk.h ****     CY_SYSCLK_CSV_LOSS_512_CYCLES = 7u  /**< 1 clock must be seen within 512 cycles of the supervis
1307:Generated_Source\PSoC6\pdl\drivers/peripheral/sysclk/cy_sysclk.h **** } cy_en_csv_loss_window_t;
1308:Generated_Source\PSoC6\pdl\drivers/peripheral/sysclk/cy_sysclk.h **** 
1309:Generated_Source\PSoC6\pdl\drivers/peripheral/sysclk/cy_sysclk.h **** /**
1310:Generated_Source\PSoC6\pdl\drivers/peripheral/sysclk/cy_sysclk.h **** * Clock supervisor error actions. See register CLK_CSV_HF_CTL[CSV_FREQ_ACTION and CSV_LOSS_ACTION].
1311:Generated_Source\PSoC6\pdl\drivers/peripheral/sysclk/cy_sysclk.h **** */
1312:Generated_Source\PSoC6\pdl\drivers/peripheral/sysclk/cy_sysclk.h **** typedef enum
1313:Generated_Source\PSoC6\pdl\drivers/peripheral/sysclk/cy_sysclk.h **** {
1314:Generated_Source\PSoC6\pdl\drivers/peripheral/sysclk/cy_sysclk.h ****     CY_SYSCLK_CSV_ERROR_IGNORE = 0u,     /**< Ignore the error reported by the clock supervisor. */
1315:Generated_Source\PSoC6\pdl\drivers/peripheral/sysclk/cy_sysclk.h ****     CY_SYSCLK_CSV_ERROR_FAULT = 1U,      /**< Trigger a fault when an error is reported by the cloc
1316:Generated_Source\PSoC6\pdl\drivers/peripheral/sysclk/cy_sysclk.h ****     CY_SYSCLK_CSV_ERROR_RESET = 2u,      /**< Trigger a reset when an error is reported by the cloc
1317:Generated_Source\PSoC6\pdl\drivers/peripheral/sysclk/cy_sysclk.h ****     CY_SYSCLK_CSV_ERROR_FAULT_RESET = 3u /**< Trigger a fault then reset when an error is reported 
1318:Generated_Source\PSoC6\pdl\drivers/peripheral/sysclk/cy_sysclk.h **** } cy_en_csv_error_actions_t;
1319:Generated_Source\PSoC6\pdl\drivers/peripheral/sysclk/cy_sysclk.h **** /** \} group_sysclk_wco_enums */
1320:Generated_Source\PSoC6\pdl\drivers/peripheral/sysclk/cy_sysclk.h **** 
1321:Generated_Source\PSoC6\pdl\drivers/peripheral/sysclk/cy_sysclk.h **** /**
1322:Generated_Source\PSoC6\pdl\drivers/peripheral/sysclk/cy_sysclk.h **** * \addtogroup group_sysclk_wco_structs
1323:Generated_Source\PSoC6\pdl\drivers/peripheral/sysclk/cy_sysclk.h **** * \{
1324:Generated_Source\PSoC6\pdl\drivers/peripheral/sysclk/cy_sysclk.h **** */
1325:Generated_Source\PSoC6\pdl\drivers/peripheral/sysclk/cy_sysclk.h **** /**
1326:Generated_Source\PSoC6\pdl\drivers/peripheral/sysclk/cy_sysclk.h **** * This structure is used to configure the clock supervisor for the WCO.
1327:Generated_Source\PSoC6\pdl\drivers/peripheral/sysclk/cy_sysclk.h **** */
1328:Generated_Source\PSoC6\pdl\drivers/peripheral/sysclk/cy_sysclk.h **** typedef struct
1329:Generated_Source\PSoC6\pdl\drivers/peripheral/sysclk/cy_sysclk.h **** {
ARM GAS  C:\Users\Finik\AppData\Local\Temp\cctwKBtC.s 			page 28


1330:Generated_Source\PSoC6\pdl\drivers/peripheral/sysclk/cy_sysclk.h ****     cy_en_wco_csv_supervisor_clock_t supervisorClock; /**< supervisor clock selection */
1331:Generated_Source\PSoC6\pdl\drivers/peripheral/sysclk/cy_sysclk.h ****     bool enableLossDetection;                         /**< 1= enabled, 0= disabled. Note that if lo
1332:Generated_Source\PSoC6\pdl\drivers/peripheral/sysclk/cy_sysclk.h ****     cy_en_csv_loss_window_t lossWindow;               /**< \ref cy_en_csv_loss_window_t */
1333:Generated_Source\PSoC6\pdl\drivers/peripheral/sysclk/cy_sysclk.h ****     cy_en_csv_error_actions_t lossAction;             /**< \ref cy_en_csv_error_actions_t */
1334:Generated_Source\PSoC6\pdl\drivers/peripheral/sysclk/cy_sysclk.h **** } cy_stc_wco_csv_config_t;
1335:Generated_Source\PSoC6\pdl\drivers/peripheral/sysclk/cy_sysclk.h **** /** \} group_sysclk_wco_structs */
1336:Generated_Source\PSoC6\pdl\drivers/peripheral/sysclk/cy_sysclk.h **** 
1337:Generated_Source\PSoC6\pdl\drivers/peripheral/sysclk/cy_sysclk.h **** /**
1338:Generated_Source\PSoC6\pdl\drivers/peripheral/sysclk/cy_sysclk.h **** * \addtogroup group_sysclk_wco_funcs
1339:Generated_Source\PSoC6\pdl\drivers/peripheral/sysclk/cy_sysclk.h **** * \{
1340:Generated_Source\PSoC6\pdl\drivers/peripheral/sysclk/cy_sysclk.h **** */
1341:Generated_Source\PSoC6\pdl\drivers/peripheral/sysclk/cy_sysclk.h **** __STATIC_INLINE cy_en_sysclk_status_t Cy_SysClk_WcoEnable(uint32_t timeoutus);
1342:Generated_Source\PSoC6\pdl\drivers/peripheral/sysclk/cy_sysclk.h **** __STATIC_INLINE bool Cy_SysClk_WcoOkay(void);
1343:Generated_Source\PSoC6\pdl\drivers/peripheral/sysclk/cy_sysclk.h **** __STATIC_INLINE void Cy_SysClk_WcoDisable(void);
1344:Generated_Source\PSoC6\pdl\drivers/peripheral/sysclk/cy_sysclk.h **** __STATIC_INLINE void Cy_SysClk_WcoBypass(cy_en_wco_bypass_modes_t bypass);
1345:Generated_Source\PSoC6\pdl\drivers/peripheral/sysclk/cy_sysclk.h **** 
1346:Generated_Source\PSoC6\pdl\drivers/peripheral/sysclk/cy_sysclk.h **** 
1347:Generated_Source\PSoC6\pdl\drivers/peripheral/sysclk/cy_sysclk.h **** /*******************************************************************************
1348:Generated_Source\PSoC6\pdl\drivers/peripheral/sysclk/cy_sysclk.h **** * Function Name: Cy_SysClk_WcoEnable
1349:Generated_Source\PSoC6\pdl\drivers/peripheral/sysclk/cy_sysclk.h **** ****************************************************************************//**
1350:Generated_Source\PSoC6\pdl\drivers/peripheral/sysclk/cy_sysclk.h **** *
1351:Generated_Source\PSoC6\pdl\drivers/peripheral/sysclk/cy_sysclk.h **** * Enables the WCO.
1352:Generated_Source\PSoC6\pdl\drivers/peripheral/sysclk/cy_sysclk.h **** *
1353:Generated_Source\PSoC6\pdl\drivers/peripheral/sysclk/cy_sysclk.h **** * \param timeoutus amount of time in microseconds to wait for the WCO to be ready.
1354:Generated_Source\PSoC6\pdl\drivers/peripheral/sysclk/cy_sysclk.h **** * If WCO is not ready, WCO is stopped. To avoid waiting for WCO ready set this to 0,
1355:Generated_Source\PSoC6\pdl\drivers/peripheral/sysclk/cy_sysclk.h **** * and manually check if WCO is okay using \ref Cy_SysClk_WcoOkay.
1356:Generated_Source\PSoC6\pdl\drivers/peripheral/sysclk/cy_sysclk.h **** *
1357:Generated_Source\PSoC6\pdl\drivers/peripheral/sysclk/cy_sysclk.h **** * \return Error / status code:<br>
1358:Generated_Source\PSoC6\pdl\drivers/peripheral/sysclk/cy_sysclk.h **** * CY_SYSCLK_SUCCESS - WCO successfully enabled<br>
1359:Generated_Source\PSoC6\pdl\drivers/peripheral/sysclk/cy_sysclk.h **** * CY_SYSCLK_TIMEOUT - Timeout waiting for WCO to stabilize
1360:Generated_Source\PSoC6\pdl\drivers/peripheral/sysclk/cy_sysclk.h **** *
1361:Generated_Source\PSoC6\pdl\drivers/peripheral/sysclk/cy_sysclk.h **** * \funcusage
1362:Generated_Source\PSoC6\pdl\drivers/peripheral/sysclk/cy_sysclk.h **** * \snippet sysclk/2.0/snippet/main.c snippet_Cy_SysClk_WcoEnable
1363:Generated_Source\PSoC6\pdl\drivers/peripheral/sysclk/cy_sysclk.h **** *
1364:Generated_Source\PSoC6\pdl\drivers/peripheral/sysclk/cy_sysclk.h **** *******************************************************************************/
1365:Generated_Source\PSoC6\pdl\drivers/peripheral/sysclk/cy_sysclk.h **** __STATIC_INLINE cy_en_sysclk_status_t Cy_SysClk_WcoEnable(uint32_t timeoutus)
1366:Generated_Source\PSoC6\pdl\drivers/peripheral/sysclk/cy_sysclk.h **** {
1367:Generated_Source\PSoC6\pdl\drivers/peripheral/sysclk/cy_sysclk.h ****     cy_en_sysclk_status_t rtnval = CY_SYSCLK_TIMEOUT;
1368:Generated_Source\PSoC6\pdl\drivers/peripheral/sysclk/cy_sysclk.h **** 
1369:Generated_Source\PSoC6\pdl\drivers/peripheral/sysclk/cy_sysclk.h ****     /* first set the WCO enable bit */
1370:Generated_Source\PSoC6\pdl\drivers/peripheral/sysclk/cy_sysclk.h ****     BACKUP_CTL |= BACKUP_CTL_WCO_EN_Msk;
1371:Generated_Source\PSoC6\pdl\drivers/peripheral/sysclk/cy_sysclk.h **** 
1372:Generated_Source\PSoC6\pdl\drivers/peripheral/sysclk/cy_sysclk.h ****     /* now do the timeout wait for STATUS, bit WCO_OK */
1373:Generated_Source\PSoC6\pdl\drivers/peripheral/sysclk/cy_sysclk.h ****     for (; (Cy_SysClk_WcoOkay() == false) && (0UL != timeoutus); timeoutus--)
1374:Generated_Source\PSoC6\pdl\drivers/peripheral/sysclk/cy_sysclk.h ****     {
1375:Generated_Source\PSoC6\pdl\drivers/peripheral/sysclk/cy_sysclk.h ****         Cy_SysLib_DelayUs(1U);
1376:Generated_Source\PSoC6\pdl\drivers/peripheral/sysclk/cy_sysclk.h ****     }
1377:Generated_Source\PSoC6\pdl\drivers/peripheral/sysclk/cy_sysclk.h ****     if (0UL != timeoutus)
1378:Generated_Source\PSoC6\pdl\drivers/peripheral/sysclk/cy_sysclk.h ****     {
1379:Generated_Source\PSoC6\pdl\drivers/peripheral/sysclk/cy_sysclk.h ****         rtnval = CY_SYSCLK_SUCCESS;
1380:Generated_Source\PSoC6\pdl\drivers/peripheral/sysclk/cy_sysclk.h ****     }
1381:Generated_Source\PSoC6\pdl\drivers/peripheral/sysclk/cy_sysclk.h **** 
1382:Generated_Source\PSoC6\pdl\drivers/peripheral/sysclk/cy_sysclk.h ****     return (rtnval);
1383:Generated_Source\PSoC6\pdl\drivers/peripheral/sysclk/cy_sysclk.h **** }
1384:Generated_Source\PSoC6\pdl\drivers/peripheral/sysclk/cy_sysclk.h **** 
1385:Generated_Source\PSoC6\pdl\drivers/peripheral/sysclk/cy_sysclk.h **** /*******************************************************************************
1386:Generated_Source\PSoC6\pdl\drivers/peripheral/sysclk/cy_sysclk.h **** * Function Name: Cy_SysClk_WcoOkay
ARM GAS  C:\Users\Finik\AppData\Local\Temp\cctwKBtC.s 			page 29


1387:Generated_Source\PSoC6\pdl\drivers/peripheral/sysclk/cy_sysclk.h **** ****************************************************************************//**
1388:Generated_Source\PSoC6\pdl\drivers/peripheral/sysclk/cy_sysclk.h **** *
1389:Generated_Source\PSoC6\pdl\drivers/peripheral/sysclk/cy_sysclk.h **** * Reports the status of the WCO_OK bit.
1390:Generated_Source\PSoC6\pdl\drivers/peripheral/sysclk/cy_sysclk.h **** *
1391:Generated_Source\PSoC6\pdl\drivers/peripheral/sysclk/cy_sysclk.h **** * \return 
1392:Generated_Source\PSoC6\pdl\drivers/peripheral/sysclk/cy_sysclk.h **** * true = okay<br>
1393:Generated_Source\PSoC6\pdl\drivers/peripheral/sysclk/cy_sysclk.h **** * false = not okay
1394:Generated_Source\PSoC6\pdl\drivers/peripheral/sysclk/cy_sysclk.h **** *
1395:Generated_Source\PSoC6\pdl\drivers/peripheral/sysclk/cy_sysclk.h **** * \funcusage
1396:Generated_Source\PSoC6\pdl\drivers/peripheral/sysclk/cy_sysclk.h **** * \snippet sysclk/2.0/snippet/main.c snippet_Cy_SysClk_WcoOkay
1397:Generated_Source\PSoC6\pdl\drivers/peripheral/sysclk/cy_sysclk.h **** *
1398:Generated_Source\PSoC6\pdl\drivers/peripheral/sysclk/cy_sysclk.h **** *******************************************************************************/
1399:Generated_Source\PSoC6\pdl\drivers/peripheral/sysclk/cy_sysclk.h **** __STATIC_INLINE bool Cy_SysClk_WcoOkay(void)
1400:Generated_Source\PSoC6\pdl\drivers/peripheral/sysclk/cy_sysclk.h **** {
1401:Generated_Source\PSoC6\pdl\drivers/peripheral/sysclk/cy_sysclk.h ****     return (_FLD2BOOL(BACKUP_STATUS_WCO_OK, BACKUP_STATUS));
1402:Generated_Source\PSoC6\pdl\drivers/peripheral/sysclk/cy_sysclk.h **** }
1403:Generated_Source\PSoC6\pdl\drivers/peripheral/sysclk/cy_sysclk.h **** 
1404:Generated_Source\PSoC6\pdl\drivers/peripheral/sysclk/cy_sysclk.h **** /*******************************************************************************
1405:Generated_Source\PSoC6\pdl\drivers/peripheral/sysclk/cy_sysclk.h **** * Function Name: Cy_SysClk_WcoDisable
1406:Generated_Source\PSoC6\pdl\drivers/peripheral/sysclk/cy_sysclk.h **** ****************************************************************************//**
1407:Generated_Source\PSoC6\pdl\drivers/peripheral/sysclk/cy_sysclk.h **** *
1408:Generated_Source\PSoC6\pdl\drivers/peripheral/sysclk/cy_sysclk.h **** * Disables the WCO.
1409:Generated_Source\PSoC6\pdl\drivers/peripheral/sysclk/cy_sysclk.h **** *
1410:Generated_Source\PSoC6\pdl\drivers/peripheral/sysclk/cy_sysclk.h **** * \funcusage
1411:Generated_Source\PSoC6\pdl\drivers/peripheral/sysclk/cy_sysclk.h **** * \snippet sysclk/2.0/snippet/main.c snippet_Cy_SysClk_WcoDisable
1412:Generated_Source\PSoC6\pdl\drivers/peripheral/sysclk/cy_sysclk.h **** *
1413:Generated_Source\PSoC6\pdl\drivers/peripheral/sysclk/cy_sysclk.h **** *******************************************************************************/
1414:Generated_Source\PSoC6\pdl\drivers/peripheral/sysclk/cy_sysclk.h **** __STATIC_INLINE void Cy_SysClk_WcoDisable(void)
1415:Generated_Source\PSoC6\pdl\drivers/peripheral/sysclk/cy_sysclk.h **** {
1416:Generated_Source\PSoC6\pdl\drivers/peripheral/sysclk/cy_sysclk.h ****     BACKUP_CTL &= (uint32_t)~BACKUP_CTL_WCO_EN_Msk;
1417:Generated_Source\PSoC6\pdl\drivers/peripheral/sysclk/cy_sysclk.h **** }
1418:Generated_Source\PSoC6\pdl\drivers/peripheral/sysclk/cy_sysclk.h **** 
1419:Generated_Source\PSoC6\pdl\drivers/peripheral/sysclk/cy_sysclk.h **** /*******************************************************************************
1420:Generated_Source\PSoC6\pdl\drivers/peripheral/sysclk/cy_sysclk.h **** * Function Name: Cy_SysClk_WcoBypass
1421:Generated_Source\PSoC6\pdl\drivers/peripheral/sysclk/cy_sysclk.h **** ****************************************************************************//**
1422:Generated_Source\PSoC6\pdl\drivers/peripheral/sysclk/cy_sysclk.h **** *
1423:Generated_Source\PSoC6\pdl\drivers/peripheral/sysclk/cy_sysclk.h **** * Sets whether the WCO is bypassed or not. If it is bypassed, then a 32-kHz clock
1424:Generated_Source\PSoC6\pdl\drivers/peripheral/sysclk/cy_sysclk.h **** * must be provided on the wco_out pin.
1425:Generated_Source\PSoC6\pdl\drivers/peripheral/sysclk/cy_sysclk.h **** *
1426:Generated_Source\PSoC6\pdl\drivers/peripheral/sysclk/cy_sysclk.h **** * \param bypass \ref cy_en_wco_bypass_modes_t
1427:Generated_Source\PSoC6\pdl\drivers/peripheral/sysclk/cy_sysclk.h **** *
1428:Generated_Source\PSoC6\pdl\drivers/peripheral/sysclk/cy_sysclk.h **** * \funcusage
1429:Generated_Source\PSoC6\pdl\drivers/peripheral/sysclk/cy_sysclk.h **** * \snippet sysclk/2.0/snippet/main.c snippet_Cy_SysClk_WcoBypass
1430:Generated_Source\PSoC6\pdl\drivers/peripheral/sysclk/cy_sysclk.h **** *
1431:Generated_Source\PSoC6\pdl\drivers/peripheral/sysclk/cy_sysclk.h **** *******************************************************************************/
1432:Generated_Source\PSoC6\pdl\drivers/peripheral/sysclk/cy_sysclk.h **** __STATIC_INLINE void Cy_SysClk_WcoBypass(cy_en_wco_bypass_modes_t bypass)
1433:Generated_Source\PSoC6\pdl\drivers/peripheral/sysclk/cy_sysclk.h **** {
1434:Generated_Source\PSoC6\pdl\drivers/peripheral/sysclk/cy_sysclk.h ****     CY_REG32_CLR_SET(BACKUP_CTL, BACKUP_CTL_WCO_BYPASS, bypass);
1435:Generated_Source\PSoC6\pdl\drivers/peripheral/sysclk/cy_sysclk.h **** }
1436:Generated_Source\PSoC6\pdl\drivers/peripheral/sysclk/cy_sysclk.h **** /** \} group_sysclk_wco_funcs */
1437:Generated_Source\PSoC6\pdl\drivers/peripheral/sysclk/cy_sysclk.h **** 
1438:Generated_Source\PSoC6\pdl\drivers/peripheral/sysclk/cy_sysclk.h **** 
1439:Generated_Source\PSoC6\pdl\drivers/peripheral/sysclk/cy_sysclk.h **** /* ========================================================================== */
1440:Generated_Source\PSoC6\pdl\drivers/peripheral/sysclk/cy_sysclk.h **** /* =========================    clkHf[n] SECTION    ========================= */
1441:Generated_Source\PSoC6\pdl\drivers/peripheral/sysclk/cy_sysclk.h **** /* ========================================================================== */
1442:Generated_Source\PSoC6\pdl\drivers/peripheral/sysclk/cy_sysclk.h **** /**
1443:Generated_Source\PSoC6\pdl\drivers/peripheral/sysclk/cy_sysclk.h **** * \addtogroup group_sysclk_clk_hf_enums
ARM GAS  C:\Users\Finik\AppData\Local\Temp\cctwKBtC.s 			page 30


1444:Generated_Source\PSoC6\pdl\drivers/peripheral/sysclk/cy_sysclk.h **** * \{
1445:Generated_Source\PSoC6\pdl\drivers/peripheral/sysclk/cy_sysclk.h **** */
1446:Generated_Source\PSoC6\pdl\drivers/peripheral/sysclk/cy_sysclk.h **** /**
1447:Generated_Source\PSoC6\pdl\drivers/peripheral/sysclk/cy_sysclk.h **** * Selects which clkHf input, or root mux, to configure.
1448:Generated_Source\PSoC6\pdl\drivers/peripheral/sysclk/cy_sysclk.h **** * See CLK_ROOT_SELECT registers, bits ROOT_MUX.
1449:Generated_Source\PSoC6\pdl\drivers/peripheral/sysclk/cy_sysclk.h **** * Used with functions \ref Cy_SysClk_ClkHfSetSource and \ref Cy_SysClk_ClkHfGetSource.
1450:Generated_Source\PSoC6\pdl\drivers/peripheral/sysclk/cy_sysclk.h **** */
1451:Generated_Source\PSoC6\pdl\drivers/peripheral/sysclk/cy_sysclk.h **** typedef enum
1452:Generated_Source\PSoC6\pdl\drivers/peripheral/sysclk/cy_sysclk.h **** {
1453:Generated_Source\PSoC6\pdl\drivers/peripheral/sysclk/cy_sysclk.h ****     CY_SYSCLK_CLKHF_IN_CLKPATH0  = 0U,  /**< clkHf input is Clock Path 0 */
1454:Generated_Source\PSoC6\pdl\drivers/peripheral/sysclk/cy_sysclk.h ****     CY_SYSCLK_CLKHF_IN_CLKPATH1  = 1U,  /**< clkHf input is Clock Path 1 */
1455:Generated_Source\PSoC6\pdl\drivers/peripheral/sysclk/cy_sysclk.h ****     CY_SYSCLK_CLKHF_IN_CLKPATH2  = 2U,  /**< clkHf input is Clock Path 2 */
1456:Generated_Source\PSoC6\pdl\drivers/peripheral/sysclk/cy_sysclk.h ****     CY_SYSCLK_CLKHF_IN_CLKPATH3  = 3U,  /**< clkHf input is Clock Path 3 */
1457:Generated_Source\PSoC6\pdl\drivers/peripheral/sysclk/cy_sysclk.h ****     CY_SYSCLK_CLKHF_IN_CLKPATH4  = 4U,  /**< clkHf input is Clock Path 4 */
1458:Generated_Source\PSoC6\pdl\drivers/peripheral/sysclk/cy_sysclk.h ****     CY_SYSCLK_CLKHF_IN_CLKPATH5  = 5U,  /**< clkHf input is Clock Path 5 */
1459:Generated_Source\PSoC6\pdl\drivers/peripheral/sysclk/cy_sysclk.h ****     CY_SYSCLK_CLKHF_IN_CLKPATH6  = 6U,  /**< clkHf input is Clock Path 6 */
1460:Generated_Source\PSoC6\pdl\drivers/peripheral/sysclk/cy_sysclk.h ****     CY_SYSCLK_CLKHF_IN_CLKPATH7  = 7U,  /**< clkHf input is Clock Path 7 */
1461:Generated_Source\PSoC6\pdl\drivers/peripheral/sysclk/cy_sysclk.h ****     CY_SYSCLK_CLKHF_IN_CLKPATH8  = 8U,  /**< clkHf input is Clock Path 8 */
1462:Generated_Source\PSoC6\pdl\drivers/peripheral/sysclk/cy_sysclk.h ****     CY_SYSCLK_CLKHF_IN_CLKPATH9  = 9U,  /**< clkHf input is Clock Path 9 */
1463:Generated_Source\PSoC6\pdl\drivers/peripheral/sysclk/cy_sysclk.h ****     CY_SYSCLK_CLKHF_IN_CLKPATH10 = 10U, /**< clkHf input is Clock Path 10 */
1464:Generated_Source\PSoC6\pdl\drivers/peripheral/sysclk/cy_sysclk.h ****     CY_SYSCLK_CLKHF_IN_CLKPATH11 = 11U, /**< clkHf input is Clock Path 11 */
1465:Generated_Source\PSoC6\pdl\drivers/peripheral/sysclk/cy_sysclk.h ****     CY_SYSCLK_CLKHF_IN_CLKPATH12 = 12U, /**< clkHf input is Clock Path 12 */
1466:Generated_Source\PSoC6\pdl\drivers/peripheral/sysclk/cy_sysclk.h ****     CY_SYSCLK_CLKHF_IN_CLKPATH13 = 13U, /**< clkHf input is Clock Path 13 */
1467:Generated_Source\PSoC6\pdl\drivers/peripheral/sysclk/cy_sysclk.h ****     CY_SYSCLK_CLKHF_IN_CLKPATH14 = 14U, /**< clkHf input is Clock Path 14 */
1468:Generated_Source\PSoC6\pdl\drivers/peripheral/sysclk/cy_sysclk.h ****     CY_SYSCLK_CLKHF_IN_CLKPATH15 = 15U, /**< clkHf input is Clock Path 15 */
1469:Generated_Source\PSoC6\pdl\drivers/peripheral/sysclk/cy_sysclk.h **** } cy_en_clkhf_in_sources_t;
1470:Generated_Source\PSoC6\pdl\drivers/peripheral/sysclk/cy_sysclk.h **** 
1471:Generated_Source\PSoC6\pdl\drivers/peripheral/sysclk/cy_sysclk.h **** 
1472:Generated_Source\PSoC6\pdl\drivers/peripheral/sysclk/cy_sysclk.h **** /**
1473:Generated_Source\PSoC6\pdl\drivers/peripheral/sysclk/cy_sysclk.h **** * clkHf divider values. See CLK_ROOT_SELECT registers, bits ROOT_DIV.
1474:Generated_Source\PSoC6\pdl\drivers/peripheral/sysclk/cy_sysclk.h **** * Used with functions \ref Cy_SysClk_ClkHfSetDivider and \ref Cy_SysClk_ClkHfGetDivider.
1475:Generated_Source\PSoC6\pdl\drivers/peripheral/sysclk/cy_sysclk.h **** */
1476:Generated_Source\PSoC6\pdl\drivers/peripheral/sysclk/cy_sysclk.h **** typedef enum
1477:Generated_Source\PSoC6\pdl\drivers/peripheral/sysclk/cy_sysclk.h **** {
1478:Generated_Source\PSoC6\pdl\drivers/peripheral/sysclk/cy_sysclk.h ****     CY_SYSCLK_CLKHF_NO_DIVIDE   = 0U,    /**< don't divide clkHf. */
1479:Generated_Source\PSoC6\pdl\drivers/peripheral/sysclk/cy_sysclk.h ****     CY_SYSCLK_CLKHF_DIVIDE_BY_2 = 1U,    /**< divide clkHf by 2 */
1480:Generated_Source\PSoC6\pdl\drivers/peripheral/sysclk/cy_sysclk.h ****     CY_SYSCLK_CLKHF_DIVIDE_BY_4 = 2U,    /**< divide clkHf by 4 */
1481:Generated_Source\PSoC6\pdl\drivers/peripheral/sysclk/cy_sysclk.h ****     CY_SYSCLK_CLKHF_DIVIDE_BY_8 = 3U     /**< divide clkHf by 8 */
1482:Generated_Source\PSoC6\pdl\drivers/peripheral/sysclk/cy_sysclk.h **** } cy_en_clkhf_dividers_t;
1483:Generated_Source\PSoC6\pdl\drivers/peripheral/sysclk/cy_sysclk.h **** 
1484:Generated_Source\PSoC6\pdl\drivers/peripheral/sysclk/cy_sysclk.h **** /**
1485:Generated_Source\PSoC6\pdl\drivers/peripheral/sysclk/cy_sysclk.h **** * clkHf clock supervisor input sources. See register CLK_CSV_HF_CTL[CSV_MUX].
1486:Generated_Source\PSoC6\pdl\drivers/peripheral/sysclk/cy_sysclk.h **** */
1487:Generated_Source\PSoC6\pdl\drivers/peripheral/sysclk/cy_sysclk.h **** typedef enum
1488:Generated_Source\PSoC6\pdl\drivers/peripheral/sysclk/cy_sysclk.h **** {
1489:Generated_Source\PSoC6\pdl\drivers/peripheral/sysclk/cy_sysclk.h ****     CY_SYSCLK_CLKHF_CSV_SUPERVISOR_IMO   = 0U,  /**< Supervising clock is the IMO. */
1490:Generated_Source\PSoC6\pdl\drivers/peripheral/sysclk/cy_sysclk.h ****     CY_SYSCLK_CLKHF_CSV_SUPERVISOR_EXT   = 1U,  /**< Supervising clock is the external clock */
1491:Generated_Source\PSoC6\pdl\drivers/peripheral/sysclk/cy_sysclk.h ****     CY_SYSCLK_CLKHF_CSV_SUPERVISOR_ALTHF = 2U   /**< Supervising clock is clk_althf */
1492:Generated_Source\PSoC6\pdl\drivers/peripheral/sysclk/cy_sysclk.h **** } cy_en_clkhf_csv_supervisor_clock_t;
1493:Generated_Source\PSoC6\pdl\drivers/peripheral/sysclk/cy_sysclk.h **** /** \} group_sysclk_clk_hf_enums */
1494:Generated_Source\PSoC6\pdl\drivers/peripheral/sysclk/cy_sysclk.h **** 
1495:Generated_Source\PSoC6\pdl\drivers/peripheral/sysclk/cy_sysclk.h **** /**
1496:Generated_Source\PSoC6\pdl\drivers/peripheral/sysclk/cy_sysclk.h **** * \addtogroup group_sysclk_clk_hf_structs
1497:Generated_Source\PSoC6\pdl\drivers/peripheral/sysclk/cy_sysclk.h **** * \{SupervisingWindow
1498:Generated_Source\PSoC6\pdl\drivers/peripheral/sysclk/cy_sysclk.h **** */
1499:Generated_Source\PSoC6\pdl\drivers/peripheral/sysclk/cy_sysclk.h **** /**
1500:Generated_Source\PSoC6\pdl\drivers/peripheral/sysclk/cy_sysclk.h **** * This structure is used to configure the clock supervisor for clkHf.
ARM GAS  C:\Users\Finik\AppData\Local\Temp\cctwKBtC.s 			page 31


1501:Generated_Source\PSoC6\pdl\drivers/peripheral/sysclk/cy_sysclk.h **** */
1502:Generated_Source\PSoC6\pdl\drivers/peripheral/sysclk/cy_sysclk.h **** typedef struct
1503:Generated_Source\PSoC6\pdl\drivers/peripheral/sysclk/cy_sysclk.h **** {
1504:Generated_Source\PSoC6\pdl\drivers/peripheral/sysclk/cy_sysclk.h ****     cy_en_clkhf_csv_supervisor_clock_t supervisorClock; /**< \ref cy_en_clkhf_csv_supervisor_clock_
1505:Generated_Source\PSoC6\pdl\drivers/peripheral/sysclk/cy_sysclk.h ****     uint16_t supervisingWindow;                         /**< Number of supervising clock cycles */
1506:Generated_Source\PSoC6\pdl\drivers/peripheral/sysclk/cy_sysclk.h ****     bool enableFrequencyFaultDetection;                 /**< 1= enabled, 0= disabled */
1507:Generated_Source\PSoC6\pdl\drivers/peripheral/sysclk/cy_sysclk.h ****     uint16_t frequencyLowerLimit;                       /**< Lowest frequency in kHz that supervise
1508:Generated_Source\PSoC6\pdl\drivers/peripheral/sysclk/cy_sysclk.h ****     uint16_t frequencyUpperLimit;                       /**< Highest frequency in kHz that supervis
1509:Generated_Source\PSoC6\pdl\drivers/peripheral/sysclk/cy_sysclk.h ****     cy_en_csv_error_actions_t frequencyAction;          /**< \ref cy_en_csv_error_actions_t */
1510:Generated_Source\PSoC6\pdl\drivers/peripheral/sysclk/cy_sysclk.h ****     bool enableLossDetection;                           /**< 1= enabled, 0= disabled */
1511:Generated_Source\PSoC6\pdl\drivers/peripheral/sysclk/cy_sysclk.h ****     cy_en_csv_loss_window_t lossWindow;                 /**< \ref cy_en_csv_loss_window_t */
1512:Generated_Source\PSoC6\pdl\drivers/peripheral/sysclk/cy_sysclk.h ****     cy_en_csv_error_actions_t lossAction;               /**< \ref cy_en_csv_error_actions_t */
1513:Generated_Source\PSoC6\pdl\drivers/peripheral/sysclk/cy_sysclk.h **** } cy_stc_clkhf_csv_config_t;
1514:Generated_Source\PSoC6\pdl\drivers/peripheral/sysclk/cy_sysclk.h **** /** \} group_sysclk_clk_hf_structs */
1515:Generated_Source\PSoC6\pdl\drivers/peripheral/sysclk/cy_sysclk.h **** 
1516:Generated_Source\PSoC6\pdl\drivers/peripheral/sysclk/cy_sysclk.h **** /**
1517:Generated_Source\PSoC6\pdl\drivers/peripheral/sysclk/cy_sysclk.h **** * \addtogroup group_sysclk_clk_hf_funcs
1518:Generated_Source\PSoC6\pdl\drivers/peripheral/sysclk/cy_sysclk.h **** * \{
1519:Generated_Source\PSoC6\pdl\drivers/peripheral/sysclk/cy_sysclk.h **** */
1520:Generated_Source\PSoC6\pdl\drivers/peripheral/sysclk/cy_sysclk.h **** __STATIC_INLINE cy_en_sysclk_status_t Cy_SysClk_ClkHfEnable(uint32_t clkHf);
1521:Generated_Source\PSoC6\pdl\drivers/peripheral/sysclk/cy_sysclk.h **** __STATIC_INLINE cy_en_sysclk_status_t Cy_SysClk_ClkHfDisable(uint32_t clkHf);
1522:Generated_Source\PSoC6\pdl\drivers/peripheral/sysclk/cy_sysclk.h **** __STATIC_INLINE cy_en_sysclk_status_t Cy_SysClk_ClkHfSetSource(uint32_t clkHf, cy_en_clkhf_in_sourc
1523:Generated_Source\PSoC6\pdl\drivers/peripheral/sysclk/cy_sysclk.h **** __STATIC_INLINE cy_en_clkhf_in_sources_t Cy_SysClk_ClkHfGetSource(uint32_t clkHf);
1524:Generated_Source\PSoC6\pdl\drivers/peripheral/sysclk/cy_sysclk.h **** __STATIC_INLINE cy_en_sysclk_status_t Cy_SysClk_ClkHfSetDivider(uint32_t clkHf, cy_en_clkhf_divider
1525:Generated_Source\PSoC6\pdl\drivers/peripheral/sysclk/cy_sysclk.h **** __STATIC_INLINE cy_en_clkhf_dividers_t Cy_SysClk_ClkHfGetDivider(uint32_t clkHf);
1526:Generated_Source\PSoC6\pdl\drivers/peripheral/sysclk/cy_sysclk.h **** 
1527:Generated_Source\PSoC6\pdl\drivers/peripheral/sysclk/cy_sysclk.h **** 
1528:Generated_Source\PSoC6\pdl\drivers/peripheral/sysclk/cy_sysclk.h **** /*******************************************************************************
1529:Generated_Source\PSoC6\pdl\drivers/peripheral/sysclk/cy_sysclk.h **** * Function Name: Cy_SysClk_ClkHfEnable
1530:Generated_Source\PSoC6\pdl\drivers/peripheral/sysclk/cy_sysclk.h **** ****************************************************************************//**
1531:Generated_Source\PSoC6\pdl\drivers/peripheral/sysclk/cy_sysclk.h **** *
1532:Generated_Source\PSoC6\pdl\drivers/peripheral/sysclk/cy_sysclk.h **** * Enables the selected clkHf.
1533:Generated_Source\PSoC6\pdl\drivers/peripheral/sysclk/cy_sysclk.h **** *
1534:Generated_Source\PSoC6\pdl\drivers/peripheral/sysclk/cy_sysclk.h **** * \param clkHf Selects which clkHf to enable.
1535:Generated_Source\PSoC6\pdl\drivers/peripheral/sysclk/cy_sysclk.h **** *
1536:Generated_Source\PSoC6\pdl\drivers/peripheral/sysclk/cy_sysclk.h **** * \return \ref cy_en_sysclk_status_t
1537:Generated_Source\PSoC6\pdl\drivers/peripheral/sysclk/cy_sysclk.h **** *
1538:Generated_Source\PSoC6\pdl\drivers/peripheral/sysclk/cy_sysclk.h **** * \funcusage
1539:Generated_Source\PSoC6\pdl\drivers/peripheral/sysclk/cy_sysclk.h **** * \snippet sysclk/2.0/snippet/main.c snippet_Cy_SysClk_ClkHfEnable
1540:Generated_Source\PSoC6\pdl\drivers/peripheral/sysclk/cy_sysclk.h **** *
1541:Generated_Source\PSoC6\pdl\drivers/peripheral/sysclk/cy_sysclk.h **** *******************************************************************************/
1542:Generated_Source\PSoC6\pdl\drivers/peripheral/sysclk/cy_sysclk.h **** __STATIC_INLINE cy_en_sysclk_status_t Cy_SysClk_ClkHfEnable(uint32_t clkHf)
1543:Generated_Source\PSoC6\pdl\drivers/peripheral/sysclk/cy_sysclk.h **** {
1544:Generated_Source\PSoC6\pdl\drivers/peripheral/sysclk/cy_sysclk.h ****     cy_en_sysclk_status_t retVal = CY_SYSCLK_BAD_PARAM;
1545:Generated_Source\PSoC6\pdl\drivers/peripheral/sysclk/cy_sysclk.h ****     if (clkHf < CY_SRSS_NUM_HFROOT)
1546:Generated_Source\PSoC6\pdl\drivers/peripheral/sysclk/cy_sysclk.h ****     {
1547:Generated_Source\PSoC6\pdl\drivers/peripheral/sysclk/cy_sysclk.h ****         SRSS_CLK_ROOT_SELECT[clkHf] |= SRSS_CLK_ROOT_SELECT_ENABLE_Msk;
1548:Generated_Source\PSoC6\pdl\drivers/peripheral/sysclk/cy_sysclk.h ****         retVal = CY_SYSCLK_SUCCESS;
1549:Generated_Source\PSoC6\pdl\drivers/peripheral/sysclk/cy_sysclk.h ****     }
1550:Generated_Source\PSoC6\pdl\drivers/peripheral/sysclk/cy_sysclk.h ****     return (retVal);
1551:Generated_Source\PSoC6\pdl\drivers/peripheral/sysclk/cy_sysclk.h **** }
1552:Generated_Source\PSoC6\pdl\drivers/peripheral/sysclk/cy_sysclk.h **** 
1553:Generated_Source\PSoC6\pdl\drivers/peripheral/sysclk/cy_sysclk.h **** /*******************************************************************************
1554:Generated_Source\PSoC6\pdl\drivers/peripheral/sysclk/cy_sysclk.h **** * Function Name: Cy_SysClk_ClkHfDisable
1555:Generated_Source\PSoC6\pdl\drivers/peripheral/sysclk/cy_sysclk.h **** ****************************************************************************//**
1556:Generated_Source\PSoC6\pdl\drivers/peripheral/sysclk/cy_sysclk.h **** *
1557:Generated_Source\PSoC6\pdl\drivers/peripheral/sysclk/cy_sysclk.h **** * Disables the selected clkHf.
ARM GAS  C:\Users\Finik\AppData\Local\Temp\cctwKBtC.s 			page 32


1558:Generated_Source\PSoC6\pdl\drivers/peripheral/sysclk/cy_sysclk.h **** *
1559:Generated_Source\PSoC6\pdl\drivers/peripheral/sysclk/cy_sysclk.h **** * \param clkHf Selects which clkHf to enable.
1560:Generated_Source\PSoC6\pdl\drivers/peripheral/sysclk/cy_sysclk.h **** *
1561:Generated_Source\PSoC6\pdl\drivers/peripheral/sysclk/cy_sysclk.h **** * \return \ref cy_en_sysclk_status_t
1562:Generated_Source\PSoC6\pdl\drivers/peripheral/sysclk/cy_sysclk.h **** *
1563:Generated_Source\PSoC6\pdl\drivers/peripheral/sysclk/cy_sysclk.h **** * \note clkHf[0] cannot be disabled.
1564:Generated_Source\PSoC6\pdl\drivers/peripheral/sysclk/cy_sysclk.h **** *
1565:Generated_Source\PSoC6\pdl\drivers/peripheral/sysclk/cy_sysclk.h **** * \funcusage
1566:Generated_Source\PSoC6\pdl\drivers/peripheral/sysclk/cy_sysclk.h **** * \snippet sysclk/2.0/snippet/main.c snippet_Cy_SysClk_ClkHfDisable
1567:Generated_Source\PSoC6\pdl\drivers/peripheral/sysclk/cy_sysclk.h **** *
1568:Generated_Source\PSoC6\pdl\drivers/peripheral/sysclk/cy_sysclk.h **** *******************************************************************************/
1569:Generated_Source\PSoC6\pdl\drivers/peripheral/sysclk/cy_sysclk.h **** __STATIC_INLINE cy_en_sysclk_status_t Cy_SysClk_ClkHfDisable(uint32_t clkHf)
1570:Generated_Source\PSoC6\pdl\drivers/peripheral/sysclk/cy_sysclk.h **** {
1571:Generated_Source\PSoC6\pdl\drivers/peripheral/sysclk/cy_sysclk.h ****     cy_en_sysclk_status_t retVal = CY_SYSCLK_BAD_PARAM;
1572:Generated_Source\PSoC6\pdl\drivers/peripheral/sysclk/cy_sysclk.h ****     if ((0UL < clkHf) /* prevent CLK_HF0 disabling */
1573:Generated_Source\PSoC6\pdl\drivers/peripheral/sysclk/cy_sysclk.h ****            && (clkHf < CY_SRSS_NUM_HFROOT))
1574:Generated_Source\PSoC6\pdl\drivers/peripheral/sysclk/cy_sysclk.h ****     {
1575:Generated_Source\PSoC6\pdl\drivers/peripheral/sysclk/cy_sysclk.h ****         SRSS_CLK_ROOT_SELECT[clkHf] &= ~SRSS_CLK_ROOT_SELECT_ENABLE_Msk;
1576:Generated_Source\PSoC6\pdl\drivers/peripheral/sysclk/cy_sysclk.h ****         retVal = CY_SYSCLK_SUCCESS;
1577:Generated_Source\PSoC6\pdl\drivers/peripheral/sysclk/cy_sysclk.h ****     }
1578:Generated_Source\PSoC6\pdl\drivers/peripheral/sysclk/cy_sysclk.h ****     return (retVal);
1579:Generated_Source\PSoC6\pdl\drivers/peripheral/sysclk/cy_sysclk.h **** }
1580:Generated_Source\PSoC6\pdl\drivers/peripheral/sysclk/cy_sysclk.h **** 
1581:Generated_Source\PSoC6\pdl\drivers/peripheral/sysclk/cy_sysclk.h **** /*******************************************************************************
1582:Generated_Source\PSoC6\pdl\drivers/peripheral/sysclk/cy_sysclk.h **** * Function Name: Cy_SysClk_ClkHfSetSource
1583:Generated_Source\PSoC6\pdl\drivers/peripheral/sysclk/cy_sysclk.h **** ****************************************************************************//**
1584:Generated_Source\PSoC6\pdl\drivers/peripheral/sysclk/cy_sysclk.h **** *
1585:Generated_Source\PSoC6\pdl\drivers/peripheral/sysclk/cy_sysclk.h **** * Selects the source of the selected clkHf.
1586:Generated_Source\PSoC6\pdl\drivers/peripheral/sysclk/cy_sysclk.h **** *
1587:Generated_Source\PSoC6\pdl\drivers/peripheral/sysclk/cy_sysclk.h **** * \param clkHf selects which clkHf mux to configure.
1588:Generated_Source\PSoC6\pdl\drivers/peripheral/sysclk/cy_sysclk.h **** *
1589:Generated_Source\PSoC6\pdl\drivers/peripheral/sysclk/cy_sysclk.h **** * \param source \ref cy_en_clkhf_in_sources_t
1590:Generated_Source\PSoC6\pdl\drivers/peripheral/sysclk/cy_sysclk.h **** *
1591:Generated_Source\PSoC6\pdl\drivers/peripheral/sysclk/cy_sysclk.h **** * \return \ref cy_en_sysclk_status_t
1592:Generated_Source\PSoC6\pdl\drivers/peripheral/sysclk/cy_sysclk.h **** *
1593:Generated_Source\PSoC6\pdl\drivers/peripheral/sysclk/cy_sysclk.h **** * \note 
1594:Generated_Source\PSoC6\pdl\drivers/peripheral/sysclk/cy_sysclk.h **** * Call \ref SystemCoreClockUpdate after this function calling 
1595:Generated_Source\PSoC6\pdl\drivers/peripheral/sysclk/cy_sysclk.h **** * if it affects the CLK_HF0 frequency.
1596:Generated_Source\PSoC6\pdl\drivers/peripheral/sysclk/cy_sysclk.h **** *
1597:Generated_Source\PSoC6\pdl\drivers/peripheral/sysclk/cy_sysclk.h **** * \note 
1598:Generated_Source\PSoC6\pdl\drivers/peripheral/sysclk/cy_sysclk.h **** * Call \ref Cy_SysLib_SetWaitStates before calling this function if
1599:Generated_Source\PSoC6\pdl\drivers/peripheral/sysclk/cy_sysclk.h **** * CLK_HF0 frequency is increasing.
1600:Generated_Source\PSoC6\pdl\drivers/peripheral/sysclk/cy_sysclk.h **** *
1601:Generated_Source\PSoC6\pdl\drivers/peripheral/sysclk/cy_sysclk.h **** * \note
1602:Generated_Source\PSoC6\pdl\drivers/peripheral/sysclk/cy_sysclk.h **** * Call \ref Cy_SysLib_SetWaitStates after calling this function if
1603:Generated_Source\PSoC6\pdl\drivers/peripheral/sysclk/cy_sysclk.h **** * CLK_HF0 frequency is decreasing.
1604:Generated_Source\PSoC6\pdl\drivers/peripheral/sysclk/cy_sysclk.h **** *
1605:Generated_Source\PSoC6\pdl\drivers/peripheral/sysclk/cy_sysclk.h **** * \funcusage
1606:Generated_Source\PSoC6\pdl\drivers/peripheral/sysclk/cy_sysclk.h **** * \snippet sysclk/2.0/snippet/main.c snippet_Cy_SysClk_ClkHfSetSource
1607:Generated_Source\PSoC6\pdl\drivers/peripheral/sysclk/cy_sysclk.h **** *
1608:Generated_Source\PSoC6\pdl\drivers/peripheral/sysclk/cy_sysclk.h **** *******************************************************************************/
1609:Generated_Source\PSoC6\pdl\drivers/peripheral/sysclk/cy_sysclk.h **** __STATIC_INLINE cy_en_sysclk_status_t Cy_SysClk_ClkHfSetSource(uint32_t clkHf, cy_en_clkhf_in_sourc
1610:Generated_Source\PSoC6\pdl\drivers/peripheral/sysclk/cy_sysclk.h **** {
1611:Generated_Source\PSoC6\pdl\drivers/peripheral/sysclk/cy_sysclk.h ****     cy_en_sysclk_status_t retVal = CY_SYSCLK_BAD_PARAM;
1612:Generated_Source\PSoC6\pdl\drivers/peripheral/sysclk/cy_sysclk.h ****     if ((clkHf < CY_SRSS_NUM_HFROOT) && (source <= CY_SYSCLK_CLKHF_IN_CLKPATH15))
1613:Generated_Source\PSoC6\pdl\drivers/peripheral/sysclk/cy_sysclk.h ****     {
1614:Generated_Source\PSoC6\pdl\drivers/peripheral/sysclk/cy_sysclk.h ****         CY_REG32_CLR_SET(SRSS_CLK_ROOT_SELECT[clkHf], SRSS_CLK_ROOT_SELECT_ROOT_MUX, source);
ARM GAS  C:\Users\Finik\AppData\Local\Temp\cctwKBtC.s 			page 33


1615:Generated_Source\PSoC6\pdl\drivers/peripheral/sysclk/cy_sysclk.h ****         retVal = CY_SYSCLK_SUCCESS;
1616:Generated_Source\PSoC6\pdl\drivers/peripheral/sysclk/cy_sysclk.h ****     }
1617:Generated_Source\PSoC6\pdl\drivers/peripheral/sysclk/cy_sysclk.h ****     return (retVal);
1618:Generated_Source\PSoC6\pdl\drivers/peripheral/sysclk/cy_sysclk.h **** }
1619:Generated_Source\PSoC6\pdl\drivers/peripheral/sysclk/cy_sysclk.h **** 
1620:Generated_Source\PSoC6\pdl\drivers/peripheral/sysclk/cy_sysclk.h **** /*******************************************************************************
1621:Generated_Source\PSoC6\pdl\drivers/peripheral/sysclk/cy_sysclk.h **** * Function Name: Cy_SysClk_ClkHfGetSource
1622:Generated_Source\PSoC6\pdl\drivers/peripheral/sysclk/cy_sysclk.h **** ****************************************************************************//**
1623:Generated_Source\PSoC6\pdl\drivers/peripheral/sysclk/cy_sysclk.h **** *
1624:Generated_Source\PSoC6\pdl\drivers/peripheral/sysclk/cy_sysclk.h **** * Reports the source of the selected clkHf.
1625:Generated_Source\PSoC6\pdl\drivers/peripheral/sysclk/cy_sysclk.h **** *
1626:Generated_Source\PSoC6\pdl\drivers/peripheral/sysclk/cy_sysclk.h **** * \param clkHf selects which clkHf to get the source of.
1627:Generated_Source\PSoC6\pdl\drivers/peripheral/sysclk/cy_sysclk.h **** *
1628:Generated_Source\PSoC6\pdl\drivers/peripheral/sysclk/cy_sysclk.h **** * \return \ref cy_en_clkhf_in_sources_t
1629:Generated_Source\PSoC6\pdl\drivers/peripheral/sysclk/cy_sysclk.h **** *
1630:Generated_Source\PSoC6\pdl\drivers/peripheral/sysclk/cy_sysclk.h **** * \funcusage
1631:Generated_Source\PSoC6\pdl\drivers/peripheral/sysclk/cy_sysclk.h **** * \snippet sysclk/2.0/snippet/main.c snippet_Cy_SysClk_ClkHfSetSource
1632:Generated_Source\PSoC6\pdl\drivers/peripheral/sysclk/cy_sysclk.h **** *
1633:Generated_Source\PSoC6\pdl\drivers/peripheral/sysclk/cy_sysclk.h **** *******************************************************************************/
1634:Generated_Source\PSoC6\pdl\drivers/peripheral/sysclk/cy_sysclk.h **** __STATIC_INLINE cy_en_clkhf_in_sources_t Cy_SysClk_ClkHfGetSource(uint32_t clkHf)
1635:Generated_Source\PSoC6\pdl\drivers/peripheral/sysclk/cy_sysclk.h **** {
1636:Generated_Source\PSoC6\pdl\drivers/peripheral/sysclk/cy_sysclk.h ****     CY_ASSERT_L1(clkHf < CY_SRSS_NUM_HFROOT);
1637:Generated_Source\PSoC6\pdl\drivers/peripheral/sysclk/cy_sysclk.h ****     return (cy_en_clkhf_in_sources_t)(_FLD2VAL(SRSS_CLK_ROOT_SELECT_ROOT_MUX, SRSS_CLK_ROOT_SELECT[
1638:Generated_Source\PSoC6\pdl\drivers/peripheral/sysclk/cy_sysclk.h **** }
1639:Generated_Source\PSoC6\pdl\drivers/peripheral/sysclk/cy_sysclk.h **** 
1640:Generated_Source\PSoC6\pdl\drivers/peripheral/sysclk/cy_sysclk.h **** /*******************************************************************************
1641:Generated_Source\PSoC6\pdl\drivers/peripheral/sysclk/cy_sysclk.h **** * Function Name: Cy_SysClk_ClkHfSetDivider
1642:Generated_Source\PSoC6\pdl\drivers/peripheral/sysclk/cy_sysclk.h **** ****************************************************************************//**
1643:Generated_Source\PSoC6\pdl\drivers/peripheral/sysclk/cy_sysclk.h **** *
1644:Generated_Source\PSoC6\pdl\drivers/peripheral/sysclk/cy_sysclk.h **** * Sets the pre-divider for a clkHf.
1645:Generated_Source\PSoC6\pdl\drivers/peripheral/sysclk/cy_sysclk.h **** *
1646:Generated_Source\PSoC6\pdl\drivers/peripheral/sysclk/cy_sysclk.h **** * \param clkHf selects which clkHf divider to configure.
1647:Generated_Source\PSoC6\pdl\drivers/peripheral/sysclk/cy_sysclk.h **** *
1648:Generated_Source\PSoC6\pdl\drivers/peripheral/sysclk/cy_sysclk.h **** * \param divider \ref cy_en_clkhf_dividers_t
1649:Generated_Source\PSoC6\pdl\drivers/peripheral/sysclk/cy_sysclk.h **** *
1650:Generated_Source\PSoC6\pdl\drivers/peripheral/sysclk/cy_sysclk.h **** * \return \ref cy_en_sysclk_status_t
1651:Generated_Source\PSoC6\pdl\drivers/peripheral/sysclk/cy_sysclk.h **** *
1652:Generated_Source\PSoC6\pdl\drivers/peripheral/sysclk/cy_sysclk.h **** * \note Also call \ref Cy_SysClk_ClkHfSetSource to set the clkHf source.
1653:Generated_Source\PSoC6\pdl\drivers/peripheral/sysclk/cy_sysclk.h **** *
1654:Generated_Source\PSoC6\pdl\drivers/peripheral/sysclk/cy_sysclk.h **** * \note 
1655:Generated_Source\PSoC6\pdl\drivers/peripheral/sysclk/cy_sysclk.h **** * Call \ref SystemCoreClockUpdate after this function calling 
1656:Generated_Source\PSoC6\pdl\drivers/peripheral/sysclk/cy_sysclk.h **** * if it affects the CLK_HF0 frequency.
1657:Generated_Source\PSoC6\pdl\drivers/peripheral/sysclk/cy_sysclk.h **** *
1658:Generated_Source\PSoC6\pdl\drivers/peripheral/sysclk/cy_sysclk.h **** * \note 
1659:Generated_Source\PSoC6\pdl\drivers/peripheral/sysclk/cy_sysclk.h **** * Call \ref Cy_SysLib_SetWaitStates before calling this function if
1660:Generated_Source\PSoC6\pdl\drivers/peripheral/sysclk/cy_sysclk.h **** * CLK_HF0 frequency is increasing.
1661:Generated_Source\PSoC6\pdl\drivers/peripheral/sysclk/cy_sysclk.h **** *
1662:Generated_Source\PSoC6\pdl\drivers/peripheral/sysclk/cy_sysclk.h **** * \note
1663:Generated_Source\PSoC6\pdl\drivers/peripheral/sysclk/cy_sysclk.h **** * Call \ref Cy_SysLib_SetWaitStates after calling this function if
1664:Generated_Source\PSoC6\pdl\drivers/peripheral/sysclk/cy_sysclk.h **** * CLK_HF0 frequency is decreasing.
1665:Generated_Source\PSoC6\pdl\drivers/peripheral/sysclk/cy_sysclk.h **** *
1666:Generated_Source\PSoC6\pdl\drivers/peripheral/sysclk/cy_sysclk.h **** * \funcusage
1667:Generated_Source\PSoC6\pdl\drivers/peripheral/sysclk/cy_sysclk.h **** * \snippet sysclk/2.0/snippet/main.c snippet_Cy_SysClk_ClkHfSetDivider
1668:Generated_Source\PSoC6\pdl\drivers/peripheral/sysclk/cy_sysclk.h **** *
1669:Generated_Source\PSoC6\pdl\drivers/peripheral/sysclk/cy_sysclk.h **** *******************************************************************************/
1670:Generated_Source\PSoC6\pdl\drivers/peripheral/sysclk/cy_sysclk.h **** __STATIC_INLINE cy_en_sysclk_status_t Cy_SysClk_ClkHfSetDivider(uint32_t clkHf, cy_en_clkhf_divider
1671:Generated_Source\PSoC6\pdl\drivers/peripheral/sysclk/cy_sysclk.h **** {
ARM GAS  C:\Users\Finik\AppData\Local\Temp\cctwKBtC.s 			page 34


1672:Generated_Source\PSoC6\pdl\drivers/peripheral/sysclk/cy_sysclk.h ****     cy_en_sysclk_status_t retVal = CY_SYSCLK_BAD_PARAM;
1673:Generated_Source\PSoC6\pdl\drivers/peripheral/sysclk/cy_sysclk.h ****     if ((clkHf < CY_SRSS_NUM_HFROOT) && (divider <= CY_SYSCLK_CLKHF_DIVIDE_BY_8))
1674:Generated_Source\PSoC6\pdl\drivers/peripheral/sysclk/cy_sysclk.h ****     {
1675:Generated_Source\PSoC6\pdl\drivers/peripheral/sysclk/cy_sysclk.h ****         CY_REG32_CLR_SET(SRSS_CLK_ROOT_SELECT[clkHf], SRSS_CLK_ROOT_SELECT_ROOT_DIV, divider);
1676:Generated_Source\PSoC6\pdl\drivers/peripheral/sysclk/cy_sysclk.h ****         retVal = CY_SYSCLK_SUCCESS;
1677:Generated_Source\PSoC6\pdl\drivers/peripheral/sysclk/cy_sysclk.h ****     }
1678:Generated_Source\PSoC6\pdl\drivers/peripheral/sysclk/cy_sysclk.h ****     return (retVal);
1679:Generated_Source\PSoC6\pdl\drivers/peripheral/sysclk/cy_sysclk.h **** }
1680:Generated_Source\PSoC6\pdl\drivers/peripheral/sysclk/cy_sysclk.h **** 
1681:Generated_Source\PSoC6\pdl\drivers/peripheral/sysclk/cy_sysclk.h **** /*******************************************************************************
1682:Generated_Source\PSoC6\pdl\drivers/peripheral/sysclk/cy_sysclk.h **** * Function Name: Cy_SysClk_ClkHfGetDivider
1683:Generated_Source\PSoC6\pdl\drivers/peripheral/sysclk/cy_sysclk.h **** ****************************************************************************//**
1684:Generated_Source\PSoC6\pdl\drivers/peripheral/sysclk/cy_sysclk.h **** *
1685:Generated_Source\PSoC6\pdl\drivers/peripheral/sysclk/cy_sysclk.h **** * Reports the pre-divider value for a clkHf.
1686:Generated_Source\PSoC6\pdl\drivers/peripheral/sysclk/cy_sysclk.h **** *
1687:Generated_Source\PSoC6\pdl\drivers/peripheral/sysclk/cy_sysclk.h **** * \param clkHf selects which clkHf to check divider of.
1688:Generated_Source\PSoC6\pdl\drivers/peripheral/sysclk/cy_sysclk.h **** *
1689:Generated_Source\PSoC6\pdl\drivers/peripheral/sysclk/cy_sysclk.h **** * \return \ref cy_en_clkhf_dividers_t
1690:Generated_Source\PSoC6\pdl\drivers/peripheral/sysclk/cy_sysclk.h **** *
1691:Generated_Source\PSoC6\pdl\drivers/peripheral/sysclk/cy_sysclk.h **** * \funcusage
1692:Generated_Source\PSoC6\pdl\drivers/peripheral/sysclk/cy_sysclk.h **** * \snippet sysclk/2.0/snippet/main.c snippet_Cy_SysClk_ClkHfSetDivider
1693:Generated_Source\PSoC6\pdl\drivers/peripheral/sysclk/cy_sysclk.h **** *
1694:Generated_Source\PSoC6\pdl\drivers/peripheral/sysclk/cy_sysclk.h **** *******************************************************************************/
1695:Generated_Source\PSoC6\pdl\drivers/peripheral/sysclk/cy_sysclk.h **** __STATIC_INLINE cy_en_clkhf_dividers_t Cy_SysClk_ClkHfGetDivider(uint32_t clkHf)
1696:Generated_Source\PSoC6\pdl\drivers/peripheral/sysclk/cy_sysclk.h **** {
1697:Generated_Source\PSoC6\pdl\drivers/peripheral/sysclk/cy_sysclk.h ****     CY_ASSERT_L1(clkHf < CY_SRSS_NUM_HFROOT);
1698:Generated_Source\PSoC6\pdl\drivers/peripheral/sysclk/cy_sysclk.h ****     return (cy_en_clkhf_dividers_t)(_FLD2VAL(SRSS_CLK_ROOT_SELECT_ROOT_DIV, SRSS_CLK_ROOT_SELECT[cl
1699:Generated_Source\PSoC6\pdl\drivers/peripheral/sysclk/cy_sysclk.h **** }
1700:Generated_Source\PSoC6\pdl\drivers/peripheral/sysclk/cy_sysclk.h **** /** \} group_sysclk_clk_hf_funcs */
1701:Generated_Source\PSoC6\pdl\drivers/peripheral/sysclk/cy_sysclk.h **** 
1702:Generated_Source\PSoC6\pdl\drivers/peripheral/sysclk/cy_sysclk.h **** 
1703:Generated_Source\PSoC6\pdl\drivers/peripheral/sysclk/cy_sysclk.h **** /* ========================================================================== */
1704:Generated_Source\PSoC6\pdl\drivers/peripheral/sysclk/cy_sysclk.h **** /* =========================    clk_fast SECTION    ========================= */
1705:Generated_Source\PSoC6\pdl\drivers/peripheral/sysclk/cy_sysclk.h **** /* ========================================================================== */
1706:Generated_Source\PSoC6\pdl\drivers/peripheral/sysclk/cy_sysclk.h **** /**
1707:Generated_Source\PSoC6\pdl\drivers/peripheral/sysclk/cy_sysclk.h **** * \addtogroup group_sysclk_clk_fast_funcs
1708:Generated_Source\PSoC6\pdl\drivers/peripheral/sysclk/cy_sysclk.h **** * \{
1709:Generated_Source\PSoC6\pdl\drivers/peripheral/sysclk/cy_sysclk.h **** */
1710:Generated_Source\PSoC6\pdl\drivers/peripheral/sysclk/cy_sysclk.h **** __STATIC_INLINE void Cy_SysClk_ClkFastSetDivider(uint8_t divider);
1711:Generated_Source\PSoC6\pdl\drivers/peripheral/sysclk/cy_sysclk.h **** __STATIC_INLINE uint8_t Cy_SysClk_ClkFastGetDivider(void);
1712:Generated_Source\PSoC6\pdl\drivers/peripheral/sysclk/cy_sysclk.h **** 
1713:Generated_Source\PSoC6\pdl\drivers/peripheral/sysclk/cy_sysclk.h **** /*******************************************************************************
1714:Generated_Source\PSoC6\pdl\drivers/peripheral/sysclk/cy_sysclk.h **** * Function Name: Cy_SysClk_ClkFastSetDivider
1715:Generated_Source\PSoC6\pdl\drivers/peripheral/sysclk/cy_sysclk.h **** ****************************************************************************//**
1716:Generated_Source\PSoC6\pdl\drivers/peripheral/sysclk/cy_sysclk.h **** *
1717:Generated_Source\PSoC6\pdl\drivers/peripheral/sysclk/cy_sysclk.h **** * Sets the clock divider for the fast clock, which sources the main processor.
1718:Generated_Source\PSoC6\pdl\drivers/peripheral/sysclk/cy_sysclk.h **** * The source of this divider is clkHf[0].
1719:Generated_Source\PSoC6\pdl\drivers/peripheral/sysclk/cy_sysclk.h **** *
1720:Generated_Source\PSoC6\pdl\drivers/peripheral/sysclk/cy_sysclk.h **** * \param divider divider value between 0 and 255.
1721:Generated_Source\PSoC6\pdl\drivers/peripheral/sysclk/cy_sysclk.h **** * Causes integer division of (divider value + 1), or division by 1 to 256.
1722:Generated_Source\PSoC6\pdl\drivers/peripheral/sysclk/cy_sysclk.h **** *
1723:Generated_Source\PSoC6\pdl\drivers/peripheral/sysclk/cy_sysclk.h **** * \note 
1724:Generated_Source\PSoC6\pdl\drivers/peripheral/sysclk/cy_sysclk.h **** * Call \ref SystemCoreClockUpdate after this function calling.
1725:Generated_Source\PSoC6\pdl\drivers/peripheral/sysclk/cy_sysclk.h **** *
1726:Generated_Source\PSoC6\pdl\drivers/peripheral/sysclk/cy_sysclk.h **** * \note 
1727:Generated_Source\PSoC6\pdl\drivers/peripheral/sysclk/cy_sysclk.h **** * Call \ref Cy_SysLib_SetWaitStates before calling this function if
1728:Generated_Source\PSoC6\pdl\drivers/peripheral/sysclk/cy_sysclk.h **** * CLK_FAST frequency is increasing.
ARM GAS  C:\Users\Finik\AppData\Local\Temp\cctwKBtC.s 			page 35


1729:Generated_Source\PSoC6\pdl\drivers/peripheral/sysclk/cy_sysclk.h **** *
1730:Generated_Source\PSoC6\pdl\drivers/peripheral/sysclk/cy_sysclk.h **** * \note
1731:Generated_Source\PSoC6\pdl\drivers/peripheral/sysclk/cy_sysclk.h **** * Call \ref Cy_SysLib_SetWaitStates after calling this function if
1732:Generated_Source\PSoC6\pdl\drivers/peripheral/sysclk/cy_sysclk.h **** * CLK_FAST frequency is decreasing.
1733:Generated_Source\PSoC6\pdl\drivers/peripheral/sysclk/cy_sysclk.h **** *
1734:Generated_Source\PSoC6\pdl\drivers/peripheral/sysclk/cy_sysclk.h **** * \funcusage
1735:Generated_Source\PSoC6\pdl\drivers/peripheral/sysclk/cy_sysclk.h **** * \snippet sysclk/2.0/snippet/main.c snippet_Cy_SysClk_ClkFastSetDivider
1736:Generated_Source\PSoC6\pdl\drivers/peripheral/sysclk/cy_sysclk.h **** *
1737:Generated_Source\PSoC6\pdl\drivers/peripheral/sysclk/cy_sysclk.h **** *******************************************************************************/
1738:Generated_Source\PSoC6\pdl\drivers/peripheral/sysclk/cy_sysclk.h **** __STATIC_INLINE void Cy_SysClk_ClkFastSetDivider(uint8_t divider)
1739:Generated_Source\PSoC6\pdl\drivers/peripheral/sysclk/cy_sysclk.h **** {
1740:Generated_Source\PSoC6\pdl\drivers/peripheral/sysclk/cy_sysclk.h ****     CY_REG32_CLR_SET(CPUSS_CM4_CLOCK_CTL, CPUSS_CM4_CLOCK_CTL_FAST_INT_DIV, divider);
1741:Generated_Source\PSoC6\pdl\drivers/peripheral/sysclk/cy_sysclk.h **** }
1742:Generated_Source\PSoC6\pdl\drivers/peripheral/sysclk/cy_sysclk.h **** 
1743:Generated_Source\PSoC6\pdl\drivers/peripheral/sysclk/cy_sysclk.h **** /*******************************************************************************
1744:Generated_Source\PSoC6\pdl\drivers/peripheral/sysclk/cy_sysclk.h **** * Function Name: Cy_SysClk_ClkFastGetDivider
1745:Generated_Source\PSoC6\pdl\drivers/peripheral/sysclk/cy_sysclk.h **** ****************************************************************************//**
1746:Generated_Source\PSoC6\pdl\drivers/peripheral/sysclk/cy_sysclk.h **** *
1747:Generated_Source\PSoC6\pdl\drivers/peripheral/sysclk/cy_sysclk.h **** * Returns the clock divider for the fast clock.
1748:Generated_Source\PSoC6\pdl\drivers/peripheral/sysclk/cy_sysclk.h **** *
1749:Generated_Source\PSoC6\pdl\drivers/peripheral/sysclk/cy_sysclk.h **** * \return The divider value for the fast clock.
1750:Generated_Source\PSoC6\pdl\drivers/peripheral/sysclk/cy_sysclk.h **** * The integer division done is by (divider value + 1), or division by 1 to 256.
1751:Generated_Source\PSoC6\pdl\drivers/peripheral/sysclk/cy_sysclk.h **** *
1752:Generated_Source\PSoC6\pdl\drivers/peripheral/sysclk/cy_sysclk.h **** * \funcusage
1753:Generated_Source\PSoC6\pdl\drivers/peripheral/sysclk/cy_sysclk.h **** * \snippet sysclk/2.0/snippet/main.c snippet_Cy_SysClk_ClkFastSetDivider
1754:Generated_Source\PSoC6\pdl\drivers/peripheral/sysclk/cy_sysclk.h **** *
1755:Generated_Source\PSoC6\pdl\drivers/peripheral/sysclk/cy_sysclk.h **** *******************************************************************************/
1756:Generated_Source\PSoC6\pdl\drivers/peripheral/sysclk/cy_sysclk.h **** __STATIC_INLINE uint8_t Cy_SysClk_ClkFastGetDivider(void)
1757:Generated_Source\PSoC6\pdl\drivers/peripheral/sysclk/cy_sysclk.h **** {
1758:Generated_Source\PSoC6\pdl\drivers/peripheral/sysclk/cy_sysclk.h ****     return ((uint8_t)_FLD2VAL(CPUSS_CM4_CLOCK_CTL_FAST_INT_DIV, CPUSS_CM4_CLOCK_CTL));
1759:Generated_Source\PSoC6\pdl\drivers/peripheral/sysclk/cy_sysclk.h **** }
1760:Generated_Source\PSoC6\pdl\drivers/peripheral/sysclk/cy_sysclk.h **** /** \} group_sysclk_clk_fast_funcs */
1761:Generated_Source\PSoC6\pdl\drivers/peripheral/sysclk/cy_sysclk.h **** 
1762:Generated_Source\PSoC6\pdl\drivers/peripheral/sysclk/cy_sysclk.h **** 
1763:Generated_Source\PSoC6\pdl\drivers/peripheral/sysclk/cy_sysclk.h **** /* ========================================================================== */
1764:Generated_Source\PSoC6\pdl\drivers/peripheral/sysclk/cy_sysclk.h **** /* ========================    clk_peri SECTION    ========================== */
1765:Generated_Source\PSoC6\pdl\drivers/peripheral/sysclk/cy_sysclk.h **** /* ========================================================================== */
1766:Generated_Source\PSoC6\pdl\drivers/peripheral/sysclk/cy_sysclk.h **** /**
1767:Generated_Source\PSoC6\pdl\drivers/peripheral/sysclk/cy_sysclk.h **** * \addtogroup group_sysclk_clk_peri_funcs
1768:Generated_Source\PSoC6\pdl\drivers/peripheral/sysclk/cy_sysclk.h **** * \{
1769:Generated_Source\PSoC6\pdl\drivers/peripheral/sysclk/cy_sysclk.h **** */
1770:Generated_Source\PSoC6\pdl\drivers/peripheral/sysclk/cy_sysclk.h **** __STATIC_INLINE void Cy_SysClk_ClkPeriSetDivider(uint8_t divider);
1771:Generated_Source\PSoC6\pdl\drivers/peripheral/sysclk/cy_sysclk.h **** __STATIC_INLINE uint8_t Cy_SysClk_ClkPeriGetDivider(void);
1772:Generated_Source\PSoC6\pdl\drivers/peripheral/sysclk/cy_sysclk.h **** 
1773:Generated_Source\PSoC6\pdl\drivers/peripheral/sysclk/cy_sysclk.h **** /*******************************************************************************
1774:Generated_Source\PSoC6\pdl\drivers/peripheral/sysclk/cy_sysclk.h **** * Function Name: Cy_SysClk_ClkPeriSetDivider
1775:Generated_Source\PSoC6\pdl\drivers/peripheral/sysclk/cy_sysclk.h **** ****************************************************************************//**
1776:Generated_Source\PSoC6\pdl\drivers/peripheral/sysclk/cy_sysclk.h **** *
1777:Generated_Source\PSoC6\pdl\drivers/peripheral/sysclk/cy_sysclk.h **** * Sets the clock divider for the peripheral clock tree. All peripheral clock
1778:Generated_Source\PSoC6\pdl\drivers/peripheral/sysclk/cy_sysclk.h **** * dividers are sourced from this clock. Also the Cortex M0+ clock divider is
1779:Generated_Source\PSoC6\pdl\drivers/peripheral/sysclk/cy_sysclk.h **** * sourced from this clock. The source of this divider is clkHf[0]
1780:Generated_Source\PSoC6\pdl\drivers/peripheral/sysclk/cy_sysclk.h **** *
1781:Generated_Source\PSoC6\pdl\drivers/peripheral/sysclk/cy_sysclk.h **** * \param divider divider value between 0 and 255
1782:Generated_Source\PSoC6\pdl\drivers/peripheral/sysclk/cy_sysclk.h **** * Causes integer division of (divider value + 1), or division by 1 to 256.
1783:Generated_Source\PSoC6\pdl\drivers/peripheral/sysclk/cy_sysclk.h **** *
1784:Generated_Source\PSoC6\pdl\drivers/peripheral/sysclk/cy_sysclk.h **** * \note 
1785:Generated_Source\PSoC6\pdl\drivers/peripheral/sysclk/cy_sysclk.h **** * Call \ref SystemCoreClockUpdate after this function calling.
ARM GAS  C:\Users\Finik\AppData\Local\Temp\cctwKBtC.s 			page 36


1786:Generated_Source\PSoC6\pdl\drivers/peripheral/sysclk/cy_sysclk.h **** *
1787:Generated_Source\PSoC6\pdl\drivers/peripheral/sysclk/cy_sysclk.h **** * \funcusage
1788:Generated_Source\PSoC6\pdl\drivers/peripheral/sysclk/cy_sysclk.h **** * \snippet sysclk/2.0/snippet/main.c snippet_Cy_SysClk_ClkPeriSetDivider
1789:Generated_Source\PSoC6\pdl\drivers/peripheral/sysclk/cy_sysclk.h **** *
1790:Generated_Source\PSoC6\pdl\drivers/peripheral/sysclk/cy_sysclk.h **** *******************************************************************************/
1791:Generated_Source\PSoC6\pdl\drivers/peripheral/sysclk/cy_sysclk.h **** __STATIC_INLINE void Cy_SysClk_ClkPeriSetDivider(uint8_t divider)
1792:Generated_Source\PSoC6\pdl\drivers/peripheral/sysclk/cy_sysclk.h **** {
1793:Generated_Source\PSoC6\pdl\drivers/peripheral/sysclk/cy_sysclk.h ****     CY_REG32_CLR_SET(CPUSS_CM0_CLOCK_CTL, CPUSS_CM0_CLOCK_CTL_PERI_INT_DIV, divider);
1794:Generated_Source\PSoC6\pdl\drivers/peripheral/sysclk/cy_sysclk.h **** }
1795:Generated_Source\PSoC6\pdl\drivers/peripheral/sysclk/cy_sysclk.h **** 
1796:Generated_Source\PSoC6\pdl\drivers/peripheral/sysclk/cy_sysclk.h **** /*******************************************************************************
1797:Generated_Source\PSoC6\pdl\drivers/peripheral/sysclk/cy_sysclk.h **** * Function Name: Cy_SysClk_ClkPeriGetDivider
1798:Generated_Source\PSoC6\pdl\drivers/peripheral/sysclk/cy_sysclk.h **** ****************************************************************************//**
1799:Generated_Source\PSoC6\pdl\drivers/peripheral/sysclk/cy_sysclk.h **** *
1800:Generated_Source\PSoC6\pdl\drivers/peripheral/sysclk/cy_sysclk.h **** * Returns the clock divider of the peripheral (peri) clock.
1801:Generated_Source\PSoC6\pdl\drivers/peripheral/sysclk/cy_sysclk.h **** *
1802:Generated_Source\PSoC6\pdl\drivers/peripheral/sysclk/cy_sysclk.h **** * \return The divider value.
1803:Generated_Source\PSoC6\pdl\drivers/peripheral/sysclk/cy_sysclk.h **** * The integer division done is by (divider value + 1), or division by 1 to 256.
1804:Generated_Source\PSoC6\pdl\drivers/peripheral/sysclk/cy_sysclk.h **** *
1805:Generated_Source\PSoC6\pdl\drivers/peripheral/sysclk/cy_sysclk.h **** * \funcusage
1806:Generated_Source\PSoC6\pdl\drivers/peripheral/sysclk/cy_sysclk.h **** * \snippet sysclk/2.0/snippet/main.c snippet_Cy_SysClk_ClkPeriSetDivider
1807:Generated_Source\PSoC6\pdl\drivers/peripheral/sysclk/cy_sysclk.h **** *
1808:Generated_Source\PSoC6\pdl\drivers/peripheral/sysclk/cy_sysclk.h **** *******************************************************************************/
1809:Generated_Source\PSoC6\pdl\drivers/peripheral/sysclk/cy_sysclk.h **** __STATIC_INLINE uint8_t Cy_SysClk_ClkPeriGetDivider(void)
1810:Generated_Source\PSoC6\pdl\drivers/peripheral/sysclk/cy_sysclk.h **** {
1811:Generated_Source\PSoC6\pdl\drivers/peripheral/sysclk/cy_sysclk.h ****     return ((uint8_t)_FLD2VAL(CPUSS_CM0_CLOCK_CTL_PERI_INT_DIV, CPUSS_CM0_CLOCK_CTL));
1812:Generated_Source\PSoC6\pdl\drivers/peripheral/sysclk/cy_sysclk.h **** }
1813:Generated_Source\PSoC6\pdl\drivers/peripheral/sysclk/cy_sysclk.h **** /** \} group_sysclk_clk_peri_funcs */
1814:Generated_Source\PSoC6\pdl\drivers/peripheral/sysclk/cy_sysclk.h **** 
1815:Generated_Source\PSoC6\pdl\drivers/peripheral/sysclk/cy_sysclk.h **** 
1816:Generated_Source\PSoC6\pdl\drivers/peripheral/sysclk/cy_sysclk.h **** /* ========================================================================== */
1817:Generated_Source\PSoC6\pdl\drivers/peripheral/sysclk/cy_sysclk.h **** /* =====================    clk_peripherals SECTION    ====================== */
1818:Generated_Source\PSoC6\pdl\drivers/peripheral/sysclk/cy_sysclk.h **** /* ========================================================================== */
1819:Generated_Source\PSoC6\pdl\drivers/peripheral/sysclk/cy_sysclk.h **** /**
1820:Generated_Source\PSoC6\pdl\drivers/peripheral/sysclk/cy_sysclk.h **** * \addtogroup group_sysclk_clk_peripheral_enums
1821:Generated_Source\PSoC6\pdl\drivers/peripheral/sysclk/cy_sysclk.h **** * \{
1822:Generated_Source\PSoC6\pdl\drivers/peripheral/sysclk/cy_sysclk.h **** */
1823:Generated_Source\PSoC6\pdl\drivers/peripheral/sysclk/cy_sysclk.h **** /** Programmable clock divider types */
1824:Generated_Source\PSoC6\pdl\drivers/peripheral/sysclk/cy_sysclk.h **** typedef enum
1825:Generated_Source\PSoC6\pdl\drivers/peripheral/sysclk/cy_sysclk.h **** {
1826:Generated_Source\PSoC6\pdl\drivers/peripheral/sysclk/cy_sysclk.h ****     CY_SYSCLK_DIV_8_BIT    = 0U, /**< Divider Type is an 8 bit divider */
1827:Generated_Source\PSoC6\pdl\drivers/peripheral/sysclk/cy_sysclk.h ****     CY_SYSCLK_DIV_16_BIT   = 1U, /**< Divider Type is a 16 bit divider */
1828:Generated_Source\PSoC6\pdl\drivers/peripheral/sysclk/cy_sysclk.h ****     CY_SYSCLK_DIV_16_5_BIT = 2U, /**< Divider Type is a 16.5 bit fractional divider */
1829:Generated_Source\PSoC6\pdl\drivers/peripheral/sysclk/cy_sysclk.h ****     CY_SYSCLK_DIV_24_5_BIT = 3U  /**< Divider Type is a 24.5 bit fractional divider */
1830:Generated_Source\PSoC6\pdl\drivers/peripheral/sysclk/cy_sysclk.h **** } cy_en_divider_types_t;
1831:Generated_Source\PSoC6\pdl\drivers/peripheral/sysclk/cy_sysclk.h **** /** \} group_sysclk_clk_peripheral_enums */
1832:Generated_Source\PSoC6\pdl\drivers/peripheral/sysclk/cy_sysclk.h **** 
1833:Generated_Source\PSoC6\pdl\drivers/peripheral/sysclk/cy_sysclk.h **** /**
1834:Generated_Source\PSoC6\pdl\drivers/peripheral/sysclk/cy_sysclk.h **** * \addtogroup group_sysclk_clk_peripheral_funcs
1835:Generated_Source\PSoC6\pdl\drivers/peripheral/sysclk/cy_sysclk.h **** * \{
1836:Generated_Source\PSoC6\pdl\drivers/peripheral/sysclk/cy_sysclk.h **** */
1837:Generated_Source\PSoC6\pdl\drivers/peripheral/sysclk/cy_sysclk.h **** __STATIC_INLINE cy_en_sysclk_status_t Cy_SysClk_PeriphSetDivider(cy_en_divider_types_t dividerType,
1838:Generated_Source\PSoC6\pdl\drivers/peripheral/sysclk/cy_sysclk.h **** __STATIC_INLINE uint32_t Cy_SysClk_PeriphGetDivider(cy_en_divider_types_t dividerType, uint32_t div
1839:Generated_Source\PSoC6\pdl\drivers/peripheral/sysclk/cy_sysclk.h **** __STATIC_INLINE cy_en_sysclk_status_t Cy_SysClk_PeriphSetFracDivider(cy_en_divider_types_t dividerT
1840:Generated_Source\PSoC6\pdl\drivers/peripheral/sysclk/cy_sysclk.h **** __STATIC_INLINE void Cy_SysClk_PeriphGetFracDivider(cy_en_divider_types_t dividerType, uint32_t div
1841:Generated_Source\PSoC6\pdl\drivers/peripheral/sysclk/cy_sysclk.h **** __STATIC_INLINE cy_en_sysclk_status_t Cy_SysClk_PeriphAssignDivider(en_clk_dst_t ipBlock, cy_en_div
1842:Generated_Source\PSoC6\pdl\drivers/peripheral/sysclk/cy_sysclk.h **** __STATIC_INLINE uint32_t Cy_SysClk_PeriphGetAssignedDivider(en_clk_dst_t ipBlock);
ARM GAS  C:\Users\Finik\AppData\Local\Temp\cctwKBtC.s 			page 37


1843:Generated_Source\PSoC6\pdl\drivers/peripheral/sysclk/cy_sysclk.h **** __STATIC_INLINE cy_en_sysclk_status_t Cy_SysClk_PeriphEnableDivider(cy_en_divider_types_t dividerTy
1844:Generated_Source\PSoC6\pdl\drivers/peripheral/sysclk/cy_sysclk.h **** __STATIC_INLINE cy_en_sysclk_status_t Cy_SysClk_PeriphDisableDivider(cy_en_divider_types_t dividerT
1845:Generated_Source\PSoC6\pdl\drivers/peripheral/sysclk/cy_sysclk.h **** __STATIC_INLINE cy_en_sysclk_status_t Cy_SysClk_PeriphEnablePhaseAlignDivider(cy_en_divider_types_t
1846:Generated_Source\PSoC6\pdl\drivers/peripheral/sysclk/cy_sysclk.h **** __STATIC_INLINE bool Cy_SysClk_PeriphGetDividerEnabled(cy_en_divider_types_t dividerType, uint32_t 
1847:Generated_Source\PSoC6\pdl\drivers/peripheral/sysclk/cy_sysclk.h **** uint32_t Cy_SysClk_PeriphGetFrequency(cy_en_divider_types_t dividerType, uint32_t dividerNum);
1848:Generated_Source\PSoC6\pdl\drivers/peripheral/sysclk/cy_sysclk.h **** 
1849:Generated_Source\PSoC6\pdl\drivers/peripheral/sysclk/cy_sysclk.h **** /*******************************************************************************
1850:Generated_Source\PSoC6\pdl\drivers/peripheral/sysclk/cy_sysclk.h **** * Function Name: Cy_SysClk_PeriphSetDivider
1851:Generated_Source\PSoC6\pdl\drivers/peripheral/sysclk/cy_sysclk.h **** ****************************************************************************//**
1852:Generated_Source\PSoC6\pdl\drivers/peripheral/sysclk/cy_sysclk.h **** *
1853:Generated_Source\PSoC6\pdl\drivers/peripheral/sysclk/cy_sysclk.h **** * Sets one of the programmable clock dividers. This is only used for integer
1854:Generated_Source\PSoC6\pdl\drivers/peripheral/sysclk/cy_sysclk.h **** * dividers. Use \ref Cy_SysClk_PeriphSetFracDivider for setting factional dividers.
1855:Generated_Source\PSoC6\pdl\drivers/peripheral/sysclk/cy_sysclk.h **** *
1856:Generated_Source\PSoC6\pdl\drivers/peripheral/sysclk/cy_sysclk.h **** * \pre If the specified clock divider is already enabled - it should be disabled
1857:Generated_Source\PSoC6\pdl\drivers/peripheral/sysclk/cy_sysclk.h **** * prior to use this function by \ref Cy_SysClk_PeriphDisableDivider.
1858:Generated_Source\PSoC6\pdl\drivers/peripheral/sysclk/cy_sysclk.h **** *
1859:Generated_Source\PSoC6\pdl\drivers/peripheral/sysclk/cy_sysclk.h **** * \param dividerType specifies which type of divider to use; \ref cy_en_divider_types_t
1860:Generated_Source\PSoC6\pdl\drivers/peripheral/sysclk/cy_sysclk.h **** *
1861:Generated_Source\PSoC6\pdl\drivers/peripheral/sysclk/cy_sysclk.h **** * \param dividerNum the divider number.
1862:Generated_Source\PSoC6\pdl\drivers/peripheral/sysclk/cy_sysclk.h **** *
1863:Generated_Source\PSoC6\pdl\drivers/peripheral/sysclk/cy_sysclk.h **** * \param dividerValue divider value
1864:Generated_Source\PSoC6\pdl\drivers/peripheral/sysclk/cy_sysclk.h **** * Causes integer division of (divider value + 1), or division by 1 to 256
1865:Generated_Source\PSoC6\pdl\drivers/peripheral/sysclk/cy_sysclk.h **** * (8-bit divider) or 1 to 65536 (16-bit divider).
1866:Generated_Source\PSoC6\pdl\drivers/peripheral/sysclk/cy_sysclk.h **** *
1867:Generated_Source\PSoC6\pdl\drivers/peripheral/sysclk/cy_sysclk.h **** * \return \ref cy_en_sysclk_status_t
1868:Generated_Source\PSoC6\pdl\drivers/peripheral/sysclk/cy_sysclk.h **** *
1869:Generated_Source\PSoC6\pdl\drivers/peripheral/sysclk/cy_sysclk.h **** * \funcusage
1870:Generated_Source\PSoC6\pdl\drivers/peripheral/sysclk/cy_sysclk.h **** * \snippet sysclk/2.0/snippet/main.c snippet_Cy_SysClk_PeriphSetDivider
1871:Generated_Source\PSoC6\pdl\drivers/peripheral/sysclk/cy_sysclk.h **** *
1872:Generated_Source\PSoC6\pdl\drivers/peripheral/sysclk/cy_sysclk.h **** *******************************************************************************/
1873:Generated_Source\PSoC6\pdl\drivers/peripheral/sysclk/cy_sysclk.h **** __STATIC_INLINE cy_en_sysclk_status_t
1874:Generated_Source\PSoC6\pdl\drivers/peripheral/sysclk/cy_sysclk.h ****                 Cy_SysClk_PeriphSetDivider(cy_en_divider_types_t dividerType,
1875:Generated_Source\PSoC6\pdl\drivers/peripheral/sysclk/cy_sysclk.h ****                                            uint32_t dividerNum, uint32_t dividerValue)
1876:Generated_Source\PSoC6\pdl\drivers/peripheral/sysclk/cy_sysclk.h **** {
1877:Generated_Source\PSoC6\pdl\drivers/peripheral/sysclk/cy_sysclk.h ****     cy_en_sysclk_status_t retVal = CY_SYSCLK_BAD_PARAM;
1878:Generated_Source\PSoC6\pdl\drivers/peripheral/sysclk/cy_sysclk.h ****     if (dividerType == CY_SYSCLK_DIV_8_BIT)
1879:Generated_Source\PSoC6\pdl\drivers/peripheral/sysclk/cy_sysclk.h ****     {
1880:Generated_Source\PSoC6\pdl\drivers/peripheral/sysclk/cy_sysclk.h ****         if ((dividerNum < PERI_DIV_8_NR) &&
1881:Generated_Source\PSoC6\pdl\drivers/peripheral/sysclk/cy_sysclk.h ****             (dividerValue <= (PERI_DIV_8_CTL_INT8_DIV_Msk >> PERI_DIV_8_CTL_INT8_DIV_Pos)))
1882:Generated_Source\PSoC6\pdl\drivers/peripheral/sysclk/cy_sysclk.h ****         {
1883:Generated_Source\PSoC6\pdl\drivers/peripheral/sysclk/cy_sysclk.h ****             CY_REG32_CLR_SET(PERI_DIV_8_CTL[dividerNum], PERI_DIV_8_CTL_INT8_DIV, dividerValue);
1884:Generated_Source\PSoC6\pdl\drivers/peripheral/sysclk/cy_sysclk.h ****             retVal = CY_SYSCLK_SUCCESS;
1885:Generated_Source\PSoC6\pdl\drivers/peripheral/sysclk/cy_sysclk.h ****         }
1886:Generated_Source\PSoC6\pdl\drivers/peripheral/sysclk/cy_sysclk.h ****     }
1887:Generated_Source\PSoC6\pdl\drivers/peripheral/sysclk/cy_sysclk.h ****     else if (dividerType == CY_SYSCLK_DIV_16_BIT)
1888:Generated_Source\PSoC6\pdl\drivers/peripheral/sysclk/cy_sysclk.h ****     {
1889:Generated_Source\PSoC6\pdl\drivers/peripheral/sysclk/cy_sysclk.h ****         if ((dividerNum < PERI_DIV_16_NR) &&
1890:Generated_Source\PSoC6\pdl\drivers/peripheral/sysclk/cy_sysclk.h ****             (dividerValue <= (PERI_DIV_16_CTL_INT16_DIV_Msk >> PERI_DIV_16_CTL_INT16_DIV_Pos)))
1891:Generated_Source\PSoC6\pdl\drivers/peripheral/sysclk/cy_sysclk.h ****         {
1892:Generated_Source\PSoC6\pdl\drivers/peripheral/sysclk/cy_sysclk.h ****             CY_REG32_CLR_SET(PERI_DIV_16_CTL[dividerNum], PERI_DIV_16_CTL_INT16_DIV, dividerValue);
1893:Generated_Source\PSoC6\pdl\drivers/peripheral/sysclk/cy_sysclk.h ****             retVal = CY_SYSCLK_SUCCESS;
1894:Generated_Source\PSoC6\pdl\drivers/peripheral/sysclk/cy_sysclk.h ****         }
1895:Generated_Source\PSoC6\pdl\drivers/peripheral/sysclk/cy_sysclk.h ****     }
1896:Generated_Source\PSoC6\pdl\drivers/peripheral/sysclk/cy_sysclk.h ****     else
1897:Generated_Source\PSoC6\pdl\drivers/peripheral/sysclk/cy_sysclk.h ****     { /* return bad parameter */
1898:Generated_Source\PSoC6\pdl\drivers/peripheral/sysclk/cy_sysclk.h ****     }
1899:Generated_Source\PSoC6\pdl\drivers/peripheral/sysclk/cy_sysclk.h ****     return (retVal);
ARM GAS  C:\Users\Finik\AppData\Local\Temp\cctwKBtC.s 			page 38


1900:Generated_Source\PSoC6\pdl\drivers/peripheral/sysclk/cy_sysclk.h **** }
1901:Generated_Source\PSoC6\pdl\drivers/peripheral/sysclk/cy_sysclk.h **** 
1902:Generated_Source\PSoC6\pdl\drivers/peripheral/sysclk/cy_sysclk.h **** /*******************************************************************************
1903:Generated_Source\PSoC6\pdl\drivers/peripheral/sysclk/cy_sysclk.h **** * Function Name: Cy_SysClk_PeriphGetDivider
1904:Generated_Source\PSoC6\pdl\drivers/peripheral/sysclk/cy_sysclk.h **** ****************************************************************************//**
1905:Generated_Source\PSoC6\pdl\drivers/peripheral/sysclk/cy_sysclk.h **** *
1906:Generated_Source\PSoC6\pdl\drivers/peripheral/sysclk/cy_sysclk.h **** * Returns the integer divider value for the specified divider. One works for
1907:Generated_Source\PSoC6\pdl\drivers/peripheral/sysclk/cy_sysclk.h **** * integer dividers. Use \ref Cy_SysClk_PeriphGetFracDivider to get the fractional
1908:Generated_Source\PSoC6\pdl\drivers/peripheral/sysclk/cy_sysclk.h **** * divider value
1909:Generated_Source\PSoC6\pdl\drivers/peripheral/sysclk/cy_sysclk.h **** *
1910:Generated_Source\PSoC6\pdl\drivers/peripheral/sysclk/cy_sysclk.h **** * \param dividerType specifies which type of divider to use; \ref cy_en_divider_types_t
1911:Generated_Source\PSoC6\pdl\drivers/peripheral/sysclk/cy_sysclk.h **** *
1912:Generated_Source\PSoC6\pdl\drivers/peripheral/sysclk/cy_sysclk.h **** * \param dividerNum specifies which divider of the selected type to configure
1913:Generated_Source\PSoC6\pdl\drivers/peripheral/sysclk/cy_sysclk.h **** *
1914:Generated_Source\PSoC6\pdl\drivers/peripheral/sysclk/cy_sysclk.h **** * \return The divider value.
1915:Generated_Source\PSoC6\pdl\drivers/peripheral/sysclk/cy_sysclk.h **** * The integer division done is by (divider value + 1), or division by 1 to 256
1916:Generated_Source\PSoC6\pdl\drivers/peripheral/sysclk/cy_sysclk.h **** * (8-bit divider) or 1 to 65536 (16-bit divider).
1917:Generated_Source\PSoC6\pdl\drivers/peripheral/sysclk/cy_sysclk.h **** *
1918:Generated_Source\PSoC6\pdl\drivers/peripheral/sysclk/cy_sysclk.h **** * \funcusage
1919:Generated_Source\PSoC6\pdl\drivers/peripheral/sysclk/cy_sysclk.h **** * \snippet sysclk/2.0/snippet/main.c snippet_Cy_SysClk_PeriphSetDivider
1920:Generated_Source\PSoC6\pdl\drivers/peripheral/sysclk/cy_sysclk.h **** *
1921:Generated_Source\PSoC6\pdl\drivers/peripheral/sysclk/cy_sysclk.h **** *******************************************************************************/
1922:Generated_Source\PSoC6\pdl\drivers/peripheral/sysclk/cy_sysclk.h **** __STATIC_INLINE uint32_t Cy_SysClk_PeriphGetDivider(cy_en_divider_types_t dividerType, uint32_t div
1923:Generated_Source\PSoC6\pdl\drivers/peripheral/sysclk/cy_sysclk.h **** {
1924:Generated_Source\PSoC6\pdl\drivers/peripheral/sysclk/cy_sysclk.h ****     uint32_t retVal;
1925:Generated_Source\PSoC6\pdl\drivers/peripheral/sysclk/cy_sysclk.h **** 
1926:Generated_Source\PSoC6\pdl\drivers/peripheral/sysclk/cy_sysclk.h ****     CY_ASSERT_L1(dividerType <= CY_SYSCLK_DIV_16_BIT);
1927:Generated_Source\PSoC6\pdl\drivers/peripheral/sysclk/cy_sysclk.h **** 
1928:Generated_Source\PSoC6\pdl\drivers/peripheral/sysclk/cy_sysclk.h ****     if (dividerType == CY_SYSCLK_DIV_8_BIT)
1929:Generated_Source\PSoC6\pdl\drivers/peripheral/sysclk/cy_sysclk.h ****     {
1930:Generated_Source\PSoC6\pdl\drivers/peripheral/sysclk/cy_sysclk.h ****         CY_ASSERT_L1(dividerNum < PERI_DIV_8_NR);
1931:Generated_Source\PSoC6\pdl\drivers/peripheral/sysclk/cy_sysclk.h ****         retVal = _FLD2VAL(PERI_DIV_8_CTL_INT8_DIV, PERI_DIV_8_CTL[dividerNum]);
1932:Generated_Source\PSoC6\pdl\drivers/peripheral/sysclk/cy_sysclk.h ****     }
1933:Generated_Source\PSoC6\pdl\drivers/peripheral/sysclk/cy_sysclk.h ****     else
1934:Generated_Source\PSoC6\pdl\drivers/peripheral/sysclk/cy_sysclk.h ****     { /* 16-bit divider */
1935:Generated_Source\PSoC6\pdl\drivers/peripheral/sysclk/cy_sysclk.h ****         CY_ASSERT_L1(dividerNum < PERI_DIV_16_NR);
1936:Generated_Source\PSoC6\pdl\drivers/peripheral/sysclk/cy_sysclk.h ****         retVal = _FLD2VAL(PERI_DIV_16_CTL_INT16_DIV, PERI_DIV_16_CTL[dividerNum]);
1937:Generated_Source\PSoC6\pdl\drivers/peripheral/sysclk/cy_sysclk.h ****     }
1938:Generated_Source\PSoC6\pdl\drivers/peripheral/sysclk/cy_sysclk.h ****     return (retVal);
1939:Generated_Source\PSoC6\pdl\drivers/peripheral/sysclk/cy_sysclk.h **** }
1940:Generated_Source\PSoC6\pdl\drivers/peripheral/sysclk/cy_sysclk.h **** 
1941:Generated_Source\PSoC6\pdl\drivers/peripheral/sysclk/cy_sysclk.h **** /*******************************************************************************
1942:Generated_Source\PSoC6\pdl\drivers/peripheral/sysclk/cy_sysclk.h **** * Function Name: Cy_SysClk_PeriphSetFracDivider
1943:Generated_Source\PSoC6\pdl\drivers/peripheral/sysclk/cy_sysclk.h **** ****************************************************************************//**
1944:Generated_Source\PSoC6\pdl\drivers/peripheral/sysclk/cy_sysclk.h **** *
1945:Generated_Source\PSoC6\pdl\drivers/peripheral/sysclk/cy_sysclk.h **** * Sets one of the programmable clock dividers. This function should only be used
1946:Generated_Source\PSoC6\pdl\drivers/peripheral/sysclk/cy_sysclk.h **** * for fractional clock dividers.
1947:Generated_Source\PSoC6\pdl\drivers/peripheral/sysclk/cy_sysclk.h **** *
1948:Generated_Source\PSoC6\pdl\drivers/peripheral/sysclk/cy_sysclk.h **** * \pre If the specified clock divider is already enabled - it should be disabled
1949:Generated_Source\PSoC6\pdl\drivers/peripheral/sysclk/cy_sysclk.h **** * prior to use this function by \ref Cy_SysClk_PeriphDisableDivider.
1950:Generated_Source\PSoC6\pdl\drivers/peripheral/sysclk/cy_sysclk.h **** *
1951:Generated_Source\PSoC6\pdl\drivers/peripheral/sysclk/cy_sysclk.h **** * \param dividerType specifies which type of divider to use; \ref cy_en_divider_types_t
1952:Generated_Source\PSoC6\pdl\drivers/peripheral/sysclk/cy_sysclk.h **** *
1953:Generated_Source\PSoC6\pdl\drivers/peripheral/sysclk/cy_sysclk.h **** * \param dividerNum specifies which divider of the selected type to configure
1954:Generated_Source\PSoC6\pdl\drivers/peripheral/sysclk/cy_sysclk.h **** *
1955:Generated_Source\PSoC6\pdl\drivers/peripheral/sysclk/cy_sysclk.h **** * \param dividerIntValue the integer divider value
1956:Generated_Source\PSoC6\pdl\drivers/peripheral/sysclk/cy_sysclk.h **** * The source of the divider is peri_clk, which is a divided version of hf_clk[0].
ARM GAS  C:\Users\Finik\AppData\Local\Temp\cctwKBtC.s 			page 39


1957:Generated_Source\PSoC6\pdl\drivers/peripheral/sysclk/cy_sysclk.h **** * The divider value causes integer division of (divider value + 1), or division
1958:Generated_Source\PSoC6\pdl\drivers/peripheral/sysclk/cy_sysclk.h **** * by 1 to 65536 (16-bit divider) or 1 to 16777216 (24-bit divider).
1959:Generated_Source\PSoC6\pdl\drivers/peripheral/sysclk/cy_sysclk.h **** *
1960:Generated_Source\PSoC6\pdl\drivers/peripheral/sysclk/cy_sysclk.h **** * \param dividerFracValue the fraction part of the divider
1961:Generated_Source\PSoC6\pdl\drivers/peripheral/sysclk/cy_sysclk.h **** * The fractional divider can be 1-32, thus it divides the clock by 1/32 for each
1962:Generated_Source\PSoC6\pdl\drivers/peripheral/sysclk/cy_sysclk.h **** * count. To divide the clock by 11/32nds set this value to 11.
1963:Generated_Source\PSoC6\pdl\drivers/peripheral/sysclk/cy_sysclk.h **** *
1964:Generated_Source\PSoC6\pdl\drivers/peripheral/sysclk/cy_sysclk.h **** * \return \ref cy_en_sysclk_status_t
1965:Generated_Source\PSoC6\pdl\drivers/peripheral/sysclk/cy_sysclk.h **** *
1966:Generated_Source\PSoC6\pdl\drivers/peripheral/sysclk/cy_sysclk.h **** * \funcusage
1967:Generated_Source\PSoC6\pdl\drivers/peripheral/sysclk/cy_sysclk.h **** * \snippet sysclk/2.0/snippet/main.c snippet_Cy_SysClk_PeriphSetFracDivider
1968:Generated_Source\PSoC6\pdl\drivers/peripheral/sysclk/cy_sysclk.h **** *
1969:Generated_Source\PSoC6\pdl\drivers/peripheral/sysclk/cy_sysclk.h **** *******************************************************************************/
1970:Generated_Source\PSoC6\pdl\drivers/peripheral/sysclk/cy_sysclk.h **** __STATIC_INLINE cy_en_sysclk_status_t
1971:Generated_Source\PSoC6\pdl\drivers/peripheral/sysclk/cy_sysclk.h ****                 Cy_SysClk_PeriphSetFracDivider(cy_en_divider_types_t dividerType, uint32_t dividerN
1972:Generated_Source\PSoC6\pdl\drivers/peripheral/sysclk/cy_sysclk.h ****                                                uint32_t dividerIntValue, uint32_t dividerFracValue)
1973:Generated_Source\PSoC6\pdl\drivers/peripheral/sysclk/cy_sysclk.h **** {
1974:Generated_Source\PSoC6\pdl\drivers/peripheral/sysclk/cy_sysclk.h ****     cy_en_sysclk_status_t retVal = CY_SYSCLK_BAD_PARAM;
1975:Generated_Source\PSoC6\pdl\drivers/peripheral/sysclk/cy_sysclk.h ****     if (dividerType == CY_SYSCLK_DIV_16_5_BIT)
1976:Generated_Source\PSoC6\pdl\drivers/peripheral/sysclk/cy_sysclk.h ****     {
1977:Generated_Source\PSoC6\pdl\drivers/peripheral/sysclk/cy_sysclk.h ****         if ((dividerNum < PERI_DIV_16_5_NR) &&
1978:Generated_Source\PSoC6\pdl\drivers/peripheral/sysclk/cy_sysclk.h ****             (dividerIntValue <= (PERI_DIV_16_5_CTL_INT16_DIV_Msk >> PERI_DIV_16_5_CTL_INT16_DIV_Pos
1979:Generated_Source\PSoC6\pdl\drivers/peripheral/sysclk/cy_sysclk.h ****             (dividerFracValue <= (PERI_DIV_16_5_CTL_FRAC5_DIV_Msk >> PERI_DIV_16_5_CTL_FRAC5_DIV_Po
1980:Generated_Source\PSoC6\pdl\drivers/peripheral/sysclk/cy_sysclk.h ****         {
1981:Generated_Source\PSoC6\pdl\drivers/peripheral/sysclk/cy_sysclk.h ****             CY_REG32_CLR_SET(PERI_DIV_16_5_CTL[dividerNum], PERI_DIV_16_5_CTL_INT16_DIV, dividerInt
1982:Generated_Source\PSoC6\pdl\drivers/peripheral/sysclk/cy_sysclk.h ****             CY_REG32_CLR_SET(PERI_DIV_16_5_CTL[dividerNum], PERI_DIV_16_5_CTL_FRAC5_DIV, dividerFra
1983:Generated_Source\PSoC6\pdl\drivers/peripheral/sysclk/cy_sysclk.h ****             retVal = CY_SYSCLK_SUCCESS;
1984:Generated_Source\PSoC6\pdl\drivers/peripheral/sysclk/cy_sysclk.h ****         }
1985:Generated_Source\PSoC6\pdl\drivers/peripheral/sysclk/cy_sysclk.h ****     }
1986:Generated_Source\PSoC6\pdl\drivers/peripheral/sysclk/cy_sysclk.h ****     else if (dividerType == CY_SYSCLK_DIV_24_5_BIT)
1987:Generated_Source\PSoC6\pdl\drivers/peripheral/sysclk/cy_sysclk.h ****     {
1988:Generated_Source\PSoC6\pdl\drivers/peripheral/sysclk/cy_sysclk.h ****         if ((dividerNum < PERI_DIV_24_5_NR) &&
1989:Generated_Source\PSoC6\pdl\drivers/peripheral/sysclk/cy_sysclk.h ****             (dividerIntValue <= (PERI_DIV_24_5_CTL_INT24_DIV_Msk >> PERI_DIV_24_5_CTL_INT24_DIV_Pos
1990:Generated_Source\PSoC6\pdl\drivers/peripheral/sysclk/cy_sysclk.h ****             (dividerFracValue <= (PERI_DIV_24_5_CTL_FRAC5_DIV_Msk >> PERI_DIV_24_5_CTL_FRAC5_DIV_Po
1991:Generated_Source\PSoC6\pdl\drivers/peripheral/sysclk/cy_sysclk.h ****         {
1992:Generated_Source\PSoC6\pdl\drivers/peripheral/sysclk/cy_sysclk.h ****             CY_REG32_CLR_SET(PERI_DIV_24_5_CTL[dividerNum], PERI_DIV_24_5_CTL_INT24_DIV, dividerInt
1993:Generated_Source\PSoC6\pdl\drivers/peripheral/sysclk/cy_sysclk.h ****             CY_REG32_CLR_SET(PERI_DIV_24_5_CTL[dividerNum], PERI_DIV_24_5_CTL_FRAC5_DIV, dividerFra
1994:Generated_Source\PSoC6\pdl\drivers/peripheral/sysclk/cy_sysclk.h ****             retVal = CY_SYSCLK_SUCCESS;
1995:Generated_Source\PSoC6\pdl\drivers/peripheral/sysclk/cy_sysclk.h ****         }
1996:Generated_Source\PSoC6\pdl\drivers/peripheral/sysclk/cy_sysclk.h ****     }
1997:Generated_Source\PSoC6\pdl\drivers/peripheral/sysclk/cy_sysclk.h ****     else
1998:Generated_Source\PSoC6\pdl\drivers/peripheral/sysclk/cy_sysclk.h ****     { /* return bad parameter */
1999:Generated_Source\PSoC6\pdl\drivers/peripheral/sysclk/cy_sysclk.h ****     }
2000:Generated_Source\PSoC6\pdl\drivers/peripheral/sysclk/cy_sysclk.h ****     return (retVal);
2001:Generated_Source\PSoC6\pdl\drivers/peripheral/sysclk/cy_sysclk.h **** }
2002:Generated_Source\PSoC6\pdl\drivers/peripheral/sysclk/cy_sysclk.h **** 
2003:Generated_Source\PSoC6\pdl\drivers/peripheral/sysclk/cy_sysclk.h **** /*******************************************************************************
2004:Generated_Source\PSoC6\pdl\drivers/peripheral/sysclk/cy_sysclk.h **** * Function Name: Cy_SysClk_PeriphGetFracDivider
2005:Generated_Source\PSoC6\pdl\drivers/peripheral/sysclk/cy_sysclk.h **** ****************************************************************************//**
2006:Generated_Source\PSoC6\pdl\drivers/peripheral/sysclk/cy_sysclk.h **** *
2007:Generated_Source\PSoC6\pdl\drivers/peripheral/sysclk/cy_sysclk.h **** * Reports the integer and fractional parts of the divider
2008:Generated_Source\PSoC6\pdl\drivers/peripheral/sysclk/cy_sysclk.h **** *
2009:Generated_Source\PSoC6\pdl\drivers/peripheral/sysclk/cy_sysclk.h **** * \param dividerType specifies which type of divider to use; \ref cy_en_divider_types_t
2010:Generated_Source\PSoC6\pdl\drivers/peripheral/sysclk/cy_sysclk.h **** *
2011:Generated_Source\PSoC6\pdl\drivers/peripheral/sysclk/cy_sysclk.h **** * \param dividerNum specifies which divider of the selected type to configure
2012:Generated_Source\PSoC6\pdl\drivers/peripheral/sysclk/cy_sysclk.h **** *
2013:Generated_Source\PSoC6\pdl\drivers/peripheral/sysclk/cy_sysclk.h **** * \param *dividerIntValue pointer to return integer divider value
ARM GAS  C:\Users\Finik\AppData\Local\Temp\cctwKBtC.s 			page 40


2014:Generated_Source\PSoC6\pdl\drivers/peripheral/sysclk/cy_sysclk.h **** *
2015:Generated_Source\PSoC6\pdl\drivers/peripheral/sysclk/cy_sysclk.h **** * \param *dividerFracValue pointer to return fractional divider value
2016:Generated_Source\PSoC6\pdl\drivers/peripheral/sysclk/cy_sysclk.h **** *
2017:Generated_Source\PSoC6\pdl\drivers/peripheral/sysclk/cy_sysclk.h **** * \return None. Loads pointed-to variables.
2018:Generated_Source\PSoC6\pdl\drivers/peripheral/sysclk/cy_sysclk.h **** *
2019:Generated_Source\PSoC6\pdl\drivers/peripheral/sysclk/cy_sysclk.h **** * \funcusage
2020:Generated_Source\PSoC6\pdl\drivers/peripheral/sysclk/cy_sysclk.h **** * \snippet sysclk/2.0/snippet/main.c snippet_Cy_SysClk_PeriphSetFracDivider
2021:Generated_Source\PSoC6\pdl\drivers/peripheral/sysclk/cy_sysclk.h **** *
2022:Generated_Source\PSoC6\pdl\drivers/peripheral/sysclk/cy_sysclk.h **** *******************************************************************************/
2023:Generated_Source\PSoC6\pdl\drivers/peripheral/sysclk/cy_sysclk.h **** __STATIC_INLINE void Cy_SysClk_PeriphGetFracDivider(cy_en_divider_types_t dividerType, uint32_t div
2024:Generated_Source\PSoC6\pdl\drivers/peripheral/sysclk/cy_sysclk.h ****                                                     uint32_t *dividerIntValue, uint32_t *dividerFra
2025:Generated_Source\PSoC6\pdl\drivers/peripheral/sysclk/cy_sysclk.h **** {
2026:Generated_Source\PSoC6\pdl\drivers/peripheral/sysclk/cy_sysclk.h ****     CY_ASSERT_L1(((dividerType == CY_SYSCLK_DIV_16_5_BIT) || (dividerType == CY_SYSCLK_DIV_24_5_BIT
2027:Generated_Source\PSoC6\pdl\drivers/peripheral/sysclk/cy_sysclk.h ****                  (dividerIntValue != NULL) && (dividerFracValue != NULL));
2028:Generated_Source\PSoC6\pdl\drivers/peripheral/sysclk/cy_sysclk.h **** 
2029:Generated_Source\PSoC6\pdl\drivers/peripheral/sysclk/cy_sysclk.h ****     if (dividerType == CY_SYSCLK_DIV_16_5_BIT)
2030:Generated_Source\PSoC6\pdl\drivers/peripheral/sysclk/cy_sysclk.h ****     {
2031:Generated_Source\PSoC6\pdl\drivers/peripheral/sysclk/cy_sysclk.h ****         CY_ASSERT_L1(dividerNum < PERI_DIV_16_5_NR);
2032:Generated_Source\PSoC6\pdl\drivers/peripheral/sysclk/cy_sysclk.h ****         *dividerIntValue  = _FLD2VAL(PERI_DIV_16_5_CTL_INT16_DIV, PERI_DIV_16_5_CTL[dividerNum]);
2033:Generated_Source\PSoC6\pdl\drivers/peripheral/sysclk/cy_sysclk.h ****         *dividerFracValue = _FLD2VAL(PERI_DIV_16_5_CTL_FRAC5_DIV, PERI_DIV_16_5_CTL[dividerNum]);
2034:Generated_Source\PSoC6\pdl\drivers/peripheral/sysclk/cy_sysclk.h ****     }
2035:Generated_Source\PSoC6\pdl\drivers/peripheral/sysclk/cy_sysclk.h ****     else
2036:Generated_Source\PSoC6\pdl\drivers/peripheral/sysclk/cy_sysclk.h ****     { /* 24.5-bit divider */
2037:Generated_Source\PSoC6\pdl\drivers/peripheral/sysclk/cy_sysclk.h ****         CY_ASSERT_L1(dividerNum < PERI_DIV_24_5_NR);
2038:Generated_Source\PSoC6\pdl\drivers/peripheral/sysclk/cy_sysclk.h ****         *dividerIntValue  = _FLD2VAL(PERI_DIV_24_5_CTL_INT24_DIV, PERI_DIV_24_5_CTL[dividerNum]);
2039:Generated_Source\PSoC6\pdl\drivers/peripheral/sysclk/cy_sysclk.h ****         *dividerFracValue = _FLD2VAL(PERI_DIV_24_5_CTL_FRAC5_DIV, PERI_DIV_24_5_CTL[dividerNum]);
2040:Generated_Source\PSoC6\pdl\drivers/peripheral/sysclk/cy_sysclk.h ****     }
2041:Generated_Source\PSoC6\pdl\drivers/peripheral/sysclk/cy_sysclk.h **** }
2042:Generated_Source\PSoC6\pdl\drivers/peripheral/sysclk/cy_sysclk.h **** 
2043:Generated_Source\PSoC6\pdl\drivers/peripheral/sysclk/cy_sysclk.h **** /*******************************************************************************
2044:Generated_Source\PSoC6\pdl\drivers/peripheral/sysclk/cy_sysclk.h **** * Function Name: Cy_SysClk_PeriphAssignDivider
2045:Generated_Source\PSoC6\pdl\drivers/peripheral/sysclk/cy_sysclk.h **** ****************************************************************************//**
2046:Generated_Source\PSoC6\pdl\drivers/peripheral/sysclk/cy_sysclk.h **** *
2047:Generated_Source\PSoC6\pdl\drivers/peripheral/sysclk/cy_sysclk.h **** * Assigns a programmable divider to a selected IP block, such as a TCPWM or SCB.
2048:Generated_Source\PSoC6\pdl\drivers/peripheral/sysclk/cy_sysclk.h **** *
2049:Generated_Source\PSoC6\pdl\drivers/peripheral/sysclk/cy_sysclk.h **** * \param ipBlock specifies ip block to connect the clock divider to.
2050:Generated_Source\PSoC6\pdl\drivers/peripheral/sysclk/cy_sysclk.h **** *
2051:Generated_Source\PSoC6\pdl\drivers/peripheral/sysclk/cy_sysclk.h **** * \param dividerType specifies which type of divider to use; \ref cy_en_divider_types_t
2052:Generated_Source\PSoC6\pdl\drivers/peripheral/sysclk/cy_sysclk.h **** *
2053:Generated_Source\PSoC6\pdl\drivers/peripheral/sysclk/cy_sysclk.h **** * \param dividerNum specifies which divider of the selected type to configure
2054:Generated_Source\PSoC6\pdl\drivers/peripheral/sysclk/cy_sysclk.h **** *
2055:Generated_Source\PSoC6\pdl\drivers/peripheral/sysclk/cy_sysclk.h **** * \return \ref cy_en_sysclk_status_t
2056:Generated_Source\PSoC6\pdl\drivers/peripheral/sysclk/cy_sysclk.h **** *
2057:Generated_Source\PSoC6\pdl\drivers/peripheral/sysclk/cy_sysclk.h **** * \funcusage
2058:Generated_Source\PSoC6\pdl\drivers/peripheral/sysclk/cy_sysclk.h **** * \snippet sysclk/2.0/snippet/main.c snippet_Cy_SysClk_PeriphAssignDivider
2059:Generated_Source\PSoC6\pdl\drivers/peripheral/sysclk/cy_sysclk.h **** *
2060:Generated_Source\PSoC6\pdl\drivers/peripheral/sysclk/cy_sysclk.h **** *******************************************************************************/
2061:Generated_Source\PSoC6\pdl\drivers/peripheral/sysclk/cy_sysclk.h **** __STATIC_INLINE cy_en_sysclk_status_t
2062:Generated_Source\PSoC6\pdl\drivers/peripheral/sysclk/cy_sysclk.h ****                 Cy_SysClk_PeriphAssignDivider(en_clk_dst_t ipBlock,
2063:Generated_Source\PSoC6\pdl\drivers/peripheral/sysclk/cy_sysclk.h ****                                               cy_en_divider_types_t dividerType, uint32_t dividerNu
2064:Generated_Source\PSoC6\pdl\drivers/peripheral/sysclk/cy_sysclk.h **** {
2065:Generated_Source\PSoC6\pdl\drivers/peripheral/sysclk/cy_sysclk.h ****     cy_en_sysclk_status_t retVal = CY_SYSCLK_BAD_PARAM;
2066:Generated_Source\PSoC6\pdl\drivers/peripheral/sysclk/cy_sysclk.h ****     if ((CY_PERI_CLOCK_NR > (uint32_t)ipBlock) && (CY_SYSCLK_DIV_24_5_BIT >= dividerType))
2067:Generated_Source\PSoC6\pdl\drivers/peripheral/sysclk/cy_sysclk.h ****     {
2068:Generated_Source\PSoC6\pdl\drivers/peripheral/sysclk/cy_sysclk.h ****         if (((dividerType == CY_SYSCLK_DIV_8_BIT)    && (dividerNum < PERI_DIV_8_NR))    ||
2069:Generated_Source\PSoC6\pdl\drivers/peripheral/sysclk/cy_sysclk.h ****             ((dividerType == CY_SYSCLK_DIV_16_BIT)   && (dividerNum < PERI_DIV_16_NR))   ||
2070:Generated_Source\PSoC6\pdl\drivers/peripheral/sysclk/cy_sysclk.h ****             ((dividerType == CY_SYSCLK_DIV_16_5_BIT) && (dividerNum < PERI_DIV_16_5_NR)) ||
ARM GAS  C:\Users\Finik\AppData\Local\Temp\cctwKBtC.s 			page 41


2071:Generated_Source\PSoC6\pdl\drivers/peripheral/sysclk/cy_sysclk.h ****             ((dividerType == CY_SYSCLK_DIV_24_5_BIT) && (dividerNum < PERI_DIV_24_5_NR)))
2072:Generated_Source\PSoC6\pdl\drivers/peripheral/sysclk/cy_sysclk.h ****         {
2073:Generated_Source\PSoC6\pdl\drivers/peripheral/sysclk/cy_sysclk.h ****             PERI_CLOCK_CTL[ipBlock] = _VAL2FLD(CY_PERI_CLOCK_CTL_TYPE_SEL, dividerType) |
2074:Generated_Source\PSoC6\pdl\drivers/peripheral/sysclk/cy_sysclk.h ****                                       _VAL2FLD(CY_PERI_CLOCK_CTL_DIV_SEL, dividerNum);
2075:Generated_Source\PSoC6\pdl\drivers/peripheral/sysclk/cy_sysclk.h ****             retVal = CY_SYSCLK_SUCCESS;
2076:Generated_Source\PSoC6\pdl\drivers/peripheral/sysclk/cy_sysclk.h ****         }
2077:Generated_Source\PSoC6\pdl\drivers/peripheral/sysclk/cy_sysclk.h ****     }
2078:Generated_Source\PSoC6\pdl\drivers/peripheral/sysclk/cy_sysclk.h ****     return (retVal);
2079:Generated_Source\PSoC6\pdl\drivers/peripheral/sysclk/cy_sysclk.h **** }
2080:Generated_Source\PSoC6\pdl\drivers/peripheral/sysclk/cy_sysclk.h **** 
2081:Generated_Source\PSoC6\pdl\drivers/peripheral/sysclk/cy_sysclk.h **** /*******************************************************************************
2082:Generated_Source\PSoC6\pdl\drivers/peripheral/sysclk/cy_sysclk.h **** * Function Name: Cy_SysClk_PeriphGetAssignedDivider
2083:Generated_Source\PSoC6\pdl\drivers/peripheral/sysclk/cy_sysclk.h **** ****************************************************************************//**
2084:Generated_Source\PSoC6\pdl\drivers/peripheral/sysclk/cy_sysclk.h **** *
2085:Generated_Source\PSoC6\pdl\drivers/peripheral/sysclk/cy_sysclk.h **** * Reports which clock divider is assigned to a selected IP block.
2086:Generated_Source\PSoC6\pdl\drivers/peripheral/sysclk/cy_sysclk.h **** *
2087:Generated_Source\PSoC6\pdl\drivers/peripheral/sysclk/cy_sysclk.h **** * \param ipBlock specifies ip block to connect the clock divider to.
2088:Generated_Source\PSoC6\pdl\drivers/peripheral/sysclk/cy_sysclk.h **** *
2089:Generated_Source\PSoC6\pdl\drivers/peripheral/sysclk/cy_sysclk.h **** * \return The divider type and number, where bits [7:6] = type, bits[5:0] = divider
2090:Generated_Source\PSoC6\pdl\drivers/peripheral/sysclk/cy_sysclk.h **** * number within that type
2091:Generated_Source\PSoC6\pdl\drivers/peripheral/sysclk/cy_sysclk.h **** *
2092:Generated_Source\PSoC6\pdl\drivers/peripheral/sysclk/cy_sysclk.h **** * \funcusage
2093:Generated_Source\PSoC6\pdl\drivers/peripheral/sysclk/cy_sysclk.h **** * \snippet sysclk/2.0/snippet/main.c snippet_Cy_SysClk_PeriphAssignDivider
2094:Generated_Source\PSoC6\pdl\drivers/peripheral/sysclk/cy_sysclk.h **** *
2095:Generated_Source\PSoC6\pdl\drivers/peripheral/sysclk/cy_sysclk.h **** *******************************************************************************/
2096:Generated_Source\PSoC6\pdl\drivers/peripheral/sysclk/cy_sysclk.h **** __STATIC_INLINE uint32_t Cy_SysClk_PeriphGetAssignedDivider(en_clk_dst_t ipBlock)
2097:Generated_Source\PSoC6\pdl\drivers/peripheral/sysclk/cy_sysclk.h **** {
2098:Generated_Source\PSoC6\pdl\drivers/peripheral/sysclk/cy_sysclk.h ****     CY_ASSERT_L1(CY_PERI_CLOCK_NR > (uint32_t)ipBlock);
2099:Generated_Source\PSoC6\pdl\drivers/peripheral/sysclk/cy_sysclk.h ****     return (PERI_CLOCK_CTL[ipBlock] & (CY_PERI_CLOCK_CTL_DIV_SEL_Msk | CY_PERI_CLOCK_CTL_TYPE_SEL_M
2100:Generated_Source\PSoC6\pdl\drivers/peripheral/sysclk/cy_sysclk.h **** }
2101:Generated_Source\PSoC6\pdl\drivers/peripheral/sysclk/cy_sysclk.h **** 
2102:Generated_Source\PSoC6\pdl\drivers/peripheral/sysclk/cy_sysclk.h **** /*******************************************************************************
2103:Generated_Source\PSoC6\pdl\drivers/peripheral/sysclk/cy_sysclk.h **** * Function Name: Cy_SysClk_PeriphEnableDivider
2104:Generated_Source\PSoC6\pdl\drivers/peripheral/sysclk/cy_sysclk.h **** ****************************************************************************//**
2105:Generated_Source\PSoC6\pdl\drivers/peripheral/sysclk/cy_sysclk.h **** *
2106:Generated_Source\PSoC6\pdl\drivers/peripheral/sysclk/cy_sysclk.h **** * Enables the selected divider.
2107:Generated_Source\PSoC6\pdl\drivers/peripheral/sysclk/cy_sysclk.h **** *
2108:Generated_Source\PSoC6\pdl\drivers/peripheral/sysclk/cy_sysclk.h **** * \param dividerType specifies which type of divider to use; \ref cy_en_divider_types_t
2109:Generated_Source\PSoC6\pdl\drivers/peripheral/sysclk/cy_sysclk.h **** *
2110:Generated_Source\PSoC6\pdl\drivers/peripheral/sysclk/cy_sysclk.h **** * \param dividerNum specifies which divider of the selected type to configure
2111:Generated_Source\PSoC6\pdl\drivers/peripheral/sysclk/cy_sysclk.h **** *
2112:Generated_Source\PSoC6\pdl\drivers/peripheral/sysclk/cy_sysclk.h **** * \note This function also sets the phase alignment bits such that the enabled
2113:Generated_Source\PSoC6\pdl\drivers/peripheral/sysclk/cy_sysclk.h **** * divider is aligned to clk_peri. See \ref Cy_SysClk_PeriphDisableDivider()
2114:Generated_Source\PSoC6\pdl\drivers/peripheral/sysclk/cy_sysclk.h **** * for information on how to phase-align a divider after it is enabled.
2115:Generated_Source\PSoC6\pdl\drivers/peripheral/sysclk/cy_sysclk.h **** *
2116:Generated_Source\PSoC6\pdl\drivers/peripheral/sysclk/cy_sysclk.h **** * \funcusage
2117:Generated_Source\PSoC6\pdl\drivers/peripheral/sysclk/cy_sysclk.h **** * \snippet sysclk/2.0/snippet/main.c snippet_Cy_SysClk_PeriphEnableDivider
2118:Generated_Source\PSoC6\pdl\drivers/peripheral/sysclk/cy_sysclk.h **** *
2119:Generated_Source\PSoC6\pdl\drivers/peripheral/sysclk/cy_sysclk.h **** *******************************************************************************/
2120:Generated_Source\PSoC6\pdl\drivers/peripheral/sysclk/cy_sysclk.h **** __STATIC_INLINE cy_en_sysclk_status_t
2121:Generated_Source\PSoC6\pdl\drivers/peripheral/sysclk/cy_sysclk.h ****                 Cy_SysClk_PeriphEnableDivider(cy_en_divider_types_t dividerType, uint32_t dividerNu
2122:Generated_Source\PSoC6\pdl\drivers/peripheral/sysclk/cy_sysclk.h **** {
2123:Generated_Source\PSoC6\pdl\drivers/peripheral/sysclk/cy_sysclk.h ****     cy_en_sysclk_status_t retVal = CY_SYSCLK_BAD_PARAM;
2124:Generated_Source\PSoC6\pdl\drivers/peripheral/sysclk/cy_sysclk.h ****     if (dividerType <= CY_SYSCLK_DIV_24_5_BIT)
2125:Generated_Source\PSoC6\pdl\drivers/peripheral/sysclk/cy_sysclk.h ****     {
2126:Generated_Source\PSoC6\pdl\drivers/peripheral/sysclk/cy_sysclk.h ****         if (((dividerType == CY_SYSCLK_DIV_8_BIT)    && (dividerNum < PERI_DIV_8_NR))    ||
2127:Generated_Source\PSoC6\pdl\drivers/peripheral/sysclk/cy_sysclk.h ****             ((dividerType == CY_SYSCLK_DIV_16_BIT)   && (dividerNum < PERI_DIV_16_NR))   ||
ARM GAS  C:\Users\Finik\AppData\Local\Temp\cctwKBtC.s 			page 42


2128:Generated_Source\PSoC6\pdl\drivers/peripheral/sysclk/cy_sysclk.h ****             ((dividerType == CY_SYSCLK_DIV_16_5_BIT) && (dividerNum < PERI_DIV_16_5_NR)) ||
2129:Generated_Source\PSoC6\pdl\drivers/peripheral/sysclk/cy_sysclk.h ****             ((dividerType == CY_SYSCLK_DIV_24_5_BIT) && (dividerNum < PERI_DIV_24_5_NR)))
2130:Generated_Source\PSoC6\pdl\drivers/peripheral/sysclk/cy_sysclk.h ****         {
2131:Generated_Source\PSoC6\pdl\drivers/peripheral/sysclk/cy_sysclk.h ****             /* specify the divider, make the reference = clk_peri, and enable the divider */
2132:Generated_Source\PSoC6\pdl\drivers/peripheral/sysclk/cy_sysclk.h ****             PERI_DIV_CMD = PERI_DIV_CMD_ENABLE_Msk                         |
2133:Generated_Source\PSoC6\pdl\drivers/peripheral/sysclk/cy_sysclk.h ****                            CY_PERI_DIV_CMD_PA_TYPE_SEL_Msk                 |
2134:Generated_Source\PSoC6\pdl\drivers/peripheral/sysclk/cy_sysclk.h ****                            CY_PERI_DIV_CMD_PA_DIV_SEL_Msk                  |
2135:Generated_Source\PSoC6\pdl\drivers/peripheral/sysclk/cy_sysclk.h ****                            _VAL2FLD(CY_PERI_DIV_CMD_TYPE_SEL, dividerType) |
2136:Generated_Source\PSoC6\pdl\drivers/peripheral/sysclk/cy_sysclk.h ****                            _VAL2FLD(CY_PERI_DIV_CMD_DIV_SEL,  dividerNum);
2137:Generated_Source\PSoC6\pdl\drivers/peripheral/sysclk/cy_sysclk.h ****             (void)PERI_DIV_CMD; /* dummy read to handle buffered writes */
2138:Generated_Source\PSoC6\pdl\drivers/peripheral/sysclk/cy_sysclk.h ****             retVal = CY_SYSCLK_SUCCESS;
2139:Generated_Source\PSoC6\pdl\drivers/peripheral/sysclk/cy_sysclk.h ****         }
2140:Generated_Source\PSoC6\pdl\drivers/peripheral/sysclk/cy_sysclk.h ****     }
2141:Generated_Source\PSoC6\pdl\drivers/peripheral/sysclk/cy_sysclk.h ****     return (retVal);
2142:Generated_Source\PSoC6\pdl\drivers/peripheral/sysclk/cy_sysclk.h **** }
2143:Generated_Source\PSoC6\pdl\drivers/peripheral/sysclk/cy_sysclk.h **** 
2144:Generated_Source\PSoC6\pdl\drivers/peripheral/sysclk/cy_sysclk.h **** /*******************************************************************************
2145:Generated_Source\PSoC6\pdl\drivers/peripheral/sysclk/cy_sysclk.h **** * Function Name: Cy_SysClk_PeriphDisableDivider
2146:Generated_Source\PSoC6\pdl\drivers/peripheral/sysclk/cy_sysclk.h **** ****************************************************************************//**
2147:Generated_Source\PSoC6\pdl\drivers/peripheral/sysclk/cy_sysclk.h **** *
2148:Generated_Source\PSoC6\pdl\drivers/peripheral/sysclk/cy_sysclk.h **** * Disables a selected divider.
2149:Generated_Source\PSoC6\pdl\drivers/peripheral/sysclk/cy_sysclk.h **** *
2150:Generated_Source\PSoC6\pdl\drivers/peripheral/sysclk/cy_sysclk.h **** * \param dividerType specifies which type of divider to use; \ref cy_en_divider_types_t.
2151:Generated_Source\PSoC6\pdl\drivers/peripheral/sysclk/cy_sysclk.h **** *
2152:Generated_Source\PSoC6\pdl\drivers/peripheral/sysclk/cy_sysclk.h **** * \param dividerNum specifies which divider of the selected type to configure.
2153:Generated_Source\PSoC6\pdl\drivers/peripheral/sysclk/cy_sysclk.h **** *
2154:Generated_Source\PSoC6\pdl\drivers/peripheral/sysclk/cy_sysclk.h **** * \funcusage
2155:Generated_Source\PSoC6\pdl\drivers/peripheral/sysclk/cy_sysclk.h **** * \snippet sysclk/2.0/snippet/main.c snippet_Cy_SysClk_PeriphDisableDivider
2156:Generated_Source\PSoC6\pdl\drivers/peripheral/sysclk/cy_sysclk.h **** *
2157:Generated_Source\PSoC6\pdl\drivers/peripheral/sysclk/cy_sysclk.h **** *******************************************************************************/
2158:Generated_Source\PSoC6\pdl\drivers/peripheral/sysclk/cy_sysclk.h **** __STATIC_INLINE cy_en_sysclk_status_t
2159:Generated_Source\PSoC6\pdl\drivers/peripheral/sysclk/cy_sysclk.h ****                 Cy_SysClk_PeriphDisableDivider(cy_en_divider_types_t dividerType, uint32_t dividerN
2160:Generated_Source\PSoC6\pdl\drivers/peripheral/sysclk/cy_sysclk.h **** {
2161:Generated_Source\PSoC6\pdl\drivers/peripheral/sysclk/cy_sysclk.h ****     cy_en_sysclk_status_t retVal = CY_SYSCLK_BAD_PARAM;
2162:Generated_Source\PSoC6\pdl\drivers/peripheral/sysclk/cy_sysclk.h ****     if (dividerType <= CY_SYSCLK_DIV_24_5_BIT)
2163:Generated_Source\PSoC6\pdl\drivers/peripheral/sysclk/cy_sysclk.h ****     {
2164:Generated_Source\PSoC6\pdl\drivers/peripheral/sysclk/cy_sysclk.h ****         if (((dividerType == CY_SYSCLK_DIV_8_BIT)    && (dividerNum < PERI_DIV_8_NR))    ||
2165:Generated_Source\PSoC6\pdl\drivers/peripheral/sysclk/cy_sysclk.h ****             ((dividerType == CY_SYSCLK_DIV_16_BIT)   && (dividerNum < PERI_DIV_16_NR))   ||
2166:Generated_Source\PSoC6\pdl\drivers/peripheral/sysclk/cy_sysclk.h ****             ((dividerType == CY_SYSCLK_DIV_16_5_BIT) && (dividerNum < PERI_DIV_16_5_NR)) ||
2167:Generated_Source\PSoC6\pdl\drivers/peripheral/sysclk/cy_sysclk.h ****             ((dividerType == CY_SYSCLK_DIV_24_5_BIT) && (dividerNum < PERI_DIV_24_5_NR)))
2168:Generated_Source\PSoC6\pdl\drivers/peripheral/sysclk/cy_sysclk.h ****         {
2169:Generated_Source\PSoC6\pdl\drivers/peripheral/sysclk/cy_sysclk.h ****             /* specify the divider and disable it */
2170:Generated_Source\PSoC6\pdl\drivers/peripheral/sysclk/cy_sysclk.h ****             PERI_DIV_CMD = PERI_DIV_CMD_DISABLE_Msk          |
2171:Generated_Source\PSoC6\pdl\drivers/peripheral/sysclk/cy_sysclk.h ****              _VAL2FLD(CY_PERI_DIV_CMD_TYPE_SEL, dividerType) |
2172:Generated_Source\PSoC6\pdl\drivers/peripheral/sysclk/cy_sysclk.h ****              _VAL2FLD(CY_PERI_DIV_CMD_DIV_SEL,  dividerNum);
2173:Generated_Source\PSoC6\pdl\drivers/peripheral/sysclk/cy_sysclk.h ****             retVal = CY_SYSCLK_SUCCESS;
2174:Generated_Source\PSoC6\pdl\drivers/peripheral/sysclk/cy_sysclk.h ****         }
2175:Generated_Source\PSoC6\pdl\drivers/peripheral/sysclk/cy_sysclk.h ****     }
2176:Generated_Source\PSoC6\pdl\drivers/peripheral/sysclk/cy_sysclk.h ****     return (retVal);
2177:Generated_Source\PSoC6\pdl\drivers/peripheral/sysclk/cy_sysclk.h **** }
2178:Generated_Source\PSoC6\pdl\drivers/peripheral/sysclk/cy_sysclk.h **** 
2179:Generated_Source\PSoC6\pdl\drivers/peripheral/sysclk/cy_sysclk.h **** /*******************************************************************************
2180:Generated_Source\PSoC6\pdl\drivers/peripheral/sysclk/cy_sysclk.h **** * Function Name: Cy_SysClk_PeriphEnablePhaseAlignDivider
2181:Generated_Source\PSoC6\pdl\drivers/peripheral/sysclk/cy_sysclk.h **** ****************************************************************************//**
2182:Generated_Source\PSoC6\pdl\drivers/peripheral/sysclk/cy_sysclk.h **** *
2183:Generated_Source\PSoC6\pdl\drivers/peripheral/sysclk/cy_sysclk.h **** * First disables a selected divider (\ref Cy_SysClk_PeriphDisableDivider),
2184:Generated_Source\PSoC6\pdl\drivers/peripheral/sysclk/cy_sysclk.h **** * then aligns that divider to another programmable divider, and enables the
ARM GAS  C:\Users\Finik\AppData\Local\Temp\cctwKBtC.s 			page 43


2185:Generated_Source\PSoC6\pdl\drivers/peripheral/sysclk/cy_sysclk.h **** * selected divider. The divider to align to must already be enabled in order
2186:Generated_Source\PSoC6\pdl\drivers/peripheral/sysclk/cy_sysclk.h **** * to align a divider to it.
2187:Generated_Source\PSoC6\pdl\drivers/peripheral/sysclk/cy_sysclk.h **** *
2188:Generated_Source\PSoC6\pdl\drivers/peripheral/sysclk/cy_sysclk.h **** * \param dividerType specifies which type of divider to use; \ref cy_en_divider_types_t.
2189:Generated_Source\PSoC6\pdl\drivers/peripheral/sysclk/cy_sysclk.h **** *
2190:Generated_Source\PSoC6\pdl\drivers/peripheral/sysclk/cy_sysclk.h **** * \param dividerNum specifies which divider of the selected type to configure.
2191:Generated_Source\PSoC6\pdl\drivers/peripheral/sysclk/cy_sysclk.h **** *
2192:Generated_Source\PSoC6\pdl\drivers/peripheral/sysclk/cy_sysclk.h **** * \param dividerTypePA type of divider to phase-align to; \ref cy_en_divider_types_t.
2193:Generated_Source\PSoC6\pdl\drivers/peripheral/sysclk/cy_sysclk.h **** *
2194:Generated_Source\PSoC6\pdl\drivers/peripheral/sysclk/cy_sysclk.h **** * \param dividerNumPA divider number of type specified to phase align to.
2195:Generated_Source\PSoC6\pdl\drivers/peripheral/sysclk/cy_sysclk.h **** *
2196:Generated_Source\PSoC6\pdl\drivers/peripheral/sysclk/cy_sysclk.h **** * \note
2197:Generated_Source\PSoC6\pdl\drivers/peripheral/sysclk/cy_sysclk.h **** * To phase-align a divider to clk_peri, set dividerTypePA to 3 and dividerNumPA
2198:Generated_Source\PSoC6\pdl\drivers/peripheral/sysclk/cy_sysclk.h **** * to 63.
2199:Generated_Source\PSoC6\pdl\drivers/peripheral/sysclk/cy_sysclk.h **** *
2200:Generated_Source\PSoC6\pdl\drivers/peripheral/sysclk/cy_sysclk.h **** * \funcusage
2201:Generated_Source\PSoC6\pdl\drivers/peripheral/sysclk/cy_sysclk.h **** * \snippet sysclk/2.0/snippet/main.c snippet_Cy_SysClk_PeriphEnablePhaseAlignDivider
2202:Generated_Source\PSoC6\pdl\drivers/peripheral/sysclk/cy_sysclk.h **** *
2203:Generated_Source\PSoC6\pdl\drivers/peripheral/sysclk/cy_sysclk.h **** *******************************************************************************/
2204:Generated_Source\PSoC6\pdl\drivers/peripheral/sysclk/cy_sysclk.h **** __STATIC_INLINE cy_en_sysclk_status_t
2205:Generated_Source\PSoC6\pdl\drivers/peripheral/sysclk/cy_sysclk.h ****                 Cy_SysClk_PeriphEnablePhaseAlignDivider(cy_en_divider_types_t dividerType, uint32_t
2206:Generated_Source\PSoC6\pdl\drivers/peripheral/sysclk/cy_sysclk.h ****                                                         cy_en_divider_types_t dividerTypePA, uint32
2207:Generated_Source\PSoC6\pdl\drivers/peripheral/sysclk/cy_sysclk.h **** {
2208:Generated_Source\PSoC6\pdl\drivers/peripheral/sysclk/cy_sysclk.h ****     cy_en_sysclk_status_t retVal = CY_SYSCLK_BAD_PARAM;
2209:Generated_Source\PSoC6\pdl\drivers/peripheral/sysclk/cy_sysclk.h ****     if (dividerTypePA <= CY_SYSCLK_DIV_24_5_BIT)
2210:Generated_Source\PSoC6\pdl\drivers/peripheral/sysclk/cy_sysclk.h ****     {
2211:Generated_Source\PSoC6\pdl\drivers/peripheral/sysclk/cy_sysclk.h ****         if (((dividerTypePA == CY_SYSCLK_DIV_8_BIT)    && (dividerNumPA < PERI_DIV_8_NR))    ||
2212:Generated_Source\PSoC6\pdl\drivers/peripheral/sysclk/cy_sysclk.h ****             ((dividerTypePA == CY_SYSCLK_DIV_16_BIT)   && (dividerNumPA < PERI_DIV_16_NR))   ||
2213:Generated_Source\PSoC6\pdl\drivers/peripheral/sysclk/cy_sysclk.h ****             ((dividerTypePA == CY_SYSCLK_DIV_16_5_BIT) && (dividerNumPA < PERI_DIV_16_5_NR)) ||
2214:Generated_Source\PSoC6\pdl\drivers/peripheral/sysclk/cy_sysclk.h ****             ((dividerTypePA == CY_SYSCLK_DIV_24_5_BIT) && ((dividerNumPA < PERI_DIV_24_5_NR) || (di
2215:Generated_Source\PSoC6\pdl\drivers/peripheral/sysclk/cy_sysclk.h ****         {
2216:Generated_Source\PSoC6\pdl\drivers/peripheral/sysclk/cy_sysclk.h ****             /* First, disable the divider that is to be phase-aligned.
2217:Generated_Source\PSoC6\pdl\drivers/peripheral/sysclk/cy_sysclk.h ****                The other two parameters are checked in that function;
2218:Generated_Source\PSoC6\pdl\drivers/peripheral/sysclk/cy_sysclk.h ****                if they're not valid, the divider is not disabled. */
2219:Generated_Source\PSoC6\pdl\drivers/peripheral/sysclk/cy_sysclk.h ****             retVal = Cy_SysClk_PeriphDisableDivider(dividerType, dividerNum);
2220:Generated_Source\PSoC6\pdl\drivers/peripheral/sysclk/cy_sysclk.h ****             if (retVal == CY_SYSCLK_SUCCESS)
2221:Generated_Source\PSoC6\pdl\drivers/peripheral/sysclk/cy_sysclk.h ****             {
2222:Generated_Source\PSoC6\pdl\drivers/peripheral/sysclk/cy_sysclk.h ****                 /* Then, specify the reference divider, and the divider, and enable the divider. */
2223:Generated_Source\PSoC6\pdl\drivers/peripheral/sysclk/cy_sysclk.h ****                 PERI_DIV_CMD = PERI_DIV_CMD_ENABLE_Msk             |
2224:Generated_Source\PSoC6\pdl\drivers/peripheral/sysclk/cy_sysclk.h ****                  _VAL2FLD(CY_PERI_DIV_CMD_PA_TYPE_SEL, dividerTypePA) |
2225:Generated_Source\PSoC6\pdl\drivers/peripheral/sysclk/cy_sysclk.h ****                  _VAL2FLD(CY_PERI_DIV_CMD_PA_DIV_SEL,  dividerNumPA)  |
2226:Generated_Source\PSoC6\pdl\drivers/peripheral/sysclk/cy_sysclk.h ****                  _VAL2FLD(CY_PERI_DIV_CMD_TYPE_SEL, dividerType)   |
2227:Generated_Source\PSoC6\pdl\drivers/peripheral/sysclk/cy_sysclk.h ****                  _VAL2FLD(CY_PERI_DIV_CMD_DIV_SEL,  dividerNum);
2228:Generated_Source\PSoC6\pdl\drivers/peripheral/sysclk/cy_sysclk.h ****             }
2229:Generated_Source\PSoC6\pdl\drivers/peripheral/sysclk/cy_sysclk.h ****         }
2230:Generated_Source\PSoC6\pdl\drivers/peripheral/sysclk/cy_sysclk.h ****     }
2231:Generated_Source\PSoC6\pdl\drivers/peripheral/sysclk/cy_sysclk.h ****     return (retVal);
2232:Generated_Source\PSoC6\pdl\drivers/peripheral/sysclk/cy_sysclk.h **** }
2233:Generated_Source\PSoC6\pdl\drivers/peripheral/sysclk/cy_sysclk.h **** 
2234:Generated_Source\PSoC6\pdl\drivers/peripheral/sysclk/cy_sysclk.h **** /*******************************************************************************
2235:Generated_Source\PSoC6\pdl\drivers/peripheral/sysclk/cy_sysclk.h **** * Function Name: Cy_SysClk_PeriphGetDividerEnabled
2236:Generated_Source\PSoC6\pdl\drivers/peripheral/sysclk/cy_sysclk.h **** ****************************************************************************//**
2237:Generated_Source\PSoC6\pdl\drivers/peripheral/sysclk/cy_sysclk.h **** *
2238:Generated_Source\PSoC6\pdl\drivers/peripheral/sysclk/cy_sysclk.h **** * Reports the enabled/disabled atate of the selected divider.
2239:Generated_Source\PSoC6\pdl\drivers/peripheral/sysclk/cy_sysclk.h **** *
2240:Generated_Source\PSoC6\pdl\drivers/peripheral/sysclk/cy_sysclk.h **** * \param dividerType specifies which type of divider to use; \ref cy_en_divider_types_t.
2241:Generated_Source\PSoC6\pdl\drivers/peripheral/sysclk/cy_sysclk.h **** *
ARM GAS  C:\Users\Finik\AppData\Local\Temp\cctwKBtC.s 			page 44


2242:Generated_Source\PSoC6\pdl\drivers/peripheral/sysclk/cy_sysclk.h **** * \param dividerNum specifies which divider of the selected type to configure.
2243:Generated_Source\PSoC6\pdl\drivers/peripheral/sysclk/cy_sysclk.h **** *
2244:Generated_Source\PSoC6\pdl\drivers/peripheral/sysclk/cy_sysclk.h **** * \return The enabled/disabled state;<br>
2245:Generated_Source\PSoC6\pdl\drivers/peripheral/sysclk/cy_sysclk.h **** * false = disabled<br>
2246:Generated_Source\PSoC6\pdl\drivers/peripheral/sysclk/cy_sysclk.h **** * true = enabled
2247:Generated_Source\PSoC6\pdl\drivers/peripheral/sysclk/cy_sysclk.h **** *
2248:Generated_Source\PSoC6\pdl\drivers/peripheral/sysclk/cy_sysclk.h **** * \funcusage
2249:Generated_Source\PSoC6\pdl\drivers/peripheral/sysclk/cy_sysclk.h **** * \snippet sysclk/2.0/snippet/main.c snippet_Cy_SysClk_PeriphGetDividerEnabled
2250:Generated_Source\PSoC6\pdl\drivers/peripheral/sysclk/cy_sysclk.h **** *
2251:Generated_Source\PSoC6\pdl\drivers/peripheral/sysclk/cy_sysclk.h **** *******************************************************************************/
2252:Generated_Source\PSoC6\pdl\drivers/peripheral/sysclk/cy_sysclk.h **** __STATIC_INLINE bool Cy_SysClk_PeriphGetDividerEnabled(cy_en_divider_types_t dividerType, uint32_t 
2253:Generated_Source\PSoC6\pdl\drivers/peripheral/sysclk/cy_sysclk.h **** {
2254:Generated_Source\PSoC6\pdl\drivers/peripheral/sysclk/cy_sysclk.h ****     bool retVal = false;
2255:Generated_Source\PSoC6\pdl\drivers/peripheral/sysclk/cy_sysclk.h **** 
2256:Generated_Source\PSoC6\pdl\drivers/peripheral/sysclk/cy_sysclk.h ****     CY_ASSERT_L1(((dividerType == CY_SYSCLK_DIV_8_BIT)    && (dividerNum < PERI_DIV_8_NR))    ||
2257:Generated_Source\PSoC6\pdl\drivers/peripheral/sysclk/cy_sysclk.h ****                  ((dividerType == CY_SYSCLK_DIV_16_BIT)   && (dividerNum < PERI_DIV_16_NR))   ||
2258:Generated_Source\PSoC6\pdl\drivers/peripheral/sysclk/cy_sysclk.h ****                  ((dividerType == CY_SYSCLK_DIV_16_5_BIT) && (dividerNum < PERI_DIV_16_5_NR)) ||
2259:Generated_Source\PSoC6\pdl\drivers/peripheral/sysclk/cy_sysclk.h ****                  ((dividerType == CY_SYSCLK_DIV_24_5_BIT) && (dividerNum < PERI_DIV_24_5_NR)));
2260:Generated_Source\PSoC6\pdl\drivers/peripheral/sysclk/cy_sysclk.h **** 
2261:Generated_Source\PSoC6\pdl\drivers/peripheral/sysclk/cy_sysclk.h ****     switch(dividerType)
2262:Generated_Source\PSoC6\pdl\drivers/peripheral/sysclk/cy_sysclk.h ****     {
2263:Generated_Source\PSoC6\pdl\drivers/peripheral/sysclk/cy_sysclk.h ****         case CY_SYSCLK_DIV_8_BIT:
2264:Generated_Source\PSoC6\pdl\drivers/peripheral/sysclk/cy_sysclk.h ****             retVal = _FLD2BOOL(PERI_DIV_8_CTL_EN, PERI_DIV_8_CTL[dividerNum]);
2265:Generated_Source\PSoC6\pdl\drivers/peripheral/sysclk/cy_sysclk.h ****             break;
2266:Generated_Source\PSoC6\pdl\drivers/peripheral/sysclk/cy_sysclk.h ****         case CY_SYSCLK_DIV_16_BIT:
2267:Generated_Source\PSoC6\pdl\drivers/peripheral/sysclk/cy_sysclk.h ****             retVal = _FLD2BOOL(PERI_DIV_16_CTL_EN, PERI_DIV_16_CTL[dividerNum]);
2268:Generated_Source\PSoC6\pdl\drivers/peripheral/sysclk/cy_sysclk.h ****             break;
2269:Generated_Source\PSoC6\pdl\drivers/peripheral/sysclk/cy_sysclk.h ****         case CY_SYSCLK_DIV_16_5_BIT:
2270:Generated_Source\PSoC6\pdl\drivers/peripheral/sysclk/cy_sysclk.h ****             retVal = _FLD2BOOL(PERI_DIV_16_5_CTL_EN, PERI_DIV_16_5_CTL[dividerNum]);
2271:Generated_Source\PSoC6\pdl\drivers/peripheral/sysclk/cy_sysclk.h ****             break;
2272:Generated_Source\PSoC6\pdl\drivers/peripheral/sysclk/cy_sysclk.h ****         case CY_SYSCLK_DIV_24_5_BIT:
2273:Generated_Source\PSoC6\pdl\drivers/peripheral/sysclk/cy_sysclk.h ****             retVal = _FLD2BOOL(PERI_DIV_24_5_CTL_EN, PERI_DIV_24_5_CTL[dividerNum]);
2274:Generated_Source\PSoC6\pdl\drivers/peripheral/sysclk/cy_sysclk.h ****             break;
2275:Generated_Source\PSoC6\pdl\drivers/peripheral/sysclk/cy_sysclk.h ****         default:
2276:Generated_Source\PSoC6\pdl\drivers/peripheral/sysclk/cy_sysclk.h ****             break;
2277:Generated_Source\PSoC6\pdl\drivers/peripheral/sysclk/cy_sysclk.h ****     }
2278:Generated_Source\PSoC6\pdl\drivers/peripheral/sysclk/cy_sysclk.h ****     return (retVal);
2279:Generated_Source\PSoC6\pdl\drivers/peripheral/sysclk/cy_sysclk.h **** }
2280:Generated_Source\PSoC6\pdl\drivers/peripheral/sysclk/cy_sysclk.h **** /** \} group_sysclk_clk_peripheral_funcs */
2281:Generated_Source\PSoC6\pdl\drivers/peripheral/sysclk/cy_sysclk.h **** 
2282:Generated_Source\PSoC6\pdl\drivers/peripheral/sysclk/cy_sysclk.h **** 
2283:Generated_Source\PSoC6\pdl\drivers/peripheral/sysclk/cy_sysclk.h **** /* ========================================================================== */
2284:Generated_Source\PSoC6\pdl\drivers/peripheral/sysclk/cy_sysclk.h **** /* =========================    clk_slow SECTION    ========================= */
2285:Generated_Source\PSoC6\pdl\drivers/peripheral/sysclk/cy_sysclk.h **** /* ========================================================================== */
2286:Generated_Source\PSoC6\pdl\drivers/peripheral/sysclk/cy_sysclk.h **** /**
2287:Generated_Source\PSoC6\pdl\drivers/peripheral/sysclk/cy_sysclk.h **** * \addtogroup group_sysclk_clk_slow_funcs
2288:Generated_Source\PSoC6\pdl\drivers/peripheral/sysclk/cy_sysclk.h **** * \{
2289:Generated_Source\PSoC6\pdl\drivers/peripheral/sysclk/cy_sysclk.h **** */
2290:Generated_Source\PSoC6\pdl\drivers/peripheral/sysclk/cy_sysclk.h **** __STATIC_INLINE void Cy_SysClk_ClkSlowSetDivider(uint8_t divider);
2291:Generated_Source\PSoC6\pdl\drivers/peripheral/sysclk/cy_sysclk.h **** __STATIC_INLINE uint8_t Cy_SysClk_ClkSlowGetDivider(void);
2292:Generated_Source\PSoC6\pdl\drivers/peripheral/sysclk/cy_sysclk.h **** 
2293:Generated_Source\PSoC6\pdl\drivers/peripheral/sysclk/cy_sysclk.h **** /*******************************************************************************
2294:Generated_Source\PSoC6\pdl\drivers/peripheral/sysclk/cy_sysclk.h **** * Function Name: Cy_SysClk_ClkSlowSetDivider
2295:Generated_Source\PSoC6\pdl\drivers/peripheral/sysclk/cy_sysclk.h **** ****************************************************************************//**
2296:Generated_Source\PSoC6\pdl\drivers/peripheral/sysclk/cy_sysclk.h **** *
2297:Generated_Source\PSoC6\pdl\drivers/peripheral/sysclk/cy_sysclk.h **** * Sets the clock divider for the slow clock. The source of this clock is the
2298:Generated_Source\PSoC6\pdl\drivers/peripheral/sysclk/cy_sysclk.h **** * peripheral clock (clkPeri), which is sourced from clkHf[0].
ARM GAS  C:\Users\Finik\AppData\Local\Temp\cctwKBtC.s 			page 45


2299:Generated_Source\PSoC6\pdl\drivers/peripheral/sysclk/cy_sysclk.h **** *
2300:Generated_Source\PSoC6\pdl\drivers/peripheral/sysclk/cy_sysclk.h **** * \param divider Divider value between 0 and 255.
2301:Generated_Source\PSoC6\pdl\drivers/peripheral/sysclk/cy_sysclk.h **** * Causes integer division of (divider value + 1), or division by 1 to 256.
2302:Generated_Source\PSoC6\pdl\drivers/peripheral/sysclk/cy_sysclk.h **** *
2303:Generated_Source\PSoC6\pdl\drivers/peripheral/sysclk/cy_sysclk.h **** * \note 
2304:Generated_Source\PSoC6\pdl\drivers/peripheral/sysclk/cy_sysclk.h **** * Call \ref SystemCoreClockUpdate after this function calling.
2305:Generated_Source\PSoC6\pdl\drivers/peripheral/sysclk/cy_sysclk.h **** *
2306:Generated_Source\PSoC6\pdl\drivers/peripheral/sysclk/cy_sysclk.h **** * \funcusage
2307:Generated_Source\PSoC6\pdl\drivers/peripheral/sysclk/cy_sysclk.h **** * \snippet sysclk/2.0/snippet/main.c snippet_Cy_SysClk_ClkSlowSetDivider
2308:Generated_Source\PSoC6\pdl\drivers/peripheral/sysclk/cy_sysclk.h **** *
2309:Generated_Source\PSoC6\pdl\drivers/peripheral/sysclk/cy_sysclk.h **** *******************************************************************************/
2310:Generated_Source\PSoC6\pdl\drivers/peripheral/sysclk/cy_sysclk.h **** __STATIC_INLINE void Cy_SysClk_ClkSlowSetDivider(uint8_t divider)
2311:Generated_Source\PSoC6\pdl\drivers/peripheral/sysclk/cy_sysclk.h **** {
2312:Generated_Source\PSoC6\pdl\drivers/peripheral/sysclk/cy_sysclk.h ****     CY_REG32_CLR_SET(CPUSS_CM0_CLOCK_CTL, CPUSS_CM0_CLOCK_CTL_SLOW_INT_DIV, divider);
2313:Generated_Source\PSoC6\pdl\drivers/peripheral/sysclk/cy_sysclk.h **** }
2314:Generated_Source\PSoC6\pdl\drivers/peripheral/sysclk/cy_sysclk.h **** 
2315:Generated_Source\PSoC6\pdl\drivers/peripheral/sysclk/cy_sysclk.h **** /*******************************************************************************
2316:Generated_Source\PSoC6\pdl\drivers/peripheral/sysclk/cy_sysclk.h **** * Function Name: Cy_SysClk_ClkSlowGetDivider
2317:Generated_Source\PSoC6\pdl\drivers/peripheral/sysclk/cy_sysclk.h **** ****************************************************************************//**
2318:Generated_Source\PSoC6\pdl\drivers/peripheral/sysclk/cy_sysclk.h **** *
2319:Generated_Source\PSoC6\pdl\drivers/peripheral/sysclk/cy_sysclk.h **** * Reports the divider value for the slow clock.
2320:Generated_Source\PSoC6\pdl\drivers/peripheral/sysclk/cy_sysclk.h **** *
2321:Generated_Source\PSoC6\pdl\drivers/peripheral/sysclk/cy_sysclk.h **** * \return The divider value.
2322:Generated_Source\PSoC6\pdl\drivers/peripheral/sysclk/cy_sysclk.h **** * The integer division done is by (divider value + 1), or division by 1 to 256.
2323:Generated_Source\PSoC6\pdl\drivers/peripheral/sysclk/cy_sysclk.h **** *
2324:Generated_Source\PSoC6\pdl\drivers/peripheral/sysclk/cy_sysclk.h **** * \funcusage
2325:Generated_Source\PSoC6\pdl\drivers/peripheral/sysclk/cy_sysclk.h **** * \snippet sysclk/2.0/snippet/main.c snippet_Cy_SysClk_ClkSlowSetDivider
2326:Generated_Source\PSoC6\pdl\drivers/peripheral/sysclk/cy_sysclk.h **** *
2327:Generated_Source\PSoC6\pdl\drivers/peripheral/sysclk/cy_sysclk.h **** *******************************************************************************/
2328:Generated_Source\PSoC6\pdl\drivers/peripheral/sysclk/cy_sysclk.h **** __STATIC_INLINE uint8_t Cy_SysClk_ClkSlowGetDivider(void)
2329:Generated_Source\PSoC6\pdl\drivers/peripheral/sysclk/cy_sysclk.h **** {
2330:Generated_Source\PSoC6\pdl\drivers/peripheral/sysclk/cy_sysclk.h ****     return ((uint8_t)_FLD2VAL(CPUSS_CM0_CLOCK_CTL_SLOW_INT_DIV, CPUSS_CM0_CLOCK_CTL));
2331:Generated_Source\PSoC6\pdl\drivers/peripheral/sysclk/cy_sysclk.h **** }
2332:Generated_Source\PSoC6\pdl\drivers/peripheral/sysclk/cy_sysclk.h **** /** \} group_sysclk_clk_slow_funcs */
2333:Generated_Source\PSoC6\pdl\drivers/peripheral/sysclk/cy_sysclk.h **** 
2334:Generated_Source\PSoC6\pdl\drivers/peripheral/sysclk/cy_sysclk.h **** 
2335:Generated_Source\PSoC6\pdl\drivers/peripheral/sysclk/cy_sysclk.h **** /* ========================================================================== */
2336:Generated_Source\PSoC6\pdl\drivers/peripheral/sysclk/cy_sysclk.h **** /* ===========================    clkLf SECTION    ========================== */
2337:Generated_Source\PSoC6\pdl\drivers/peripheral/sysclk/cy_sysclk.h **** /* ========================================================================== */
2338:Generated_Source\PSoC6\pdl\drivers/peripheral/sysclk/cy_sysclk.h **** /**
2339:Generated_Source\PSoC6\pdl\drivers/peripheral/sysclk/cy_sysclk.h **** * \addtogroup group_sysclk_clk_lf_enums
2340:Generated_Source\PSoC6\pdl\drivers/peripheral/sysclk/cy_sysclk.h **** * \{
2341:Generated_Source\PSoC6\pdl\drivers/peripheral/sysclk/cy_sysclk.h **** */
2342:Generated_Source\PSoC6\pdl\drivers/peripheral/sysclk/cy_sysclk.h **** /**
2343:Generated_Source\PSoC6\pdl\drivers/peripheral/sysclk/cy_sysclk.h **** * Low frequency (clkLf) input sources. See CLK_SELECT register, LFCLK_SEL bits.
2344:Generated_Source\PSoC6\pdl\drivers/peripheral/sysclk/cy_sysclk.h **** * Used with functions \ref Cy_SysClk_ClkLfSetSource, and \ref Cy_SysClk_ClkLfGetSource.
2345:Generated_Source\PSoC6\pdl\drivers/peripheral/sysclk/cy_sysclk.h **** */
2346:Generated_Source\PSoC6\pdl\drivers/peripheral/sysclk/cy_sysclk.h **** typedef enum
2347:Generated_Source\PSoC6\pdl\drivers/peripheral/sysclk/cy_sysclk.h **** {
2348:Generated_Source\PSoC6\pdl\drivers/peripheral/sysclk/cy_sysclk.h ****     CY_SYSCLK_CLKLF_IN_ILO   = 0U, /**< clkLf is sourced by the internal low speed oscillator (ILO)
2349:Generated_Source\PSoC6\pdl\drivers/peripheral/sysclk/cy_sysclk.h ****     CY_SYSCLK_CLKLF_IN_WCO   = 1U, /**< clkLf is sourced by the watch crystal oscillator (WCO) */
2350:Generated_Source\PSoC6\pdl\drivers/peripheral/sysclk/cy_sysclk.h ****     CY_SYSCLK_CLKLF_IN_ALTLF = 2U, /**< clkLf is sourced by the Alternate Low Frequency Clock (ALTL
2351:Generated_Source\PSoC6\pdl\drivers/peripheral/sysclk/cy_sysclk.h ****     CY_SYSCLK_CLKLF_IN_PILO  = 3U  /**< clkLf is sourced by the precision low speed oscillator (PIL
2352:Generated_Source\PSoC6\pdl\drivers/peripheral/sysclk/cy_sysclk.h **** } cy_en_clklf_in_sources_t;
2353:Generated_Source\PSoC6\pdl\drivers/peripheral/sysclk/cy_sysclk.h **** /** \} group_sysclk_clk_lf_enums */
2354:Generated_Source\PSoC6\pdl\drivers/peripheral/sysclk/cy_sysclk.h **** 
2355:Generated_Source\PSoC6\pdl\drivers/peripheral/sysclk/cy_sysclk.h **** /**
ARM GAS  C:\Users\Finik\AppData\Local\Temp\cctwKBtC.s 			page 46


2356:Generated_Source\PSoC6\pdl\drivers/peripheral/sysclk/cy_sysclk.h **** * \addtogroup group_sysclk_clk_lf_funcs
2357:Generated_Source\PSoC6\pdl\drivers/peripheral/sysclk/cy_sysclk.h **** * \{
2358:Generated_Source\PSoC6\pdl\drivers/peripheral/sysclk/cy_sysclk.h **** */
2359:Generated_Source\PSoC6\pdl\drivers/peripheral/sysclk/cy_sysclk.h **** __STATIC_INLINE void Cy_SysClk_ClkLfSetSource(cy_en_clklf_in_sources_t source);
2360:Generated_Source\PSoC6\pdl\drivers/peripheral/sysclk/cy_sysclk.h **** __STATIC_INLINE cy_en_clklf_in_sources_t Cy_SysClk_ClkLfGetSource(void);
2361:Generated_Source\PSoC6\pdl\drivers/peripheral/sysclk/cy_sysclk.h **** 
2362:Generated_Source\PSoC6\pdl\drivers/peripheral/sysclk/cy_sysclk.h **** /*******************************************************************************
2363:Generated_Source\PSoC6\pdl\drivers/peripheral/sysclk/cy_sysclk.h **** * Function Name: Cy_SysClk_ClkLfSetSource
2364:Generated_Source\PSoC6\pdl\drivers/peripheral/sysclk/cy_sysclk.h **** ****************************************************************************//**
2365:Generated_Source\PSoC6\pdl\drivers/peripheral/sysclk/cy_sysclk.h **** *
2366:Generated_Source\PSoC6\pdl\drivers/peripheral/sysclk/cy_sysclk.h **** * Sets the source for the low frequency clock(clkLf).
2367:Generated_Source\PSoC6\pdl\drivers/peripheral/sysclk/cy_sysclk.h **** *
2368:Generated_Source\PSoC6\pdl\drivers/peripheral/sysclk/cy_sysclk.h **** * \param source \ref cy_en_clklf_in_sources_t
2369:Generated_Source\PSoC6\pdl\drivers/peripheral/sysclk/cy_sysclk.h **** *
2370:Generated_Source\PSoC6\pdl\drivers/peripheral/sysclk/cy_sysclk.h **** * \note The watchdog timer (WDT) must be unlocked before calling this function.
2371:Generated_Source\PSoC6\pdl\drivers/peripheral/sysclk/cy_sysclk.h **** *
2372:Generated_Source\PSoC6\pdl\drivers/peripheral/sysclk/cy_sysclk.h **** * \funcusage
2373:Generated_Source\PSoC6\pdl\drivers/peripheral/sysclk/cy_sysclk.h **** * \snippet sysclk/2.0/snippet/main.c snippet_Cy_SysClk_ClkLfSetSource
2374:Generated_Source\PSoC6\pdl\drivers/peripheral/sysclk/cy_sysclk.h **** *
2375:Generated_Source\PSoC6\pdl\drivers/peripheral/sysclk/cy_sysclk.h **** *******************************************************************************/
2376:Generated_Source\PSoC6\pdl\drivers/peripheral/sysclk/cy_sysclk.h **** __STATIC_INLINE void Cy_SysClk_ClkLfSetSource(cy_en_clklf_in_sources_t source)
2377:Generated_Source\PSoC6\pdl\drivers/peripheral/sysclk/cy_sysclk.h **** {
2378:Generated_Source\PSoC6\pdl\drivers/peripheral/sysclk/cy_sysclk.h ****     CY_ASSERT_L3(source <= CY_SYSCLK_CLKLF_IN_PILO);
2379:Generated_Source\PSoC6\pdl\drivers/peripheral/sysclk/cy_sysclk.h ****     CY_REG32_CLR_SET(SRSS_CLK_SELECT, SRSS_CLK_SELECT_LFCLK_SEL, source);
  62              		.loc 2 2379 0
  63 0004 5949     		ldr	r1, .L9
  64 0006 A022     		movs	r2, #160
  65 0008 D200     		lsls	r2, r2, #3
  66 000a 8B58     		ldr	r3, [r1, r2]
  67 000c 0320     		movs	r0, #3
  68 000e 8343     		bics	r3, r0
  69 0010 8B50     		str	r3, [r1, r2]
  70              	.LVL2:
  71              	.LBE49:
  72              	.LBE48:
  73              	.LBB50:
  74              	.LBB51:
1740:Generated_Source\PSoC6\pdl\drivers/peripheral/sysclk/cy_sysclk.h **** }
  75              		.loc 2 1740 0
  76 0012 574A     		ldr	r2, .L9+4
  77 0014 1168     		ldr	r1, [r2]
  78 0016 0868     		ldr	r0, [r1]
  79 0018 8823     		movs	r3, #136
  80 001a CB58     		ldr	r3, [r1, r3]
  81 001c C318     		adds	r3, r0, r3
  82 001e 1868     		ldr	r0, [r3]
  83 0020 5449     		ldr	r1, .L9+8
  84 0022 0840     		ands	r0, r1
  85 0024 1860     		str	r0, [r3]
  86              	.LVL3:
  87              	.LBE51:
  88              	.LBE50:
  89              	.LBB52:
  90              	.LBB53:
1793:Generated_Source\PSoC6\pdl\drivers/peripheral/sysclk/cy_sysclk.h **** }
  91              		.loc 2 1793 0
  92 0026 1368     		ldr	r3, [r2]
ARM GAS  C:\Users\Finik\AppData\Local\Temp\cctwKBtC.s 			page 47


  93 0028 1868     		ldr	r0, [r3]
  94 002a 8424     		movs	r4, #132
  95 002c 1B59     		ldr	r3, [r3, r4]
  96 002e C018     		adds	r0, r0, r3
  97 0030 0368     		ldr	r3, [r0]
  98 0032 1B02     		lsls	r3, r3, #8
  99 0034 1B0A     		lsrs	r3, r3, #8
 100 0036 8025     		movs	r5, #128
 101 0038 6D04     		lsls	r5, r5, #17
 102 003a 2B43     		orrs	r3, r5
 103 003c 0360     		str	r3, [r0]
 104              	.LVL4:
 105              	.LBE53:
 106              	.LBE52:
 107              	.LBB54:
 108              	.LBB55:
2312:Generated_Source\PSoC6\pdl\drivers/peripheral/sysclk/cy_sysclk.h **** }
 109              		.loc 2 2312 0
 110 003e 1068     		ldr	r0, [r2]
 111 0040 0568     		ldr	r5, [r0]
 112 0042 0359     		ldr	r3, [r0, r4]
 113 0044 EB18     		adds	r3, r5, r3
 114 0046 1868     		ldr	r0, [r3]
 115 0048 0140     		ands	r1, r0
 116 004a 1960     		str	r1, [r3]
 117              	.LVL5:
 118              	.LBE55:
 119              	.LBE54:
 120              	.LBB56:
 121              	.LBB57:
1612:Generated_Source\PSoC6\pdl\drivers/peripheral/sysclk/cy_sysclk.h ****     {
 122              		.loc 2 1612 0
 123 004c 1368     		ldr	r3, [r2]
 124 004e 3E22     		movs	r2, #62
 125 0050 9A5C     		ldrb	r2, [r3, r2]
 126 0052 002A     		cmp	r2, #0
 127 0054 06D0     		beq	.L4
1614:Generated_Source\PSoC6\pdl\drivers/peripheral/sysclk/cy_sysclk.h ****         retVal = CY_SYSCLK_SUCCESS;
 128              		.loc 2 1614 0
 129 0056 4548     		ldr	r0, .L9
 130 0058 E021     		movs	r1, #224
 131 005a 8900     		lsls	r1, r1, #2
 132 005c 4258     		ldr	r2, [r0, r1]
 133 005e 753C     		subs	r4, r4, #117
 134 0060 A243     		bics	r2, r4
 135 0062 4250     		str	r2, [r0, r1]
 136              	.LVL6:
 137              	.L4:
 138              	.LBE57:
 139              	.LBE56:
 140              	.LBB58:
 141              	.LBB59:
1673:Generated_Source\PSoC6\pdl\drivers/peripheral/sysclk/cy_sysclk.h ****     {
 142              		.loc 2 1673 0
 143 0064 3E22     		movs	r2, #62
 144 0066 9A5C     		ldrb	r2, [r3, r2]
 145 0068 002A     		cmp	r2, #0
ARM GAS  C:\Users\Finik\AppData\Local\Temp\cctwKBtC.s 			page 48


 146 006a 06D0     		beq	.L5
1675:Generated_Source\PSoC6\pdl\drivers/peripheral/sysclk/cy_sysclk.h ****         retVal = CY_SYSCLK_SUCCESS;
 147              		.loc 2 1675 0
 148 006c 3F48     		ldr	r0, .L9
 149 006e E021     		movs	r1, #224
 150 0070 8900     		lsls	r1, r1, #2
 151 0072 4258     		ldr	r2, [r0, r1]
 152 0074 3024     		movs	r4, #48
 153 0076 A243     		bics	r2, r4
 154 0078 4250     		str	r2, [r0, r1]
 155              	.LVL7:
 156              	.L5:
 157              	.LBE59:
 158              	.LBE58:
 159              	.LBB60:
 160              	.LBB61:
1545:Generated_Source\PSoC6\pdl\drivers/peripheral/sysclk/cy_sysclk.h ****     {
 161              		.loc 2 1545 0
 162 007a 3E22     		movs	r2, #62
 163 007c 9B5C     		ldrb	r3, [r3, r2]
 164 007e 002B     		cmp	r3, #0
 165 0080 07D0     		beq	.L6
1547:Generated_Source\PSoC6\pdl\drivers/peripheral/sysclk/cy_sysclk.h ****         retVal = CY_SYSCLK_SUCCESS;
 166              		.loc 2 1547 0
 167 0082 3A49     		ldr	r1, .L9
 168 0084 E022     		movs	r2, #224
 169 0086 9200     		lsls	r2, r2, #2
 170 0088 8B58     		ldr	r3, [r1, r2]
 171 008a 8020     		movs	r0, #128
 172 008c 0006     		lsls	r0, r0, #24
 173 008e 0343     		orrs	r3, r0
 174 0090 8B50     		str	r3, [r1, r2]
 175              	.LVL8:
 176              	.L6:
 177              	.LBE61:
 178              	.LBE60:
 150:Generated_Source\PSoC6/cyfitter_cfg.c **** 	uint32_t status;
 151:Generated_Source\PSoC6/cyfitter_cfg.c **** 
 152:Generated_Source\PSoC6/cyfitter_cfg.c **** 	/* Enable all source clocks */
 153:Generated_Source\PSoC6/cyfitter_cfg.c **** 	Cy_SysClk_ClkLfSetSource(CY_SYSCLK_CLKLF_IN_ILO);
 154:Generated_Source\PSoC6/cyfitter_cfg.c **** 
 155:Generated_Source\PSoC6/cyfitter_cfg.c **** 	/* Configure CPU clock dividers */
 156:Generated_Source\PSoC6/cyfitter_cfg.c **** 	Cy_SysClk_ClkFastSetDivider(0u);
 157:Generated_Source\PSoC6/cyfitter_cfg.c **** 	Cy_SysClk_ClkPeriSetDivider(1u);
 158:Generated_Source\PSoC6/cyfitter_cfg.c **** 	Cy_SysClk_ClkSlowSetDivider(0u);
 159:Generated_Source\PSoC6/cyfitter_cfg.c **** 
 160:Generated_Source\PSoC6/cyfitter_cfg.c **** 	/* Configure LF & HF clocks */
 161:Generated_Source\PSoC6/cyfitter_cfg.c **** 	Cy_SysClk_ClkHfSetSource(0u, CY_SYSCLK_CLKHF_IN_CLKPATH0);
 162:Generated_Source\PSoC6/cyfitter_cfg.c **** 	Cy_SysClk_ClkHfSetDivider(0u, CY_SYSCLK_CLKHF_NO_DIVIDE);
 163:Generated_Source\PSoC6/cyfitter_cfg.c **** 	Cy_SysClk_ClkHfEnable(0u);
 164:Generated_Source\PSoC6/cyfitter_cfg.c **** 
 165:Generated_Source\PSoC6/cyfitter_cfg.c **** 	/* Configure Path Clocks */
 166:Generated_Source\PSoC6/cyfitter_cfg.c **** 	Cy_SysClk_ClkPathSetSource(1, CY_SYSCLK_CLKPATH_IN_IMO);
 179              		.loc 1 166 0
 180 0092 0021     		movs	r1, #0
 181 0094 0120     		movs	r0, #1
 182 0096 FFF7FEFF 		bl	Cy_SysClk_ClkPathSetSource
ARM GAS  C:\Users\Finik\AppData\Local\Temp\cctwKBtC.s 			page 49


 183              	.LVL9:
 167:Generated_Source\PSoC6/cyfitter_cfg.c **** 	Cy_SysClk_ClkPathSetSource(2, CY_SYSCLK_CLKPATH_IN_IMO);
 184              		.loc 1 167 0
 185 009a 0021     		movs	r1, #0
 186 009c 0220     		movs	r0, #2
 187 009e FFF7FEFF 		bl	Cy_SysClk_ClkPathSetSource
 188              	.LVL10:
 168:Generated_Source\PSoC6/cyfitter_cfg.c **** 	Cy_SysClk_ClkPathSetSource(3, CY_SYSCLK_CLKPATH_IN_IMO);
 189              		.loc 1 168 0
 190 00a2 0021     		movs	r1, #0
 191 00a4 0320     		movs	r0, #3
 192 00a6 FFF7FEFF 		bl	Cy_SysClk_ClkPathSetSource
 193              	.LVL11:
 169:Generated_Source\PSoC6/cyfitter_cfg.c **** 	Cy_SysClk_ClkPathSetSource(4, CY_SYSCLK_CLKPATH_IN_IMO);
 194              		.loc 1 169 0
 195 00aa 0021     		movs	r1, #0
 196 00ac 0420     		movs	r0, #4
 197 00ae FFF7FEFF 		bl	Cy_SysClk_ClkPathSetSource
 198              	.LVL12:
 170:Generated_Source\PSoC6/cyfitter_cfg.c **** 	Cy_SysClk_ClkPathSetSource(0, CY_SYSCLK_CLKPATH_IN_IMO);
 199              		.loc 1 170 0
 200 00b2 0021     		movs	r1, #0
 201 00b4 0020     		movs	r0, #0
 202 00b6 FFF7FEFF 		bl	Cy_SysClk_ClkPathSetSource
 203              	.LVL13:
 204              	.LBB62:
 171:Generated_Source\PSoC6/cyfitter_cfg.c **** 	{
 172:Generated_Source\PSoC6/cyfitter_cfg.c **** 		const cy_stc_fll_manual_config_t fllConfig = 
 205              		.loc 1 172 0
 206 00ba 01A8     		add	r0, sp, #4
 207 00bc 2E49     		ldr	r1, .L9+12
 208 00be 0300     		movs	r3, r0
 209 00c0 0A00     		movs	r2, r1
 210 00c2 32CA     		ldmia	r2!, {r1, r4, r5}
 211 00c4 32C3     		stmia	r3!, {r1, r4, r5}
 212 00c6 12CA     		ldmia	r2!, {r1, r4}
 213 00c8 12C3     		stmia	r3!, {r1, r4}
 173:Generated_Source\PSoC6/cyfitter_cfg.c **** 		{
 174:Generated_Source\PSoC6/cyfitter_cfg.c **** 			.fllMult =         500u,
 175:Generated_Source\PSoC6/cyfitter_cfg.c **** 			.refDiv =          20u,
 176:Generated_Source\PSoC6/cyfitter_cfg.c **** 			.ccoRange =        CY_SYSCLK_FLL_CCO_RANGE4,
 177:Generated_Source\PSoC6/cyfitter_cfg.c **** 			.enableOutputDiv = true,
 178:Generated_Source\PSoC6/cyfitter_cfg.c **** 			.lockTolerance =   10u,
 179:Generated_Source\PSoC6/cyfitter_cfg.c **** 			.igain =           9u,
 180:Generated_Source\PSoC6/cyfitter_cfg.c **** 			.pgain =           5u,
 181:Generated_Source\PSoC6/cyfitter_cfg.c **** 			.settlingCount =   8u,
 182:Generated_Source\PSoC6/cyfitter_cfg.c **** 			.outputMode =      CY_SYSCLK_FLLPLL_OUTPUT_AUTO,
 183:Generated_Source\PSoC6/cyfitter_cfg.c **** 			.cco_Freq =        355u
 184:Generated_Source\PSoC6/cyfitter_cfg.c **** 		};
 185:Generated_Source\PSoC6/cyfitter_cfg.c **** 		status = Cy_SysClk_FllManualConfigure(&fllConfig);
 214              		.loc 1 185 0
 215 00ca FFF7FEFF 		bl	Cy_SysClk_FllManualConfigure
 216              	.LVL14:
 186:Generated_Source\PSoC6/cyfitter_cfg.c **** 		if (CY_RET_SUCCESS != status)
 217              		.loc 1 186 0
 218 00ce 0028     		cmp	r0, #0
 219 00d0 02D0     		beq	.L7
ARM GAS  C:\Users\Finik\AppData\Local\Temp\cctwKBtC.s 			page 50


 187:Generated_Source\PSoC6/cyfitter_cfg.c **** 		{
 188:Generated_Source\PSoC6/cyfitter_cfg.c **** 			CyClockStartupError(CYCLOCKSTART_FLL_ERROR);
 220              		.loc 1 188 0
 221 00d2 0420     		movs	r0, #4
 222              	.LVL15:
 223 00d4 FFF7FEFF 		bl	CyClockStartupError
 224              	.LVL16:
 225              	.L7:
 226              	.LBE62:
 189:Generated_Source\PSoC6/cyfitter_cfg.c **** 		}
 190:Generated_Source\PSoC6/cyfitter_cfg.c **** 	}
 191:Generated_Source\PSoC6/cyfitter_cfg.c **** 	SRSS->CLK_TRIM_CCO_CTL |= 1u << 31;
 227              		.loc 1 191 0
 228 00d8 2449     		ldr	r1, .L9
 229 00da 284A     		ldr	r2, .L9+16
 230 00dc 8B58     		ldr	r3, [r1, r2]
 231 00de 8020     		movs	r0, #128
 232              	.LVL17:
 233 00e0 0006     		lsls	r0, r0, #24
 234 00e2 0343     		orrs	r3, r0
 235 00e4 8B50     		str	r3, [r1, r2]
 192:Generated_Source\PSoC6/cyfitter_cfg.c **** 	status = Cy_SysClk_FllEnable(200000u);
 236              		.loc 1 192 0
 237 00e6 2648     		ldr	r0, .L9+20
 238 00e8 FFF7FEFF 		bl	Cy_SysClk_FllEnable
 239              	.LVL18:
 193:Generated_Source\PSoC6/cyfitter_cfg.c **** 	if (CY_RET_SUCCESS != status)
 240              		.loc 1 193 0
 241 00ec 0028     		cmp	r0, #0
 242 00ee 02D0     		beq	.L8
 194:Generated_Source\PSoC6/cyfitter_cfg.c **** 	{
 195:Generated_Source\PSoC6/cyfitter_cfg.c **** 		CyClockStartupError(CYCLOCKSTART_FLL_ERROR);
 243              		.loc 1 195 0
 244 00f0 0420     		movs	r0, #4
 245              	.LVL19:
 246 00f2 FFF7FEFF 		bl	CyClockStartupError
 247              	.LVL20:
 248              	.L8:
 249              	.LBB63:
 250              	.LBB64:
2380:Generated_Source\PSoC6\pdl\drivers/peripheral/sysclk/cy_sysclk.h **** }
2381:Generated_Source\PSoC6\pdl\drivers/peripheral/sysclk/cy_sysclk.h **** 
2382:Generated_Source\PSoC6\pdl\drivers/peripheral/sysclk/cy_sysclk.h **** /*******************************************************************************
2383:Generated_Source\PSoC6\pdl\drivers/peripheral/sysclk/cy_sysclk.h **** * Function Name: Cy_SysClk_ClkLfGetSource
2384:Generated_Source\PSoC6\pdl\drivers/peripheral/sysclk/cy_sysclk.h **** ****************************************************************************//**
2385:Generated_Source\PSoC6\pdl\drivers/peripheral/sysclk/cy_sysclk.h **** *
2386:Generated_Source\PSoC6\pdl\drivers/peripheral/sysclk/cy_sysclk.h **** * Reports the source for the low frequency clock (clkLf).
2387:Generated_Source\PSoC6\pdl\drivers/peripheral/sysclk/cy_sysclk.h **** *
2388:Generated_Source\PSoC6\pdl\drivers/peripheral/sysclk/cy_sysclk.h **** * \return \ref cy_en_clklf_in_sources_t
2389:Generated_Source\PSoC6\pdl\drivers/peripheral/sysclk/cy_sysclk.h **** *
2390:Generated_Source\PSoC6\pdl\drivers/peripheral/sysclk/cy_sysclk.h **** * \funcusage
2391:Generated_Source\PSoC6\pdl\drivers/peripheral/sysclk/cy_sysclk.h **** * \snippet sysclk/2.0/snippet/main.c snippet_Cy_SysClk_ClkLfSetSource
2392:Generated_Source\PSoC6\pdl\drivers/peripheral/sysclk/cy_sysclk.h **** *
2393:Generated_Source\PSoC6\pdl\drivers/peripheral/sysclk/cy_sysclk.h **** *******************************************************************************/
2394:Generated_Source\PSoC6\pdl\drivers/peripheral/sysclk/cy_sysclk.h **** __STATIC_INLINE cy_en_clklf_in_sources_t Cy_SysClk_ClkLfGetSource(void)
2395:Generated_Source\PSoC6\pdl\drivers/peripheral/sysclk/cy_sysclk.h **** {
2396:Generated_Source\PSoC6\pdl\drivers/peripheral/sysclk/cy_sysclk.h ****     return (cy_en_clklf_in_sources_t)(_FLD2VAL(SRSS_CLK_SELECT_LFCLK_SEL, SRSS_CLK_SELECT));
ARM GAS  C:\Users\Finik\AppData\Local\Temp\cctwKBtC.s 			page 51


2397:Generated_Source\PSoC6\pdl\drivers/peripheral/sysclk/cy_sysclk.h **** }
2398:Generated_Source\PSoC6\pdl\drivers/peripheral/sysclk/cy_sysclk.h **** /** \} group_sysclk_clk_lf_funcs */
2399:Generated_Source\PSoC6\pdl\drivers/peripheral/sysclk/cy_sysclk.h **** 
2400:Generated_Source\PSoC6\pdl\drivers/peripheral/sysclk/cy_sysclk.h **** 
2401:Generated_Source\PSoC6\pdl\drivers/peripheral/sysclk/cy_sysclk.h **** /* ========================================================================== */
2402:Generated_Source\PSoC6\pdl\drivers/peripheral/sysclk/cy_sysclk.h **** /* ========================    clk_timer SECTION    ========================= */
2403:Generated_Source\PSoC6\pdl\drivers/peripheral/sysclk/cy_sysclk.h **** /* ========================================================================== */
2404:Generated_Source\PSoC6\pdl\drivers/peripheral/sysclk/cy_sysclk.h **** /**
2405:Generated_Source\PSoC6\pdl\drivers/peripheral/sysclk/cy_sysclk.h **** * \addtogroup group_sysclk_clk_timer_enums
2406:Generated_Source\PSoC6\pdl\drivers/peripheral/sysclk/cy_sysclk.h **** * \{
2407:Generated_Source\PSoC6\pdl\drivers/peripheral/sysclk/cy_sysclk.h **** */
2408:Generated_Source\PSoC6\pdl\drivers/peripheral/sysclk/cy_sysclk.h **** /**
2409:Generated_Source\PSoC6\pdl\drivers/peripheral/sysclk/cy_sysclk.h **** * Timer clock (clk_timer) input sources. See CLK_TIMER_CTL register, TIMER_SEL
2410:Generated_Source\PSoC6\pdl\drivers/peripheral/sysclk/cy_sysclk.h **** * and TIMER_HF0_DIV bits. Used with functions \ref Cy_SysClk_ClkTimerSetSource, and
2411:Generated_Source\PSoC6\pdl\drivers/peripheral/sysclk/cy_sysclk.h **** * \ref Cy_SysClk_ClkTimerGetSource.
2412:Generated_Source\PSoC6\pdl\drivers/peripheral/sysclk/cy_sysclk.h **** */
2413:Generated_Source\PSoC6\pdl\drivers/peripheral/sysclk/cy_sysclk.h **** typedef enum
2414:Generated_Source\PSoC6\pdl\drivers/peripheral/sysclk/cy_sysclk.h **** {
2415:Generated_Source\PSoC6\pdl\drivers/peripheral/sysclk/cy_sysclk.h ****     CY_SYSCLK_CLKTIMER_IN_IMO       = 0x000U, /**< clk_timer is sourced by the internal main oscill
2416:Generated_Source\PSoC6\pdl\drivers/peripheral/sysclk/cy_sysclk.h ****     CY_SYSCLK_CLKTIMER_IN_HF0_NODIV = 0x001U, /**< clk_timer is sourced by clkHf[0] undivided */
2417:Generated_Source\PSoC6\pdl\drivers/peripheral/sysclk/cy_sysclk.h ****     CY_SYSCLK_CLKTIMER_IN_HF0_DIV2  = 0x101U, /**< clk_timer is sourced by clkHf[0] divided by 2 */
2418:Generated_Source\PSoC6\pdl\drivers/peripheral/sysclk/cy_sysclk.h ****     CY_SYSCLK_CLKTIMER_IN_HF0_DIV4  = 0x201U, /**< clk_timer is sourced by clkHf[0] divided by 4 */
2419:Generated_Source\PSoC6\pdl\drivers/peripheral/sysclk/cy_sysclk.h ****     CY_SYSCLK_CLKTIMER_IN_HF0_DIV8  = 0x301U  /**< clk_timer is sourced by clkHf[0] divided by 8 */
2420:Generated_Source\PSoC6\pdl\drivers/peripheral/sysclk/cy_sysclk.h **** } cy_en_clktimer_in_sources_t;
2421:Generated_Source\PSoC6\pdl\drivers/peripheral/sysclk/cy_sysclk.h **** /** \} group_sysclk_clk_timer_enums */
2422:Generated_Source\PSoC6\pdl\drivers/peripheral/sysclk/cy_sysclk.h **** 
2423:Generated_Source\PSoC6\pdl\drivers/peripheral/sysclk/cy_sysclk.h **** /** \cond */
2424:Generated_Source\PSoC6\pdl\drivers/peripheral/sysclk/cy_sysclk.h **** #define CY_SRSS_CLK_TIMER_CTL_TIMER_Pos (SRSS_CLK_TIMER_CTL_TIMER_SEL_Pos)
2425:Generated_Source\PSoC6\pdl\drivers/peripheral/sysclk/cy_sysclk.h **** #define CY_SRSS_CLK_TIMER_CTL_TIMER_Msk (SRSS_CLK_TIMER_CTL_TIMER_SEL_Msk | SRSS_CLK_TIMER_CTL_TIME
2426:Generated_Source\PSoC6\pdl\drivers/peripheral/sysclk/cy_sysclk.h **** /** \endcond */
2427:Generated_Source\PSoC6\pdl\drivers/peripheral/sysclk/cy_sysclk.h **** 
2428:Generated_Source\PSoC6\pdl\drivers/peripheral/sysclk/cy_sysclk.h **** /**
2429:Generated_Source\PSoC6\pdl\drivers/peripheral/sysclk/cy_sysclk.h **** * \addtogroup group_sysclk_clk_timer_funcs
2430:Generated_Source\PSoC6\pdl\drivers/peripheral/sysclk/cy_sysclk.h **** * \{
2431:Generated_Source\PSoC6\pdl\drivers/peripheral/sysclk/cy_sysclk.h **** */
2432:Generated_Source\PSoC6\pdl\drivers/peripheral/sysclk/cy_sysclk.h **** __STATIC_INLINE void Cy_SysClk_ClkTimerSetSource(cy_en_clktimer_in_sources_t source);
2433:Generated_Source\PSoC6\pdl\drivers/peripheral/sysclk/cy_sysclk.h **** __STATIC_INLINE cy_en_clktimer_in_sources_t Cy_SysClk_ClkTimerGetSource(void);
2434:Generated_Source\PSoC6\pdl\drivers/peripheral/sysclk/cy_sysclk.h **** __STATIC_INLINE void Cy_SysClk_ClkTimerSetDivider(uint8_t divider);
2435:Generated_Source\PSoC6\pdl\drivers/peripheral/sysclk/cy_sysclk.h **** __STATIC_INLINE uint8_t Cy_SysClk_ClkTimerGetDivider(void);
2436:Generated_Source\PSoC6\pdl\drivers/peripheral/sysclk/cy_sysclk.h **** __STATIC_INLINE void Cy_SysClk_ClkTimerEnable(void);
2437:Generated_Source\PSoC6\pdl\drivers/peripheral/sysclk/cy_sysclk.h **** __STATIC_INLINE void Cy_SysClk_ClkTimerDisable(void);
2438:Generated_Source\PSoC6\pdl\drivers/peripheral/sysclk/cy_sysclk.h **** 
2439:Generated_Source\PSoC6\pdl\drivers/peripheral/sysclk/cy_sysclk.h **** /*******************************************************************************
2440:Generated_Source\PSoC6\pdl\drivers/peripheral/sysclk/cy_sysclk.h **** * Function Name: Cy_SysClk_ClkTimerSetSource
2441:Generated_Source\PSoC6\pdl\drivers/peripheral/sysclk/cy_sysclk.h **** ****************************************************************************//**
2442:Generated_Source\PSoC6\pdl\drivers/peripheral/sysclk/cy_sysclk.h **** *
2443:Generated_Source\PSoC6\pdl\drivers/peripheral/sysclk/cy_sysclk.h **** * Sets the source for the timer clock (clk_timer). The timer clock can be used
2444:Generated_Source\PSoC6\pdl\drivers/peripheral/sysclk/cy_sysclk.h **** * as a source for SYSTICK as an alternate clock and one or more of the energy 
2445:Generated_Source\PSoC6\pdl\drivers/peripheral/sysclk/cy_sysclk.h **** * profiler counters.
2446:Generated_Source\PSoC6\pdl\drivers/peripheral/sysclk/cy_sysclk.h **** *
2447:Generated_Source\PSoC6\pdl\drivers/peripheral/sysclk/cy_sysclk.h **** * \param source \ref cy_en_clktimer_in_sources_t
2448:Generated_Source\PSoC6\pdl\drivers/peripheral/sysclk/cy_sysclk.h **** *
2449:Generated_Source\PSoC6\pdl\drivers/peripheral/sysclk/cy_sysclk.h **** * \funcusage
2450:Generated_Source\PSoC6\pdl\drivers/peripheral/sysclk/cy_sysclk.h **** * \snippet sysclk/2.0/snippet/main.c snippet_Cy_SysClk_ClkTimerSetSource
2451:Generated_Source\PSoC6\pdl\drivers/peripheral/sysclk/cy_sysclk.h **** *
2452:Generated_Source\PSoC6\pdl\drivers/peripheral/sysclk/cy_sysclk.h **** *******************************************************************************/
2453:Generated_Source\PSoC6\pdl\drivers/peripheral/sysclk/cy_sysclk.h **** __STATIC_INLINE void Cy_SysClk_ClkTimerSetSource(cy_en_clktimer_in_sources_t source)
ARM GAS  C:\Users\Finik\AppData\Local\Temp\cctwKBtC.s 			page 52


2454:Generated_Source\PSoC6\pdl\drivers/peripheral/sysclk/cy_sysclk.h **** {
2455:Generated_Source\PSoC6\pdl\drivers/peripheral/sysclk/cy_sysclk.h ****     CY_ASSERT_L3(source <= CY_SYSCLK_CLKTIMER_IN_HF0_DIV8);
2456:Generated_Source\PSoC6\pdl\drivers/peripheral/sysclk/cy_sysclk.h ****     /* set both fields TIMER_SEL and TIMER_HF0_DIV with the same input value */
2457:Generated_Source\PSoC6\pdl\drivers/peripheral/sysclk/cy_sysclk.h ****     CY_REG32_CLR_SET(SRSS_CLK_TIMER_CTL, CY_SRSS_CLK_TIMER_CTL_TIMER, source);
 251              		.loc 2 2457 0
 252 00f6 1D4C     		ldr	r4, .L9
 253 00f8 224B     		ldr	r3, .L9+24
 254 00fa E158     		ldr	r1, [r4, r3]
 255 00fc 224A     		ldr	r2, .L9+28
 256 00fe 0A40     		ands	r2, r1
 257 0100 E250     		str	r2, [r4, r3]
 258              	.LVL21:
 259              	.LBE64:
 260              	.LBE63:
 261              	.LBB65:
 262              	.LBB66:
2458:Generated_Source\PSoC6\pdl\drivers/peripheral/sysclk/cy_sysclk.h **** }
2459:Generated_Source\PSoC6\pdl\drivers/peripheral/sysclk/cy_sysclk.h **** 
2460:Generated_Source\PSoC6\pdl\drivers/peripheral/sysclk/cy_sysclk.h **** /*******************************************************************************
2461:Generated_Source\PSoC6\pdl\drivers/peripheral/sysclk/cy_sysclk.h **** * Function Name: Cy_SysClk_ClkTimerGetSource
2462:Generated_Source\PSoC6\pdl\drivers/peripheral/sysclk/cy_sysclk.h **** ****************************************************************************//**
2463:Generated_Source\PSoC6\pdl\drivers/peripheral/sysclk/cy_sysclk.h **** *
2464:Generated_Source\PSoC6\pdl\drivers/peripheral/sysclk/cy_sysclk.h **** * Reports the source for the timer clock (clk_timer).
2465:Generated_Source\PSoC6\pdl\drivers/peripheral/sysclk/cy_sysclk.h **** *
2466:Generated_Source\PSoC6\pdl\drivers/peripheral/sysclk/cy_sysclk.h **** * \return \ref cy_en_clktimer_in_sources_t
2467:Generated_Source\PSoC6\pdl\drivers/peripheral/sysclk/cy_sysclk.h **** *
2468:Generated_Source\PSoC6\pdl\drivers/peripheral/sysclk/cy_sysclk.h **** * \funcusage
2469:Generated_Source\PSoC6\pdl\drivers/peripheral/sysclk/cy_sysclk.h **** * \snippet sysclk/2.0/snippet/main.c snippet_Cy_SysClk_ClkTimerSetSource
2470:Generated_Source\PSoC6\pdl\drivers/peripheral/sysclk/cy_sysclk.h **** *
2471:Generated_Source\PSoC6\pdl\drivers/peripheral/sysclk/cy_sysclk.h **** *******************************************************************************/
2472:Generated_Source\PSoC6\pdl\drivers/peripheral/sysclk/cy_sysclk.h **** __STATIC_INLINE cy_en_clktimer_in_sources_t Cy_SysClk_ClkTimerGetSource(void)
2473:Generated_Source\PSoC6\pdl\drivers/peripheral/sysclk/cy_sysclk.h **** {
2474:Generated_Source\PSoC6\pdl\drivers/peripheral/sysclk/cy_sysclk.h ****     /* return both fields TIMER_SEL and TIMER_HF0_DIV as a single combined value */
2475:Generated_Source\PSoC6\pdl\drivers/peripheral/sysclk/cy_sysclk.h ****     return (cy_en_clktimer_in_sources_t)(SRSS_CLK_TIMER_CTL & CY_SRSS_CLK_TIMER_CTL_TIMER_Msk);
2476:Generated_Source\PSoC6\pdl\drivers/peripheral/sysclk/cy_sysclk.h **** }
2477:Generated_Source\PSoC6\pdl\drivers/peripheral/sysclk/cy_sysclk.h **** 
2478:Generated_Source\PSoC6\pdl\drivers/peripheral/sysclk/cy_sysclk.h **** /*******************************************************************************
2479:Generated_Source\PSoC6\pdl\drivers/peripheral/sysclk/cy_sysclk.h **** * Function Name: Cy_SysClk_ClkTimerSetDivider
2480:Generated_Source\PSoC6\pdl\drivers/peripheral/sysclk/cy_sysclk.h **** ****************************************************************************//**
2481:Generated_Source\PSoC6\pdl\drivers/peripheral/sysclk/cy_sysclk.h **** *
2482:Generated_Source\PSoC6\pdl\drivers/peripheral/sysclk/cy_sysclk.h **** * Sets the divider for the timer clock (clk_timer).
2483:Generated_Source\PSoC6\pdl\drivers/peripheral/sysclk/cy_sysclk.h **** *
2484:Generated_Source\PSoC6\pdl\drivers/peripheral/sysclk/cy_sysclk.h **** * \param divider Divider value; valid range is 0 to 255. Divides the selected
2485:Generated_Source\PSoC6\pdl\drivers/peripheral/sysclk/cy_sysclk.h **** * source (\ref Cy_SysClk_ClkTimerSetSource) by the (value + 1).
2486:Generated_Source\PSoC6\pdl\drivers/peripheral/sysclk/cy_sysclk.h **** *
2487:Generated_Source\PSoC6\pdl\drivers/peripheral/sysclk/cy_sysclk.h **** * \note
2488:Generated_Source\PSoC6\pdl\drivers/peripheral/sysclk/cy_sysclk.h **** * Do not change the divider value while the timer clock is enabled.
2489:Generated_Source\PSoC6\pdl\drivers/peripheral/sysclk/cy_sysclk.h **** *
2490:Generated_Source\PSoC6\pdl\drivers/peripheral/sysclk/cy_sysclk.h **** * \funcusage
2491:Generated_Source\PSoC6\pdl\drivers/peripheral/sysclk/cy_sysclk.h **** * \snippet sysclk/2.0/snippet/main.c snippet_Cy_SysClk_ClkTimerSetDivider
2492:Generated_Source\PSoC6\pdl\drivers/peripheral/sysclk/cy_sysclk.h **** *
2493:Generated_Source\PSoC6\pdl\drivers/peripheral/sysclk/cy_sysclk.h **** *******************************************************************************/
2494:Generated_Source\PSoC6\pdl\drivers/peripheral/sysclk/cy_sysclk.h **** __STATIC_INLINE void Cy_SysClk_ClkTimerSetDivider(uint8_t divider)
2495:Generated_Source\PSoC6\pdl\drivers/peripheral/sysclk/cy_sysclk.h **** {
2496:Generated_Source\PSoC6\pdl\drivers/peripheral/sysclk/cy_sysclk.h ****     CY_REG32_CLR_SET(SRSS_CLK_TIMER_CTL, SRSS_CLK_TIMER_CTL_TIMER_DIV, divider);
 263              		.loc 2 2496 0
 264 0102 E158     		ldr	r1, [r4, r3]
ARM GAS  C:\Users\Finik\AppData\Local\Temp\cctwKBtC.s 			page 53


 265 0104 214A     		ldr	r2, .L9+32
 266 0106 0A40     		ands	r2, r1
 267 0108 E250     		str	r2, [r4, r3]
 268              	.LVL22:
 269              	.LBE66:
 270              	.LBE65:
 271              	.LBB67:
 272              	.LBB68:
2497:Generated_Source\PSoC6\pdl\drivers/peripheral/sysclk/cy_sysclk.h **** }
2498:Generated_Source\PSoC6\pdl\drivers/peripheral/sysclk/cy_sysclk.h **** 
2499:Generated_Source\PSoC6\pdl\drivers/peripheral/sysclk/cy_sysclk.h **** /*******************************************************************************
2500:Generated_Source\PSoC6\pdl\drivers/peripheral/sysclk/cy_sysclk.h **** * Function Name: Cy_SysClk_ClkTimerGetDivider
2501:Generated_Source\PSoC6\pdl\drivers/peripheral/sysclk/cy_sysclk.h **** ****************************************************************************//**
2502:Generated_Source\PSoC6\pdl\drivers/peripheral/sysclk/cy_sysclk.h **** *
2503:Generated_Source\PSoC6\pdl\drivers/peripheral/sysclk/cy_sysclk.h **** * Reports the divider value for the timer clock (clk_timer).
2504:Generated_Source\PSoC6\pdl\drivers/peripheral/sysclk/cy_sysclk.h **** *
2505:Generated_Source\PSoC6\pdl\drivers/peripheral/sysclk/cy_sysclk.h **** * \return The divider value
2506:Generated_Source\PSoC6\pdl\drivers/peripheral/sysclk/cy_sysclk.h **** *
2507:Generated_Source\PSoC6\pdl\drivers/peripheral/sysclk/cy_sysclk.h **** * \funcusage
2508:Generated_Source\PSoC6\pdl\drivers/peripheral/sysclk/cy_sysclk.h **** * \snippet sysclk/2.0/snippet/main.c snippet_Cy_SysClk_ClkTimerSetDivider
2509:Generated_Source\PSoC6\pdl\drivers/peripheral/sysclk/cy_sysclk.h **** *
2510:Generated_Source\PSoC6\pdl\drivers/peripheral/sysclk/cy_sysclk.h **** *******************************************************************************/
2511:Generated_Source\PSoC6\pdl\drivers/peripheral/sysclk/cy_sysclk.h **** __STATIC_INLINE uint8_t Cy_SysClk_ClkTimerGetDivider(void)
2512:Generated_Source\PSoC6\pdl\drivers/peripheral/sysclk/cy_sysclk.h **** {
2513:Generated_Source\PSoC6\pdl\drivers/peripheral/sysclk/cy_sysclk.h ****     return ((uint8_t)_FLD2VAL(SRSS_CLK_TIMER_CTL_TIMER_DIV, SRSS_CLK_TIMER_CTL));
2514:Generated_Source\PSoC6\pdl\drivers/peripheral/sysclk/cy_sysclk.h **** }
2515:Generated_Source\PSoC6\pdl\drivers/peripheral/sysclk/cy_sysclk.h **** 
2516:Generated_Source\PSoC6\pdl\drivers/peripheral/sysclk/cy_sysclk.h **** /*******************************************************************************
2517:Generated_Source\PSoC6\pdl\drivers/peripheral/sysclk/cy_sysclk.h **** * Function Name: Cy_SysClk_ClkTimerEnable
2518:Generated_Source\PSoC6\pdl\drivers/peripheral/sysclk/cy_sysclk.h **** ****************************************************************************//**
2519:Generated_Source\PSoC6\pdl\drivers/peripheral/sysclk/cy_sysclk.h **** *
2520:Generated_Source\PSoC6\pdl\drivers/peripheral/sysclk/cy_sysclk.h **** * Enables the timer clock (clk_timer). The timer clock can be used as a source
2521:Generated_Source\PSoC6\pdl\drivers/peripheral/sysclk/cy_sysclk.h **** * for SYSTICK and one or more of the energy profiler counters.
2522:Generated_Source\PSoC6\pdl\drivers/peripheral/sysclk/cy_sysclk.h **** *
2523:Generated_Source\PSoC6\pdl\drivers/peripheral/sysclk/cy_sysclk.h **** * \funcusage
2524:Generated_Source\PSoC6\pdl\drivers/peripheral/sysclk/cy_sysclk.h **** * \snippet sysclk/2.0/snippet/main.c snippet_Cy_SysClk_ClkTimerEnable
2525:Generated_Source\PSoC6\pdl\drivers/peripheral/sysclk/cy_sysclk.h **** *
2526:Generated_Source\PSoC6\pdl\drivers/peripheral/sysclk/cy_sysclk.h **** *******************************************************************************/
2527:Generated_Source\PSoC6\pdl\drivers/peripheral/sysclk/cy_sysclk.h **** __STATIC_INLINE void Cy_SysClk_ClkTimerEnable(void)
2528:Generated_Source\PSoC6\pdl\drivers/peripheral/sysclk/cy_sysclk.h **** {
2529:Generated_Source\PSoC6\pdl\drivers/peripheral/sysclk/cy_sysclk.h ****     SRSS_CLK_TIMER_CTL |= SRSS_CLK_TIMER_CTL_ENABLE_Msk;
 273              		.loc 2 2529 0
 274 010a E258     		ldr	r2, [r4, r3]
 275 010c 8025     		movs	r5, #128
 276 010e 2D06     		lsls	r5, r5, #24
 277 0110 2A43     		orrs	r2, r5
 278 0112 E250     		str	r2, [r4, r3]
 279              	.LVL23:
 280              	.LBE68:
 281              	.LBE67:
 282              	.LBB69:
 283              	.LBB70:
2530:Generated_Source\PSoC6\pdl\drivers/peripheral/sysclk/cy_sysclk.h **** }
2531:Generated_Source\PSoC6\pdl\drivers/peripheral/sysclk/cy_sysclk.h **** 
2532:Generated_Source\PSoC6\pdl\drivers/peripheral/sysclk/cy_sysclk.h **** /*******************************************************************************
2533:Generated_Source\PSoC6\pdl\drivers/peripheral/sysclk/cy_sysclk.h **** * Function Name: Cy_SysClk_ClkTimerDisable
2534:Generated_Source\PSoC6\pdl\drivers/peripheral/sysclk/cy_sysclk.h **** ****************************************************************************//**
ARM GAS  C:\Users\Finik\AppData\Local\Temp\cctwKBtC.s 			page 54


2535:Generated_Source\PSoC6\pdl\drivers/peripheral/sysclk/cy_sysclk.h **** *
2536:Generated_Source\PSoC6\pdl\drivers/peripheral/sysclk/cy_sysclk.h **** * Disables the timer clock (clk_timer).
2537:Generated_Source\PSoC6\pdl\drivers/peripheral/sysclk/cy_sysclk.h **** *
2538:Generated_Source\PSoC6\pdl\drivers/peripheral/sysclk/cy_sysclk.h **** * \funcusage
2539:Generated_Source\PSoC6\pdl\drivers/peripheral/sysclk/cy_sysclk.h **** * \snippet sysclk/2.0/snippet/main.c snippet_Cy_SysClk_ClkTimerDisable
2540:Generated_Source\PSoC6\pdl\drivers/peripheral/sysclk/cy_sysclk.h **** *
2541:Generated_Source\PSoC6\pdl\drivers/peripheral/sysclk/cy_sysclk.h **** *******************************************************************************/
2542:Generated_Source\PSoC6\pdl\drivers/peripheral/sysclk/cy_sysclk.h **** __STATIC_INLINE void Cy_SysClk_ClkTimerDisable(void)
2543:Generated_Source\PSoC6\pdl\drivers/peripheral/sysclk/cy_sysclk.h **** {
2544:Generated_Source\PSoC6\pdl\drivers/peripheral/sysclk/cy_sysclk.h ****     SRSS_CLK_TIMER_CTL &= ~SRSS_CLK_TIMER_CTL_ENABLE_Msk;
2545:Generated_Source\PSoC6\pdl\drivers/peripheral/sysclk/cy_sysclk.h **** }
2546:Generated_Source\PSoC6\pdl\drivers/peripheral/sysclk/cy_sysclk.h **** /** \} group_sysclk_clk_timer_funcs */
2547:Generated_Source\PSoC6\pdl\drivers/peripheral/sysclk/cy_sysclk.h **** 
2548:Generated_Source\PSoC6\pdl\drivers/peripheral/sysclk/cy_sysclk.h **** 
2549:Generated_Source\PSoC6\pdl\drivers/peripheral/sysclk/cy_sysclk.h **** /* ========================================================================== */
2550:Generated_Source\PSoC6\pdl\drivers/peripheral/sysclk/cy_sysclk.h **** /* =========================    clk_pump SECTION    ========================= */
2551:Generated_Source\PSoC6\pdl\drivers/peripheral/sysclk/cy_sysclk.h **** /* ========================================================================== */
2552:Generated_Source\PSoC6\pdl\drivers/peripheral/sysclk/cy_sysclk.h **** /**
2553:Generated_Source\PSoC6\pdl\drivers/peripheral/sysclk/cy_sysclk.h **** * \addtogroup group_sysclk_clk_pump_enums
2554:Generated_Source\PSoC6\pdl\drivers/peripheral/sysclk/cy_sysclk.h **** * \{
2555:Generated_Source\PSoC6\pdl\drivers/peripheral/sysclk/cy_sysclk.h **** */
2556:Generated_Source\PSoC6\pdl\drivers/peripheral/sysclk/cy_sysclk.h **** /**
2557:Generated_Source\PSoC6\pdl\drivers/peripheral/sysclk/cy_sysclk.h **** * Pump clock (clk_pump) input sources. See CLK_SELECT register, PUMP_SEL bits.
2558:Generated_Source\PSoC6\pdl\drivers/peripheral/sysclk/cy_sysclk.h **** * Used with functions \ref Cy_SysClk_ClkPumpSetSource, and
2559:Generated_Source\PSoC6\pdl\drivers/peripheral/sysclk/cy_sysclk.h **** * \ref Cy_SysClk_ClkPumpGetSource.
2560:Generated_Source\PSoC6\pdl\drivers/peripheral/sysclk/cy_sysclk.h **** */
2561:Generated_Source\PSoC6\pdl\drivers/peripheral/sysclk/cy_sysclk.h **** typedef enum
2562:Generated_Source\PSoC6\pdl\drivers/peripheral/sysclk/cy_sysclk.h **** {
2563:Generated_Source\PSoC6\pdl\drivers/peripheral/sysclk/cy_sysclk.h ****     CY_SYSCLK_PUMP_IN_CLKPATH0,  /**< Pump clock input is clock path 0 */
2564:Generated_Source\PSoC6\pdl\drivers/peripheral/sysclk/cy_sysclk.h ****     CY_SYSCLK_PUMP_IN_CLKPATH1,  /**< Pump clock input is clock path 1 */
2565:Generated_Source\PSoC6\pdl\drivers/peripheral/sysclk/cy_sysclk.h ****     CY_SYSCLK_PUMP_IN_CLKPATH2,  /**< Pump clock input is clock path 2 */
2566:Generated_Source\PSoC6\pdl\drivers/peripheral/sysclk/cy_sysclk.h ****     CY_SYSCLK_PUMP_IN_CLKPATH3,  /**< Pump clock input is clock path 3 */
2567:Generated_Source\PSoC6\pdl\drivers/peripheral/sysclk/cy_sysclk.h ****     CY_SYSCLK_PUMP_IN_CLKPATH4,  /**< Pump clock input is clock path 4 */
2568:Generated_Source\PSoC6\pdl\drivers/peripheral/sysclk/cy_sysclk.h ****     CY_SYSCLK_PUMP_IN_CLKPATH5,  /**< Pump clock input is clock path 5 */
2569:Generated_Source\PSoC6\pdl\drivers/peripheral/sysclk/cy_sysclk.h ****     CY_SYSCLK_PUMP_IN_CLKPATH6,  /**< Pump clock input is clock path 6 */
2570:Generated_Source\PSoC6\pdl\drivers/peripheral/sysclk/cy_sysclk.h ****     CY_SYSCLK_PUMP_IN_CLKPATH7,  /**< Pump clock input is clock path 7 */
2571:Generated_Source\PSoC6\pdl\drivers/peripheral/sysclk/cy_sysclk.h ****     CY_SYSCLK_PUMP_IN_CLKPATH8,  /**< Pump clock input is clock path 8 */
2572:Generated_Source\PSoC6\pdl\drivers/peripheral/sysclk/cy_sysclk.h ****     CY_SYSCLK_PUMP_IN_CLKPATH9,  /**< Pump clock input is clock path 9 */
2573:Generated_Source\PSoC6\pdl\drivers/peripheral/sysclk/cy_sysclk.h ****     CY_SYSCLK_PUMP_IN_CLKPATH10, /**< Pump clock input is clock path 10 */
2574:Generated_Source\PSoC6\pdl\drivers/peripheral/sysclk/cy_sysclk.h ****     CY_SYSCLK_PUMP_IN_CLKPATH11, /**< Pump clock input is clock path 11 */
2575:Generated_Source\PSoC6\pdl\drivers/peripheral/sysclk/cy_sysclk.h ****     CY_SYSCLK_PUMP_IN_CLKPATH12, /**< Pump clock input is clock path 12 */
2576:Generated_Source\PSoC6\pdl\drivers/peripheral/sysclk/cy_sysclk.h ****     CY_SYSCLK_PUMP_IN_CLKPATH13, /**< Pump clock input is clock path 13 */
2577:Generated_Source\PSoC6\pdl\drivers/peripheral/sysclk/cy_sysclk.h ****     CY_SYSCLK_PUMP_IN_CLKPATH14, /**< Pump clock input is clock path 14 */
2578:Generated_Source\PSoC6\pdl\drivers/peripheral/sysclk/cy_sysclk.h ****     CY_SYSCLK_PUMP_IN_CLKPATH15  /**< Pump clock input is clock path 15 */
2579:Generated_Source\PSoC6\pdl\drivers/peripheral/sysclk/cy_sysclk.h **** } cy_en_clkpump_in_sources_t;
2580:Generated_Source\PSoC6\pdl\drivers/peripheral/sysclk/cy_sysclk.h **** 
2581:Generated_Source\PSoC6\pdl\drivers/peripheral/sysclk/cy_sysclk.h **** /**
2582:Generated_Source\PSoC6\pdl\drivers/peripheral/sysclk/cy_sysclk.h **** * Pump clock (clk_pump) divide options. See CLK_SELECT register, PUMP_DIV bits.
2583:Generated_Source\PSoC6\pdl\drivers/peripheral/sysclk/cy_sysclk.h **** * Used with functions \ref Cy_SysClk_ClkPumpSetDivider, and
2584:Generated_Source\PSoC6\pdl\drivers/peripheral/sysclk/cy_sysclk.h **** * \ref Cy_SysClk_ClkPumpGetDivider.
2585:Generated_Source\PSoC6\pdl\drivers/peripheral/sysclk/cy_sysclk.h **** */
2586:Generated_Source\PSoC6\pdl\drivers/peripheral/sysclk/cy_sysclk.h **** typedef enum
2587:Generated_Source\PSoC6\pdl\drivers/peripheral/sysclk/cy_sysclk.h **** {
2588:Generated_Source\PSoC6\pdl\drivers/peripheral/sysclk/cy_sysclk.h ****     CY_SYSCLK_PUMP_NO_DIV = 0U, /**< No division on pump clock */
2589:Generated_Source\PSoC6\pdl\drivers/peripheral/sysclk/cy_sysclk.h ****     CY_SYSCLK_PUMP_DIV_2  = 1U, /**< Pump clock divided by 2 */
2590:Generated_Source\PSoC6\pdl\drivers/peripheral/sysclk/cy_sysclk.h ****     CY_SYSCLK_PUMP_DIV_4  = 2U, /**< Pump clock divided by 4 */
2591:Generated_Source\PSoC6\pdl\drivers/peripheral/sysclk/cy_sysclk.h ****     CY_SYSCLK_PUMP_DIV_8  = 3U, /**< Pump clock divided by 8 */
ARM GAS  C:\Users\Finik\AppData\Local\Temp\cctwKBtC.s 			page 55


2592:Generated_Source\PSoC6\pdl\drivers/peripheral/sysclk/cy_sysclk.h ****     CY_SYSCLK_PUMP_DIV_16 = 4U  /**< Pump clock divided by 16 */
2593:Generated_Source\PSoC6\pdl\drivers/peripheral/sysclk/cy_sysclk.h **** } cy_en_clkpump_divide_t;
2594:Generated_Source\PSoC6\pdl\drivers/peripheral/sysclk/cy_sysclk.h **** /** \} group_sysclk_clk_pump_enums */
2595:Generated_Source\PSoC6\pdl\drivers/peripheral/sysclk/cy_sysclk.h **** 
2596:Generated_Source\PSoC6\pdl\drivers/peripheral/sysclk/cy_sysclk.h **** /** \cond */
2597:Generated_Source\PSoC6\pdl\drivers/peripheral/sysclk/cy_sysclk.h **** #define  CY_SYSCLK_FLL_IS_DIVIDER_VALID(div) (((div) == CY_SYSCLK_PUMP_NO_DIV) || \
2598:Generated_Source\PSoC6\pdl\drivers/peripheral/sysclk/cy_sysclk.h ****                                               ((div) == CY_SYSCLK_PUMP_DIV_2)  || \
2599:Generated_Source\PSoC6\pdl\drivers/peripheral/sysclk/cy_sysclk.h ****                                               ((div) == CY_SYSCLK_PUMP_DIV_4)  || \
2600:Generated_Source\PSoC6\pdl\drivers/peripheral/sysclk/cy_sysclk.h ****                                               ((div) == CY_SYSCLK_PUMP_DIV_8)  || \
2601:Generated_Source\PSoC6\pdl\drivers/peripheral/sysclk/cy_sysclk.h ****                                               ((div) == CY_SYSCLK_PUMP_DIV_16))
2602:Generated_Source\PSoC6\pdl\drivers/peripheral/sysclk/cy_sysclk.h **** /** \endcond */
2603:Generated_Source\PSoC6\pdl\drivers/peripheral/sysclk/cy_sysclk.h **** 
2604:Generated_Source\PSoC6\pdl\drivers/peripheral/sysclk/cy_sysclk.h **** /**
2605:Generated_Source\PSoC6\pdl\drivers/peripheral/sysclk/cy_sysclk.h **** * \addtogroup group_sysclk_clk_pump_funcs
2606:Generated_Source\PSoC6\pdl\drivers/peripheral/sysclk/cy_sysclk.h **** * \{
2607:Generated_Source\PSoC6\pdl\drivers/peripheral/sysclk/cy_sysclk.h **** */
2608:Generated_Source\PSoC6\pdl\drivers/peripheral/sysclk/cy_sysclk.h **** __STATIC_INLINE void Cy_SysClk_ClkPumpSetSource(cy_en_clkpump_in_sources_t source);
2609:Generated_Source\PSoC6\pdl\drivers/peripheral/sysclk/cy_sysclk.h **** __STATIC_INLINE cy_en_clkpump_in_sources_t Cy_SysClk_ClkPumpGetSource(void);
2610:Generated_Source\PSoC6\pdl\drivers/peripheral/sysclk/cy_sysclk.h **** __STATIC_INLINE void Cy_SysClk_ClkPumpSetDivider(cy_en_clkpump_divide_t divider);
2611:Generated_Source\PSoC6\pdl\drivers/peripheral/sysclk/cy_sysclk.h **** __STATIC_INLINE cy_en_clkpump_divide_t Cy_SysClk_ClkPumpGetDivider(void);
2612:Generated_Source\PSoC6\pdl\drivers/peripheral/sysclk/cy_sysclk.h **** __STATIC_INLINE void Cy_SysClk_ClkPumpEnable(void);
2613:Generated_Source\PSoC6\pdl\drivers/peripheral/sysclk/cy_sysclk.h **** __STATIC_INLINE void Cy_SysClk_ClkPumpDisable(void);
2614:Generated_Source\PSoC6\pdl\drivers/peripheral/sysclk/cy_sysclk.h **** 
2615:Generated_Source\PSoC6\pdl\drivers/peripheral/sysclk/cy_sysclk.h **** /*******************************************************************************
2616:Generated_Source\PSoC6\pdl\drivers/peripheral/sysclk/cy_sysclk.h **** * Function Name: Cy_SysClk_ClkPumpSetSource
2617:Generated_Source\PSoC6\pdl\drivers/peripheral/sysclk/cy_sysclk.h **** ****************************************************************************//**
2618:Generated_Source\PSoC6\pdl\drivers/peripheral/sysclk/cy_sysclk.h **** *
2619:Generated_Source\PSoC6\pdl\drivers/peripheral/sysclk/cy_sysclk.h **** * Sets the source for the pump clock (clk_pump). The pump clock can be used for
2620:Generated_Source\PSoC6\pdl\drivers/peripheral/sysclk/cy_sysclk.h **** * the analog pumps in the CTBm block.
2621:Generated_Source\PSoC6\pdl\drivers/peripheral/sysclk/cy_sysclk.h **** *
2622:Generated_Source\PSoC6\pdl\drivers/peripheral/sysclk/cy_sysclk.h **** * \param source \ref cy_en_clkpump_in_sources_t
2623:Generated_Source\PSoC6\pdl\drivers/peripheral/sysclk/cy_sysclk.h **** *
2624:Generated_Source\PSoC6\pdl\drivers/peripheral/sysclk/cy_sysclk.h **** * \note
2625:Generated_Source\PSoC6\pdl\drivers/peripheral/sysclk/cy_sysclk.h **** * Do not change the source while the pump clock is enabled.
2626:Generated_Source\PSoC6\pdl\drivers/peripheral/sysclk/cy_sysclk.h **** *
2627:Generated_Source\PSoC6\pdl\drivers/peripheral/sysclk/cy_sysclk.h **** * \funcusage
2628:Generated_Source\PSoC6\pdl\drivers/peripheral/sysclk/cy_sysclk.h **** * \snippet sysclk/2.0/snippet/main.c snippet_Cy_SysClk_ClkPumpSetSource
2629:Generated_Source\PSoC6\pdl\drivers/peripheral/sysclk/cy_sysclk.h **** *
2630:Generated_Source\PSoC6\pdl\drivers/peripheral/sysclk/cy_sysclk.h **** *******************************************************************************/
2631:Generated_Source\PSoC6\pdl\drivers/peripheral/sysclk/cy_sysclk.h **** __STATIC_INLINE void Cy_SysClk_ClkPumpSetSource(cy_en_clkpump_in_sources_t source)
2632:Generated_Source\PSoC6\pdl\drivers/peripheral/sysclk/cy_sysclk.h **** {
2633:Generated_Source\PSoC6\pdl\drivers/peripheral/sysclk/cy_sysclk.h ****     CY_ASSERT_L3(source <= CY_SYSCLK_PUMP_IN_CLKPATH15);
2634:Generated_Source\PSoC6\pdl\drivers/peripheral/sysclk/cy_sysclk.h ****     CY_REG32_CLR_SET(SRSS_CLK_SELECT, SRSS_CLK_SELECT_PUMP_SEL, source);
 284              		.loc 2 2634 0
 285 0114 043B     		subs	r3, r3, #4
 286 0116 E158     		ldr	r1, [r4, r3]
 287 0118 1D4A     		ldr	r2, .L9+36
 288 011a 0A40     		ands	r2, r1
 289 011c E250     		str	r2, [r4, r3]
 290              	.LVL24:
 291              	.LBE70:
 292              	.LBE69:
 293              	.LBB71:
 294              	.LBB72:
2635:Generated_Source\PSoC6\pdl\drivers/peripheral/sysclk/cy_sysclk.h **** }
2636:Generated_Source\PSoC6\pdl\drivers/peripheral/sysclk/cy_sysclk.h **** 
2637:Generated_Source\PSoC6\pdl\drivers/peripheral/sysclk/cy_sysclk.h **** /*******************************************************************************
ARM GAS  C:\Users\Finik\AppData\Local\Temp\cctwKBtC.s 			page 56


2638:Generated_Source\PSoC6\pdl\drivers/peripheral/sysclk/cy_sysclk.h **** * Function Name: Cy_SysClk_ClkPumpGetSource
2639:Generated_Source\PSoC6\pdl\drivers/peripheral/sysclk/cy_sysclk.h **** ****************************************************************************//**
2640:Generated_Source\PSoC6\pdl\drivers/peripheral/sysclk/cy_sysclk.h **** *
2641:Generated_Source\PSoC6\pdl\drivers/peripheral/sysclk/cy_sysclk.h **** * Reports the source for the pump clock (clk_pump).
2642:Generated_Source\PSoC6\pdl\drivers/peripheral/sysclk/cy_sysclk.h **** *
2643:Generated_Source\PSoC6\pdl\drivers/peripheral/sysclk/cy_sysclk.h **** * \return \ref cy_en_clkpump_in_sources_t
2644:Generated_Source\PSoC6\pdl\drivers/peripheral/sysclk/cy_sysclk.h **** *
2645:Generated_Source\PSoC6\pdl\drivers/peripheral/sysclk/cy_sysclk.h **** * \funcusage
2646:Generated_Source\PSoC6\pdl\drivers/peripheral/sysclk/cy_sysclk.h **** * \snippet sysclk/2.0/snippet/main.c snippet_Cy_SysClk_ClkPumpSetSource
2647:Generated_Source\PSoC6\pdl\drivers/peripheral/sysclk/cy_sysclk.h **** *
2648:Generated_Source\PSoC6\pdl\drivers/peripheral/sysclk/cy_sysclk.h **** *******************************************************************************/
2649:Generated_Source\PSoC6\pdl\drivers/peripheral/sysclk/cy_sysclk.h **** __STATIC_INLINE cy_en_clkpump_in_sources_t Cy_SysClk_ClkPumpGetSource(void)
2650:Generated_Source\PSoC6\pdl\drivers/peripheral/sysclk/cy_sysclk.h **** {
2651:Generated_Source\PSoC6\pdl\drivers/peripheral/sysclk/cy_sysclk.h ****     return (cy_en_clkpump_in_sources_t)_FLD2VAL(SRSS_CLK_SELECT_PUMP_SEL, SRSS_CLK_SELECT);
2652:Generated_Source\PSoC6\pdl\drivers/peripheral/sysclk/cy_sysclk.h **** }
2653:Generated_Source\PSoC6\pdl\drivers/peripheral/sysclk/cy_sysclk.h **** 
2654:Generated_Source\PSoC6\pdl\drivers/peripheral/sysclk/cy_sysclk.h **** /*******************************************************************************
2655:Generated_Source\PSoC6\pdl\drivers/peripheral/sysclk/cy_sysclk.h **** * Function Name: Cy_SysClk_ClkPumpSetDivider
2656:Generated_Source\PSoC6\pdl\drivers/peripheral/sysclk/cy_sysclk.h **** ****************************************************************************//**
2657:Generated_Source\PSoC6\pdl\drivers/peripheral/sysclk/cy_sysclk.h **** *
2658:Generated_Source\PSoC6\pdl\drivers/peripheral/sysclk/cy_sysclk.h **** * Sets the divider of the pump clock (clk_pump).
2659:Generated_Source\PSoC6\pdl\drivers/peripheral/sysclk/cy_sysclk.h **** *
2660:Generated_Source\PSoC6\pdl\drivers/peripheral/sysclk/cy_sysclk.h **** * \param divider \ref cy_en_clkpump_divide_t
2661:Generated_Source\PSoC6\pdl\drivers/peripheral/sysclk/cy_sysclk.h **** *
2662:Generated_Source\PSoC6\pdl\drivers/peripheral/sysclk/cy_sysclk.h **** * \note
2663:Generated_Source\PSoC6\pdl\drivers/peripheral/sysclk/cy_sysclk.h **** * Do not change the divider value while the pump clock is enabled.
2664:Generated_Source\PSoC6\pdl\drivers/peripheral/sysclk/cy_sysclk.h **** *
2665:Generated_Source\PSoC6\pdl\drivers/peripheral/sysclk/cy_sysclk.h **** * \funcusage
2666:Generated_Source\PSoC6\pdl\drivers/peripheral/sysclk/cy_sysclk.h **** * \snippet sysclk/2.0/snippet/main.c snippet_Cy_SysClk_ClkPumpSetDivider
2667:Generated_Source\PSoC6\pdl\drivers/peripheral/sysclk/cy_sysclk.h **** *
2668:Generated_Source\PSoC6\pdl\drivers/peripheral/sysclk/cy_sysclk.h **** *******************************************************************************/
2669:Generated_Source\PSoC6\pdl\drivers/peripheral/sysclk/cy_sysclk.h **** __STATIC_INLINE void Cy_SysClk_ClkPumpSetDivider(cy_en_clkpump_divide_t divider)
2670:Generated_Source\PSoC6\pdl\drivers/peripheral/sysclk/cy_sysclk.h **** {
2671:Generated_Source\PSoC6\pdl\drivers/peripheral/sysclk/cy_sysclk.h ****     CY_ASSERT_L3(CY_SYSCLK_FLL_IS_DIVIDER_VALID(divider));
2672:Generated_Source\PSoC6\pdl\drivers/peripheral/sysclk/cy_sysclk.h ****     CY_REG32_CLR_SET(SRSS_CLK_SELECT, SRSS_CLK_SELECT_PUMP_DIV, divider);
 295              		.loc 2 2672 0
 296 011e E158     		ldr	r1, [r4, r3]
 297 0120 1C4A     		ldr	r2, .L9+40
 298 0122 0A40     		ands	r2, r1
 299 0124 8021     		movs	r1, #128
 300 0126 8901     		lsls	r1, r1, #6
 301 0128 0A43     		orrs	r2, r1
 302 012a E250     		str	r2, [r4, r3]
 303              	.LVL25:
 304              	.LBE72:
 305              	.LBE71:
 306              	.LBB73:
 307              	.LBB74:
2673:Generated_Source\PSoC6\pdl\drivers/peripheral/sysclk/cy_sysclk.h **** }
2674:Generated_Source\PSoC6\pdl\drivers/peripheral/sysclk/cy_sysclk.h **** 
2675:Generated_Source\PSoC6\pdl\drivers/peripheral/sysclk/cy_sysclk.h **** /*******************************************************************************
2676:Generated_Source\PSoC6\pdl\drivers/peripheral/sysclk/cy_sysclk.h **** * Function Name: Cy_SysClk_ClkPumpGetDivider
2677:Generated_Source\PSoC6\pdl\drivers/peripheral/sysclk/cy_sysclk.h **** ****************************************************************************//**
2678:Generated_Source\PSoC6\pdl\drivers/peripheral/sysclk/cy_sysclk.h **** *
2679:Generated_Source\PSoC6\pdl\drivers/peripheral/sysclk/cy_sysclk.h **** * Reports the divider value for the pump clock (clk_pump).
2680:Generated_Source\PSoC6\pdl\drivers/peripheral/sysclk/cy_sysclk.h **** *
2681:Generated_Source\PSoC6\pdl\drivers/peripheral/sysclk/cy_sysclk.h **** * \return \ref cy_en_clkpump_divide_t
ARM GAS  C:\Users\Finik\AppData\Local\Temp\cctwKBtC.s 			page 57


2682:Generated_Source\PSoC6\pdl\drivers/peripheral/sysclk/cy_sysclk.h **** *
2683:Generated_Source\PSoC6\pdl\drivers/peripheral/sysclk/cy_sysclk.h **** * \funcusage
2684:Generated_Source\PSoC6\pdl\drivers/peripheral/sysclk/cy_sysclk.h **** * \snippet sysclk/2.0/snippet/main.c snippet_Cy_SysClk_ClkPumpSetDivider
2685:Generated_Source\PSoC6\pdl\drivers/peripheral/sysclk/cy_sysclk.h **** *
2686:Generated_Source\PSoC6\pdl\drivers/peripheral/sysclk/cy_sysclk.h **** *******************************************************************************/
2687:Generated_Source\PSoC6\pdl\drivers/peripheral/sysclk/cy_sysclk.h **** __STATIC_INLINE cy_en_clkpump_divide_t Cy_SysClk_ClkPumpGetDivider(void)
2688:Generated_Source\PSoC6\pdl\drivers/peripheral/sysclk/cy_sysclk.h **** {
2689:Generated_Source\PSoC6\pdl\drivers/peripheral/sysclk/cy_sysclk.h ****     return (cy_en_clkpump_divide_t)_FLD2VAL(SRSS_CLK_SELECT_PUMP_DIV, SRSS_CLK_SELECT);
2690:Generated_Source\PSoC6\pdl\drivers/peripheral/sysclk/cy_sysclk.h **** }
2691:Generated_Source\PSoC6\pdl\drivers/peripheral/sysclk/cy_sysclk.h **** 
2692:Generated_Source\PSoC6\pdl\drivers/peripheral/sysclk/cy_sysclk.h **** /*******************************************************************************
2693:Generated_Source\PSoC6\pdl\drivers/peripheral/sysclk/cy_sysclk.h **** * Function Name: Cy_SysClk_ClkPumpEnable
2694:Generated_Source\PSoC6\pdl\drivers/peripheral/sysclk/cy_sysclk.h **** ****************************************************************************//**
2695:Generated_Source\PSoC6\pdl\drivers/peripheral/sysclk/cy_sysclk.h **** *
2696:Generated_Source\PSoC6\pdl\drivers/peripheral/sysclk/cy_sysclk.h **** * Enables the pump clock (clk_pump). The pump clock can be used for the analog
2697:Generated_Source\PSoC6\pdl\drivers/peripheral/sysclk/cy_sysclk.h **** * pumps in the CTBm block.
2698:Generated_Source\PSoC6\pdl\drivers/peripheral/sysclk/cy_sysclk.h **** *
2699:Generated_Source\PSoC6\pdl\drivers/peripheral/sysclk/cy_sysclk.h **** * \funcusage
2700:Generated_Source\PSoC6\pdl\drivers/peripheral/sysclk/cy_sysclk.h **** * \snippet sysclk/2.0/snippet/main.c snippet_Cy_SysClk_ClkPumpEnable
2701:Generated_Source\PSoC6\pdl\drivers/peripheral/sysclk/cy_sysclk.h **** *
2702:Generated_Source\PSoC6\pdl\drivers/peripheral/sysclk/cy_sysclk.h **** *******************************************************************************/
2703:Generated_Source\PSoC6\pdl\drivers/peripheral/sysclk/cy_sysclk.h **** __STATIC_INLINE void Cy_SysClk_ClkPumpEnable(void)
2704:Generated_Source\PSoC6\pdl\drivers/peripheral/sysclk/cy_sysclk.h **** {
2705:Generated_Source\PSoC6\pdl\drivers/peripheral/sysclk/cy_sysclk.h ****     SRSS_CLK_SELECT |= SRSS_CLK_SELECT_PUMP_ENABLE_Msk;
 308              		.loc 2 2705 0
 309 012c E258     		ldr	r2, [r4, r3]
 310 012e 8021     		movs	r1, #128
 311 0130 0902     		lsls	r1, r1, #8
 312 0132 0A43     		orrs	r2, r1
 313 0134 E250     		str	r2, [r4, r3]
 314              	.LVL26:
 315              	.LBE74:
 316              	.LBE73:
 317              	.LBB75:
 318              	.LBB76:
2706:Generated_Source\PSoC6\pdl\drivers/peripheral/sysclk/cy_sysclk.h **** }
2707:Generated_Source\PSoC6\pdl\drivers/peripheral/sysclk/cy_sysclk.h **** 
2708:Generated_Source\PSoC6\pdl\drivers/peripheral/sysclk/cy_sysclk.h **** /*******************************************************************************
2709:Generated_Source\PSoC6\pdl\drivers/peripheral/sysclk/cy_sysclk.h **** * Function Name: Cy_SysClk_ClkPumpDisable
2710:Generated_Source\PSoC6\pdl\drivers/peripheral/sysclk/cy_sysclk.h **** ****************************************************************************//**
2711:Generated_Source\PSoC6\pdl\drivers/peripheral/sysclk/cy_sysclk.h **** *
2712:Generated_Source\PSoC6\pdl\drivers/peripheral/sysclk/cy_sysclk.h **** * Disables the pump clock (clk_pump).
2713:Generated_Source\PSoC6\pdl\drivers/peripheral/sysclk/cy_sysclk.h **** *
2714:Generated_Source\PSoC6\pdl\drivers/peripheral/sysclk/cy_sysclk.h **** * \funcusage
2715:Generated_Source\PSoC6\pdl\drivers/peripheral/sysclk/cy_sysclk.h **** * \snippet sysclk/2.0/snippet/main.c snippet_Cy_SysClk_ClkPumpDisable
2716:Generated_Source\PSoC6\pdl\drivers/peripheral/sysclk/cy_sysclk.h **** *
2717:Generated_Source\PSoC6\pdl\drivers/peripheral/sysclk/cy_sysclk.h **** *******************************************************************************/
2718:Generated_Source\PSoC6\pdl\drivers/peripheral/sysclk/cy_sysclk.h **** __STATIC_INLINE void Cy_SysClk_ClkPumpDisable(void)
2719:Generated_Source\PSoC6\pdl\drivers/peripheral/sysclk/cy_sysclk.h **** {
2720:Generated_Source\PSoC6\pdl\drivers/peripheral/sysclk/cy_sysclk.h ****     SRSS_CLK_SELECT &= ~SRSS_CLK_SELECT_PUMP_ENABLE_Msk;
2721:Generated_Source\PSoC6\pdl\drivers/peripheral/sysclk/cy_sysclk.h **** }
2722:Generated_Source\PSoC6\pdl\drivers/peripheral/sysclk/cy_sysclk.h **** /** \} group_sysclk_clk_pump_funcs */
2723:Generated_Source\PSoC6\pdl\drivers/peripheral/sysclk/cy_sysclk.h **** 
2724:Generated_Source\PSoC6\pdl\drivers/peripheral/sysclk/cy_sysclk.h **** 
2725:Generated_Source\PSoC6\pdl\drivers/peripheral/sysclk/cy_sysclk.h **** /* ========================================================================== */
2726:Generated_Source\PSoC6\pdl\drivers/peripheral/sysclk/cy_sysclk.h **** /* ==========================    clk_bak SECTION    ========================= */
2727:Generated_Source\PSoC6\pdl\drivers/peripheral/sysclk/cy_sysclk.h **** /* ========================================================================== */
ARM GAS  C:\Users\Finik\AppData\Local\Temp\cctwKBtC.s 			page 58


2728:Generated_Source\PSoC6\pdl\drivers/peripheral/sysclk/cy_sysclk.h **** /**
2729:Generated_Source\PSoC6\pdl\drivers/peripheral/sysclk/cy_sysclk.h **** * \addtogroup group_sysclk_clk_bak_enums
2730:Generated_Source\PSoC6\pdl\drivers/peripheral/sysclk/cy_sysclk.h **** * \{
2731:Generated_Source\PSoC6\pdl\drivers/peripheral/sysclk/cy_sysclk.h **** */
2732:Generated_Source\PSoC6\pdl\drivers/peripheral/sysclk/cy_sysclk.h **** /**
2733:Generated_Source\PSoC6\pdl\drivers/peripheral/sysclk/cy_sysclk.h **** * Backup domain clock (clk_bak) input sources. See BACKUP->CTL register,
2734:Generated_Source\PSoC6\pdl\drivers/peripheral/sysclk/cy_sysclk.h **** * CLK_SEL bits. Used with functions \ref Cy_SysClk_ClkBakSetSource, and
2735:Generated_Source\PSoC6\pdl\drivers/peripheral/sysclk/cy_sysclk.h **** * \ref Cy_SysClk_ClkBakGetSource.
2736:Generated_Source\PSoC6\pdl\drivers/peripheral/sysclk/cy_sysclk.h **** */
2737:Generated_Source\PSoC6\pdl\drivers/peripheral/sysclk/cy_sysclk.h **** typedef enum
2738:Generated_Source\PSoC6\pdl\drivers/peripheral/sysclk/cy_sysclk.h **** {
2739:Generated_Source\PSoC6\pdl\drivers/peripheral/sysclk/cy_sysclk.h ****     CY_SYSCLK_BAK_IN_WCO,   /**< Backup domain clock input is WCO */
2740:Generated_Source\PSoC6\pdl\drivers/peripheral/sysclk/cy_sysclk.h ****     CY_SYSCLK_BAK_IN_CLKLF  /**< Backup domain clock input is clkLf */
2741:Generated_Source\PSoC6\pdl\drivers/peripheral/sysclk/cy_sysclk.h **** } cy_en_clkbak_in_sources_t;
2742:Generated_Source\PSoC6\pdl\drivers/peripheral/sysclk/cy_sysclk.h **** /** \} group_sysclk_clk_bak_enums */
2743:Generated_Source\PSoC6\pdl\drivers/peripheral/sysclk/cy_sysclk.h **** 
2744:Generated_Source\PSoC6\pdl\drivers/peripheral/sysclk/cy_sysclk.h **** /**
2745:Generated_Source\PSoC6\pdl\drivers/peripheral/sysclk/cy_sysclk.h **** * \addtogroup group_sysclk_clk_bak_funcs
2746:Generated_Source\PSoC6\pdl\drivers/peripheral/sysclk/cy_sysclk.h **** * \{
2747:Generated_Source\PSoC6\pdl\drivers/peripheral/sysclk/cy_sysclk.h **** */
2748:Generated_Source\PSoC6\pdl\drivers/peripheral/sysclk/cy_sysclk.h **** __STATIC_INLINE void Cy_SysClk_ClkBakSetSource(cy_en_clkbak_in_sources_t source);
2749:Generated_Source\PSoC6\pdl\drivers/peripheral/sysclk/cy_sysclk.h **** __STATIC_INLINE cy_en_clkbak_in_sources_t Cy_SysClk_ClkBakGetSource(void);
2750:Generated_Source\PSoC6\pdl\drivers/peripheral/sysclk/cy_sysclk.h **** 
2751:Generated_Source\PSoC6\pdl\drivers/peripheral/sysclk/cy_sysclk.h **** /*******************************************************************************
2752:Generated_Source\PSoC6\pdl\drivers/peripheral/sysclk/cy_sysclk.h **** * Function Name: Cy_SysClk_ClkBakSetSource
2753:Generated_Source\PSoC6\pdl\drivers/peripheral/sysclk/cy_sysclk.h **** ****************************************************************************//**
2754:Generated_Source\PSoC6\pdl\drivers/peripheral/sysclk/cy_sysclk.h **** *
2755:Generated_Source\PSoC6\pdl\drivers/peripheral/sysclk/cy_sysclk.h **** * Sets the source for the backup domain clock (clk_bak).
2756:Generated_Source\PSoC6\pdl\drivers/peripheral/sysclk/cy_sysclk.h **** *
2757:Generated_Source\PSoC6\pdl\drivers/peripheral/sysclk/cy_sysclk.h **** * \param source \ref cy_en_clkbak_in_sources_t
2758:Generated_Source\PSoC6\pdl\drivers/peripheral/sysclk/cy_sysclk.h **** *
2759:Generated_Source\PSoC6\pdl\drivers/peripheral/sysclk/cy_sysclk.h **** * \note
2760:Generated_Source\PSoC6\pdl\drivers/peripheral/sysclk/cy_sysclk.h **** * clkLf is not available in all power modes.  For this reason, WCO is the
2761:Generated_Source\PSoC6\pdl\drivers/peripheral/sysclk/cy_sysclk.h **** * preferred source. If the WCO is routed through the clkLf multiplexer
2762:Generated_Source\PSoC6\pdl\drivers/peripheral/sysclk/cy_sysclk.h **** * (see \ref Cy_SysClk_ClkLfSetSource), select WCO directly - do not select clkLf.
2763:Generated_Source\PSoC6\pdl\drivers/peripheral/sysclk/cy_sysclk.h **** *
2764:Generated_Source\PSoC6\pdl\drivers/peripheral/sysclk/cy_sysclk.h **** * \funcusage
2765:Generated_Source\PSoC6\pdl\drivers/peripheral/sysclk/cy_sysclk.h **** * \snippet sysclk/2.0/snippet/main.c snippet_Cy_SysClk_ClkBakSetSource
2766:Generated_Source\PSoC6\pdl\drivers/peripheral/sysclk/cy_sysclk.h **** *
2767:Generated_Source\PSoC6\pdl\drivers/peripheral/sysclk/cy_sysclk.h **** *******************************************************************************/
2768:Generated_Source\PSoC6\pdl\drivers/peripheral/sysclk/cy_sysclk.h **** __STATIC_INLINE void Cy_SysClk_ClkBakSetSource(cy_en_clkbak_in_sources_t source)
2769:Generated_Source\PSoC6\pdl\drivers/peripheral/sysclk/cy_sysclk.h **** {
2770:Generated_Source\PSoC6\pdl\drivers/peripheral/sysclk/cy_sysclk.h ****     CY_ASSERT_L3(source <= CY_SYSCLK_BAK_IN_CLKLF);
2771:Generated_Source\PSoC6\pdl\drivers/peripheral/sysclk/cy_sysclk.h ****     CY_REG32_CLR_SET(BACKUP_CTL, BACKUP_CTL_CLK_SEL, source);
 319              		.loc 2 2771 0
 320 0136 184A     		ldr	r2, .L9+44
 321 0138 1168     		ldr	r1, [r2]
 322 013a 184B     		ldr	r3, .L9+48
 323 013c 0B40     		ands	r3, r1
 324 013e 8021     		movs	r1, #128
 325 0140 4900     		lsls	r1, r1, #1
 326 0142 0B43     		orrs	r3, r1
 327 0144 1360     		str	r3, [r2]
 328              	.LVL27:
 329              	.LBE76:
 330              	.LBE75:
 196:Generated_Source\PSoC6/cyfitter_cfg.c **** 	}
ARM GAS  C:\Users\Finik\AppData\Local\Temp\cctwKBtC.s 			page 59


 197:Generated_Source\PSoC6/cyfitter_cfg.c **** 
 198:Generated_Source\PSoC6/cyfitter_cfg.c **** 	/* Configure miscellaneous clocks */
 199:Generated_Source\PSoC6/cyfitter_cfg.c **** 	Cy_SysClk_ClkTimerSetSource(CY_SYSCLK_CLKTIMER_IN_IMO);
 200:Generated_Source\PSoC6/cyfitter_cfg.c **** 	Cy_SysClk_ClkTimerSetDivider(0);
 201:Generated_Source\PSoC6/cyfitter_cfg.c **** 	Cy_SysClk_ClkTimerEnable();
 202:Generated_Source\PSoC6/cyfitter_cfg.c **** 	Cy_SysClk_ClkPumpSetSource(CY_SYSCLK_PUMP_IN_CLKPATH0);
 203:Generated_Source\PSoC6/cyfitter_cfg.c **** 	Cy_SysClk_ClkPumpSetDivider(CY_SYSCLK_PUMP_DIV_4);
 204:Generated_Source\PSoC6/cyfitter_cfg.c **** 	Cy_SysClk_ClkPumpEnable();
 205:Generated_Source\PSoC6/cyfitter_cfg.c **** 	Cy_SysClk_ClkBakSetSource(CY_SYSCLK_BAK_IN_CLKLF);
 206:Generated_Source\PSoC6/cyfitter_cfg.c **** 	Cy_SysTick_SetClockSource(CY_SYSTICK_CLOCK_SOURCE_CLK_LF);
 331              		.loc 1 206 0
 332 0146 0020     		movs	r0, #0
 333              	.LVL28:
 334 0148 FFF7FEFF 		bl	Cy_SysTick_SetClockSource
 335              	.LVL29:
 336              	.LBB77:
 337              	.LBB78:
1014:Generated_Source\PSoC6\pdl\drivers/peripheral/sysclk/cy_sysclk.h **** }
 338              		.loc 2 1014 0
 339 014c 144B     		ldr	r3, .L9+52
 340 014e E258     		ldr	r2, [r4, r3]
 341 0150 1543     		orrs	r5, r2
 342 0152 E550     		str	r5, [r4, r3]
 343              	.LVL30:
 344              	.LBE78:
 345              	.LBE77:
 346              	.LBB79:
 347              	.LBB80:
1065:Generated_Source\PSoC6\pdl\drivers/peripheral/sysclk/cy_sysclk.h **** }
 348              		.loc 2 1065 0
 349 0154 E158     		ldr	r1, [r4, r3]
 350 0156 0122     		movs	r2, #1
 351 0158 9143     		bics	r1, r2
 352 015a 0A43     		orrs	r2, r1
 353 015c E250     		str	r2, [r4, r3]
 354              	.LVL31:
 355              	.LBE80:
 356              	.LBE79:
 207:Generated_Source\PSoC6/cyfitter_cfg.c **** 	Cy_SysClk_IloEnable();
 208:Generated_Source\PSoC6/cyfitter_cfg.c **** 	Cy_SysClk_IloHibernateOn(1u);
 209:Generated_Source\PSoC6/cyfitter_cfg.c **** 
 210:Generated_Source\PSoC6/cyfitter_cfg.c **** 	/* Set memory wait states based on 100 MHz HFClk[0] */
 211:Generated_Source\PSoC6/cyfitter_cfg.c **** 	Cy_SysLib_SetWaitStates(false, 100);
 357              		.loc 1 211 0
 358 015e 6421     		movs	r1, #100
 359 0160 0020     		movs	r0, #0
 360 0162 FFF7FEFF 		bl	Cy_SysLib_SetWaitStates
 361              	.LVL32:
 212:Generated_Source\PSoC6/cyfitter_cfg.c **** }
 362              		.loc 1 212 0
 363 0166 07B0     		add	sp, sp, #28
 364              		@ sp needed
 365 0168 30BD     		pop	{r4, r5, pc}
 366              	.L10:
 367 016a C046     		.align	2
 368              	.L9:
 369 016c 00002640 		.word	1076232192
ARM GAS  C:\Users\Finik\AppData\Local\Temp\cctwKBtC.s 			page 60


 370 0170 00000000 		.word	cy_device
 371 0174 FF00FFFF 		.word	-65281
 372 0178 00000000 		.word	.LANCHOR0
 373 017c 087F0000 		.word	32520
 374 0180 400D0300 		.word	200000
 375 0184 04050000 		.word	1284
 376 0188 FEFCFFFF 		.word	-770
 377 018c FFFF00FF 		.word	-16711681
 378 0190 FFF0FFFF 		.word	-3841
 379 0194 FF8FFFFF 		.word	-28673
 380 0198 00002740 		.word	1076297728
 381 019c FFFCFFFF 		.word	-769
 382 01a0 0C050000 		.word	1292
 383              		.cfi_endproc
 384              	.LFE188:
 385              		.size	ClockInit, .-ClockInit
 386              		.section	.text.Cy_SystemInit,"ax",%progbits
 387              		.align	2
 388              		.global	Cy_SystemInit
 389              		.code	16
 390              		.thumb_func
 391              		.type	Cy_SystemInit, %function
 392              	Cy_SystemInit:
 393              	.LFB190:
 213:Generated_Source\PSoC6/cyfitter_cfg.c **** 
 214:Generated_Source\PSoC6/cyfitter_cfg.c **** 
 215:Generated_Source\PSoC6/cyfitter_cfg.c **** /* Analog API Functions */
 216:Generated_Source\PSoC6/cyfitter_cfg.c **** 
 217:Generated_Source\PSoC6/cyfitter_cfg.c **** 
 218:Generated_Source\PSoC6/cyfitter_cfg.c **** /*******************************************************************************
 219:Generated_Source\PSoC6/cyfitter_cfg.c **** * Function Name: AnalogSetDefault
 220:Generated_Source\PSoC6/cyfitter_cfg.c **** ********************************************************************************
 221:Generated_Source\PSoC6/cyfitter_cfg.c **** *
 222:Generated_Source\PSoC6/cyfitter_cfg.c **** * Summary:
 223:Generated_Source\PSoC6/cyfitter_cfg.c **** *  Sets up the analog portions of the chip to default values based on chip
 224:Generated_Source\PSoC6/cyfitter_cfg.c **** *  configuration options from the project.
 225:Generated_Source\PSoC6/cyfitter_cfg.c **** *
 226:Generated_Source\PSoC6/cyfitter_cfg.c **** * Parameters:
 227:Generated_Source\PSoC6/cyfitter_cfg.c **** *  void
 228:Generated_Source\PSoC6/cyfitter_cfg.c **** *
 229:Generated_Source\PSoC6/cyfitter_cfg.c **** * Return:
 230:Generated_Source\PSoC6/cyfitter_cfg.c **** *  void
 231:Generated_Source\PSoC6/cyfitter_cfg.c **** *
 232:Generated_Source\PSoC6/cyfitter_cfg.c **** *******************************************************************************/
 233:Generated_Source\PSoC6/cyfitter_cfg.c **** static void AnalogSetDefault(void);
 234:Generated_Source\PSoC6/cyfitter_cfg.c **** static void AnalogSetDefault(void)
 235:Generated_Source\PSoC6/cyfitter_cfg.c **** {
 236:Generated_Source\PSoC6/cyfitter_cfg.c **** }
 237:Generated_Source\PSoC6/cyfitter_cfg.c **** 
 238:Generated_Source\PSoC6/cyfitter_cfg.c **** 
 239:Generated_Source\PSoC6/cyfitter_cfg.c **** 
 240:Generated_Source\PSoC6/cyfitter_cfg.c **** 
 241:Generated_Source\PSoC6/cyfitter_cfg.c **** /*******************************************************************************
 242:Generated_Source\PSoC6/cyfitter_cfg.c **** * Function Name: Cy_SystemInit
 243:Generated_Source\PSoC6/cyfitter_cfg.c **** ********************************************************************************
 244:Generated_Source\PSoC6/cyfitter_cfg.c **** * Summary:
 245:Generated_Source\PSoC6/cyfitter_cfg.c **** *  This function is called by the start-up code for the selected device. It
ARM GAS  C:\Users\Finik\AppData\Local\Temp\cctwKBtC.s 			page 61


 246:Generated_Source\PSoC6/cyfitter_cfg.c **** *  performs all of the necessary device configuration based on the design
 247:Generated_Source\PSoC6/cyfitter_cfg.c **** *  settings.  This includes settings from the Design Wide Resources (DWR) such
 248:Generated_Source\PSoC6/cyfitter_cfg.c **** *  as Clocks and Pins as well as any component configuration that is necessary.
 249:Generated_Source\PSoC6/cyfitter_cfg.c **** *
 250:Generated_Source\PSoC6/cyfitter_cfg.c **** * Parameters:
 251:Generated_Source\PSoC6/cyfitter_cfg.c **** *   void
 252:Generated_Source\PSoC6/cyfitter_cfg.c **** *
 253:Generated_Source\PSoC6/cyfitter_cfg.c **** * Return:
 254:Generated_Source\PSoC6/cyfitter_cfg.c **** *   void
 255:Generated_Source\PSoC6/cyfitter_cfg.c **** *
 256:Generated_Source\PSoC6/cyfitter_cfg.c **** *******************************************************************************/
 257:Generated_Source\PSoC6/cyfitter_cfg.c **** 
 258:Generated_Source\PSoC6/cyfitter_cfg.c **** void Cy_SystemInit(void)
 259:Generated_Source\PSoC6/cyfitter_cfg.c **** {
 394              		.loc 1 259 0
 395              		.cfi_startproc
 396              		@ args = 0, pretend = 0, frame = 40
 397              		@ frame_needed = 0, uses_anonymous_args = 0
 398 0000 70B5     		push	{r4, r5, r6, lr}
 399              		.cfi_def_cfa_offset 16
 400              		.cfi_offset 4, -16
 401              		.cfi_offset 5, -12
 402              		.cfi_offset 6, -8
 403              		.cfi_offset 14, -4
 404 0002 8AB0     		sub	sp, sp, #40
 405              		.cfi_def_cfa_offset 56
 260:Generated_Source\PSoC6/cyfitter_cfg.c **** 	/* Set worst case memory wait states (150 MHz), ClockInit() will update */
 261:Generated_Source\PSoC6/cyfitter_cfg.c **** 	Cy_SysLib_SetWaitStates(false, 150);
 406              		.loc 1 261 0
 407 0004 9621     		movs	r1, #150
 408 0006 0020     		movs	r0, #0
 409 0008 FFF7FEFF 		bl	Cy_SysLib_SetWaitStates
 410              	.LVL33:
 262:Generated_Source\PSoC6/cyfitter_cfg.c **** 
 263:Generated_Source\PSoC6/cyfitter_cfg.c **** 	if(0u == Cy_SysLib_GetResetReason()) /* POR, XRES, or BOD */
 411              		.loc 1 263 0
 412 000c FFF7FEFF 		bl	Cy_SysLib_GetResetReason
 413              	.LVL34:
 414 0010 0028     		cmp	r0, #0
 415 0012 14D1     		bne	.L12
 264:Generated_Source\PSoC6/cyfitter_cfg.c **** 	{
 265:Generated_Source\PSoC6/cyfitter_cfg.c **** 		Cy_SysLib_ResetBackupDomain();
 416              		.loc 1 265 0
 417 0014 FFF7FEFF 		bl	Cy_SysLib_ResetBackupDomain
 418              	.LVL35:
 419              	.LBB81:
 420              	.LBB82:
1038:Generated_Source\PSoC6\pdl\drivers/peripheral/sysclk/cy_sysclk.h ****     {
 421              		.loc 2 1038 0
 422 0018 C023     		movs	r3, #192
 423 001a 5B00     		lsls	r3, r3, #1
 424 001c 374A     		ldr	r2, .L15
 425 001e D358     		ldr	r3, [r2, r3]
 426 0020 DB07     		lsls	r3, r3, #31
 427 0022 05D4     		bmi	.L13
1040:Generated_Source\PSoC6\pdl\drivers/peripheral/sysclk/cy_sysclk.h ****         retVal = CY_SYSCLK_SUCCESS;
 428              		.loc 2 1040 0
ARM GAS  C:\Users\Finik\AppData\Local\Temp\cctwKBtC.s 			page 62


 429 0024 1100     		movs	r1, r2
 430 0026 364A     		ldr	r2, .L15+4
 431 0028 8B58     		ldr	r3, [r1, r2]
 432 002a 5B00     		lsls	r3, r3, #1
 433 002c 5B08     		lsrs	r3, r3, #1
 434 002e 8B50     		str	r3, [r1, r2]
 435              	.LVL36:
 436              	.L13:
 437              	.LBE82:
 438              	.LBE81:
 439              	.LBB83:
 440              	.LBB84:
1014:Generated_Source\PSoC6\pdl\drivers/peripheral/sysclk/cy_sysclk.h **** }
 441              		.loc 2 1014 0
 442 0030 3249     		ldr	r1, .L15
 443 0032 334A     		ldr	r2, .L15+4
 444 0034 8B58     		ldr	r3, [r1, r2]
 445 0036 8020     		movs	r0, #128
 446 0038 0006     		lsls	r0, r0, #24
 447 003a 0343     		orrs	r3, r0
 448 003c 8B50     		str	r3, [r1, r2]
 449              	.L12:
 450              	.LBE84:
 451              	.LBE83:
 266:Generated_Source\PSoC6/cyfitter_cfg.c **** 		Cy_SysClk_IloDisable();
 267:Generated_Source\PSoC6/cyfitter_cfg.c **** 		Cy_SysClk_IloEnable();
 268:Generated_Source\PSoC6/cyfitter_cfg.c **** 	}
 269:Generated_Source\PSoC6/cyfitter_cfg.c **** 
 270:Generated_Source\PSoC6/cyfitter_cfg.c **** 	/* Power Mode */
 271:Generated_Source\PSoC6/cyfitter_cfg.c **** 	Cy_SysPm_LdoSetVoltage(CY_SYSPM_LDO_VOLTAGE_1_1V);
 452              		.loc 1 271 0
 453 003e 0120     		movs	r0, #1
 454 0040 FFF7FEFF 		bl	Cy_SysPm_LdoSetVoltage
 455              	.LVL37:
 456              	.LBB85:
 457              	.LBB86:
 458              		.file 3 "Generated_Source\\PSoC6\\pdl\\drivers/peripheral/syspm/cy_syspm.h"
   1:Generated_Source\PSoC6\pdl\drivers/peripheral/syspm/cy_syspm.h **** /***************************************************************************//**
   2:Generated_Source\PSoC6\pdl\drivers/peripheral/syspm/cy_syspm.h **** * \file cy_syspm.h
   3:Generated_Source\PSoC6\pdl\drivers/peripheral/syspm/cy_syspm.h **** * \version 4.0
   4:Generated_Source\PSoC6\pdl\drivers/peripheral/syspm/cy_syspm.h **** *
   5:Generated_Source\PSoC6\pdl\drivers/peripheral/syspm/cy_syspm.h **** * Provides the function definitions for the power management API.
   6:Generated_Source\PSoC6\pdl\drivers/peripheral/syspm/cy_syspm.h **** *
   7:Generated_Source\PSoC6\pdl\drivers/peripheral/syspm/cy_syspm.h **** ********************************************************************************
   8:Generated_Source\PSoC6\pdl\drivers/peripheral/syspm/cy_syspm.h **** * \copyright
   9:Generated_Source\PSoC6\pdl\drivers/peripheral/syspm/cy_syspm.h **** * Copyright 2016-2018, Cypress Semiconductor Corporation.  All rights reserved.
  10:Generated_Source\PSoC6\pdl\drivers/peripheral/syspm/cy_syspm.h **** * You may use this file only in accordance with the license, terms, conditions,
  11:Generated_Source\PSoC6\pdl\drivers/peripheral/syspm/cy_syspm.h **** * disclaimers, and limitations in the end user license agreement accompanying
  12:Generated_Source\PSoC6\pdl\drivers/peripheral/syspm/cy_syspm.h **** * the software package with which this file was provided.
  13:Generated_Source\PSoC6\pdl\drivers/peripheral/syspm/cy_syspm.h **** *
  14:Generated_Source\PSoC6\pdl\drivers/peripheral/syspm/cy_syspm.h **** *******************************************************************************/
  15:Generated_Source\PSoC6\pdl\drivers/peripheral/syspm/cy_syspm.h **** 
  16:Generated_Source\PSoC6\pdl\drivers/peripheral/syspm/cy_syspm.h **** /**
  17:Generated_Source\PSoC6\pdl\drivers/peripheral/syspm/cy_syspm.h **** * \addtogroup group_syspm
  18:Generated_Source\PSoC6\pdl\drivers/peripheral/syspm/cy_syspm.h **** * \{
  19:Generated_Source\PSoC6\pdl\drivers/peripheral/syspm/cy_syspm.h **** *
  20:Generated_Source\PSoC6\pdl\drivers/peripheral/syspm/cy_syspm.h **** * Use the System Power Management (SysPm) driver to change power modes and 
ARM GAS  C:\Users\Finik\AppData\Local\Temp\cctwKBtC.s 			page 63


  21:Generated_Source\PSoC6\pdl\drivers/peripheral/syspm/cy_syspm.h **** * reduce system power consumption in power sensitive designs. 
  22:Generated_Source\PSoC6\pdl\drivers/peripheral/syspm/cy_syspm.h **** *
  23:Generated_Source\PSoC6\pdl\drivers/peripheral/syspm/cy_syspm.h **** * The functions and other declarations used in this driver are in cy_syspm.h. 
  24:Generated_Source\PSoC6\pdl\drivers/peripheral/syspm/cy_syspm.h **** * You can include cy_pdl.h (ModusToolbox only) to get access to all functions 
  25:Generated_Source\PSoC6\pdl\drivers/peripheral/syspm/cy_syspm.h **** * and declarations in the PDL. 
  26:Generated_Source\PSoC6\pdl\drivers/peripheral/syspm/cy_syspm.h **** *
  27:Generated_Source\PSoC6\pdl\drivers/peripheral/syspm/cy_syspm.h **** * For multi-CPU devices, this library allows you to individually enter low power  
  28:Generated_Source\PSoC6\pdl\drivers/peripheral/syspm/cy_syspm.h **** * modes for each CPU.
  29:Generated_Source\PSoC6\pdl\drivers/peripheral/syspm/cy_syspm.h **** *
  30:Generated_Source\PSoC6\pdl\drivers/peripheral/syspm/cy_syspm.h **** * This document contains the following topics:
  31:Generated_Source\PSoC6\pdl\drivers/peripheral/syspm/cy_syspm.h **** *
  32:Generated_Source\PSoC6\pdl\drivers/peripheral/syspm/cy_syspm.h **** * * \ref group_syspm_power_modes
  33:Generated_Source\PSoC6\pdl\drivers/peripheral/syspm/cy_syspm.h **** * * \ref group_syspm_system_power_modes
  34:Generated_Source\PSoC6\pdl\drivers/peripheral/syspm/cy_syspm.h **** *   - \ref group_syspm_switching_into_ulp
  35:Generated_Source\PSoC6\pdl\drivers/peripheral/syspm/cy_syspm.h **** *     - \ref group_syspm_ulp_limitations
  36:Generated_Source\PSoC6\pdl\drivers/peripheral/syspm/cy_syspm.h **** *   - \ref group_syspm_switching_into_lp
  37:Generated_Source\PSoC6\pdl\drivers/peripheral/syspm/cy_syspm.h **** *     - \ref group_syspm_lp_limitations
  38:Generated_Source\PSoC6\pdl\drivers/peripheral/syspm/cy_syspm.h **** *   - \ref group_syspm_switching_into_sleep
  39:Generated_Source\PSoC6\pdl\drivers/peripheral/syspm/cy_syspm.h **** *   - \ref group_syspm_switching_into_deepsleep
  40:Generated_Source\PSoC6\pdl\drivers/peripheral/syspm/cy_syspm.h **** *   - \ref group_syspm_wakingup_from_sleep_deepsleep
  41:Generated_Source\PSoC6\pdl\drivers/peripheral/syspm/cy_syspm.h **** *   - \ref group_syspm_switching_into_hibernate
  42:Generated_Source\PSoC6\pdl\drivers/peripheral/syspm/cy_syspm.h **** *   - \ref group_syspm_wakingup_from_hibernate
  43:Generated_Source\PSoC6\pdl\drivers/peripheral/syspm/cy_syspm.h **** * * \ref group_syspm_system_reg_curr_mode
  44:Generated_Source\PSoC6\pdl\drivers/peripheral/syspm/cy_syspm.h **** *   - \ref group_syspm_system_set_min_reg_curr_mode
  45:Generated_Source\PSoC6\pdl\drivers/peripheral/syspm/cy_syspm.h **** *   - \ref group_syspm_system_set_normal_reg_curr_mode
  46:Generated_Source\PSoC6\pdl\drivers/peripheral/syspm/cy_syspm.h **** * * \ref group_syspm_migration_guide_for_syspm_4_0
  47:Generated_Source\PSoC6\pdl\drivers/peripheral/syspm/cy_syspm.h **** * * \ref group_syspm_managing_pmic
  48:Generated_Source\PSoC6\pdl\drivers/peripheral/syspm/cy_syspm.h **** * * \ref group_syspm_managing_backup_domain
  49:Generated_Source\PSoC6\pdl\drivers/peripheral/syspm/cy_syspm.h **** * * \ref group_syspm_cb
  50:Generated_Source\PSoC6\pdl\drivers/peripheral/syspm/cy_syspm.h **** *   - \ref group_syspm_cb_example
  51:Generated_Source\PSoC6\pdl\drivers/peripheral/syspm/cy_syspm.h **** *   - \ref group_syspm_cb_config_consideration
  52:Generated_Source\PSoC6\pdl\drivers/peripheral/syspm/cy_syspm.h **** *     - \ref group_syspm_cb_parameters
  53:Generated_Source\PSoC6\pdl\drivers/peripheral/syspm/cy_syspm.h **** *     - \ref group_syspm_cb_structures
  54:Generated_Source\PSoC6\pdl\drivers/peripheral/syspm/cy_syspm.h **** *     - \ref group_syspm_cb_function_implementation
  55:Generated_Source\PSoC6\pdl\drivers/peripheral/syspm/cy_syspm.h **** *     - \ref group_syspm_cb_flow
  56:Generated_Source\PSoC6\pdl\drivers/peripheral/syspm/cy_syspm.h **** *     - \ref group_syspm_cb_unregistering
  57:Generated_Source\PSoC6\pdl\drivers/peripheral/syspm/cy_syspm.h **** * * \ref group_syspm_definitions
  58:Generated_Source\PSoC6\pdl\drivers/peripheral/syspm/cy_syspm.h **** *
  59:Generated_Source\PSoC6\pdl\drivers/peripheral/syspm/cy_syspm.h **** * \section group_syspm_section_configuration Configuration Considerations
  60:Generated_Source\PSoC6\pdl\drivers/peripheral/syspm/cy_syspm.h **** * \subsection group_syspm_power_modes Power Modes
  61:Generated_Source\PSoC6\pdl\drivers/peripheral/syspm/cy_syspm.h **** * PSoC 6 MCUs support four system and three CPU power modes. These power modes
  62:Generated_Source\PSoC6\pdl\drivers/peripheral/syspm/cy_syspm.h **** * are intended to minimize average power consumption in an application.
  63:Generated_Source\PSoC6\pdl\drivers/peripheral/syspm/cy_syspm.h **** * System power modes:
  64:Generated_Source\PSoC6\pdl\drivers/peripheral/syspm/cy_syspm.h **** * * <b>Low Power</b> - All peripheral and CPU power modes
  65:Generated_Source\PSoC6\pdl\drivers/peripheral/syspm/cy_syspm.h **** *   are available to be used at maximum device frequency and current 
  66:Generated_Source\PSoC6\pdl\drivers/peripheral/syspm/cy_syspm.h **** *   consumption.
  67:Generated_Source\PSoC6\pdl\drivers/peripheral/syspm/cy_syspm.h **** * * <b>Ultra Low Power</b> - All peripheral and 
  68:Generated_Source\PSoC6\pdl\drivers/peripheral/syspm/cy_syspm.h **** *   CPU power modes are available, but the frequency and current consumption 
  69:Generated_Source\PSoC6\pdl\drivers/peripheral/syspm/cy_syspm.h **** *   are limited to a device specific number.
  70:Generated_Source\PSoC6\pdl\drivers/peripheral/syspm/cy_syspm.h **** * * <b>Deep Sleep</b> - Device and I/O states is retained. Low-frequency 
  71:Generated_Source\PSoC6\pdl\drivers/peripheral/syspm/cy_syspm.h **** *   peripherals are available. Both CPUs are in CPU Deep Sleep power mode. 
  72:Generated_Source\PSoC6\pdl\drivers/peripheral/syspm/cy_syspm.h **** * * <b>Hibernate</b> - The device and I/O states are frozen and the device 
  73:Generated_Source\PSoC6\pdl\drivers/peripheral/syspm/cy_syspm.h **** *   resets on wakeup.
  74:Generated_Source\PSoC6\pdl\drivers/peripheral/syspm/cy_syspm.h **** *
  75:Generated_Source\PSoC6\pdl\drivers/peripheral/syspm/cy_syspm.h **** * The CPU <b>Active</b>, <b>Sleep</b> and <b>Deep Sleep</b> power modes are 
  76:Generated_Source\PSoC6\pdl\drivers/peripheral/syspm/cy_syspm.h **** * Arm-defined power modes supported by the Arm CPU instruction 
  77:Generated_Source\PSoC6\pdl\drivers/peripheral/syspm/cy_syspm.h **** * set architecture (ISA). 
ARM GAS  C:\Users\Finik\AppData\Local\Temp\cctwKBtC.s 			page 64


  78:Generated_Source\PSoC6\pdl\drivers/peripheral/syspm/cy_syspm.h **** * 
  79:Generated_Source\PSoC6\pdl\drivers/peripheral/syspm/cy_syspm.h **** * \subsection group_syspm_system_power_modes System Power Modes
  80:Generated_Source\PSoC6\pdl\drivers/peripheral/syspm/cy_syspm.h **** * * <b>LP</b> - In this mode, code is executed and all logic and 
  81:Generated_Source\PSoC6\pdl\drivers/peripheral/syspm/cy_syspm.h **** *   memories are powered. Firmware may disable/reduce clocks for specific 
  82:Generated_Source\PSoC6\pdl\drivers/peripheral/syspm/cy_syspm.h **** *   peripherals and power down specific analog power domains.
  83:Generated_Source\PSoC6\pdl\drivers/peripheral/syspm/cy_syspm.h **** *
  84:Generated_Source\PSoC6\pdl\drivers/peripheral/syspm/cy_syspm.h **** * * <b>ULP</b> - This power mode is like LP mode, but 
  85:Generated_Source\PSoC6\pdl\drivers/peripheral/syspm/cy_syspm.h **** *   with clock restrictions and limited/slower peripherals to achieve lower
  86:Generated_Source\PSoC6\pdl\drivers/peripheral/syspm/cy_syspm.h **** *   current consumption. Refer to \ref group_syspm_switching_into_ulp in 
  87:Generated_Source\PSoC6\pdl\drivers/peripheral/syspm/cy_syspm.h **** *   Configuration considerations.
  88:Generated_Source\PSoC6\pdl\drivers/peripheral/syspm/cy_syspm.h **** *
  89:Generated_Source\PSoC6\pdl\drivers/peripheral/syspm/cy_syspm.h **** * * <b>Deep Sleep</b> - Is a lower power mode where high-frequency clocks are 
  90:Generated_Source\PSoC6\pdl\drivers/peripheral/syspm/cy_syspm.h **** *   disabled. Refer to \ref group_syspm_switching_into_deepsleep in 
  91:Generated_Source\PSoC6\pdl\drivers/peripheral/syspm/cy_syspm.h **** *   Configuration considerations. Deep-sleep-capable peripherals are available. 
  92:Generated_Source\PSoC6\pdl\drivers/peripheral/syspm/cy_syspm.h **** *   A normal wakeup from Deep Sleep returns to either system LP or ULP mode, 
  93:Generated_Source\PSoC6\pdl\drivers/peripheral/syspm/cy_syspm.h **** *   depending on the previous state and programmed behavior for the configured 
  94:Generated_Source\PSoC6\pdl\drivers/peripheral/syspm/cy_syspm.h **** *   wakeup interrupt. Likewise, a debug wakes up from system Deep Sleep and 
  95:Generated_Source\PSoC6\pdl\drivers/peripheral/syspm/cy_syspm.h **** *   woken CPU returns to CPU Sleep. Refer 
  96:Generated_Source\PSoC6\pdl\drivers/peripheral/syspm/cy_syspm.h **** *   to \ref group_syspm_wakingup_from_sleep_deepsleep in Configuration 
  97:Generated_Source\PSoC6\pdl\drivers/peripheral/syspm/cy_syspm.h **** *   considerations.
  98:Generated_Source\PSoC6\pdl\drivers/peripheral/syspm/cy_syspm.h **** *
  99:Generated_Source\PSoC6\pdl\drivers/peripheral/syspm/cy_syspm.h **** * * <b>Hibernate</b> - Is the lowest power mode that is entered from 
 100:Generated_Source\PSoC6\pdl\drivers/peripheral/syspm/cy_syspm.h **** *   firmware. Refer to \ref group_syspm_switching_into_hibernate in 
 101:Generated_Source\PSoC6\pdl\drivers/peripheral/syspm/cy_syspm.h **** *   Configuration considerations. On wakeup the CPU(s) and all peripherals 
 102:Generated_Source\PSoC6\pdl\drivers/peripheral/syspm/cy_syspm.h **** *   go through a full reset. The I/O's state is frozen so that the 
 103:Generated_Source\PSoC6\pdl\drivers/peripheral/syspm/cy_syspm.h **** *   output driver state is held in system Hibernate. Note that in this mode, 
 104:Generated_Source\PSoC6\pdl\drivers/peripheral/syspm/cy_syspm.h **** *   the CPU(s) and all peripherals lose their states, so the system and firmware
 105:Generated_Source\PSoC6\pdl\drivers/peripheral/syspm/cy_syspm.h **** *   reboot on a wakeup event. Backup memory (if present) can be used to store 
 106:Generated_Source\PSoC6\pdl\drivers/peripheral/syspm/cy_syspm.h **** *   limited system state for use on the next reboot. Refer to 
 107:Generated_Source\PSoC6\pdl\drivers/peripheral/syspm/cy_syspm.h **** *   \ref group_syspm_wakingup_from_hibernate in Configuration considerations.
 108:Generated_Source\PSoC6\pdl\drivers/peripheral/syspm/cy_syspm.h **** *
 109:Generated_Source\PSoC6\pdl\drivers/peripheral/syspm/cy_syspm.h **** * \subsubsection group_syspm_switching_into_lp Switching the System into Low Power
 110:Generated_Source\PSoC6\pdl\drivers/peripheral/syspm/cy_syspm.h **** * To set system LP mode you need to set LP voltage for the active core 
 111:Generated_Source\PSoC6\pdl\drivers/peripheral/syspm/cy_syspm.h **** * regulator:
 112:Generated_Source\PSoC6\pdl\drivers/peripheral/syspm/cy_syspm.h **** * * If active core regulator is the LDO, call:
 113:Generated_Source\PSoC6\pdl\drivers/peripheral/syspm/cy_syspm.h **** *   \code{.c}
 114:Generated_Source\PSoC6\pdl\drivers/peripheral/syspm/cy_syspm.h **** *   Cy_SysPm_LdoSetVoltage(CY_SYSPM_LDO_VOLTAGE_LP);
 115:Generated_Source\PSoC6\pdl\drivers/peripheral/syspm/cy_syspm.h **** *   \endcode
 116:Generated_Source\PSoC6\pdl\drivers/peripheral/syspm/cy_syspm.h **** * * If active core regulator is the Buck, call:
 117:Generated_Source\PSoC6\pdl\drivers/peripheral/syspm/cy_syspm.h **** *   \code{.c}
 118:Generated_Source\PSoC6\pdl\drivers/peripheral/syspm/cy_syspm.h **** *   Cy_SysPm_BuckSetVoltage1(CY_SYSPM_BUCK_OUT1_VOLTAGE_LP)
 119:Generated_Source\PSoC6\pdl\drivers/peripheral/syspm/cy_syspm.h **** *   \endcode
 120:Generated_Source\PSoC6\pdl\drivers/peripheral/syspm/cy_syspm.h **** *
 121:Generated_Source\PSoC6\pdl\drivers/peripheral/syspm/cy_syspm.h **** * After switching into system LP mode, the operating frequency and current 
 122:Generated_Source\PSoC6\pdl\drivers/peripheral/syspm/cy_syspm.h **** * consumption may now be increased up to \ref group_syspm_lp_limitations.
 123:Generated_Source\PSoC6\pdl\drivers/peripheral/syspm/cy_syspm.h **** * The wait states for flash may be changed to increase device performance by 
 124:Generated_Source\PSoC6\pdl\drivers/peripheral/syspm/cy_syspm.h **** * calling SysLib function Cy_SysLib_SetWaitStates(true, hfClkFreqMz), where 
 125:Generated_Source\PSoC6\pdl\drivers/peripheral/syspm/cy_syspm.h **** * hfClkFreqMz is the frequency of HfClk0 in MHz.
 126:Generated_Source\PSoC6\pdl\drivers/peripheral/syspm/cy_syspm.h **** *
 127:Generated_Source\PSoC6\pdl\drivers/peripheral/syspm/cy_syspm.h **** * \subsubsection group_syspm_lp_limitations LP Limitations
 128:Generated_Source\PSoC6\pdl\drivers/peripheral/syspm/cy_syspm.h **** * When the system is in LP mode, the core regulator voltage is set to
 129:Generated_Source\PSoC6\pdl\drivers/peripheral/syspm/cy_syspm.h **** * <b>1.1 V (nominal)</b> and the following limitations must be met:
 130:Generated_Source\PSoC6\pdl\drivers/peripheral/syspm/cy_syspm.h **** *
 131:Generated_Source\PSoC6\pdl\drivers/peripheral/syspm/cy_syspm.h **** *   - The maximum operating frequency for all Clk_HF paths must not exceed 
 132:Generated_Source\PSoC6\pdl\drivers/peripheral/syspm/cy_syspm.h **** *     <b>150 MHz*</b>, and peripheral and slow clock must 
 133:Generated_Source\PSoC6\pdl\drivers/peripheral/syspm/cy_syspm.h **** *     not exceed <b>100 MHz *</b>
 134:Generated_Source\PSoC6\pdl\drivers/peripheral/syspm/cy_syspm.h **** *
ARM GAS  C:\Users\Finik\AppData\Local\Temp\cctwKBtC.s 			page 65


 135:Generated_Source\PSoC6\pdl\drivers/peripheral/syspm/cy_syspm.h **** *   - The total current consumption must be less than or equal to 
 136:Generated_Source\PSoC6\pdl\drivers/peripheral/syspm/cy_syspm.h **** *     <b>250 mA *</b>
 137:Generated_Source\PSoC6\pdl\drivers/peripheral/syspm/cy_syspm.h **** *
 138:Generated_Source\PSoC6\pdl\drivers/peripheral/syspm/cy_syspm.h **** * \warning * - Numbers shown are approximate and real limit values may be
 139:Generated_Source\PSoC6\pdl\drivers/peripheral/syspm/cy_syspm.h **** * different because they are device specific. You should refer to the device 
 140:Generated_Source\PSoC6\pdl\drivers/peripheral/syspm/cy_syspm.h **** * datasheet for exact values of maximum frequency and current in system LP mode.
 141:Generated_Source\PSoC6\pdl\drivers/peripheral/syspm/cy_syspm.h **** *
 142:Generated_Source\PSoC6\pdl\drivers/peripheral/syspm/cy_syspm.h **** * \subsubsection group_syspm_switching_into_ulp Switching the System into Ultra Low Power
 143:Generated_Source\PSoC6\pdl\drivers/peripheral/syspm/cy_syspm.h **** * Before switching into system ULP mode, ensure that the device meets 
 144:Generated_Source\PSoC6\pdl\drivers/peripheral/syspm/cy_syspm.h **** * \ref group_syspm_ulp_limitations. Decrease the clock frequencies, 
 145:Generated_Source\PSoC6\pdl\drivers/peripheral/syspm/cy_syspm.h **** * and slow or disable peripherals. Also ensure that appropriate wait state 
 146:Generated_Source\PSoC6\pdl\drivers/peripheral/syspm/cy_syspm.h **** * values are set for the flash. Flash wait states can be set by calling 
 147:Generated_Source\PSoC6\pdl\drivers/peripheral/syspm/cy_syspm.h **** * SysLib function Cy_SysLib_SetWaitStates(true, hfClkFreqMz), where hfClkFreqMz 
 148:Generated_Source\PSoC6\pdl\drivers/peripheral/syspm/cy_syspm.h **** * is the frequency of HfClk0 in MHz.
 149:Generated_Source\PSoC6\pdl\drivers/peripheral/syspm/cy_syspm.h **** *
 150:Generated_Source\PSoC6\pdl\drivers/peripheral/syspm/cy_syspm.h **** * After the \ref group_syspm_ulp_limitations are met and appropriate wait 
 151:Generated_Source\PSoC6\pdl\drivers/peripheral/syspm/cy_syspm.h **** * states are set, you must set ULP voltage for the active core regulator:
 152:Generated_Source\PSoC6\pdl\drivers/peripheral/syspm/cy_syspm.h **** * * If active core regulator is the LDO Core Voltage Regulator, call 
 153:Generated_Source\PSoC6\pdl\drivers/peripheral/syspm/cy_syspm.h **** * Cy_SysPm_LdoSetVoltage(CY_SYSPM_LDO_VOLTAGE_ULP)
 154:Generated_Source\PSoC6\pdl\drivers/peripheral/syspm/cy_syspm.h **** * * If active core regulator is the Buck Core Voltage Regulator, then call 
 155:Generated_Source\PSoC6\pdl\drivers/peripheral/syspm/cy_syspm.h **** * Cy_SysPm_BuckSetVoltage1(CY_SYSPM_BUCK_OUT1_VOLTAGE_ULP)
 156:Generated_Source\PSoC6\pdl\drivers/peripheral/syspm/cy_syspm.h **** *
 157:Generated_Source\PSoC6\pdl\drivers/peripheral/syspm/cy_syspm.h **** * \subsubsection group_syspm_ulp_limitations ULP Limitations
 158:Generated_Source\PSoC6\pdl\drivers/peripheral/syspm/cy_syspm.h **** * When the system is in ULP mode the core regulator voltage is set to <b>0.9 V 
 159:Generated_Source\PSoC6\pdl\drivers/peripheral/syspm/cy_syspm.h **** * (nominal)</b> and the following limitations must be meet:
 160:Generated_Source\PSoC6\pdl\drivers/peripheral/syspm/cy_syspm.h **** *
 161:Generated_Source\PSoC6\pdl\drivers/peripheral/syspm/cy_syspm.h **** *   - The maximum operating frequency for all Clk_HF paths must not exceed 
 162:Generated_Source\PSoC6\pdl\drivers/peripheral/syspm/cy_syspm.h **** *     <b>50 MHz *</b>, whereas the peripheral and slow clock must not exceed 
 163:Generated_Source\PSoC6\pdl\drivers/peripheral/syspm/cy_syspm.h **** *     <b>25 MHz *</b>. 
 164:Generated_Source\PSoC6\pdl\drivers/peripheral/syspm/cy_syspm.h **** *
 165:Generated_Source\PSoC6\pdl\drivers/peripheral/syspm/cy_syspm.h **** *   - The total current consumption must be less than or equal 
 166:Generated_Source\PSoC6\pdl\drivers/peripheral/syspm/cy_syspm.h **** *     to <b>20 mA*</b>
 167:Generated_Source\PSoC6\pdl\drivers/peripheral/syspm/cy_syspm.h **** *
 168:Generated_Source\PSoC6\pdl\drivers/peripheral/syspm/cy_syspm.h **** *   - the flash write operations are prohibited. The flash works in the 
 169:Generated_Source\PSoC6\pdl\drivers/peripheral/syspm/cy_syspm.h **** *     Read-only operation. If Write operations are required, you must switch to
 170:Generated_Source\PSoC6\pdl\drivers/peripheral/syspm/cy_syspm.h **** *     the system LP mode.
 171:Generated_Source\PSoC6\pdl\drivers/peripheral/syspm/cy_syspm.h **** *
 172:Generated_Source\PSoC6\pdl\drivers/peripheral/syspm/cy_syspm.h **** * \warning * - Numbers shown are approximate and real limit values may be
 173:Generated_Source\PSoC6\pdl\drivers/peripheral/syspm/cy_syspm.h **** * different because they are device specific. You should refer to the device 
 174:Generated_Source\PSoC6\pdl\drivers/peripheral/syspm/cy_syspm.h **** * datasheet for exact values of maximum frequency and current in system
 175:Generated_Source\PSoC6\pdl\drivers/peripheral/syspm/cy_syspm.h **** * ULP mode.
 176:Generated_Source\PSoC6\pdl\drivers/peripheral/syspm/cy_syspm.h **** *
 177:Generated_Source\PSoC6\pdl\drivers/peripheral/syspm/cy_syspm.h **** * \subsubsection group_syspm_switching_into_sleep Switching CPU into Sleep
 178:Generated_Source\PSoC6\pdl\drivers/peripheral/syspm/cy_syspm.h **** * For multi-CPU devices, the Cy_SysPm_CpuEnterSleep() switches only the CPU 
 179:Generated_Source\PSoC6\pdl\drivers/peripheral/syspm/cy_syspm.h **** * that calls the function into the CPU Sleep power mode. 
 180:Generated_Source\PSoC6\pdl\drivers/peripheral/syspm/cy_syspm.h **** *
 181:Generated_Source\PSoC6\pdl\drivers/peripheral/syspm/cy_syspm.h **** * All pending interrupts must be cleared before the CPU is put into a 
 182:Generated_Source\PSoC6\pdl\drivers/peripheral/syspm/cy_syspm.h **** * Sleep mode, even if they are masked.
 183:Generated_Source\PSoC6\pdl\drivers/peripheral/syspm/cy_syspm.h **** *
 184:Generated_Source\PSoC6\pdl\drivers/peripheral/syspm/cy_syspm.h **** * The CPU event register can be set in the past, for example, as a result of 
 185:Generated_Source\PSoC6\pdl\drivers/peripheral/syspm/cy_syspm.h **** * internal system calls. So an old event can cause the CPU to not enter 
 186:Generated_Source\PSoC6\pdl\drivers/peripheral/syspm/cy_syspm.h **** * Sleep mode upon WFE(). Therefore usually the WFE() is used in an idle loop or 
 187:Generated_Source\PSoC6\pdl\drivers/peripheral/syspm/cy_syspm.h **** * polling loop as it might or might not cause entering of CPU Sleep mode. If 
 188:Generated_Source\PSoC6\pdl\drivers/peripheral/syspm/cy_syspm.h **** * the idle loop or polling loop is not used, then it is recommended to use 
 189:Generated_Source\PSoC6\pdl\drivers/peripheral/syspm/cy_syspm.h **** * WFI() instruction.
 190:Generated_Source\PSoC6\pdl\drivers/peripheral/syspm/cy_syspm.h **** *
 191:Generated_Source\PSoC6\pdl\drivers/peripheral/syspm/cy_syspm.h **** * \subsubsection group_syspm_switching_into_deepsleep Switching the System or CPU into Deep Sleep
ARM GAS  C:\Users\Finik\AppData\Local\Temp\cctwKBtC.s 			page 66


 192:Generated_Source\PSoC6\pdl\drivers/peripheral/syspm/cy_syspm.h **** * For multi-CPU devices, the Cy_SysPm_CpuEnterDeepSleep() function switches 
 193:Generated_Source\PSoC6\pdl\drivers/peripheral/syspm/cy_syspm.h **** * only the CPU that calls the function into the CPU Deep Sleep power mode. 
 194:Generated_Source\PSoC6\pdl\drivers/peripheral/syspm/cy_syspm.h **** * To set the whole system into Deep Sleep power mode, ensure that all CPUs call 
 195:Generated_Source\PSoC6\pdl\drivers/peripheral/syspm/cy_syspm.h **** * the Cy_SysPm_CpuEnterDeepSleep() function.
 196:Generated_Source\PSoC6\pdl\drivers/peripheral/syspm/cy_syspm.h **** *
 197:Generated_Source\PSoC6\pdl\drivers/peripheral/syspm/cy_syspm.h **** * There are situations when the system does not switch into the Deep Sleep 
 198:Generated_Source\PSoC6\pdl\drivers/peripheral/syspm/cy_syspm.h **** * power mode immediately after the last CPU calls Cy_SysPm_CpuEnterDeepSleep(). 
 199:Generated_Source\PSoC6\pdl\drivers/peripheral/syspm/cy_syspm.h **** * The system will switch into Deep Sleep mode automatically a short time later, 
 200:Generated_Source\PSoC6\pdl\drivers/peripheral/syspm/cy_syspm.h **** * after the low power circuits are ready to switch into Deep Sleep. Refer to 
 201:Generated_Source\PSoC6\pdl\drivers/peripheral/syspm/cy_syspm.h **** * the Cy_SysPm_CpuEnterDeepSleep() description for more detail.
 202:Generated_Source\PSoC6\pdl\drivers/peripheral/syspm/cy_syspm.h **** *
 203:Generated_Source\PSoC6\pdl\drivers/peripheral/syspm/cy_syspm.h **** * All pending interrupts must be cleared before the system is put into a 
 204:Generated_Source\PSoC6\pdl\drivers/peripheral/syspm/cy_syspm.h **** * Deep Sleep mode, even if they are masked.
 205:Generated_Source\PSoC6\pdl\drivers/peripheral/syspm/cy_syspm.h **** *
 206:Generated_Source\PSoC6\pdl\drivers/peripheral/syspm/cy_syspm.h **** * The CPU event register can be set in the past, for example, as a result of 
 207:Generated_Source\PSoC6\pdl\drivers/peripheral/syspm/cy_syspm.h **** * internal system calls. So an old event can cause the CPU to not enter Deep 
 208:Generated_Source\PSoC6\pdl\drivers/peripheral/syspm/cy_syspm.h **** * Sleep mode upon WFE(). Therefore usually the WFE() is used in an idle loop or 
 209:Generated_Source\PSoC6\pdl\drivers/peripheral/syspm/cy_syspm.h **** * polling loop as it might or might not cause entering of CPU Deep Sleep mode. 
 210:Generated_Source\PSoC6\pdl\drivers/peripheral/syspm/cy_syspm.h **** * If the idle loop or polling loop is not used, then it is recommended to use 
 211:Generated_Source\PSoC6\pdl\drivers/peripheral/syspm/cy_syspm.h **** * WFI() instruction. 
 212:Generated_Source\PSoC6\pdl\drivers/peripheral/syspm/cy_syspm.h **** *
 213:Generated_Source\PSoC6\pdl\drivers/peripheral/syspm/cy_syspm.h **** * For single-CPU devices, SysPm functions that return the status of the 
 214:Generated_Source\PSoC6\pdl\drivers/peripheral/syspm/cy_syspm.h **** * unsupported CPU always return CY_SYSPM_STATUS_<CPU>_DEEPSLEEP.
 215:Generated_Source\PSoC6\pdl\drivers/peripheral/syspm/cy_syspm.h **** *
 216:Generated_Source\PSoC6\pdl\drivers/peripheral/syspm/cy_syspm.h **** * \subsubsection group_syspm_wakingup_from_sleep_deepsleep Waking Up from Sleep or Deep Sleep
 217:Generated_Source\PSoC6\pdl\drivers/peripheral/syspm/cy_syspm.h **** * For Arm-based devices, an interrupt is required for the CPU to wake up. 
 218:Generated_Source\PSoC6\pdl\drivers/peripheral/syspm/cy_syspm.h **** * For multi-CPU devices, one CPU can wake up the other CPU by sending the 
 219:Generated_Source\PSoC6\pdl\drivers/peripheral/syspm/cy_syspm.h **** * event instruction. Use the Cy_SysPm_CpuSendWakeupEvent() function.
 220:Generated_Source\PSoC6\pdl\drivers/peripheral/syspm/cy_syspm.h **** *
 221:Generated_Source\PSoC6\pdl\drivers/peripheral/syspm/cy_syspm.h **** * \subsubsection group_syspm_switching_into_hibernate Switching System to Hibernate
 222:Generated_Source\PSoC6\pdl\drivers/peripheral/syspm/cy_syspm.h **** * If you call Cy_SysPm_SystemEnterHibernate() from either CPU, the system will
 223:Generated_Source\PSoC6\pdl\drivers/peripheral/syspm/cy_syspm.h **** * be switched into the Hibernate power mode directly, because there is no 
 224:Generated_Source\PSoC6\pdl\drivers/peripheral/syspm/cy_syspm.h **** * handshake between CPUs.
 225:Generated_Source\PSoC6\pdl\drivers/peripheral/syspm/cy_syspm.h **** *
 226:Generated_Source\PSoC6\pdl\drivers/peripheral/syspm/cy_syspm.h **** * \subsubsection group_syspm_wakingup_from_hibernate Waking Up from Hibernate
 227:Generated_Source\PSoC6\pdl\drivers/peripheral/syspm/cy_syspm.h **** *
 228:Generated_Source\PSoC6\pdl\drivers/peripheral/syspm/cy_syspm.h **** * The system can wake up from Hibernate mode by configuring the following wakeup
 229:Generated_Source\PSoC6\pdl\drivers/peripheral/syspm/cy_syspm.h **** * sources:
 230:Generated_Source\PSoC6\pdl\drivers/peripheral/syspm/cy_syspm.h **** * - Wakeup pin
 231:Generated_Source\PSoC6\pdl\drivers/peripheral/syspm/cy_syspm.h **** * - LP Comparator
 232:Generated_Source\PSoC6\pdl\drivers/peripheral/syspm/cy_syspm.h **** * - RTC alarm
 233:Generated_Source\PSoC6\pdl\drivers/peripheral/syspm/cy_syspm.h **** * - WDT interrupt
 234:Generated_Source\PSoC6\pdl\drivers/peripheral/syspm/cy_syspm.h **** *
 235:Generated_Source\PSoC6\pdl\drivers/peripheral/syspm/cy_syspm.h **** * Wakeup is supported from device specific pin(s) with programmable polarity. 
 236:Generated_Source\PSoC6\pdl\drivers/peripheral/syspm/cy_syspm.h **** * Additionally, unregulated peripherals can wake the system under some 
 237:Generated_Source\PSoC6\pdl\drivers/peripheral/syspm/cy_syspm.h **** * conditions. For example, a low power comparator can wake the system by 
 238:Generated_Source\PSoC6\pdl\drivers/peripheral/syspm/cy_syspm.h **** * comparing two external voltages, but does not support comparison to an 
 239:Generated_Source\PSoC6\pdl\drivers/peripheral/syspm/cy_syspm.h **** * internally-generated voltage. The backup power domain remains functional, and 
 240:Generated_Source\PSoC6\pdl\drivers/peripheral/syspm/cy_syspm.h **** * if present it can schedule an alarm to wake the system from Hibernate using 
 241:Generated_Source\PSoC6\pdl\drivers/peripheral/syspm/cy_syspm.h **** * the RTC. Alternatively, the Watchdog Timer (WDT) can be configured to wake-up 
 242:Generated_Source\PSoC6\pdl\drivers/peripheral/syspm/cy_syspm.h **** * the system by WDT interrupt. Refer to \ref Cy_SysPm_SetHibernateWakeupSource()
 243:Generated_Source\PSoC6\pdl\drivers/peripheral/syspm/cy_syspm.h **** * for more detail.
 244:Generated_Source\PSoC6\pdl\drivers/peripheral/syspm/cy_syspm.h **** *
 245:Generated_Source\PSoC6\pdl\drivers/peripheral/syspm/cy_syspm.h **** * \subsection group_syspm_system_reg_curr_mode System Regulator Current Mode
 246:Generated_Source\PSoC6\pdl\drivers/peripheral/syspm/cy_syspm.h **** * In addition to system ULP and LP modes, the five different resource 
 247:Generated_Source\PSoC6\pdl\drivers/peripheral/syspm/cy_syspm.h **** * power settings can be configured to reduce current consumption:
 248:Generated_Source\PSoC6\pdl\drivers/peripheral/syspm/cy_syspm.h **** * -# <b>Linear regulator low power mode</b>. Can be used only if core current
ARM GAS  C:\Users\Finik\AppData\Local\Temp\cctwKBtC.s 			page 67


 249:Generated_Source\PSoC6\pdl\drivers/peripheral/syspm/cy_syspm.h **** *    is below the LDO regulator LP threshold.
 250:Generated_Source\PSoC6\pdl\drivers/peripheral/syspm/cy_syspm.h **** * -# <b>POR/BOD circuit low power mode</b>. Requires compatible power supply 
 251:Generated_Source\PSoC6\pdl\drivers/peripheral/syspm/cy_syspm.h **** *    stability due to stability increase response time.
 252:Generated_Source\PSoC6\pdl\drivers/peripheral/syspm/cy_syspm.h **** * -# <b>Bandgap reference circuits low power mode</b> (turns on Deep Sleep 
 253:Generated_Source\PSoC6\pdl\drivers/peripheral/syspm/cy_syspm.h **** *    Bandgap). Requires design to accept reduced Vref accuracy. Active ref can 
 254:Generated_Source\PSoC6\pdl\drivers/peripheral/syspm/cy_syspm.h **** *    be turned off after this feature is enabled.
 255:Generated_Source\PSoC6\pdl\drivers/peripheral/syspm/cy_syspm.h **** * -# <b>Reference buffer circuit low power mode</b>. Requires design to accept 
 256:Generated_Source\PSoC6\pdl\drivers/peripheral/syspm/cy_syspm.h **** *    reduced Vref accuracy.
 257:Generated_Source\PSoC6\pdl\drivers/peripheral/syspm/cy_syspm.h **** * -# <b>Current reference circuit low power mode</b>. Require design to accept 
 258:Generated_Source\PSoC6\pdl\drivers/peripheral/syspm/cy_syspm.h **** *    reduced Iref accuracy.
 259:Generated_Source\PSoC6\pdl\drivers/peripheral/syspm/cy_syspm.h **** *
 260:Generated_Source\PSoC6\pdl\drivers/peripheral/syspm/cy_syspm.h **** * These five sub features can modify both system LP or ULP modes as they are 
 261:Generated_Source\PSoC6\pdl\drivers/peripheral/syspm/cy_syspm.h **** * independent from LP/ULP settings. 
 262:Generated_Source\PSoC6\pdl\drivers/peripheral/syspm/cy_syspm.h **** * When all five sub features are set to their low power modes, the system 
 263:Generated_Source\PSoC6\pdl\drivers/peripheral/syspm/cy_syspm.h **** * operates in regulator minimum current mode. In regulator minimum current mode,
 264:Generated_Source\PSoC6\pdl\drivers/peripheral/syspm/cy_syspm.h **** * the system current consumption is limited to a device-specific value. Refer to 
 265:Generated_Source\PSoC6\pdl\drivers/peripheral/syspm/cy_syspm.h **** * the device datasheet for the exact current consumption value in regulator 
 266:Generated_Source\PSoC6\pdl\drivers/peripheral/syspm/cy_syspm.h **** * minimum current mode.
 267:Generated_Source\PSoC6\pdl\drivers/peripheral/syspm/cy_syspm.h **** * 
 268:Generated_Source\PSoC6\pdl\drivers/peripheral/syspm/cy_syspm.h **** * When all five sub features are set to their normal mode, the system operates
 269:Generated_Source\PSoC6\pdl\drivers/peripheral/syspm/cy_syspm.h **** * in regulator normal current mode. When regulator normal current mode is set, 
 270:Generated_Source\PSoC6\pdl\drivers/peripheral/syspm/cy_syspm.h **** * the system may operate at device maximum current.
 271:Generated_Source\PSoC6\pdl\drivers/peripheral/syspm/cy_syspm.h **** * 
 272:Generated_Source\PSoC6\pdl\drivers/peripheral/syspm/cy_syspm.h **** * \subsection group_syspm_system_set_min_reg_curr_mode Setting Minimum System Regulator Current Mod
 273:Generated_Source\PSoC6\pdl\drivers/peripheral/syspm/cy_syspm.h **** *
 274:Generated_Source\PSoC6\pdl\drivers/peripheral/syspm/cy_syspm.h **** * Before setting the regulator minimum current mode ensure that current limits 
 275:Generated_Source\PSoC6\pdl\drivers/peripheral/syspm/cy_syspm.h **** * are be met. After current limits are met, call the 
 276:Generated_Source\PSoC6\pdl\drivers/peripheral/syspm/cy_syspm.h **** * Cy_SysPm_SystemSetNormalRegulatorCurrent() function. 
 277:Generated_Source\PSoC6\pdl\drivers/peripheral/syspm/cy_syspm.h **** * 
 278:Generated_Source\PSoC6\pdl\drivers/peripheral/syspm/cy_syspm.h **** * \subsection group_syspm_system_set_normal_reg_curr_mode Setting Normal System Regulator Current M
 279:Generated_Source\PSoC6\pdl\drivers/peripheral/syspm/cy_syspm.h **** *
 280:Generated_Source\PSoC6\pdl\drivers/peripheral/syspm/cy_syspm.h **** * To set regulator normal current mode, call the 
 281:Generated_Source\PSoC6\pdl\drivers/peripheral/syspm/cy_syspm.h **** * Cy_SysPm_SystemSetNormalRegulatorCurrent() function. After the function call, 
 282:Generated_Source\PSoC6\pdl\drivers/peripheral/syspm/cy_syspm.h **** * the current limits can be increased to a maximum current, depending on what 
 283:Generated_Source\PSoC6\pdl\drivers/peripheral/syspm/cy_syspm.h **** * system power mode is set: LP or ULP.
 284:Generated_Source\PSoC6\pdl\drivers/peripheral/syspm/cy_syspm.h **** *
 285:Generated_Source\PSoC6\pdl\drivers/peripheral/syspm/cy_syspm.h **** * \subsection group_syspm_managing_pmic Managing PMIC
 286:Generated_Source\PSoC6\pdl\drivers/peripheral/syspm/cy_syspm.h **** *
 287:Generated_Source\PSoC6\pdl\drivers/peripheral/syspm/cy_syspm.h **** * The SysPm driver also provides an API to configure the internal power 
 288:Generated_Source\PSoC6\pdl\drivers/peripheral/syspm/cy_syspm.h **** * management integrated circuit (PMIC) controller for an external PMIC that 
 289:Generated_Source\PSoC6\pdl\drivers/peripheral/syspm/cy_syspm.h **** * supplies Vddd. Use the API to enable the internal PMIC controller output that
 290:Generated_Source\PSoC6\pdl\drivers/peripheral/syspm/cy_syspm.h **** * is routed to pmic_wakeup_out pin, and configure the polarity of the PMIC 
 291:Generated_Source\PSoC6\pdl\drivers/peripheral/syspm/cy_syspm.h **** * controller input (pmic_wakeup_in) that is used to wake up the PMIC.
 292:Generated_Source\PSoC6\pdl\drivers/peripheral/syspm/cy_syspm.h **** *
 293:Generated_Source\PSoC6\pdl\drivers/peripheral/syspm/cy_syspm.h **** * The PMIC controller is automatically enabled when:
 294:Generated_Source\PSoC6\pdl\drivers/peripheral/syspm/cy_syspm.h **** * * The PMIC is locked by a call to Cy_SysPm_PmicLock()
 295:Generated_Source\PSoC6\pdl\drivers/peripheral/syspm/cy_syspm.h **** * * The configured polarity of the PMIC input and the polarity driven to 
 296:Generated_Source\PSoC6\pdl\drivers/peripheral/syspm/cy_syspm.h **** *   pmic_wakeup_in pin matches.
 297:Generated_Source\PSoC6\pdl\drivers/peripheral/syspm/cy_syspm.h **** *
 298:Generated_Source\PSoC6\pdl\drivers/peripheral/syspm/cy_syspm.h **** * Because a call to Cy_SysPm_PmicLock() automatically enables the PMIC
 299:Generated_Source\PSoC6\pdl\drivers/peripheral/syspm/cy_syspm.h **** * controller, the PMIC can remain disabled only when it is unlocked. See Cy_SysPm_PmicUnlock() 
 300:Generated_Source\PSoC6\pdl\drivers/peripheral/syspm/cy_syspm.h **** * for more detail.
 301:Generated_Source\PSoC6\pdl\drivers/peripheral/syspm/cy_syspm.h **** *
 302:Generated_Source\PSoC6\pdl\drivers/peripheral/syspm/cy_syspm.h **** * Use Cy_SysPm_PmicIsLocked() to read the current PMIC lock status.
 303:Generated_Source\PSoC6\pdl\drivers/peripheral/syspm/cy_syspm.h **** * 
 304:Generated_Source\PSoC6\pdl\drivers/peripheral/syspm/cy_syspm.h **** * To enable the PMIC, use these functions in this order:
 305:Generated_Source\PSoC6\pdl\drivers/peripheral/syspm/cy_syspm.h **** * \code{.c}
ARM GAS  C:\Users\Finik\AppData\Local\Temp\cctwKBtC.s 			page 68


 306:Generated_Source\PSoC6\pdl\drivers/peripheral/syspm/cy_syspm.h **** * Cy_SysPm_PmicUnlock();
 307:Generated_Source\PSoC6\pdl\drivers/peripheral/syspm/cy_syspm.h **** * Cy_SysPm_PmicEnable();
 308:Generated_Source\PSoC6\pdl\drivers/peripheral/syspm/cy_syspm.h **** * Cy_SysPm_PmicLock();
 309:Generated_Source\PSoC6\pdl\drivers/peripheral/syspm/cy_syspm.h **** * \endcode
 310:Generated_Source\PSoC6\pdl\drivers/peripheral/syspm/cy_syspm.h **** *
 311:Generated_Source\PSoC6\pdl\drivers/peripheral/syspm/cy_syspm.h **** * To disable the PMIC controller, unlock the PMIC. Then call 
 312:Generated_Source\PSoC6\pdl\drivers/peripheral/syspm/cy_syspm.h **** * Cy_SysPm_PmicDisable() with the inverted value of the current active state of 
 313:Generated_Source\PSoC6\pdl\drivers/peripheral/syspm/cy_syspm.h **** * the pmic_wakeup_in pin.
 314:Generated_Source\PSoC6\pdl\drivers/peripheral/syspm/cy_syspm.h **** * For example, assume the current state of the pmic_wakeup_in pin is active low.
 315:Generated_Source\PSoC6\pdl\drivers/peripheral/syspm/cy_syspm.h **** * To disable the PMIC controller, call these functions in this order:
 316:Generated_Source\PSoC6\pdl\drivers/peripheral/syspm/cy_syspm.h **** * \code{.c}
 317:Generated_Source\PSoC6\pdl\drivers/peripheral/syspm/cy_syspm.h **** * Cy_SysPm_PmicUnlock();
 318:Generated_Source\PSoC6\pdl\drivers/peripheral/syspm/cy_syspm.h **** * Cy_SysPm_PmicDisable(CY_SYSPM_PMIC_POLARITY_HIGH);
 319:Generated_Source\PSoC6\pdl\drivers/peripheral/syspm/cy_syspm.h **** * \endcode
 320:Generated_Source\PSoC6\pdl\drivers/peripheral/syspm/cy_syspm.h **** * Note that you do not call Cy_SysPm_PmicLock(), because that automatically 
 321:Generated_Source\PSoC6\pdl\drivers/peripheral/syspm/cy_syspm.h **** * enables the PMIC.
 322:Generated_Source\PSoC6\pdl\drivers/peripheral/syspm/cy_syspm.h **** * 
 323:Generated_Source\PSoC6\pdl\drivers/peripheral/syspm/cy_syspm.h **** * While disabled, the PMIC controller is automatically enabled when the 
 324:Generated_Source\PSoC6\pdl\drivers/peripheral/syspm/cy_syspm.h **** * pmic_wakeup_in pin state is changed into a high state.
 325:Generated_Source\PSoC6\pdl\drivers/peripheral/syspm/cy_syspm.h **** *
 326:Generated_Source\PSoC6\pdl\drivers/peripheral/syspm/cy_syspm.h **** * To disable the PMIC controller output, call these functions in this order:
 327:Generated_Source\PSoC6\pdl\drivers/peripheral/syspm/cy_syspm.h **** * Cy_SysPm_PmicUnlock();
 328:Generated_Source\PSoC6\pdl\drivers/peripheral/syspm/cy_syspm.h **** * Cy_SysPm_PmicDisableOutput();
 329:Generated_Source\PSoC6\pdl\drivers/peripheral/syspm/cy_syspm.h **** *
 330:Generated_Source\PSoC6\pdl\drivers/peripheral/syspm/cy_syspm.h **** * Do not call Cy_SysPm_PmicLock() (which automatically enables the PMIC 
 331:Generated_Source\PSoC6\pdl\drivers/peripheral/syspm/cy_syspm.h **** * controller output).
 332:Generated_Source\PSoC6\pdl\drivers/peripheral/syspm/cy_syspm.h **** * 
 333:Generated_Source\PSoC6\pdl\drivers/peripheral/syspm/cy_syspm.h **** * When disabled, the PMIC controller output is enabled when the PMIC is locked, 
 334:Generated_Source\PSoC6\pdl\drivers/peripheral/syspm/cy_syspm.h **** * or by calling Cy_SysPm_PmicEnableOutput().
 335:Generated_Source\PSoC6\pdl\drivers/peripheral/syspm/cy_syspm.h **** *
 336:Generated_Source\PSoC6\pdl\drivers/peripheral/syspm/cy_syspm.h **** * \subsection group_syspm_managing_backup_domain Managing the Backup Domain
 337:Generated_Source\PSoC6\pdl\drivers/peripheral/syspm/cy_syspm.h **** * The SysPm driver provide functions to:
 338:Generated_Source\PSoC6\pdl\drivers/peripheral/syspm/cy_syspm.h **** *
 339:Generated_Source\PSoC6\pdl\drivers/peripheral/syspm/cy_syspm.h **** * * Configure Supercapacitor charging
 340:Generated_Source\PSoC6\pdl\drivers/peripheral/syspm/cy_syspm.h **** * * Select power supply source (Vbackup or Vddd) for Vddbackup
 341:Generated_Source\PSoC6\pdl\drivers/peripheral/syspm/cy_syspm.h **** * * Measure Vddbackup using the ADC
 342:Generated_Source\PSoC6\pdl\drivers/peripheral/syspm/cy_syspm.h **** * 
 343:Generated_Source\PSoC6\pdl\drivers/peripheral/syspm/cy_syspm.h **** * Refer to the \ref group_syspm_functions_backup functions for more detail.
 344:Generated_Source\PSoC6\pdl\drivers/peripheral/syspm/cy_syspm.h **** *
 345:Generated_Source\PSoC6\pdl\drivers/peripheral/syspm/cy_syspm.h **** * \subsection group_syspm_cb SysPm Callbacks
 346:Generated_Source\PSoC6\pdl\drivers/peripheral/syspm/cy_syspm.h **** * The SysPm driver handles low power callbacks declared in the application. 
 347:Generated_Source\PSoC6\pdl\drivers/peripheral/syspm/cy_syspm.h **** *
 348:Generated_Source\PSoC6\pdl\drivers/peripheral/syspm/cy_syspm.h **** * If there are no callbacks registered, the device executes the power mode 
 349:Generated_Source\PSoC6\pdl\drivers/peripheral/syspm/cy_syspm.h **** * transition. However, frequently your application firmware must make 
 350:Generated_Source\PSoC6\pdl\drivers/peripheral/syspm/cy_syspm.h **** * modifications for low power mode. For example, you may need to disable a 
 351:Generated_Source\PSoC6\pdl\drivers/peripheral/syspm/cy_syspm.h **** * peripheral, or ensure that a message is not being transmitted or received.
 352:Generated_Source\PSoC6\pdl\drivers/peripheral/syspm/cy_syspm.h **** *
 353:Generated_Source\PSoC6\pdl\drivers/peripheral/syspm/cy_syspm.h **** * To enable this, the SysPm driver implements a callback mechanism. When a lower
 354:Generated_Source\PSoC6\pdl\drivers/peripheral/syspm/cy_syspm.h **** * power mode transition is about to take place (either entering or exiting 
 355:Generated_Source\PSoC6\pdl\drivers/peripheral/syspm/cy_syspm.h **** * \ref group_syspm_system_power_modes), the registered callbacks for that 
 356:Generated_Source\PSoC6\pdl\drivers/peripheral/syspm/cy_syspm.h **** * transition are called.
 357:Generated_Source\PSoC6\pdl\drivers/peripheral/syspm/cy_syspm.h **** *
 358:Generated_Source\PSoC6\pdl\drivers/peripheral/syspm/cy_syspm.h **** * The SysPm driver organizes all the callbacks into a linked list. While 
 359:Generated_Source\PSoC6\pdl\drivers/peripheral/syspm/cy_syspm.h **** * entering a low power mode, SysPm goes through that linked list from first to 
 360:Generated_Source\PSoC6\pdl\drivers/peripheral/syspm/cy_syspm.h **** * last, executing the callbacks one after another. While exiting low power mode,
 361:Generated_Source\PSoC6\pdl\drivers/peripheral/syspm/cy_syspm.h **** * SysPm goes through that linked list again, but in the opposite direction from 
 362:Generated_Source\PSoC6\pdl\drivers/peripheral/syspm/cy_syspm.h **** * last to first. This ordering supports prioritization of callbacks relative to 
ARM GAS  C:\Users\Finik\AppData\Local\Temp\cctwKBtC.s 			page 69


 363:Generated_Source\PSoC6\pdl\drivers/peripheral/syspm/cy_syspm.h **** * the transition event. 
 364:Generated_Source\PSoC6\pdl\drivers/peripheral/syspm/cy_syspm.h **** *
 365:Generated_Source\PSoC6\pdl\drivers/peripheral/syspm/cy_syspm.h **** * For example, the picture below shows three callback structures organized into 
 366:Generated_Source\PSoC6\pdl\drivers/peripheral/syspm/cy_syspm.h **** * a linked list: myDeepSleep1, myDeepSleep2, myDeepSleep3 (represented with the 
 367:Generated_Source\PSoC6\pdl\drivers/peripheral/syspm/cy_syspm.h **** * \ref cy_stc_syspm_callback_t configuration structure). Each structure 
 368:Generated_Source\PSoC6\pdl\drivers/peripheral/syspm/cy_syspm.h **** * contains, among other fields, the address of the callback function. The code 
 369:Generated_Source\PSoC6\pdl\drivers/peripheral/syspm/cy_syspm.h **** * snippets below set this up so that myDeepSleep1 is called first when entering 
 370:Generated_Source\PSoC6\pdl\drivers/peripheral/syspm/cy_syspm.h **** * the low power mode. This also means that myDeepSleep1 will be the last one to 
 371:Generated_Source\PSoC6\pdl\drivers/peripheral/syspm/cy_syspm.h **** * execute when exiting the low power mode.
 372:Generated_Source\PSoC6\pdl\drivers/peripheral/syspm/cy_syspm.h **** *
 373:Generated_Source\PSoC6\pdl\drivers/peripheral/syspm/cy_syspm.h **** * The callback structures after registration:
 374:Generated_Source\PSoC6\pdl\drivers/peripheral/syspm/cy_syspm.h **** * \image html syspm_2_10_after_registration.png
 375:Generated_Source\PSoC6\pdl\drivers/peripheral/syspm/cy_syspm.h **** *
 376:Generated_Source\PSoC6\pdl\drivers/peripheral/syspm/cy_syspm.h **** * Your application must register each callback, so that SysPm can execute it. 
 377:Generated_Source\PSoC6\pdl\drivers/peripheral/syspm/cy_syspm.h **** * Upon registration, the linked list is built by the SysPm driver. Notice 
 378:Generated_Source\PSoC6\pdl\drivers/peripheral/syspm/cy_syspm.h **** * the &myDeepSleep1 address in the myDeepSleep1 
 379:Generated_Source\PSoC6\pdl\drivers/peripheral/syspm/cy_syspm.h **** * \ref cy_stc_syspm_callback_t structure. This is filled in by the SysPm driver 
 380:Generated_Source\PSoC6\pdl\drivers/peripheral/syspm/cy_syspm.h **** * when you register myDeepSleep1. The order in which the callbacks are 
 381:Generated_Source\PSoC6\pdl\drivers/peripheral/syspm/cy_syspm.h **** * registered in the application defines the order of their execution by the 
 382:Generated_Source\PSoC6\pdl\drivers/peripheral/syspm/cy_syspm.h **** * SysPm driver. Call \ref Cy_SysPm_RegisterCallback() to register each 
 383:Generated_Source\PSoC6\pdl\drivers/peripheral/syspm/cy_syspm.h **** * callback function. 
 384:Generated_Source\PSoC6\pdl\drivers/peripheral/syspm/cy_syspm.h **** * 
 385:Generated_Source\PSoC6\pdl\drivers/peripheral/syspm/cy_syspm.h **** * A callback function is typically associated with a particular driver that 
 386:Generated_Source\PSoC6\pdl\drivers/peripheral/syspm/cy_syspm.h **** * handles the peripheral. So the callback mechanism enables a peripheral to 
 387:Generated_Source\PSoC6\pdl\drivers/peripheral/syspm/cy_syspm.h **** * prepare for a low power mode (for instance, shutting down the analog part); 
 388:Generated_Source\PSoC6\pdl\drivers/peripheral/syspm/cy_syspm.h **** * or to perform tasks while exiting a low power mode (like enabling the analog 
 389:Generated_Source\PSoC6\pdl\drivers/peripheral/syspm/cy_syspm.h **** * part again).
 390:Generated_Source\PSoC6\pdl\drivers/peripheral/syspm/cy_syspm.h **** *
 391:Generated_Source\PSoC6\pdl\drivers/peripheral/syspm/cy_syspm.h **** * With the callback mechanism you can prevent switching into a low power mode if
 392:Generated_Source\PSoC6\pdl\drivers/peripheral/syspm/cy_syspm.h **** * a peripheral is not ready. For example, driver X is in the process of 
 393:Generated_Source\PSoC6\pdl\drivers/peripheral/syspm/cy_syspm.h **** * receiving a message. In the callback function implementation simply return 
 394:Generated_Source\PSoC6\pdl\drivers/peripheral/syspm/cy_syspm.h **** * CY_SYSPM_FAIL in a response to CY_SYSPM_CHECK_READY.
 395:Generated_Source\PSoC6\pdl\drivers/peripheral/syspm/cy_syspm.h **** *
 396:Generated_Source\PSoC6\pdl\drivers/peripheral/syspm/cy_syspm.h **** * If success is returned while executing a callback, the SysPm driver calls the 
 397:Generated_Source\PSoC6\pdl\drivers/peripheral/syspm/cy_syspm.h **** * next callback and so on to the end of the list. If at some point a callback 
 398:Generated_Source\PSoC6\pdl\drivers/peripheral/syspm/cy_syspm.h **** * returns CY_SYSPM_FAIL in response to the CY_SYSPM_CHECK_READY step, all the 
 399:Generated_Source\PSoC6\pdl\drivers/peripheral/syspm/cy_syspm.h **** * callbacks that have already executed are executed in reverse order, with the 
 400:Generated_Source\PSoC6\pdl\drivers/peripheral/syspm/cy_syspm.h **** * CY_SYSPM_CHECK_FAIL mode parameter. This allows each callback to know that 
 401:Generated_Source\PSoC6\pdl\drivers/peripheral/syspm/cy_syspm.h **** * entering the low power mode has failed. The callback can then undo whatever it
 402:Generated_Source\PSoC6\pdl\drivers/peripheral/syspm/cy_syspm.h **** * did to prepare for low power mode, if required. For example, if the driver X 
 403:Generated_Source\PSoC6\pdl\drivers/peripheral/syspm/cy_syspm.h **** * callback shut down the analog part, it can re-enable the analog part.
 404:Generated_Source\PSoC6\pdl\drivers/peripheral/syspm/cy_syspm.h **** * 
 405:Generated_Source\PSoC6\pdl\drivers/peripheral/syspm/cy_syspm.h **** * Let's switch to an example explaining the implementation, setup, and 
 406:Generated_Source\PSoC6\pdl\drivers/peripheral/syspm/cy_syspm.h **** * registration of three callbacks (myDeepSleep1, myDeepSleep2, myDeepSleep2) in 
 407:Generated_Source\PSoC6\pdl\drivers/peripheral/syspm/cy_syspm.h **** * the application. The \ref group_syspm_cb_config_consideration are provided 
 408:Generated_Source\PSoC6\pdl\drivers/peripheral/syspm/cy_syspm.h **** * after the \ref group_syspm_cb_example.
 409:Generated_Source\PSoC6\pdl\drivers/peripheral/syspm/cy_syspm.h **** * 
 410:Generated_Source\PSoC6\pdl\drivers/peripheral/syspm/cy_syspm.h **** * \subsection group_syspm_cb_example SysPm Callbacks Example
 411:Generated_Source\PSoC6\pdl\drivers/peripheral/syspm/cy_syspm.h **** *
 412:Generated_Source\PSoC6\pdl\drivers/peripheral/syspm/cy_syspm.h **** * The following code snippets demonstrate how use the SysPm callbacks mechanism.
 413:Generated_Source\PSoC6\pdl\drivers/peripheral/syspm/cy_syspm.h **** * We will build the prototype for an application that registers 
 414:Generated_Source\PSoC6\pdl\drivers/peripheral/syspm/cy_syspm.h **** * three callback functions:
 415:Generated_Source\PSoC6\pdl\drivers/peripheral/syspm/cy_syspm.h **** *    -# myDeepSleep1 - Handles CPU Deep Sleep.
 416:Generated_Source\PSoC6\pdl\drivers/peripheral/syspm/cy_syspm.h **** *    -# myDeepSleep1 - Handles CPU Deep Sleep and is associated with peripheral 
 417:Generated_Source\PSoC6\pdl\drivers/peripheral/syspm/cy_syspm.h **** *       HW1_address (see <a href="..\..\pdl_user_guide.pdf">PDL Design</a> 
 418:Generated_Source\PSoC6\pdl\drivers/peripheral/syspm/cy_syspm.h **** *       section to learn about the base hardware address).
 419:Generated_Source\PSoC6\pdl\drivers/peripheral/syspm/cy_syspm.h **** *    -# myDeepSleep2 - Handles entering and exiting system Deep Sleep and is 
ARM GAS  C:\Users\Finik\AppData\Local\Temp\cctwKBtC.s 			page 70


 420:Generated_Source\PSoC6\pdl\drivers/peripheral/syspm/cy_syspm.h **** *       associated with peripheral HW2_address.
 421:Generated_Source\PSoC6\pdl\drivers/peripheral/syspm/cy_syspm.h **** *
 422:Generated_Source\PSoC6\pdl\drivers/peripheral/syspm/cy_syspm.h **** * We set things up so that the myDeepSleep1 and myDeepSleep2 callbacks do 
 423:Generated_Source\PSoC6\pdl\drivers/peripheral/syspm/cy_syspm.h **** * nothing while entering the low power mode (skip on 
 424:Generated_Source\PSoC6\pdl\drivers/peripheral/syspm/cy_syspm.h **** * CY_SYSPM_SKIP_BEFORE_TRANSITION - 
 425:Generated_Source\PSoC6\pdl\drivers/peripheral/syspm/cy_syspm.h **** * see \ref group_syspm_cb_function_implementation in 
 426:Generated_Source\PSoC6\pdl\drivers/peripheral/syspm/cy_syspm.h **** * \ref group_syspm_cb_config_consideration).
 427:Generated_Source\PSoC6\pdl\drivers/peripheral/syspm/cy_syspm.h **** * Skipping the actions while entering low power might be useful if you need 
 428:Generated_Source\PSoC6\pdl\drivers/peripheral/syspm/cy_syspm.h **** * to save time while switching low power modes. This is because the callback
 429:Generated_Source\PSoC6\pdl\drivers/peripheral/syspm/cy_syspm.h **** * function with a skipped mode is not even called avoiding the call and return
 430:Generated_Source\PSoC6\pdl\drivers/peripheral/syspm/cy_syspm.h **** * overhead.
 431:Generated_Source\PSoC6\pdl\drivers/peripheral/syspm/cy_syspm.h **** * 
 432:Generated_Source\PSoC6\pdl\drivers/peripheral/syspm/cy_syspm.h **** * Let's first declare the callback functions. Each gets the pointer to the 
 433:Generated_Source\PSoC6\pdl\drivers/peripheral/syspm/cy_syspm.h **** * \ref cy_stc_syspm_callback_params_t structure as the argument.
 434:Generated_Source\PSoC6\pdl\drivers/peripheral/syspm/cy_syspm.h **** *
 435:Generated_Source\PSoC6\pdl\drivers/peripheral/syspm/cy_syspm.h **** * \snippet syspm/4.0/snippet/main.c snippet_Cy_SysPm_Callback_Func_Declaration
 436:Generated_Source\PSoC6\pdl\drivers/peripheral/syspm/cy_syspm.h **** *
 437:Generated_Source\PSoC6\pdl\drivers/peripheral/syspm/cy_syspm.h **** * Now we setup the \ref cy_stc_syspm_callback_params_t structures that we will
 438:Generated_Source\PSoC6\pdl\drivers/peripheral/syspm/cy_syspm.h **** * pass to the callback functions. Note that for the myDeepSleep1 and 
 439:Generated_Source\PSoC6\pdl\drivers/peripheral/syspm/cy_syspm.h **** * myDeepSleep2 callbacks we also pass pointers to the peripherals related to 
 440:Generated_Source\PSoC6\pdl\drivers/peripheral/syspm/cy_syspm.h **** * that callback (see <a href="..\..\pdl_user_guide.pdf">PDL Design</a> section 
 441:Generated_Source\PSoC6\pdl\drivers/peripheral/syspm/cy_syspm.h **** * to learn about base hardware addresses). 
 442:Generated_Source\PSoC6\pdl\drivers/peripheral/syspm/cy_syspm.h **** * The configuration considerations related to this structure are described 
 443:Generated_Source\PSoC6\pdl\drivers/peripheral/syspm/cy_syspm.h **** * in \ref group_syspm_cb_parameters in \ref group_syspm_cb_config_consideration.
 444:Generated_Source\PSoC6\pdl\drivers/peripheral/syspm/cy_syspm.h **** *
 445:Generated_Source\PSoC6\pdl\drivers/peripheral/syspm/cy_syspm.h **** * \snippet syspm/4.0/snippet/main.c snippet_Cy_SysPm_Callback_Params_Declaration
 446:Generated_Source\PSoC6\pdl\drivers/peripheral/syspm/cy_syspm.h **** *
 447:Generated_Source\PSoC6\pdl\drivers/peripheral/syspm/cy_syspm.h **** * Now we setup the actual callback configuration structures. Each of these 
 448:Generated_Source\PSoC6\pdl\drivers/peripheral/syspm/cy_syspm.h **** * contains, among the other fields, the address of the 
 449:Generated_Source\PSoC6\pdl\drivers/peripheral/syspm/cy_syspm.h **** * \ref cy_stc_syspm_callback_params_t we just set up. We will use the callback 
 450:Generated_Source\PSoC6\pdl\drivers/peripheral/syspm/cy_syspm.h **** * configuration structures later in the code to register the callbacks in the 
 451:Generated_Source\PSoC6\pdl\drivers/peripheral/syspm/cy_syspm.h **** * SysPm driver. Again, we set things up so that the myDeepSleep1 and 
 452:Generated_Source\PSoC6\pdl\drivers/peripheral/syspm/cy_syspm.h **** * myDeepSleep1 callbacks do nothing while entering the low power mode 
 453:Generated_Source\PSoC6\pdl\drivers/peripheral/syspm/cy_syspm.h **** * (skip on CY_SYSPM_SKIP_BEFORE_TRANSITION) - see 
 454:Generated_Source\PSoC6\pdl\drivers/peripheral/syspm/cy_syspm.h **** * \ref group_syspm_cb_function_implementation in 
 455:Generated_Source\PSoC6\pdl\drivers/peripheral/syspm/cy_syspm.h **** * \ref group_syspm_cb_config_consideration.
 456:Generated_Source\PSoC6\pdl\drivers/peripheral/syspm/cy_syspm.h **** *
 457:Generated_Source\PSoC6\pdl\drivers/peripheral/syspm/cy_syspm.h **** * \snippet syspm/4.0/snippet/main.c snippet_Cy_SysPm_Callback_Structure_Declaration
 458:Generated_Source\PSoC6\pdl\drivers/peripheral/syspm/cy_syspm.h **** *
 459:Generated_Source\PSoC6\pdl\drivers/peripheral/syspm/cy_syspm.h **** * Note that in each case the last two fields are NULL. These are fields used by 
 460:Generated_Source\PSoC6\pdl\drivers/peripheral/syspm/cy_syspm.h **** * the SysPm driver to set up the linked list of callback functions.
 461:Generated_Source\PSoC6\pdl\drivers/peripheral/syspm/cy_syspm.h **** * 
 462:Generated_Source\PSoC6\pdl\drivers/peripheral/syspm/cy_syspm.h **** * The callback structures are now defined and allocated in the user's 
 463:Generated_Source\PSoC6\pdl\drivers/peripheral/syspm/cy_syspm.h **** * memory space:
 464:Generated_Source\PSoC6\pdl\drivers/peripheral/syspm/cy_syspm.h **** * \image html syspm_2_10_before_registration.png
 465:Generated_Source\PSoC6\pdl\drivers/peripheral/syspm/cy_syspm.h **** *
 466:Generated_Source\PSoC6\pdl\drivers/peripheral/syspm/cy_syspm.h **** * Now we implement the callback functions. See 
 467:Generated_Source\PSoC6\pdl\drivers/peripheral/syspm/cy_syspm.h **** * \ref group_syspm_cb_function_implementation in 
 468:Generated_Source\PSoC6\pdl\drivers/peripheral/syspm/cy_syspm.h **** * \ref group_syspm_cb_config_consideration for the instructions on how the 
 469:Generated_Source\PSoC6\pdl\drivers/peripheral/syspm/cy_syspm.h **** * callback functions should be implemented.
 470:Generated_Source\PSoC6\pdl\drivers/peripheral/syspm/cy_syspm.h **** *
 471:Generated_Source\PSoC6\pdl\drivers/peripheral/syspm/cy_syspm.h **** * \snippet syspm/4.0/snippet/main.c snippet_Cy_SysPm_Callback_Func_Implementation
 472:Generated_Source\PSoC6\pdl\drivers/peripheral/syspm/cy_syspm.h **** *
 473:Generated_Source\PSoC6\pdl\drivers/peripheral/syspm/cy_syspm.h **** * Finally, we register the callbacks so that the SysPm driver knows about them. 
 474:Generated_Source\PSoC6\pdl\drivers/peripheral/syspm/cy_syspm.h **** * The order in which the callbacks will be called depends upon the order in 
 475:Generated_Source\PSoC6\pdl\drivers/peripheral/syspm/cy_syspm.h **** * which the callbacks are registered. If there are no callbacks registered, 
 476:Generated_Source\PSoC6\pdl\drivers/peripheral/syspm/cy_syspm.h **** * the device just executes the power mode transition.
ARM GAS  C:\Users\Finik\AppData\Local\Temp\cctwKBtC.s 			page 71


 477:Generated_Source\PSoC6\pdl\drivers/peripheral/syspm/cy_syspm.h **** *
 478:Generated_Source\PSoC6\pdl\drivers/peripheral/syspm/cy_syspm.h **** * Callbacks that reconfigure global resources, such as clock frequencies, should
 479:Generated_Source\PSoC6\pdl\drivers/peripheral/syspm/cy_syspm.h **** * be registered last. They then modify global resources as the final step before
 480:Generated_Source\PSoC6\pdl\drivers/peripheral/syspm/cy_syspm.h **** * entering the low power mode, and restore those resources first, as the system
 481:Generated_Source\PSoC6\pdl\drivers/peripheral/syspm/cy_syspm.h **** * returns from low power mode.
 482:Generated_Source\PSoC6\pdl\drivers/peripheral/syspm/cy_syspm.h **** *
 483:Generated_Source\PSoC6\pdl\drivers/peripheral/syspm/cy_syspm.h **** * \snippet syspm/4.0/snippet/main.c snippet_Cy_SysPm_RegisterCallback
 484:Generated_Source\PSoC6\pdl\drivers/peripheral/syspm/cy_syspm.h **** *
 485:Generated_Source\PSoC6\pdl\drivers/peripheral/syspm/cy_syspm.h **** * We are done configuring three callbacks. Now the SysPm driver will execute the
 486:Generated_Source\PSoC6\pdl\drivers/peripheral/syspm/cy_syspm.h **** * callbacks appropriately whenever there is a call to a power mode transition 
 487:Generated_Source\PSoC6\pdl\drivers/peripheral/syspm/cy_syspm.h **** * function: \ref Cy_SysPm_CpuEnterSleep(), \ref Cy_SysPm_CpuEnterDeepSleep(), 
 488:Generated_Source\PSoC6\pdl\drivers/peripheral/syspm/cy_syspm.h **** * \ref Cy_SysPm_SystemEnterUlp(), \ref Cy_SysPm_SystemEnterLp(), and 
 489:Generated_Source\PSoC6\pdl\drivers/peripheral/syspm/cy_syspm.h **** * \ref Cy_SysPm_SystemEnterHibernate().
 490:Generated_Source\PSoC6\pdl\drivers/peripheral/syspm/cy_syspm.h **** * \note On a wakeup from hibernate the device goes through a reset, so the 
 491:Generated_Source\PSoC6\pdl\drivers/peripheral/syspm/cy_syspm.h **** * callbacks with CY_SYSPM_AFTER_TRANSITION are not executed. Refer to 
 492:Generated_Source\PSoC6\pdl\drivers/peripheral/syspm/cy_syspm.h **** * \ref Cy_SysPm_SystemEnterHibernate() for more detail.
 493:Generated_Source\PSoC6\pdl\drivers/peripheral/syspm/cy_syspm.h **** * 
 494:Generated_Source\PSoC6\pdl\drivers/peripheral/syspm/cy_syspm.h **** * Refer to \ref group_syspm_cb_unregistering in 
 495:Generated_Source\PSoC6\pdl\drivers/peripheral/syspm/cy_syspm.h **** * \ref group_syspm_cb_config_consideration to learn what to do if you need to 
 496:Generated_Source\PSoC6\pdl\drivers/peripheral/syspm/cy_syspm.h **** * remove the callback from the linked list. You might want to unregister the 
 497:Generated_Source\PSoC6\pdl\drivers/peripheral/syspm/cy_syspm.h **** * callback for debug purposes.
 498:Generated_Source\PSoC6\pdl\drivers/peripheral/syspm/cy_syspm.h **** * 
 499:Generated_Source\PSoC6\pdl\drivers/peripheral/syspm/cy_syspm.h **** * Refer to \ref group_syspm_cb_flow in \ref group_syspm_cb_config_consideration 
 500:Generated_Source\PSoC6\pdl\drivers/peripheral/syspm/cy_syspm.h **** * to learn about how the SysPm processes the callbacks.
 501:Generated_Source\PSoC6\pdl\drivers/peripheral/syspm/cy_syspm.h **** *
 502:Generated_Source\PSoC6\pdl\drivers/peripheral/syspm/cy_syspm.h **** * \subsection group_syspm_cb_config_consideration Callback Configuration Considerations
 503:Generated_Source\PSoC6\pdl\drivers/peripheral/syspm/cy_syspm.h **** *
 504:Generated_Source\PSoC6\pdl\drivers/peripheral/syspm/cy_syspm.h **** * \subsubsection group_syspm_cb_parameters Callback Function Parameters
 505:Generated_Source\PSoC6\pdl\drivers/peripheral/syspm/cy_syspm.h **** * 
 506:Generated_Source\PSoC6\pdl\drivers/peripheral/syspm/cy_syspm.h **** * The <b>callbackParams</b> parameter of the callback function is a 
 507:Generated_Source\PSoC6\pdl\drivers/peripheral/syspm/cy_syspm.h **** * \ref cy_stc_syspm_callback_params_t structure. The second parameter 
 508:Generated_Source\PSoC6\pdl\drivers/peripheral/syspm/cy_syspm.h **** * (<b>mode</b>) is for internal use. In the example code we used a 
 509:Generated_Source\PSoC6\pdl\drivers/peripheral/syspm/cy_syspm.h **** * dummy value CY_SYSPM_CHECK_READY to eliminate compilation errors associated 
 510:Generated_Source\PSoC6\pdl\drivers/peripheral/syspm/cy_syspm.h **** * with the enumeration. The driver sets the <b>mode</b> field to the correct 
 511:Generated_Source\PSoC6\pdl\drivers/peripheral/syspm/cy_syspm.h **** * value when calling the callback functions (the mode is referred to as step in 
 512:Generated_Source\PSoC6\pdl\drivers/peripheral/syspm/cy_syspm.h **** * the \ref group_syspm_cb_function_implementation). The callback function reads 
 513:Generated_Source\PSoC6\pdl\drivers/peripheral/syspm/cy_syspm.h **** * the value and executes code based on the mode set by the SysPm driver. 
 514:Generated_Source\PSoC6\pdl\drivers/peripheral/syspm/cy_syspm.h **** * The <b>base</b> and <b>context</b> fields are optional and can be NULL. 
 515:Generated_Source\PSoC6\pdl\drivers/peripheral/syspm/cy_syspm.h **** * Some drivers require a base hardware address and context to store information 
 516:Generated_Source\PSoC6\pdl\drivers/peripheral/syspm/cy_syspm.h **** * about the mode transition. If your callback routine requires access to the 
 517:Generated_Source\PSoC6\pdl\drivers/peripheral/syspm/cy_syspm.h **** * driver registers or context, provide those values 
 518:Generated_Source\PSoC6\pdl\drivers/peripheral/syspm/cy_syspm.h **** * (see <a href="..\..\pdl_user_guide.pdf">PDL Design</a> section 
 519:Generated_Source\PSoC6\pdl\drivers/peripheral/syspm/cy_syspm.h **** * to learn about Base Hardware Address). Be aware of MISRA warnings if these 
 520:Generated_Source\PSoC6\pdl\drivers/peripheral/syspm/cy_syspm.h **** * parameters are NULL.
 521:Generated_Source\PSoC6\pdl\drivers/peripheral/syspm/cy_syspm.h **** *
 522:Generated_Source\PSoC6\pdl\drivers/peripheral/syspm/cy_syspm.h **** * \subsubsection group_syspm_cb_structures Callback Function Structure
 523:Generated_Source\PSoC6\pdl\drivers/peripheral/syspm/cy_syspm.h **** * For each callback, provide a \ref cy_stc_syspm_callback_t structure. Some 
 524:Generated_Source\PSoC6\pdl\drivers/peripheral/syspm/cy_syspm.h **** * fields in this structure are maintained by the driver. Use NULL for 
 525:Generated_Source\PSoC6\pdl\drivers/peripheral/syspm/cy_syspm.h **** * <b>prevItm</b> and <b>nextItm</b>. The driver uses these fields to build a 
 526:Generated_Source\PSoC6\pdl\drivers/peripheral/syspm/cy_syspm.h **** * linked list of callback functions.
 527:Generated_Source\PSoC6\pdl\drivers/peripheral/syspm/cy_syspm.h **** *
 528:Generated_Source\PSoC6\pdl\drivers/peripheral/syspm/cy_syspm.h **** * \warning The Cy_SysPm_RegisterCallback() function stores a pointer to the 
 529:Generated_Source\PSoC6\pdl\drivers/peripheral/syspm/cy_syspm.h **** * cy_stc_syspm_callback_t structure. Do not modify elements of the 
 530:Generated_Source\PSoC6\pdl\drivers/peripheral/syspm/cy_syspm.h **** * cy_stc_syspm_callback_t structure after the callback is registered. 
 531:Generated_Source\PSoC6\pdl\drivers/peripheral/syspm/cy_syspm.h **** * You are responsible for ensuring that the structure remains in scope. 
 532:Generated_Source\PSoC6\pdl\drivers/peripheral/syspm/cy_syspm.h **** * Typically the structure is declared as a global or static variable, or as a 
 533:Generated_Source\PSoC6\pdl\drivers/peripheral/syspm/cy_syspm.h **** * local variable in the main() function.
ARM GAS  C:\Users\Finik\AppData\Local\Temp\cctwKBtC.s 			page 72


 534:Generated_Source\PSoC6\pdl\drivers/peripheral/syspm/cy_syspm.h **** *
 535:Generated_Source\PSoC6\pdl\drivers/peripheral/syspm/cy_syspm.h **** * \subsubsection group_syspm_cb_function_implementation Callback Function Implementation
 536:Generated_Source\PSoC6\pdl\drivers/peripheral/syspm/cy_syspm.h **** *
 537:Generated_Source\PSoC6\pdl\drivers/peripheral/syspm/cy_syspm.h **** * Every callback function should handle four possible steps (referred to as 
 538:Generated_Source\PSoC6\pdl\drivers/peripheral/syspm/cy_syspm.h **** * "mode") defined in \ref cy_en_syspm_callback_mode_t :
 539:Generated_Source\PSoC6\pdl\drivers/peripheral/syspm/cy_syspm.h **** *    * CY_SYSPM_CHECK_READY - Check if ready to enter a power mode.
 540:Generated_Source\PSoC6\pdl\drivers/peripheral/syspm/cy_syspm.h **** *    * CY_SYSPM_BEFORE_TRANSITION - The actions to be done before entering 
 541:Generated_Source\PSoC6\pdl\drivers/peripheral/syspm/cy_syspm.h **** *      the low power mode.
 542:Generated_Source\PSoC6\pdl\drivers/peripheral/syspm/cy_syspm.h **** *    * CY_SYSPM_AFTER_TRANSITION - The actions to be done after exiting the 
 543:Generated_Source\PSoC6\pdl\drivers/peripheral/syspm/cy_syspm.h **** *      low power mode.
 544:Generated_Source\PSoC6\pdl\drivers/peripheral/syspm/cy_syspm.h **** *    * CY_SYSPM_CHECK_FAIL - Roll back any actions performed in the callback 
 545:Generated_Source\PSoC6\pdl\drivers/peripheral/syspm/cy_syspm.h **** *      executed previously with CY_SYSPM_CHECK_READY.
 546:Generated_Source\PSoC6\pdl\drivers/peripheral/syspm/cy_syspm.h **** *
 547:Generated_Source\PSoC6\pdl\drivers/peripheral/syspm/cy_syspm.h **** * A callback function can skip steps (see \ref group_syspm_skip_callback_modes).
 548:Generated_Source\PSoC6\pdl\drivers/peripheral/syspm/cy_syspm.h **** * In our example myDeepSleep1 and myDeepSleep2 callbacks do nothing while 
 549:Generated_Source\PSoC6\pdl\drivers/peripheral/syspm/cy_syspm.h **** * entering the low power mode (skip on CY_SYSPM_BEFORE_TRANSITION). If there is
 550:Generated_Source\PSoC6\pdl\drivers/peripheral/syspm/cy_syspm.h **** * anything preventing low power mode entry - return CY_SYSPM_FAIL in response to
 551:Generated_Source\PSoC6\pdl\drivers/peripheral/syspm/cy_syspm.h **** * CY_SYSPM_CHECK_READY in your callback implementation. Note that the callback 
 552:Generated_Source\PSoC6\pdl\drivers/peripheral/syspm/cy_syspm.h **** * should return CY_SYSPM_FAIL only in response to CY_SYSPM_CHECK_READY. The 
 553:Generated_Source\PSoC6\pdl\drivers/peripheral/syspm/cy_syspm.h **** * callback function should always return CY_SYSPM_PASS for other modes: 
 554:Generated_Source\PSoC6\pdl\drivers/peripheral/syspm/cy_syspm.h **** * CY_SYSPM_CHECK_FAIL, CY_SYSPM_BEFORE_TRANSITION, and CY_SYSPM_AFTER_TRANSITION
 555:Generated_Source\PSoC6\pdl\drivers/peripheral/syspm/cy_syspm.h **** * (see \ref group_syspm_cb_flow).
 556:Generated_Source\PSoC6\pdl\drivers/peripheral/syspm/cy_syspm.h **** * 
 557:Generated_Source\PSoC6\pdl\drivers/peripheral/syspm/cy_syspm.h **** * \subsubsection group_syspm_cb_flow Callbacks Execution Flow
 558:Generated_Source\PSoC6\pdl\drivers/peripheral/syspm/cy_syspm.h **** *
 559:Generated_Source\PSoC6\pdl\drivers/peripheral/syspm/cy_syspm.h **** * This section explains what happens during a power transition, when callbacks 
 560:Generated_Source\PSoC6\pdl\drivers/peripheral/syspm/cy_syspm.h **** * are implemented and set up correctly. The following discussion assumes:
 561:Generated_Source\PSoC6\pdl\drivers/peripheral/syspm/cy_syspm.h **** * * All required callback functions are defined and implemented
 562:Generated_Source\PSoC6\pdl\drivers/peripheral/syspm/cy_syspm.h **** * * All cy_stc_syspm_callback_t structures are filled with required values
 563:Generated_Source\PSoC6\pdl\drivers/peripheral/syspm/cy_syspm.h **** * * All callbacks are successfully registered 
 564:Generated_Source\PSoC6\pdl\drivers/peripheral/syspm/cy_syspm.h **** *
 565:Generated_Source\PSoC6\pdl\drivers/peripheral/syspm/cy_syspm.h **** * User calls one of the power mode transition functions: \ref Cy_SysPm_CpuEnterSleep(), 
 566:Generated_Source\PSoC6\pdl\drivers/peripheral/syspm/cy_syspm.h **** * \ref Cy_SysPm_CpuEnterDeepSleep(), \ref Cy_SysPm_SystemEnterUlp(), 
 567:Generated_Source\PSoC6\pdl\drivers/peripheral/syspm/cy_syspm.h **** * \ref Cy_SysPm_SystemEnterLp(), or \ref Cy_SysPm_SystemEnterHibernate(). 
 568:Generated_Source\PSoC6\pdl\drivers/peripheral/syspm/cy_syspm.h **** * It calls each callback with the mode set to CY_SYSPM_CHECK_READY. This 
 569:Generated_Source\PSoC6\pdl\drivers/peripheral/syspm/cy_syspm.h **** * triggers execution of the code for that mode inside of each user callback.
 570:Generated_Source\PSoC6\pdl\drivers/peripheral/syspm/cy_syspm.h **** * 
 571:Generated_Source\PSoC6\pdl\drivers/peripheral/syspm/cy_syspm.h **** * The intent of CY_SYSPM_CHECK_READY is to only signal if the resources is ready
 572:Generated_Source\PSoC6\pdl\drivers/peripheral/syspm/cy_syspm.h **** * to transition. Ideally, no transition changes should be made at this time. 
 573:Generated_Source\PSoC6\pdl\drivers/peripheral/syspm/cy_syspm.h **** * In some cases a small change may be required. For example a communication 
 574:Generated_Source\PSoC6\pdl\drivers/peripheral/syspm/cy_syspm.h **** * resource callback may set a flag telling firmware not to start any new 
 575:Generated_Source\PSoC6\pdl\drivers/peripheral/syspm/cy_syspm.h **** * transition.
 576:Generated_Source\PSoC6\pdl\drivers/peripheral/syspm/cy_syspm.h **** 
 577:Generated_Source\PSoC6\pdl\drivers/peripheral/syspm/cy_syspm.h **** * If that process is successful for all callbacks, then 
 578:Generated_Source\PSoC6\pdl\drivers/peripheral/syspm/cy_syspm.h **** * \ref Cy_SysPm_ExecuteCallback() calls each callback with the mode set to 
 579:Generated_Source\PSoC6\pdl\drivers/peripheral/syspm/cy_syspm.h **** * CY_SYSPM_BEFORE_TRANSITION. This triggers execution of the code for that mode 
 580:Generated_Source\PSoC6\pdl\drivers/peripheral/syspm/cy_syspm.h **** * inside each user callback. We then enter the low power mode after all callback
 581:Generated_Source\PSoC6\pdl\drivers/peripheral/syspm/cy_syspm.h **** * are executes.
 582:Generated_Source\PSoC6\pdl\drivers/peripheral/syspm/cy_syspm.h **** * 
 583:Generated_Source\PSoC6\pdl\drivers/peripheral/syspm/cy_syspm.h **** * When exiting the low power mode, the SysPm driver executes 
 584:Generated_Source\PSoC6\pdl\drivers/peripheral/syspm/cy_syspm.h **** * \ref Cy_SysPm_ExecuteCallback() again. This time it calls each callback in 
 585:Generated_Source\PSoC6\pdl\drivers/peripheral/syspm/cy_syspm.h **** * reverse order, with the mode set to CY_SYSPM_AFTER_TRANSITION. This triggers 
 586:Generated_Source\PSoC6\pdl\drivers/peripheral/syspm/cy_syspm.h **** * execution of the code for that mode inside each user callback. The final 
 587:Generated_Source\PSoC6\pdl\drivers/peripheral/syspm/cy_syspm.h **** * execution of callbacks depends on the low power mode in which callbacks were 
 588:Generated_Source\PSoC6\pdl\drivers/peripheral/syspm/cy_syspm.h **** * called:
 589:Generated_Source\PSoC6\pdl\drivers/peripheral/syspm/cy_syspm.h **** * * For CPU Sleep or Deep Sleep power modes, the CY_SYSPM_AFTER_TRANSITION mode 
 590:Generated_Source\PSoC6\pdl\drivers/peripheral/syspm/cy_syspm.h **** *   is called after the CPU wakes from Sleep or Deep Sleep.
ARM GAS  C:\Users\Finik\AppData\Local\Temp\cctwKBtC.s 			page 73


 591:Generated_Source\PSoC6\pdl\drivers/peripheral/syspm/cy_syspm.h **** * * For system Hibernate, the CY_SYSPM_AFTER_TRANSITION mode is not executed 
 592:Generated_Source\PSoC6\pdl\drivers/peripheral/syspm/cy_syspm.h **** *   because the device reboots after the wakeup from the Hibernate.
 593:Generated_Source\PSoC6\pdl\drivers/peripheral/syspm/cy_syspm.h **** * * For system LP and ULP modes, after the CY_SYSPM_AFTER_TRANSITION mode was 
 594:Generated_Source\PSoC6\pdl\drivers/peripheral/syspm/cy_syspm.h **** *   called the system remains in the new power mode: LP or ULP.
 595:Generated_Source\PSoC6\pdl\drivers/peripheral/syspm/cy_syspm.h **** * 
 596:Generated_Source\PSoC6\pdl\drivers/peripheral/syspm/cy_syspm.h **** * A callback can return CY_SYSPM_FAIL only while executing the 
 597:Generated_Source\PSoC6\pdl\drivers/peripheral/syspm/cy_syspm.h **** * CY_SYSPM_CHECK_READY mode. If that happens, then the remaining callbacks are 
 598:Generated_Source\PSoC6\pdl\drivers/peripheral/syspm/cy_syspm.h **** * not executed. Any callbacks that have already executed are called again, in 
 599:Generated_Source\PSoC6\pdl\drivers/peripheral/syspm/cy_syspm.h **** * reverse order, with CY_SYSPM_CHECK_FAIL. This allows the system to return to 
 600:Generated_Source\PSoC6\pdl\drivers/peripheral/syspm/cy_syspm.h **** * the previous state. If a callback returns a fail then any of the functions 
 601:Generated_Source\PSoC6\pdl\drivers/peripheral/syspm/cy_syspm.h **** * (\ref Cy_SysPm_CpuEnterSleep(), \ref Cy_SysPm_CpuEnterDeepSleep(), 
 602:Generated_Source\PSoC6\pdl\drivers/peripheral/syspm/cy_syspm.h **** * \ref Cy_SysPm_SystemEnterUlp(), \ref Cy_SysPm_SystemEnterLp(), or 
 603:Generated_Source\PSoC6\pdl\drivers/peripheral/syspm/cy_syspm.h **** * \ref Cy_SysPm_SystemEnterHibernate()) that attempt to switch the device into 
 604:Generated_Source\PSoC6\pdl\drivers/peripheral/syspm/cy_syspm.h **** * a low power mode will also return CY_SYSPM_FAIL.
 605:Generated_Source\PSoC6\pdl\drivers/peripheral/syspm/cy_syspm.h **** *
 606:Generated_Source\PSoC6\pdl\drivers/peripheral/syspm/cy_syspm.h **** * Callbacks that reconfigure global resources, such as clock frequencies, 
 607:Generated_Source\PSoC6\pdl\drivers/peripheral/syspm/cy_syspm.h **** * should be registered last. They then modify global resources as the final 
 608:Generated_Source\PSoC6\pdl\drivers/peripheral/syspm/cy_syspm.h **** * step before entering the low power mode, and restore those resources first, 
 609:Generated_Source\PSoC6\pdl\drivers/peripheral/syspm/cy_syspm.h **** * as the system returns from low power mode.
 610:Generated_Source\PSoC6\pdl\drivers/peripheral/syspm/cy_syspm.h **** *
 611:Generated_Source\PSoC6\pdl\drivers/peripheral/syspm/cy_syspm.h **** * \subsubsection group_syspm_cb_unregistering Callback Unregistering
 612:Generated_Source\PSoC6\pdl\drivers/peripheral/syspm/cy_syspm.h **** *
 613:Generated_Source\PSoC6\pdl\drivers/peripheral/syspm/cy_syspm.h **** * Unregistering the callback might be useful when you need to dynamically manage
 614:Generated_Source\PSoC6\pdl\drivers/peripheral/syspm/cy_syspm.h **** * the callbacks.
 615:Generated_Source\PSoC6\pdl\drivers/peripheral/syspm/cy_syspm.h **** *
 616:Generated_Source\PSoC6\pdl\drivers/peripheral/syspm/cy_syspm.h **** * \snippet syspm/4.0/snippet/main.c snippet_Cy_SysPm_UnregisterCallback
 617:Generated_Source\PSoC6\pdl\drivers/peripheral/syspm/cy_syspm.h **** * The callback structures after myDeepSleep2 callback is unregistered:
 618:Generated_Source\PSoC6\pdl\drivers/peripheral/syspm/cy_syspm.h **** * \image html syspm_2_10_unregistration.png
 619:Generated_Source\PSoC6\pdl\drivers/peripheral/syspm/cy_syspm.h **** *
 620:Generated_Source\PSoC6\pdl\drivers/peripheral/syspm/cy_syspm.h **** * \section group_syspm_definitions Definitions
 621:Generated_Source\PSoC6\pdl\drivers/peripheral/syspm/cy_syspm.h **** *
 622:Generated_Source\PSoC6\pdl\drivers/peripheral/syspm/cy_syspm.h **** * <table class="doxtable">
 623:Generated_Source\PSoC6\pdl\drivers/peripheral/syspm/cy_syspm.h **** *   <tr>
 624:Generated_Source\PSoC6\pdl\drivers/peripheral/syspm/cy_syspm.h **** *     <th>Term</th>
 625:Generated_Source\PSoC6\pdl\drivers/peripheral/syspm/cy_syspm.h **** *     <th>Definition</th>
 626:Generated_Source\PSoC6\pdl\drivers/peripheral/syspm/cy_syspm.h **** *   </tr>
 627:Generated_Source\PSoC6\pdl\drivers/peripheral/syspm/cy_syspm.h **** *
 628:Generated_Source\PSoC6\pdl\drivers/peripheral/syspm/cy_syspm.h **** *   <tr>
 629:Generated_Source\PSoC6\pdl\drivers/peripheral/syspm/cy_syspm.h **** *     <td>LDO</td>
 630:Generated_Source\PSoC6\pdl\drivers/peripheral/syspm/cy_syspm.h **** *     <td>Low dropout linear regulator. The functions that manage this 
 631:Generated_Source\PSoC6\pdl\drivers/peripheral/syspm/cy_syspm.h **** *         block are grouped as \ref group_syspm_functions_ldo under 
 632:Generated_Source\PSoC6\pdl\drivers/peripheral/syspm/cy_syspm.h **** *         \ref group_syspm_functions_core_regulators</td>
 633:Generated_Source\PSoC6\pdl\drivers/peripheral/syspm/cy_syspm.h **** *   </tr>
 634:Generated_Source\PSoC6\pdl\drivers/peripheral/syspm/cy_syspm.h **** *
 635:Generated_Source\PSoC6\pdl\drivers/peripheral/syspm/cy_syspm.h **** *   <tr>
 636:Generated_Source\PSoC6\pdl\drivers/peripheral/syspm/cy_syspm.h **** *     <td>SIMO Buck</td>
 637:Generated_Source\PSoC6\pdl\drivers/peripheral/syspm/cy_syspm.h **** *     <td>Single inductor multiple Output Buck regulator, referred as 
 638:Generated_Source\PSoC6\pdl\drivers/peripheral/syspm/cy_syspm.h **** *         "Buck regulator" throughout the documentation. The functions that 
 639:Generated_Source\PSoC6\pdl\drivers/peripheral/syspm/cy_syspm.h **** *         manage this block are grouped as \ref group_syspm_functions_buck under
 640:Generated_Source\PSoC6\pdl\drivers/peripheral/syspm/cy_syspm.h **** *         \ref group_syspm_functions_core_regulators</td>
 641:Generated_Source\PSoC6\pdl\drivers/peripheral/syspm/cy_syspm.h **** *   </tr>
 642:Generated_Source\PSoC6\pdl\drivers/peripheral/syspm/cy_syspm.h **** *
 643:Generated_Source\PSoC6\pdl\drivers/peripheral/syspm/cy_syspm.h **** *   <tr>
 644:Generated_Source\PSoC6\pdl\drivers/peripheral/syspm/cy_syspm.h **** *     <td>SISO Buck</td>
 645:Generated_Source\PSoC6\pdl\drivers/peripheral/syspm/cy_syspm.h **** *     <td>Single inductor single output Buck regulator, referred as 
 646:Generated_Source\PSoC6\pdl\drivers/peripheral/syspm/cy_syspm.h **** *         "Buck regulator" throughout the documentation. The functions that 
 647:Generated_Source\PSoC6\pdl\drivers/peripheral/syspm/cy_syspm.h **** *         manage this block are grouped as \ref group_syspm_functions_buck under
ARM GAS  C:\Users\Finik\AppData\Local\Temp\cctwKBtC.s 			page 74


 648:Generated_Source\PSoC6\pdl\drivers/peripheral/syspm/cy_syspm.h **** *         \ref group_syspm_functions_core_regulators</td>
 649:Generated_Source\PSoC6\pdl\drivers/peripheral/syspm/cy_syspm.h **** *   </tr>
 650:Generated_Source\PSoC6\pdl\drivers/peripheral/syspm/cy_syspm.h **** 
 651:Generated_Source\PSoC6\pdl\drivers/peripheral/syspm/cy_syspm.h **** *   <tr>
 652:Generated_Source\PSoC6\pdl\drivers/peripheral/syspm/cy_syspm.h **** *     <td>PMIC</td>
 653:Generated_Source\PSoC6\pdl\drivers/peripheral/syspm/cy_syspm.h **** *     <td>Power management integrated circuit. The functions that manage this 
 654:Generated_Source\PSoC6\pdl\drivers/peripheral/syspm/cy_syspm.h **** *         block are grouped as \ref group_syspm_functions_pmic</td>
 655:Generated_Source\PSoC6\pdl\drivers/peripheral/syspm/cy_syspm.h **** *   </tr>
 656:Generated_Source\PSoC6\pdl\drivers/peripheral/syspm/cy_syspm.h **** *
 657:Generated_Source\PSoC6\pdl\drivers/peripheral/syspm/cy_syspm.h **** *   <tr>
 658:Generated_Source\PSoC6\pdl\drivers/peripheral/syspm/cy_syspm.h **** *     <td>LP</td>
 659:Generated_Source\PSoC6\pdl\drivers/peripheral/syspm/cy_syspm.h **** *     <td>System low power mode. See the \ref group_syspm_switching_into_lp 
 660:Generated_Source\PSoC6\pdl\drivers/peripheral/syspm/cy_syspm.h **** *         section for details.</td>
 661:Generated_Source\PSoC6\pdl\drivers/peripheral/syspm/cy_syspm.h **** *   </tr>
 662:Generated_Source\PSoC6\pdl\drivers/peripheral/syspm/cy_syspm.h **** *
 663:Generated_Source\PSoC6\pdl\drivers/peripheral/syspm/cy_syspm.h **** *   <tr>
 664:Generated_Source\PSoC6\pdl\drivers/peripheral/syspm/cy_syspm.h **** *     <td>ULP</td>
 665:Generated_Source\PSoC6\pdl\drivers/peripheral/syspm/cy_syspm.h **** *     <td>System ultra low power mode. See the 
 666:Generated_Source\PSoC6\pdl\drivers/peripheral/syspm/cy_syspm.h **** *         \ref group_syspm_switching_into_ulp section for details.</td>
 667:Generated_Source\PSoC6\pdl\drivers/peripheral/syspm/cy_syspm.h **** *   </tr>
 668:Generated_Source\PSoC6\pdl\drivers/peripheral/syspm/cy_syspm.h **** * </table>
 669:Generated_Source\PSoC6\pdl\drivers/peripheral/syspm/cy_syspm.h **** *
 670:Generated_Source\PSoC6\pdl\drivers/peripheral/syspm/cy_syspm.h **** * \section group_syspm_section_more_information More Information
 671:Generated_Source\PSoC6\pdl\drivers/peripheral/syspm/cy_syspm.h **** * For more information on the SysPm driver,
 672:Generated_Source\PSoC6\pdl\drivers/peripheral/syspm/cy_syspm.h **** * refer to the technical reference manual (TRM).
 673:Generated_Source\PSoC6\pdl\drivers/peripheral/syspm/cy_syspm.h **** *
 674:Generated_Source\PSoC6\pdl\drivers/peripheral/syspm/cy_syspm.h **** * \section group_syspm_MISRA MISRA-C Compliance
 675:Generated_Source\PSoC6\pdl\drivers/peripheral/syspm/cy_syspm.h **** * The SysPm driver does not have any specific deviations.
 676:Generated_Source\PSoC6\pdl\drivers/peripheral/syspm/cy_syspm.h **** *
 677:Generated_Source\PSoC6\pdl\drivers/peripheral/syspm/cy_syspm.h **** * \section group_syspm_changelog Changelog
 678:Generated_Source\PSoC6\pdl\drivers/peripheral/syspm/cy_syspm.h **** * <table class="doxtable">
 679:Generated_Source\PSoC6\pdl\drivers/peripheral/syspm/cy_syspm.h **** *   <tr><th>Version</th><th>Changes</th><th>Reason for Change</th></tr>
 680:Generated_Source\PSoC6\pdl\drivers/peripheral/syspm/cy_syspm.h **** *   <tr>
 681:Generated_Source\PSoC6\pdl\drivers/peripheral/syspm/cy_syspm.h **** *     <td rowspan="6">4.0</td>
 682:Generated_Source\PSoC6\pdl\drivers/peripheral/syspm/cy_syspm.h **** *     <td>
 683:Generated_Source\PSoC6\pdl\drivers/peripheral/syspm/cy_syspm.h **** *          Flattened the organization of the driver source code into the single source directory an
 684:Generated_Source\PSoC6\pdl\drivers/peripheral/syspm/cy_syspm.h **** *     </td>
 685:Generated_Source\PSoC6\pdl\drivers/peripheral/syspm/cy_syspm.h **** *     <td>Driver library directory-structure simplification.</td>
 686:Generated_Source\PSoC6\pdl\drivers/peripheral/syspm/cy_syspm.h **** *   </tr>
 687:Generated_Source\PSoC6\pdl\drivers/peripheral/syspm/cy_syspm.h **** *   <tr>
 688:Generated_Source\PSoC6\pdl\drivers/peripheral/syspm/cy_syspm.h **** *     <td>
 689:Generated_Source\PSoC6\pdl\drivers/peripheral/syspm/cy_syspm.h **** *          Changed power modes names. See \ref group_syspm_system_power_modes.
 690:Generated_Source\PSoC6\pdl\drivers/peripheral/syspm/cy_syspm.h **** * 
 691:Generated_Source\PSoC6\pdl\drivers/peripheral/syspm/cy_syspm.h **** *          Renamed the following functions: 
 692:Generated_Source\PSoC6\pdl\drivers/peripheral/syspm/cy_syspm.h **** *           - Cy_SysPm_Sleep to Cy_SysPm_CpuEnterSleep
 693:Generated_Source\PSoC6\pdl\drivers/peripheral/syspm/cy_syspm.h **** *           - Cy_SysPm_DeepSleep to Cy_SysPm_CpuEnterDeepSleep
 694:Generated_Source\PSoC6\pdl\drivers/peripheral/syspm/cy_syspm.h **** *           - Cy_SysPm_Hibernate to Cy_SysPm_SystemEnterHibernate
 695:Generated_Source\PSoC6\pdl\drivers/peripheral/syspm/cy_syspm.h **** *           - Cy_SysPm_SleepOnExit to Cy_SysPm_CpuSleepOnExit
 696:Generated_Source\PSoC6\pdl\drivers/peripheral/syspm/cy_syspm.h **** *           - Cy_SysPm_EnterLowPowerMode to Cy_SysPm_SystemSetMinRegulatorCurrent
 697:Generated_Source\PSoC6\pdl\drivers/peripheral/syspm/cy_syspm.h **** *           - Cy_SysPm_ExitLowPowerMode to Cy_SysPm_SystemSetNormalRegulatorCurrent
 698:Generated_Source\PSoC6\pdl\drivers/peripheral/syspm/cy_syspm.h **** *           - Cy_SysPm_IsLowPower to Cy_SysPm_IsSystemUlp
 699:Generated_Source\PSoC6\pdl\drivers/peripheral/syspm/cy_syspm.h **** *
 700:Generated_Source\PSoC6\pdl\drivers/peripheral/syspm/cy_syspm.h **** *          For all renamed functions, added BWC macros to simplify migration.
 701:Generated_Source\PSoC6\pdl\drivers/peripheral/syspm/cy_syspm.h **** *     </td>
 702:Generated_Source\PSoC6\pdl\drivers/peripheral/syspm/cy_syspm.h **** *     <td>Device power modes simplification</td>
 703:Generated_Source\PSoC6\pdl\drivers/peripheral/syspm/cy_syspm.h **** *   </tr>
 704:Generated_Source\PSoC6\pdl\drivers/peripheral/syspm/cy_syspm.h **** *   <tr>
ARM GAS  C:\Users\Finik\AppData\Local\Temp\cctwKBtC.s 			page 75


 705:Generated_Source\PSoC6\pdl\drivers/peripheral/syspm/cy_syspm.h **** *     <td>
 706:Generated_Source\PSoC6\pdl\drivers/peripheral/syspm/cy_syspm.h **** *         Added the following functions:
 707:Generated_Source\PSoC6\pdl\drivers/peripheral/syspm/cy_syspm.h **** *          - Cy_SysPm_LdoSetMode
 708:Generated_Source\PSoC6\pdl\drivers/peripheral/syspm/cy_syspm.h **** *          - Cy_SysPm_LdoGetMode
 709:Generated_Source\PSoC6\pdl\drivers/peripheral/syspm/cy_syspm.h **** *          - Cy_SysPm_WriteVoltageBitForFlash
 710:Generated_Source\PSoC6\pdl\drivers/peripheral/syspm/cy_syspm.h **** *          - Cy_SysPm_SaveRegisters
 711:Generated_Source\PSoC6\pdl\drivers/peripheral/syspm/cy_syspm.h **** *          - Cy_SysPm_RestoreRegisters
 712:Generated_Source\PSoC6\pdl\drivers/peripheral/syspm/cy_syspm.h **** *          - Cy_SysPm_CpuSendWakeupEvent
 713:Generated_Source\PSoC6\pdl\drivers/peripheral/syspm/cy_syspm.h **** *          - Cy_SysPm_SystemIsMinRegulatorCurrentSet
 714:Generated_Source\PSoC6\pdl\drivers/peripheral/syspm/cy_syspm.h **** *          - Cy_SysPm_SystemEnterLp
 715:Generated_Source\PSoC6\pdl\drivers/peripheral/syspm/cy_syspm.h **** *          - Cy_SysPm_SystemEnterUlp
 716:Generated_Source\PSoC6\pdl\drivers/peripheral/syspm/cy_syspm.h **** *          - Cy_SysPm_IsSystemLp
 717:Generated_Source\PSoC6\pdl\drivers/peripheral/syspm/cy_syspm.h **** *     </td>
 718:Generated_Source\PSoC6\pdl\drivers/peripheral/syspm/cy_syspm.h **** *     <td>Added new functionality to configure device power modes</td>
 719:Generated_Source\PSoC6\pdl\drivers/peripheral/syspm/cy_syspm.h **** *   </tr>
 720:Generated_Source\PSoC6\pdl\drivers/peripheral/syspm/cy_syspm.h **** *   <tr>
 721:Generated_Source\PSoC6\pdl\drivers/peripheral/syspm/cy_syspm.h **** *     <td> 
 722:Generated_Source\PSoC6\pdl\drivers/peripheral/syspm/cy_syspm.h **** *          Callback mechanism changes:
 723:Generated_Source\PSoC6\pdl\drivers/peripheral/syspm/cy_syspm.h **** *          - Removed the limitation for numbers of registered callbacks. Previously it 
 724:Generated_Source\PSoC6\pdl\drivers/peripheral/syspm/cy_syspm.h **** *            was possible to register up to 32 callbacks. Now the maximum registered 
 725:Generated_Source\PSoC6\pdl\drivers/peripheral/syspm/cy_syspm.h **** *            callbacks is not limited by the SysPm driver.
 726:Generated_Source\PSoC6\pdl\drivers/peripheral/syspm/cy_syspm.h **** *          - Internal enhancement in callback execution flow.
 727:Generated_Source\PSoC6\pdl\drivers/peripheral/syspm/cy_syspm.h **** *          - <b>Changes with BWC issues</b>:
 728:Generated_Source\PSoC6\pdl\drivers/peripheral/syspm/cy_syspm.h **** *            -# Removed the <b>mode</b> element from cy_stc_syspm_callback_params_t
 729:Generated_Source\PSoC6\pdl\drivers/peripheral/syspm/cy_syspm.h **** *               structure. Now this element is a separate parameter in the 
 730:Generated_Source\PSoC6\pdl\drivers/peripheral/syspm/cy_syspm.h **** *               callback function.
 731:Generated_Source\PSoC6\pdl\drivers/peripheral/syspm/cy_syspm.h **** *            -# Changed the interface of the callback function, 
 732:Generated_Source\PSoC6\pdl\drivers/peripheral/syspm/cy_syspm.h **** *               added the cy_en_syspm_callback_mode_t mode parameter:
 733:Generated_Source\PSoC6\pdl\drivers/peripheral/syspm/cy_syspm.h **** *               - was cy_en_syspm_status_t FuncName (cy_stc_syspm_callback_params_t *callbackParams
 734:Generated_Source\PSoC6\pdl\drivers/peripheral/syspm/cy_syspm.h **** *               - now cy_en_syspm_status_t FuncName (cy_stc_syspm_callback_params_t *callbackParams
 735:Generated_Source\PSoC6\pdl\drivers/peripheral/syspm/cy_syspm.h **** *                 cy_en_syspm_callback_mode_t mode);
 736:Generated_Source\PSoC6\pdl\drivers/peripheral/syspm/cy_syspm.h **** *     </td>
 737:Generated_Source\PSoC6\pdl\drivers/peripheral/syspm/cy_syspm.h **** *     <td>Callback mechanism enhancements</td>
 738:Generated_Source\PSoC6\pdl\drivers/peripheral/syspm/cy_syspm.h **** *   </tr>
 739:Generated_Source\PSoC6\pdl\drivers/peripheral/syspm/cy_syspm.h **** *   <tr>
 740:Generated_Source\PSoC6\pdl\drivers/peripheral/syspm/cy_syspm.h **** *     <td>Added register access layer. Use register access macros instead
 741:Generated_Source\PSoC6\pdl\drivers/peripheral/syspm/cy_syspm.h **** *         of direct register access using dereferenced pointers.</td>
 742:Generated_Source\PSoC6\pdl\drivers/peripheral/syspm/cy_syspm.h **** *     <td>Makes register access device-independent, so that the PDL does 
 743:Generated_Source\PSoC6\pdl\drivers/peripheral/syspm/cy_syspm.h **** *         not need to be recompiled for each supported part number.</td>
 744:Generated_Source\PSoC6\pdl\drivers/peripheral/syspm/cy_syspm.h **** *   </tr>
 745:Generated_Source\PSoC6\pdl\drivers/peripheral/syspm/cy_syspm.h **** *   <tr>
 746:Generated_Source\PSoC6\pdl\drivers/peripheral/syspm/cy_syspm.h **** *     <td>Added \ref group_syspm_migration_guide_for_syspm_4_0.</td>
 747:Generated_Source\PSoC6\pdl\drivers/peripheral/syspm/cy_syspm.h **** *     <td>Provided a guidance for migrating to the latest SysPm driver version</td>
 748:Generated_Source\PSoC6\pdl\drivers/peripheral/syspm/cy_syspm.h **** *   </tr>
 749:Generated_Source\PSoC6\pdl\drivers/peripheral/syspm/cy_syspm.h **** *   <tr>
 750:Generated_Source\PSoC6\pdl\drivers/peripheral/syspm/cy_syspm.h **** *     <td rowspan="2">3.0</td>
 751:Generated_Source\PSoC6\pdl\drivers/peripheral/syspm/cy_syspm.h **** *     <td>Removed three functions:
 752:Generated_Source\PSoC6\pdl\drivers/peripheral/syspm/cy_syspm.h **** *          - Cy_SysPm_Cm4IsLowPower
 753:Generated_Source\PSoC6\pdl\drivers/peripheral/syspm/cy_syspm.h **** *          - Cy_SysPm_Cm0IsLowPower
 754:Generated_Source\PSoC6\pdl\drivers/peripheral/syspm/cy_syspm.h **** *          - Cy_SysPm_IoFreeze
 755:Generated_Source\PSoC6\pdl\drivers/peripheral/syspm/cy_syspm.h **** *
 756:Generated_Source\PSoC6\pdl\drivers/peripheral/syspm/cy_syspm.h **** *         Removed the following macros:
 757:Generated_Source\PSoC6\pdl\drivers/peripheral/syspm/cy_syspm.h **** *          - CY_SYSPM_STATUS_CM0_LOWPOWER
 758:Generated_Source\PSoC6\pdl\drivers/peripheral/syspm/cy_syspm.h **** *          - CY_SYSPM_STATUS_CM4_LOWPOWER
 759:Generated_Source\PSoC6\pdl\drivers/peripheral/syspm/cy_syspm.h **** *     </td>
 760:Generated_Source\PSoC6\pdl\drivers/peripheral/syspm/cy_syspm.h **** *     <td>
 761:Generated_Source\PSoC6\pdl\drivers/peripheral/syspm/cy_syspm.h **** *         Removed the two functions Cy_SysPm_Cm4IsLowPower, 
ARM GAS  C:\Users\Finik\AppData\Local\Temp\cctwKBtC.s 			page 76


 762:Generated_Source\PSoC6\pdl\drivers/peripheral/syspm/cy_syspm.h **** *         Cy_SysPm_Cm0IsLowPower because low power mode is related to the 
 763:Generated_Source\PSoC6\pdl\drivers/peripheral/syspm/cy_syspm.h **** *         device and not to the CPU.
 764:Generated_Source\PSoC6\pdl\drivers/peripheral/syspm/cy_syspm.h **** *         The function Cy_SysPm_IsSystemUlp must be used instead of these two 
 765:Generated_Source\PSoC6\pdl\drivers/peripheral/syspm/cy_syspm.h **** *         functions.
 766:Generated_Source\PSoC6\pdl\drivers/peripheral/syspm/cy_syspm.h **** *
 767:Generated_Source\PSoC6\pdl\drivers/peripheral/syspm/cy_syspm.h **** *         Removed Cy_SysPm_IoFreeze because the are no known use cases with IOs 
 768:Generated_Source\PSoC6\pdl\drivers/peripheral/syspm/cy_syspm.h **** *         freeze in power modes, except Hibernate. In Hibernate power mode, the
 769:Generated_Source\PSoC6\pdl\drivers/peripheral/syspm/cy_syspm.h **** *         IOs are frozen automatically.
 770:Generated_Source\PSoC6\pdl\drivers/peripheral/syspm/cy_syspm.h **** *     </td>
 771:Generated_Source\PSoC6\pdl\drivers/peripheral/syspm/cy_syspm.h **** *   </tr>
 772:Generated_Source\PSoC6\pdl\drivers/peripheral/syspm/cy_syspm.h **** *   <tr>
 773:Generated_Source\PSoC6\pdl\drivers/peripheral/syspm/cy_syspm.h **** *     <td>
 774:Generated_Source\PSoC6\pdl\drivers/peripheral/syspm/cy_syspm.h **** *         Corrected the syspm callback mechanism behavior. Now callbacks with 
 775:Generated_Source\PSoC6\pdl\drivers/peripheral/syspm/cy_syspm.h **** *         CY_SYSPM_AFTER_TRANSITION mode are executed from the last registered
 776:Generated_Source\PSoC6\pdl\drivers/peripheral/syspm/cy_syspm.h **** *         to the first registered. Previously callbacks with 
 777:Generated_Source\PSoC6\pdl\drivers/peripheral/syspm/cy_syspm.h **** *         CY_SYSPM_AFTER_TRANSITION mode were executed from last executed to 
 778:Generated_Source\PSoC6\pdl\drivers/peripheral/syspm/cy_syspm.h **** *         the first registered.
 779:Generated_Source\PSoC6\pdl\drivers/peripheral/syspm/cy_syspm.h **** *     </td>
 780:Generated_Source\PSoC6\pdl\drivers/peripheral/syspm/cy_syspm.h **** *     <td>Corrected the syspm callbacks execution sequence</td>
 781:Generated_Source\PSoC6\pdl\drivers/peripheral/syspm/cy_syspm.h **** *   </tr>
 782:Generated_Source\PSoC6\pdl\drivers/peripheral/syspm/cy_syspm.h **** *   <tr>
 783:Generated_Source\PSoC6\pdl\drivers/peripheral/syspm/cy_syspm.h **** *     <td>2.21</td>
 784:Generated_Source\PSoC6\pdl\drivers/peripheral/syspm/cy_syspm.h **** *     <td>Removed saving/restoring the SysClk measurement counters while 
 785:Generated_Source\PSoC6\pdl\drivers/peripheral/syspm/cy_syspm.h **** *         in Deep Sleep routine
 786:Generated_Source\PSoC6\pdl\drivers/peripheral/syspm/cy_syspm.h **** *     </td>
 787:Generated_Source\PSoC6\pdl\drivers/peripheral/syspm/cy_syspm.h **** *     <td>Removed possible corruption of SysClk measurement counters if the 
 788:Generated_Source\PSoC6\pdl\drivers/peripheral/syspm/cy_syspm.h **** *         core wakes up from the Deep Sleep.
 789:Generated_Source\PSoC6\pdl\drivers/peripheral/syspm/cy_syspm.h **** *     </td>
 790:Generated_Source\PSoC6\pdl\drivers/peripheral/syspm/cy_syspm.h **** *   </tr>
 791:Generated_Source\PSoC6\pdl\drivers/peripheral/syspm/cy_syspm.h **** *   <tr>
 792:Generated_Source\PSoC6\pdl\drivers/peripheral/syspm/cy_syspm.h **** *     <td>2.20</td>
 793:Generated_Source\PSoC6\pdl\drivers/peripheral/syspm/cy_syspm.h **** *     <td> \n
 794:Generated_Source\PSoC6\pdl\drivers/peripheral/syspm/cy_syspm.h **** *          * Added support for changing core voltage when the protection context
 795:Generated_Source\PSoC6\pdl\drivers/peripheral/syspm/cy_syspm.h **** *            is other that zero. Such support is available only for devices 
 796:Generated_Source\PSoC6\pdl\drivers/peripheral/syspm/cy_syspm.h **** *            that support modifying registers via syscall.
 797:Generated_Source\PSoC6\pdl\drivers/peripheral/syspm/cy_syspm.h **** *
 798:Generated_Source\PSoC6\pdl\drivers/peripheral/syspm/cy_syspm.h **** *          * For preproduction PSoC 6 devices the changing core voltage
 799:Generated_Source\PSoC6\pdl\drivers/peripheral/syspm/cy_syspm.h **** *            is prohibited when the protection context is other than zero.
 800:Generated_Source\PSoC6\pdl\drivers/peripheral/syspm/cy_syspm.h **** *
 801:Generated_Source\PSoC6\pdl\drivers/peripheral/syspm/cy_syspm.h **** *          * Updated the following functions. They now have a 
 802:Generated_Source\PSoC6\pdl\drivers/peripheral/syspm/cy_syspm.h **** *            \ref cy_en_syspm_status_t return value and use a syscall:
 803:Generated_Source\PSoC6\pdl\drivers/peripheral/syspm/cy_syspm.h **** *            - Cy_SysPm_LdoSetVoltage
 804:Generated_Source\PSoC6\pdl\drivers/peripheral/syspm/cy_syspm.h **** *            - Cy_SysPm_BuckSetVoltage1
 805:Generated_Source\PSoC6\pdl\drivers/peripheral/syspm/cy_syspm.h **** *            - Cy_SysPm_BuckEnable
 806:Generated_Source\PSoC6\pdl\drivers/peripheral/syspm/cy_syspm.h **** *
 807:Generated_Source\PSoC6\pdl\drivers/peripheral/syspm/cy_syspm.h **** *            No backward compatibility issues.
 808:Generated_Source\PSoC6\pdl\drivers/peripheral/syspm/cy_syspm.h **** *
 809:Generated_Source\PSoC6\pdl\drivers/peripheral/syspm/cy_syspm.h **** *          * Added new CY_SYSPM_CANCELED element in 
 810:Generated_Source\PSoC6\pdl\drivers/peripheral/syspm/cy_syspm.h **** *            the \ref cy_en_syspm_status_t.
 811:Generated_Source\PSoC6\pdl\drivers/peripheral/syspm/cy_syspm.h **** *
 812:Generated_Source\PSoC6\pdl\drivers/peripheral/syspm/cy_syspm.h **** *          * Documentation updates.
 813:Generated_Source\PSoC6\pdl\drivers/peripheral/syspm/cy_syspm.h **** *
 814:Generated_Source\PSoC6\pdl\drivers/peripheral/syspm/cy_syspm.h **** *          * Added warning that
 815:Generated_Source\PSoC6\pdl\drivers/peripheral/syspm/cy_syspm.h **** *            Cy_SysPm_PmicDisable(CY_SYSPM_PMIC_POLARITY_LOW) is not 
 816:Generated_Source\PSoC6\pdl\drivers/peripheral/syspm/cy_syspm.h **** *            supported by hardware.
 817:Generated_Source\PSoC6\pdl\drivers/peripheral/syspm/cy_syspm.h **** *     </td>
 818:Generated_Source\PSoC6\pdl\drivers/peripheral/syspm/cy_syspm.h **** *     <td>Added support for changing the core voltage in protection context 
ARM GAS  C:\Users\Finik\AppData\Local\Temp\cctwKBtC.s 			page 77


 819:Generated_Source\PSoC6\pdl\drivers/peripheral/syspm/cy_syspm.h **** *         higher than zero (PC > 0).
 820:Generated_Source\PSoC6\pdl\drivers/peripheral/syspm/cy_syspm.h **** *
 821:Generated_Source\PSoC6\pdl\drivers/peripheral/syspm/cy_syspm.h **** *         Documentation update and clarification
 822:Generated_Source\PSoC6\pdl\drivers/peripheral/syspm/cy_syspm.h **** *     </td>
 823:Generated_Source\PSoC6\pdl\drivers/peripheral/syspm/cy_syspm.h **** *   </tr>
 824:Generated_Source\PSoC6\pdl\drivers/peripheral/syspm/cy_syspm.h **** *   <tr>
 825:Generated_Source\PSoC6\pdl\drivers/peripheral/syspm/cy_syspm.h **** *     <td>2.10</td>
 826:Generated_Source\PSoC6\pdl\drivers/peripheral/syspm/cy_syspm.h **** *     <td> \n
 827:Generated_Source\PSoC6\pdl\drivers/peripheral/syspm/cy_syspm.h **** *          * Changed names for all Backup, Buck-related functions, defines, 
 828:Generated_Source\PSoC6\pdl\drivers/peripheral/syspm/cy_syspm.h **** *            and enums
 829:Generated_Source\PSoC6\pdl\drivers/peripheral/syspm/cy_syspm.h **** *          * Changed next power mode function names:
 830:Generated_Source\PSoC6\pdl\drivers/peripheral/syspm/cy_syspm.h **** *            Cy_SysPm_EnterLowPowerMode
 831:Generated_Source\PSoC6\pdl\drivers/peripheral/syspm/cy_syspm.h **** *            Cy_SysPm_ExitLpMode
 832:Generated_Source\PSoC6\pdl\drivers/peripheral/syspm/cy_syspm.h **** *            Cy_SysPm_SetHibWakeupSource
 833:Generated_Source\PSoC6\pdl\drivers/peripheral/syspm/cy_syspm.h **** *            Cy_SysPm_ClearHibWakeupSource
 834:Generated_Source\PSoC6\pdl\drivers/peripheral/syspm/cy_syspm.h **** *            Cy_SysPm_GetIoFreezeStatus
 835:Generated_Source\PSoC6\pdl\drivers/peripheral/syspm/cy_syspm.h **** *          * Changed following enumeration names:
 836:Generated_Source\PSoC6\pdl\drivers/peripheral/syspm/cy_syspm.h **** *            cy_en_syspm_hib_wakeup_source_t
 837:Generated_Source\PSoC6\pdl\drivers/peripheral/syspm/cy_syspm.h **** *            cy_en_syspm_simo_buck_voltage1_t
 838:Generated_Source\PSoC6\pdl\drivers/peripheral/syspm/cy_syspm.h **** *            cy_en_syspm_simo_buck_voltage2_t
 839:Generated_Source\PSoC6\pdl\drivers/peripheral/syspm/cy_syspm.h **** *          * Updated Power Modes documentation section
 840:Generated_Source\PSoC6\pdl\drivers/peripheral/syspm/cy_syspm.h **** *          * Added Low Power Callback Managements section
 841:Generated_Source\PSoC6\pdl\drivers/peripheral/syspm/cy_syspm.h **** *          * Documentation edits 
 842:Generated_Source\PSoC6\pdl\drivers/peripheral/syspm/cy_syspm.h **** *     </td>
 843:Generated_Source\PSoC6\pdl\drivers/peripheral/syspm/cy_syspm.h **** *     <td> \n
 844:Generated_Source\PSoC6\pdl\drivers/peripheral/syspm/cy_syspm.h **** *          * Improvements made based on usability feedback
 845:Generated_Source\PSoC6\pdl\drivers/peripheral/syspm/cy_syspm.h **** *          * Documentation update and clarification
 846:Generated_Source\PSoC6\pdl\drivers/peripheral/syspm/cy_syspm.h **** *     </td>
 847:Generated_Source\PSoC6\pdl\drivers/peripheral/syspm/cy_syspm.h **** *   </tr>
 848:Generated_Source\PSoC6\pdl\drivers/peripheral/syspm/cy_syspm.h **** *   <tr>
 849:Generated_Source\PSoC6\pdl\drivers/peripheral/syspm/cy_syspm.h **** *     <td>2.0</td>
 850:Generated_Source\PSoC6\pdl\drivers/peripheral/syspm/cy_syspm.h **** *     <td>Enhancement and defect fixes:
 851:Generated_Source\PSoC6\pdl\drivers/peripheral/syspm/cy_syspm.h **** *         * Added input parameter(s) validation to all public functions
 852:Generated_Source\PSoC6\pdl\drivers/peripheral/syspm/cy_syspm.h **** *         * Removed "_SysPm_" prefixes from the internal functions names
 853:Generated_Source\PSoC6\pdl\drivers/peripheral/syspm/cy_syspm.h **** *         * Changed the type of elements with limited set of values, from 
 854:Generated_Source\PSoC6\pdl\drivers/peripheral/syspm/cy_syspm.h **** *           uint32_t to enumeration
 855:Generated_Source\PSoC6\pdl\drivers/peripheral/syspm/cy_syspm.h **** *         * Enhanced syspm callback mechanism
 856:Generated_Source\PSoC6\pdl\drivers/peripheral/syspm/cy_syspm.h **** *         * Added functions to control:
 857:Generated_Source\PSoC6\pdl\drivers/peripheral/syspm/cy_syspm.h **** *           * Power supply for the Vddbackup
 858:Generated_Source\PSoC6\pdl\drivers/peripheral/syspm/cy_syspm.h **** *           * Supercapacitor charge
 859:Generated_Source\PSoC6\pdl\drivers/peripheral/syspm/cy_syspm.h **** *           * Vddbackup measurement by ADC
 860:Generated_Source\PSoC6\pdl\drivers/peripheral/syspm/cy_syspm.h **** *     </td>
 861:Generated_Source\PSoC6\pdl\drivers/peripheral/syspm/cy_syspm.h **** *     <td></td>
 862:Generated_Source\PSoC6\pdl\drivers/peripheral/syspm/cy_syspm.h **** *   </tr>
 863:Generated_Source\PSoC6\pdl\drivers/peripheral/syspm/cy_syspm.h **** *   <tr>
 864:Generated_Source\PSoC6\pdl\drivers/peripheral/syspm/cy_syspm.h **** *     <td>1.0</td>
 865:Generated_Source\PSoC6\pdl\drivers/peripheral/syspm/cy_syspm.h **** *     <td>Initial version</td>
 866:Generated_Source\PSoC6\pdl\drivers/peripheral/syspm/cy_syspm.h **** *     <td></td>
 867:Generated_Source\PSoC6\pdl\drivers/peripheral/syspm/cy_syspm.h **** *   </tr>
 868:Generated_Source\PSoC6\pdl\drivers/peripheral/syspm/cy_syspm.h **** * </table>
 869:Generated_Source\PSoC6\pdl\drivers/peripheral/syspm/cy_syspm.h **** *
 870:Generated_Source\PSoC6\pdl\drivers/peripheral/syspm/cy_syspm.h **** * \subsection group_syspm_migration_guide_for_syspm_4_0 Migration Guide: Moving to SysPm v4.0
 871:Generated_Source\PSoC6\pdl\drivers/peripheral/syspm/cy_syspm.h **** *
 872:Generated_Source\PSoC6\pdl\drivers/peripheral/syspm/cy_syspm.h **** * This section provides a guideline to migrate from v2.21 to v4.0 of the SysPm 
 873:Generated_Source\PSoC6\pdl\drivers/peripheral/syspm/cy_syspm.h **** * driver.
 874:Generated_Source\PSoC6\pdl\drivers/peripheral/syspm/cy_syspm.h **** *
 875:Generated_Source\PSoC6\pdl\drivers/peripheral/syspm/cy_syspm.h **** * \subsubsection group_syspm_migration_into_4_0_intro Introduction
ARM GAS  C:\Users\Finik\AppData\Local\Temp\cctwKBtC.s 			page 78


 876:Generated_Source\PSoC6\pdl\drivers/peripheral/syspm/cy_syspm.h **** * 
 877:Generated_Source\PSoC6\pdl\drivers/peripheral/syspm/cy_syspm.h **** * If your application currently uses SysPm v2.21 APIs, you must
 878:Generated_Source\PSoC6\pdl\drivers/peripheral/syspm/cy_syspm.h **** * migrate to SysPm v4.0 so that your application continues to operate.
 879:Generated_Source\PSoC6\pdl\drivers/peripheral/syspm/cy_syspm.h **** * 
 880:Generated_Source\PSoC6\pdl\drivers/peripheral/syspm/cy_syspm.h **** * Take a few minutes to review the following information:
 881:Generated_Source\PSoC6\pdl\drivers/peripheral/syspm/cy_syspm.h **** * - The APIs related to PSoC 6 \ref group_syspm_power_modes are changed. Old 
 882:Generated_Source\PSoC6\pdl\drivers/peripheral/syspm/cy_syspm.h **** *   power modes APIs function names are now deprecated and should not be used 
 883:Generated_Source\PSoC6\pdl\drivers/peripheral/syspm/cy_syspm.h **** *   in new applications.
 884:Generated_Source\PSoC6\pdl\drivers/peripheral/syspm/cy_syspm.h **** * - The \ref group_syspm_cb mechanism is changed. The mode element is removed 
 885:Generated_Source\PSoC6\pdl\drivers/peripheral/syspm/cy_syspm.h **** *   from cy_stc_syspm_callback_params_t structure. Now this element is a 
 886:Generated_Source\PSoC6\pdl\drivers/peripheral/syspm/cy_syspm.h **** *   separate parameter in the callback function.
 887:Generated_Source\PSoC6\pdl\drivers/peripheral/syspm/cy_syspm.h **** *
 888:Generated_Source\PSoC6\pdl\drivers/peripheral/syspm/cy_syspm.h **** * \subsubsection group_syspm_migration_into_4_0_names Migrating to new power modes APIs.
 889:Generated_Source\PSoC6\pdl\drivers/peripheral/syspm/cy_syspm.h **** * The table below shows the new APIs names that should be used in the 
 890:Generated_Source\PSoC6\pdl\drivers/peripheral/syspm/cy_syspm.h **** * application instead of old names:
 891:Generated_Source\PSoC6\pdl\drivers/peripheral/syspm/cy_syspm.h **** *
 892:Generated_Source\PSoC6\pdl\drivers/peripheral/syspm/cy_syspm.h **** * <table class="doxtable">
 893:Generated_Source\PSoC6\pdl\drivers/peripheral/syspm/cy_syspm.h **** *   <tr><th>SysPm v2.21 API name</th><th>SysPm v4.0 API name</th><th>Comment</th></tr>
 894:Generated_Source\PSoC6\pdl\drivers/peripheral/syspm/cy_syspm.h **** *   <tr>
 895:Generated_Source\PSoC6\pdl\drivers/peripheral/syspm/cy_syspm.h **** *     <td>Cy_SysPm_Sleep</td>
 896:Generated_Source\PSoC6\pdl\drivers/peripheral/syspm/cy_syspm.h **** *     <td>\ref Cy_SysPm_CpuEnterSleep</td>
 897:Generated_Source\PSoC6\pdl\drivers/peripheral/syspm/cy_syspm.h **** *     <td>Renamed, no functional changes</td>
 898:Generated_Source\PSoC6\pdl\drivers/peripheral/syspm/cy_syspm.h **** *   </tr>
 899:Generated_Source\PSoC6\pdl\drivers/peripheral/syspm/cy_syspm.h **** *   <tr>
 900:Generated_Source\PSoC6\pdl\drivers/peripheral/syspm/cy_syspm.h **** *     <td>Cy_SysPm_DeepSleep</td>
 901:Generated_Source\PSoC6\pdl\drivers/peripheral/syspm/cy_syspm.h **** *     <td>\ref Cy_SysPm_CpuEnterDeepSleep</td>
 902:Generated_Source\PSoC6\pdl\drivers/peripheral/syspm/cy_syspm.h **** *     <td>Renamed, no functional changes</td>
 903:Generated_Source\PSoC6\pdl\drivers/peripheral/syspm/cy_syspm.h **** *   </tr>
 904:Generated_Source\PSoC6\pdl\drivers/peripheral/syspm/cy_syspm.h **** *   <tr>
 905:Generated_Source\PSoC6\pdl\drivers/peripheral/syspm/cy_syspm.h **** *     <td>Cy_SysPm_Hibernate</td>
 906:Generated_Source\PSoC6\pdl\drivers/peripheral/syspm/cy_syspm.h **** *     <td>\ref Cy_SysPm_SystemEnterHibernate</td>
 907:Generated_Source\PSoC6\pdl\drivers/peripheral/syspm/cy_syspm.h **** *     <td>Renamed, no functional changes</td>
 908:Generated_Source\PSoC6\pdl\drivers/peripheral/syspm/cy_syspm.h **** *   </tr>
 909:Generated_Source\PSoC6\pdl\drivers/peripheral/syspm/cy_syspm.h **** *   <tr>
 910:Generated_Source\PSoC6\pdl\drivers/peripheral/syspm/cy_syspm.h **** *     <td>Cy_SysPm_SleepOnExit</td>
 911:Generated_Source\PSoC6\pdl\drivers/peripheral/syspm/cy_syspm.h **** *     <td>\ref Cy_SysPm_CpuSleepOnExit</td>
 912:Generated_Source\PSoC6\pdl\drivers/peripheral/syspm/cy_syspm.h **** *     <td>Renamed, no functional changes</td>
 913:Generated_Source\PSoC6\pdl\drivers/peripheral/syspm/cy_syspm.h **** *   </tr>
 914:Generated_Source\PSoC6\pdl\drivers/peripheral/syspm/cy_syspm.h **** *   <tr>
 915:Generated_Source\PSoC6\pdl\drivers/peripheral/syspm/cy_syspm.h **** *     <td>Cy_SysPm_IsLowPower</td>
 916:Generated_Source\PSoC6\pdl\drivers/peripheral/syspm/cy_syspm.h **** *     <td>\ref Cy_SysPm_IsSystemUlp</td>
 917:Generated_Source\PSoC6\pdl\drivers/peripheral/syspm/cy_syspm.h **** *     <td>Now this function checks whether the device is in ULP mode</td>
 918:Generated_Source\PSoC6\pdl\drivers/peripheral/syspm/cy_syspm.h **** *   </tr>
 919:Generated_Source\PSoC6\pdl\drivers/peripheral/syspm/cy_syspm.h **** *   <tr>
 920:Generated_Source\PSoC6\pdl\drivers/peripheral/syspm/cy_syspm.h **** *     <td>Cy_SysPm_EnterLowPowerMode</td>
 921:Generated_Source\PSoC6\pdl\drivers/peripheral/syspm/cy_syspm.h **** *     <td>\ref Cy_SysPm_SystemSetMinRegulatorCurrent</td>
 922:Generated_Source\PSoC6\pdl\drivers/peripheral/syspm/cy_syspm.h **** *     <td>The low power active mode does not exist anymore. 
 923:Generated_Source\PSoC6\pdl\drivers/peripheral/syspm/cy_syspm.h **** *         The \ref group_syspm_system_reg_curr_mode is implemented instead </td>
 924:Generated_Source\PSoC6\pdl\drivers/peripheral/syspm/cy_syspm.h **** *     </tr>
 925:Generated_Source\PSoC6\pdl\drivers/peripheral/syspm/cy_syspm.h **** *   <tr>
 926:Generated_Source\PSoC6\pdl\drivers/peripheral/syspm/cy_syspm.h **** *     <td>Cy_SysPm_ExitLowPowerMode</td>
 927:Generated_Source\PSoC6\pdl\drivers/peripheral/syspm/cy_syspm.h **** *     <td>\ref Cy_SysPm_SystemSetNormalRegulatorCurrent</td>
 928:Generated_Source\PSoC6\pdl\drivers/peripheral/syspm/cy_syspm.h **** *     <td>The low power active mode does not exist anymore. 
 929:Generated_Source\PSoC6\pdl\drivers/peripheral/syspm/cy_syspm.h **** *         The \ref group_syspm_system_reg_curr_mode is implemented instead</td>
 930:Generated_Source\PSoC6\pdl\drivers/peripheral/syspm/cy_syspm.h **** *   </tr>
 931:Generated_Source\PSoC6\pdl\drivers/peripheral/syspm/cy_syspm.h **** *   <tr>
 932:Generated_Source\PSoC6\pdl\drivers/peripheral/syspm/cy_syspm.h **** *     <td>Cy_SysPm_Cm4IsLowPower</td>
ARM GAS  C:\Users\Finik\AppData\Local\Temp\cctwKBtC.s 			page 79


 933:Generated_Source\PSoC6\pdl\drivers/peripheral/syspm/cy_syspm.h **** *     <td>Removed</td>
 934:Generated_Source\PSoC6\pdl\drivers/peripheral/syspm/cy_syspm.h **** *     <td>This function is removed because low power mode is related to the system
 935:Generated_Source\PSoC6\pdl\drivers/peripheral/syspm/cy_syspm.h **** *         and not to the CPU</td>
 936:Generated_Source\PSoC6\pdl\drivers/peripheral/syspm/cy_syspm.h **** *   </tr>
 937:Generated_Source\PSoC6\pdl\drivers/peripheral/syspm/cy_syspm.h **** *   <tr>
 938:Generated_Source\PSoC6\pdl\drivers/peripheral/syspm/cy_syspm.h **** *     <td>Cy_SysPm_Cm0IsLowPower</td>
 939:Generated_Source\PSoC6\pdl\drivers/peripheral/syspm/cy_syspm.h **** *     <td>Removed</td>
 940:Generated_Source\PSoC6\pdl\drivers/peripheral/syspm/cy_syspm.h **** *     <td>This function is removed because low power mode is related to the system
 941:Generated_Source\PSoC6\pdl\drivers/peripheral/syspm/cy_syspm.h **** *         and not to the CPU</td>
 942:Generated_Source\PSoC6\pdl\drivers/peripheral/syspm/cy_syspm.h **** *   </tr>
 943:Generated_Source\PSoC6\pdl\drivers/peripheral/syspm/cy_syspm.h **** *   <tr>
 944:Generated_Source\PSoC6\pdl\drivers/peripheral/syspm/cy_syspm.h **** *     <td>Cy_SysPm_IoFreeze</td>
 945:Generated_Source\PSoC6\pdl\drivers/peripheral/syspm/cy_syspm.h **** *     <td>Removed</td>
 946:Generated_Source\PSoC6\pdl\drivers/peripheral/syspm/cy_syspm.h **** *     <td>This function is removed because there are no known use cases to
 947:Generated_Source\PSoC6\pdl\drivers/peripheral/syspm/cy_syspm.h **** *         freeze in power modes other than Hibernate</td>
 948:Generated_Source\PSoC6\pdl\drivers/peripheral/syspm/cy_syspm.h **** *   </tr>
 949:Generated_Source\PSoC6\pdl\drivers/peripheral/syspm/cy_syspm.h **** * </table>
 950:Generated_Source\PSoC6\pdl\drivers/peripheral/syspm/cy_syspm.h **** *
 951:Generated_Source\PSoC6\pdl\drivers/peripheral/syspm/cy_syspm.h **** * In addition to renamed power modes APIs, the following defines and enum 
 952:Generated_Source\PSoC6\pdl\drivers/peripheral/syspm/cy_syspm.h **** * elements names are changed:
 953:Generated_Source\PSoC6\pdl\drivers/peripheral/syspm/cy_syspm.h **** * <table class="doxtable">
 954:Generated_Source\PSoC6\pdl\drivers/peripheral/syspm/cy_syspm.h **** *   <tr><th>SysPm v2.21 defines</th><th>SysPm v4.0 defines</th><th>Comment</th></tr>
 955:Generated_Source\PSoC6\pdl\drivers/peripheral/syspm/cy_syspm.h **** *   <tr>
 956:Generated_Source\PSoC6\pdl\drivers/peripheral/syspm/cy_syspm.h **** *     <td>CY_SYSPM_ENTER_LP_MODE</td>
 957:Generated_Source\PSoC6\pdl\drivers/peripheral/syspm/cy_syspm.h **** *     <td>CY_SYSPM_ULP</td>
 958:Generated_Source\PSoC6\pdl\drivers/peripheral/syspm/cy_syspm.h **** *     <td>The \ref cy_en_syspm_callback_type_t element is renamed to align 
 959:Generated_Source\PSoC6\pdl\drivers/peripheral/syspm/cy_syspm.h **** *         callback types names to new power modes names</td>
 960:Generated_Source\PSoC6\pdl\drivers/peripheral/syspm/cy_syspm.h **** *   </tr>
 961:Generated_Source\PSoC6\pdl\drivers/peripheral/syspm/cy_syspm.h **** *   <tr>
 962:Generated_Source\PSoC6\pdl\drivers/peripheral/syspm/cy_syspm.h **** *     <td>CY_SYSPM_EXIT_LP_MODE</td>
 963:Generated_Source\PSoC6\pdl\drivers/peripheral/syspm/cy_syspm.h **** *     <td>CY_SYSPM_LP</td>
 964:Generated_Source\PSoC6\pdl\drivers/peripheral/syspm/cy_syspm.h **** *     <td>The \ref cy_en_syspm_callback_type_t element is renamed to align 
 965:Generated_Source\PSoC6\pdl\drivers/peripheral/syspm/cy_syspm.h **** *         callback types names to new power modes names</td>
 966:Generated_Source\PSoC6\pdl\drivers/peripheral/syspm/cy_syspm.h **** *   <tr>
 967:Generated_Source\PSoC6\pdl\drivers/peripheral/syspm/cy_syspm.h **** *     <td>CY_SYSPM_STATUS_SYSTEM_LOWPOWER</td>
 968:Generated_Source\PSoC6\pdl\drivers/peripheral/syspm/cy_syspm.h **** *     <td>CY_SYSPM_STATUS_SYSTEM_ULP</td>
 969:Generated_Source\PSoC6\pdl\drivers/peripheral/syspm/cy_syspm.h **** *     <td>Status define, renamed to align new power modes names 
 970:Generated_Source\PSoC6\pdl\drivers/peripheral/syspm/cy_syspm.h **** *         and abbreviations</td>
 971:Generated_Source\PSoC6\pdl\drivers/peripheral/syspm/cy_syspm.h **** *   </tr>
 972:Generated_Source\PSoC6\pdl\drivers/peripheral/syspm/cy_syspm.h **** * </table>
 973:Generated_Source\PSoC6\pdl\drivers/peripheral/syspm/cy_syspm.h **** *
 974:Generated_Source\PSoC6\pdl\drivers/peripheral/syspm/cy_syspm.h **** * \subsubsection group_syspm_migration_into_4_0_callbacks Migrating to SysPm v4.0 callbacks
 975:Generated_Source\PSoC6\pdl\drivers/peripheral/syspm/cy_syspm.h **** *
 976:Generated_Source\PSoC6\pdl\drivers/peripheral/syspm/cy_syspm.h **** * Review this section if your application is using the syspm callback mechanism.
 977:Generated_Source\PSoC6\pdl\drivers/peripheral/syspm/cy_syspm.h **** *
 978:Generated_Source\PSoC6\pdl\drivers/peripheral/syspm/cy_syspm.h **** * To migrate to SysPm v4.0 callbacks you need to perform the following steps:
 979:Generated_Source\PSoC6\pdl\drivers/peripheral/syspm/cy_syspm.h **** * -# Remove mode element from all \ref cy_stc_syspm_callback_params_t 
 980:Generated_Source\PSoC6\pdl\drivers/peripheral/syspm/cy_syspm.h **** *    structures defined in your application. In SysPm v2.21 this structure is:
 981:Generated_Source\PSoC6\pdl\drivers/peripheral/syspm/cy_syspm.h **** *    \code{.c}
 982:Generated_Source\PSoC6\pdl\drivers/peripheral/syspm/cy_syspm.h **** *    cy_stc_syspm_callback_params_t deepSleepParam1 = 
 983:Generated_Source\PSoC6\pdl\drivers/peripheral/syspm/cy_syspm.h **** *    {
 984:Generated_Source\PSoC6\pdl\drivers/peripheral/syspm/cy_syspm.h **** *        CY_SYSPM_CHECK_READY, 
 985:Generated_Source\PSoC6\pdl\drivers/peripheral/syspm/cy_syspm.h **** *        &HW1_address,
 986:Generated_Source\PSoC6\pdl\drivers/peripheral/syspm/cy_syspm.h **** *        &context
 987:Generated_Source\PSoC6\pdl\drivers/peripheral/syspm/cy_syspm.h **** *    };
 988:Generated_Source\PSoC6\pdl\drivers/peripheral/syspm/cy_syspm.h **** *    \endcode
 989:Generated_Source\PSoC6\pdl\drivers/peripheral/syspm/cy_syspm.h **** *
ARM GAS  C:\Users\Finik\AppData\Local\Temp\cctwKBtC.s 			page 80


 990:Generated_Source\PSoC6\pdl\drivers/peripheral/syspm/cy_syspm.h **** *    In SysPm v4.0 this structure should be:
 991:Generated_Source\PSoC6\pdl\drivers/peripheral/syspm/cy_syspm.h **** *    \code{.c}
 992:Generated_Source\PSoC6\pdl\drivers/peripheral/syspm/cy_syspm.h **** *    cy_stc_syspm_callback_params_t deepSleepParam1 = 
 993:Generated_Source\PSoC6\pdl\drivers/peripheral/syspm/cy_syspm.h **** *    {
 994:Generated_Source\PSoC6\pdl\drivers/peripheral/syspm/cy_syspm.h **** *        &HW1_address,
 995:Generated_Source\PSoC6\pdl\drivers/peripheral/syspm/cy_syspm.h **** *        &context
 996:Generated_Source\PSoC6\pdl\drivers/peripheral/syspm/cy_syspm.h **** *    };
 997:Generated_Source\PSoC6\pdl\drivers/peripheral/syspm/cy_syspm.h **** *    \endcode
 998:Generated_Source\PSoC6\pdl\drivers/peripheral/syspm/cy_syspm.h **** * -# Update all defined syspm callback function prototypes to have two 
 999:Generated_Source\PSoC6\pdl\drivers/peripheral/syspm/cy_syspm.h **** *    parameters instead of one. The SysPm v2.21 callback function prototype is:
1000:Generated_Source\PSoC6\pdl\drivers/peripheral/syspm/cy_syspm.h **** *    \code{.c}
1001:Generated_Source\PSoC6\pdl\drivers/peripheral/syspm/cy_syspm.h **** *    cy_en_syspm_status_t Func1 (cy_stc_syspm_callback_params_t *callbackParams);
1002:Generated_Source\PSoC6\pdl\drivers/peripheral/syspm/cy_syspm.h **** *    \endcode
1003:Generated_Source\PSoC6\pdl\drivers/peripheral/syspm/cy_syspm.h **** *    The SysPm v4.0 callback function prototype should be:
1004:Generated_Source\PSoC6\pdl\drivers/peripheral/syspm/cy_syspm.h **** *    \code{.c}
1005:Generated_Source\PSoC6\pdl\drivers/peripheral/syspm/cy_syspm.h **** *    cy_en_syspm_status_t Func1 (cy_stc_syspm_callback_params_t *callbackParams, cy_en_syspm_callba
1006:Generated_Source\PSoC6\pdl\drivers/peripheral/syspm/cy_syspm.h **** *    \endcode
1007:Generated_Source\PSoC6\pdl\drivers/peripheral/syspm/cy_syspm.h **** * -# Change the syspm callback function implementation to not use a mode
1008:Generated_Source\PSoC6\pdl\drivers/peripheral/syspm/cy_syspm.h **** *    value as an element of the callbackParams structure, but, as separate 
1009:Generated_Source\PSoC6\pdl\drivers/peripheral/syspm/cy_syspm.h **** *    function parameter:
1010:Generated_Source\PSoC6\pdl\drivers/peripheral/syspm/cy_syspm.h **** *    SysPm v2.21 callback function implementation:
1011:Generated_Source\PSoC6\pdl\drivers/peripheral/syspm/cy_syspm.h **** *    \code{.c}
1012:Generated_Source\PSoC6\pdl\drivers/peripheral/syspm/cy_syspm.h **** *    cy_en_syspm_status_t Func1(cy_stc_syspm_callback_params_t *callbackParams)
1013:Generated_Source\PSoC6\pdl\drivers/peripheral/syspm/cy_syspm.h **** *    {
1014:Generated_Source\PSoC6\pdl\drivers/peripheral/syspm/cy_syspm.h **** *        cy_en_syspm_status_t retVal = CY_SYSPM_FAIL;
1015:Generated_Source\PSoC6\pdl\drivers/peripheral/syspm/cy_syspm.h **** *
1016:Generated_Source\PSoC6\pdl\drivers/peripheral/syspm/cy_syspm.h **** *        switch(callbackParams->mode)
1017:Generated_Source\PSoC6\pdl\drivers/peripheral/syspm/cy_syspm.h **** *        {
1018:Generated_Source\PSoC6\pdl\drivers/peripheral/syspm/cy_syspm.h **** *            case CY_SYSPM_CHECK_READY:
1019:Generated_Source\PSoC6\pdl\drivers/peripheral/syspm/cy_syspm.h **** *            ...
1020:Generated_Source\PSoC6\pdl\drivers/peripheral/syspm/cy_syspm.h **** *        }
1021:Generated_Source\PSoC6\pdl\drivers/peripheral/syspm/cy_syspm.h **** *        
1022:Generated_Source\PSoC6\pdl\drivers/peripheral/syspm/cy_syspm.h **** *        return (retVal);
1023:Generated_Source\PSoC6\pdl\drivers/peripheral/syspm/cy_syspm.h **** *    }
1024:Generated_Source\PSoC6\pdl\drivers/peripheral/syspm/cy_syspm.h **** *    \endcode
1025:Generated_Source\PSoC6\pdl\drivers/peripheral/syspm/cy_syspm.h **** *    SysPm v4.0 callback function implementation:
1026:Generated_Source\PSoC6\pdl\drivers/peripheral/syspm/cy_syspm.h **** *    \code{.c}
1027:Generated_Source\PSoC6\pdl\drivers/peripheral/syspm/cy_syspm.h **** *    cy_en_syspm_status_t Func1(cy_stc_syspm_callback_params_t *callbackParams, cy_en_syspm_callbac
1028:Generated_Source\PSoC6\pdl\drivers/peripheral/syspm/cy_syspm.h **** *    {
1029:Generated_Source\PSoC6\pdl\drivers/peripheral/syspm/cy_syspm.h **** *        cy_en_syspm_status_t retVal = CY_SYSPM_FAIL;
1030:Generated_Source\PSoC6\pdl\drivers/peripheral/syspm/cy_syspm.h **** *
1031:Generated_Source\PSoC6\pdl\drivers/peripheral/syspm/cy_syspm.h **** *        switch(mode)
1032:Generated_Source\PSoC6\pdl\drivers/peripheral/syspm/cy_syspm.h **** *        {
1033:Generated_Source\PSoC6\pdl\drivers/peripheral/syspm/cy_syspm.h **** *            case CY_SYSPM_CHECK_READY:
1034:Generated_Source\PSoC6\pdl\drivers/peripheral/syspm/cy_syspm.h **** *            ...
1035:Generated_Source\PSoC6\pdl\drivers/peripheral/syspm/cy_syspm.h **** *        }
1036:Generated_Source\PSoC6\pdl\drivers/peripheral/syspm/cy_syspm.h **** *        
1037:Generated_Source\PSoC6\pdl\drivers/peripheral/syspm/cy_syspm.h **** *        return (retVal);
1038:Generated_Source\PSoC6\pdl\drivers/peripheral/syspm/cy_syspm.h **** *    }
1039:Generated_Source\PSoC6\pdl\drivers/peripheral/syspm/cy_syspm.h **** *    \endcode
1040:Generated_Source\PSoC6\pdl\drivers/peripheral/syspm/cy_syspm.h **** * After the changes above are done, you have successfully migrated to SysPm v4.0.
1041:Generated_Source\PSoC6\pdl\drivers/peripheral/syspm/cy_syspm.h **** *
1042:Generated_Source\PSoC6\pdl\drivers/peripheral/syspm/cy_syspm.h **** * Do not forget to review newly added functionality for SysPm v4.0 in the 
1043:Generated_Source\PSoC6\pdl\drivers/peripheral/syspm/cy_syspm.h **** * \ref group_syspm_changelog.
1044:Generated_Source\PSoC6\pdl\drivers/peripheral/syspm/cy_syspm.h **** 
1045:Generated_Source\PSoC6\pdl\drivers/peripheral/syspm/cy_syspm.h **** * \defgroup group_syspm_macros Macros
1046:Generated_Source\PSoC6\pdl\drivers/peripheral/syspm/cy_syspm.h **** * \defgroup group_syspm_functions Functions
ARM GAS  C:\Users\Finik\AppData\Local\Temp\cctwKBtC.s 			page 81


1047:Generated_Source\PSoC6\pdl\drivers/peripheral/syspm/cy_syspm.h **** * \{
1048:Generated_Source\PSoC6\pdl\drivers/peripheral/syspm/cy_syspm.h ****     \defgroup group_syspm_functions_general        General
1049:Generated_Source\PSoC6\pdl\drivers/peripheral/syspm/cy_syspm.h **** *   \defgroup group_syspm_functions_power          Power Modes
1050:Generated_Source\PSoC6\pdl\drivers/peripheral/syspm/cy_syspm.h **** *   \defgroup group_syspm_functions_power_status   Power Status
1051:Generated_Source\PSoC6\pdl\drivers/peripheral/syspm/cy_syspm.h **** *   \defgroup group_syspm_functions_iofreeze       I/Os Freeze
1052:Generated_Source\PSoC6\pdl\drivers/peripheral/syspm/cy_syspm.h **** *   \defgroup group_syspm_functions_core_regulators    Core Voltage Regulation 
1053:Generated_Source\PSoC6\pdl\drivers/peripheral/syspm/cy_syspm.h **** *   \{
1054:Generated_Source\PSoC6\pdl\drivers/peripheral/syspm/cy_syspm.h **** *     \defgroup group_syspm_functions_ldo      LDO
1055:Generated_Source\PSoC6\pdl\drivers/peripheral/syspm/cy_syspm.h **** *     \defgroup group_syspm_functions_buck     Buck
1056:Generated_Source\PSoC6\pdl\drivers/peripheral/syspm/cy_syspm.h **** *   \}
1057:Generated_Source\PSoC6\pdl\drivers/peripheral/syspm/cy_syspm.h **** *   \defgroup group_syspm_functions_pmic       PMIC
1058:Generated_Source\PSoC6\pdl\drivers/peripheral/syspm/cy_syspm.h **** *   \defgroup group_syspm_functions_backup     Backup Domain
1059:Generated_Source\PSoC6\pdl\drivers/peripheral/syspm/cy_syspm.h **** *   \defgroup group_syspm_functions_callback   Low Power Callbacks
1060:Generated_Source\PSoC6\pdl\drivers/peripheral/syspm/cy_syspm.h **** * \}
1061:Generated_Source\PSoC6\pdl\drivers/peripheral/syspm/cy_syspm.h **** * \defgroup group_syspm_data_structures Data Structures
1062:Generated_Source\PSoC6\pdl\drivers/peripheral/syspm/cy_syspm.h **** * \defgroup group_syspm_data_enumerates Enumerated Types
1063:Generated_Source\PSoC6\pdl\drivers/peripheral/syspm/cy_syspm.h **** */
1064:Generated_Source\PSoC6\pdl\drivers/peripheral/syspm/cy_syspm.h **** 
1065:Generated_Source\PSoC6\pdl\drivers/peripheral/syspm/cy_syspm.h **** #if !defined (CY_SYSPM_H)
1066:Generated_Source\PSoC6\pdl\drivers/peripheral/syspm/cy_syspm.h **** #define CY_SYSPM_H
1067:Generated_Source\PSoC6\pdl\drivers/peripheral/syspm/cy_syspm.h **** 
1068:Generated_Source\PSoC6\pdl\drivers/peripheral/syspm/cy_syspm.h **** #include <stdbool.h>
1069:Generated_Source\PSoC6\pdl\drivers/peripheral/syspm/cy_syspm.h **** #include <stddef.h>
1070:Generated_Source\PSoC6\pdl\drivers/peripheral/syspm/cy_syspm.h **** 
1071:Generated_Source\PSoC6\pdl\drivers/peripheral/syspm/cy_syspm.h **** #include "cy_device.h"
1072:Generated_Source\PSoC6\pdl\drivers/peripheral/syspm/cy_syspm.h **** #include "cy_device_headers.h"
1073:Generated_Source\PSoC6\pdl\drivers/peripheral/syspm/cy_syspm.h **** #include "cy_syslib.h"
1074:Generated_Source\PSoC6\pdl\drivers/peripheral/syspm/cy_syspm.h **** 
1075:Generated_Source\PSoC6\pdl\drivers/peripheral/syspm/cy_syspm.h **** #ifdef __cplusplus
1076:Generated_Source\PSoC6\pdl\drivers/peripheral/syspm/cy_syspm.h **** extern "C" {
1077:Generated_Source\PSoC6\pdl\drivers/peripheral/syspm/cy_syspm.h **** #endif
1078:Generated_Source\PSoC6\pdl\drivers/peripheral/syspm/cy_syspm.h **** 
1079:Generated_Source\PSoC6\pdl\drivers/peripheral/syspm/cy_syspm.h **** /*******************************************************************************
1080:Generated_Source\PSoC6\pdl\drivers/peripheral/syspm/cy_syspm.h **** *       Register Constants
1081:Generated_Source\PSoC6\pdl\drivers/peripheral/syspm/cy_syspm.h **** *******************************************************************************/
1082:Generated_Source\PSoC6\pdl\drivers/peripheral/syspm/cy_syspm.h **** 
1083:Generated_Source\PSoC6\pdl\drivers/peripheral/syspm/cy_syspm.h **** /**
1084:Generated_Source\PSoC6\pdl\drivers/peripheral/syspm/cy_syspm.h **** * \addtogroup group_syspm_macros
1085:Generated_Source\PSoC6\pdl\drivers/peripheral/syspm/cy_syspm.h **** * \{
1086:Generated_Source\PSoC6\pdl\drivers/peripheral/syspm/cy_syspm.h **** */
1087:Generated_Source\PSoC6\pdl\drivers/peripheral/syspm/cy_syspm.h **** 
1088:Generated_Source\PSoC6\pdl\drivers/peripheral/syspm/cy_syspm.h **** /** Driver major version */
1089:Generated_Source\PSoC6\pdl\drivers/peripheral/syspm/cy_syspm.h **** #define CY_SYSPM_DRV_VERSION_MAJOR       4
1090:Generated_Source\PSoC6\pdl\drivers/peripheral/syspm/cy_syspm.h **** 
1091:Generated_Source\PSoC6\pdl\drivers/peripheral/syspm/cy_syspm.h **** /** Driver minor version */
1092:Generated_Source\PSoC6\pdl\drivers/peripheral/syspm/cy_syspm.h **** #define CY_SYSPM_DRV_VERSION_MINOR       0
1093:Generated_Source\PSoC6\pdl\drivers/peripheral/syspm/cy_syspm.h **** 
1094:Generated_Source\PSoC6\pdl\drivers/peripheral/syspm/cy_syspm.h **** /** SysPm driver identifier */
1095:Generated_Source\PSoC6\pdl\drivers/peripheral/syspm/cy_syspm.h **** #define CY_SYSPM_ID                      (CY_PDL_DRV_ID(0x10U))
1096:Generated_Source\PSoC6\pdl\drivers/peripheral/syspm/cy_syspm.h **** 
1097:Generated_Source\PSoC6\pdl\drivers/peripheral/syspm/cy_syspm.h **** 
1098:Generated_Source\PSoC6\pdl\drivers/peripheral/syspm/cy_syspm.h **** /*******************************************************************************
1099:Generated_Source\PSoC6\pdl\drivers/peripheral/syspm/cy_syspm.h **** *       Internal Defines
1100:Generated_Source\PSoC6\pdl\drivers/peripheral/syspm/cy_syspm.h **** *******************************************************************************/
1101:Generated_Source\PSoC6\pdl\drivers/peripheral/syspm/cy_syspm.h **** 
1102:Generated_Source\PSoC6\pdl\drivers/peripheral/syspm/cy_syspm.h **** /** \cond INTERNAL */
1103:Generated_Source\PSoC6\pdl\drivers/peripheral/syspm/cy_syspm.h **** 
ARM GAS  C:\Users\Finik\AppData\Local\Temp\cctwKBtC.s 			page 82


1104:Generated_Source\PSoC6\pdl\drivers/peripheral/syspm/cy_syspm.h **** /* Macro to validate parameters in Cy_SysPm_SetHibernateWakeupSource() and for Cy_SysPm_ClearHibern
1105:Generated_Source\PSoC6\pdl\drivers/peripheral/syspm/cy_syspm.h **** #define CY_SYSPM_IS_WAKE_UP_SOURCE_VALID(wakeupSource)   (0UL == ((wakeupSource) & \
1106:Generated_Source\PSoC6\pdl\drivers/peripheral/syspm/cy_syspm.h ****                                                          ((uint32_t) ~(CY_SYSPM_HIB_WAKEUP_SOURSE_M
1107:Generated_Source\PSoC6\pdl\drivers/peripheral/syspm/cy_syspm.h **** 
1108:Generated_Source\PSoC6\pdl\drivers/peripheral/syspm/cy_syspm.h **** /* Macro to validate parameters in Cy_SysPm_PmicDisable() function */
1109:Generated_Source\PSoC6\pdl\drivers/peripheral/syspm/cy_syspm.h **** #define CY_SYSPM_IS_POLARITY_VALID(polarity)            (((polarity) == CY_SYSPM_PMIC_POLARITY_LOW)
1110:Generated_Source\PSoC6\pdl\drivers/peripheral/syspm/cy_syspm.h ****                                                          ((polarity) == CY_SYSPM_PMIC_POLARITY_HIGH
1111:Generated_Source\PSoC6\pdl\drivers/peripheral/syspm/cy_syspm.h **** 
1112:Generated_Source\PSoC6\pdl\drivers/peripheral/syspm/cy_syspm.h **** /* Macro to validate parameters in Cy_SysPm_BuckSetVoltage1() function */
1113:Generated_Source\PSoC6\pdl\drivers/peripheral/syspm/cy_syspm.h **** #define CY_SYSPM_IS_BUCK_VOLTAGE1_VALID(voltage)        (((voltage) == CY_SYSPM_BUCK_OUT1_VOLTAGE_0
1114:Generated_Source\PSoC6\pdl\drivers/peripheral/syspm/cy_syspm.h ****                                                          ((voltage) == CY_SYSPM_BUCK_OUT1_VOLTAGE_1
1115:Generated_Source\PSoC6\pdl\drivers/peripheral/syspm/cy_syspm.h **** 
1116:Generated_Source\PSoC6\pdl\drivers/peripheral/syspm/cy_syspm.h **** /* Macro to validate parameters in Cy_SysPm_BuckSetVoltage2() function */
1117:Generated_Source\PSoC6\pdl\drivers/peripheral/syspm/cy_syspm.h **** #define CY_SYSPM_IS_BUCK_VOLTAGE2_VALID(voltage)        (((voltage) == CY_SYSPM_BUCK_OUT2_VOLTAGE_1
1118:Generated_Source\PSoC6\pdl\drivers/peripheral/syspm/cy_syspm.h ****                                                          ((voltage) == CY_SYSPM_BUCK_OUT2_VOLTAGE_1
1119:Generated_Source\PSoC6\pdl\drivers/peripheral/syspm/cy_syspm.h ****                                                          ((voltage) == CY_SYSPM_BUCK_OUT2_VOLTAGE_1
1120:Generated_Source\PSoC6\pdl\drivers/peripheral/syspm/cy_syspm.h ****                                                          ((voltage) == CY_SYSPM_BUCK_OUT2_VOLTAGE_1
1121:Generated_Source\PSoC6\pdl\drivers/peripheral/syspm/cy_syspm.h ****                                                          ((voltage) == CY_SYSPM_BUCK_OUT2_VOLTAGE_1
1122:Generated_Source\PSoC6\pdl\drivers/peripheral/syspm/cy_syspm.h ****                                                          ((voltage) == CY_SYSPM_BUCK_OUT2_VOLTAGE_1
1123:Generated_Source\PSoC6\pdl\drivers/peripheral/syspm/cy_syspm.h ****                                                          ((voltage) == CY_SYSPM_BUCK_OUT2_VOLTAGE_1
1124:Generated_Source\PSoC6\pdl\drivers/peripheral/syspm/cy_syspm.h ****                                                          ((voltage) == CY_SYSPM_BUCK_OUT2_VOLTAGE_1
1125:Generated_Source\PSoC6\pdl\drivers/peripheral/syspm/cy_syspm.h **** 
1126:Generated_Source\PSoC6\pdl\drivers/peripheral/syspm/cy_syspm.h **** /* Macro to validate parameters in Cy_SysPm_BuckIsOutputEnabled() function */
1127:Generated_Source\PSoC6\pdl\drivers/peripheral/syspm/cy_syspm.h **** #define CY_SYSPM_IS_BUCK_OUTPUT_VALID(output)           (((output) == CY_SYSPM_BUCK_VBUCK_1) || \
1128:Generated_Source\PSoC6\pdl\drivers/peripheral/syspm/cy_syspm.h ****                                                          ((output) == CY_SYSPM_BUCK_VRF))
1129:Generated_Source\PSoC6\pdl\drivers/peripheral/syspm/cy_syspm.h **** 
1130:Generated_Source\PSoC6\pdl\drivers/peripheral/syspm/cy_syspm.h **** /* Macro to validate parameters in Cy_SysPm_LdoSetVoltage() function */
1131:Generated_Source\PSoC6\pdl\drivers/peripheral/syspm/cy_syspm.h **** #define CY_SYSPM_IS_LDO_VOLTAGE_VALID(voltage)          (((voltage) == CY_SYSPM_LDO_VOLTAGE_0_9V) |
1132:Generated_Source\PSoC6\pdl\drivers/peripheral/syspm/cy_syspm.h ****                                                          ((voltage) == CY_SYSPM_LDO_VOLTAGE_1_1V))
1133:Generated_Source\PSoC6\pdl\drivers/peripheral/syspm/cy_syspm.h **** 
1134:Generated_Source\PSoC6\pdl\drivers/peripheral/syspm/cy_syspm.h **** /* Macro to validate parameters in Cy_SysPm_ExecuteCallback() function */
1135:Generated_Source\PSoC6\pdl\drivers/peripheral/syspm/cy_syspm.h **** #define CY_SYSPM_IS_CALLBACK_TYPE_VALID(type)           (((type) == CY_SYSPM_SLEEP) || \
1136:Generated_Source\PSoC6\pdl\drivers/peripheral/syspm/cy_syspm.h ****                                                          ((type) == CY_SYSPM_DEEPSLEEP) || \
1137:Generated_Source\PSoC6\pdl\drivers/peripheral/syspm/cy_syspm.h ****                                                          ((type) == CY_SYSPM_HIBERNATE) || \
1138:Generated_Source\PSoC6\pdl\drivers/peripheral/syspm/cy_syspm.h ****                                                          ((type) == CY_SYSPM_ULP) || \
1139:Generated_Source\PSoC6\pdl\drivers/peripheral/syspm/cy_syspm.h ****                                                          ((type) == CY_SYSPM_LP))
1140:Generated_Source\PSoC6\pdl\drivers/peripheral/syspm/cy_syspm.h **** 
1141:Generated_Source\PSoC6\pdl\drivers/peripheral/syspm/cy_syspm.h **** /* Macro to validate parameters in Cy_SysPm_ExecuteCallback() function */
1142:Generated_Source\PSoC6\pdl\drivers/peripheral/syspm/cy_syspm.h **** #define CY_SYSPM_IS_CALLBACK_MODE_VALID(mode)           (((mode) == CY_SYSPM_CHECK_READY) || \
1143:Generated_Source\PSoC6\pdl\drivers/peripheral/syspm/cy_syspm.h ****                                                          ((mode) == CY_SYSPM_CHECK_FAIL) || \
1144:Generated_Source\PSoC6\pdl\drivers/peripheral/syspm/cy_syspm.h ****                                                          ((mode) == CY_SYSPM_BEFORE_TRANSITION) || 
1145:Generated_Source\PSoC6\pdl\drivers/peripheral/syspm/cy_syspm.h ****                                                          ((mode) == CY_SYSPM_AFTER_TRANSITION))
1146:Generated_Source\PSoC6\pdl\drivers/peripheral/syspm/cy_syspm.h **** 
1147:Generated_Source\PSoC6\pdl\drivers/peripheral/syspm/cy_syspm.h **** /* Macro to validate parameters in Cy_SysPm_CpuEnterSleep() and for Cy_SysPm_CpuEnterDeepSleep() fu
1148:Generated_Source\PSoC6\pdl\drivers/peripheral/syspm/cy_syspm.h **** #define CY_SYSPM_IS_WAIT_FOR_VALID(waitFor)             (((waitFor) == CY_SYSPM_WAIT_FOR_INTERRUPT)
1149:Generated_Source\PSoC6\pdl\drivers/peripheral/syspm/cy_syspm.h ****                                                          ((waitFor) == CY_SYSPM_WAIT_FOR_EVENT))
1150:Generated_Source\PSoC6\pdl\drivers/peripheral/syspm/cy_syspm.h **** 
1151:Generated_Source\PSoC6\pdl\drivers/peripheral/syspm/cy_syspm.h **** /* Macro to validate parameters in Cy_SysPm_BackupSetSupply() function */
1152:Generated_Source\PSoC6\pdl\drivers/peripheral/syspm/cy_syspm.h **** #define CY_SYSPM_IS_VDDBACKUP_VALID(vddBackControl)      (((vddBackControl) == CY_SYSPM_VDDBACKUP_D
1153:Generated_Source\PSoC6\pdl\drivers/peripheral/syspm/cy_syspm.h ****                                                           ((vddBackControl) == CY_SYSPM_VDDBACKUP_V
1154:Generated_Source\PSoC6\pdl\drivers/peripheral/syspm/cy_syspm.h ****                                                           
1155:Generated_Source\PSoC6\pdl\drivers/peripheral/syspm/cy_syspm.h **** /* Macro to validate parameters in Cy_SysPm_BackupSuperCapCharge() function */
1156:Generated_Source\PSoC6\pdl\drivers/peripheral/syspm/cy_syspm.h **** #define CY_SYSPM_IS_SC_CHARGE_KEY_VALID(key)            (((key) == CY_SYSPM_SC_CHARGE_ENABLE) || \
1157:Generated_Source\PSoC6\pdl\drivers/peripheral/syspm/cy_syspm.h ****                                                          ((key) == CY_SYSPM_SC_CHARGE_DISABLE))
1158:Generated_Source\PSoC6\pdl\drivers/peripheral/syspm/cy_syspm.h **** 
1159:Generated_Source\PSoC6\pdl\drivers/peripheral/syspm/cy_syspm.h **** /* Macro to validate parameters in Cy_SysPm_LdoSetMode() function */
1160:Generated_Source\PSoC6\pdl\drivers/peripheral/syspm/cy_syspm.h **** #define CY_SYSPM_IS_LDO_MODE_VALID(key)            (((mode) == CY_SYSPM_LDO_MODE_DISABLED) || \
ARM GAS  C:\Users\Finik\AppData\Local\Temp\cctwKBtC.s 			page 83


1161:Generated_Source\PSoC6\pdl\drivers/peripheral/syspm/cy_syspm.h ****                                                     ((mode) == CY_SYSPM_LDO_MODE_NORMAL) || \
1162:Generated_Source\PSoC6\pdl\drivers/peripheral/syspm/cy_syspm.h ****                                                     ((mode) == CY_SYSPM_LDO_MODE_MIN))
1163:Generated_Source\PSoC6\pdl\drivers/peripheral/syspm/cy_syspm.h **** 
1164:Generated_Source\PSoC6\pdl\drivers/peripheral/syspm/cy_syspm.h **** /* Macro to validate parameters in Cy_SysPm_WriteVoltageBitForFlash() function */
1165:Generated_Source\PSoC6\pdl\drivers/peripheral/syspm/cy_syspm.h **** #define CY_SYSPM_IS_BIT_FOR_FLASH_VALID(value)     (((value) == CY_SYSPM_FLASH_VOLTAGE_BIT_ULP) || 
1166:Generated_Source\PSoC6\pdl\drivers/peripheral/syspm/cy_syspm.h ****                                                     ((value) == CY_SYSPM_FLASH_VOLTAGE_BIT_LP))
1167:Generated_Source\PSoC6\pdl\drivers/peripheral/syspm/cy_syspm.h **** 
1168:Generated_Source\PSoC6\pdl\drivers/peripheral/syspm/cy_syspm.h **** /** The internal define of the unlock value for the PMIC functions */
1169:Generated_Source\PSoC6\pdl\drivers/peripheral/syspm/cy_syspm.h **** #define CY_SYSPM_PMIC_UNLOCK_KEY                    (0x3AU)
1170:Generated_Source\PSoC6\pdl\drivers/peripheral/syspm/cy_syspm.h **** 
1171:Generated_Source\PSoC6\pdl\drivers/peripheral/syspm/cy_syspm.h **** /** The internal define of the first wakeup pin bit used in the
1172:Generated_Source\PSoC6\pdl\drivers/peripheral/syspm/cy_syspm.h **** * Cy_SysPm_SetHibernateWakeupSource() function
1173:Generated_Source\PSoC6\pdl\drivers/peripheral/syspm/cy_syspm.h **** */
1174:Generated_Source\PSoC6\pdl\drivers/peripheral/syspm/cy_syspm.h **** #define CY_SYSPM_HIB_WAKEUP_PIN0_POS                (1UL)
1175:Generated_Source\PSoC6\pdl\drivers/peripheral/syspm/cy_syspm.h **** 
1176:Generated_Source\PSoC6\pdl\drivers/peripheral/syspm/cy_syspm.h **** /** The internal define of the second wakeup pin bit 
1177:Generated_Source\PSoC6\pdl\drivers/peripheral/syspm/cy_syspm.h **** * used in the Cy_SysPm_SetHibernateWakeupSource() function
1178:Generated_Source\PSoC6\pdl\drivers/peripheral/syspm/cy_syspm.h **** */
1179:Generated_Source\PSoC6\pdl\drivers/peripheral/syspm/cy_syspm.h **** #define CY_SYSPM_HIB_WAKEUP_PIN1_POS                (2UL)
1180:Generated_Source\PSoC6\pdl\drivers/peripheral/syspm/cy_syspm.h **** 
1181:Generated_Source\PSoC6\pdl\drivers/peripheral/syspm/cy_syspm.h **** /**
1182:Generated_Source\PSoC6\pdl\drivers/peripheral/syspm/cy_syspm.h **** * The internal define of the first LPComparator bit 
1183:Generated_Source\PSoC6\pdl\drivers/peripheral/syspm/cy_syspm.h **** * used in the Cy_SysPm_SetHibernateWakeupSource() function
1184:Generated_Source\PSoC6\pdl\drivers/peripheral/syspm/cy_syspm.h **** */
1185:Generated_Source\PSoC6\pdl\drivers/peripheral/syspm/cy_syspm.h **** #define CY_SYSPM_HIB_WAKEUP_LPCOMP0_POS             (4UL)
1186:Generated_Source\PSoC6\pdl\drivers/peripheral/syspm/cy_syspm.h **** 
1187:Generated_Source\PSoC6\pdl\drivers/peripheral/syspm/cy_syspm.h **** /**
1188:Generated_Source\PSoC6\pdl\drivers/peripheral/syspm/cy_syspm.h **** * The internal define for the second LPComparator bit 
1189:Generated_Source\PSoC6\pdl\drivers/peripheral/syspm/cy_syspm.h **** * used in the Cy_SysPm_SetHibernateWakeupSource() function
1190:Generated_Source\PSoC6\pdl\drivers/peripheral/syspm/cy_syspm.h **** */
1191:Generated_Source\PSoC6\pdl\drivers/peripheral/syspm/cy_syspm.h **** #define CY_SYSPM_HIB_WAKEUP_LPCOMP1_POS             (8UL)
1192:Generated_Source\PSoC6\pdl\drivers/peripheral/syspm/cy_syspm.h **** 
1193:Generated_Source\PSoC6\pdl\drivers/peripheral/syspm/cy_syspm.h **** /**
1194:Generated_Source\PSoC6\pdl\drivers/peripheral/syspm/cy_syspm.h **** * The internal define of the first LPComparator value 
1195:Generated_Source\PSoC6\pdl\drivers/peripheral/syspm/cy_syspm.h **** * used in the Cy_SysPm_SetHibernateWakeupSource() function
1196:Generated_Source\PSoC6\pdl\drivers/peripheral/syspm/cy_syspm.h **** */
1197:Generated_Source\PSoC6\pdl\drivers/peripheral/syspm/cy_syspm.h **** #define CY_SYSPM_HIB_WAKEUP_LPCOMP0_MASK    (_VAL2FLD(SRSS_PWR_HIBERNATE_MASK_HIBPIN, CY_SYSPM_HIB_
1198:Generated_Source\PSoC6\pdl\drivers/peripheral/syspm/cy_syspm.h **** 
1199:Generated_Source\PSoC6\pdl\drivers/peripheral/syspm/cy_syspm.h **** /**
1200:Generated_Source\PSoC6\pdl\drivers/peripheral/syspm/cy_syspm.h **** * The internal define of the second LPComparator value 
1201:Generated_Source\PSoC6\pdl\drivers/peripheral/syspm/cy_syspm.h **** * used in the Cy_SysPm_SetHibernateWakeupSource() function
1202:Generated_Source\PSoC6\pdl\drivers/peripheral/syspm/cy_syspm.h **** */
1203:Generated_Source\PSoC6\pdl\drivers/peripheral/syspm/cy_syspm.h **** #define CY_SYSPM_HIB_WAKEUP_LPCOMP1_MASK    (_VAL2FLD(SRSS_PWR_HIBERNATE_MASK_HIBPIN, CY_SYSPM_HIB_
1204:Generated_Source\PSoC6\pdl\drivers/peripheral/syspm/cy_syspm.h **** 
1205:Generated_Source\PSoC6\pdl\drivers/peripheral/syspm/cy_syspm.h **** /**
1206:Generated_Source\PSoC6\pdl\drivers/peripheral/syspm/cy_syspm.h **** * The internal define of the first wake-up pin value 
1207:Generated_Source\PSoC6\pdl\drivers/peripheral/syspm/cy_syspm.h **** * used in the Cy_SysPm_SetHibernateWakeupSource() function
1208:Generated_Source\PSoC6\pdl\drivers/peripheral/syspm/cy_syspm.h **** */
1209:Generated_Source\PSoC6\pdl\drivers/peripheral/syspm/cy_syspm.h **** #define CY_SYSPM_HIB_WAKEUP_PIN0_MASK    (_VAL2FLD(SRSS_PWR_HIBERNATE_MASK_HIBPIN, CY_SYSPM_HIB_WAK
1210:Generated_Source\PSoC6\pdl\drivers/peripheral/syspm/cy_syspm.h **** 
1211:Generated_Source\PSoC6\pdl\drivers/peripheral/syspm/cy_syspm.h **** /**
1212:Generated_Source\PSoC6\pdl\drivers/peripheral/syspm/cy_syspm.h **** * The internal define of the second wake-up pin value used 
1213:Generated_Source\PSoC6\pdl\drivers/peripheral/syspm/cy_syspm.h **** * in the Cy_SysPm_SetHibernateWakeupSource() function
1214:Generated_Source\PSoC6\pdl\drivers/peripheral/syspm/cy_syspm.h **** */
1215:Generated_Source\PSoC6\pdl\drivers/peripheral/syspm/cy_syspm.h **** #define CY_SYSPM_HIB_WAKEUP_PIN1_MASK    (_VAL2FLD(SRSS_PWR_HIBERNATE_MASK_HIBPIN, CY_SYSPM_HIB_WAK
1216:Generated_Source\PSoC6\pdl\drivers/peripheral/syspm/cy_syspm.h **** 
1217:Generated_Source\PSoC6\pdl\drivers/peripheral/syspm/cy_syspm.h **** /** The internal define for the first LPComparator polarity configuration */
ARM GAS  C:\Users\Finik\AppData\Local\Temp\cctwKBtC.s 			page 84


1218:Generated_Source\PSoC6\pdl\drivers/peripheral/syspm/cy_syspm.h **** #define CY_SYSPM_HIB_WAKEUP_LPCOMP0_POLARITY_HIGH_MASK    \
1219:Generated_Source\PSoC6\pdl\drivers/peripheral/syspm/cy_syspm.h ****                                   (_VAL2FLD(SRSS_PWR_HIBERNATE_POLARITY_HIBPIN, CY_SYSPM_HIB_WAKEUP
1220:Generated_Source\PSoC6\pdl\drivers/peripheral/syspm/cy_syspm.h **** 
1221:Generated_Source\PSoC6\pdl\drivers/peripheral/syspm/cy_syspm.h **** /** The internal define for the second LPComparator polarity configuration */
1222:Generated_Source\PSoC6\pdl\drivers/peripheral/syspm/cy_syspm.h **** #define CY_SYSPM_HIB_WAKEUP_LPCOMP1_POLARITY_HIGH_MASK    \
1223:Generated_Source\PSoC6\pdl\drivers/peripheral/syspm/cy_syspm.h ****                                   (_VAL2FLD(SRSS_PWR_HIBERNATE_POLARITY_HIBPIN, CY_SYSPM_HIB_WAKEUP
1224:Generated_Source\PSoC6\pdl\drivers/peripheral/syspm/cy_syspm.h **** 
1225:Generated_Source\PSoC6\pdl\drivers/peripheral/syspm/cy_syspm.h **** /** The internal define for the first wake-up pin polarity configuration */
1226:Generated_Source\PSoC6\pdl\drivers/peripheral/syspm/cy_syspm.h **** #define CY_SYSPM_HIB_WAKEUP_PIN0_POLARITY_HIGH_MASK    \
1227:Generated_Source\PSoC6\pdl\drivers/peripheral/syspm/cy_syspm.h ****                                   (_VAL2FLD(SRSS_PWR_HIBERNATE_POLARITY_HIBPIN, CY_SYSPM_HIB_WAKEUP
1228:Generated_Source\PSoC6\pdl\drivers/peripheral/syspm/cy_syspm.h **** 
1229:Generated_Source\PSoC6\pdl\drivers/peripheral/syspm/cy_syspm.h **** /** The internal define for the second wake-up pin polarity configuration */
1230:Generated_Source\PSoC6\pdl\drivers/peripheral/syspm/cy_syspm.h **** #define CY_SYSPM_HIB_WAKEUP_PIN1_POLARITY_HIGH_MASK    \
1231:Generated_Source\PSoC6\pdl\drivers/peripheral/syspm/cy_syspm.h ****                                   (_VAL2FLD(SRSS_PWR_HIBERNATE_POLARITY_HIBPIN, CY_SYSPM_HIB_WAKEUP
1232:Generated_Source\PSoC6\pdl\drivers/peripheral/syspm/cy_syspm.h **** 
1233:Generated_Source\PSoC6\pdl\drivers/peripheral/syspm/cy_syspm.h **** /* Internal macro of all possible wakeup sources from hibernate power mode */
1234:Generated_Source\PSoC6\pdl\drivers/peripheral/syspm/cy_syspm.h **** #define CY_SYSPM_HIB_WAKEUP_SOURSE_MASK    (CY_SYSPM_HIBERNATE_LPCOMP0_HIGH | CY_SYSPM_HIBERNATE_LP
1235:Generated_Source\PSoC6\pdl\drivers/peripheral/syspm/cy_syspm.h ****                                             CY_SYSPM_HIBERNATE_RTC_ALARM    | CY_SYSPM_HIBERNATE_WD
1236:Generated_Source\PSoC6\pdl\drivers/peripheral/syspm/cy_syspm.h ****                                             CY_SYSPM_HIBERNATE_PIN0_HIGH    | CY_SYSPM_HIBERNATE_PI
1237:Generated_Source\PSoC6\pdl\drivers/peripheral/syspm/cy_syspm.h **** 
1238:Generated_Source\PSoC6\pdl\drivers/peripheral/syspm/cy_syspm.h **** /* The mask for low power modes the power circuits (POR/BOD, Bandgap 
1239:Generated_Source\PSoC6\pdl\drivers/peripheral/syspm/cy_syspm.h **** *  reference, Reference buffer, Current reference) when active core regulator is
1240:Generated_Source\PSoC6\pdl\drivers/peripheral/syspm/cy_syspm.h **** *  LDO
1241:Generated_Source\PSoC6\pdl\drivers/peripheral/syspm/cy_syspm.h **** */
1242:Generated_Source\PSoC6\pdl\drivers/peripheral/syspm/cy_syspm.h **** #define CY_SYSPM_PWR_CIRCUITS_LPMODE_ACTIVE_LDO_MASK    (SRSS_PWR_CTL_LINREG_LPMODE_Msk | CY_SYSPM_
1243:Generated_Source\PSoC6\pdl\drivers/peripheral/syspm/cy_syspm.h **** 
1244:Generated_Source\PSoC6\pdl\drivers/peripheral/syspm/cy_syspm.h **** /* The mask for low power modes the power circuits (POR/BOD, Bandgap 
1245:Generated_Source\PSoC6\pdl\drivers/peripheral/syspm/cy_syspm.h **** *  reference, Reference buffer, Current reference) when active core regulator is
1246:Generated_Source\PSoC6\pdl\drivers/peripheral/syspm/cy_syspm.h **** *  Buck
1247:Generated_Source\PSoC6\pdl\drivers/peripheral/syspm/cy_syspm.h **** */
1248:Generated_Source\PSoC6\pdl\drivers/peripheral/syspm/cy_syspm.h **** #define CY_SYSPM_PWR_CIRCUITS_LPMODE_ACTIVE_BUCK_MASK    (SRSS_PWR_CTL_PORBOD_LPMODE_Msk |\
1249:Generated_Source\PSoC6\pdl\drivers/peripheral/syspm/cy_syspm.h ****                                                           SRSS_PWR_CTL_ACT_REF_DIS_Msk |\
1250:Generated_Source\PSoC6\pdl\drivers/peripheral/syspm/cy_syspm.h ****                                                           SRSS_PWR_CTL_VREFBUF_LPMODE_Msk |\
1251:Generated_Source\PSoC6\pdl\drivers/peripheral/syspm/cy_syspm.h ****                                                           SRSS_PWR_CTL_IREF_LPMODE_Msk)
1252:Generated_Source\PSoC6\pdl\drivers/peripheral/syspm/cy_syspm.h **** 
1253:Generated_Source\PSoC6\pdl\drivers/peripheral/syspm/cy_syspm.h **** /** \endcond */
1254:Generated_Source\PSoC6\pdl\drivers/peripheral/syspm/cy_syspm.h **** 
1255:Generated_Source\PSoC6\pdl\drivers/peripheral/syspm/cy_syspm.h **** /**
1256:Generated_Source\PSoC6\pdl\drivers/peripheral/syspm/cy_syspm.h **** * \defgroup group_syspm_return_status The Power Mode Status Defines
1257:Generated_Source\PSoC6\pdl\drivers/peripheral/syspm/cy_syspm.h **** * \{
1258:Generated_Source\PSoC6\pdl\drivers/peripheral/syspm/cy_syspm.h **** * Defines for the CPU and system power modes status.
1259:Generated_Source\PSoC6\pdl\drivers/peripheral/syspm/cy_syspm.h **** */
1260:Generated_Source\PSoC6\pdl\drivers/peripheral/syspm/cy_syspm.h **** 
1261:Generated_Source\PSoC6\pdl\drivers/peripheral/syspm/cy_syspm.h **** /** The CM4 is in CPU Active mode */
1262:Generated_Source\PSoC6\pdl\drivers/peripheral/syspm/cy_syspm.h **** #define CY_SYSPM_STATUS_CM4_ACTIVE       (0x01U)
1263:Generated_Source\PSoC6\pdl\drivers/peripheral/syspm/cy_syspm.h **** 
1264:Generated_Source\PSoC6\pdl\drivers/peripheral/syspm/cy_syspm.h **** /** The CM4 is in CPU Sleep mode */
1265:Generated_Source\PSoC6\pdl\drivers/peripheral/syspm/cy_syspm.h **** #define CY_SYSPM_STATUS_CM4_SLEEP        (0x02U)
1266:Generated_Source\PSoC6\pdl\drivers/peripheral/syspm/cy_syspm.h **** 
1267:Generated_Source\PSoC6\pdl\drivers/peripheral/syspm/cy_syspm.h **** /** The CM4 is in CPU Deep Sleep mode */
1268:Generated_Source\PSoC6\pdl\drivers/peripheral/syspm/cy_syspm.h **** #define CY_SYSPM_STATUS_CM4_DEEPSLEEP    (0x04U)
1269:Generated_Source\PSoC6\pdl\drivers/peripheral/syspm/cy_syspm.h **** 
1270:Generated_Source\PSoC6\pdl\drivers/peripheral/syspm/cy_syspm.h **** /** The CM0p is CPU Active mode */
1271:Generated_Source\PSoC6\pdl\drivers/peripheral/syspm/cy_syspm.h **** #define CY_SYSPM_STATUS_CM0_ACTIVE       ((uint32_t) 0x01U << 8U)
1272:Generated_Source\PSoC6\pdl\drivers/peripheral/syspm/cy_syspm.h **** 
1273:Generated_Source\PSoC6\pdl\drivers/peripheral/syspm/cy_syspm.h **** /** The CM0p is in CPU Sleep mode */
1274:Generated_Source\PSoC6\pdl\drivers/peripheral/syspm/cy_syspm.h **** #define CY_SYSPM_STATUS_CM0_SLEEP        ((uint32_t) 0x02U << 8U)
ARM GAS  C:\Users\Finik\AppData\Local\Temp\cctwKBtC.s 			page 85


1275:Generated_Source\PSoC6\pdl\drivers/peripheral/syspm/cy_syspm.h **** 
1276:Generated_Source\PSoC6\pdl\drivers/peripheral/syspm/cy_syspm.h **** /** The CM0p is in CPU Deep Sleep mode */
1277:Generated_Source\PSoC6\pdl\drivers/peripheral/syspm/cy_syspm.h **** #define CY_SYSPM_STATUS_CM0_DEEPSLEEP    ((uint32_t) 0x04U << 8U)
1278:Generated_Source\PSoC6\pdl\drivers/peripheral/syspm/cy_syspm.h **** 
1279:Generated_Source\PSoC6\pdl\drivers/peripheral/syspm/cy_syspm.h **** /** The system is Low Power mode */
1280:Generated_Source\PSoC6\pdl\drivers/peripheral/syspm/cy_syspm.h **** #define CY_SYSPM_STATUS_SYSTEM_LP        (0x80U)
1281:Generated_Source\PSoC6\pdl\drivers/peripheral/syspm/cy_syspm.h **** 
1282:Generated_Source\PSoC6\pdl\drivers/peripheral/syspm/cy_syspm.h **** /** The system is in Ultra Low Power mode */
1283:Generated_Source\PSoC6\pdl\drivers/peripheral/syspm/cy_syspm.h **** #define CY_SYSPM_STATUS_SYSTEM_ULP       ((uint32_t) 0x08U << 8U)
1284:Generated_Source\PSoC6\pdl\drivers/peripheral/syspm/cy_syspm.h **** 
1285:Generated_Source\PSoC6\pdl\drivers/peripheral/syspm/cy_syspm.h **** /** \} group_syspm_return_status */
1286:Generated_Source\PSoC6\pdl\drivers/peripheral/syspm/cy_syspm.h **** 
1287:Generated_Source\PSoC6\pdl\drivers/peripheral/syspm/cy_syspm.h **** /** \} group_syspm_macros */
1288:Generated_Source\PSoC6\pdl\drivers/peripheral/syspm/cy_syspm.h **** 
1289:Generated_Source\PSoC6\pdl\drivers/peripheral/syspm/cy_syspm.h **** /*******************************************************************************
1290:Generated_Source\PSoC6\pdl\drivers/peripheral/syspm/cy_syspm.h **** *       Configuration Structures
1291:Generated_Source\PSoC6\pdl\drivers/peripheral/syspm/cy_syspm.h **** *******************************************************************************/
1292:Generated_Source\PSoC6\pdl\drivers/peripheral/syspm/cy_syspm.h **** 
1293:Generated_Source\PSoC6\pdl\drivers/peripheral/syspm/cy_syspm.h **** /**
1294:Generated_Source\PSoC6\pdl\drivers/peripheral/syspm/cy_syspm.h **** * \addtogroup group_syspm_data_enumerates
1295:Generated_Source\PSoC6\pdl\drivers/peripheral/syspm/cy_syspm.h **** * \{
1296:Generated_Source\PSoC6\pdl\drivers/peripheral/syspm/cy_syspm.h **** */
1297:Generated_Source\PSoC6\pdl\drivers/peripheral/syspm/cy_syspm.h **** 
1298:Generated_Source\PSoC6\pdl\drivers/peripheral/syspm/cy_syspm.h **** /** The SysPm function return value status definitions. */
1299:Generated_Source\PSoC6\pdl\drivers/peripheral/syspm/cy_syspm.h **** typedef enum
1300:Generated_Source\PSoC6\pdl\drivers/peripheral/syspm/cy_syspm.h **** {
1301:Generated_Source\PSoC6\pdl\drivers/peripheral/syspm/cy_syspm.h ****     CY_SYSPM_SUCCESS        = 0x0U,                                         /**< Successful. */
1302:Generated_Source\PSoC6\pdl\drivers/peripheral/syspm/cy_syspm.h ****     CY_SYSPM_BAD_PARAM      = CY_SYSPM_ID | CY_PDL_STATUS_ERROR | 0x01U,    /**< One or more invali
1303:Generated_Source\PSoC6\pdl\drivers/peripheral/syspm/cy_syspm.h ****     CY_SYSPM_TIMEOUT        = CY_SYSPM_ID | CY_PDL_STATUS_ERROR | 0x02U,    /**< A time-out occurre
1304:Generated_Source\PSoC6\pdl\drivers/peripheral/syspm/cy_syspm.h ****     CY_SYSPM_INVALID_STATE  = CY_SYSPM_ID | CY_PDL_STATUS_ERROR | 0x03U,    /**< The operation is n
1305:Generated_Source\PSoC6\pdl\drivers/peripheral/syspm/cy_syspm.h ****                                                                                  improper state. */
1306:Generated_Source\PSoC6\pdl\drivers/peripheral/syspm/cy_syspm.h ****     CY_SYSPM_CANCELED       = CY_SYSPM_ID | CY_PDL_STATUS_ERROR | 0x04U,    /**< Operation canceled
1307:Generated_Source\PSoC6\pdl\drivers/peripheral/syspm/cy_syspm.h ****     CY_SYSPM_FAIL           = CY_SYSPM_ID | CY_PDL_STATUS_ERROR | 0xFFU     /**< Unknown failure. *
1308:Generated_Source\PSoC6\pdl\drivers/peripheral/syspm/cy_syspm.h **** } cy_en_syspm_status_t;
1309:Generated_Source\PSoC6\pdl\drivers/peripheral/syspm/cy_syspm.h **** 
1310:Generated_Source\PSoC6\pdl\drivers/peripheral/syspm/cy_syspm.h **** /**
1311:Generated_Source\PSoC6\pdl\drivers/peripheral/syspm/cy_syspm.h **** * This enumeration is used to initialize the functions wait action. The wait actions can be - 
1312:Generated_Source\PSoC6\pdl\drivers/peripheral/syspm/cy_syspm.h **** * an interrupt or an event. Refer to the CMSIS for WFE and WFI instruction explanations.
1313:Generated_Source\PSoC6\pdl\drivers/peripheral/syspm/cy_syspm.h **** */
1314:Generated_Source\PSoC6\pdl\drivers/peripheral/syspm/cy_syspm.h **** typedef enum
1315:Generated_Source\PSoC6\pdl\drivers/peripheral/syspm/cy_syspm.h **** {
1316:Generated_Source\PSoC6\pdl\drivers/peripheral/syspm/cy_syspm.h ****     CY_SYSPM_WAIT_FOR_INTERRUPT,    /**< Wait for an interrupt. */
1317:Generated_Source\PSoC6\pdl\drivers/peripheral/syspm/cy_syspm.h ****     CY_SYSPM_WAIT_FOR_EVENT         /**< Wait for an event. */
1318:Generated_Source\PSoC6\pdl\drivers/peripheral/syspm/cy_syspm.h **** } cy_en_syspm_waitfor_t;
1319:Generated_Source\PSoC6\pdl\drivers/peripheral/syspm/cy_syspm.h **** 
1320:Generated_Source\PSoC6\pdl\drivers/peripheral/syspm/cy_syspm.h **** /** This enumeration is used to configure wakeup sources for the System Hibernate 
1321:Generated_Source\PSoC6\pdl\drivers/peripheral/syspm/cy_syspm.h **** *   power mode.
1322:Generated_Source\PSoC6\pdl\drivers/peripheral/syspm/cy_syspm.h **** */
1323:Generated_Source\PSoC6\pdl\drivers/peripheral/syspm/cy_syspm.h **** typedef enum
1324:Generated_Source\PSoC6\pdl\drivers/peripheral/syspm/cy_syspm.h **** {
1325:Generated_Source\PSoC6\pdl\drivers/peripheral/syspm/cy_syspm.h ****     /** Wake on a low logic level for the LPComp0. */
1326:Generated_Source\PSoC6\pdl\drivers/peripheral/syspm/cy_syspm.h ****     CY_SYSPM_HIBERNATE_LPCOMP0_LOW  = CY_SYSPM_HIB_WAKEUP_LPCOMP0_MASK,
1327:Generated_Source\PSoC6\pdl\drivers/peripheral/syspm/cy_syspm.h **** 
1328:Generated_Source\PSoC6\pdl\drivers/peripheral/syspm/cy_syspm.h ****     /** Wake on a high logic level for the LPComp0. */
1329:Generated_Source\PSoC6\pdl\drivers/peripheral/syspm/cy_syspm.h ****     CY_SYSPM_HIBERNATE_LPCOMP0_HIGH = CY_SYSPM_HIB_WAKEUP_LPCOMP0_MASK | CY_SYSPM_HIB_WAKEUP_LPCOMP
1330:Generated_Source\PSoC6\pdl\drivers/peripheral/syspm/cy_syspm.h ****     
1331:Generated_Source\PSoC6\pdl\drivers/peripheral/syspm/cy_syspm.h ****     /** Wake on a low logic level for the LPComp1. */
ARM GAS  C:\Users\Finik\AppData\Local\Temp\cctwKBtC.s 			page 86


1332:Generated_Source\PSoC6\pdl\drivers/peripheral/syspm/cy_syspm.h ****     CY_SYSPM_HIBERNATE_LPCOMP1_LOW  = CY_SYSPM_HIB_WAKEUP_LPCOMP1_MASK,
1333:Generated_Source\PSoC6\pdl\drivers/peripheral/syspm/cy_syspm.h ****     
1334:Generated_Source\PSoC6\pdl\drivers/peripheral/syspm/cy_syspm.h ****     /** Wake on a high logic level for the LPComp1. */
1335:Generated_Source\PSoC6\pdl\drivers/peripheral/syspm/cy_syspm.h ****     CY_SYSPM_HIBERNATE_LPCOMP1_HIGH = CY_SYSPM_HIB_WAKEUP_LPCOMP1_MASK | CY_SYSPM_HIB_WAKEUP_LPCOMP
1336:Generated_Source\PSoC6\pdl\drivers/peripheral/syspm/cy_syspm.h **** 
1337:Generated_Source\PSoC6\pdl\drivers/peripheral/syspm/cy_syspm.h ****     /** Configure the RTC alarm as wakeup source. */
1338:Generated_Source\PSoC6\pdl\drivers/peripheral/syspm/cy_syspm.h ****     CY_SYSPM_HIBERNATE_RTC_ALARM = SRSS_PWR_HIBERNATE_MASK_HIBALARM_Msk,
1339:Generated_Source\PSoC6\pdl\drivers/peripheral/syspm/cy_syspm.h ****     
1340:Generated_Source\PSoC6\pdl\drivers/peripheral/syspm/cy_syspm.h ****     /** Configure the WDT interrupt as wakeup source. */
1341:Generated_Source\PSoC6\pdl\drivers/peripheral/syspm/cy_syspm.h ****     CY_SYSPM_HIBERNATE_WDT = SRSS_PWR_HIBERNATE_MASK_HIBWDT_Msk,
1342:Generated_Source\PSoC6\pdl\drivers/peripheral/syspm/cy_syspm.h **** 
1343:Generated_Source\PSoC6\pdl\drivers/peripheral/syspm/cy_syspm.h ****     /** Configure a low logic level for the first wakeup-pin. See device datasheet for specific pin
1344:Generated_Source\PSoC6\pdl\drivers/peripheral/syspm/cy_syspm.h ****     CY_SYSPM_HIBERNATE_PIN0_LOW  = CY_SYSPM_HIB_WAKEUP_PIN0_MASK,
1345:Generated_Source\PSoC6\pdl\drivers/peripheral/syspm/cy_syspm.h ****     
1346:Generated_Source\PSoC6\pdl\drivers/peripheral/syspm/cy_syspm.h ****     /** Configure a high logic level for the first wakeup-pin. See device datasheet for specific pi
1347:Generated_Source\PSoC6\pdl\drivers/peripheral/syspm/cy_syspm.h ****     CY_SYSPM_HIBERNATE_PIN0_HIGH = CY_SYSPM_HIB_WAKEUP_PIN0_MASK | CY_SYSPM_HIB_WAKEUP_PIN0_POLARIT
1348:Generated_Source\PSoC6\pdl\drivers/peripheral/syspm/cy_syspm.h **** 
1349:Generated_Source\PSoC6\pdl\drivers/peripheral/syspm/cy_syspm.h ****     /** Configure a low logic level for the second wakeup-pin. See device datasheet for specific pi
1350:Generated_Source\PSoC6\pdl\drivers/peripheral/syspm/cy_syspm.h ****     CY_SYSPM_HIBERNATE_PIN1_LOW  = CY_SYSPM_HIB_WAKEUP_PIN1_MASK,
1351:Generated_Source\PSoC6\pdl\drivers/peripheral/syspm/cy_syspm.h **** 
1352:Generated_Source\PSoC6\pdl\drivers/peripheral/syspm/cy_syspm.h ****     /** Configure a high logic level for the second wakeup-pin. See device datasheet for specific p
1353:Generated_Source\PSoC6\pdl\drivers/peripheral/syspm/cy_syspm.h ****     CY_SYSPM_HIBERNATE_PIN1_HIGH = CY_SYSPM_HIB_WAKEUP_PIN1_MASK | CY_SYSPM_HIB_WAKEUP_PIN1_POLARIT
1354:Generated_Source\PSoC6\pdl\drivers/peripheral/syspm/cy_syspm.h **** } cy_en_syspm_hibernate_wakeup_source_t;
1355:Generated_Source\PSoC6\pdl\drivers/peripheral/syspm/cy_syspm.h **** 
1356:Generated_Source\PSoC6\pdl\drivers/peripheral/syspm/cy_syspm.h **** /** This enumeration is used to select LDO regulator output voltage. */
1357:Generated_Source\PSoC6\pdl\drivers/peripheral/syspm/cy_syspm.h **** typedef enum
1358:Generated_Source\PSoC6\pdl\drivers/peripheral/syspm/cy_syspm.h **** {
1359:Generated_Source\PSoC6\pdl\drivers/peripheral/syspm/cy_syspm.h ****     CY_SYSPM_LDO_VOLTAGE_ULP  = 0U,    /**< System ULP nominal LDO voltage. 
1360:Generated_Source\PSoC6\pdl\drivers/peripheral/syspm/cy_syspm.h ****                                             See device datasheet for specific voltage. */
1361:Generated_Source\PSoC6\pdl\drivers/peripheral/syspm/cy_syspm.h ****     CY_SYSPM_LDO_VOLTAGE_LP   = 1U,    /**< System LP nominal LDO voltage.
1362:Generated_Source\PSoC6\pdl\drivers/peripheral/syspm/cy_syspm.h ****                                             See device datasheet for specific voltage. */
1363:Generated_Source\PSoC6\pdl\drivers/peripheral/syspm/cy_syspm.h ****     CY_SYSPM_LDO_VOLTAGE_0_9V = 0U,    /**< 0.9 V nominal LDO voltage */
1364:Generated_Source\PSoC6\pdl\drivers/peripheral/syspm/cy_syspm.h ****     CY_SYSPM_LDO_VOLTAGE_1_1V = 1U     /**< 1.1 V nominal LDO voltage */
1365:Generated_Source\PSoC6\pdl\drivers/peripheral/syspm/cy_syspm.h **** } cy_en_syspm_ldo_voltage_t;
1366:Generated_Source\PSoC6\pdl\drivers/peripheral/syspm/cy_syspm.h **** 
1367:Generated_Source\PSoC6\pdl\drivers/peripheral/syspm/cy_syspm.h **** /** This enumeration is used to select the LDO regulator operating mode. */
1368:Generated_Source\PSoC6\pdl\drivers/peripheral/syspm/cy_syspm.h **** typedef enum
1369:Generated_Source\PSoC6\pdl\drivers/peripheral/syspm/cy_syspm.h **** {
1370:Generated_Source\PSoC6\pdl\drivers/peripheral/syspm/cy_syspm.h ****     CY_SYSPM_LDO_MODE_DISABLED = 0U,    /**< Disables the LDO. */
1371:Generated_Source\PSoC6\pdl\drivers/peripheral/syspm/cy_syspm.h ****     CY_SYSPM_LDO_MODE_NORMAL   = 1U,    /**< Sets normal current mode. See device datasheet for 
1372:Generated_Source\PSoC6\pdl\drivers/peripheral/syspm/cy_syspm.h ****                                              specific maximum current limit. */
1373:Generated_Source\PSoC6\pdl\drivers/peripheral/syspm/cy_syspm.h ****     CY_SYSPM_LDO_MODE_MIN      = 2U     /**< Sets minimum current mode. See device datasheet for 
1374:Generated_Source\PSoC6\pdl\drivers/peripheral/syspm/cy_syspm.h ****                                              specific  current limit.  */
1375:Generated_Source\PSoC6\pdl\drivers/peripheral/syspm/cy_syspm.h **** } cy_en_syspm_ldo_mode_t;
1376:Generated_Source\PSoC6\pdl\drivers/peripheral/syspm/cy_syspm.h **** 
1377:Generated_Source\PSoC6\pdl\drivers/peripheral/syspm/cy_syspm.h **** /**
1378:Generated_Source\PSoC6\pdl\drivers/peripheral/syspm/cy_syspm.h **** *  This enumeration is used to select the output voltage for the Buck regulator output 1.
1379:Generated_Source\PSoC6\pdl\drivers/peripheral/syspm/cy_syspm.h **** */
1380:Generated_Source\PSoC6\pdl\drivers/peripheral/syspm/cy_syspm.h **** typedef enum
1381:Generated_Source\PSoC6\pdl\drivers/peripheral/syspm/cy_syspm.h **** {
1382:Generated_Source\PSoC6\pdl\drivers/peripheral/syspm/cy_syspm.h ****     CY_SYSPM_BUCK_OUT1_VOLTAGE_ULP  = 0x02U,    /**< System ULP nominal Buck voltage. 
1383:Generated_Source\PSoC6\pdl\drivers/peripheral/syspm/cy_syspm.h ****                                                      See device datasheet for specific voltage. */
1384:Generated_Source\PSoC6\pdl\drivers/peripheral/syspm/cy_syspm.h ****     CY_SYSPM_BUCK_OUT1_VOLTAGE_LP   = 0x05U,    /**< LP nominal Buck voltage. 
1385:Generated_Source\PSoC6\pdl\drivers/peripheral/syspm/cy_syspm.h ****                                                      See device datasheet for specific voltage. */
1386:Generated_Source\PSoC6\pdl\drivers/peripheral/syspm/cy_syspm.h ****     CY_SYSPM_BUCK_OUT1_VOLTAGE_0_9V = 0x02U,    /**< 0.9 V nominal Buck voltage */
1387:Generated_Source\PSoC6\pdl\drivers/peripheral/syspm/cy_syspm.h ****     CY_SYSPM_BUCK_OUT1_VOLTAGE_1_1V = 0x05U     /**< 1.1 V nominal Buck voltage */
1388:Generated_Source\PSoC6\pdl\drivers/peripheral/syspm/cy_syspm.h **** } cy_en_syspm_buck_voltage1_t;
ARM GAS  C:\Users\Finik\AppData\Local\Temp\cctwKBtC.s 			page 87


1389:Generated_Source\PSoC6\pdl\drivers/peripheral/syspm/cy_syspm.h **** 
1390:Generated_Source\PSoC6\pdl\drivers/peripheral/syspm/cy_syspm.h **** /** This enumeration is used to select the Buck regulator outputs. */
1391:Generated_Source\PSoC6\pdl\drivers/peripheral/syspm/cy_syspm.h **** typedef enum
1392:Generated_Source\PSoC6\pdl\drivers/peripheral/syspm/cy_syspm.h **** {
1393:Generated_Source\PSoC6\pdl\drivers/peripheral/syspm/cy_syspm.h ****     CY_SYSPM_BUCK_VBUCK_1 = 0x0U,    /**< Buck output 1 Voltage (Vbuck1). Typically used to 
1394:Generated_Source\PSoC6\pdl\drivers/peripheral/syspm/cy_syspm.h ****                                           supply the PSoC digital core logic. */
1395:Generated_Source\PSoC6\pdl\drivers/peripheral/syspm/cy_syspm.h ****     CY_SYSPM_BUCK_VRF                /**< Buck out 2 Voltage (Vbuckrf). Typically used to 
1396:Generated_Source\PSoC6\pdl\drivers/peripheral/syspm/cy_syspm.h ****                                           supply the BLE radio logic. */
1397:Generated_Source\PSoC6\pdl\drivers/peripheral/syspm/cy_syspm.h **** } cy_en_syspm_buck_out_t;
1398:Generated_Source\PSoC6\pdl\drivers/peripheral/syspm/cy_syspm.h **** 
1399:Generated_Source\PSoC6\pdl\drivers/peripheral/syspm/cy_syspm.h **** /**
1400:Generated_Source\PSoC6\pdl\drivers/peripheral/syspm/cy_syspm.h **** * This enumeration is used to select the output voltage for the Buck regulator
1401:Generated_Source\PSoC6\pdl\drivers/peripheral/syspm/cy_syspm.h **** * output 2, which can source the BLE radio.
1402:Generated_Source\PSoC6\pdl\drivers/peripheral/syspm/cy_syspm.h **** */
1403:Generated_Source\PSoC6\pdl\drivers/peripheral/syspm/cy_syspm.h **** typedef enum
1404:Generated_Source\PSoC6\pdl\drivers/peripheral/syspm/cy_syspm.h **** {
1405:Generated_Source\PSoC6\pdl\drivers/peripheral/syspm/cy_syspm.h ****     CY_SYSPM_BUCK_OUT2_VOLTAGE_1_15V = 0U,    /**< 1.15 V nominal voltage. */
1406:Generated_Source\PSoC6\pdl\drivers/peripheral/syspm/cy_syspm.h ****     CY_SYSPM_BUCK_OUT2_VOLTAGE_1_2V  = 1U,    /**< 1.20 V nominal voltage. */
1407:Generated_Source\PSoC6\pdl\drivers/peripheral/syspm/cy_syspm.h ****     CY_SYSPM_BUCK_OUT2_VOLTAGE_1_25V = 2U,    /**< 1.25 V nominal voltage. */
1408:Generated_Source\PSoC6\pdl\drivers/peripheral/syspm/cy_syspm.h ****     CY_SYSPM_BUCK_OUT2_VOLTAGE_1_3V  = 3U,    /**< 1.3 V nominal voltage.  */
1409:Generated_Source\PSoC6\pdl\drivers/peripheral/syspm/cy_syspm.h ****     CY_SYSPM_BUCK_OUT2_VOLTAGE_1_35V = 4U,    /**< 1.35 V nominal voltage. */
1410:Generated_Source\PSoC6\pdl\drivers/peripheral/syspm/cy_syspm.h ****     CY_SYSPM_BUCK_OUT2_VOLTAGE_1_4V  = 5U,    /**< 1.4 V nominal voltage. */
1411:Generated_Source\PSoC6\pdl\drivers/peripheral/syspm/cy_syspm.h ****     CY_SYSPM_BUCK_OUT2_VOLTAGE_1_45V = 6U,    /**< 1.45 V nominal voltage. */
1412:Generated_Source\PSoC6\pdl\drivers/peripheral/syspm/cy_syspm.h ****     CY_SYSPM_BUCK_OUT2_VOLTAGE_1_5V  = 7U     /**< 1.5 V nominal voltage. */
1413:Generated_Source\PSoC6\pdl\drivers/peripheral/syspm/cy_syspm.h **** } cy_en_syspm_buck_voltage2_t;
1414:Generated_Source\PSoC6\pdl\drivers/peripheral/syspm/cy_syspm.h **** 
1415:Generated_Source\PSoC6\pdl\drivers/peripheral/syspm/cy_syspm.h **** /**
1416:Generated_Source\PSoC6\pdl\drivers/peripheral/syspm/cy_syspm.h **** * This enumeration is used to set the polarity for the PMIC input. The PMIC output is 
1417:Generated_Source\PSoC6\pdl\drivers/peripheral/syspm/cy_syspm.h **** * automatically enabled when the configured polarity of the PMIC input and the logic level
1418:Generated_Source\PSoC6\pdl\drivers/peripheral/syspm/cy_syspm.h **** * driven to the pmic_wakeup_in pin match.
1419:Generated_Source\PSoC6\pdl\drivers/peripheral/syspm/cy_syspm.h **** *
1420:Generated_Source\PSoC6\pdl\drivers/peripheral/syspm/cy_syspm.h **** * \warning 
1421:Generated_Source\PSoC6\pdl\drivers/peripheral/syspm/cy_syspm.h **** * Do not use CY_SYSPM_PMIC_POLARITY_LOW as it is not supported by hardware.
1422:Generated_Source\PSoC6\pdl\drivers/peripheral/syspm/cy_syspm.h **** */
1423:Generated_Source\PSoC6\pdl\drivers/peripheral/syspm/cy_syspm.h **** typedef enum
1424:Generated_Source\PSoC6\pdl\drivers/peripheral/syspm/cy_syspm.h **** {
1425:Generated_Source\PSoC6\pdl\drivers/peripheral/syspm/cy_syspm.h ****     CY_SYSPM_PMIC_POLARITY_LOW   = 0U,    /**< Set active low logic level for the PMIC input. */
1426:Generated_Source\PSoC6\pdl\drivers/peripheral/syspm/cy_syspm.h ****     CY_SYSPM_PMIC_POLARITY_HIGH  = 1U     /**< Set active high logic level for the PMIC input. */
1427:Generated_Source\PSoC6\pdl\drivers/peripheral/syspm/cy_syspm.h **** } cy_en_syspm_pmic_wakeup_polarity_t;
1428:Generated_Source\PSoC6\pdl\drivers/peripheral/syspm/cy_syspm.h **** 
1429:Generated_Source\PSoC6\pdl\drivers/peripheral/syspm/cy_syspm.h **** /** This enumeration selects Vbackup or Vddd to supply Vddbackup. */
1430:Generated_Source\PSoC6\pdl\drivers/peripheral/syspm/cy_syspm.h **** typedef enum
1431:Generated_Source\PSoC6\pdl\drivers/peripheral/syspm/cy_syspm.h **** {
1432:Generated_Source\PSoC6\pdl\drivers/peripheral/syspm/cy_syspm.h ****     CY_SYSPM_VDDBACKUP_DEFAULT         = 0U,    /**< Logic automatically selects Vddd if present or
1433:Generated_Source\PSoC6\pdl\drivers/peripheral/syspm/cy_syspm.h ****                                                      Vbackup if Vddd is not present to supply Vddba
1434:Generated_Source\PSoC6\pdl\drivers/peripheral/syspm/cy_syspm.h ****     CY_SYSPM_VDDBACKUP_VBACKUP         = 2U     /**< Sets only Vbackup to supply Vddbackup */
1435:Generated_Source\PSoC6\pdl\drivers/peripheral/syspm/cy_syspm.h **** } cy_en_syspm_vddbackup_control_t;
1436:Generated_Source\PSoC6\pdl\drivers/peripheral/syspm/cy_syspm.h **** 
1437:Generated_Source\PSoC6\pdl\drivers/peripheral/syspm/cy_syspm.h **** /** This enumeration enables supercapacitor charging. */
1438:Generated_Source\PSoC6\pdl\drivers/peripheral/syspm/cy_syspm.h **** typedef enum
1439:Generated_Source\PSoC6\pdl\drivers/peripheral/syspm/cy_syspm.h **** {
1440:Generated_Source\PSoC6\pdl\drivers/peripheral/syspm/cy_syspm.h ****     CY_SYSPM_SC_CHARGE_ENABLE     = 0x3CU,    /**< Enables supercapacitor charging */
1441:Generated_Source\PSoC6\pdl\drivers/peripheral/syspm/cy_syspm.h ****     CY_SYSPM_SC_CHARGE_DISABLE    = 0x00U     /**< Disables supercapacitor charging */
1442:Generated_Source\PSoC6\pdl\drivers/peripheral/syspm/cy_syspm.h **** } cy_en_syspm_sc_charge_key_t;
1443:Generated_Source\PSoC6\pdl\drivers/peripheral/syspm/cy_syspm.h **** 
1444:Generated_Source\PSoC6\pdl\drivers/peripheral/syspm/cy_syspm.h **** /** This enumeration configures the flash voltage bit for different system power modes. */
1445:Generated_Source\PSoC6\pdl\drivers/peripheral/syspm/cy_syspm.h **** typedef enum
ARM GAS  C:\Users\Finik\AppData\Local\Temp\cctwKBtC.s 			page 88


1446:Generated_Source\PSoC6\pdl\drivers/peripheral/syspm/cy_syspm.h **** {
1447:Generated_Source\PSoC6\pdl\drivers/peripheral/syspm/cy_syspm.h ****     CY_SYSPM_FLASH_VOLTAGE_BIT_LP  = 0U,    /**< Set the flash voltage bit for system LP mode */
1448:Generated_Source\PSoC6\pdl\drivers/peripheral/syspm/cy_syspm.h ****     CY_SYSPM_FLASH_VOLTAGE_BIT_ULP = 1U,    /**< Set the flash voltage bit for system ULP mode */
1449:Generated_Source\PSoC6\pdl\drivers/peripheral/syspm/cy_syspm.h **** } cy_en_syspm_flash_voltage_bit_t;
1450:Generated_Source\PSoC6\pdl\drivers/peripheral/syspm/cy_syspm.h **** 
1451:Generated_Source\PSoC6\pdl\drivers/peripheral/syspm/cy_syspm.h **** /**
1452:Generated_Source\PSoC6\pdl\drivers/peripheral/syspm/cy_syspm.h **** * This enumeration is used to select the low power mode for which the
1453:Generated_Source\PSoC6\pdl\drivers/peripheral/syspm/cy_syspm.h **** * appropriate registered callback handler will be executed. For example,
1454:Generated_Source\PSoC6\pdl\drivers/peripheral/syspm/cy_syspm.h **** * the registered callback of the type CY_SYSPM_SLEEP will be executed while
1455:Generated_Source\PSoC6\pdl\drivers/peripheral/syspm/cy_syspm.h **** * switching into the Sleep power mode.
1456:Generated_Source\PSoC6\pdl\drivers/peripheral/syspm/cy_syspm.h **** */
1457:Generated_Source\PSoC6\pdl\drivers/peripheral/syspm/cy_syspm.h **** typedef enum
1458:Generated_Source\PSoC6\pdl\drivers/peripheral/syspm/cy_syspm.h **** {
1459:Generated_Source\PSoC6\pdl\drivers/peripheral/syspm/cy_syspm.h ****     CY_SYSPM_SLEEP      = 0U,    /**< The Sleep enum callback type */
1460:Generated_Source\PSoC6\pdl\drivers/peripheral/syspm/cy_syspm.h ****     CY_SYSPM_DEEPSLEEP  = 1U,    /**< The Deep Sleep enum callback type */
1461:Generated_Source\PSoC6\pdl\drivers/peripheral/syspm/cy_syspm.h ****     CY_SYSPM_HIBERNATE  = 2U,    /**< The Hibernate enum callback type */
1462:Generated_Source\PSoC6\pdl\drivers/peripheral/syspm/cy_syspm.h ****     CY_SYSPM_LP         = 3U,    /**< The Low Power enum callback type */
1463:Generated_Source\PSoC6\pdl\drivers/peripheral/syspm/cy_syspm.h ****     CY_SYSPM_ULP        = 4U     /**< The Ultra Low Power enum callback type */
1464:Generated_Source\PSoC6\pdl\drivers/peripheral/syspm/cy_syspm.h **** } cy_en_syspm_callback_type_t;
1465:Generated_Source\PSoC6\pdl\drivers/peripheral/syspm/cy_syspm.h **** 
1466:Generated_Source\PSoC6\pdl\drivers/peripheral/syspm/cy_syspm.h **** /** This enumeration specifies the associated callback mode. This enum defines the callback mode. *
1467:Generated_Source\PSoC6\pdl\drivers/peripheral/syspm/cy_syspm.h **** typedef enum
1468:Generated_Source\PSoC6\pdl\drivers/peripheral/syspm/cy_syspm.h **** {
1469:Generated_Source\PSoC6\pdl\drivers/peripheral/syspm/cy_syspm.h ****     CY_SYSPM_CHECK_READY        = 0x01U,    /**< Callbacks with this mode are executed before enter
1470:Generated_Source\PSoC6\pdl\drivers/peripheral/syspm/cy_syspm.h ****                                                  low power mode. The purpose of his callback functi
1471:Generated_Source\PSoC6\pdl\drivers/peripheral/syspm/cy_syspm.h ****                                                  if the device is ready to enter the low power mode
1472:Generated_Source\PSoC6\pdl\drivers/peripheral/syspm/cy_syspm.h ****     CY_SYSPM_CHECK_FAIL         = 0x02U,    /**< Callbacks with this mode are executed after the CY
1473:Generated_Source\PSoC6\pdl\drivers/peripheral/syspm/cy_syspm.h ****                                                  callbacks execution returns CY_SYSPM_FAIL. 
1474:Generated_Source\PSoC6\pdl\drivers/peripheral/syspm/cy_syspm.h ****                                                  The callback with the CY_SYSPM_CHECK_FAIL mode sho
1475:Generated_Source\PSoC6\pdl\drivers/peripheral/syspm/cy_syspm.h ****                                                  actions performed in the previously executed callb
1476:Generated_Source\PSoC6\pdl\drivers/peripheral/syspm/cy_syspm.h ****                                                  CY_SYSPM_CHECK_READY */
1477:Generated_Source\PSoC6\pdl\drivers/peripheral/syspm/cy_syspm.h ****     CY_SYSPM_BEFORE_TRANSITION  = 0x04U,    /**< Callbacks with this mode are executed after the CY
1478:Generated_Source\PSoC6\pdl\drivers/peripheral/syspm/cy_syspm.h ****                                                  callbacks execution returns CY_SYSPM_SUCCESS.
1479:Generated_Source\PSoC6\pdl\drivers/peripheral/syspm/cy_syspm.h ****                                                  Performs the actions to be done before entering in
1480:Generated_Source\PSoC6\pdl\drivers/peripheral/syspm/cy_syspm.h ****                                                  low power mode. */
1481:Generated_Source\PSoC6\pdl\drivers/peripheral/syspm/cy_syspm.h ****     CY_SYSPM_AFTER_TRANSITION   = 0x08U     /**< Performs the actions to be done after exiting the 
1482:Generated_Source\PSoC6\pdl\drivers/peripheral/syspm/cy_syspm.h ****                                                  if entered. */
1483:Generated_Source\PSoC6\pdl\drivers/peripheral/syspm/cy_syspm.h **** } cy_en_syspm_callback_mode_t;
1484:Generated_Source\PSoC6\pdl\drivers/peripheral/syspm/cy_syspm.h **** 
1485:Generated_Source\PSoC6\pdl\drivers/peripheral/syspm/cy_syspm.h **** /** \} group_syspm_data_enumerates */
1486:Generated_Source\PSoC6\pdl\drivers/peripheral/syspm/cy_syspm.h **** 
1487:Generated_Source\PSoC6\pdl\drivers/peripheral/syspm/cy_syspm.h **** /**
1488:Generated_Source\PSoC6\pdl\drivers/peripheral/syspm/cy_syspm.h **** * \addtogroup group_syspm_macros
1489:Generated_Source\PSoC6\pdl\drivers/peripheral/syspm/cy_syspm.h **** * \{
1490:Generated_Source\PSoC6\pdl\drivers/peripheral/syspm/cy_syspm.h **** */
1491:Generated_Source\PSoC6\pdl\drivers/peripheral/syspm/cy_syspm.h **** /**
1492:Generated_Source\PSoC6\pdl\drivers/peripheral/syspm/cy_syspm.h **** * \defgroup group_syspm_skip_callback_modes Defines to skip the callbacks modes
1493:Generated_Source\PSoC6\pdl\drivers/peripheral/syspm/cy_syspm.h **** * \{
1494:Generated_Source\PSoC6\pdl\drivers/peripheral/syspm/cy_syspm.h **** * Defines for the SysPm callbacks modes that can be skipped during execution.
1495:Generated_Source\PSoC6\pdl\drivers/peripheral/syspm/cy_syspm.h **** * For more information about callbacks modes, refer 
1496:Generated_Source\PSoC6\pdl\drivers/peripheral/syspm/cy_syspm.h **** * to \ref cy_en_syspm_callback_mode_t.
1497:Generated_Source\PSoC6\pdl\drivers/peripheral/syspm/cy_syspm.h **** */
1498:Generated_Source\PSoC6\pdl\drivers/peripheral/syspm/cy_syspm.h **** #define CY_SYSPM_SKIP_CHECK_READY                   (0x01U)   /**< Define to skip check ready mode 
1499:Generated_Source\PSoC6\pdl\drivers/peripheral/syspm/cy_syspm.h **** #define CY_SYSPM_SKIP_CHECK_FAIL                    (0x02U)   /**< Define to skip check fail mode i
1500:Generated_Source\PSoC6\pdl\drivers/peripheral/syspm/cy_syspm.h **** #define CY_SYSPM_SKIP_BEFORE_TRANSITION             (0x04U)   /**< Define to skip before transition
1501:Generated_Source\PSoC6\pdl\drivers/peripheral/syspm/cy_syspm.h **** #define CY_SYSPM_SKIP_AFTER_TRANSITION              (0x08U)   /**< Define to skip after transition 
1502:Generated_Source\PSoC6\pdl\drivers/peripheral/syspm/cy_syspm.h **** /** \} group_syspm_skip_callback_modes */
ARM GAS  C:\Users\Finik\AppData\Local\Temp\cctwKBtC.s 			page 89


1503:Generated_Source\PSoC6\pdl\drivers/peripheral/syspm/cy_syspm.h **** /** \} group_syspm_macros */
1504:Generated_Source\PSoC6\pdl\drivers/peripheral/syspm/cy_syspm.h **** 
1505:Generated_Source\PSoC6\pdl\drivers/peripheral/syspm/cy_syspm.h **** /**
1506:Generated_Source\PSoC6\pdl\drivers/peripheral/syspm/cy_syspm.h **** * \addtogroup group_syspm_data_structures
1507:Generated_Source\PSoC6\pdl\drivers/peripheral/syspm/cy_syspm.h **** * \{
1508:Generated_Source\PSoC6\pdl\drivers/peripheral/syspm/cy_syspm.h **** */
1509:Generated_Source\PSoC6\pdl\drivers/peripheral/syspm/cy_syspm.h **** 
1510:Generated_Source\PSoC6\pdl\drivers/peripheral/syspm/cy_syspm.h **** /** The structure contains syspm callback parameters */
1511:Generated_Source\PSoC6\pdl\drivers/peripheral/syspm/cy_syspm.h **** typedef struct
1512:Generated_Source\PSoC6\pdl\drivers/peripheral/syspm/cy_syspm.h **** {
1513:Generated_Source\PSoC6\pdl\drivers/peripheral/syspm/cy_syspm.h ****     void *base;         /**< Base address of a HW instance, matches name of the driver in
1514:Generated_Source\PSoC6\pdl\drivers/peripheral/syspm/cy_syspm.h ****                              the API for the base address. Can be undefined if not required. Base a
1515:Generated_Source\PSoC6\pdl\drivers/peripheral/syspm/cy_syspm.h ****                              required for the SysPm driver as the device has only one set of power 
1516:Generated_Source\PSoC6\pdl\drivers/peripheral/syspm/cy_syspm.h ****     void *context;      /**< Context for the handler function. This item can be 
1517:Generated_Source\PSoC6\pdl\drivers/peripheral/syspm/cy_syspm.h ****                              skipped if not required. Can be undefined if not required. */
1518:Generated_Source\PSoC6\pdl\drivers/peripheral/syspm/cy_syspm.h **** 
1519:Generated_Source\PSoC6\pdl\drivers/peripheral/syspm/cy_syspm.h **** } cy_stc_syspm_callback_params_t;
1520:Generated_Source\PSoC6\pdl\drivers/peripheral/syspm/cy_syspm.h **** 
1521:Generated_Source\PSoC6\pdl\drivers/peripheral/syspm/cy_syspm.h **** /** The type for syspm callbacks */
1522:Generated_Source\PSoC6\pdl\drivers/peripheral/syspm/cy_syspm.h **** typedef cy_en_syspm_status_t (*Cy_SysPmCallback) (cy_stc_syspm_callback_params_t *callbackParams, c
1523:Generated_Source\PSoC6\pdl\drivers/peripheral/syspm/cy_syspm.h **** 
1524:Generated_Source\PSoC6\pdl\drivers/peripheral/syspm/cy_syspm.h **** /** Structure with syspm callback configuration elements */
1525:Generated_Source\PSoC6\pdl\drivers/peripheral/syspm/cy_syspm.h **** typedef struct cy_stc_syspm_callback
1526:Generated_Source\PSoC6\pdl\drivers/peripheral/syspm/cy_syspm.h **** {
1527:Generated_Source\PSoC6\pdl\drivers/peripheral/syspm/cy_syspm.h ****     Cy_SysPmCallback callback;                         /**< The callback handler function. */
1528:Generated_Source\PSoC6\pdl\drivers/peripheral/syspm/cy_syspm.h ****     cy_en_syspm_callback_type_t type;                  /**< The callback type, see \ref cy_en_syspm
1529:Generated_Source\PSoC6\pdl\drivers/peripheral/syspm/cy_syspm.h ****     uint32_t skipMode;                                 /**< The mask of modes to be skipped during 
1530:Generated_Source\PSoC6\pdl\drivers/peripheral/syspm/cy_syspm.h ****                                                             execution, see \ref group_syspm_skip_ca
1531:Generated_Source\PSoC6\pdl\drivers/peripheral/syspm/cy_syspm.h ****                                                             corresponding callback mode won't execu
1532:Generated_Source\PSoC6\pdl\drivers/peripheral/syspm/cy_syspm.h ****                                                             appropriate define is set. These values
1533:Generated_Source\PSoC6\pdl\drivers/peripheral/syspm/cy_syspm.h ****                                                             If all modes are required to be execute
1534:Generated_Source\PSoC6\pdl\drivers/peripheral/syspm/cy_syspm.h ****                                                             should be equal to zero. Skipping unnee
1535:Generated_Source\PSoC6\pdl\drivers/peripheral/syspm/cy_syspm.h ****                                                             power mode transitions by skipping unne
1536:Generated_Source\PSoC6\pdl\drivers/peripheral/syspm/cy_syspm.h **** 
1537:Generated_Source\PSoC6\pdl\drivers/peripheral/syspm/cy_syspm.h ****     cy_stc_syspm_callback_params_t *callbackParams;    /**< The address of a cy_stc_syspm_callback_
1538:Generated_Source\PSoC6\pdl\drivers/peripheral/syspm/cy_syspm.h ****                                                             the callback is executed with these par
1539:Generated_Source\PSoC6\pdl\drivers/peripheral/syspm/cy_syspm.h **** 
1540:Generated_Source\PSoC6\pdl\drivers/peripheral/syspm/cy_syspm.h ****     struct cy_stc_syspm_callback *prevItm;             /**< The previous list item. This element sh
1541:Generated_Source\PSoC6\pdl\drivers/peripheral/syspm/cy_syspm.h ****                                                             defined, or defined as NULL. It is for 
1542:Generated_Source\PSoC6\pdl\drivers/peripheral/syspm/cy_syspm.h ****                                                             usage to link this structure to the nex
1543:Generated_Source\PSoC6\pdl\drivers/peripheral/syspm/cy_syspm.h ****                                                             structure. It will be updated during ca
1544:Generated_Source\PSoC6\pdl\drivers/peripheral/syspm/cy_syspm.h ****                                                             registration. Do not modify this elemen
1545:Generated_Source\PSoC6\pdl\drivers/peripheral/syspm/cy_syspm.h ****                                                             
1546:Generated_Source\PSoC6\pdl\drivers/peripheral/syspm/cy_syspm.h ****     struct cy_stc_syspm_callback *nextItm;             /**< The next list item. This element should
1547:Generated_Source\PSoC6\pdl\drivers/peripheral/syspm/cy_syspm.h ****                                                             defined, or defined as NULL. It is for 
1548:Generated_Source\PSoC6\pdl\drivers/peripheral/syspm/cy_syspm.h ****                                                             link this structure to the previous reg
1549:Generated_Source\PSoC6\pdl\drivers/peripheral/syspm/cy_syspm.h ****                                                             It will be updated during callback regi
1550:Generated_Source\PSoC6\pdl\drivers/peripheral/syspm/cy_syspm.h ****                                                             modify this element at run-time. */
1551:Generated_Source\PSoC6\pdl\drivers/peripheral/syspm/cy_syspm.h **** } cy_stc_syspm_callback_t;
1552:Generated_Source\PSoC6\pdl\drivers/peripheral/syspm/cy_syspm.h **** 
1553:Generated_Source\PSoC6\pdl\drivers/peripheral/syspm/cy_syspm.h **** /** This internal structure stores non-retained registers in the system Deep Sleep
1554:Generated_Source\PSoC6\pdl\drivers/peripheral/syspm/cy_syspm.h **** *   power mode. On wakeup from system Deep Sleep, these registers are restored.
1555:Generated_Source\PSoC6\pdl\drivers/peripheral/syspm/cy_syspm.h **** */
1556:Generated_Source\PSoC6\pdl\drivers/peripheral/syspm/cy_syspm.h **** typedef struct
1557:Generated_Source\PSoC6\pdl\drivers/peripheral/syspm/cy_syspm.h **** {
1558:Generated_Source\PSoC6\pdl\drivers/peripheral/syspm/cy_syspm.h ****     uint32_t CY_SYSPM_UDB_UDBIF_BANK_CTL_REG;    /**< UDB interface control register */
1559:Generated_Source\PSoC6\pdl\drivers/peripheral/syspm/cy_syspm.h **** 
ARM GAS  C:\Users\Finik\AppData\Local\Temp\cctwKBtC.s 			page 90


1560:Generated_Source\PSoC6\pdl\drivers/peripheral/syspm/cy_syspm.h ****     uint32_t CY_SYSPM_UDB_BCTL_MDCLK_EN_REG;    /**< UDB bank MDCLK_EN register */
1561:Generated_Source\PSoC6\pdl\drivers/peripheral/syspm/cy_syspm.h ****     uint32_t CY_SYSPM_UDB_BCTL_MBCLK_EN_REG;    /**< UDB bank MBCLK_EN register */
1562:Generated_Source\PSoC6\pdl\drivers/peripheral/syspm/cy_syspm.h ****     uint32_t CY_SYSPM_UDB_BCTL_BOTSEL_L_REG;    /**< UDB bank BOTSEL_L register */
1563:Generated_Source\PSoC6\pdl\drivers/peripheral/syspm/cy_syspm.h ****     uint32_t CY_SYSPM_UDB_BCTL_BOTSEL_U_REG;    /**< UDB bank BOTSEL_U register */
1564:Generated_Source\PSoC6\pdl\drivers/peripheral/syspm/cy_syspm.h ****     uint32_t CY_SYSPM_UDB_BCTL_QCLK_EN0_REG;    /**< UDB bank QCLK_EN0 register */
1565:Generated_Source\PSoC6\pdl\drivers/peripheral/syspm/cy_syspm.h ****     uint32_t CY_SYSPM_UDB_BCTL_QCLK_EN1_REG;    /**< UDB bank QCLK_EN1 register */
1566:Generated_Source\PSoC6\pdl\drivers/peripheral/syspm/cy_syspm.h ****     uint32_t CY_SYSPM_UDB_BCTL_QCLK_EN2_REG;    /**< UDB bank QCLK_EN2 register */
1567:Generated_Source\PSoC6\pdl\drivers/peripheral/syspm/cy_syspm.h **** } cy_stc_syspm_backup_regs_t;
1568:Generated_Source\PSoC6\pdl\drivers/peripheral/syspm/cy_syspm.h **** /** \} group_syspm_data_structures */
1569:Generated_Source\PSoC6\pdl\drivers/peripheral/syspm/cy_syspm.h **** 
1570:Generated_Source\PSoC6\pdl\drivers/peripheral/syspm/cy_syspm.h **** /**
1571:Generated_Source\PSoC6\pdl\drivers/peripheral/syspm/cy_syspm.h **** * \addtogroup group_syspm_functions
1572:Generated_Source\PSoC6\pdl\drivers/peripheral/syspm/cy_syspm.h **** * \{
1573:Generated_Source\PSoC6\pdl\drivers/peripheral/syspm/cy_syspm.h **** */
1574:Generated_Source\PSoC6\pdl\drivers/peripheral/syspm/cy_syspm.h **** 
1575:Generated_Source\PSoC6\pdl\drivers/peripheral/syspm/cy_syspm.h **** /**
1576:Generated_Source\PSoC6\pdl\drivers/peripheral/syspm/cy_syspm.h **** * \addtogroup group_syspm_functions_general
1577:Generated_Source\PSoC6\pdl\drivers/peripheral/syspm/cy_syspm.h **** * \{
1578:Generated_Source\PSoC6\pdl\drivers/peripheral/syspm/cy_syspm.h **** */
1579:Generated_Source\PSoC6\pdl\drivers/peripheral/syspm/cy_syspm.h **** cy_en_syspm_status_t Cy_SysPm_WriteVoltageBitForFlash(cy_en_syspm_flash_voltage_bit_t value);
1580:Generated_Source\PSoC6\pdl\drivers/peripheral/syspm/cy_syspm.h **** void Cy_SysPm_SaveRegisters(cy_stc_syspm_backup_regs_t *regs);
1581:Generated_Source\PSoC6\pdl\drivers/peripheral/syspm/cy_syspm.h **** void Cy_SysPm_RestoreRegisters(cy_stc_syspm_backup_regs_t const *regs);
1582:Generated_Source\PSoC6\pdl\drivers/peripheral/syspm/cy_syspm.h **** /** \} group_syspm_functions_general */
1583:Generated_Source\PSoC6\pdl\drivers/peripheral/syspm/cy_syspm.h **** 
1584:Generated_Source\PSoC6\pdl\drivers/peripheral/syspm/cy_syspm.h **** 
1585:Generated_Source\PSoC6\pdl\drivers/peripheral/syspm/cy_syspm.h **** /**
1586:Generated_Source\PSoC6\pdl\drivers/peripheral/syspm/cy_syspm.h **** * \addtogroup group_syspm_functions_power_status
1587:Generated_Source\PSoC6\pdl\drivers/peripheral/syspm/cy_syspm.h **** * \{
1588:Generated_Source\PSoC6\pdl\drivers/peripheral/syspm/cy_syspm.h **** */
1589:Generated_Source\PSoC6\pdl\drivers/peripheral/syspm/cy_syspm.h **** 
1590:Generated_Source\PSoC6\pdl\drivers/peripheral/syspm/cy_syspm.h **** __STATIC_INLINE bool Cy_SysPm_Cm4IsActive(void);
1591:Generated_Source\PSoC6\pdl\drivers/peripheral/syspm/cy_syspm.h **** __STATIC_INLINE bool Cy_SysPm_Cm4IsSleep(void);
1592:Generated_Source\PSoC6\pdl\drivers/peripheral/syspm/cy_syspm.h **** __STATIC_INLINE bool Cy_SysPm_Cm4IsDeepSleep(void);
1593:Generated_Source\PSoC6\pdl\drivers/peripheral/syspm/cy_syspm.h **** 
1594:Generated_Source\PSoC6\pdl\drivers/peripheral/syspm/cy_syspm.h **** __STATIC_INLINE bool Cy_SysPm_Cm0IsActive(void);
1595:Generated_Source\PSoC6\pdl\drivers/peripheral/syspm/cy_syspm.h **** __STATIC_INLINE bool Cy_SysPm_Cm0IsSleep(void);
1596:Generated_Source\PSoC6\pdl\drivers/peripheral/syspm/cy_syspm.h **** __STATIC_INLINE bool Cy_SysPm_Cm0IsDeepSleep(void);
1597:Generated_Source\PSoC6\pdl\drivers/peripheral/syspm/cy_syspm.h **** __STATIC_INLINE bool Cy_SysPm_IsSystemLp(void);
1598:Generated_Source\PSoC6\pdl\drivers/peripheral/syspm/cy_syspm.h **** __STATIC_INLINE bool Cy_SysPm_IsSystemUlp(void);
1599:Generated_Source\PSoC6\pdl\drivers/peripheral/syspm/cy_syspm.h **** 
1600:Generated_Source\PSoC6\pdl\drivers/peripheral/syspm/cy_syspm.h **** uint32_t Cy_SysPm_ReadStatus(void);
1601:Generated_Source\PSoC6\pdl\drivers/peripheral/syspm/cy_syspm.h **** /** \} group_syspm_functions_power_status */
1602:Generated_Source\PSoC6\pdl\drivers/peripheral/syspm/cy_syspm.h **** 
1603:Generated_Source\PSoC6\pdl\drivers/peripheral/syspm/cy_syspm.h **** /**
1604:Generated_Source\PSoC6\pdl\drivers/peripheral/syspm/cy_syspm.h **** * \addtogroup group_syspm_functions_power
1605:Generated_Source\PSoC6\pdl\drivers/peripheral/syspm/cy_syspm.h **** * \{
1606:Generated_Source\PSoC6\pdl\drivers/peripheral/syspm/cy_syspm.h **** */
1607:Generated_Source\PSoC6\pdl\drivers/peripheral/syspm/cy_syspm.h **** cy_en_syspm_status_t Cy_SysPm_CpuEnterSleep(cy_en_syspm_waitfor_t waitFor);
1608:Generated_Source\PSoC6\pdl\drivers/peripheral/syspm/cy_syspm.h **** cy_en_syspm_status_t Cy_SysPm_CpuEnterDeepSleep(cy_en_syspm_waitfor_t waitFor);
1609:Generated_Source\PSoC6\pdl\drivers/peripheral/syspm/cy_syspm.h **** cy_en_syspm_status_t Cy_SysPm_SystemEnterLp(void);
1610:Generated_Source\PSoC6\pdl\drivers/peripheral/syspm/cy_syspm.h **** cy_en_syspm_status_t Cy_SysPm_SystemEnterUlp(void);
1611:Generated_Source\PSoC6\pdl\drivers/peripheral/syspm/cy_syspm.h **** cy_en_syspm_status_t Cy_SysPm_SystemEnterHibernate(void);
1612:Generated_Source\PSoC6\pdl\drivers/peripheral/syspm/cy_syspm.h **** 
1613:Generated_Source\PSoC6\pdl\drivers/peripheral/syspm/cy_syspm.h **** void Cy_SysPm_SetHibernateWakeupSource(uint32_t wakeupSource);
1614:Generated_Source\PSoC6\pdl\drivers/peripheral/syspm/cy_syspm.h **** void Cy_SysPm_ClearHibernateWakeupSource(uint32_t wakeupSource);
1615:Generated_Source\PSoC6\pdl\drivers/peripheral/syspm/cy_syspm.h **** 
1616:Generated_Source\PSoC6\pdl\drivers/peripheral/syspm/cy_syspm.h **** cy_en_syspm_status_t Cy_SysPm_SystemSetMinRegulatorCurrent(void);
ARM GAS  C:\Users\Finik\AppData\Local\Temp\cctwKBtC.s 			page 91


1617:Generated_Source\PSoC6\pdl\drivers/peripheral/syspm/cy_syspm.h **** cy_en_syspm_status_t Cy_SysPm_SystemSetNormalRegulatorCurrent(void);
1618:Generated_Source\PSoC6\pdl\drivers/peripheral/syspm/cy_syspm.h **** __STATIC_INLINE bool Cy_SysPm_SystemIsMinRegulatorCurrentSet(void);
1619:Generated_Source\PSoC6\pdl\drivers/peripheral/syspm/cy_syspm.h **** 
1620:Generated_Source\PSoC6\pdl\drivers/peripheral/syspm/cy_syspm.h **** void Cy_SysPm_CpuSleepOnExit(bool enable);
1621:Generated_Source\PSoC6\pdl\drivers/peripheral/syspm/cy_syspm.h **** 
1622:Generated_Source\PSoC6\pdl\drivers/peripheral/syspm/cy_syspm.h **** __STATIC_INLINE void Cy_SysPm_CpuSendWakeupEvent(void);
1623:Generated_Source\PSoC6\pdl\drivers/peripheral/syspm/cy_syspm.h **** /** \} group_syspm_functions_power */
1624:Generated_Source\PSoC6\pdl\drivers/peripheral/syspm/cy_syspm.h **** 
1625:Generated_Source\PSoC6\pdl\drivers/peripheral/syspm/cy_syspm.h **** /**
1626:Generated_Source\PSoC6\pdl\drivers/peripheral/syspm/cy_syspm.h **** * \addtogroup group_syspm_functions_iofreeze
1627:Generated_Source\PSoC6\pdl\drivers/peripheral/syspm/cy_syspm.h **** * \{
1628:Generated_Source\PSoC6\pdl\drivers/peripheral/syspm/cy_syspm.h **** */
1629:Generated_Source\PSoC6\pdl\drivers/peripheral/syspm/cy_syspm.h **** 
1630:Generated_Source\PSoC6\pdl\drivers/peripheral/syspm/cy_syspm.h **** void Cy_SysPm_IoUnfreeze(void);
1631:Generated_Source\PSoC6\pdl\drivers/peripheral/syspm/cy_syspm.h **** __STATIC_INLINE bool Cy_SysPm_IoIsFrozen(void);
1632:Generated_Source\PSoC6\pdl\drivers/peripheral/syspm/cy_syspm.h **** /** \} group_syspm_functions_iofreeze */
1633:Generated_Source\PSoC6\pdl\drivers/peripheral/syspm/cy_syspm.h **** 
1634:Generated_Source\PSoC6\pdl\drivers/peripheral/syspm/cy_syspm.h **** /**
1635:Generated_Source\PSoC6\pdl\drivers/peripheral/syspm/cy_syspm.h **** * \addtogroup group_syspm_functions_ldo
1636:Generated_Source\PSoC6\pdl\drivers/peripheral/syspm/cy_syspm.h **** * \{
1637:Generated_Source\PSoC6\pdl\drivers/peripheral/syspm/cy_syspm.h **** */
1638:Generated_Source\PSoC6\pdl\drivers/peripheral/syspm/cy_syspm.h **** cy_en_syspm_status_t Cy_SysPm_LdoSetVoltage(cy_en_syspm_ldo_voltage_t voltage);
1639:Generated_Source\PSoC6\pdl\drivers/peripheral/syspm/cy_syspm.h **** __STATIC_INLINE cy_en_syspm_ldo_voltage_t Cy_SysPm_LdoGetVoltage(void);
1640:Generated_Source\PSoC6\pdl\drivers/peripheral/syspm/cy_syspm.h **** __STATIC_INLINE bool Cy_SysPm_LdoIsEnabled(void);
1641:Generated_Source\PSoC6\pdl\drivers/peripheral/syspm/cy_syspm.h **** cy_en_syspm_status_t Cy_SysPm_LdoSetMode(cy_en_syspm_ldo_mode_t mode);
1642:Generated_Source\PSoC6\pdl\drivers/peripheral/syspm/cy_syspm.h **** cy_en_syspm_ldo_mode_t Cy_SysPm_LdoGetMode(void);
1643:Generated_Source\PSoC6\pdl\drivers/peripheral/syspm/cy_syspm.h **** /** \} group_syspm_functions_ldo */
1644:Generated_Source\PSoC6\pdl\drivers/peripheral/syspm/cy_syspm.h **** 
1645:Generated_Source\PSoC6\pdl\drivers/peripheral/syspm/cy_syspm.h **** /**
1646:Generated_Source\PSoC6\pdl\drivers/peripheral/syspm/cy_syspm.h **** * \addtogroup group_syspm_functions_pmic
1647:Generated_Source\PSoC6\pdl\drivers/peripheral/syspm/cy_syspm.h **** * \{
1648:Generated_Source\PSoC6\pdl\drivers/peripheral/syspm/cy_syspm.h **** */
1649:Generated_Source\PSoC6\pdl\drivers/peripheral/syspm/cy_syspm.h **** __STATIC_INLINE void Cy_SysPm_PmicEnable(void);
1650:Generated_Source\PSoC6\pdl\drivers/peripheral/syspm/cy_syspm.h **** __STATIC_INLINE void Cy_SysPm_PmicDisable(cy_en_syspm_pmic_wakeup_polarity_t polarity); 
1651:Generated_Source\PSoC6\pdl\drivers/peripheral/syspm/cy_syspm.h **** __STATIC_INLINE bool Cy_SysPm_PmicIsEnabled(void);
1652:Generated_Source\PSoC6\pdl\drivers/peripheral/syspm/cy_syspm.h **** __STATIC_INLINE void Cy_SysPm_PmicAlwaysEnable(void);
1653:Generated_Source\PSoC6\pdl\drivers/peripheral/syspm/cy_syspm.h **** __STATIC_INLINE void Cy_SysPm_PmicEnableOutput(void);
1654:Generated_Source\PSoC6\pdl\drivers/peripheral/syspm/cy_syspm.h **** __STATIC_INLINE void Cy_SysPm_PmicDisableOutput(void); 
1655:Generated_Source\PSoC6\pdl\drivers/peripheral/syspm/cy_syspm.h **** __STATIC_INLINE bool Cy_SysPm_PmicIsOutputEnabled(void);
1656:Generated_Source\PSoC6\pdl\drivers/peripheral/syspm/cy_syspm.h **** __STATIC_INLINE void Cy_SysPm_PmicLock(void);
1657:Generated_Source\PSoC6\pdl\drivers/peripheral/syspm/cy_syspm.h **** __STATIC_INLINE void Cy_SysPm_PmicUnlock(void);
1658:Generated_Source\PSoC6\pdl\drivers/peripheral/syspm/cy_syspm.h **** __STATIC_INLINE bool Cy_SysPm_PmicIsLocked(void);
1659:Generated_Source\PSoC6\pdl\drivers/peripheral/syspm/cy_syspm.h **** /** \} group_syspm_functions_pmic */
1660:Generated_Source\PSoC6\pdl\drivers/peripheral/syspm/cy_syspm.h **** 
1661:Generated_Source\PSoC6\pdl\drivers/peripheral/syspm/cy_syspm.h **** /**
1662:Generated_Source\PSoC6\pdl\drivers/peripheral/syspm/cy_syspm.h **** * \addtogroup group_syspm_functions_backup
1663:Generated_Source\PSoC6\pdl\drivers/peripheral/syspm/cy_syspm.h **** * \{
1664:Generated_Source\PSoC6\pdl\drivers/peripheral/syspm/cy_syspm.h **** */
1665:Generated_Source\PSoC6\pdl\drivers/peripheral/syspm/cy_syspm.h **** __STATIC_INLINE void Cy_SysPm_BackupSetSupply(cy_en_syspm_vddbackup_control_t vddBackControl);
1666:Generated_Source\PSoC6\pdl\drivers/peripheral/syspm/cy_syspm.h **** __STATIC_INLINE cy_en_syspm_vddbackup_control_t Cy_SysPm_BackupGetSupply(void);
1667:Generated_Source\PSoC6\pdl\drivers/peripheral/syspm/cy_syspm.h **** __STATIC_INLINE void Cy_SysPm_BackupEnableVoltageMeasurement(void);
1668:Generated_Source\PSoC6\pdl\drivers/peripheral/syspm/cy_syspm.h **** __STATIC_INLINE void Cy_SysPm_BackupDisableVoltageMeasurement(void);
1669:Generated_Source\PSoC6\pdl\drivers/peripheral/syspm/cy_syspm.h **** __STATIC_INLINE void Cy_SysPm_BackupSuperCapCharge(cy_en_syspm_sc_charge_key_t key);
1670:Generated_Source\PSoC6\pdl\drivers/peripheral/syspm/cy_syspm.h **** /** \} group_syspm_functions_backup */
1671:Generated_Source\PSoC6\pdl\drivers/peripheral/syspm/cy_syspm.h **** 
1672:Generated_Source\PSoC6\pdl\drivers/peripheral/syspm/cy_syspm.h **** /**
1673:Generated_Source\PSoC6\pdl\drivers/peripheral/syspm/cy_syspm.h **** * \addtogroup group_syspm_functions_buck
ARM GAS  C:\Users\Finik\AppData\Local\Temp\cctwKBtC.s 			page 92


1674:Generated_Source\PSoC6\pdl\drivers/peripheral/syspm/cy_syspm.h **** * \{
1675:Generated_Source\PSoC6\pdl\drivers/peripheral/syspm/cy_syspm.h **** */
1676:Generated_Source\PSoC6\pdl\drivers/peripheral/syspm/cy_syspm.h **** cy_en_syspm_status_t Cy_SysPm_BuckEnable(cy_en_syspm_buck_voltage1_t voltage);
1677:Generated_Source\PSoC6\pdl\drivers/peripheral/syspm/cy_syspm.h **** __STATIC_INLINE bool Cy_SysPm_BuckIsEnabled(void);
1678:Generated_Source\PSoC6\pdl\drivers/peripheral/syspm/cy_syspm.h **** cy_en_syspm_status_t Cy_SysPm_BuckSetVoltage1(cy_en_syspm_buck_voltage1_t voltage);
1679:Generated_Source\PSoC6\pdl\drivers/peripheral/syspm/cy_syspm.h **** __STATIC_INLINE cy_en_syspm_buck_voltage1_t Cy_SysPm_BuckGetVoltage1(void);
1680:Generated_Source\PSoC6\pdl\drivers/peripheral/syspm/cy_syspm.h **** void Cy_SysPm_BuckSetVoltage2(cy_en_syspm_buck_voltage2_t voltage, bool waitToSettle);
1681:Generated_Source\PSoC6\pdl\drivers/peripheral/syspm/cy_syspm.h **** __STATIC_INLINE cy_en_syspm_buck_voltage2_t Cy_SysPm_BuckGetVoltage2(void);
1682:Generated_Source\PSoC6\pdl\drivers/peripheral/syspm/cy_syspm.h **** void Cy_SysPm_BuckEnableVoltage2(void);
1683:Generated_Source\PSoC6\pdl\drivers/peripheral/syspm/cy_syspm.h **** __STATIC_INLINE void Cy_SysPm_BuckDisableVoltage2(void);
1684:Generated_Source\PSoC6\pdl\drivers/peripheral/syspm/cy_syspm.h **** __STATIC_INLINE void Cy_SysPm_BuckSetVoltage2HwControl(bool hwControl);
1685:Generated_Source\PSoC6\pdl\drivers/peripheral/syspm/cy_syspm.h **** __STATIC_INLINE bool Cy_SysPm_BuckIsVoltage2HwControlled(void);
1686:Generated_Source\PSoC6\pdl\drivers/peripheral/syspm/cy_syspm.h **** bool Cy_SysPm_BuckIsOutputEnabled(cy_en_syspm_buck_out_t output);
1687:Generated_Source\PSoC6\pdl\drivers/peripheral/syspm/cy_syspm.h **** /** \} group_syspm_functions_buck */
1688:Generated_Source\PSoC6\pdl\drivers/peripheral/syspm/cy_syspm.h **** 
1689:Generated_Source\PSoC6\pdl\drivers/peripheral/syspm/cy_syspm.h **** /**
1690:Generated_Source\PSoC6\pdl\drivers/peripheral/syspm/cy_syspm.h **** * \addtogroup group_syspm_functions_callback
1691:Generated_Source\PSoC6\pdl\drivers/peripheral/syspm/cy_syspm.h **** * \{
1692:Generated_Source\PSoC6\pdl\drivers/peripheral/syspm/cy_syspm.h **** */
1693:Generated_Source\PSoC6\pdl\drivers/peripheral/syspm/cy_syspm.h **** bool Cy_SysPm_RegisterCallback(cy_stc_syspm_callback_t *handler);
1694:Generated_Source\PSoC6\pdl\drivers/peripheral/syspm/cy_syspm.h **** bool Cy_SysPm_UnregisterCallback(cy_stc_syspm_callback_t const *handler);
1695:Generated_Source\PSoC6\pdl\drivers/peripheral/syspm/cy_syspm.h **** cy_en_syspm_status_t Cy_SysPm_ExecuteCallback(cy_en_syspm_callback_type_t type, cy_en_syspm_callbac
1696:Generated_Source\PSoC6\pdl\drivers/peripheral/syspm/cy_syspm.h **** /** \} group_syspm_functions_callback */
1697:Generated_Source\PSoC6\pdl\drivers/peripheral/syspm/cy_syspm.h **** 
1698:Generated_Source\PSoC6\pdl\drivers/peripheral/syspm/cy_syspm.h **** 
1699:Generated_Source\PSoC6\pdl\drivers/peripheral/syspm/cy_syspm.h **** /**
1700:Generated_Source\PSoC6\pdl\drivers/peripheral/syspm/cy_syspm.h **** * \addtogroup group_syspm_functions_power_status
1701:Generated_Source\PSoC6\pdl\drivers/peripheral/syspm/cy_syspm.h **** * \{
1702:Generated_Source\PSoC6\pdl\drivers/peripheral/syspm/cy_syspm.h **** */
1703:Generated_Source\PSoC6\pdl\drivers/peripheral/syspm/cy_syspm.h **** /*******************************************************************************
1704:Generated_Source\PSoC6\pdl\drivers/peripheral/syspm/cy_syspm.h **** * Function Name: Cy_SysPm_Cm4IsActive
1705:Generated_Source\PSoC6\pdl\drivers/peripheral/syspm/cy_syspm.h **** ****************************************************************************//**
1706:Generated_Source\PSoC6\pdl\drivers/peripheral/syspm/cy_syspm.h **** *
1707:Generated_Source\PSoC6\pdl\drivers/peripheral/syspm/cy_syspm.h **** * Checks if CM4 is in CPU Active mode.
1708:Generated_Source\PSoC6\pdl\drivers/peripheral/syspm/cy_syspm.h **** *
1709:Generated_Source\PSoC6\pdl\drivers/peripheral/syspm/cy_syspm.h **** * \return
1710:Generated_Source\PSoC6\pdl\drivers/peripheral/syspm/cy_syspm.h **** * - True if CM4 is in CPU Active mode.
1711:Generated_Source\PSoC6\pdl\drivers/peripheral/syspm/cy_syspm.h **** * - False if the CM4 is not in CPU Active mode.
1712:Generated_Source\PSoC6\pdl\drivers/peripheral/syspm/cy_syspm.h **** *
1713:Generated_Source\PSoC6\pdl\drivers/peripheral/syspm/cy_syspm.h **** * \funcusage
1714:Generated_Source\PSoC6\pdl\drivers/peripheral/syspm/cy_syspm.h **** * \snippet syspm/4.0/snippet/main.c snippet_Cy_SysPm_Cm4IsActive
1715:Generated_Source\PSoC6\pdl\drivers/peripheral/syspm/cy_syspm.h **** *
1716:Generated_Source\PSoC6\pdl\drivers/peripheral/syspm/cy_syspm.h **** *******************************************************************************/
1717:Generated_Source\PSoC6\pdl\drivers/peripheral/syspm/cy_syspm.h **** __STATIC_INLINE bool Cy_SysPm_Cm4IsActive(void)
1718:Generated_Source\PSoC6\pdl\drivers/peripheral/syspm/cy_syspm.h **** {
1719:Generated_Source\PSoC6\pdl\drivers/peripheral/syspm/cy_syspm.h ****     return ((Cy_SysPm_ReadStatus() & CY_SYSPM_STATUS_CM4_ACTIVE) != 0U);
1720:Generated_Source\PSoC6\pdl\drivers/peripheral/syspm/cy_syspm.h **** }
1721:Generated_Source\PSoC6\pdl\drivers/peripheral/syspm/cy_syspm.h **** 
1722:Generated_Source\PSoC6\pdl\drivers/peripheral/syspm/cy_syspm.h **** 
1723:Generated_Source\PSoC6\pdl\drivers/peripheral/syspm/cy_syspm.h **** /*******************************************************************************
1724:Generated_Source\PSoC6\pdl\drivers/peripheral/syspm/cy_syspm.h **** * Function Name: Cy_SysPm_Cm4IsSleep
1725:Generated_Source\PSoC6\pdl\drivers/peripheral/syspm/cy_syspm.h **** ****************************************************************************//**
1726:Generated_Source\PSoC6\pdl\drivers/peripheral/syspm/cy_syspm.h **** *
1727:Generated_Source\PSoC6\pdl\drivers/peripheral/syspm/cy_syspm.h **** * Checks if the CM4 is in CPU Sleep mode.
1728:Generated_Source\PSoC6\pdl\drivers/peripheral/syspm/cy_syspm.h **** *
1729:Generated_Source\PSoC6\pdl\drivers/peripheral/syspm/cy_syspm.h **** * \return
1730:Generated_Source\PSoC6\pdl\drivers/peripheral/syspm/cy_syspm.h **** * - True if the CM4 is in CPU Sleep mode.
ARM GAS  C:\Users\Finik\AppData\Local\Temp\cctwKBtC.s 			page 93


1731:Generated_Source\PSoC6\pdl\drivers/peripheral/syspm/cy_syspm.h **** * - False if the CM4 is not in CPU Sleep mode.
1732:Generated_Source\PSoC6\pdl\drivers/peripheral/syspm/cy_syspm.h **** *
1733:Generated_Source\PSoC6\pdl\drivers/peripheral/syspm/cy_syspm.h **** * \funcusage
1734:Generated_Source\PSoC6\pdl\drivers/peripheral/syspm/cy_syspm.h **** * \snippet syspm/4.0/snippet/main.c snippet_Cy_SysPm_Cm4IsSleep
1735:Generated_Source\PSoC6\pdl\drivers/peripheral/syspm/cy_syspm.h **** *
1736:Generated_Source\PSoC6\pdl\drivers/peripheral/syspm/cy_syspm.h **** *******************************************************************************/
1737:Generated_Source\PSoC6\pdl\drivers/peripheral/syspm/cy_syspm.h **** __STATIC_INLINE bool Cy_SysPm_Cm4IsSleep(void)
1738:Generated_Source\PSoC6\pdl\drivers/peripheral/syspm/cy_syspm.h **** {
1739:Generated_Source\PSoC6\pdl\drivers/peripheral/syspm/cy_syspm.h ****     return ((Cy_SysPm_ReadStatus() & CY_SYSPM_STATUS_CM4_SLEEP) != 0U);
1740:Generated_Source\PSoC6\pdl\drivers/peripheral/syspm/cy_syspm.h **** }
1741:Generated_Source\PSoC6\pdl\drivers/peripheral/syspm/cy_syspm.h **** 
1742:Generated_Source\PSoC6\pdl\drivers/peripheral/syspm/cy_syspm.h **** 
1743:Generated_Source\PSoC6\pdl\drivers/peripheral/syspm/cy_syspm.h **** /*******************************************************************************
1744:Generated_Source\PSoC6\pdl\drivers/peripheral/syspm/cy_syspm.h **** * Function Name: Cy_SysPm_Cm4IsDeepSleep
1745:Generated_Source\PSoC6\pdl\drivers/peripheral/syspm/cy_syspm.h **** ****************************************************************************//**
1746:Generated_Source\PSoC6\pdl\drivers/peripheral/syspm/cy_syspm.h **** *
1747:Generated_Source\PSoC6\pdl\drivers/peripheral/syspm/cy_syspm.h **** * Checks if the CM4 is in the CPU Deep Sleep mode.
1748:Generated_Source\PSoC6\pdl\drivers/peripheral/syspm/cy_syspm.h **** *
1749:Generated_Source\PSoC6\pdl\drivers/peripheral/syspm/cy_syspm.h **** * \return
1750:Generated_Source\PSoC6\pdl\drivers/peripheral/syspm/cy_syspm.h **** * - True if CM4 is in CPU Deep Sleep mode.
1751:Generated_Source\PSoC6\pdl\drivers/peripheral/syspm/cy_syspm.h **** * - False if the CM4 is not CPU in Deep Sleep mode.
1752:Generated_Source\PSoC6\pdl\drivers/peripheral/syspm/cy_syspm.h **** *
1753:Generated_Source\PSoC6\pdl\drivers/peripheral/syspm/cy_syspm.h **** * \funcusage
1754:Generated_Source\PSoC6\pdl\drivers/peripheral/syspm/cy_syspm.h **** * \snippet syspm/4.0/snippet/main.c snippet_Cy_SysPm_Cm4IsDeepSleep
1755:Generated_Source\PSoC6\pdl\drivers/peripheral/syspm/cy_syspm.h **** *
1756:Generated_Source\PSoC6\pdl\drivers/peripheral/syspm/cy_syspm.h **** *******************************************************************************/
1757:Generated_Source\PSoC6\pdl\drivers/peripheral/syspm/cy_syspm.h **** __STATIC_INLINE bool Cy_SysPm_Cm4IsDeepSleep(void)
1758:Generated_Source\PSoC6\pdl\drivers/peripheral/syspm/cy_syspm.h **** {
1759:Generated_Source\PSoC6\pdl\drivers/peripheral/syspm/cy_syspm.h ****     return ((Cy_SysPm_ReadStatus() & CY_SYSPM_STATUS_CM4_DEEPSLEEP) != 0U);
1760:Generated_Source\PSoC6\pdl\drivers/peripheral/syspm/cy_syspm.h **** }
1761:Generated_Source\PSoC6\pdl\drivers/peripheral/syspm/cy_syspm.h **** 
1762:Generated_Source\PSoC6\pdl\drivers/peripheral/syspm/cy_syspm.h **** 
1763:Generated_Source\PSoC6\pdl\drivers/peripheral/syspm/cy_syspm.h **** /*******************************************************************************
1764:Generated_Source\PSoC6\pdl\drivers/peripheral/syspm/cy_syspm.h **** * Function Name: Cy_SysPm_Cm0IsActive
1765:Generated_Source\PSoC6\pdl\drivers/peripheral/syspm/cy_syspm.h **** ****************************************************************************//**
1766:Generated_Source\PSoC6\pdl\drivers/peripheral/syspm/cy_syspm.h **** *
1767:Generated_Source\PSoC6\pdl\drivers/peripheral/syspm/cy_syspm.h **** * Checks if the CM0+ is in CPU Active mode.
1768:Generated_Source\PSoC6\pdl\drivers/peripheral/syspm/cy_syspm.h **** *
1769:Generated_Source\PSoC6\pdl\drivers/peripheral/syspm/cy_syspm.h **** * \return
1770:Generated_Source\PSoC6\pdl\drivers/peripheral/syspm/cy_syspm.h **** * - True if the CM0+ is in CPU Sleep mode.
1771:Generated_Source\PSoC6\pdl\drivers/peripheral/syspm/cy_syspm.h **** * - False if the CM0+ is not in CPU Sleep mode.
1772:Generated_Source\PSoC6\pdl\drivers/peripheral/syspm/cy_syspm.h **** *
1773:Generated_Source\PSoC6\pdl\drivers/peripheral/syspm/cy_syspm.h **** * \funcusage
1774:Generated_Source\PSoC6\pdl\drivers/peripheral/syspm/cy_syspm.h **** * \snippet syspm/4.0/snippet/main.c snippet_Cy_SysPm_Cm0IsActive
1775:Generated_Source\PSoC6\pdl\drivers/peripheral/syspm/cy_syspm.h **** *
1776:Generated_Source\PSoC6\pdl\drivers/peripheral/syspm/cy_syspm.h **** *******************************************************************************/
1777:Generated_Source\PSoC6\pdl\drivers/peripheral/syspm/cy_syspm.h **** __STATIC_INLINE bool Cy_SysPm_Cm0IsActive(void)
1778:Generated_Source\PSoC6\pdl\drivers/peripheral/syspm/cy_syspm.h **** {
1779:Generated_Source\PSoC6\pdl\drivers/peripheral/syspm/cy_syspm.h ****     return ((Cy_SysPm_ReadStatus() & CY_SYSPM_STATUS_CM0_ACTIVE) != 0U);
1780:Generated_Source\PSoC6\pdl\drivers/peripheral/syspm/cy_syspm.h **** }
1781:Generated_Source\PSoC6\pdl\drivers/peripheral/syspm/cy_syspm.h **** 
1782:Generated_Source\PSoC6\pdl\drivers/peripheral/syspm/cy_syspm.h **** 
1783:Generated_Source\PSoC6\pdl\drivers/peripheral/syspm/cy_syspm.h **** /*******************************************************************************
1784:Generated_Source\PSoC6\pdl\drivers/peripheral/syspm/cy_syspm.h **** * Function Name: Cy_SysPm_Cm0IsSleep
1785:Generated_Source\PSoC6\pdl\drivers/peripheral/syspm/cy_syspm.h **** ****************************************************************************//**
1786:Generated_Source\PSoC6\pdl\drivers/peripheral/syspm/cy_syspm.h **** *
1787:Generated_Source\PSoC6\pdl\drivers/peripheral/syspm/cy_syspm.h **** * Checks if the CM0+ is in CPU Sleep mode.
ARM GAS  C:\Users\Finik\AppData\Local\Temp\cctwKBtC.s 			page 94


1788:Generated_Source\PSoC6\pdl\drivers/peripheral/syspm/cy_syspm.h **** *
1789:Generated_Source\PSoC6\pdl\drivers/peripheral/syspm/cy_syspm.h **** * \return
1790:Generated_Source\PSoC6\pdl\drivers/peripheral/syspm/cy_syspm.h **** * - True if the CM0+ is in CPU Sleep mode.
1791:Generated_Source\PSoC6\pdl\drivers/peripheral/syspm/cy_syspm.h **** * - False if the CM0+ is not in CPU Sleep mode.
1792:Generated_Source\PSoC6\pdl\drivers/peripheral/syspm/cy_syspm.h **** *
1793:Generated_Source\PSoC6\pdl\drivers/peripheral/syspm/cy_syspm.h **** * \funcusage
1794:Generated_Source\PSoC6\pdl\drivers/peripheral/syspm/cy_syspm.h **** * \snippet syspm/4.0/snippet/main.c snippet_Cy_SysPm_Cm0IsSleep
1795:Generated_Source\PSoC6\pdl\drivers/peripheral/syspm/cy_syspm.h **** *
1796:Generated_Source\PSoC6\pdl\drivers/peripheral/syspm/cy_syspm.h **** *******************************************************************************/
1797:Generated_Source\PSoC6\pdl\drivers/peripheral/syspm/cy_syspm.h **** __STATIC_INLINE bool Cy_SysPm_Cm0IsSleep(void)
1798:Generated_Source\PSoC6\pdl\drivers/peripheral/syspm/cy_syspm.h **** {
1799:Generated_Source\PSoC6\pdl\drivers/peripheral/syspm/cy_syspm.h ****     return((Cy_SysPm_ReadStatus() & CY_SYSPM_STATUS_CM0_SLEEP) != 0U);
1800:Generated_Source\PSoC6\pdl\drivers/peripheral/syspm/cy_syspm.h **** }
1801:Generated_Source\PSoC6\pdl\drivers/peripheral/syspm/cy_syspm.h **** 
1802:Generated_Source\PSoC6\pdl\drivers/peripheral/syspm/cy_syspm.h **** 
1803:Generated_Source\PSoC6\pdl\drivers/peripheral/syspm/cy_syspm.h **** /*******************************************************************************
1804:Generated_Source\PSoC6\pdl\drivers/peripheral/syspm/cy_syspm.h **** * Function Name: Cy_SysPm_Cm0IsDeepSleep
1805:Generated_Source\PSoC6\pdl\drivers/peripheral/syspm/cy_syspm.h **** ****************************************************************************//**
1806:Generated_Source\PSoC6\pdl\drivers/peripheral/syspm/cy_syspm.h **** *
1807:Generated_Source\PSoC6\pdl\drivers/peripheral/syspm/cy_syspm.h **** * Checks if the CM0+ is in CPU Deep Sleep mode.
1808:Generated_Source\PSoC6\pdl\drivers/peripheral/syspm/cy_syspm.h **** *
1809:Generated_Source\PSoC6\pdl\drivers/peripheral/syspm/cy_syspm.h **** * \return
1810:Generated_Source\PSoC6\pdl\drivers/peripheral/syspm/cy_syspm.h **** * - True if the CM0+ is in CPU Deep Sleep mode
1811:Generated_Source\PSoC6\pdl\drivers/peripheral/syspm/cy_syspm.h **** * - False if the CM0+ is not in CPU Deep Sleep mode
1812:Generated_Source\PSoC6\pdl\drivers/peripheral/syspm/cy_syspm.h **** *
1813:Generated_Source\PSoC6\pdl\drivers/peripheral/syspm/cy_syspm.h **** * \funcusage
1814:Generated_Source\PSoC6\pdl\drivers/peripheral/syspm/cy_syspm.h **** * \snippet syspm/4.0/snippet/main.c snippet_Cy_SysPm_Cm0IsDeepSleep
1815:Generated_Source\PSoC6\pdl\drivers/peripheral/syspm/cy_syspm.h **** *
1816:Generated_Source\PSoC6\pdl\drivers/peripheral/syspm/cy_syspm.h **** *******************************************************************************/
1817:Generated_Source\PSoC6\pdl\drivers/peripheral/syspm/cy_syspm.h **** __STATIC_INLINE bool Cy_SysPm_Cm0IsDeepSleep(void)
1818:Generated_Source\PSoC6\pdl\drivers/peripheral/syspm/cy_syspm.h **** {
1819:Generated_Source\PSoC6\pdl\drivers/peripheral/syspm/cy_syspm.h ****     return((Cy_SysPm_ReadStatus() & CY_SYSPM_STATUS_CM0_DEEPSLEEP) != 0U);
1820:Generated_Source\PSoC6\pdl\drivers/peripheral/syspm/cy_syspm.h **** }
1821:Generated_Source\PSoC6\pdl\drivers/peripheral/syspm/cy_syspm.h **** 
1822:Generated_Source\PSoC6\pdl\drivers/peripheral/syspm/cy_syspm.h **** 
1823:Generated_Source\PSoC6\pdl\drivers/peripheral/syspm/cy_syspm.h **** /*******************************************************************************
1824:Generated_Source\PSoC6\pdl\drivers/peripheral/syspm/cy_syspm.h **** * Function Name: Cy_SysPm_IsSystemLp
1825:Generated_Source\PSoC6\pdl\drivers/peripheral/syspm/cy_syspm.h **** ****************************************************************************//**
1826:Generated_Source\PSoC6\pdl\drivers/peripheral/syspm/cy_syspm.h **** *
1827:Generated_Source\PSoC6\pdl\drivers/peripheral/syspm/cy_syspm.h **** * Checks if the system is in LP mode.
1828:Generated_Source\PSoC6\pdl\drivers/peripheral/syspm/cy_syspm.h **** *
1829:Generated_Source\PSoC6\pdl\drivers/peripheral/syspm/cy_syspm.h **** * \return
1830:Generated_Source\PSoC6\pdl\drivers/peripheral/syspm/cy_syspm.h **** * - True the system is in LP mode.
1831:Generated_Source\PSoC6\pdl\drivers/peripheral/syspm/cy_syspm.h **** * - False the system is not in LP mode.
1832:Generated_Source\PSoC6\pdl\drivers/peripheral/syspm/cy_syspm.h **** *
1833:Generated_Source\PSoC6\pdl\drivers/peripheral/syspm/cy_syspm.h **** * \funcusage
1834:Generated_Source\PSoC6\pdl\drivers/peripheral/syspm/cy_syspm.h **** * \snippet syspm/4.0/snippet/main.c snippet_Cy_SysPm_IsSystemLp
1835:Generated_Source\PSoC6\pdl\drivers/peripheral/syspm/cy_syspm.h **** *
1836:Generated_Source\PSoC6\pdl\drivers/peripheral/syspm/cy_syspm.h **** *******************************************************************************/
1837:Generated_Source\PSoC6\pdl\drivers/peripheral/syspm/cy_syspm.h **** __STATIC_INLINE bool Cy_SysPm_IsSystemLp(void)
1838:Generated_Source\PSoC6\pdl\drivers/peripheral/syspm/cy_syspm.h **** {
1839:Generated_Source\PSoC6\pdl\drivers/peripheral/syspm/cy_syspm.h ****     return((Cy_SysPm_ReadStatus() & CY_SYSPM_STATUS_SYSTEM_LP) != 0U);
1840:Generated_Source\PSoC6\pdl\drivers/peripheral/syspm/cy_syspm.h **** }
1841:Generated_Source\PSoC6\pdl\drivers/peripheral/syspm/cy_syspm.h **** 
1842:Generated_Source\PSoC6\pdl\drivers/peripheral/syspm/cy_syspm.h **** 
1843:Generated_Source\PSoC6\pdl\drivers/peripheral/syspm/cy_syspm.h **** /*******************************************************************************
1844:Generated_Source\PSoC6\pdl\drivers/peripheral/syspm/cy_syspm.h **** * Function Name: Cy_SysPm_IsSystemUlp
ARM GAS  C:\Users\Finik\AppData\Local\Temp\cctwKBtC.s 			page 95


1845:Generated_Source\PSoC6\pdl\drivers/peripheral/syspm/cy_syspm.h **** ****************************************************************************//**
1846:Generated_Source\PSoC6\pdl\drivers/peripheral/syspm/cy_syspm.h **** *
1847:Generated_Source\PSoC6\pdl\drivers/peripheral/syspm/cy_syspm.h **** * Checks if the system is in ULP mode.
1848:Generated_Source\PSoC6\pdl\drivers/peripheral/syspm/cy_syspm.h **** *
1849:Generated_Source\PSoC6\pdl\drivers/peripheral/syspm/cy_syspm.h **** * \return
1850:Generated_Source\PSoC6\pdl\drivers/peripheral/syspm/cy_syspm.h **** * - True the system is in ULP mode.
1851:Generated_Source\PSoC6\pdl\drivers/peripheral/syspm/cy_syspm.h **** * - False the system is is not ULP mode.
1852:Generated_Source\PSoC6\pdl\drivers/peripheral/syspm/cy_syspm.h **** *
1853:Generated_Source\PSoC6\pdl\drivers/peripheral/syspm/cy_syspm.h **** * \funcusage
1854:Generated_Source\PSoC6\pdl\drivers/peripheral/syspm/cy_syspm.h **** * \snippet syspm/4.0/snippet/main.c snippet_Cy_SysPm_IsSystemUlp
1855:Generated_Source\PSoC6\pdl\drivers/peripheral/syspm/cy_syspm.h **** *
1856:Generated_Source\PSoC6\pdl\drivers/peripheral/syspm/cy_syspm.h **** *******************************************************************************/
1857:Generated_Source\PSoC6\pdl\drivers/peripheral/syspm/cy_syspm.h **** __STATIC_INLINE bool Cy_SysPm_IsSystemUlp(void)
1858:Generated_Source\PSoC6\pdl\drivers/peripheral/syspm/cy_syspm.h **** {
1859:Generated_Source\PSoC6\pdl\drivers/peripheral/syspm/cy_syspm.h ****     return((Cy_SysPm_ReadStatus() & CY_SYSPM_STATUS_SYSTEM_ULP) != 0U);
1860:Generated_Source\PSoC6\pdl\drivers/peripheral/syspm/cy_syspm.h **** }
1861:Generated_Source\PSoC6\pdl\drivers/peripheral/syspm/cy_syspm.h **** /** \} group_syspm_functions_power_status */
1862:Generated_Source\PSoC6\pdl\drivers/peripheral/syspm/cy_syspm.h **** 
1863:Generated_Source\PSoC6\pdl\drivers/peripheral/syspm/cy_syspm.h **** 
1864:Generated_Source\PSoC6\pdl\drivers/peripheral/syspm/cy_syspm.h **** /**
1865:Generated_Source\PSoC6\pdl\drivers/peripheral/syspm/cy_syspm.h **** * \addtogroup group_syspm_functions_power
1866:Generated_Source\PSoC6\pdl\drivers/peripheral/syspm/cy_syspm.h **** * \{
1867:Generated_Source\PSoC6\pdl\drivers/peripheral/syspm/cy_syspm.h **** */
1868:Generated_Source\PSoC6\pdl\drivers/peripheral/syspm/cy_syspm.h **** /*******************************************************************************
1869:Generated_Source\PSoC6\pdl\drivers/peripheral/syspm/cy_syspm.h **** * Function Name: Cy_SysPm_CpuSendWakeupEvent
1870:Generated_Source\PSoC6\pdl\drivers/peripheral/syspm/cy_syspm.h **** ****************************************************************************//**
1871:Generated_Source\PSoC6\pdl\drivers/peripheral/syspm/cy_syspm.h **** *
1872:Generated_Source\PSoC6\pdl\drivers/peripheral/syspm/cy_syspm.h **** * Sends the SEV (Send Event) ARM instruction to the system.
1873:Generated_Source\PSoC6\pdl\drivers/peripheral/syspm/cy_syspm.h **** *
1874:Generated_Source\PSoC6\pdl\drivers/peripheral/syspm/cy_syspm.h **** * \funcusage
1875:Generated_Source\PSoC6\pdl\drivers/peripheral/syspm/cy_syspm.h **** * \snippet syspm/4.0/snippet/main.c snippet_Cy_SysPm_CpuSendWakeupEvent
1876:Generated_Source\PSoC6\pdl\drivers/peripheral/syspm/cy_syspm.h **** *
1877:Generated_Source\PSoC6\pdl\drivers/peripheral/syspm/cy_syspm.h **** *******************************************************************************/
1878:Generated_Source\PSoC6\pdl\drivers/peripheral/syspm/cy_syspm.h **** __STATIC_INLINE void Cy_SysPm_CpuSendWakeupEvent(void)
1879:Generated_Source\PSoC6\pdl\drivers/peripheral/syspm/cy_syspm.h **** {
1880:Generated_Source\PSoC6\pdl\drivers/peripheral/syspm/cy_syspm.h ****     __SEV();
1881:Generated_Source\PSoC6\pdl\drivers/peripheral/syspm/cy_syspm.h **** }
1882:Generated_Source\PSoC6\pdl\drivers/peripheral/syspm/cy_syspm.h **** 
1883:Generated_Source\PSoC6\pdl\drivers/peripheral/syspm/cy_syspm.h **** 
1884:Generated_Source\PSoC6\pdl\drivers/peripheral/syspm/cy_syspm.h **** /*******************************************************************************
1885:Generated_Source\PSoC6\pdl\drivers/peripheral/syspm/cy_syspm.h **** * Function Name: Cy_SysPm_SystemIsMinRegulatorCurrentSet
1886:Generated_Source\PSoC6\pdl\drivers/peripheral/syspm/cy_syspm.h **** ****************************************************************************//**
1887:Generated_Source\PSoC6\pdl\drivers/peripheral/syspm/cy_syspm.h **** *
1888:Generated_Source\PSoC6\pdl\drivers/peripheral/syspm/cy_syspm.h **** * Check whether the system regulator is set to minimal current mode.
1889:Generated_Source\PSoC6\pdl\drivers/peripheral/syspm/cy_syspm.h **** *
1890:Generated_Source\PSoC6\pdl\drivers/peripheral/syspm/cy_syspm.h **** * \return
1891:Generated_Source\PSoC6\pdl\drivers/peripheral/syspm/cy_syspm.h **** * - True - system is in regulator minimum current mode.
1892:Generated_Source\PSoC6\pdl\drivers/peripheral/syspm/cy_syspm.h **** * - False - system is in normal regulator current mode.
1893:Generated_Source\PSoC6\pdl\drivers/peripheral/syspm/cy_syspm.h **** *
1894:Generated_Source\PSoC6\pdl\drivers/peripheral/syspm/cy_syspm.h **** * \funcusage
1895:Generated_Source\PSoC6\pdl\drivers/peripheral/syspm/cy_syspm.h **** * \snippet syspm/4.0/snippet/main.c snippet_Cy_SysPm_SystemSetNormalRegulatorCurrent
1896:Generated_Source\PSoC6\pdl\drivers/peripheral/syspm/cy_syspm.h **** *
1897:Generated_Source\PSoC6\pdl\drivers/peripheral/syspm/cy_syspm.h **** *******************************************************************************/
1898:Generated_Source\PSoC6\pdl\drivers/peripheral/syspm/cy_syspm.h **** __STATIC_INLINE bool Cy_SysPm_SystemIsMinRegulatorCurrentSet(void)
1899:Generated_Source\PSoC6\pdl\drivers/peripheral/syspm/cy_syspm.h **** {
1900:Generated_Source\PSoC6\pdl\drivers/peripheral/syspm/cy_syspm.h ****     uint32_t regMask = Cy_SysPm_LdoIsEnabled() ? CY_SYSPM_PWR_CIRCUITS_LPMODE_ACTIVE_LDO_MASK : CY_
1901:Generated_Source\PSoC6\pdl\drivers/peripheral/syspm/cy_syspm.h **** 
ARM GAS  C:\Users\Finik\AppData\Local\Temp\cctwKBtC.s 			page 96


1902:Generated_Source\PSoC6\pdl\drivers/peripheral/syspm/cy_syspm.h ****     return ((SRSS_PWR_CTL & regMask) == regMask);
1903:Generated_Source\PSoC6\pdl\drivers/peripheral/syspm/cy_syspm.h **** }
1904:Generated_Source\PSoC6\pdl\drivers/peripheral/syspm/cy_syspm.h **** /** \} group_syspm_functions_power */
1905:Generated_Source\PSoC6\pdl\drivers/peripheral/syspm/cy_syspm.h **** 
1906:Generated_Source\PSoC6\pdl\drivers/peripheral/syspm/cy_syspm.h **** 
1907:Generated_Source\PSoC6\pdl\drivers/peripheral/syspm/cy_syspm.h **** /**
1908:Generated_Source\PSoC6\pdl\drivers/peripheral/syspm/cy_syspm.h **** * \addtogroup group_syspm_functions_buck
1909:Generated_Source\PSoC6\pdl\drivers/peripheral/syspm/cy_syspm.h **** * \{
1910:Generated_Source\PSoC6\pdl\drivers/peripheral/syspm/cy_syspm.h **** */
1911:Generated_Source\PSoC6\pdl\drivers/peripheral/syspm/cy_syspm.h **** /*******************************************************************************
1912:Generated_Source\PSoC6\pdl\drivers/peripheral/syspm/cy_syspm.h **** * Function Name: Cy_SysPm_BuckIsEnabled
1913:Generated_Source\PSoC6\pdl\drivers/peripheral/syspm/cy_syspm.h **** ****************************************************************************//**
1914:Generated_Source\PSoC6\pdl\drivers/peripheral/syspm/cy_syspm.h **** *
1915:Generated_Source\PSoC6\pdl\drivers/peripheral/syspm/cy_syspm.h **** * Get the current status of the Buck regulator.
1916:Generated_Source\PSoC6\pdl\drivers/peripheral/syspm/cy_syspm.h **** *
1917:Generated_Source\PSoC6\pdl\drivers/peripheral/syspm/cy_syspm.h **** * \return
1918:Generated_Source\PSoC6\pdl\drivers/peripheral/syspm/cy_syspm.h **** * - True if the Buck regulator is enabled.
1919:Generated_Source\PSoC6\pdl\drivers/peripheral/syspm/cy_syspm.h **** * - False if it is disabled.
1920:Generated_Source\PSoC6\pdl\drivers/peripheral/syspm/cy_syspm.h **** *
1921:Generated_Source\PSoC6\pdl\drivers/peripheral/syspm/cy_syspm.h **** * \funcusage
1922:Generated_Source\PSoC6\pdl\drivers/peripheral/syspm/cy_syspm.h **** * \snippet syspm/4.0/snippet/main.c snippet_Cy_SysPm_VoltageRegulator
1923:Generated_Source\PSoC6\pdl\drivers/peripheral/syspm/cy_syspm.h **** *
1924:Generated_Source\PSoC6\pdl\drivers/peripheral/syspm/cy_syspm.h **** *******************************************************************************/
1925:Generated_Source\PSoC6\pdl\drivers/peripheral/syspm/cy_syspm.h **** __STATIC_INLINE bool Cy_SysPm_BuckIsEnabled(void)
1926:Generated_Source\PSoC6\pdl\drivers/peripheral/syspm/cy_syspm.h **** {
1927:Generated_Source\PSoC6\pdl\drivers/peripheral/syspm/cy_syspm.h ****     return (0U != _FLD2VAL(SRSS_PWR_BUCK_CTL_BUCK_EN, SRSS_PWR_BUCK_CTL));
1928:Generated_Source\PSoC6\pdl\drivers/peripheral/syspm/cy_syspm.h **** }
1929:Generated_Source\PSoC6\pdl\drivers/peripheral/syspm/cy_syspm.h **** 
1930:Generated_Source\PSoC6\pdl\drivers/peripheral/syspm/cy_syspm.h **** /*******************************************************************************
1931:Generated_Source\PSoC6\pdl\drivers/peripheral/syspm/cy_syspm.h **** * Function Name: Cy_SysPm_BuckGetVoltage1
1932:Generated_Source\PSoC6\pdl\drivers/peripheral/syspm/cy_syspm.h **** ****************************************************************************//**
1933:Generated_Source\PSoC6\pdl\drivers/peripheral/syspm/cy_syspm.h **** *
1934:Generated_Source\PSoC6\pdl\drivers/peripheral/syspm/cy_syspm.h **** * Gets the current nominal output 1 voltage (Vccbuck1) of 
1935:Generated_Source\PSoC6\pdl\drivers/peripheral/syspm/cy_syspm.h **** * the Buck regulator.
1936:Generated_Source\PSoC6\pdl\drivers/peripheral/syspm/cy_syspm.h **** *
1937:Generated_Source\PSoC6\pdl\drivers/peripheral/syspm/cy_syspm.h **** * \note The actual device output 1 voltage (Vccbuck1) can be different from
1938:Generated_Source\PSoC6\pdl\drivers/peripheral/syspm/cy_syspm.h **** * the nominal voltage because the actual voltage value depends on conditions 
1939:Generated_Source\PSoC6\pdl\drivers/peripheral/syspm/cy_syspm.h **** * including load current.
1940:Generated_Source\PSoC6\pdl\drivers/peripheral/syspm/cy_syspm.h **** *
1941:Generated_Source\PSoC6\pdl\drivers/peripheral/syspm/cy_syspm.h **** * \return
1942:Generated_Source\PSoC6\pdl\drivers/peripheral/syspm/cy_syspm.h **** * The nominal output voltage 1 (Vccbuck1) of the Buck regulator.
1943:Generated_Source\PSoC6\pdl\drivers/peripheral/syspm/cy_syspm.h **** * See \ref cy_en_syspm_buck_voltage1_t.
1944:Generated_Source\PSoC6\pdl\drivers/peripheral/syspm/cy_syspm.h **** *
1945:Generated_Source\PSoC6\pdl\drivers/peripheral/syspm/cy_syspm.h **** * \funcusage
1946:Generated_Source\PSoC6\pdl\drivers/peripheral/syspm/cy_syspm.h **** * \snippet syspm/4.0/snippet/main.c snippet_Cy_SysPm_VoltageRegulator
1947:Generated_Source\PSoC6\pdl\drivers/peripheral/syspm/cy_syspm.h **** *
1948:Generated_Source\PSoC6\pdl\drivers/peripheral/syspm/cy_syspm.h **** *******************************************************************************/
1949:Generated_Source\PSoC6\pdl\drivers/peripheral/syspm/cy_syspm.h **** __STATIC_INLINE cy_en_syspm_buck_voltage1_t Cy_SysPm_BuckGetVoltage1(void)
1950:Generated_Source\PSoC6\pdl\drivers/peripheral/syspm/cy_syspm.h **** {
1951:Generated_Source\PSoC6\pdl\drivers/peripheral/syspm/cy_syspm.h ****     uint32_t retVal;
1952:Generated_Source\PSoC6\pdl\drivers/peripheral/syspm/cy_syspm.h ****     retVal = _FLD2VAL(SRSS_PWR_BUCK_CTL_BUCK_OUT1_SEL, SRSS_PWR_BUCK_CTL);
1953:Generated_Source\PSoC6\pdl\drivers/peripheral/syspm/cy_syspm.h **** 
1954:Generated_Source\PSoC6\pdl\drivers/peripheral/syspm/cy_syspm.h ****     return ((cy_en_syspm_buck_voltage1_t) retVal);
1955:Generated_Source\PSoC6\pdl\drivers/peripheral/syspm/cy_syspm.h **** }
1956:Generated_Source\PSoC6\pdl\drivers/peripheral/syspm/cy_syspm.h **** 
1957:Generated_Source\PSoC6\pdl\drivers/peripheral/syspm/cy_syspm.h **** 
1958:Generated_Source\PSoC6\pdl\drivers/peripheral/syspm/cy_syspm.h **** /*******************************************************************************
ARM GAS  C:\Users\Finik\AppData\Local\Temp\cctwKBtC.s 			page 97


1959:Generated_Source\PSoC6\pdl\drivers/peripheral/syspm/cy_syspm.h **** * Function Name: Cy_SysPm_BuckGetVoltage2
1960:Generated_Source\PSoC6\pdl\drivers/peripheral/syspm/cy_syspm.h **** ****************************************************************************//**
1961:Generated_Source\PSoC6\pdl\drivers/peripheral/syspm/cy_syspm.h **** *
1962:Generated_Source\PSoC6\pdl\drivers/peripheral/syspm/cy_syspm.h **** * Gets the current output 2 nominal voltage (Vbuckrf) of the SIMO 
1963:Generated_Source\PSoC6\pdl\drivers/peripheral/syspm/cy_syspm.h **** * Buck regulator.
1964:Generated_Source\PSoC6\pdl\drivers/peripheral/syspm/cy_syspm.h **** *
1965:Generated_Source\PSoC6\pdl\drivers/peripheral/syspm/cy_syspm.h **** * \note The actual device output 2 voltage (Vbuckrf) can be different from the 
1966:Generated_Source\PSoC6\pdl\drivers/peripheral/syspm/cy_syspm.h **** * nominal voltage because the actual voltage value depends on conditions 
1967:Generated_Source\PSoC6\pdl\drivers/peripheral/syspm/cy_syspm.h **** * including load current.
1968:Generated_Source\PSoC6\pdl\drivers/peripheral/syspm/cy_syspm.h **** *
1969:Generated_Source\PSoC6\pdl\drivers/peripheral/syspm/cy_syspm.h **** * \return
1970:Generated_Source\PSoC6\pdl\drivers/peripheral/syspm/cy_syspm.h **** * The nominal output voltage of the Buck SIMO regulator output 2 
1971:Generated_Source\PSoC6\pdl\drivers/peripheral/syspm/cy_syspm.h **** * voltage (Vbuckrf). See \ref cy_en_syspm_buck_voltage2_t.
1972:Generated_Source\PSoC6\pdl\drivers/peripheral/syspm/cy_syspm.h **** *
1973:Generated_Source\PSoC6\pdl\drivers/peripheral/syspm/cy_syspm.h **** * \note
1974:Generated_Source\PSoC6\pdl\drivers/peripheral/syspm/cy_syspm.h **** * Function returns zero for devices without a SIMO Buck regulator.
1975:Generated_Source\PSoC6\pdl\drivers/peripheral/syspm/cy_syspm.h **** * Refer to the device datasheet about information on whether device contains 
1976:Generated_Source\PSoC6\pdl\drivers/peripheral/syspm/cy_syspm.h **** * a SIMO Buck.
1977:Generated_Source\PSoC6\pdl\drivers/peripheral/syspm/cy_syspm.h **** *
1978:Generated_Source\PSoC6\pdl\drivers/peripheral/syspm/cy_syspm.h **** * \funcusage
1979:Generated_Source\PSoC6\pdl\drivers/peripheral/syspm/cy_syspm.h **** * \snippet syspm/4.0/snippet/main.c snippet_Cy_SysPm_BuckGetVoltage2
1980:Generated_Source\PSoC6\pdl\drivers/peripheral/syspm/cy_syspm.h **** *
1981:Generated_Source\PSoC6\pdl\drivers/peripheral/syspm/cy_syspm.h **** *******************************************************************************/
1982:Generated_Source\PSoC6\pdl\drivers/peripheral/syspm/cy_syspm.h **** __STATIC_INLINE cy_en_syspm_buck_voltage2_t Cy_SysPm_BuckGetVoltage2(void)
1983:Generated_Source\PSoC6\pdl\drivers/peripheral/syspm/cy_syspm.h **** {
1984:Generated_Source\PSoC6\pdl\drivers/peripheral/syspm/cy_syspm.h ****     uint32_t retVal = 0UL;
1985:Generated_Source\PSoC6\pdl\drivers/peripheral/syspm/cy_syspm.h **** 
1986:Generated_Source\PSoC6\pdl\drivers/peripheral/syspm/cy_syspm.h ****     if (0U != cy_device->sysPmSimoPresent)
1987:Generated_Source\PSoC6\pdl\drivers/peripheral/syspm/cy_syspm.h ****     {
1988:Generated_Source\PSoC6\pdl\drivers/peripheral/syspm/cy_syspm.h ****         retVal = _FLD2VAL(SRSS_PWR_BUCK_CTL2_BUCK_OUT2_SEL, SRSS_PWR_BUCK_CTL2);
1989:Generated_Source\PSoC6\pdl\drivers/peripheral/syspm/cy_syspm.h ****     }
1990:Generated_Source\PSoC6\pdl\drivers/peripheral/syspm/cy_syspm.h **** 
1991:Generated_Source\PSoC6\pdl\drivers/peripheral/syspm/cy_syspm.h ****     return ((cy_en_syspm_buck_voltage2_t) retVal);
1992:Generated_Source\PSoC6\pdl\drivers/peripheral/syspm/cy_syspm.h **** }
1993:Generated_Source\PSoC6\pdl\drivers/peripheral/syspm/cy_syspm.h **** 
1994:Generated_Source\PSoC6\pdl\drivers/peripheral/syspm/cy_syspm.h **** 
1995:Generated_Source\PSoC6\pdl\drivers/peripheral/syspm/cy_syspm.h **** /*******************************************************************************
1996:Generated_Source\PSoC6\pdl\drivers/peripheral/syspm/cy_syspm.h **** * Function Name: Cy_SysPm_BuckDisableVoltage2
1997:Generated_Source\PSoC6\pdl\drivers/peripheral/syspm/cy_syspm.h **** ****************************************************************************//**
1998:Generated_Source\PSoC6\pdl\drivers/peripheral/syspm/cy_syspm.h **** *
1999:Generated_Source\PSoC6\pdl\drivers/peripheral/syspm/cy_syspm.h **** * Disables the output 2 voltage (Vbuckrf) of the SIMO Buck regulator. The 
2000:Generated_Source\PSoC6\pdl\drivers/peripheral/syspm/cy_syspm.h **** * output 2 voltage (Vbuckrf) of the Buck regulator is typically used to supply 
2001:Generated_Source\PSoC6\pdl\drivers/peripheral/syspm/cy_syspm.h **** * the BLE radio.
2002:Generated_Source\PSoC6\pdl\drivers/peripheral/syspm/cy_syspm.h **** *
2003:Generated_Source\PSoC6\pdl\drivers/peripheral/syspm/cy_syspm.h **** * \note The function does not have effect, if the Buck regulator is
2004:Generated_Source\PSoC6\pdl\drivers/peripheral/syspm/cy_syspm.h **** * switched off.
2005:Generated_Source\PSoC6\pdl\drivers/peripheral/syspm/cy_syspm.h **** *
2006:Generated_Source\PSoC6\pdl\drivers/peripheral/syspm/cy_syspm.h **** * \note If you are switching the voltage supply source for BLE radio, ensure 
2007:Generated_Source\PSoC6\pdl\drivers/peripheral/syspm/cy_syspm.h **** * that the new voltage supply for the BLE HW block is settled 
2008:Generated_Source\PSoC6\pdl\drivers/peripheral/syspm/cy_syspm.h **** * and is stable before calling the Cy_SysPm_BuckDisableVoltage2() function.
2009:Generated_Source\PSoC6\pdl\drivers/peripheral/syspm/cy_syspm.h **** *
2010:Generated_Source\PSoC6\pdl\drivers/peripheral/syspm/cy_syspm.h **** * This function is applicable for devices with the SIMO Buck regulator.
2011:Generated_Source\PSoC6\pdl\drivers/peripheral/syspm/cy_syspm.h **** * Refer to the device datasheet for information about whether the device 
2012:Generated_Source\PSoC6\pdl\drivers/peripheral/syspm/cy_syspm.h **** * contains a SIMO Buck.
2013:Generated_Source\PSoC6\pdl\drivers/peripheral/syspm/cy_syspm.h **** *
2014:Generated_Source\PSoC6\pdl\drivers/peripheral/syspm/cy_syspm.h **** * \funcusage
2015:Generated_Source\PSoC6\pdl\drivers/peripheral/syspm/cy_syspm.h **** * \snippet syspm/4.0/snippet/main.c snippet_Cy_SysPm_BuckDisableVoltage2
ARM GAS  C:\Users\Finik\AppData\Local\Temp\cctwKBtC.s 			page 98


2016:Generated_Source\PSoC6\pdl\drivers/peripheral/syspm/cy_syspm.h **** *
2017:Generated_Source\PSoC6\pdl\drivers/peripheral/syspm/cy_syspm.h **** *******************************************************************************/
2018:Generated_Source\PSoC6\pdl\drivers/peripheral/syspm/cy_syspm.h **** __STATIC_INLINE void Cy_SysPm_BuckDisableVoltage2(void)
2019:Generated_Source\PSoC6\pdl\drivers/peripheral/syspm/cy_syspm.h **** {
2020:Generated_Source\PSoC6\pdl\drivers/peripheral/syspm/cy_syspm.h ****     if (0U != cy_device->sysPmSimoPresent)
2021:Generated_Source\PSoC6\pdl\drivers/peripheral/syspm/cy_syspm.h ****     {
2022:Generated_Source\PSoC6\pdl\drivers/peripheral/syspm/cy_syspm.h ****         /* Disable the Vbuck2 output */
2023:Generated_Source\PSoC6\pdl\drivers/peripheral/syspm/cy_syspm.h ****         SRSS_PWR_BUCK_CTL2 &= (uint32_t) ~_VAL2FLD(SRSS_PWR_BUCK_CTL2_BUCK_OUT2_EN, 1U);
2024:Generated_Source\PSoC6\pdl\drivers/peripheral/syspm/cy_syspm.h ****     }
2025:Generated_Source\PSoC6\pdl\drivers/peripheral/syspm/cy_syspm.h **** }
2026:Generated_Source\PSoC6\pdl\drivers/peripheral/syspm/cy_syspm.h **** 
2027:Generated_Source\PSoC6\pdl\drivers/peripheral/syspm/cy_syspm.h **** 
2028:Generated_Source\PSoC6\pdl\drivers/peripheral/syspm/cy_syspm.h **** /*******************************************************************************
2029:Generated_Source\PSoC6\pdl\drivers/peripheral/syspm/cy_syspm.h **** * Function Name: Cy_SysPm_BuckSetVoltage2HwControl
2030:Generated_Source\PSoC6\pdl\drivers/peripheral/syspm/cy_syspm.h **** ****************************************************************************//**
2031:Generated_Source\PSoC6\pdl\drivers/peripheral/syspm/cy_syspm.h **** *
2032:Generated_Source\PSoC6\pdl\drivers/peripheral/syspm/cy_syspm.h **** * Sets the hardware control for SIMO Buck output 2 (Vbuckrf).
2033:Generated_Source\PSoC6\pdl\drivers/peripheral/syspm/cy_syspm.h **** *
2034:Generated_Source\PSoC6\pdl\drivers/peripheral/syspm/cy_syspm.h **** * When hardware control is enabled for the Vbuckrf output, the firmware 
2035:Generated_Source\PSoC6\pdl\drivers/peripheral/syspm/cy_syspm.h **** * controlled enable register setting is ignored and the hardware signal is used 
2036:Generated_Source\PSoC6\pdl\drivers/peripheral/syspm/cy_syspm.h **** * instead. If the product has supporting hardware like BLE radio, it can 
2037:Generated_Source\PSoC6\pdl\drivers/peripheral/syspm/cy_syspm.h **** * directly control the enable signal for Vbuckrf.
2038:Generated_Source\PSoC6\pdl\drivers/peripheral/syspm/cy_syspm.h **** *
2039:Generated_Source\PSoC6\pdl\drivers/peripheral/syspm/cy_syspm.h **** * \param hwControl
2040:Generated_Source\PSoC6\pdl\drivers/peripheral/syspm/cy_syspm.h **** * Enables/disables hardware control for the SIMO Buck output 2.
2041:Generated_Source\PSoC6\pdl\drivers/peripheral/syspm/cy_syspm.h **** *
2042:Generated_Source\PSoC6\pdl\drivers/peripheral/syspm/cy_syspm.h **** * Function does not have an effect if SIMO Buck regulator is disabled.
2043:Generated_Source\PSoC6\pdl\drivers/peripheral/syspm/cy_syspm.h **** *
2044:Generated_Source\PSoC6\pdl\drivers/peripheral/syspm/cy_syspm.h **** * The function is applicable for devices with the SIMO Buck regulator.
2045:Generated_Source\PSoC6\pdl\drivers/peripheral/syspm/cy_syspm.h **** * Refer to the device datasheet for information about whether the device 
2046:Generated_Source\PSoC6\pdl\drivers/peripheral/syspm/cy_syspm.h **** * contains a SIMO Buck.
2047:Generated_Source\PSoC6\pdl\drivers/peripheral/syspm/cy_syspm.h **** *
2048:Generated_Source\PSoC6\pdl\drivers/peripheral/syspm/cy_syspm.h **** * \funcusage
2049:Generated_Source\PSoC6\pdl\drivers/peripheral/syspm/cy_syspm.h **** * \snippet syspm/4.0/snippet/main.c snippet_Cy_SysPm_BuckSetVoltage2HwControl
2050:Generated_Source\PSoC6\pdl\drivers/peripheral/syspm/cy_syspm.h **** *
2051:Generated_Source\PSoC6\pdl\drivers/peripheral/syspm/cy_syspm.h **** *******************************************************************************/
2052:Generated_Source\PSoC6\pdl\drivers/peripheral/syspm/cy_syspm.h **** __STATIC_INLINE void Cy_SysPm_BuckSetVoltage2HwControl(bool hwControl)
2053:Generated_Source\PSoC6\pdl\drivers/peripheral/syspm/cy_syspm.h **** {
2054:Generated_Source\PSoC6\pdl\drivers/peripheral/syspm/cy_syspm.h ****     bool isBuckEnabled = Cy_SysPm_BuckIsEnabled();
2055:Generated_Source\PSoC6\pdl\drivers/peripheral/syspm/cy_syspm.h ****     
2056:Generated_Source\PSoC6\pdl\drivers/peripheral/syspm/cy_syspm.h ****     if ((0U != cy_device->sysPmSimoPresent) && isBuckEnabled)
2057:Generated_Source\PSoC6\pdl\drivers/peripheral/syspm/cy_syspm.h ****     {
2058:Generated_Source\PSoC6\pdl\drivers/peripheral/syspm/cy_syspm.h ****         if(hwControl)
2059:Generated_Source\PSoC6\pdl\drivers/peripheral/syspm/cy_syspm.h ****         {
2060:Generated_Source\PSoC6\pdl\drivers/peripheral/syspm/cy_syspm.h ****             SRSS_PWR_BUCK_CTL2 |= _VAL2FLD(SRSS_PWR_BUCK_CTL2_BUCK_OUT2_HW_SEL, 1U);
2061:Generated_Source\PSoC6\pdl\drivers/peripheral/syspm/cy_syspm.h ****         }
2062:Generated_Source\PSoC6\pdl\drivers/peripheral/syspm/cy_syspm.h ****         else
2063:Generated_Source\PSoC6\pdl\drivers/peripheral/syspm/cy_syspm.h ****         {
2064:Generated_Source\PSoC6\pdl\drivers/peripheral/syspm/cy_syspm.h ****             SRSS_PWR_BUCK_CTL2 &= (uint32_t) ~_VAL2FLD(SRSS_PWR_BUCK_CTL2_BUCK_OUT2_HW_SEL, 1U);
2065:Generated_Source\PSoC6\pdl\drivers/peripheral/syspm/cy_syspm.h ****         }
2066:Generated_Source\PSoC6\pdl\drivers/peripheral/syspm/cy_syspm.h ****     }
2067:Generated_Source\PSoC6\pdl\drivers/peripheral/syspm/cy_syspm.h **** }
2068:Generated_Source\PSoC6\pdl\drivers/peripheral/syspm/cy_syspm.h **** 
2069:Generated_Source\PSoC6\pdl\drivers/peripheral/syspm/cy_syspm.h **** 
2070:Generated_Source\PSoC6\pdl\drivers/peripheral/syspm/cy_syspm.h **** /*******************************************************************************
2071:Generated_Source\PSoC6\pdl\drivers/peripheral/syspm/cy_syspm.h **** * Function Name: Cy_SysPm_BuckIsVoltage2HwControlled
2072:Generated_Source\PSoC6\pdl\drivers/peripheral/syspm/cy_syspm.h **** ****************************************************************************//**
ARM GAS  C:\Users\Finik\AppData\Local\Temp\cctwKBtC.s 			page 99


2073:Generated_Source\PSoC6\pdl\drivers/peripheral/syspm/cy_syspm.h **** *
2074:Generated_Source\PSoC6\pdl\drivers/peripheral/syspm/cy_syspm.h **** * Returns the hardware control state for Buck output 2 (Vbuckrf).
2075:Generated_Source\PSoC6\pdl\drivers/peripheral/syspm/cy_syspm.h **** *
2076:Generated_Source\PSoC6\pdl\drivers/peripheral/syspm/cy_syspm.h **** * When hardware control is enabled for the Vbuckrf output, the firmware 
2077:Generated_Source\PSoC6\pdl\drivers/peripheral/syspm/cy_syspm.h **** * controlled enable register setting is ignored and the hardware signal is used 
2078:Generated_Source\PSoC6\pdl\drivers/peripheral/syspm/cy_syspm.h **** * instead. If the product has supporting hardware like BLE radio, it can 
2079:Generated_Source\PSoC6\pdl\drivers/peripheral/syspm/cy_syspm.h **** * directly control the enable signal for Vbuckrf.
2080:Generated_Source\PSoC6\pdl\drivers/peripheral/syspm/cy_syspm.h **** *
2081:Generated_Source\PSoC6\pdl\drivers/peripheral/syspm/cy_syspm.h **** * \return
2082:Generated_Source\PSoC6\pdl\drivers/peripheral/syspm/cy_syspm.h **** * - True if HW control is set.
2083:Generated_Source\PSoC6\pdl\drivers/peripheral/syspm/cy_syspm.h **** * - False if FW control is set for the Buck output 2.
2084:Generated_Source\PSoC6\pdl\drivers/peripheral/syspm/cy_syspm.h **** *
2085:Generated_Source\PSoC6\pdl\drivers/peripheral/syspm/cy_syspm.h **** * The function is applicable for devices with the SIMO Buck regulator.
2086:Generated_Source\PSoC6\pdl\drivers/peripheral/syspm/cy_syspm.h **** * Refer to device datasheet about information if device contains 
2087:Generated_Source\PSoC6\pdl\drivers/peripheral/syspm/cy_syspm.h **** * SIMO Buck.
2088:Generated_Source\PSoC6\pdl\drivers/peripheral/syspm/cy_syspm.h **** *
2089:Generated_Source\PSoC6\pdl\drivers/peripheral/syspm/cy_syspm.h **** * \funcusage
2090:Generated_Source\PSoC6\pdl\drivers/peripheral/syspm/cy_syspm.h **** * \snippet syspm/4.0/snippet/main.c snippet_Cy_SysPm_BuckIsVoltage2HwControlled
2091:Generated_Source\PSoC6\pdl\drivers/peripheral/syspm/cy_syspm.h **** *
2092:Generated_Source\PSoC6\pdl\drivers/peripheral/syspm/cy_syspm.h **** *******************************************************************************/
2093:Generated_Source\PSoC6\pdl\drivers/peripheral/syspm/cy_syspm.h **** __STATIC_INLINE bool Cy_SysPm_BuckIsVoltage2HwControlled(void)
2094:Generated_Source\PSoC6\pdl\drivers/peripheral/syspm/cy_syspm.h **** {
2095:Generated_Source\PSoC6\pdl\drivers/peripheral/syspm/cy_syspm.h ****     bool retVal = false;
2096:Generated_Source\PSoC6\pdl\drivers/peripheral/syspm/cy_syspm.h **** 
2097:Generated_Source\PSoC6\pdl\drivers/peripheral/syspm/cy_syspm.h ****     if (0U != cy_device->sysPmSimoPresent)
2098:Generated_Source\PSoC6\pdl\drivers/peripheral/syspm/cy_syspm.h ****     {
2099:Generated_Source\PSoC6\pdl\drivers/peripheral/syspm/cy_syspm.h ****         retVal = (0U != _FLD2VAL(SRSS_PWR_BUCK_CTL2_BUCK_OUT2_HW_SEL, SRSS_PWR_BUCK_CTL2));
2100:Generated_Source\PSoC6\pdl\drivers/peripheral/syspm/cy_syspm.h ****     }
2101:Generated_Source\PSoC6\pdl\drivers/peripheral/syspm/cy_syspm.h **** 
2102:Generated_Source\PSoC6\pdl\drivers/peripheral/syspm/cy_syspm.h ****     return retVal;
2103:Generated_Source\PSoC6\pdl\drivers/peripheral/syspm/cy_syspm.h **** }
2104:Generated_Source\PSoC6\pdl\drivers/peripheral/syspm/cy_syspm.h **** /** \} group_syspm_functions_buck */
2105:Generated_Source\PSoC6\pdl\drivers/peripheral/syspm/cy_syspm.h **** 
2106:Generated_Source\PSoC6\pdl\drivers/peripheral/syspm/cy_syspm.h **** 
2107:Generated_Source\PSoC6\pdl\drivers/peripheral/syspm/cy_syspm.h **** /**
2108:Generated_Source\PSoC6\pdl\drivers/peripheral/syspm/cy_syspm.h **** * \addtogroup group_syspm_functions_ldo
2109:Generated_Source\PSoC6\pdl\drivers/peripheral/syspm/cy_syspm.h **** * \{
2110:Generated_Source\PSoC6\pdl\drivers/peripheral/syspm/cy_syspm.h **** */
2111:Generated_Source\PSoC6\pdl\drivers/peripheral/syspm/cy_syspm.h **** /*******************************************************************************
2112:Generated_Source\PSoC6\pdl\drivers/peripheral/syspm/cy_syspm.h **** * Function Name: Cy_SysPm_LdoGetVoltage
2113:Generated_Source\PSoC6\pdl\drivers/peripheral/syspm/cy_syspm.h **** ****************************************************************************//**
2114:Generated_Source\PSoC6\pdl\drivers/peripheral/syspm/cy_syspm.h **** *
2115:Generated_Source\PSoC6\pdl\drivers/peripheral/syspm/cy_syspm.h **** * Gets the current output voltage value of the core LDO regulator.
2116:Generated_Source\PSoC6\pdl\drivers/peripheral/syspm/cy_syspm.h **** *
2117:Generated_Source\PSoC6\pdl\drivers/peripheral/syspm/cy_syspm.h **** * \note The actual device Vccd voltage can be different from the 
2118:Generated_Source\PSoC6\pdl\drivers/peripheral/syspm/cy_syspm.h **** * nominal voltage because the actual voltage value depends on conditions 
2119:Generated_Source\PSoC6\pdl\drivers/peripheral/syspm/cy_syspm.h **** * including the load current.
2120:Generated_Source\PSoC6\pdl\drivers/peripheral/syspm/cy_syspm.h **** *
2121:Generated_Source\PSoC6\pdl\drivers/peripheral/syspm/cy_syspm.h **** * \return
2122:Generated_Source\PSoC6\pdl\drivers/peripheral/syspm/cy_syspm.h **** * The nominal output voltage of the LDO. See \ref cy_en_syspm_ldo_voltage_t.
2123:Generated_Source\PSoC6\pdl\drivers/peripheral/syspm/cy_syspm.h **** *
2124:Generated_Source\PSoC6\pdl\drivers/peripheral/syspm/cy_syspm.h **** * \funcusage
2125:Generated_Source\PSoC6\pdl\drivers/peripheral/syspm/cy_syspm.h **** * \snippet syspm/4.0/snippet/main.c snippet_Cy_SysPm_VoltageRegulator
2126:Generated_Source\PSoC6\pdl\drivers/peripheral/syspm/cy_syspm.h **** *
2127:Generated_Source\PSoC6\pdl\drivers/peripheral/syspm/cy_syspm.h **** *******************************************************************************/
2128:Generated_Source\PSoC6\pdl\drivers/peripheral/syspm/cy_syspm.h **** __STATIC_INLINE cy_en_syspm_ldo_voltage_t Cy_SysPm_LdoGetVoltage(void)
2129:Generated_Source\PSoC6\pdl\drivers/peripheral/syspm/cy_syspm.h **** {
ARM GAS  C:\Users\Finik\AppData\Local\Temp\cctwKBtC.s 			page 100


2130:Generated_Source\PSoC6\pdl\drivers/peripheral/syspm/cy_syspm.h ****     uint32_t curVoltage;
2131:Generated_Source\PSoC6\pdl\drivers/peripheral/syspm/cy_syspm.h **** 
2132:Generated_Source\PSoC6\pdl\drivers/peripheral/syspm/cy_syspm.h ****     curVoltage = _FLD2VAL(SRSS_PWR_TRIM_PWRSYS_CTL_ACT_REG_TRIM, SRSS_PWR_TRIM_PWRSYS_CTL);
2133:Generated_Source\PSoC6\pdl\drivers/peripheral/syspm/cy_syspm.h **** 
2134:Generated_Source\PSoC6\pdl\drivers/peripheral/syspm/cy_syspm.h ****     return ((curVoltage == (SFLASH_LDO_0P9V_TRIM)) ? CY_SYSPM_LDO_VOLTAGE_ULP : CY_SYSPM_LDO_VOLTAG
2135:Generated_Source\PSoC6\pdl\drivers/peripheral/syspm/cy_syspm.h **** }
2136:Generated_Source\PSoC6\pdl\drivers/peripheral/syspm/cy_syspm.h **** 
2137:Generated_Source\PSoC6\pdl\drivers/peripheral/syspm/cy_syspm.h **** 
2138:Generated_Source\PSoC6\pdl\drivers/peripheral/syspm/cy_syspm.h **** /*******************************************************************************
2139:Generated_Source\PSoC6\pdl\drivers/peripheral/syspm/cy_syspm.h **** * Function Name: Cy_SysPm_LdoIsEnabled
2140:Generated_Source\PSoC6\pdl\drivers/peripheral/syspm/cy_syspm.h **** ****************************************************************************//**
2141:Generated_Source\PSoC6\pdl\drivers/peripheral/syspm/cy_syspm.h **** *
2142:Generated_Source\PSoC6\pdl\drivers/peripheral/syspm/cy_syspm.h **** * Reads the current status of the core LDO regulator.
2143:Generated_Source\PSoC6\pdl\drivers/peripheral/syspm/cy_syspm.h **** *
2144:Generated_Source\PSoC6\pdl\drivers/peripheral/syspm/cy_syspm.h **** * \return
2145:Generated_Source\PSoC6\pdl\drivers/peripheral/syspm/cy_syspm.h **** * - True means the LDO is enabled. 
2146:Generated_Source\PSoC6\pdl\drivers/peripheral/syspm/cy_syspm.h **** * - False means it is disabled.
2147:Generated_Source\PSoC6\pdl\drivers/peripheral/syspm/cy_syspm.h **** *
2148:Generated_Source\PSoC6\pdl\drivers/peripheral/syspm/cy_syspm.h **** * \funcusage
2149:Generated_Source\PSoC6\pdl\drivers/peripheral/syspm/cy_syspm.h **** * \snippet syspm/4.0/snippet/main.c snippet_Cy_SysPm_VoltageRegulator
2150:Generated_Source\PSoC6\pdl\drivers/peripheral/syspm/cy_syspm.h **** *
2151:Generated_Source\PSoC6\pdl\drivers/peripheral/syspm/cy_syspm.h **** *******************************************************************************/
2152:Generated_Source\PSoC6\pdl\drivers/peripheral/syspm/cy_syspm.h **** __STATIC_INLINE bool Cy_SysPm_LdoIsEnabled(void)
2153:Generated_Source\PSoC6\pdl\drivers/peripheral/syspm/cy_syspm.h **** {
2154:Generated_Source\PSoC6\pdl\drivers/peripheral/syspm/cy_syspm.h ****     return ((0U != _FLD2VAL(SRSS_PWR_CTL_LINREG_DIS, SRSS_PWR_CTL)) ? false : true);
2155:Generated_Source\PSoC6\pdl\drivers/peripheral/syspm/cy_syspm.h **** }
2156:Generated_Source\PSoC6\pdl\drivers/peripheral/syspm/cy_syspm.h **** /** \} group_syspm_functions_ldo */
2157:Generated_Source\PSoC6\pdl\drivers/peripheral/syspm/cy_syspm.h **** 
2158:Generated_Source\PSoC6\pdl\drivers/peripheral/syspm/cy_syspm.h **** 
2159:Generated_Source\PSoC6\pdl\drivers/peripheral/syspm/cy_syspm.h **** /**
2160:Generated_Source\PSoC6\pdl\drivers/peripheral/syspm/cy_syspm.h **** * \addtogroup group_syspm_functions_iofreeze
2161:Generated_Source\PSoC6\pdl\drivers/peripheral/syspm/cy_syspm.h **** * \{
2162:Generated_Source\PSoC6\pdl\drivers/peripheral/syspm/cy_syspm.h **** */
2163:Generated_Source\PSoC6\pdl\drivers/peripheral/syspm/cy_syspm.h **** /*******************************************************************************
2164:Generated_Source\PSoC6\pdl\drivers/peripheral/syspm/cy_syspm.h **** * Function Name: Cy_SysPm_IoIsFrozen
2165:Generated_Source\PSoC6\pdl\drivers/peripheral/syspm/cy_syspm.h **** ****************************************************************************//**
2166:Generated_Source\PSoC6\pdl\drivers/peripheral/syspm/cy_syspm.h **** *
2167:Generated_Source\PSoC6\pdl\drivers/peripheral/syspm/cy_syspm.h **** * Checks whether IOs are frozen.
2168:Generated_Source\PSoC6\pdl\drivers/peripheral/syspm/cy_syspm.h **** *
2169:Generated_Source\PSoC6\pdl\drivers/peripheral/syspm/cy_syspm.h **** * \return 
2170:Generated_Source\PSoC6\pdl\drivers/peripheral/syspm/cy_syspm.h **** * - True if IOs are frozen.
2171:Generated_Source\PSoC6\pdl\drivers/peripheral/syspm/cy_syspm.h **** * - False if IOs are unfrozen.
2172:Generated_Source\PSoC6\pdl\drivers/peripheral/syspm/cy_syspm.h **** *
2173:Generated_Source\PSoC6\pdl\drivers/peripheral/syspm/cy_syspm.h **** * \funcusage
2174:Generated_Source\PSoC6\pdl\drivers/peripheral/syspm/cy_syspm.h **** * \snippet syspm/4.0/snippet/main.c snippet_Cy_SysPm_IoUnfreeze
2175:Generated_Source\PSoC6\pdl\drivers/peripheral/syspm/cy_syspm.h **** *
2176:Generated_Source\PSoC6\pdl\drivers/peripheral/syspm/cy_syspm.h **** *******************************************************************************/
2177:Generated_Source\PSoC6\pdl\drivers/peripheral/syspm/cy_syspm.h **** __STATIC_INLINE bool Cy_SysPm_IoIsFrozen(void)
2178:Generated_Source\PSoC6\pdl\drivers/peripheral/syspm/cy_syspm.h **** {
2179:Generated_Source\PSoC6\pdl\drivers/peripheral/syspm/cy_syspm.h ****     return (0U != _FLD2VAL(SRSS_PWR_HIBERNATE_FREEZE, SRSS_PWR_HIBERNATE));
2180:Generated_Source\PSoC6\pdl\drivers/peripheral/syspm/cy_syspm.h **** }
2181:Generated_Source\PSoC6\pdl\drivers/peripheral/syspm/cy_syspm.h **** /** \} group_syspm_functions_iofreeze */
2182:Generated_Source\PSoC6\pdl\drivers/peripheral/syspm/cy_syspm.h **** 
2183:Generated_Source\PSoC6\pdl\drivers/peripheral/syspm/cy_syspm.h **** /**
2184:Generated_Source\PSoC6\pdl\drivers/peripheral/syspm/cy_syspm.h **** * \addtogroup group_syspm_functions_pmic
2185:Generated_Source\PSoC6\pdl\drivers/peripheral/syspm/cy_syspm.h **** * \{
2186:Generated_Source\PSoC6\pdl\drivers/peripheral/syspm/cy_syspm.h **** */
ARM GAS  C:\Users\Finik\AppData\Local\Temp\cctwKBtC.s 			page 101


2187:Generated_Source\PSoC6\pdl\drivers/peripheral/syspm/cy_syspm.h **** 
2188:Generated_Source\PSoC6\pdl\drivers/peripheral/syspm/cy_syspm.h **** 
2189:Generated_Source\PSoC6\pdl\drivers/peripheral/syspm/cy_syspm.h **** /*******************************************************************************
2190:Generated_Source\PSoC6\pdl\drivers/peripheral/syspm/cy_syspm.h **** * Function Name: Cy_SysPm_PmicEnable
2191:Generated_Source\PSoC6\pdl\drivers/peripheral/syspm/cy_syspm.h **** ****************************************************************************//**
2192:Generated_Source\PSoC6\pdl\drivers/peripheral/syspm/cy_syspm.h **** *
2193:Generated_Source\PSoC6\pdl\drivers/peripheral/syspm/cy_syspm.h **** * Enable the external PMIC controller that supplies Vddd (if present).
2194:Generated_Source\PSoC6\pdl\drivers/peripheral/syspm/cy_syspm.h **** *
2195:Generated_Source\PSoC6\pdl\drivers/peripheral/syspm/cy_syspm.h **** * For information about the PMIC controller input and output pins and their 
2196:Generated_Source\PSoC6\pdl\drivers/peripheral/syspm/cy_syspm.h **** * assignment in specific devices, refer to the appropriate device TRM.
2197:Generated_Source\PSoC6\pdl\drivers/peripheral/syspm/cy_syspm.h **** * 
2198:Generated_Source\PSoC6\pdl\drivers/peripheral/syspm/cy_syspm.h **** * This function is not effective when the PMIC controller is locked. Call 
2199:Generated_Source\PSoC6\pdl\drivers/peripheral/syspm/cy_syspm.h **** * Cy_SysPm_PmicUnlock() before enabling the PMIC.
2200:Generated_Source\PSoC6\pdl\drivers/peripheral/syspm/cy_syspm.h **** *
2201:Generated_Source\PSoC6\pdl\drivers/peripheral/syspm/cy_syspm.h **** * \funcusage
2202:Generated_Source\PSoC6\pdl\drivers/peripheral/syspm/cy_syspm.h **** * \snippet syspm/4.0/snippet/main.c snippet_Cy_SysPm_PmicEnable
2203:Generated_Source\PSoC6\pdl\drivers/peripheral/syspm/cy_syspm.h **** *
2204:Generated_Source\PSoC6\pdl\drivers/peripheral/syspm/cy_syspm.h **** *******************************************************************************/
2205:Generated_Source\PSoC6\pdl\drivers/peripheral/syspm/cy_syspm.h **** __STATIC_INLINE void Cy_SysPm_PmicEnable(void)
2206:Generated_Source\PSoC6\pdl\drivers/peripheral/syspm/cy_syspm.h **** {
2207:Generated_Source\PSoC6\pdl\drivers/peripheral/syspm/cy_syspm.h ****     if (CY_SYSPM_PMIC_UNLOCK_KEY == _FLD2VAL(BACKUP_PMIC_CTL_UNLOCK, BACKUP_PMIC_CTL))
2208:Generated_Source\PSoC6\pdl\drivers/peripheral/syspm/cy_syspm.h ****     {
2209:Generated_Source\PSoC6\pdl\drivers/peripheral/syspm/cy_syspm.h ****         BACKUP_PMIC_CTL =
2210:Generated_Source\PSoC6\pdl\drivers/peripheral/syspm/cy_syspm.h ****         _VAL2FLD(BACKUP_PMIC_CTL_UNLOCK, CY_SYSPM_PMIC_UNLOCK_KEY) |
2211:Generated_Source\PSoC6\pdl\drivers/peripheral/syspm/cy_syspm.h ****         _VAL2FLD(BACKUP_PMIC_CTL_PMIC_EN_OUTEN, 1U) |
2212:Generated_Source\PSoC6\pdl\drivers/peripheral/syspm/cy_syspm.h ****         _VAL2FLD(BACKUP_PMIC_CTL_PMIC_EN, 1U);
2213:Generated_Source\PSoC6\pdl\drivers/peripheral/syspm/cy_syspm.h ****     }
2214:Generated_Source\PSoC6\pdl\drivers/peripheral/syspm/cy_syspm.h **** }
2215:Generated_Source\PSoC6\pdl\drivers/peripheral/syspm/cy_syspm.h **** 
2216:Generated_Source\PSoC6\pdl\drivers/peripheral/syspm/cy_syspm.h **** 
2217:Generated_Source\PSoC6\pdl\drivers/peripheral/syspm/cy_syspm.h **** /*******************************************************************************
2218:Generated_Source\PSoC6\pdl\drivers/peripheral/syspm/cy_syspm.h **** * Function Name: Cy_SysPm_PmicDisable
2219:Generated_Source\PSoC6\pdl\drivers/peripheral/syspm/cy_syspm.h **** ****************************************************************************//**
2220:Generated_Source\PSoC6\pdl\drivers/peripheral/syspm/cy_syspm.h **** *
2221:Generated_Source\PSoC6\pdl\drivers/peripheral/syspm/cy_syspm.h **** * Disable the external PMIC controller that supplies Vddd (if present).
2222:Generated_Source\PSoC6\pdl\drivers/peripheral/syspm/cy_syspm.h **** * This function does not affect the PMIC controller output pin. The PMIC 
2223:Generated_Source\PSoC6\pdl\drivers/peripheral/syspm/cy_syspm.h **** * controller input pin has programmable polarity to 
2224:Generated_Source\PSoC6\pdl\drivers/peripheral/syspm/cy_syspm.h **** * enable the external PMIC using different input polarities. The PMIC controller
2225:Generated_Source\PSoC6\pdl\drivers/peripheral/syspm/cy_syspm.h **** * is automatically enabled when the input pin polarity and configured polarity 
2226:Generated_Source\PSoC6\pdl\drivers/peripheral/syspm/cy_syspm.h **** * match. This function is not effective when the active level of PMIC controller
2227:Generated_Source\PSoC6\pdl\drivers/peripheral/syspm/cy_syspm.h **** * input pin is equal to the configured PMIC controller polarity.
2228:Generated_Source\PSoC6\pdl\drivers/peripheral/syspm/cy_syspm.h **** *
2229:Generated_Source\PSoC6\pdl\drivers/peripheral/syspm/cy_syspm.h **** * The function is not effective when the PMIC controller is locked. Call 
2230:Generated_Source\PSoC6\pdl\drivers/peripheral/syspm/cy_syspm.h **** * Cy_SysPm_PmicUnlock() before enabling the PMIC controller.
2231:Generated_Source\PSoC6\pdl\drivers/peripheral/syspm/cy_syspm.h **** *
2232:Generated_Source\PSoC6\pdl\drivers/peripheral/syspm/cy_syspm.h **** * \param polarity
2233:Generated_Source\PSoC6\pdl\drivers/peripheral/syspm/cy_syspm.h **** * Configures the PMIC controller wakeup input pin to be active low or active 
2234:Generated_Source\PSoC6\pdl\drivers/peripheral/syspm/cy_syspm.h **** * high. The PMIC will be automatically enabled when the set polarity and the 
2235:Generated_Source\PSoC6\pdl\drivers/peripheral/syspm/cy_syspm.h **** * active level of PMIC input pin match. 
2236:Generated_Source\PSoC6\pdl\drivers/peripheral/syspm/cy_syspm.h **** * See \ref cy_en_syspm_pmic_wakeup_polarity_t.
2237:Generated_Source\PSoC6\pdl\drivers/peripheral/syspm/cy_syspm.h **** *
2238:Generated_Source\PSoC6\pdl\drivers/peripheral/syspm/cy_syspm.h **** * The PMIC controller will be enabled automatically by any of RTC alarm or 
2239:Generated_Source\PSoC6\pdl\drivers/peripheral/syspm/cy_syspm.h **** * PMIC wakeup events, regardless of the PMIC controller lock state.
2240:Generated_Source\PSoC6\pdl\drivers/peripheral/syspm/cy_syspm.h **** *
2241:Generated_Source\PSoC6\pdl\drivers/peripheral/syspm/cy_syspm.h **** * \note
2242:Generated_Source\PSoC6\pdl\drivers/peripheral/syspm/cy_syspm.h **** * Before disabling the PMIC controller, ensure that PMIC input and PMIC output 
2243:Generated_Source\PSoC6\pdl\drivers/peripheral/syspm/cy_syspm.h **** * pins are configured correctly to enable expected PMIC operation.
ARM GAS  C:\Users\Finik\AppData\Local\Temp\cctwKBtC.s 			page 102


2244:Generated_Source\PSoC6\pdl\drivers/peripheral/syspm/cy_syspm.h **** *
2245:Generated_Source\PSoC6\pdl\drivers/peripheral/syspm/cy_syspm.h **** * \warning
2246:Generated_Source\PSoC6\pdl\drivers/peripheral/syspm/cy_syspm.h **** * The PMIC is enabled automatically when you call Cy_SysPm_PmicLock(). 
2247:Generated_Source\PSoC6\pdl\drivers/peripheral/syspm/cy_syspm.h **** * To keep the external PMIC disabled, the PMIC controller must remain unlocked.
2248:Generated_Source\PSoC6\pdl\drivers/peripheral/syspm/cy_syspm.h **** *
2249:Generated_Source\PSoC6\pdl\drivers/peripheral/syspm/cy_syspm.h **** * \warning 
2250:Generated_Source\PSoC6\pdl\drivers/peripheral/syspm/cy_syspm.h **** * Do not call Cy_SysPm_PmicDisable(CY_SYSPM_PMIC_POLARITY_LOW) because this 
2251:Generated_Source\PSoC6\pdl\drivers/peripheral/syspm/cy_syspm.h **** * is not supported by hardware.
2252:Generated_Source\PSoC6\pdl\drivers/peripheral/syspm/cy_syspm.h **** *
2253:Generated_Source\PSoC6\pdl\drivers/peripheral/syspm/cy_syspm.h **** * For information about the PMIC controller input and output pins and their 
2254:Generated_Source\PSoC6\pdl\drivers/peripheral/syspm/cy_syspm.h **** * assignment in the specific devices, refer to the appropriate 
2255:Generated_Source\PSoC6\pdl\drivers/peripheral/syspm/cy_syspm.h **** * device TRM.
2256:Generated_Source\PSoC6\pdl\drivers/peripheral/syspm/cy_syspm.h **** *
2257:Generated_Source\PSoC6\pdl\drivers/peripheral/syspm/cy_syspm.h **** * \funcusage
2258:Generated_Source\PSoC6\pdl\drivers/peripheral/syspm/cy_syspm.h **** * \snippet syspm/4.0/snippet/main.c snippet_Cy_SysPm_PmicDisable
2259:Generated_Source\PSoC6\pdl\drivers/peripheral/syspm/cy_syspm.h **** *
2260:Generated_Source\PSoC6\pdl\drivers/peripheral/syspm/cy_syspm.h **** *******************************************************************************/
2261:Generated_Source\PSoC6\pdl\drivers/peripheral/syspm/cy_syspm.h **** __STATIC_INLINE void Cy_SysPm_PmicDisable(cy_en_syspm_pmic_wakeup_polarity_t polarity)
2262:Generated_Source\PSoC6\pdl\drivers/peripheral/syspm/cy_syspm.h **** {
2263:Generated_Source\PSoC6\pdl\drivers/peripheral/syspm/cy_syspm.h ****     CY_ASSERT_L3(CY_SYSPM_IS_POLARITY_VALID(polarity));
2264:Generated_Source\PSoC6\pdl\drivers/peripheral/syspm/cy_syspm.h ****     
2265:Generated_Source\PSoC6\pdl\drivers/peripheral/syspm/cy_syspm.h ****     if (CY_SYSPM_PMIC_UNLOCK_KEY == _FLD2VAL(BACKUP_PMIC_CTL_UNLOCK, BACKUP_PMIC_CTL))
2266:Generated_Source\PSoC6\pdl\drivers/peripheral/syspm/cy_syspm.h ****     {
2267:Generated_Source\PSoC6\pdl\drivers/peripheral/syspm/cy_syspm.h ****         BACKUP_PMIC_CTL = 
2268:Generated_Source\PSoC6\pdl\drivers/peripheral/syspm/cy_syspm.h ****         (_VAL2FLD(BACKUP_PMIC_CTL_UNLOCK, CY_SYSPM_PMIC_UNLOCK_KEY) | 
2269:Generated_Source\PSoC6\pdl\drivers/peripheral/syspm/cy_syspm.h ****          _CLR_SET_FLD32U(BACKUP_PMIC_CTL, BACKUP_PMIC_CTL_POLARITY, (uint32_t) polarity)) &
2270:Generated_Source\PSoC6\pdl\drivers/peripheral/syspm/cy_syspm.h ****         ((uint32_t) ~ _VAL2FLD(BACKUP_PMIC_CTL_PMIC_EN, 1U));
2271:Generated_Source\PSoC6\pdl\drivers/peripheral/syspm/cy_syspm.h ****     }
2272:Generated_Source\PSoC6\pdl\drivers/peripheral/syspm/cy_syspm.h **** }
2273:Generated_Source\PSoC6\pdl\drivers/peripheral/syspm/cy_syspm.h **** 
2274:Generated_Source\PSoC6\pdl\drivers/peripheral/syspm/cy_syspm.h **** 
2275:Generated_Source\PSoC6\pdl\drivers/peripheral/syspm/cy_syspm.h **** /*******************************************************************************
2276:Generated_Source\PSoC6\pdl\drivers/peripheral/syspm/cy_syspm.h **** * Function Name: Cy_SysPm_PmicAlwaysEnable
2277:Generated_Source\PSoC6\pdl\drivers/peripheral/syspm/cy_syspm.h **** ****************************************************************************//**
2278:Generated_Source\PSoC6\pdl\drivers/peripheral/syspm/cy_syspm.h **** *
2279:Generated_Source\PSoC6\pdl\drivers/peripheral/syspm/cy_syspm.h **** * Enable the external PMIC controller that supplies Vddd (if present) and force 
2280:Generated_Source\PSoC6\pdl\drivers/peripheral/syspm/cy_syspm.h **** * active. This is a Write once API. It ensures that the PMIC controller cannot 
2281:Generated_Source\PSoC6\pdl\drivers/peripheral/syspm/cy_syspm.h **** * be disabled or polarity changed until a next device reset.
2282:Generated_Source\PSoC6\pdl\drivers/peripheral/syspm/cy_syspm.h **** * 
2283:Generated_Source\PSoC6\pdl\drivers/peripheral/syspm/cy_syspm.h **** * For information about the PMIC controller input and output pins and their 
2284:Generated_Source\PSoC6\pdl\drivers/peripheral/syspm/cy_syspm.h **** * assignment in the specific devices, refer to the appropriate device TRM.
2285:Generated_Source\PSoC6\pdl\drivers/peripheral/syspm/cy_syspm.h **** *
2286:Generated_Source\PSoC6\pdl\drivers/peripheral/syspm/cy_syspm.h **** * \funcusage
2287:Generated_Source\PSoC6\pdl\drivers/peripheral/syspm/cy_syspm.h **** * \snippet syspm/4.0/snippet/main.c snippet_Cy_SysPm_PmicAlwaysEnable
2288:Generated_Source\PSoC6\pdl\drivers/peripheral/syspm/cy_syspm.h **** *
2289:Generated_Source\PSoC6\pdl\drivers/peripheral/syspm/cy_syspm.h **** *******************************************************************************/
2290:Generated_Source\PSoC6\pdl\drivers/peripheral/syspm/cy_syspm.h **** __STATIC_INLINE void Cy_SysPm_PmicAlwaysEnable(void)
2291:Generated_Source\PSoC6\pdl\drivers/peripheral/syspm/cy_syspm.h **** {
2292:Generated_Source\PSoC6\pdl\drivers/peripheral/syspm/cy_syspm.h ****     BACKUP_PMIC_CTL |= _VAL2FLD(BACKUP_PMIC_CTL_PMIC_ALWAYSEN, 1U);
2293:Generated_Source\PSoC6\pdl\drivers/peripheral/syspm/cy_syspm.h **** }
2294:Generated_Source\PSoC6\pdl\drivers/peripheral/syspm/cy_syspm.h **** 
2295:Generated_Source\PSoC6\pdl\drivers/peripheral/syspm/cy_syspm.h **** 
2296:Generated_Source\PSoC6\pdl\drivers/peripheral/syspm/cy_syspm.h **** /*******************************************************************************
2297:Generated_Source\PSoC6\pdl\drivers/peripheral/syspm/cy_syspm.h **** * Function Name: Cy_SysPm_PmicEnableOutput
2298:Generated_Source\PSoC6\pdl\drivers/peripheral/syspm/cy_syspm.h **** ****************************************************************************//**
2299:Generated_Source\PSoC6\pdl\drivers/peripheral/syspm/cy_syspm.h **** *
2300:Generated_Source\PSoC6\pdl\drivers/peripheral/syspm/cy_syspm.h **** * Enables the PMIC controller output pin. 
ARM GAS  C:\Users\Finik\AppData\Local\Temp\cctwKBtC.s 			page 103


2301:Generated_Source\PSoC6\pdl\drivers/peripheral/syspm/cy_syspm.h **** *
2302:Generated_Source\PSoC6\pdl\drivers/peripheral/syspm/cy_syspm.h **** * The function is not effective when the PMIC controller is locked. Call 
2303:Generated_Source\PSoC6\pdl\drivers/peripheral/syspm/cy_syspm.h **** * Cy_SysPm_PmicUnlock() before enabling the PMIC controller.
2304:Generated_Source\PSoC6\pdl\drivers/peripheral/syspm/cy_syspm.h **** *
2305:Generated_Source\PSoC6\pdl\drivers/peripheral/syspm/cy_syspm.h **** * For information about the PMIC controller output pin and its assignment in 
2306:Generated_Source\PSoC6\pdl\drivers/peripheral/syspm/cy_syspm.h **** * specific devices, refer to the appropriate device TRM.
2307:Generated_Source\PSoC6\pdl\drivers/peripheral/syspm/cy_syspm.h **** *
2308:Generated_Source\PSoC6\pdl\drivers/peripheral/syspm/cy_syspm.h **** * \funcusage
2309:Generated_Source\PSoC6\pdl\drivers/peripheral/syspm/cy_syspm.h **** * \snippet syspm/4.0/snippet/main.c snippet_Cy_SysPm_PmicEnableOutput
2310:Generated_Source\PSoC6\pdl\drivers/peripheral/syspm/cy_syspm.h **** *
2311:Generated_Source\PSoC6\pdl\drivers/peripheral/syspm/cy_syspm.h **** *******************************************************************************/
2312:Generated_Source\PSoC6\pdl\drivers/peripheral/syspm/cy_syspm.h **** __STATIC_INLINE void Cy_SysPm_PmicEnableOutput(void)
2313:Generated_Source\PSoC6\pdl\drivers/peripheral/syspm/cy_syspm.h **** {
2314:Generated_Source\PSoC6\pdl\drivers/peripheral/syspm/cy_syspm.h ****     if (CY_SYSPM_PMIC_UNLOCK_KEY == _FLD2VAL(BACKUP_PMIC_CTL_UNLOCK, BACKUP_PMIC_CTL))
2315:Generated_Source\PSoC6\pdl\drivers/peripheral/syspm/cy_syspm.h ****     {
2316:Generated_Source\PSoC6\pdl\drivers/peripheral/syspm/cy_syspm.h ****         BACKUP_PMIC_CTL |=
2317:Generated_Source\PSoC6\pdl\drivers/peripheral/syspm/cy_syspm.h ****         _VAL2FLD(BACKUP_PMIC_CTL_UNLOCK, CY_SYSPM_PMIC_UNLOCK_KEY) | _VAL2FLD(BACKUP_PMIC_CTL_PMIC_
2318:Generated_Source\PSoC6\pdl\drivers/peripheral/syspm/cy_syspm.h ****     }
2319:Generated_Source\PSoC6\pdl\drivers/peripheral/syspm/cy_syspm.h **** }
2320:Generated_Source\PSoC6\pdl\drivers/peripheral/syspm/cy_syspm.h **** 
2321:Generated_Source\PSoC6\pdl\drivers/peripheral/syspm/cy_syspm.h **** 
2322:Generated_Source\PSoC6\pdl\drivers/peripheral/syspm/cy_syspm.h **** /*******************************************************************************
2323:Generated_Source\PSoC6\pdl\drivers/peripheral/syspm/cy_syspm.h **** * Function Name: Cy_SysPm_PmicDisableOutput
2324:Generated_Source\PSoC6\pdl\drivers/peripheral/syspm/cy_syspm.h **** ****************************************************************************//**
2325:Generated_Source\PSoC6\pdl\drivers/peripheral/syspm/cy_syspm.h **** *
2326:Generated_Source\PSoC6\pdl\drivers/peripheral/syspm/cy_syspm.h **** * Disables the PMIC controller output pin. 
2327:Generated_Source\PSoC6\pdl\drivers/peripheral/syspm/cy_syspm.h **** *
2328:Generated_Source\PSoC6\pdl\drivers/peripheral/syspm/cy_syspm.h **** * When the PMIC controller output pin is disabled and is unlocked, the PMIC 
2329:Generated_Source\PSoC6\pdl\drivers/peripheral/syspm/cy_syspm.h **** * controller output pin can be used for the another purpose.
2330:Generated_Source\PSoC6\pdl\drivers/peripheral/syspm/cy_syspm.h **** *
2331:Generated_Source\PSoC6\pdl\drivers/peripheral/syspm/cy_syspm.h **** * The function has no effect when the PMIC is locked. Call 
2332:Generated_Source\PSoC6\pdl\drivers/peripheral/syspm/cy_syspm.h **** * Cy_SysPm_PmicUnlock() before enabling the PMIC.
2333:Generated_Source\PSoC6\pdl\drivers/peripheral/syspm/cy_syspm.h **** *
2334:Generated_Source\PSoC6\pdl\drivers/peripheral/syspm/cy_syspm.h **** * For information about the PMIC controller output pin and its assignment in 
2335:Generated_Source\PSoC6\pdl\drivers/peripheral/syspm/cy_syspm.h **** * specific devices, refer to the appropriate device TRM.
2336:Generated_Source\PSoC6\pdl\drivers/peripheral/syspm/cy_syspm.h **** *
2337:Generated_Source\PSoC6\pdl\drivers/peripheral/syspm/cy_syspm.h **** * \note
2338:Generated_Source\PSoC6\pdl\drivers/peripheral/syspm/cy_syspm.h **** * After the PMIC controller output is disabled, the PMIC output pin returns to 
2339:Generated_Source\PSoC6\pdl\drivers/peripheral/syspm/cy_syspm.h **** * its GPIO configured state. 
2340:Generated_Source\PSoC6\pdl\drivers/peripheral/syspm/cy_syspm.h **** *
2341:Generated_Source\PSoC6\pdl\drivers/peripheral/syspm/cy_syspm.h **** * \warning
2342:Generated_Source\PSoC6\pdl\drivers/peripheral/syspm/cy_syspm.h **** * The PMIC controller output is enabled automatically when you call 
2343:Generated_Source\PSoC6\pdl\drivers/peripheral/syspm/cy_syspm.h **** * Cy_SysPm_PmicLock(). To keep the PMIC controller output disabled, the PMIC
2344:Generated_Source\PSoC6\pdl\drivers/peripheral/syspm/cy_syspm.h **** * controller must remain unlocked.
2345:Generated_Source\PSoC6\pdl\drivers/peripheral/syspm/cy_syspm.h **** *
2346:Generated_Source\PSoC6\pdl\drivers/peripheral/syspm/cy_syspm.h **** * \funcusage
2347:Generated_Source\PSoC6\pdl\drivers/peripheral/syspm/cy_syspm.h **** * \snippet syspm/4.0/snippet/main.c snippet_Cy_SysPm_PmicDisableOutput
2348:Generated_Source\PSoC6\pdl\drivers/peripheral/syspm/cy_syspm.h **** *
2349:Generated_Source\PSoC6\pdl\drivers/peripheral/syspm/cy_syspm.h **** *******************************************************************************/
2350:Generated_Source\PSoC6\pdl\drivers/peripheral/syspm/cy_syspm.h **** __STATIC_INLINE void Cy_SysPm_PmicDisableOutput(void)
2351:Generated_Source\PSoC6\pdl\drivers/peripheral/syspm/cy_syspm.h **** {
2352:Generated_Source\PSoC6\pdl\drivers/peripheral/syspm/cy_syspm.h ****     if (CY_SYSPM_PMIC_UNLOCK_KEY == _FLD2VAL(BACKUP_PMIC_CTL_UNLOCK, BACKUP_PMIC_CTL))
2353:Generated_Source\PSoC6\pdl\drivers/peripheral/syspm/cy_syspm.h ****     {
2354:Generated_Source\PSoC6\pdl\drivers/peripheral/syspm/cy_syspm.h ****         BACKUP_PMIC_CTL = 
2355:Generated_Source\PSoC6\pdl\drivers/peripheral/syspm/cy_syspm.h ****         (BACKUP_PMIC_CTL | _VAL2FLD(BACKUP_PMIC_CTL_UNLOCK, CY_SYSPM_PMIC_UNLOCK_KEY)) &
2356:Generated_Source\PSoC6\pdl\drivers/peripheral/syspm/cy_syspm.h ****         ((uint32_t) ~ _VAL2FLD(BACKUP_PMIC_CTL_PMIC_EN_OUTEN, 1U));
2357:Generated_Source\PSoC6\pdl\drivers/peripheral/syspm/cy_syspm.h ****     } 
ARM GAS  C:\Users\Finik\AppData\Local\Temp\cctwKBtC.s 			page 104


2358:Generated_Source\PSoC6\pdl\drivers/peripheral/syspm/cy_syspm.h **** }
2359:Generated_Source\PSoC6\pdl\drivers/peripheral/syspm/cy_syspm.h **** 
2360:Generated_Source\PSoC6\pdl\drivers/peripheral/syspm/cy_syspm.h **** 
2361:Generated_Source\PSoC6\pdl\drivers/peripheral/syspm/cy_syspm.h **** /*******************************************************************************
2362:Generated_Source\PSoC6\pdl\drivers/peripheral/syspm/cy_syspm.h **** * Function Name: Cy_SysPm_PmicLock
2363:Generated_Source\PSoC6\pdl\drivers/peripheral/syspm/cy_syspm.h **** ****************************************************************************//**
2364:Generated_Source\PSoC6\pdl\drivers/peripheral/syspm/cy_syspm.h **** *
2365:Generated_Source\PSoC6\pdl\drivers/peripheral/syspm/cy_syspm.h **** * Locks the PMIC control controller register so that no changes can be made. 
2366:Generated_Source\PSoC6\pdl\drivers/peripheral/syspm/cy_syspm.h **** * The changes are related to PMIC enabling/disabling and PMIC output pin 
2367:Generated_Source\PSoC6\pdl\drivers/peripheral/syspm/cy_syspm.h **** * enabling/disabling.
2368:Generated_Source\PSoC6\pdl\drivers/peripheral/syspm/cy_syspm.h **** *
2369:Generated_Source\PSoC6\pdl\drivers/peripheral/syspm/cy_syspm.h **** * \warning
2370:Generated_Source\PSoC6\pdl\drivers/peripheral/syspm/cy_syspm.h **** * The PMIC controller and/or the PMIC output are enabled automatically when 
2371:Generated_Source\PSoC6\pdl\drivers/peripheral/syspm/cy_syspm.h **** * you call Cy_SysPm_PmicLock(). To keep the PMIC or PMIC controller output 
2372:Generated_Source\PSoC6\pdl\drivers/peripheral/syspm/cy_syspm.h **** * disabled, the PMIC controller must remain unlocked.
2373:Generated_Source\PSoC6\pdl\drivers/peripheral/syspm/cy_syspm.h **** *
2374:Generated_Source\PSoC6\pdl\drivers/peripheral/syspm/cy_syspm.h **** * \funcusage
2375:Generated_Source\PSoC6\pdl\drivers/peripheral/syspm/cy_syspm.h **** * \snippet syspm/4.0/snippet/main.c snippet_Cy_SysPm_PmicLock
2376:Generated_Source\PSoC6\pdl\drivers/peripheral/syspm/cy_syspm.h **** *
2377:Generated_Source\PSoC6\pdl\drivers/peripheral/syspm/cy_syspm.h **** *******************************************************************************/
2378:Generated_Source\PSoC6\pdl\drivers/peripheral/syspm/cy_syspm.h **** __STATIC_INLINE void Cy_SysPm_PmicLock(void)
2379:Generated_Source\PSoC6\pdl\drivers/peripheral/syspm/cy_syspm.h **** {
2380:Generated_Source\PSoC6\pdl\drivers/peripheral/syspm/cy_syspm.h ****     BACKUP_PMIC_CTL = _CLR_SET_FLD32U(BACKUP_PMIC_CTL, BACKUP_PMIC_CTL_UNLOCK, 0U);
2381:Generated_Source\PSoC6\pdl\drivers/peripheral/syspm/cy_syspm.h **** }
2382:Generated_Source\PSoC6\pdl\drivers/peripheral/syspm/cy_syspm.h **** 
2383:Generated_Source\PSoC6\pdl\drivers/peripheral/syspm/cy_syspm.h **** 
2384:Generated_Source\PSoC6\pdl\drivers/peripheral/syspm/cy_syspm.h **** /*******************************************************************************
2385:Generated_Source\PSoC6\pdl\drivers/peripheral/syspm/cy_syspm.h **** * Function Name: Cy_SysPm_PmicUnlock
2386:Generated_Source\PSoC6\pdl\drivers/peripheral/syspm/cy_syspm.h **** ****************************************************************************//**
2387:Generated_Source\PSoC6\pdl\drivers/peripheral/syspm/cy_syspm.h **** *
2388:Generated_Source\PSoC6\pdl\drivers/peripheral/syspm/cy_syspm.h **** * Unlocks the PMIC control register so that changes can be made. The changes are
2389:Generated_Source\PSoC6\pdl\drivers/peripheral/syspm/cy_syspm.h **** * related to the PMIC controller enabling/disabling and PMIC output pin 
2390:Generated_Source\PSoC6\pdl\drivers/peripheral/syspm/cy_syspm.h **** * enabling/disabling.
2391:Generated_Source\PSoC6\pdl\drivers/peripheral/syspm/cy_syspm.h **** *
2392:Generated_Source\PSoC6\pdl\drivers/peripheral/syspm/cy_syspm.h **** * \warning
2393:Generated_Source\PSoC6\pdl\drivers/peripheral/syspm/cy_syspm.h **** * The PMIC controller and/or the PMIC output are enabled automatically when 
2394:Generated_Source\PSoC6\pdl\drivers/peripheral/syspm/cy_syspm.h **** * you call Cy_SysPm_PmicLock(). To keep the PMIC controller or PMIC output 
2395:Generated_Source\PSoC6\pdl\drivers/peripheral/syspm/cy_syspm.h **** * disabled, the PMIC must remain unlocked.
2396:Generated_Source\PSoC6\pdl\drivers/peripheral/syspm/cy_syspm.h **** *
2397:Generated_Source\PSoC6\pdl\drivers/peripheral/syspm/cy_syspm.h **** * \funcusage
2398:Generated_Source\PSoC6\pdl\drivers/peripheral/syspm/cy_syspm.h **** * \snippet syspm/4.0/snippet/main.c snippet_Cy_SysPm_PmicEnable
2399:Generated_Source\PSoC6\pdl\drivers/peripheral/syspm/cy_syspm.h **** *
2400:Generated_Source\PSoC6\pdl\drivers/peripheral/syspm/cy_syspm.h **** *******************************************************************************/
2401:Generated_Source\PSoC6\pdl\drivers/peripheral/syspm/cy_syspm.h **** __STATIC_INLINE void Cy_SysPm_PmicUnlock(void)
2402:Generated_Source\PSoC6\pdl\drivers/peripheral/syspm/cy_syspm.h **** {
2403:Generated_Source\PSoC6\pdl\drivers/peripheral/syspm/cy_syspm.h ****     BACKUP_PMIC_CTL = _CLR_SET_FLD32U(BACKUP_PMIC_CTL, BACKUP_PMIC_CTL_UNLOCK, CY_SYSPM_PMIC_UNLOCK
 459              		.loc 3 2403 0
 460 0044 2F4A     		ldr	r2, .L15+8
 461 0046 516C     		ldr	r1, [r2, #68]
 462 0048 2F4B     		ldr	r3, .L15+12
 463 004a 0B40     		ands	r3, r1
 464 004c E821     		movs	r1, #232
 465 004e 8901     		lsls	r1, r1, #6
 466 0050 0B43     		orrs	r3, r1
 467 0052 5364     		str	r3, [r2, #68]
 468              	.LBE86:
 469              	.LBE85:
ARM GAS  C:\Users\Finik\AppData\Local\Temp\cctwKBtC.s 			page 105


 470              	.LBB87:
 471              	.LBB88:
2352:Generated_Source\PSoC6\pdl\drivers/peripheral/syspm/cy_syspm.h ****     {
 472              		.loc 3 2352 0
 473 0054 536C     		ldr	r3, [r2, #68]
 474 0056 1B0A     		lsrs	r3, r3, #8
 475 0058 FF22     		movs	r2, #255
 476 005a 1340     		ands	r3, r2
 477 005c 3A2B     		cmp	r3, #58
 478 005e 07D1     		bne	.L14
2355:Generated_Source\PSoC6\pdl\drivers/peripheral/syspm/cy_syspm.h ****         ((uint32_t) ~ _VAL2FLD(BACKUP_PMIC_CTL_PMIC_EN_OUTEN, 1U));
 479              		.loc 3 2355 0
 480 0060 284A     		ldr	r2, .L15+8
 481 0062 516C     		ldr	r1, [r2, #68]
 482 0064 294B     		ldr	r3, .L15+16
 483 0066 0B40     		ands	r3, r1
 484 0068 E821     		movs	r1, #232
 485 006a 8901     		lsls	r1, r1, #6
 486 006c 0B43     		orrs	r3, r1
2354:Generated_Source\PSoC6\pdl\drivers/peripheral/syspm/cy_syspm.h ****         (BACKUP_PMIC_CTL | _VAL2FLD(BACKUP_PMIC_CTL_UNLOCK, CY_SYSPM_PMIC_UNLOCK_KEY)) &
 487              		.loc 3 2354 0
 488 006e 5364     		str	r3, [r2, #68]
 489              	.L14:
 490              	.LBE88:
 491              	.LBE87:
 272:Generated_Source\PSoC6/cyfitter_cfg.c **** 
 273:Generated_Source\PSoC6/cyfitter_cfg.c **** 	/* PMIC Control */
 274:Generated_Source\PSoC6/cyfitter_cfg.c **** 	Cy_SysPm_UnlockPmic();
 275:Generated_Source\PSoC6/cyfitter_cfg.c **** 	Cy_SysPm_DisablePmicOutput();
 276:Generated_Source\PSoC6/cyfitter_cfg.c **** 
 277:Generated_Source\PSoC6/cyfitter_cfg.c **** 	/* Clock */
 278:Generated_Source\PSoC6/cyfitter_cfg.c **** 	ClockInit();
 492              		.loc 1 278 0
 493 0070 FFF7FEFF 		bl	ClockInit
 494              	.LVL38:
 495              	.LBB89:
 279:Generated_Source\PSoC6/cyfitter_cfg.c **** 
 280:Generated_Source\PSoC6/cyfitter_cfg.c **** 	/* Port0 configuration */
 281:Generated_Source\PSoC6/cyfitter_cfg.c **** 	{
 282:Generated_Source\PSoC6/cyfitter_cfg.c **** 	    const cy_stc_gpio_prt_config_t port0_cfg =
 496              		.loc 1 282 0
 497 0074 01AC     		add	r4, sp, #4
 498 0076 264D     		ldr	r5, .L15+20
 499 0078 2200     		movs	r2, r4
 500 007a 2B00     		movs	r3, r5
 501 007c 1433     		adds	r3, r3, #20
 502 007e 43CB     		ldmia	r3!, {r0, r1, r6}
 503 0080 43C2     		stmia	r2!, {r0, r1, r6}
 504 0082 43CB     		ldmia	r3!, {r0, r1, r6}
 505 0084 43C2     		stmia	r2!, {r0, r1, r6}
 506 0086 43CB     		ldmia	r3!, {r0, r1, r6}
 507 0088 43C2     		stmia	r2!, {r0, r1, r6}
 283:Generated_Source\PSoC6/cyfitter_cfg.c **** 	    {
 284:Generated_Source\PSoC6/cyfitter_cfg.c **** 	        .out        = 0x00000018u,
 285:Generated_Source\PSoC6/cyfitter_cfg.c **** 	        .intrMask   = 0x00000000u,
 286:Generated_Source\PSoC6/cyfitter_cfg.c **** 	        .intrCfg    = 0x00000000u,
 287:Generated_Source\PSoC6/cyfitter_cfg.c **** 	        .cfg        = 0x000A6000u,
ARM GAS  C:\Users\Finik\AppData\Local\Temp\cctwKBtC.s 			page 106


 288:Generated_Source\PSoC6/cyfitter_cfg.c **** 	        .cfgIn      = 0x00000000u,
 289:Generated_Source\PSoC6/cyfitter_cfg.c **** 	        .cfgOut     = 0x00000000u,
 290:Generated_Source\PSoC6/cyfitter_cfg.c **** 	        .cfgSIO     = 0x00000000u,
 291:Generated_Source\PSoC6/cyfitter_cfg.c **** 	        .sel0Active = 0x00000000u,
 292:Generated_Source\PSoC6/cyfitter_cfg.c **** 	        .sel1Active = 0x00000000u,
 293:Generated_Source\PSoC6/cyfitter_cfg.c **** 	    };
 294:Generated_Source\PSoC6/cyfitter_cfg.c **** 	    (void)Cy_GPIO_Port_Init(GPIO_PRT0, &port0_cfg);
 508              		.loc 1 294 0
 509 008a 2100     		movs	r1, r4
 510 008c 2148     		ldr	r0, .L15+24
 511 008e FFF7FEFF 		bl	Cy_GPIO_Port_Init
 512              	.LVL39:
 513              	.LBE89:
 514              	.LBB90:
 295:Generated_Source\PSoC6/cyfitter_cfg.c **** 	}
 296:Generated_Source\PSoC6/cyfitter_cfg.c **** 
 297:Generated_Source\PSoC6/cyfitter_cfg.c **** 	/* Port1 configuration */
 298:Generated_Source\PSoC6/cyfitter_cfg.c **** 	{
 299:Generated_Source\PSoC6/cyfitter_cfg.c **** 	    const cy_stc_gpio_prt_config_t port1_cfg =
 515              		.loc 1 299 0
 516 0092 2200     		movs	r2, r4
 517 0094 2B00     		movs	r3, r5
 518 0096 3833     		adds	r3, r3, #56
 519 0098 43CB     		ldmia	r3!, {r0, r1, r6}
 520 009a 43C2     		stmia	r2!, {r0, r1, r6}
 521 009c 43CB     		ldmia	r3!, {r0, r1, r6}
 522 009e 43C2     		stmia	r2!, {r0, r1, r6}
 523 00a0 43CB     		ldmia	r3!, {r0, r1, r6}
 524 00a2 43C2     		stmia	r2!, {r0, r1, r6}
 300:Generated_Source\PSoC6/cyfitter_cfg.c **** 	    {
 301:Generated_Source\PSoC6/cyfitter_cfg.c **** 	        .out        = 0x00000002u,
 302:Generated_Source\PSoC6/cyfitter_cfg.c **** 	        .intrMask   = 0x00000000u,
 303:Generated_Source\PSoC6/cyfitter_cfg.c **** 	        .intrCfg    = 0x00000000u,
 304:Generated_Source\PSoC6/cyfitter_cfg.c **** 	        .cfg        = 0x00000060u,
 305:Generated_Source\PSoC6/cyfitter_cfg.c **** 	        .cfgIn      = 0x00000000u,
 306:Generated_Source\PSoC6/cyfitter_cfg.c **** 	        .cfgOut     = 0x00000000u,
 307:Generated_Source\PSoC6/cyfitter_cfg.c **** 	        .cfgSIO     = 0x00000000u,
 308:Generated_Source\PSoC6/cyfitter_cfg.c **** 	        .sel0Active = 0x00000000u,
 309:Generated_Source\PSoC6/cyfitter_cfg.c **** 	        .sel1Active = 0x00000000u,
 310:Generated_Source\PSoC6/cyfitter_cfg.c **** 	    };
 311:Generated_Source\PSoC6/cyfitter_cfg.c **** 	    (void)Cy_GPIO_Port_Init(GPIO_PRT1, &port1_cfg);
 525              		.loc 1 311 0
 526 00a4 2100     		movs	r1, r4
 527 00a6 1C48     		ldr	r0, .L15+28
 528 00a8 FFF7FEFF 		bl	Cy_GPIO_Port_Init
 529              	.LVL40:
 530              	.LBE90:
 531              	.LBB91:
 312:Generated_Source\PSoC6/cyfitter_cfg.c **** 	}
 313:Generated_Source\PSoC6/cyfitter_cfg.c **** 
 314:Generated_Source\PSoC6/cyfitter_cfg.c **** 	/* Port5 configuration */
 315:Generated_Source\PSoC6/cyfitter_cfg.c **** 	{
 316:Generated_Source\PSoC6/cyfitter_cfg.c **** 	    const cy_stc_gpio_prt_config_t port5_cfg =
 532              		.loc 1 316 0
 533 00ac 2422     		movs	r2, #36
 534 00ae 0021     		movs	r1, #0
 535 00b0 2000     		movs	r0, r4
ARM GAS  C:\Users\Finik\AppData\Local\Temp\cctwKBtC.s 			page 107


 536 00b2 FFF7FEFF 		bl	memset
 537              	.LVL41:
 538 00b6 194B     		ldr	r3, .L15+32
 539 00b8 E360     		str	r3, [r4, #12]
 317:Generated_Source\PSoC6/cyfitter_cfg.c **** 	    {
 318:Generated_Source\PSoC6/cyfitter_cfg.c **** 	        .out        = 0x00000000u,
 319:Generated_Source\PSoC6/cyfitter_cfg.c **** 	        .intrMask   = 0x00000000u,
 320:Generated_Source\PSoC6/cyfitter_cfg.c **** 	        .intrCfg    = 0x00000000u,
 321:Generated_Source\PSoC6/cyfitter_cfg.c **** 	        .cfg        = 0x06666666u,
 322:Generated_Source\PSoC6/cyfitter_cfg.c **** 	        .cfgIn      = 0x00000000u,
 323:Generated_Source\PSoC6/cyfitter_cfg.c **** 	        .cfgOut     = 0x00000000u,
 324:Generated_Source\PSoC6/cyfitter_cfg.c **** 	        .cfgSIO     = 0x00000000u,
 325:Generated_Source\PSoC6/cyfitter_cfg.c **** 	        .sel0Active = 0x00000000u,
 326:Generated_Source\PSoC6/cyfitter_cfg.c **** 	        .sel1Active = 0x00000000u,
 327:Generated_Source\PSoC6/cyfitter_cfg.c **** 	    };
 328:Generated_Source\PSoC6/cyfitter_cfg.c **** 	    (void)Cy_GPIO_Port_Init(GPIO_PRT5, &port5_cfg);
 540              		.loc 1 328 0
 541 00ba 2100     		movs	r1, r4
 542 00bc 1848     		ldr	r0, .L15+36
 543 00be FFF7FEFF 		bl	Cy_GPIO_Port_Init
 544              	.LVL42:
 545              	.LBE91:
 546              	.LBB92:
 329:Generated_Source\PSoC6/cyfitter_cfg.c **** 	}
 330:Generated_Source\PSoC6/cyfitter_cfg.c **** 
 331:Generated_Source\PSoC6/cyfitter_cfg.c **** 	/* Port6 configuration */
 332:Generated_Source\PSoC6/cyfitter_cfg.c **** 	{
 333:Generated_Source\PSoC6/cyfitter_cfg.c **** 	    const cy_stc_gpio_prt_config_t port6_cfg =
 547              		.loc 1 333 0
 548 00c2 2200     		movs	r2, r4
 549 00c4 2B00     		movs	r3, r5
 550 00c6 5C33     		adds	r3, r3, #92
 551 00c8 43CB     		ldmia	r3!, {r0, r1, r6}
 552 00ca 43C2     		stmia	r2!, {r0, r1, r6}
 553 00cc 43CB     		ldmia	r3!, {r0, r1, r6}
 554 00ce 43C2     		stmia	r2!, {r0, r1, r6}
 555 00d0 43CB     		ldmia	r3!, {r0, r1, r6}
 556 00d2 43C2     		stmia	r2!, {r0, r1, r6}
 334:Generated_Source\PSoC6/cyfitter_cfg.c **** 	    {
 335:Generated_Source\PSoC6/cyfitter_cfg.c **** 	        .out        = 0x00000000u,
 336:Generated_Source\PSoC6/cyfitter_cfg.c **** 	        .intrMask   = 0x00000000u,
 337:Generated_Source\PSoC6/cyfitter_cfg.c **** 	        .intrCfg    = 0x00000000u,
 338:Generated_Source\PSoC6/cyfitter_cfg.c **** 	        .cfg        = 0xBA000000u,
 339:Generated_Source\PSoC6/cyfitter_cfg.c **** 	        .cfgIn      = 0x00000000u,
 340:Generated_Source\PSoC6/cyfitter_cfg.c **** 	        .cfgOut     = 0x00000000u,
 341:Generated_Source\PSoC6/cyfitter_cfg.c **** 	        .cfgSIO     = 0x00000000u,
 342:Generated_Source\PSoC6/cyfitter_cfg.c **** 	        .sel0Active = 0x00000000u,
 343:Generated_Source\PSoC6/cyfitter_cfg.c **** 	        .sel1Active = 0x1D1D0000u,
 344:Generated_Source\PSoC6/cyfitter_cfg.c **** 	    };
 345:Generated_Source\PSoC6/cyfitter_cfg.c **** 	    (void)Cy_GPIO_Port_Init(GPIO_PRT6, &port6_cfg);
 557              		.loc 1 345 0
 558 00d4 2100     		movs	r1, r4
 559 00d6 1348     		ldr	r0, .L15+40
 560 00d8 FFF7FEFF 		bl	Cy_GPIO_Port_Init
 561              	.LVL43:
 562              	.LBE92:
 563              	.LBB93:
ARM GAS  C:\Users\Finik\AppData\Local\Temp\cctwKBtC.s 			page 108


 346:Generated_Source\PSoC6/cyfitter_cfg.c **** 	}
 347:Generated_Source\PSoC6/cyfitter_cfg.c **** 
 348:Generated_Source\PSoC6/cyfitter_cfg.c **** 	/* Port11 configuration */
 349:Generated_Source\PSoC6/cyfitter_cfg.c **** 	{
 350:Generated_Source\PSoC6/cyfitter_cfg.c **** 	    const cy_stc_gpio_prt_config_t port11_cfg =
 564              		.loc 1 350 0
 565 00dc 2200     		movs	r2, r4
 566 00de 2B00     		movs	r3, r5
 567 00e0 3833     		adds	r3, r3, #56
 568 00e2 23CB     		ldmia	r3!, {r0, r1, r5}
 569 00e4 23C2     		stmia	r2!, {r0, r1, r5}
 570 00e6 23CB     		ldmia	r3!, {r0, r1, r5}
 571 00e8 23C2     		stmia	r2!, {r0, r1, r5}
 572 00ea 23CB     		ldmia	r3!, {r0, r1, r5}
 573 00ec 23C2     		stmia	r2!, {r0, r1, r5}
 351:Generated_Source\PSoC6/cyfitter_cfg.c **** 	    {
 352:Generated_Source\PSoC6/cyfitter_cfg.c **** 	        .out        = 0x00000002u,
 353:Generated_Source\PSoC6/cyfitter_cfg.c **** 	        .intrMask   = 0x00000000u,
 354:Generated_Source\PSoC6/cyfitter_cfg.c **** 	        .intrCfg    = 0x00000000u,
 355:Generated_Source\PSoC6/cyfitter_cfg.c **** 	        .cfg        = 0x00000060u,
 356:Generated_Source\PSoC6/cyfitter_cfg.c **** 	        .cfgIn      = 0x00000000u,
 357:Generated_Source\PSoC6/cyfitter_cfg.c **** 	        .cfgOut     = 0x00000000u,
 358:Generated_Source\PSoC6/cyfitter_cfg.c **** 	        .cfgSIO     = 0x00000000u,
 359:Generated_Source\PSoC6/cyfitter_cfg.c **** 	        .sel0Active = 0x00000000u,
 360:Generated_Source\PSoC6/cyfitter_cfg.c **** 	        .sel1Active = 0x00000000u,
 361:Generated_Source\PSoC6/cyfitter_cfg.c **** 	    };
 362:Generated_Source\PSoC6/cyfitter_cfg.c **** 	    (void)Cy_GPIO_Port_Init(GPIO_PRT11, &port11_cfg);
 574              		.loc 1 362 0
 575 00ee 2100     		movs	r1, r4
 576 00f0 0D48     		ldr	r0, .L15+44
 577 00f2 FFF7FEFF 		bl	Cy_GPIO_Port_Init
 578              	.LVL44:
 579              	.LBE93:
 363:Generated_Source\PSoC6/cyfitter_cfg.c **** 	}
 364:Generated_Source\PSoC6/cyfitter_cfg.c **** 
 365:Generated_Source\PSoC6/cyfitter_cfg.c **** 
 366:Generated_Source\PSoC6/cyfitter_cfg.c **** 	/* Perform basic analog initialization to defaults */
 367:Generated_Source\PSoC6/cyfitter_cfg.c **** 	AnalogSetDefault();
 368:Generated_Source\PSoC6/cyfitter_cfg.c **** 
 369:Generated_Source\PSoC6/cyfitter_cfg.c **** }
 580              		.loc 1 369 0
 581 00f6 0AB0     		add	sp, sp, #40
 582              		@ sp needed
 583 00f8 70BD     		pop	{r4, r5, r6, pc}
 584              	.L16:
 585 00fa C046     		.align	2
 586              	.L15:
 587 00fc 00002640 		.word	1076232192
 588 0100 0C050000 		.word	1292
 589 0104 00002740 		.word	1076297728
 590 0108 FF00FFFF 		.word	-65281
 591 010c FFC5FFDF 		.word	-536885761
 592 0110 00000000 		.word	.LANCHOR0
 593 0114 00003240 		.word	1077018624
 594 0118 80003240 		.word	1077018752
 595 011c 66666606 		.word	107374182
 596 0120 80023240 		.word	1077019264
ARM GAS  C:\Users\Finik\AppData\Local\Temp\cctwKBtC.s 			page 109


 597 0124 00033240 		.word	1077019392
 598 0128 80053240 		.word	1077020032
 599              		.cfi_endproc
 600              	.LFE190:
 601              		.size	Cy_SystemInit, .-Cy_SystemInit
 602              		.section	.rodata
 603              		.align	2
 604              		.set	.LANCHOR0,. + 0
 605              	.LC3:
 606 0000 F4010000 		.word	500
 607 0004 1400     		.short	20
 608 0006 04       		.byte	4
 609 0007 01       		.byte	1
 610 0008 0A00     		.short	10
 611 000a 09       		.byte	9
 612 000b 05       		.byte	5
 613 000c 0800     		.short	8
 614 000e 00       		.byte	0
 615 000f 00       		.space	1
 616 0010 6301     		.short	355
 617 0012 0000     		.space	2
 618              	.LC0:
 619 0014 18000000 		.word	24
 620 0018 00000000 		.word	0
 621 001c 00000000 		.word	0
 622 0020 00600A00 		.word	679936
 623 0024 00000000 		.word	0
 624 0028 00000000 		.word	0
 625 002c 00000000 		.word	0
 626 0030 00000000 		.word	0
 627 0034 00000000 		.word	0
 628              	.LC1:
 629 0038 02000000 		.word	2
 630 003c 00000000 		.word	0
 631 0040 00000000 		.word	0
 632 0044 60000000 		.word	96
 633 0048 00000000 		.word	0
 634 004c 00000000 		.word	0
 635 0050 00000000 		.word	0
 636 0054 00000000 		.word	0
 637 0058 00000000 		.word	0
 638              	.LC2:
 639 005c 00000000 		.word	0
 640 0060 00000000 		.word	0
 641 0064 00000000 		.word	0
 642 0068 000000BA 		.word	-1174405120
 643 006c 00000000 		.word	0
 644 0070 00000000 		.word	0
 645 0074 00000000 		.word	0
 646 0078 00000000 		.word	0
 647 007c 00001D1D 		.word	488439808
 648              		.text
 649              	.Letext0:
 650              		.file 4 "d:\\psoc creator\\4.4\\psoc creator\\import\\gnu\\arm\\5.4.1\\arm-none-eabi\\include\\mac
 651              		.file 5 "d:\\psoc creator\\4.4\\psoc creator\\import\\gnu\\arm\\5.4.1\\arm-none-eabi\\include\\sys
 652              		.file 6 "Generated_Source\\PSoC6\\pdl\\devices/psoc6/include/ip/cyip_srss.h"
 653              		.file 7 "Generated_Source\\PSoC6\\pdl\\devices/psoc6/include/ip/cyip_backup.h"
ARM GAS  C:\Users\Finik\AppData\Local\Temp\cctwKBtC.s 			page 110


 654              		.file 8 "Generated_Source\\PSoC6\\pdl\\devices/psoc6/include/ip/cyip_gpio.h"
 655              		.file 9 "Generated_Source\\PSoC6\\pdl\\devices/psoc6/include/psoc6_01_config.h"
 656              		.file 10 "Generated_Source\\PSoC6\\pdl\\drivers/peripheral/device/cy_device.h"
 657              		.file 11 "Generated_Source\\PSoC6\\pdl\\drivers/peripheral/syslib/cy_syslib.h"
 658              		.file 12 "Generated_Source\\PSoC6\\pdl\\drivers/peripheral/gpio/cy_gpio.h"
 659              		.file 13 "Generated_Source\\PSoC6\\pdl\\drivers/peripheral/systick/cy_systick.h"
 660              		.section	.debug_info,"",%progbits
 661              	.Ldebug_info0:
 662 0000 221A0000 		.4byte	0x1a22
 663 0004 0400     		.2byte	0x4
 664 0006 00000000 		.4byte	.Ldebug_abbrev0
 665 000a 04       		.byte	0x4
 666 000b 01       		.uleb128 0x1
 667 000c 820F0000 		.4byte	.LASF387
 668 0010 0C       		.byte	0xc
 669 0011 5F0E0000 		.4byte	.LASF388
 670 0015 3A010000 		.4byte	.LASF389
 671 0019 00000000 		.4byte	.Ldebug_ranges0+0
 672 001d 00000000 		.4byte	0
 673 0021 00000000 		.4byte	.Ldebug_line0
 674 0025 02       		.uleb128 0x2
 675 0026 04       		.byte	0x4
 676 0027 05       		.byte	0x5
 677 0028 696E7400 		.ascii	"int\000"
 678 002c 03       		.uleb128 0x3
 679 002d 04       		.byte	0x4
 680 002e 07       		.byte	0x7
 681 002f FC0D0000 		.4byte	.LASF0
 682 0033 03       		.uleb128 0x3
 683 0034 08       		.byte	0x8
 684 0035 05       		.byte	0x5
 685 0036 0B0F0000 		.4byte	.LASF1
 686 003a 03       		.uleb128 0x3
 687 003b 08       		.byte	0x8
 688 003c 04       		.byte	0x4
 689 003d D8110000 		.4byte	.LASF2
 690 0041 03       		.uleb128 0x3
 691 0042 01       		.byte	0x1
 692 0043 06       		.byte	0x6
 693 0044 4E190000 		.4byte	.LASF3
 694 0048 04       		.uleb128 0x4
 695 0049 3D150000 		.4byte	.LASF5
 696 004d 04       		.byte	0x4
 697 004e 1D       		.byte	0x1d
 698 004f 53000000 		.4byte	0x53
 699 0053 03       		.uleb128 0x3
 700 0054 01       		.byte	0x1
 701 0055 08       		.byte	0x8
 702 0056 F6160000 		.4byte	.LASF4
 703 005a 04       		.uleb128 0x4
 704 005b 14100000 		.4byte	.LASF6
 705 005f 04       		.byte	0x4
 706 0060 29       		.byte	0x29
 707 0061 65000000 		.4byte	0x65
 708 0065 03       		.uleb128 0x3
 709 0066 02       		.byte	0x2
 710 0067 05       		.byte	0x5
ARM GAS  C:\Users\Finik\AppData\Local\Temp\cctwKBtC.s 			page 111


 711 0068 2F040000 		.4byte	.LASF7
 712 006c 04       		.uleb128 0x4
 713 006d 11090000 		.4byte	.LASF8
 714 0071 04       		.byte	0x4
 715 0072 2B       		.byte	0x2b
 716 0073 77000000 		.4byte	0x77
 717 0077 03       		.uleb128 0x3
 718 0078 02       		.byte	0x2
 719 0079 07       		.byte	0x7
 720 007a C5110000 		.4byte	.LASF9
 721 007e 03       		.uleb128 0x3
 722 007f 04       		.byte	0x4
 723 0080 05       		.byte	0x5
 724 0081 26000000 		.4byte	.LASF10
 725 0085 04       		.uleb128 0x4
 726 0086 04170000 		.4byte	.LASF11
 727 008a 04       		.byte	0x4
 728 008b 41       		.byte	0x41
 729 008c 90000000 		.4byte	0x90
 730 0090 03       		.uleb128 0x3
 731 0091 04       		.byte	0x4
 732 0092 07       		.byte	0x7
 733 0093 67160000 		.4byte	.LASF12
 734 0097 03       		.uleb128 0x3
 735 0098 08       		.byte	0x8
 736 0099 07       		.byte	0x7
 737 009a A6070000 		.4byte	.LASF13
 738 009e 03       		.uleb128 0x3
 739 009f 04       		.byte	0x4
 740 00a0 07       		.byte	0x7
 741 00a1 A3120000 		.4byte	.LASF14
 742 00a5 03       		.uleb128 0x3
 743 00a6 01       		.byte	0x1
 744 00a7 08       		.byte	0x8
 745 00a8 AB0D0000 		.4byte	.LASF15
 746 00ac 04       		.uleb128 0x4
 747 00ad 280E0000 		.4byte	.LASF16
 748 00b1 05       		.byte	0x5
 749 00b2 18       		.byte	0x18
 750 00b3 48000000 		.4byte	0x48
 751 00b7 04       		.uleb128 0x4
 752 00b8 5B070000 		.4byte	.LASF17
 753 00bc 05       		.byte	0x5
 754 00bd 20       		.byte	0x20
 755 00be 5A000000 		.4byte	0x5a
 756 00c2 04       		.uleb128 0x4
 757 00c3 E4110000 		.4byte	.LASF18
 758 00c7 05       		.byte	0x5
 759 00c8 24       		.byte	0x24
 760 00c9 6C000000 		.4byte	0x6c
 761 00cd 04       		.uleb128 0x4
 762 00ce 2F060000 		.4byte	.LASF19
 763 00d2 05       		.byte	0x5
 764 00d3 30       		.byte	0x30
 765 00d4 85000000 		.4byte	0x85
 766 00d8 05       		.uleb128 0x5
 767 00d9 CD000000 		.4byte	0xcd
ARM GAS  C:\Users\Finik\AppData\Local\Temp\cctwKBtC.s 			page 112


 768 00dd 06       		.uleb128 0x6
 769 00de D8000000 		.4byte	0xd8
 770 00e2 07       		.uleb128 0x7
 771 00e3 DD000000 		.4byte	0xdd
 772 00e7 F2000000 		.4byte	0xf2
 773 00eb 08       		.uleb128 0x8
 774 00ec 9E000000 		.4byte	0x9e
 775 00f0 01       		.byte	0x1
 776 00f1 00       		.byte	0
 777 00f2 07       		.uleb128 0x7
 778 00f3 DD000000 		.4byte	0xdd
 779 00f7 02010000 		.4byte	0x102
 780 00fb 08       		.uleb128 0x8
 781 00fc 9E000000 		.4byte	0x9e
 782 0100 07       		.byte	0x7
 783 0101 00       		.byte	0
 784 0102 07       		.uleb128 0x7
 785 0103 D8000000 		.4byte	0xd8
 786 0107 12010000 		.4byte	0x112
 787 010b 08       		.uleb128 0x8
 788 010c 9E000000 		.4byte	0x9e
 789 0110 0F       		.byte	0xf
 790 0111 00       		.byte	0
 791 0112 07       		.uleb128 0x7
 792 0113 DD000000 		.4byte	0xdd
 793 0117 22010000 		.4byte	0x122
 794 011b 08       		.uleb128 0x8
 795 011c 9E000000 		.4byte	0x9e
 796 0120 2F       		.byte	0x2f
 797 0121 00       		.byte	0
 798 0122 07       		.uleb128 0x7
 799 0123 D8000000 		.4byte	0xd8
 800 0127 32010000 		.4byte	0x132
 801 012b 08       		.uleb128 0x8
 802 012c 9E000000 		.4byte	0x9e
 803 0130 3F       		.byte	0x3f
 804 0131 00       		.byte	0
 805 0132 07       		.uleb128 0x7
 806 0133 DD000000 		.4byte	0xdd
 807 0137 42010000 		.4byte	0x142
 808 013b 08       		.uleb128 0x8
 809 013c 9E000000 		.4byte	0x9e
 810 0140 04       		.byte	0x4
 811 0141 00       		.byte	0
 812 0142 07       		.uleb128 0x7
 813 0143 DD000000 		.4byte	0xdd
 814 0147 52010000 		.4byte	0x152
 815 014b 08       		.uleb128 0x8
 816 014c 9E000000 		.4byte	0x9e
 817 0150 0F       		.byte	0xf
 818 0151 00       		.byte	0
 819 0152 07       		.uleb128 0x7
 820 0153 DD000000 		.4byte	0xdd
 821 0157 62010000 		.4byte	0x162
 822 015b 08       		.uleb128 0x8
 823 015c 9E000000 		.4byte	0x9e
 824 0160 1A       		.byte	0x1a
ARM GAS  C:\Users\Finik\AppData\Local\Temp\cctwKBtC.s 			page 113


 825 0161 00       		.byte	0
 826 0162 07       		.uleb128 0x7
 827 0163 DD000000 		.4byte	0xdd
 828 0167 72010000 		.4byte	0x172
 829 016b 08       		.uleb128 0x8
 830 016c 9E000000 		.4byte	0x9e
 831 0170 1C       		.byte	0x1c
 832 0171 00       		.byte	0
 833 0172 09       		.uleb128 0x9
 834 0173 40       		.byte	0x40
 835 0174 06       		.byte	0x6
 836 0175 22       		.byte	0x22
 837 0176 0B020000 		.4byte	0x20b
 838 017a 0A       		.uleb128 0xa
 839 017b 2F000000 		.4byte	.LASF20
 840 017f 06       		.byte	0x6
 841 0180 23       		.byte	0x23
 842 0181 DD000000 		.4byte	0xdd
 843 0185 00       		.byte	0
 844 0186 0A       		.uleb128 0xa
 845 0187 D60E0000 		.4byte	.LASF21
 846 018b 06       		.byte	0x6
 847 018c 24       		.byte	0x24
 848 018d D8000000 		.4byte	0xd8
 849 0191 04       		.byte	0x4
 850 0192 0A       		.uleb128 0xa
 851 0193 01060000 		.4byte	.LASF22
 852 0197 06       		.byte	0x6
 853 0198 25       		.byte	0x25
 854 0199 D8000000 		.4byte	0xd8
 855 019d 08       		.byte	0x8
 856 019e 0A       		.uleb128 0xa
 857 019f 411A0000 		.4byte	.LASF23
 858 01a3 06       		.byte	0x6
 859 01a4 26       		.byte	0x26
 860 01a5 D8000000 		.4byte	0xd8
 861 01a9 0C       		.byte	0xc
 862 01aa 0A       		.uleb128 0xa
 863 01ab B7180000 		.4byte	.LASF24
 864 01af 06       		.byte	0x6
 865 01b0 27       		.byte	0x27
 866 01b1 D8000000 		.4byte	0xd8
 867 01b5 10       		.byte	0x10
 868 01b6 0A       		.uleb128 0xa
 869 01b7 6E180000 		.4byte	.LASF25
 870 01bb 06       		.byte	0x6
 871 01bc 28       		.byte	0x28
 872 01bd D8000000 		.4byte	0xd8
 873 01c1 14       		.byte	0x14
 874 01c2 0A       		.uleb128 0xa
 875 01c3 AF110000 		.4byte	.LASF26
 876 01c7 06       		.byte	0x6
 877 01c8 29       		.byte	0x29
 878 01c9 D8000000 		.4byte	0xd8
 879 01cd 18       		.byte	0x18
 880 01ce 0A       		.uleb128 0xa
 881 01cf AC140000 		.4byte	.LASF27
ARM GAS  C:\Users\Finik\AppData\Local\Temp\cctwKBtC.s 			page 114


 882 01d3 06       		.byte	0x6
 883 01d4 2A       		.byte	0x2a
 884 01d5 D8000000 		.4byte	0xd8
 885 01d9 1C       		.byte	0x1c
 886 01da 0A       		.uleb128 0xa
 887 01db 9C0B0000 		.4byte	.LASF28
 888 01df 06       		.byte	0x6
 889 01e0 2B       		.byte	0x2b
 890 01e1 D8000000 		.4byte	0xd8
 891 01e5 20       		.byte	0x20
 892 01e6 0A       		.uleb128 0xa
 893 01e7 F6060000 		.4byte	.LASF29
 894 01eb 06       		.byte	0x6
 895 01ec 2C       		.byte	0x2c
 896 01ed DD000000 		.4byte	0xdd
 897 01f1 24       		.byte	0x24
 898 01f2 0A       		.uleb128 0xa
 899 01f3 BA110000 		.4byte	.LASF30
 900 01f7 06       		.byte	0x6
 901 01f8 2D       		.byte	0x2d
 902 01f9 D8000000 		.4byte	0xd8
 903 01fd 28       		.byte	0x28
 904 01fe 0A       		.uleb128 0xa
 905 01ff 51070000 		.4byte	.LASF31
 906 0203 06       		.byte	0x6
 907 0204 2E       		.byte	0x2e
 908 0205 10020000 		.4byte	0x210
 909 0209 2C       		.byte	0x2c
 910 020a 00       		.byte	0
 911 020b 05       		.uleb128 0x5
 912 020c 32010000 		.4byte	0x132
 913 0210 06       		.uleb128 0x6
 914 0211 0B020000 		.4byte	0x20b
 915 0215 04       		.uleb128 0x4
 916 0216 10010000 		.4byte	.LASF32
 917 021a 06       		.byte	0x6
 918 021b 2F       		.byte	0x2f
 919 021c 72010000 		.4byte	0x172
 920 0220 0B       		.uleb128 0xb
 921 0221 30FF     		.2byte	0xff30
 922 0223 06       		.byte	0x6
 923 0224 34       		.byte	0x34
 924 0225 94050000 		.4byte	0x594
 925 0229 0A       		.uleb128 0xa
 926 022a BB050000 		.4byte	.LASF33
 927 022e 06       		.byte	0x6
 928 022f 35       		.byte	0x35
 929 0230 D8000000 		.4byte	0xd8
 930 0234 00       		.byte	0
 931 0235 0A       		.uleb128 0xa
 932 0236 32110000 		.4byte	.LASF34
 933 023a 06       		.byte	0x6
 934 023b 36       		.byte	0x36
 935 023c D8000000 		.4byte	0xd8
 936 0240 04       		.byte	0x4
 937 0241 0A       		.uleb128 0xa
 938 0242 D10D0000 		.4byte	.LASF35
ARM GAS  C:\Users\Finik\AppData\Local\Temp\cctwKBtC.s 			page 115


 939 0246 06       		.byte	0x6
 940 0247 37       		.byte	0x37
 941 0248 D8000000 		.4byte	0xd8
 942 024c 08       		.byte	0x8
 943 024d 0A       		.uleb128 0xa
 944 024e 2F000000 		.4byte	.LASF20
 945 0252 06       		.byte	0x6
 946 0253 38       		.byte	0x38
 947 0254 99050000 		.4byte	0x599
 948 0258 0C       		.byte	0xc
 949 0259 0A       		.uleb128 0xa
 950 025a CE130000 		.4byte	.LASF36
 951 025e 06       		.byte	0x6
 952 025f 39       		.byte	0x39
 953 0260 D8000000 		.4byte	0xd8
 954 0264 14       		.byte	0x14
 955 0265 0A       		.uleb128 0xa
 956 0266 1C090000 		.4byte	.LASF37
 957 026a 06       		.byte	0x6
 958 026b 3A       		.byte	0x3a
 959 026c D8000000 		.4byte	0xd8
 960 0270 18       		.byte	0x18
 961 0271 0A       		.uleb128 0xa
 962 0272 FF010000 		.4byte	.LASF38
 963 0276 06       		.byte	0x6
 964 0277 3B       		.byte	0x3b
 965 0278 DD000000 		.4byte	0xdd
 966 027c 1C       		.byte	0x1c
 967 027d 0A       		.uleb128 0xa
 968 027e 51070000 		.4byte	.LASF31
 969 0282 06       		.byte	0x6
 970 0283 3C       		.byte	0x3c
 971 0284 B3050000 		.4byte	0x5b3
 972 0288 20       		.byte	0x20
 973 0289 0A       		.uleb128 0xa
 974 028a D5050000 		.4byte	.LASF39
 975 028e 06       		.byte	0x6
 976 028f 3D       		.byte	0x3d
 977 0290 B8050000 		.4byte	0x5b8
 978 0294 80       		.byte	0x80
 979 0295 0A       		.uleb128 0xa
 980 0296 01130000 		.4byte	.LASF40
 981 029a 06       		.byte	0x6
 982 029b 3E       		.byte	0x3e
 983 029c C2050000 		.4byte	0x5c2
 984 02a0 C0       		.byte	0xc0
 985 02a1 0C       		.uleb128 0xc
 986 02a2 EE160000 		.4byte	.LASF41
 987 02a6 06       		.byte	0x6
 988 02a7 3F       		.byte	0x3f
 989 02a8 D8000000 		.4byte	0xd8
 990 02ac 8001     		.2byte	0x180
 991 02ae 0C       		.uleb128 0xc
 992 02af F40D0000 		.4byte	.LASF42
 993 02b3 06       		.byte	0x6
 994 02b4 40       		.byte	0x40
 995 02b5 D8000000 		.4byte	0xd8
ARM GAS  C:\Users\Finik\AppData\Local\Temp\cctwKBtC.s 			page 116


 996 02b9 8401     		.2byte	0x184
 997 02bb 0C       		.uleb128 0xc
 998 02bc B70E0000 		.4byte	.LASF43
 999 02c0 06       		.byte	0x6
 1000 02c1 41       		.byte	0x41
 1001 02c2 D8000000 		.4byte	0xd8
 1002 02c6 8801     		.2byte	0x188
 1003 02c8 0C       		.uleb128 0xc
 1004 02c9 0B130000 		.4byte	.LASF44
 1005 02cd 06       		.byte	0x6
 1006 02ce 42       		.byte	0x42
 1007 02cf CC050000 		.4byte	0x5cc
 1008 02d3 8C01     		.2byte	0x18c
 1009 02d5 0C       		.uleb128 0xc
 1010 02d6 50140000 		.4byte	.LASF45
 1011 02da 06       		.byte	0x6
 1012 02db 43       		.byte	0x43
 1013 02dc D1050000 		.4byte	0x5d1
 1014 02e0 0002     		.2byte	0x200
 1015 02e2 0C       		.uleb128 0xc
 1016 02e3 181A0000 		.4byte	.LASF46
 1017 02e7 06       		.byte	0x6
 1018 02e8 44       		.byte	0x44
 1019 02e9 E1050000 		.4byte	0x5e1
 1020 02ed 0003     		.2byte	0x300
 1021 02ef 0C       		.uleb128 0xc
 1022 02f0 59130000 		.4byte	.LASF47
 1023 02f4 06       		.byte	0x6
 1024 02f5 45       		.byte	0x45
 1025 02f6 E6050000 		.4byte	0x5e6
 1026 02fa 4003     		.2byte	0x340
 1027 02fc 0C       		.uleb128 0xc
 1028 02fd 6A120000 		.4byte	.LASF48
 1029 0301 06       		.byte	0x6
 1030 0302 46       		.byte	0x46
 1031 0303 EB050000 		.4byte	0x5eb
 1032 0307 8003     		.2byte	0x380
 1033 0309 0C       		.uleb128 0xc
 1034 030a 15130000 		.4byte	.LASF49
 1035 030e 06       		.byte	0x6
 1036 030f 47       		.byte	0x47
 1037 0310 05060000 		.4byte	0x605
 1038 0314 C003     		.2byte	0x3c0
 1039 0316 0C       		.uleb128 0xc
 1040 0317 39040000 		.4byte	.LASF50
 1041 031b 06       		.byte	0x6
 1042 031c 48       		.byte	0x48
 1043 031d D8000000 		.4byte	0xd8
 1044 0321 0005     		.2byte	0x500
 1045 0323 0C       		.uleb128 0xc
 1046 0324 300E0000 		.4byte	.LASF51
 1047 0328 06       		.byte	0x6
 1048 0329 49       		.byte	0x49
 1049 032a D8000000 		.4byte	0xd8
 1050 032e 0405     		.2byte	0x504
 1051 0330 0C       		.uleb128 0xc
 1052 0331 1F130000 		.4byte	.LASF52
ARM GAS  C:\Users\Finik\AppData\Local\Temp\cctwKBtC.s 			page 117


 1053 0335 06       		.byte	0x6
 1054 0336 4A       		.byte	0x4a
 1055 0337 DD000000 		.4byte	0xdd
 1056 033b 0805     		.2byte	0x508
 1057 033d 0C       		.uleb128 0xc
 1058 033e AF020000 		.4byte	.LASF53
 1059 0342 06       		.byte	0x6
 1060 0343 4B       		.byte	0x4b
 1061 0344 D8000000 		.4byte	0xd8
 1062 0348 0C05     		.2byte	0x50c
 1063 034a 0C       		.uleb128 0xc
 1064 034b C8020000 		.4byte	.LASF54
 1065 034f 06       		.byte	0x6
 1066 0350 4C       		.byte	0x4c
 1067 0351 D8000000 		.4byte	0xd8
 1068 0355 1005     		.2byte	0x510
 1069 0357 0C       		.uleb128 0xc
 1070 0358 720F0000 		.4byte	.LASF55
 1071 035c 06       		.byte	0x6
 1072 035d 4D       		.byte	0x4d
 1073 035e D8000000 		.4byte	0xd8
 1074 0362 1405     		.2byte	0x514
 1075 0364 0C       		.uleb128 0xc
 1076 0365 E4030000 		.4byte	.LASF56
 1077 0369 06       		.byte	0x6
 1078 036a 4E       		.byte	0x4e
 1079 036b D8000000 		.4byte	0xd8
 1080 036f 1805     		.2byte	0x518
 1081 0371 0C       		.uleb128 0xc
 1082 0372 F80A0000 		.4byte	.LASF57
 1083 0376 06       		.byte	0x6
 1084 0377 4F       		.byte	0x4f
 1085 0378 D8000000 		.4byte	0xd8
 1086 037c 1C05     		.2byte	0x51c
 1087 037e 0C       		.uleb128 0xc
 1088 037f 050B0000 		.4byte	.LASF58
 1089 0383 06       		.byte	0x6
 1090 0384 50       		.byte	0x50
 1091 0385 DD000000 		.4byte	0xdd
 1092 0389 2005     		.2byte	0x520
 1093 038b 0C       		.uleb128 0xc
 1094 038c 29130000 		.4byte	.LASF59
 1095 0390 06       		.byte	0x6
 1096 0391 51       		.byte	0x51
 1097 0392 0F060000 		.4byte	0x60f
 1098 0396 2405     		.2byte	0x524
 1099 0398 0C       		.uleb128 0xc
 1100 0399 E90A0000 		.4byte	.LASF60
 1101 039d 06       		.byte	0x6
 1102 039e 52       		.byte	0x52
 1103 039f D8000000 		.4byte	0xd8
 1104 03a3 2C05     		.2byte	0x52c
 1105 03a5 0C       		.uleb128 0xc
 1106 03a6 E0090000 		.4byte	.LASF61
 1107 03aa 06       		.byte	0x6
 1108 03ab 53       		.byte	0x53
 1109 03ac DD000000 		.4byte	0xdd
ARM GAS  C:\Users\Finik\AppData\Local\Temp\cctwKBtC.s 			page 118


 1110 03b0 3005     		.2byte	0x530
 1111 03b2 0C       		.uleb128 0xc
 1112 03b3 33130000 		.4byte	.LASF62
 1113 03b7 06       		.byte	0x6
 1114 03b8 54       		.byte	0x54
 1115 03b9 19060000 		.4byte	0x619
 1116 03bd 3405     		.2byte	0x534
 1117 03bf 0C       		.uleb128 0xc
 1118 03c0 4E110000 		.4byte	.LASF63
 1119 03c4 06       		.byte	0x6
 1120 03c5 55       		.byte	0x55
 1121 03c6 D8000000 		.4byte	0xd8
 1122 03ca 3C05     		.2byte	0x53c
 1123 03cc 0C       		.uleb128 0xc
 1124 03cd 3D130000 		.4byte	.LASF64
 1125 03d1 06       		.byte	0x6
 1126 03d2 56       		.byte	0x56
 1127 03d3 23060000 		.4byte	0x623
 1128 03d7 4005     		.2byte	0x540
 1129 03d9 0C       		.uleb128 0xc
 1130 03da A0090000 		.4byte	.LASF65
 1131 03de 06       		.byte	0x6
 1132 03df 57       		.byte	0x57
 1133 03e0 D8000000 		.4byte	0xd8
 1134 03e4 8005     		.2byte	0x580
 1135 03e6 0C       		.uleb128 0xc
 1136 03e7 B90A0000 		.4byte	.LASF66
 1137 03eb 06       		.byte	0x6
 1138 03ec 58       		.byte	0x58
 1139 03ed D8000000 		.4byte	0xd8
 1140 03f1 8405     		.2byte	0x584
 1141 03f3 0C       		.uleb128 0xc
 1142 03f4 C90A0000 		.4byte	.LASF67
 1143 03f8 06       		.byte	0x6
 1144 03f9 59       		.byte	0x59
 1145 03fa D8000000 		.4byte	0xd8
 1146 03fe 8805     		.2byte	0x588
 1147 0400 0C       		.uleb128 0xc
 1148 0401 D90A0000 		.4byte	.LASF68
 1149 0405 06       		.byte	0x6
 1150 0406 5A       		.byte	0x5a
 1151 0407 D8000000 		.4byte	0xd8
 1152 040b 8C05     		.2byte	0x58c
 1153 040d 0C       		.uleb128 0xc
 1154 040e 80020000 		.4byte	.LASF69
 1155 0412 06       		.byte	0x6
 1156 0413 5B       		.byte	0x5b
 1157 0414 D8000000 		.4byte	0xd8
 1158 0418 9005     		.2byte	0x590
 1159 041a 0C       		.uleb128 0xc
 1160 041b 47130000 		.4byte	.LASF70
 1161 041f 06       		.byte	0x6
 1162 0420 5C       		.byte	0x5c
 1163 0421 2D060000 		.4byte	0x62d
 1164 0425 9405     		.2byte	0x594
 1165 0427 0C       		.uleb128 0xc
 1166 0428 F3100000 		.4byte	.LASF71
ARM GAS  C:\Users\Finik\AppData\Local\Temp\cctwKBtC.s 			page 119


 1167 042c 06       		.byte	0x6
 1168 042d 5D       		.byte	0x5d
 1169 042e 42060000 		.4byte	0x642
 1170 0432 0006     		.2byte	0x600
 1171 0434 0C       		.uleb128 0xc
 1172 0435 81170000 		.4byte	.LASF72
 1173 0439 06       		.byte	0x6
 1174 043a 5E       		.byte	0x5e
 1175 043b DD000000 		.4byte	0xdd
 1176 043f 3C06     		.2byte	0x63c
 1177 0441 0C       		.uleb128 0xc
 1178 0442 EB0B0000 		.4byte	.LASF73
 1179 0446 06       		.byte	0x6
 1180 0447 5F       		.byte	0x5f
 1181 0448 47060000 		.4byte	0x647
 1182 044c 4006     		.2byte	0x640
 1183 044e 0C       		.uleb128 0xc
 1184 044f 8C170000 		.4byte	.LASF74
 1185 0453 06       		.byte	0x6
 1186 0454 60       		.byte	0x60
 1187 0455 61060000 		.4byte	0x661
 1188 0459 7C06     		.2byte	0x67c
 1189 045b 0C       		.uleb128 0xc
 1190 045c E2190000 		.4byte	.LASF75
 1191 0460 06       		.byte	0x6
 1192 0461 61       		.byte	0x61
 1193 0462 D8000000 		.4byte	0xd8
 1194 0466 0007     		.2byte	0x700
 1195 0468 0C       		.uleb128 0xc
 1196 0469 1A0E0000 		.4byte	.LASF76
 1197 046d 06       		.byte	0x6
 1198 046e 62       		.byte	0x62
 1199 046f D8000000 		.4byte	0xd8
 1200 0473 0407     		.2byte	0x704
 1201 0475 0C       		.uleb128 0xc
 1202 0476 69020000 		.4byte	.LASF77
 1203 047a 06       		.byte	0x6
 1204 047b 63       		.byte	0x63
 1205 047c D8000000 		.4byte	0xd8
 1206 0480 0807     		.2byte	0x708
 1207 0482 0C       		.uleb128 0xc
 1208 0483 BD130000 		.4byte	.LASF78
 1209 0487 06       		.byte	0x6
 1210 0488 64       		.byte	0x64
 1211 0489 DD000000 		.4byte	0xdd
 1212 048d 0C07     		.2byte	0x70c
 1213 048f 0C       		.uleb128 0xc
 1214 0490 1A050000 		.4byte	.LASF79
 1215 0494 06       		.byte	0x6
 1216 0495 65       		.byte	0x65
 1217 0496 D8000000 		.4byte	0xd8
 1218 049a 1007     		.2byte	0x710
 1219 049c 0C       		.uleb128 0xc
 1220 049d 97170000 		.4byte	.LASF80
 1221 04a1 06       		.byte	0x6
 1222 04a2 66       		.byte	0x66
 1223 04a3 7B060000 		.4byte	0x67b
ARM GAS  C:\Users\Finik\AppData\Local\Temp\cctwKBtC.s 			page 120


 1224 04a7 1407     		.2byte	0x714
 1225 04a9 0C       		.uleb128 0xc
 1226 04aa 5D160000 		.4byte	.LASF81
 1227 04ae 06       		.byte	0x6
 1228 04af 67       		.byte	0x67
 1229 04b0 D8000000 		.4byte	0xd8
 1230 04b4 0008     		.2byte	0x800
 1231 04b6 0C       		.uleb128 0xc
 1232 04b7 0E020000 		.4byte	.LASF82
 1233 04bb 06       		.byte	0x6
 1234 04bc 68       		.byte	0x68
 1235 04bd D8000000 		.4byte	0xd8
 1236 04c1 0408     		.2byte	0x804
 1237 04c3 0C       		.uleb128 0xc
 1238 04c4 A2170000 		.4byte	.LASF83
 1239 04c8 06       		.byte	0x6
 1240 04c9 69       		.byte	0x69
 1241 04ca 96060000 		.4byte	0x696
 1242 04ce 0808     		.2byte	0x808
 1243 04d0 0C       		.uleb128 0xc
 1244 04d1 74110000 		.4byte	.LASF84
 1245 04d5 06       		.byte	0x6
 1246 04d6 6A       		.byte	0x6a
 1247 04d7 D8000000 		.4byte	0xd8
 1248 04db 007F     		.2byte	0x7f00
 1249 04dd 0C       		.uleb128 0xc
 1250 04de E5040000 		.4byte	.LASF85
 1251 04e2 06       		.byte	0x6
 1252 04e3 6B       		.byte	0x6b
 1253 04e4 D8000000 		.4byte	0xd8
 1254 04e8 047F     		.2byte	0x7f04
 1255 04ea 0C       		.uleb128 0xc
 1256 04eb 73140000 		.4byte	.LASF86
 1257 04ef 06       		.byte	0x6
 1258 04f0 6C       		.byte	0x6c
 1259 04f1 D8000000 		.4byte	0xd8
 1260 04f5 087F     		.2byte	0x7f08
 1261 04f7 0C       		.uleb128 0xc
 1262 04f8 5A190000 		.4byte	.LASF87
 1263 04fc 06       		.byte	0x6
 1264 04fd 6D       		.byte	0x6d
 1265 04fe D8000000 		.4byte	0xd8
 1266 0502 0C7F     		.2byte	0x7f0c
 1267 0504 0C       		.uleb128 0xc
 1268 0505 AD170000 		.4byte	.LASF88
 1269 0509 06       		.byte	0x6
 1270 050a 6E       		.byte	0x6e
 1271 050b A0060000 		.4byte	0x6a0
 1272 050f 107F     		.2byte	0x7f10
 1273 0511 0C       		.uleb128 0xc
 1274 0512 C3050000 		.4byte	.LASF89
 1275 0516 06       		.byte	0x6
 1276 0517 6F       		.byte	0x6f
 1277 0518 D8000000 		.4byte	0xd8
 1278 051c 307F     		.2byte	0x7f30
 1279 051e 0C       		.uleb128 0xc
 1280 051f B8170000 		.4byte	.LASF90
ARM GAS  C:\Users\Finik\AppData\Local\Temp\cctwKBtC.s 			page 121


 1281 0523 06       		.byte	0x6
 1282 0524 70       		.byte	0x70
 1283 0525 BB060000 		.4byte	0x6bb
 1284 0529 347F     		.2byte	0x7f34
 1285 052b 0C       		.uleb128 0xc
 1286 052c 95070000 		.4byte	.LASF91
 1287 0530 06       		.byte	0x6
 1288 0531 71       		.byte	0x71
 1289 0532 D8000000 		.4byte	0xd8
 1290 0536 10FF     		.2byte	0xff10
 1291 0538 0C       		.uleb128 0xc
 1292 0539 C3170000 		.4byte	.LASF92
 1293 053d 06       		.byte	0x6
 1294 053e 72       		.byte	0x72
 1295 053f DD000000 		.4byte	0xdd
 1296 0543 14FF     		.2byte	0xff14
 1297 0545 0C       		.uleb128 0xc
 1298 0546 E5060000 		.4byte	.LASF93
 1299 054a 06       		.byte	0x6
 1300 054b 73       		.byte	0x73
 1301 054c D8000000 		.4byte	0xd8
 1302 0550 18FF     		.2byte	0xff18
 1303 0552 0C       		.uleb128 0xc
 1304 0553 D5180000 		.4byte	.LASF94
 1305 0557 06       		.byte	0x6
 1306 0558 74       		.byte	0x74
 1307 0559 D8000000 		.4byte	0xd8
 1308 055d 1CFF     		.2byte	0xff1c
 1309 055f 0C       		.uleb128 0xc
 1310 0560 76070000 		.4byte	.LASF95
 1311 0564 06       		.byte	0x6
 1312 0565 75       		.byte	0x75
 1313 0566 D8000000 		.4byte	0xd8
 1314 056a 20FF     		.2byte	0xff20
 1315 056c 0C       		.uleb128 0xc
 1316 056d A1130000 		.4byte	.LASF96
 1317 0571 06       		.byte	0x6
 1318 0572 76       		.byte	0x76
 1319 0573 D8000000 		.4byte	0xd8
 1320 0577 24FF     		.2byte	0xff24
 1321 0579 0C       		.uleb128 0xc
 1322 057a 5D0C0000 		.4byte	.LASF97
 1323 057e 06       		.byte	0x6
 1324 057f 77       		.byte	0x77
 1325 0580 D8000000 		.4byte	0xd8
 1326 0584 28FF     		.2byte	0xff28
 1327 0586 0C       		.uleb128 0xc
 1328 0587 700C0000 		.4byte	.LASF98
 1329 058b 06       		.byte	0x6
 1330 058c 78       		.byte	0x78
 1331 058d D8000000 		.4byte	0xd8
 1332 0591 2CFF     		.2byte	0xff2c
 1333 0593 00       		.byte	0
 1334 0594 05       		.uleb128 0x5
 1335 0595 E2000000 		.4byte	0xe2
 1336 0599 06       		.uleb128 0x6
 1337 059a 94050000 		.4byte	0x594
ARM GAS  C:\Users\Finik\AppData\Local\Temp\cctwKBtC.s 			page 122


 1338 059e 07       		.uleb128 0x7
 1339 059f DD000000 		.4byte	0xdd
 1340 05a3 AE050000 		.4byte	0x5ae
 1341 05a7 08       		.uleb128 0x8
 1342 05a8 9E000000 		.4byte	0x9e
 1343 05ac 17       		.byte	0x17
 1344 05ad 00       		.byte	0
 1345 05ae 05       		.uleb128 0x5
 1346 05af 9E050000 		.4byte	0x59e
 1347 05b3 06       		.uleb128 0x6
 1348 05b4 AE050000 		.4byte	0x5ae
 1349 05b8 05       		.uleb128 0x5
 1350 05b9 02010000 		.4byte	0x102
 1351 05bd 05       		.uleb128 0x5
 1352 05be 12010000 		.4byte	0x112
 1353 05c2 06       		.uleb128 0x6
 1354 05c3 BD050000 		.4byte	0x5bd
 1355 05c7 05       		.uleb128 0x5
 1356 05c8 62010000 		.4byte	0x162
 1357 05cc 06       		.uleb128 0x6
 1358 05cd C7050000 		.4byte	0x5c7
 1359 05d1 07       		.uleb128 0x7
 1360 05d2 15020000 		.4byte	0x215
 1361 05d6 E1050000 		.4byte	0x5e1
 1362 05da 08       		.uleb128 0x8
 1363 05db 9E000000 		.4byte	0x9e
 1364 05df 03       		.byte	0x3
 1365 05e0 00       		.byte	0
 1366 05e1 05       		.uleb128 0x5
 1367 05e2 02010000 		.4byte	0x102
 1368 05e6 05       		.uleb128 0x5
 1369 05e7 02010000 		.4byte	0x102
 1370 05eb 05       		.uleb128 0x5
 1371 05ec 02010000 		.4byte	0x102
 1372 05f0 07       		.uleb128 0x7
 1373 05f1 DD000000 		.4byte	0xdd
 1374 05f5 00060000 		.4byte	0x600
 1375 05f9 08       		.uleb128 0x8
 1376 05fa 9E000000 		.4byte	0x9e
 1377 05fe 4F       		.byte	0x4f
 1378 05ff 00       		.byte	0
 1379 0600 05       		.uleb128 0x5
 1380 0601 F0050000 		.4byte	0x5f0
 1381 0605 06       		.uleb128 0x6
 1382 0606 00060000 		.4byte	0x600
 1383 060a 05       		.uleb128 0x5
 1384 060b E2000000 		.4byte	0xe2
 1385 060f 06       		.uleb128 0x6
 1386 0610 0A060000 		.4byte	0x60a
 1387 0614 05       		.uleb128 0x5
 1388 0615 E2000000 		.4byte	0xe2
 1389 0619 06       		.uleb128 0x6
 1390 061a 14060000 		.4byte	0x614
 1391 061e 05       		.uleb128 0x5
 1392 061f 42010000 		.4byte	0x142
 1393 0623 06       		.uleb128 0x6
 1394 0624 1E060000 		.4byte	0x61e
ARM GAS  C:\Users\Finik\AppData\Local\Temp\cctwKBtC.s 			page 123


 1395 0628 05       		.uleb128 0x5
 1396 0629 52010000 		.4byte	0x152
 1397 062d 06       		.uleb128 0x6
 1398 062e 28060000 		.4byte	0x628
 1399 0632 07       		.uleb128 0x7
 1400 0633 D8000000 		.4byte	0xd8
 1401 0637 42060000 		.4byte	0x642
 1402 063b 08       		.uleb128 0x8
 1403 063c 9E000000 		.4byte	0x9e
 1404 0640 0E       		.byte	0xe
 1405 0641 00       		.byte	0
 1406 0642 05       		.uleb128 0x5
 1407 0643 32060000 		.4byte	0x632
 1408 0647 05       		.uleb128 0x5
 1409 0648 32060000 		.4byte	0x632
 1410 064c 07       		.uleb128 0x7
 1411 064d DD000000 		.4byte	0xdd
 1412 0651 5C060000 		.4byte	0x65c
 1413 0655 08       		.uleb128 0x8
 1414 0656 9E000000 		.4byte	0x9e
 1415 065a 20       		.byte	0x20
 1416 065b 00       		.byte	0
 1417 065c 05       		.uleb128 0x5
 1418 065d 4C060000 		.4byte	0x64c
 1419 0661 06       		.uleb128 0x6
 1420 0662 5C060000 		.4byte	0x65c
 1421 0666 07       		.uleb128 0x7
 1422 0667 DD000000 		.4byte	0xdd
 1423 066b 76060000 		.4byte	0x676
 1424 066f 08       		.uleb128 0x8
 1425 0670 9E000000 		.4byte	0x9e
 1426 0674 3A       		.byte	0x3a
 1427 0675 00       		.byte	0
 1428 0676 05       		.uleb128 0x5
 1429 0677 66060000 		.4byte	0x666
 1430 067b 06       		.uleb128 0x6
 1431 067c 76060000 		.4byte	0x676
 1432 0680 07       		.uleb128 0x7
 1433 0681 DD000000 		.4byte	0xdd
 1434 0685 91060000 		.4byte	0x691
 1435 0689 0D       		.uleb128 0xd
 1436 068a 9E000000 		.4byte	0x9e
 1437 068e BD1D     		.2byte	0x1dbd
 1438 0690 00       		.byte	0
 1439 0691 05       		.uleb128 0x5
 1440 0692 80060000 		.4byte	0x680
 1441 0696 06       		.uleb128 0x6
 1442 0697 91060000 		.4byte	0x691
 1443 069b 05       		.uleb128 0x5
 1444 069c F2000000 		.4byte	0xf2
 1445 06a0 06       		.uleb128 0x6
 1446 06a1 9B060000 		.4byte	0x69b
 1447 06a5 07       		.uleb128 0x7
 1448 06a6 DD000000 		.4byte	0xdd
 1449 06aa B6060000 		.4byte	0x6b6
 1450 06ae 0D       		.uleb128 0xd
 1451 06af 9E000000 		.4byte	0x9e
ARM GAS  C:\Users\Finik\AppData\Local\Temp\cctwKBtC.s 			page 124


 1452 06b3 F61F     		.2byte	0x1ff6
 1453 06b5 00       		.byte	0
 1454 06b6 05       		.uleb128 0x5
 1455 06b7 A5060000 		.4byte	0x6a5
 1456 06bb 06       		.uleb128 0x6
 1457 06bc B6060000 		.4byte	0x6b6
 1458 06c0 04       		.uleb128 0x4
 1459 06c1 550F0000 		.4byte	.LASF99
 1460 06c5 06       		.byte	0x6
 1461 06c6 79       		.byte	0x79
 1462 06c7 20020000 		.4byte	0x220
 1463 06cb 0B       		.uleb128 0xb
 1464 06cc 04FF     		.2byte	0xff04
 1465 06ce 07       		.byte	0x7
 1466 06cf 21       		.byte	0x21
 1467 06d0 EC070000 		.4byte	0x7ec
 1468 06d4 0E       		.uleb128 0xe
 1469 06d5 43544C00 		.ascii	"CTL\000"
 1470 06d9 07       		.byte	0x7
 1471 06da 22       		.byte	0x22
 1472 06db D8000000 		.4byte	0xd8
 1473 06df 00       		.byte	0
 1474 06e0 0A       		.uleb128 0xa
 1475 06e1 2F000000 		.4byte	.LASF20
 1476 06e5 07       		.byte	0x7
 1477 06e6 23       		.byte	0x23
 1478 06e7 DD000000 		.4byte	0xdd
 1479 06eb 04       		.byte	0x4
 1480 06ec 0A       		.uleb128 0xa
 1481 06ed 85110000 		.4byte	.LASF100
 1482 06f1 07       		.byte	0x7
 1483 06f2 24       		.byte	0x24
 1484 06f3 D8000000 		.4byte	0xd8
 1485 06f7 08       		.byte	0x8
 1486 06f8 0A       		.uleb128 0xa
 1487 06f9 00150000 		.4byte	.LASF101
 1488 06fd 07       		.byte	0x7
 1489 06fe 25       		.byte	0x25
 1490 06ff D8000000 		.4byte	0xd8
 1491 0703 0C       		.byte	0xc
 1492 0704 0A       		.uleb128 0xa
 1493 0705 5C1A0000 		.4byte	.LASF102
 1494 0709 07       		.byte	0x7
 1495 070a 26       		.byte	0x26
 1496 070b DD000000 		.4byte	0xdd
 1497 070f 10       		.byte	0x10
 1498 0710 0A       		.uleb128 0xa
 1499 0711 4F040000 		.4byte	.LASF103
 1500 0715 07       		.byte	0x7
 1501 0716 27       		.byte	0x27
 1502 0717 D8000000 		.4byte	0xd8
 1503 071b 14       		.byte	0x14
 1504 071c 0A       		.uleb128 0xa
 1505 071d 65180000 		.4byte	.LASF104
 1506 0721 07       		.byte	0x7
 1507 0722 28       		.byte	0x28
 1508 0723 D8000000 		.4byte	0xd8
ARM GAS  C:\Users\Finik\AppData\Local\Temp\cctwKBtC.s 			page 125


 1509 0727 18       		.byte	0x18
 1510 0728 0A       		.uleb128 0xa
 1511 0729 B7090000 		.4byte	.LASF105
 1512 072d 07       		.byte	0x7
 1513 072e 29       		.byte	0x29
 1514 072f D8000000 		.4byte	0xd8
 1515 0733 1C       		.byte	0x1c
 1516 0734 0A       		.uleb128 0xa
 1517 0735 CF0B0000 		.4byte	.LASF106
 1518 0739 07       		.byte	0x7
 1519 073a 2A       		.byte	0x2a
 1520 073b D8000000 		.4byte	0xd8
 1521 073f 20       		.byte	0x20
 1522 0740 0A       		.uleb128 0xa
 1523 0741 EC190000 		.4byte	.LASF107
 1524 0745 07       		.byte	0x7
 1525 0746 2B       		.byte	0x2b
 1526 0747 D8000000 		.4byte	0xd8
 1527 074b 24       		.byte	0x24
 1528 074c 0A       		.uleb128 0xa
 1529 074d 081B0000 		.4byte	.LASF108
 1530 0751 07       		.byte	0x7
 1531 0752 2C       		.byte	0x2c
 1532 0753 D8000000 		.4byte	0xd8
 1533 0757 28       		.byte	0x28
 1534 0758 0A       		.uleb128 0xa
 1535 0759 E0060000 		.4byte	.LASF109
 1536 075d 07       		.byte	0x7
 1537 075e 2D       		.byte	0x2d
 1538 075f D8000000 		.4byte	0xd8
 1539 0763 2C       		.byte	0x2c
 1540 0764 0A       		.uleb128 0xa
 1541 0765 8C040000 		.4byte	.LASF110
 1542 0769 07       		.byte	0x7
 1543 076a 2E       		.byte	0x2e
 1544 076b D8000000 		.4byte	0xd8
 1545 076f 30       		.byte	0x30
 1546 0770 0A       		.uleb128 0xa
 1547 0771 AD180000 		.4byte	.LASF111
 1548 0775 07       		.byte	0x7
 1549 0776 2F       		.byte	0x2f
 1550 0777 D8000000 		.4byte	0xd8
 1551 077b 34       		.byte	0x34
 1552 077c 0A       		.uleb128 0xa
 1553 077d BF150000 		.4byte	.LASF112
 1554 0781 07       		.byte	0x7
 1555 0782 30       		.byte	0x30
 1556 0783 DD000000 		.4byte	0xdd
 1557 0787 38       		.byte	0x38
 1558 0788 0A       		.uleb128 0xa
 1559 0789 B3160000 		.4byte	.LASF113
 1560 078d 07       		.byte	0x7
 1561 078e 31       		.byte	0x31
 1562 078f DD000000 		.4byte	0xdd
 1563 0793 3C       		.byte	0x3c
 1564 0794 0A       		.uleb128 0xa
 1565 0795 160C0000 		.4byte	.LASF114
ARM GAS  C:\Users\Finik\AppData\Local\Temp\cctwKBtC.s 			page 126


 1566 0799 07       		.byte	0x7
 1567 079a 32       		.byte	0x32
 1568 079b DD000000 		.4byte	0xdd
 1569 079f 40       		.byte	0x40
 1570 07a0 0A       		.uleb128 0xa
 1571 07a1 D2070000 		.4byte	.LASF115
 1572 07a5 07       		.byte	0x7
 1573 07a6 33       		.byte	0x33
 1574 07a7 D8000000 		.4byte	0xd8
 1575 07ab 44       		.byte	0x44
 1576 07ac 0A       		.uleb128 0xa
 1577 07ad 64140000 		.4byte	.LASF116
 1578 07b1 07       		.byte	0x7
 1579 07b2 34       		.byte	0x34
 1580 07b3 D8000000 		.4byte	0xd8
 1581 07b7 48       		.byte	0x48
 1582 07b8 0A       		.uleb128 0xa
 1583 07b9 51070000 		.4byte	.LASF31
 1584 07bd 07       		.byte	0x7
 1585 07be 35       		.byte	0x35
 1586 07bf 02080000 		.4byte	0x802
 1587 07c3 4C       		.byte	0x4c
 1588 07c4 0C       		.uleb128 0xc
 1589 07c5 B20E0000 		.4byte	.LASF117
 1590 07c9 07       		.byte	0x7
 1591 07ca 36       		.byte	0x36
 1592 07cb 07080000 		.4byte	0x807
 1593 07cf 0010     		.2byte	0x1000
 1594 07d1 0C       		.uleb128 0xc
 1595 07d2 01130000 		.4byte	.LASF40
 1596 07d6 07       		.byte	0x7
 1597 07d7 37       		.byte	0x37
 1598 07d8 22080000 		.4byte	0x822
 1599 07dc 0011     		.2byte	0x1100
 1600 07de 0C       		.uleb128 0xc
 1601 07df B00D0000 		.4byte	.LASF118
 1602 07e3 07       		.byte	0x7
 1603 07e4 38       		.byte	0x38
 1604 07e5 D8000000 		.4byte	0xd8
 1605 07e9 00FF     		.2byte	0xff00
 1606 07eb 00       		.byte	0
 1607 07ec 07       		.uleb128 0x7
 1608 07ed DD000000 		.4byte	0xdd
 1609 07f1 FD070000 		.4byte	0x7fd
 1610 07f5 0D       		.uleb128 0xd
 1611 07f6 9E000000 		.4byte	0x9e
 1612 07fa EC03     		.2byte	0x3ec
 1613 07fc 00       		.byte	0
 1614 07fd 05       		.uleb128 0x5
 1615 07fe EC070000 		.4byte	0x7ec
 1616 0802 06       		.uleb128 0x6
 1617 0803 FD070000 		.4byte	0x7fd
 1618 0807 05       		.uleb128 0x5
 1619 0808 22010000 		.4byte	0x122
 1620 080c 07       		.uleb128 0x7
 1621 080d DD000000 		.4byte	0xdd
 1622 0811 1D080000 		.4byte	0x81d
ARM GAS  C:\Users\Finik\AppData\Local\Temp\cctwKBtC.s 			page 127


 1623 0815 0D       		.uleb128 0xd
 1624 0816 9E000000 		.4byte	0x9e
 1625 081a 7F3B     		.2byte	0x3b7f
 1626 081c 00       		.byte	0
 1627 081d 05       		.uleb128 0x5
 1628 081e 0C080000 		.4byte	0x80c
 1629 0822 06       		.uleb128 0x6
 1630 0823 1D080000 		.4byte	0x81d
 1631 0827 04       		.uleb128 0x4
 1632 0828 910D0000 		.4byte	.LASF119
 1633 082c 07       		.byte	0x7
 1634 082d 39       		.byte	0x39
 1635 082e CB060000 		.4byte	0x6cb
 1636 0832 09       		.uleb128 0x9
 1637 0833 80       		.byte	0x80
 1638 0834 08       		.byte	0x8
 1639 0835 22       		.byte	0x22
 1640 0836 06090000 		.4byte	0x906
 1641 083a 0E       		.uleb128 0xe
 1642 083b 4F555400 		.ascii	"OUT\000"
 1643 083f 08       		.byte	0x8
 1644 0840 23       		.byte	0x23
 1645 0841 D8000000 		.4byte	0xd8
 1646 0845 00       		.byte	0
 1647 0846 0A       		.uleb128 0xa
 1648 0847 49070000 		.4byte	.LASF120
 1649 084b 08       		.byte	0x8
 1650 084c 24       		.byte	0x24
 1651 084d D8000000 		.4byte	0xd8
 1652 0851 04       		.byte	0x4
 1653 0852 0A       		.uleb128 0xa
 1654 0853 9B0A0000 		.4byte	.LASF121
 1655 0857 08       		.byte	0x8
 1656 0858 25       		.byte	0x25
 1657 0859 D8000000 		.4byte	0xd8
 1658 085d 08       		.byte	0x8
 1659 085e 0A       		.uleb128 0xa
 1660 085f 20150000 		.4byte	.LASF122
 1661 0863 08       		.byte	0x8
 1662 0864 26       		.byte	0x26
 1663 0865 D8000000 		.4byte	0xd8
 1664 0869 0C       		.byte	0xc
 1665 086a 0E       		.uleb128 0xe
 1666 086b 494E00   		.ascii	"IN\000"
 1667 086e 08       		.byte	0x8
 1668 086f 27       		.byte	0x27
 1669 0870 DD000000 		.4byte	0xdd
 1670 0874 10       		.byte	0x10
 1671 0875 0A       		.uleb128 0xa
 1672 0876 E0060000 		.4byte	.LASF109
 1673 087a 08       		.byte	0x8
 1674 087b 28       		.byte	0x28
 1675 087c D8000000 		.4byte	0xd8
 1676 0880 14       		.byte	0x14
 1677 0881 0A       		.uleb128 0xa
 1678 0882 AD180000 		.4byte	.LASF111
 1679 0886 08       		.byte	0x8
ARM GAS  C:\Users\Finik\AppData\Local\Temp\cctwKBtC.s 			page 128


 1680 0887 29       		.byte	0x29
 1681 0888 D8000000 		.4byte	0xd8
 1682 088c 18       		.byte	0x18
 1683 088d 0A       		.uleb128 0xa
 1684 088e BF150000 		.4byte	.LASF112
 1685 0892 08       		.byte	0x8
 1686 0893 2A       		.byte	0x2a
 1687 0894 DD000000 		.4byte	0xdd
 1688 0898 1C       		.byte	0x1c
 1689 0899 0A       		.uleb128 0xa
 1690 089a 8C040000 		.4byte	.LASF110
 1691 089e 08       		.byte	0x8
 1692 089f 2B       		.byte	0x2b
 1693 08a0 D8000000 		.4byte	0xd8
 1694 08a4 20       		.byte	0x20
 1695 08a5 0A       		.uleb128 0xa
 1696 08a6 5F170000 		.4byte	.LASF123
 1697 08aa 08       		.byte	0x8
 1698 08ab 2C       		.byte	0x2c
 1699 08ac D8000000 		.4byte	0xd8
 1700 08b0 24       		.byte	0x24
 1701 08b1 0E       		.uleb128 0xe
 1702 08b2 43464700 		.ascii	"CFG\000"
 1703 08b6 08       		.byte	0x8
 1704 08b7 2D       		.byte	0x2d
 1705 08b8 D8000000 		.4byte	0xd8
 1706 08bc 28       		.byte	0x28
 1707 08bd 0A       		.uleb128 0xa
 1708 08be A2050000 		.4byte	.LASF124
 1709 08c2 08       		.byte	0x8
 1710 08c3 2E       		.byte	0x2e
 1711 08c4 D8000000 		.4byte	0xd8
 1712 08c8 2C       		.byte	0x2c
 1713 08c9 0A       		.uleb128 0xa
 1714 08ca AF090000 		.4byte	.LASF125
 1715 08ce 08       		.byte	0x8
 1716 08cf 2F       		.byte	0x2f
 1717 08d0 D8000000 		.4byte	0xd8
 1718 08d4 30       		.byte	0x30
 1719 08d5 0A       		.uleb128 0xa
 1720 08d6 78020000 		.4byte	.LASF126
 1721 08da 08       		.byte	0x8
 1722 08db 30       		.byte	0x30
 1723 08dc D8000000 		.4byte	0xd8
 1724 08e0 34       		.byte	0x34
 1725 08e1 0A       		.uleb128 0xa
 1726 08e2 2F000000 		.4byte	.LASF20
 1727 08e6 08       		.byte	0x8
 1728 08e7 31       		.byte	0x31
 1729 08e8 DD000000 		.4byte	0xdd
 1730 08ec 38       		.byte	0x38
 1731 08ed 0A       		.uleb128 0xa
 1732 08ee 9E140000 		.4byte	.LASF127
 1733 08f2 08       		.byte	0x8
 1734 08f3 32       		.byte	0x32
 1735 08f4 D8000000 		.4byte	0xd8
 1736 08f8 3C       		.byte	0x3c
ARM GAS  C:\Users\Finik\AppData\Local\Temp\cctwKBtC.s 			page 129


 1737 08f9 0A       		.uleb128 0xa
 1738 08fa 51070000 		.4byte	.LASF31
 1739 08fe 08       		.byte	0x8
 1740 08ff 33       		.byte	0x33
 1741 0900 0B090000 		.4byte	0x90b
 1742 0904 40       		.byte	0x40
 1743 0905 00       		.byte	0
 1744 0906 05       		.uleb128 0x5
 1745 0907 42010000 		.4byte	0x142
 1746 090b 06       		.uleb128 0x6
 1747 090c 06090000 		.4byte	0x906
 1748 0910 04       		.uleb128 0x4
 1749 0911 0F140000 		.4byte	.LASF128
 1750 0915 08       		.byte	0x8
 1751 0916 34       		.byte	0x34
 1752 0917 32080000 		.4byte	0x832
 1753 091b 0B       		.uleb128 0xb
 1754 091c 2440     		.2byte	0x4024
 1755 091e 08       		.byte	0x8
 1756 091f 39       		.byte	0x39
 1757 0920 A6090000 		.4byte	0x9a6
 1758 0924 0E       		.uleb128 0xe
 1759 0925 50525400 		.ascii	"PRT\000"
 1760 0929 08       		.byte	0x8
 1761 092a 3A       		.byte	0x3a
 1762 092b A6090000 		.4byte	0x9a6
 1763 092f 00       		.byte	0
 1764 0930 0C       		.uleb128 0xc
 1765 0931 43000000 		.4byte	.LASF129
 1766 0935 08       		.byte	0x8
 1767 0936 3B       		.byte	0x3b
 1768 0937 DD000000 		.4byte	0xdd
 1769 093b 0040     		.2byte	0x4000
 1770 093d 0C       		.uleb128 0xc
 1771 093e 4F000000 		.4byte	.LASF130
 1772 0942 08       		.byte	0x8
 1773 0943 3C       		.byte	0x3c
 1774 0944 DD000000 		.4byte	0xdd
 1775 0948 0440     		.2byte	0x4004
 1776 094a 0C       		.uleb128 0xc
 1777 094b 5B000000 		.4byte	.LASF131
 1778 094f 08       		.byte	0x8
 1779 0950 3D       		.byte	0x3d
 1780 0951 DD000000 		.4byte	0xdd
 1781 0955 0840     		.2byte	0x4008
 1782 0957 0C       		.uleb128 0xc
 1783 0958 67000000 		.4byte	.LASF132
 1784 095c 08       		.byte	0x8
 1785 095d 3E       		.byte	0x3e
 1786 095e DD000000 		.4byte	0xdd
 1787 0962 0C40     		.2byte	0x400c
 1788 0964 0C       		.uleb128 0xc
 1789 0965 38000000 		.4byte	.LASF133
 1790 0969 08       		.byte	0x8
 1791 096a 3F       		.byte	0x3f
 1792 096b DD000000 		.4byte	0xdd
 1793 096f 1040     		.2byte	0x4010
ARM GAS  C:\Users\Finik\AppData\Local\Temp\cctwKBtC.s 			page 130


 1794 0971 0C       		.uleb128 0xc
 1795 0972 D90B0000 		.4byte	.LASF134
 1796 0976 08       		.byte	0x8
 1797 0977 40       		.byte	0x40
 1798 0978 D8000000 		.4byte	0xd8
 1799 097c 1440     		.2byte	0x4014
 1800 097e 0C       		.uleb128 0xc
 1801 097f 40190000 		.4byte	.LASF135
 1802 0983 08       		.byte	0x8
 1803 0984 41       		.byte	0x41
 1804 0985 D8000000 		.4byte	0xd8
 1805 0989 1840     		.2byte	0x4018
 1806 098b 0C       		.uleb128 0xc
 1807 098c 8C110000 		.4byte	.LASF136
 1808 0990 08       		.byte	0x8
 1809 0991 42       		.byte	0x42
 1810 0992 DD000000 		.4byte	0xdd
 1811 0996 1C40     		.2byte	0x401c
 1812 0998 0C       		.uleb128 0xc
 1813 0999 F6110000 		.4byte	.LASF137
 1814 099d 08       		.byte	0x8
 1815 099e 43       		.byte	0x43
 1816 099f D8000000 		.4byte	0xd8
 1817 09a3 2040     		.2byte	0x4020
 1818 09a5 00       		.byte	0
 1819 09a6 07       		.uleb128 0x7
 1820 09a7 10090000 		.4byte	0x910
 1821 09ab B6090000 		.4byte	0x9b6
 1822 09af 08       		.uleb128 0x8
 1823 09b0 9E000000 		.4byte	0x9e
 1824 09b4 7F       		.byte	0x7f
 1825 09b5 00       		.byte	0
 1826 09b6 04       		.uleb128 0x4
 1827 09b7 A2060000 		.4byte	.LASF138
 1828 09bb 08       		.byte	0x8
 1829 09bc 44       		.byte	0x44
 1830 09bd 1B090000 		.4byte	0x91b
 1831 09c1 0F       		.uleb128 0xf
 1832 09c2 73000000 		.4byte	.LASF139
 1833 09c6 09       		.byte	0x9
 1834 09c7 2806     		.2byte	0x628
 1835 09c9 C0060000 		.4byte	0x6c0
 1836 09cd 0F       		.uleb128 0xf
 1837 09ce 1A000000 		.4byte	.LASF140
 1838 09d2 09       		.byte	0x9
 1839 09d3 2906     		.2byte	0x629
 1840 09d5 27080000 		.4byte	0x827
 1841 09d9 0F       		.uleb128 0xf
 1842 09da 32190000 		.4byte	.LASF141
 1843 09de 09       		.byte	0x9
 1844 09df 3106     		.2byte	0x631
 1845 09e1 10090000 		.4byte	0x910
 1846 09e5 0F       		.uleb128 0xf
 1847 09e6 0F170000 		.4byte	.LASF142
 1848 09ea 09       		.byte	0x9
 1849 09eb 3206     		.2byte	0x632
 1850 09ed B6090000 		.4byte	0x9b6
ARM GAS  C:\Users\Finik\AppData\Local\Temp\cctwKBtC.s 			page 131


 1851 09f1 09       		.uleb128 0x9
 1852 09f2 B8       		.byte	0xb8
 1853 09f3 0A       		.byte	0xa
 1854 09f4 34       		.byte	0x34
 1855 09f5 020E0000 		.4byte	0xe02
 1856 09f9 0A       		.uleb128 0xa
 1857 09fa BE020000 		.4byte	.LASF143
 1858 09fe 0A       		.byte	0xa
 1859 09ff 37       		.byte	0x37
 1860 0a00 CD000000 		.4byte	0xcd
 1861 0a04 00       		.byte	0
 1862 0a05 0A       		.uleb128 0xa
 1863 0a06 A00D0000 		.4byte	.LASF144
 1864 0a0a 0A       		.byte	0xa
 1865 0a0b 38       		.byte	0x38
 1866 0a0c CD000000 		.4byte	0xcd
 1867 0a10 04       		.byte	0x4
 1868 0a11 0A       		.uleb128 0xa
 1869 0a12 07010000 		.4byte	.LASF145
 1870 0a16 0A       		.byte	0xa
 1871 0a17 39       		.byte	0x39
 1872 0a18 CD000000 		.4byte	0xcd
 1873 0a1c 08       		.byte	0x8
 1874 0a1d 0A       		.uleb128 0xa
 1875 0a1e DE000000 		.4byte	.LASF146
 1876 0a22 0A       		.byte	0xa
 1877 0a23 3A       		.byte	0x3a
 1878 0a24 CD000000 		.4byte	0xcd
 1879 0a28 0C       		.byte	0xc
 1880 0a29 0A       		.uleb128 0xa
 1881 0a2a ED110000 		.4byte	.LASF147
 1882 0a2e 0A       		.byte	0xa
 1883 0a2f 3B       		.byte	0x3b
 1884 0a30 CD000000 		.4byte	0xcd
 1885 0a34 10       		.byte	0x10
 1886 0a35 0A       		.uleb128 0xa
 1887 0a36 91100000 		.4byte	.LASF148
 1888 0a3a 0A       		.byte	0xa
 1889 0a3b 3C       		.byte	0x3c
 1890 0a3c CD000000 		.4byte	0xcd
 1891 0a40 14       		.byte	0x14
 1892 0a41 0A       		.uleb128 0xa
 1893 0a42 E20B0000 		.4byte	.LASF149
 1894 0a46 0A       		.byte	0xa
 1895 0a47 3D       		.byte	0x3d
 1896 0a48 CD000000 		.4byte	0xcd
 1897 0a4c 18       		.byte	0x18
 1898 0a4d 0A       		.uleb128 0xa
 1899 0a4e 0F1A0000 		.4byte	.LASF150
 1900 0a52 0A       		.byte	0xa
 1901 0a53 3E       		.byte	0x3e
 1902 0a54 CD000000 		.4byte	0xcd
 1903 0a58 1C       		.byte	0x1c
 1904 0a59 0A       		.uleb128 0xa
 1905 0a5a 190F0000 		.4byte	.LASF151
 1906 0a5e 0A       		.byte	0xa
 1907 0a5f 3F       		.byte	0x3f
ARM GAS  C:\Users\Finik\AppData\Local\Temp\cctwKBtC.s 			page 132


 1908 0a60 CD000000 		.4byte	0xcd
 1909 0a64 20       		.byte	0x20
 1910 0a65 0A       		.uleb128 0xa
 1911 0a66 300F0000 		.4byte	.LASF152
 1912 0a6a 0A       		.byte	0xa
 1913 0a6b 40       		.byte	0x40
 1914 0a6c CD000000 		.4byte	0xcd
 1915 0a70 24       		.byte	0x24
 1916 0a71 0A       		.uleb128 0xa
 1917 0a72 74130000 		.4byte	.LASF153
 1918 0a76 0A       		.byte	0xa
 1919 0a77 43       		.byte	0x43
 1920 0a78 AC000000 		.4byte	0xac
 1921 0a7c 28       		.byte	0x28
 1922 0a7d 0A       		.uleb128 0xa
 1923 0a7e 29070000 		.4byte	.LASF154
 1924 0a82 0A       		.byte	0xa
 1925 0a83 44       		.byte	0x44
 1926 0a84 AC000000 		.4byte	0xac
 1927 0a88 29       		.byte	0x29
 1928 0a89 0A       		.uleb128 0xa
 1929 0a8a 85120000 		.4byte	.LASF155
 1930 0a8e 0A       		.byte	0xa
 1931 0a8f 45       		.byte	0x45
 1932 0a90 AC000000 		.4byte	0xac
 1933 0a94 2A       		.byte	0x2a
 1934 0a95 0A       		.uleb128 0xa
 1935 0a96 DB130000 		.4byte	.LASF156
 1936 0a9a 0A       		.byte	0xa
 1937 0a9b 46       		.byte	0x46
 1938 0a9c AC000000 		.4byte	0xac
 1939 0aa0 2B       		.byte	0x2b
 1940 0aa1 0A       		.uleb128 0xa
 1941 0aa2 95130000 		.4byte	.LASF157
 1942 0aa6 0A       		.byte	0xa
 1943 0aa7 47       		.byte	0x47
 1944 0aa8 AC000000 		.4byte	0xac
 1945 0aac 2C       		.byte	0x2c
 1946 0aad 0A       		.uleb128 0xa
 1947 0aae 50160000 		.4byte	.LASF158
 1948 0ab2 0A       		.byte	0xa
 1949 0ab3 48       		.byte	0x48
 1950 0ab4 AC000000 		.4byte	0xac
 1951 0ab8 2D       		.byte	0x2d
 1952 0ab9 0A       		.uleb128 0xa
 1953 0aba 7A120000 		.4byte	.LASF159
 1954 0abe 0A       		.byte	0xa
 1955 0abf 49       		.byte	0x49
 1956 0ac0 AC000000 		.4byte	0xac
 1957 0ac4 2E       		.byte	0x2e
 1958 0ac5 0A       		.uleb128 0xa
 1959 0ac6 F6190000 		.4byte	.LASF160
 1960 0aca 0A       		.byte	0xa
 1961 0acb 4A       		.byte	0x4a
 1962 0acc AC000000 		.4byte	0xac
 1963 0ad0 2F       		.byte	0x2f
 1964 0ad1 0A       		.uleb128 0xa
ARM GAS  C:\Users\Finik\AppData\Local\Temp\cctwKBtC.s 			page 133


 1965 0ad2 0E050000 		.4byte	.LASF161
 1966 0ad6 0A       		.byte	0xa
 1967 0ad7 4B       		.byte	0x4b
 1968 0ad8 AC000000 		.4byte	0xac
 1969 0adc 30       		.byte	0x30
 1970 0add 0A       		.uleb128 0xa
 1971 0ade 02110000 		.4byte	.LASF162
 1972 0ae2 0A       		.byte	0xa
 1973 0ae3 4E       		.byte	0x4e
 1974 0ae4 AC000000 		.4byte	0xac
 1975 0ae8 31       		.byte	0x31
 1976 0ae9 0A       		.uleb128 0xa
 1977 0aea 6C190000 		.4byte	.LASF163
 1978 0aee 0A       		.byte	0xa
 1979 0aef 4F       		.byte	0x4f
 1980 0af0 AC000000 		.4byte	0xac
 1981 0af4 32       		.byte	0x32
 1982 0af5 0A       		.uleb128 0xa
 1983 0af6 CE100000 		.4byte	.LASF164
 1984 0afa 0A       		.byte	0xa
 1985 0afb 50       		.byte	0x50
 1986 0afc AC000000 		.4byte	0xac
 1987 0b00 33       		.byte	0x33
 1988 0b01 0A       		.uleb128 0xa
 1989 0b02 35160000 		.4byte	.LASF165
 1990 0b06 0A       		.byte	0xa
 1991 0b07 51       		.byte	0x51
 1992 0b08 AC000000 		.4byte	0xac
 1993 0b0c 34       		.byte	0x34
 1994 0b0d 0A       		.uleb128 0xa
 1995 0b0e E6070000 		.4byte	.LASF166
 1996 0b12 0A       		.byte	0xa
 1997 0b13 52       		.byte	0x52
 1998 0b14 B7000000 		.4byte	0xb7
 1999 0b18 36       		.byte	0x36
 2000 0b19 0A       		.uleb128 0xa
 2001 0b1a 44040000 		.4byte	.LASF167
 2002 0b1e 0A       		.byte	0xa
 2003 0b1f 53       		.byte	0x53
 2004 0b20 B7000000 		.4byte	0xb7
 2005 0b24 38       		.byte	0x38
 2006 0b25 0A       		.uleb128 0xa
 2007 0b26 0F040000 		.4byte	.LASF168
 2008 0b2a 0A       		.byte	0xa
 2009 0b2b 54       		.byte	0x54
 2010 0b2c B7000000 		.4byte	0xb7
 2011 0b30 3A       		.byte	0x3a
 2012 0b31 0A       		.uleb128 0xa
 2013 0b32 4D1A0000 		.4byte	.LASF169
 2014 0b36 0A       		.byte	0xa
 2015 0b37 55       		.byte	0x55
 2016 0b38 AC000000 		.4byte	0xac
 2017 0b3c 3C       		.byte	0x3c
 2018 0b3d 0A       		.uleb128 0xa
 2019 0b3e 3E0A0000 		.4byte	.LASF170
 2020 0b42 0A       		.byte	0xa
 2021 0b43 56       		.byte	0x56
ARM GAS  C:\Users\Finik\AppData\Local\Temp\cctwKBtC.s 			page 134


 2022 0b44 AC000000 		.4byte	0xac
 2023 0b48 3D       		.byte	0x3d
 2024 0b49 0A       		.uleb128 0xa
 2025 0b4a 43120000 		.4byte	.LASF171
 2026 0b4e 0A       		.byte	0xa
 2027 0b4f 57       		.byte	0x57
 2028 0b50 AC000000 		.4byte	0xac
 2029 0b54 3E       		.byte	0x3e
 2030 0b55 0A       		.uleb128 0xa
 2031 0b56 B9000000 		.4byte	.LASF172
 2032 0b5a 0A       		.byte	0xa
 2033 0b5b 58       		.byte	0x58
 2034 0b5c AC000000 		.4byte	0xac
 2035 0b60 3F       		.byte	0x3f
 2036 0b61 0A       		.uleb128 0xa
 2037 0b62 31020000 		.4byte	.LASF173
 2038 0b66 0A       		.byte	0xa
 2039 0b67 59       		.byte	0x59
 2040 0b68 AC000000 		.4byte	0xac
 2041 0b6c 40       		.byte	0x40
 2042 0b6d 0A       		.uleb128 0xa
 2043 0b6e 22110000 		.4byte	.LASF174
 2044 0b72 0A       		.byte	0xa
 2045 0b73 5A       		.byte	0x5a
 2046 0b74 AC000000 		.4byte	0xac
 2047 0b78 41       		.byte	0x41
 2048 0b79 0A       		.uleb128 0xa
 2049 0b7a 12190000 		.4byte	.LASF175
 2050 0b7e 0A       		.byte	0xa
 2051 0b7f 5B       		.byte	0x5b
 2052 0b80 AC000000 		.4byte	0xac
 2053 0b84 42       		.byte	0x42
 2054 0b85 0A       		.uleb128 0xa
 2055 0b86 B50D0000 		.4byte	.LASF176
 2056 0b8a 0A       		.byte	0xa
 2057 0b8b 5C       		.byte	0x5c
 2058 0b8c AC000000 		.4byte	0xac
 2059 0b90 43       		.byte	0x43
 2060 0b91 0A       		.uleb128 0xa
 2061 0b92 C00D0000 		.4byte	.LASF177
 2062 0b96 0A       		.byte	0xa
 2063 0b97 5D       		.byte	0x5d
 2064 0b98 AC000000 		.4byte	0xac
 2065 0b9c 44       		.byte	0x44
 2066 0b9d 0A       		.uleb128 0xa
 2067 0b9e E9130000 		.4byte	.LASF178
 2068 0ba2 0A       		.byte	0xa
 2069 0ba3 5E       		.byte	0x5e
 2070 0ba4 CD000000 		.4byte	0xcd
 2071 0ba8 48       		.byte	0x48
 2072 0ba9 0A       		.uleb128 0xa
 2073 0baa 95040000 		.4byte	.LASF179
 2074 0bae 0A       		.byte	0xa
 2075 0baf 5F       		.byte	0x5f
 2076 0bb0 CD000000 		.4byte	0xcd
 2077 0bb4 4C       		.byte	0x4c
 2078 0bb5 0A       		.uleb128 0xa
ARM GAS  C:\Users\Finik\AppData\Local\Temp\cctwKBtC.s 			page 135


 2079 0bb6 C4180000 		.4byte	.LASF180
 2080 0bba 0A       		.byte	0xa
 2081 0bbb 60       		.byte	0x60
 2082 0bbc AC000000 		.4byte	0xac
 2083 0bc0 50       		.byte	0x50
 2084 0bc1 0A       		.uleb128 0xa
 2085 0bc2 120B0000 		.4byte	.LASF181
 2086 0bc6 0A       		.byte	0xa
 2087 0bc7 61       		.byte	0x61
 2088 0bc8 AC000000 		.4byte	0xac
 2089 0bcc 51       		.byte	0x51
 2090 0bcd 0A       		.uleb128 0xa
 2091 0bce 620F0000 		.4byte	.LASF182
 2092 0bd2 0A       		.byte	0xa
 2093 0bd3 62       		.byte	0x62
 2094 0bd4 AC000000 		.4byte	0xac
 2095 0bd8 52       		.byte	0x52
 2096 0bd9 0A       		.uleb128 0xa
 2097 0bda 37070000 		.4byte	.LASF183
 2098 0bde 0A       		.byte	0xa
 2099 0bdf 63       		.byte	0x63
 2100 0be0 AC000000 		.4byte	0xac
 2101 0be4 53       		.byte	0x53
 2102 0be5 0A       		.uleb128 0xa
 2103 0be6 D5140000 		.4byte	.LASF184
 2104 0bea 0A       		.byte	0xa
 2105 0beb 64       		.byte	0x64
 2106 0bec AC000000 		.4byte	0xac
 2107 0bf0 54       		.byte	0x54
 2108 0bf1 0A       		.uleb128 0xa
 2109 0bf2 490C0000 		.4byte	.LASF185
 2110 0bf6 0A       		.byte	0xa
 2111 0bf7 65       		.byte	0x65
 2112 0bf8 AC000000 		.4byte	0xac
 2113 0bfc 55       		.byte	0x55
 2114 0bfd 0A       		.uleb128 0xa
 2115 0bfe 1E190000 		.4byte	.LASF186
 2116 0c02 0A       		.byte	0xa
 2117 0c03 66       		.byte	0x66
 2118 0c04 AC000000 		.4byte	0xac
 2119 0c08 56       		.byte	0x56
 2120 0c09 0A       		.uleb128 0xa
 2121 0c0a 8F120000 		.4byte	.LASF187
 2122 0c0e 0A       		.byte	0xa
 2123 0c0f 67       		.byte	0x67
 2124 0c10 AC000000 		.4byte	0xac
 2125 0c14 57       		.byte	0x57
 2126 0c15 0A       		.uleb128 0xa
 2127 0c16 EF090000 		.4byte	.LASF188
 2128 0c1a 0A       		.byte	0xa
 2129 0c1b 68       		.byte	0x68
 2130 0c1c AC000000 		.4byte	0xac
 2131 0c20 58       		.byte	0x58
 2132 0c21 0A       		.uleb128 0xa
 2133 0c22 631A0000 		.4byte	.LASF189
 2134 0c26 0A       		.byte	0xa
 2135 0c27 69       		.byte	0x69
ARM GAS  C:\Users\Finik\AppData\Local\Temp\cctwKBtC.s 			page 136


 2136 0c28 AC000000 		.4byte	0xac
 2137 0c2c 59       		.byte	0x59
 2138 0c2d 0A       		.uleb128 0xa
 2139 0c2e EA170000 		.4byte	.LASF190
 2140 0c32 0A       		.byte	0xa
 2141 0c33 6E       		.byte	0x6e
 2142 0c34 C2000000 		.4byte	0xc2
 2143 0c38 5A       		.byte	0x5a
 2144 0c39 0A       		.uleb128 0xa
 2145 0c3a 75010000 		.4byte	.LASF191
 2146 0c3e 0A       		.byte	0xa
 2147 0c3f 6F       		.byte	0x6f
 2148 0c40 C2000000 		.4byte	0xc2
 2149 0c44 5C       		.byte	0x5c
 2150 0c45 0A       		.uleb128 0xa
 2151 0c46 210F0000 		.4byte	.LASF192
 2152 0c4a 0A       		.byte	0xa
 2153 0c4b 70       		.byte	0x70
 2154 0c4c AC000000 		.4byte	0xac
 2155 0c50 5E       		.byte	0x5e
 2156 0c51 0A       		.uleb128 0xa
 2157 0c52 7A190000 		.4byte	.LASF193
 2158 0c56 0A       		.byte	0xa
 2159 0c57 71       		.byte	0x71
 2160 0c58 AC000000 		.4byte	0xac
 2161 0c5c 5F       		.byte	0x5f
 2162 0c5d 0A       		.uleb128 0xa
 2163 0c5e 990C0000 		.4byte	.LASF194
 2164 0c62 0A       		.byte	0xa
 2165 0c63 72       		.byte	0x72
 2166 0c64 AC000000 		.4byte	0xac
 2167 0c68 60       		.byte	0x60
 2168 0c69 0A       		.uleb128 0xa
 2169 0c6a 090E0000 		.4byte	.LASF195
 2170 0c6e 0A       		.byte	0xa
 2171 0c6f 73       		.byte	0x73
 2172 0c70 CD000000 		.4byte	0xcd
 2173 0c74 64       		.byte	0x64
 2174 0c75 0A       		.uleb128 0xa
 2175 0c76 240B0000 		.4byte	.LASF196
 2176 0c7a 0A       		.byte	0xa
 2177 0c7b 76       		.byte	0x76
 2178 0c7c C2000000 		.4byte	0xc2
 2179 0c80 68       		.byte	0x68
 2180 0c81 0A       		.uleb128 0xa
 2181 0c82 03120000 		.4byte	.LASF197
 2182 0c86 0A       		.byte	0xa
 2183 0c87 77       		.byte	0x77
 2184 0c88 C2000000 		.4byte	0xc2
 2185 0c8c 6A       		.byte	0x6a
 2186 0c8d 0A       		.uleb128 0xa
 2187 0c8e BF100000 		.4byte	.LASF198
 2188 0c92 0A       		.byte	0xa
 2189 0c93 78       		.byte	0x78
 2190 0c94 C2000000 		.4byte	0xc2
 2191 0c98 6C       		.byte	0x6c
 2192 0c99 0A       		.uleb128 0xa
ARM GAS  C:\Users\Finik\AppData\Local\Temp\cctwKBtC.s 			page 137


 2193 0c9a F9040000 		.4byte	.LASF199
 2194 0c9e 0A       		.byte	0xa
 2195 0c9f 79       		.byte	0x79
 2196 0ca0 C2000000 		.4byte	0xc2
 2197 0ca4 6E       		.byte	0x6e
 2198 0ca5 0A       		.uleb128 0xa
 2199 0ca6 9E0E0000 		.4byte	.LASF200
 2200 0caa 0A       		.byte	0xa
 2201 0cab 7B       		.byte	0x7b
 2202 0cac AC000000 		.4byte	0xac
 2203 0cb0 70       		.byte	0x70
 2204 0cb1 0A       		.uleb128 0xa
 2205 0cb2 5B050000 		.4byte	.LASF201
 2206 0cb6 0A       		.byte	0xa
 2207 0cb7 7C       		.byte	0x7c
 2208 0cb8 AC000000 		.4byte	0xac
 2209 0cbc 71       		.byte	0x71
 2210 0cbd 0A       		.uleb128 0xa
 2211 0cbe 62040000 		.4byte	.LASF202
 2212 0cc2 0A       		.byte	0xa
 2213 0cc3 7D       		.byte	0x7d
 2214 0cc4 AC000000 		.4byte	0xac
 2215 0cc8 72       		.byte	0x72
 2216 0cc9 0A       		.uleb128 0xa
 2217 0cca 3E020000 		.4byte	.LASF203
 2218 0cce 0A       		.byte	0xa
 2219 0ccf 7E       		.byte	0x7e
 2220 0cd0 AC000000 		.4byte	0xac
 2221 0cd4 73       		.byte	0x73
 2222 0cd5 0A       		.uleb128 0xa
 2223 0cd6 EF120000 		.4byte	.LASF204
 2224 0cda 0A       		.byte	0xa
 2225 0cdb 80       		.byte	0x80
 2226 0cdc C2000000 		.4byte	0xc2
 2227 0ce0 74       		.byte	0x74
 2228 0ce1 0A       		.uleb128 0xa
 2229 0ce2 9C110000 		.4byte	.LASF205
 2230 0ce6 0A       		.byte	0xa
 2231 0ce7 81       		.byte	0x81
 2232 0ce8 C2000000 		.4byte	0xc2
 2233 0cec 76       		.byte	0x76
 2234 0ced 0A       		.uleb128 0xa
 2235 0cee C10E0000 		.4byte	.LASF206
 2236 0cf2 0A       		.byte	0xa
 2237 0cf3 82       		.byte	0x82
 2238 0cf4 C2000000 		.4byte	0xc2
 2239 0cf8 78       		.byte	0x78
 2240 0cf9 0A       		.uleb128 0xa
 2241 0cfa BD070000 		.4byte	.LASF207
 2242 0cfe 0A       		.byte	0xa
 2243 0cff 83       		.byte	0x83
 2244 0d00 C2000000 		.4byte	0xc2
 2245 0d04 7A       		.byte	0x7a
 2246 0d05 0A       		.uleb128 0xa
 2247 0d06 75150000 		.4byte	.LASF208
 2248 0d0a 0A       		.byte	0xa
 2249 0d0b 86       		.byte	0x86
ARM GAS  C:\Users\Finik\AppData\Local\Temp\cctwKBtC.s 			page 138


 2250 0d0c AC000000 		.4byte	0xac
 2251 0d10 7C       		.byte	0x7c
 2252 0d11 0A       		.uleb128 0xa
 2253 0d12 E9180000 		.4byte	.LASF209
 2254 0d16 0A       		.byte	0xa
 2255 0d17 87       		.byte	0x87
 2256 0d18 AC000000 		.4byte	0xac
 2257 0d1c 7D       		.byte	0x7d
 2258 0d1d 0A       		.uleb128 0xa
 2259 0d1e 63070000 		.4byte	.LASF210
 2260 0d22 0A       		.byte	0xa
 2261 0d23 88       		.byte	0x88
 2262 0d24 AC000000 		.4byte	0xac
 2263 0d28 7E       		.byte	0x7e
 2264 0d29 0A       		.uleb128 0xa
 2265 0d2a AF060000 		.4byte	.LASF211
 2266 0d2e 0A       		.byte	0xa
 2267 0d2f 89       		.byte	0x89
 2268 0d30 AC000000 		.4byte	0xac
 2269 0d34 7F       		.byte	0x7f
 2270 0d35 0A       		.uleb128 0xa
 2271 0d36 81130000 		.4byte	.LASF212
 2272 0d3a 0A       		.byte	0xa
 2273 0d3b 8A       		.byte	0x8a
 2274 0d3c AC000000 		.4byte	0xac
 2275 0d40 80       		.byte	0x80
 2276 0d41 0A       		.uleb128 0xa
 2277 0d42 A2000000 		.4byte	.LASF213
 2278 0d46 0A       		.byte	0xa
 2279 0d47 8D       		.byte	0x8d
 2280 0d48 CD000000 		.4byte	0xcd
 2281 0d4c 84       		.byte	0x84
 2282 0d4d 0A       		.uleb128 0xa
 2283 0d4e A8150000 		.4byte	.LASF214
 2284 0d52 0A       		.byte	0xa
 2285 0d53 8E       		.byte	0x8e
 2286 0d54 CD000000 		.4byte	0xcd
 2287 0d58 88       		.byte	0x88
 2288 0d59 0A       		.uleb128 0xa
 2289 0d5a 0D110000 		.4byte	.LASF215
 2290 0d5e 0A       		.byte	0xa
 2291 0d5f 8F       		.byte	0x8f
 2292 0d60 CD000000 		.4byte	0xcd
 2293 0d64 8C       		.byte	0x8c
 2294 0d65 0A       		.uleb128 0xa
 2295 0d66 D9160000 		.4byte	.LASF216
 2296 0d6a 0A       		.byte	0xa
 2297 0d6b 90       		.byte	0x90
 2298 0d6c CD000000 		.4byte	0xcd
 2299 0d70 90       		.byte	0x90
 2300 0d71 0A       		.uleb128 0xa
 2301 0d72 28150000 		.4byte	.LASF217
 2302 0d76 0A       		.byte	0xa
 2303 0d77 91       		.byte	0x91
 2304 0d78 CD000000 		.4byte	0xcd
 2305 0d7c 94       		.byte	0x94
 2306 0d7d 0A       		.uleb128 0xa
ARM GAS  C:\Users\Finik\AppData\Local\Temp\cctwKBtC.s 			page 139


 2307 0d7e 8C050000 		.4byte	.LASF218
 2308 0d82 0A       		.byte	0xa
 2309 0d83 92       		.byte	0x92
 2310 0d84 CD000000 		.4byte	0xcd
 2311 0d88 98       		.byte	0x98
 2312 0d89 0A       		.uleb128 0xa
 2313 0d8a E6150000 		.4byte	.LASF219
 2314 0d8e 0A       		.byte	0xa
 2315 0d8f 93       		.byte	0x93
 2316 0d90 CD000000 		.4byte	0xcd
 2317 0d94 9C       		.byte	0x9c
 2318 0d95 0A       		.uleb128 0xa
 2319 0d96 330C0000 		.4byte	.LASF220
 2320 0d9a 0A       		.byte	0xa
 2321 0d9b 94       		.byte	0x94
 2322 0d9c CD000000 		.4byte	0xcd
 2323 0da0 A0       		.byte	0xa0
 2324 0da1 0A       		.uleb128 0xa
 2325 0da2 25010000 		.4byte	.LASF221
 2326 0da6 0A       		.byte	0xa
 2327 0da7 95       		.byte	0x95
 2328 0da8 C2000000 		.4byte	0xc2
 2329 0dac A4       		.byte	0xa4
 2330 0dad 0A       		.uleb128 0xa
 2331 0dae C0120000 		.4byte	.LASF222
 2332 0db2 0A       		.byte	0xa
 2333 0db3 96       		.byte	0x96
 2334 0db4 C2000000 		.4byte	0xc2
 2335 0db8 A6       		.byte	0xa6
 2336 0db9 0A       		.uleb128 0xa
 2337 0dba 9D160000 		.4byte	.LASF223
 2338 0dbe 0A       		.byte	0xa
 2339 0dbf 97       		.byte	0x97
 2340 0dc0 C2000000 		.4byte	0xc2
 2341 0dc4 A8       		.byte	0xa8
 2342 0dc5 0A       		.uleb128 0xa
 2343 0dc6 E30E0000 		.4byte	.LASF224
 2344 0dca 0A       		.byte	0xa
 2345 0dcb 98       		.byte	0x98
 2346 0dcc C2000000 		.4byte	0xc2
 2347 0dd0 AA       		.byte	0xaa
 2348 0dd1 0A       		.uleb128 0xa
 2349 0dd2 A3040000 		.4byte	.LASF225
 2350 0dd6 0A       		.byte	0xa
 2351 0dd7 99       		.byte	0x99
 2352 0dd8 C2000000 		.4byte	0xc2
 2353 0ddc AC       		.byte	0xac
 2354 0ddd 0A       		.uleb128 0xa
 2355 0dde 40110000 		.4byte	.LASF226
 2356 0de2 0A       		.byte	0xa
 2357 0de3 9A       		.byte	0x9a
 2358 0de4 C2000000 		.4byte	0xc2
 2359 0de8 AE       		.byte	0xae
 2360 0de9 0A       		.uleb128 0xa
 2361 0dea D7040000 		.4byte	.LASF227
 2362 0dee 0A       		.byte	0xa
 2363 0def 9D       		.byte	0x9d
ARM GAS  C:\Users\Finik\AppData\Local\Temp\cctwKBtC.s 			page 140


 2364 0df0 C2000000 		.4byte	0xc2
 2365 0df4 B0       		.byte	0xb0
 2366 0df5 0A       		.uleb128 0xa
 2367 0df6 19170000 		.4byte	.LASF228
 2368 0dfa 0A       		.byte	0xa
 2369 0dfb 9E       		.byte	0x9e
 2370 0dfc CD000000 		.4byte	0xcd
 2371 0e00 B4       		.byte	0xb4
 2372 0e01 00       		.byte	0
 2373 0e02 04       		.uleb128 0x4
 2374 0e03 90190000 		.4byte	.LASF229
 2375 0e07 0A       		.byte	0xa
 2376 0e08 9F       		.byte	0x9f
 2377 0e09 F1090000 		.4byte	0x9f1
 2378 0e0d 0F       		.uleb128 0xf
 2379 0e0e 5D140000 		.4byte	.LASF230
 2380 0e12 0B       		.byte	0xb
 2381 0e13 F601     		.2byte	0x1f6
 2382 0e15 A5000000 		.4byte	0xa5
 2383 0e19 03       		.uleb128 0x3
 2384 0e1a 04       		.byte	0x4
 2385 0e1b 04       		.byte	0x4
 2386 0e1c 08070000 		.4byte	.LASF231
 2387 0e20 03       		.uleb128 0x3
 2388 0e21 08       		.byte	0x8
 2389 0e22 04       		.byte	0x4
 2390 0e23 081A0000 		.4byte	.LASF232
 2391 0e27 0F       		.uleb128 0xf
 2392 0e28 021A0000 		.4byte	.LASF233
 2393 0e2c 0B       		.byte	0xb
 2394 0e2d EA03     		.2byte	0x3ea
 2395 0e2f AC000000 		.4byte	0xac
 2396 0e33 09       		.uleb128 0x9
 2397 0e34 24       		.byte	0x24
 2398 0e35 0C       		.byte	0xc
 2399 0e36 EF       		.byte	0xef
 2400 0e37 A80E0000 		.4byte	0xea8
 2401 0e3b 0E       		.uleb128 0xe
 2402 0e3c 6F757400 		.ascii	"out\000"
 2403 0e40 0C       		.byte	0xc
 2404 0e41 F1       		.byte	0xf1
 2405 0e42 CD000000 		.4byte	0xcd
 2406 0e46 00       		.byte	0
 2407 0e47 0A       		.uleb128 0xa
 2408 0e48 FF1A0000 		.4byte	.LASF234
 2409 0e4c 0C       		.byte	0xc
 2410 0e4d F2       		.byte	0xf2
 2411 0e4e CD000000 		.4byte	0xcd
 2412 0e52 04       		.byte	0x4
 2413 0e53 0A       		.uleb128 0xa
 2414 0e54 4D0B0000 		.4byte	.LASF235
 2415 0e58 0C       		.byte	0xc
 2416 0e59 F3       		.byte	0xf3
 2417 0e5a CD000000 		.4byte	0xcd
 2418 0e5e 08       		.byte	0x8
 2419 0e5f 0E       		.uleb128 0xe
 2420 0e60 63666700 		.ascii	"cfg\000"
ARM GAS  C:\Users\Finik\AppData\Local\Temp\cctwKBtC.s 			page 141


 2421 0e64 0C       		.byte	0xc
 2422 0e65 F4       		.byte	0xf4
 2423 0e66 CD000000 		.4byte	0xcd
 2424 0e6a 0C       		.byte	0xc
 2425 0e6b 0A       		.uleb128 0xa
 2426 0e6c 01010000 		.4byte	.LASF236
 2427 0e70 0C       		.byte	0xc
 2428 0e71 F5       		.byte	0xf5
 2429 0e72 CD000000 		.4byte	0xcd
 2430 0e76 10       		.byte	0x10
 2431 0e77 0A       		.uleb128 0xa
 2432 0e78 DD0D0000 		.4byte	.LASF237
 2433 0e7c 0C       		.byte	0xc
 2434 0e7d F6       		.byte	0xf6
 2435 0e7e CD000000 		.4byte	0xcd
 2436 0e82 14       		.byte	0x14
 2437 0e83 0A       		.uleb128 0xa
 2438 0e84 8F020000 		.4byte	.LASF238
 2439 0e88 0C       		.byte	0xc
 2440 0e89 F7       		.byte	0xf7
 2441 0e8a CD000000 		.4byte	0xcd
 2442 0e8e 18       		.byte	0x18
 2443 0e8f 0A       		.uleb128 0xa
 2444 0e90 69130000 		.4byte	.LASF239
 2445 0e94 0C       		.byte	0xc
 2446 0e95 F8       		.byte	0xf8
 2447 0e96 CD000000 		.4byte	0xcd
 2448 0e9a 1C       		.byte	0x1c
 2449 0e9b 0A       		.uleb128 0xa
 2450 0e9c DB070000 		.4byte	.LASF240
 2451 0ea0 0C       		.byte	0xc
 2452 0ea1 F9       		.byte	0xf9
 2453 0ea2 CD000000 		.4byte	0xcd
 2454 0ea6 20       		.byte	0x20
 2455 0ea7 00       		.byte	0
 2456 0ea8 04       		.uleb128 0x4
 2457 0ea9 46170000 		.4byte	.LASF241
 2458 0ead 0C       		.byte	0xc
 2459 0eae FA       		.byte	0xfa
 2460 0eaf 330E0000 		.4byte	0xe33
 2461 0eb3 10       		.uleb128 0x10
 2462 0eb4 01       		.byte	0x1
 2463 0eb5 53000000 		.4byte	0x53
 2464 0eb9 03       		.byte	0x3
 2465 0eba 4E05     		.2byte	0x54e
 2466 0ebc D90E0000 		.4byte	0xed9
 2467 0ec0 11       		.uleb128 0x11
 2468 0ec1 C5000000 		.4byte	.LASF242
 2469 0ec5 00       		.byte	0
 2470 0ec6 11       		.uleb128 0x11
 2471 0ec7 DE010000 		.4byte	.LASF243
 2472 0ecb 01       		.byte	0x1
 2473 0ecc 11       		.uleb128 0x11
 2474 0ecd 271A0000 		.4byte	.LASF244
 2475 0ed1 00       		.byte	0
 2476 0ed2 11       		.uleb128 0x11
 2477 0ed3 00000000 		.4byte	.LASF245
ARM GAS  C:\Users\Finik\AppData\Local\Temp\cctwKBtC.s 			page 142


 2478 0ed7 01       		.byte	0x1
 2479 0ed8 00       		.byte	0
 2480 0ed9 10       		.uleb128 0x10
 2481 0eda 04       		.byte	0x4
 2482 0edb 2C000000 		.4byte	0x2c
 2483 0edf 02       		.byte	0x2
 2484 0ee0 5C02     		.2byte	0x25c
 2485 0ee2 080F0000 		.4byte	0xf08
 2486 0ee6 11       		.uleb128 0x11
 2487 0ee7 B1040000 		.4byte	.LASF246
 2488 0eeb 00       		.byte	0
 2489 0eec 12       		.uleb128 0x12
 2490 0eed AC120000 		.4byte	.LASF247
 2491 0ef1 01004A00 		.4byte	0x4a0001
 2492 0ef5 12       		.uleb128 0x12
 2493 0ef6 9A010000 		.4byte	.LASF248
 2494 0efa 02004A00 		.4byte	0x4a0002
 2495 0efe 12       		.uleb128 0x12
 2496 0eff 15120000 		.4byte	.LASF249
 2497 0f03 03004A00 		.4byte	0x4a0003
 2498 0f07 00       		.byte	0
 2499 0f08 0F       		.uleb128 0xf
 2500 0f09 A30A0000 		.4byte	.LASF250
 2501 0f0d 02       		.byte	0x2
 2502 0f0e 6102     		.2byte	0x261
 2503 0f10 D90E0000 		.4byte	0xed9
 2504 0f14 10       		.uleb128 0x10
 2505 0f15 02       		.byte	0x2
 2506 0f16 77000000 		.4byte	0x77
 2507 0f1a 02       		.byte	0x2
 2508 0f1b BE02     		.2byte	0x2be
 2509 0f1d 630F0000 		.4byte	0xf63
 2510 0f21 11       		.uleb128 0x11
 2511 0f22 37140000 		.4byte	.LASF251
 2512 0f26 00       		.byte	0
 2513 0f27 11       		.uleb128 0x11
 2514 0f28 68170000 		.4byte	.LASF252
 2515 0f2c 01       		.byte	0x1
 2516 0f2d 11       		.uleb128 0x11
 2517 0f2e 850E0000 		.4byte	.LASF253
 2518 0f32 02       		.byte	0x2
 2519 0f33 11       		.uleb128 0x11
 2520 0f34 E5140000 		.4byte	.LASF254
 2521 0f38 03       		.byte	0x3
 2522 0f39 11       		.uleb128 0x11
 2523 0f3a 59150000 		.4byte	.LASF255
 2524 0f3e 04       		.byte	0x4
 2525 0f3f 13       		.uleb128 0x13
 2526 0f40 89060000 		.4byte	.LASF256
 2527 0f44 0001     		.2byte	0x100
 2528 0f46 13       		.uleb128 0x13
 2529 0f47 51120000 		.4byte	.LASF257
 2530 0f4b 1001     		.2byte	0x110
 2531 0f4d 13       		.uleb128 0x13
 2532 0f4e B60B0000 		.4byte	.LASF258
 2533 0f52 1101     		.2byte	0x111
 2534 0f54 13       		.uleb128 0x13
ARM GAS  C:\Users\Finik\AppData\Local\Temp\cctwKBtC.s 			page 143


 2535 0f55 291B0000 		.4byte	.LASF259
 2536 0f59 1201     		.2byte	0x112
 2537 0f5b 13       		.uleb128 0x13
 2538 0f5c 650A0000 		.4byte	.LASF260
 2539 0f60 1301     		.2byte	0x113
 2540 0f62 00       		.byte	0
 2541 0f63 10       		.uleb128 0x10
 2542 0f64 01       		.byte	0x1
 2543 0f65 53000000 		.4byte	0x53
 2544 0f69 02       		.byte	0x2
 2545 0f6a E802     		.2byte	0x2e8
 2546 0f6c 890F0000 		.4byte	0xf89
 2547 0f70 11       		.uleb128 0x11
 2548 0f71 80160000 		.4byte	.LASF261
 2549 0f75 00       		.byte	0
 2550 0f76 11       		.uleb128 0x11
 2551 0f77 8A150000 		.4byte	.LASF262
 2552 0f7b 01       		.byte	0x1
 2553 0f7c 11       		.uleb128 0x11
 2554 0f7d 17160000 		.4byte	.LASF263
 2555 0f81 02       		.byte	0x2
 2556 0f82 11       		.uleb128 0x11
 2557 0f83 030A0000 		.4byte	.LASF264
 2558 0f87 03       		.byte	0x3
 2559 0f88 00       		.byte	0
 2560 0f89 0F       		.uleb128 0xf
 2561 0f8a FA0B0000 		.4byte	.LASF265
 2562 0f8e 02       		.byte	0x2
 2563 0f8f ED02     		.2byte	0x2ed
 2564 0f91 630F0000 		.4byte	0xf63
 2565 0f95 10       		.uleb128 0x10
 2566 0f96 01       		.byte	0x1
 2567 0f97 53000000 		.4byte	0x53
 2568 0f9b 02       		.byte	0x2
 2569 0f9c F302     		.2byte	0x2f3
 2570 0f9e C10F0000 		.4byte	0xfc1
 2571 0fa2 11       		.uleb128 0x11
 2572 0fa3 FB0C0000 		.4byte	.LASF266
 2573 0fa7 00       		.byte	0
 2574 0fa8 11       		.uleb128 0x11
 2575 0fa9 140D0000 		.4byte	.LASF267
 2576 0fad 01       		.byte	0x1
 2577 0fae 11       		.uleb128 0x11
 2578 0faf 2D0D0000 		.4byte	.LASF268
 2579 0fb3 02       		.byte	0x2
 2580 0fb4 11       		.uleb128 0x11
 2581 0fb5 460D0000 		.4byte	.LASF269
 2582 0fb9 03       		.byte	0x3
 2583 0fba 11       		.uleb128 0x11
 2584 0fbb 5F0D0000 		.4byte	.LASF270
 2585 0fbf 04       		.byte	0x4
 2586 0fc0 00       		.byte	0
 2587 0fc1 0F       		.uleb128 0xf
 2588 0fc2 1C0C0000 		.4byte	.LASF271
 2589 0fc6 02       		.byte	0x2
 2590 0fc7 F902     		.2byte	0x2f9
 2591 0fc9 950F0000 		.4byte	0xf95
ARM GAS  C:\Users\Finik\AppData\Local\Temp\cctwKBtC.s 			page 144


 2592 0fcd 14       		.uleb128 0x14
 2593 0fce 14       		.byte	0x14
 2594 0fcf 02       		.byte	0x2
 2595 0fd0 0203     		.2byte	0x302
 2596 0fd2 59100000 		.4byte	0x1059
 2597 0fd6 15       		.uleb128 0x15
 2598 0fd7 06050000 		.4byte	.LASF272
 2599 0fdb 02       		.byte	0x2
 2600 0fdc 0403     		.2byte	0x304
 2601 0fde CD000000 		.4byte	0xcd
 2602 0fe2 00       		.byte	0
 2603 0fe3 15       		.uleb128 0x15
 2604 0fe4 E5020000 		.4byte	.LASF273
 2605 0fe8 02       		.byte	0x2
 2606 0fe9 0503     		.2byte	0x305
 2607 0feb C2000000 		.4byte	0xc2
 2608 0fef 04       		.byte	0x4
 2609 0ff0 15       		.uleb128 0x15
 2610 0ff1 6A140000 		.4byte	.LASF274
 2611 0ff5 02       		.byte	0x2
 2612 0ff6 0603     		.2byte	0x306
 2613 0ff8 C10F0000 		.4byte	0xfc1
 2614 0ffc 06       		.byte	0x6
 2615 0ffd 15       		.uleb128 0x15
 2616 0ffe E40D0000 		.4byte	.LASF275
 2617 1002 02       		.byte	0x2
 2618 1003 0703     		.2byte	0x307
 2619 1005 59100000 		.4byte	0x1059
 2620 1009 07       		.byte	0x7
 2621 100a 15       		.uleb128 0x15
 2622 100b D7020000 		.4byte	.LASF276
 2623 100f 02       		.byte	0x2
 2624 1010 0803     		.2byte	0x308
 2625 1012 C2000000 		.4byte	0xc2
 2626 1016 08       		.byte	0x8
 2627 1017 15       		.uleb128 0x15
 2628 1018 F3070000 		.4byte	.LASF277
 2629 101c 02       		.byte	0x2
 2630 101d 0903     		.2byte	0x309
 2631 101f AC000000 		.4byte	0xac
 2632 1023 0A       		.byte	0xa
 2633 1024 15       		.uleb128 0x15
 2634 1025 D3160000 		.4byte	.LASF278
 2635 1029 02       		.byte	0x2
 2636 102a 0A03     		.2byte	0x30a
 2637 102c AC000000 		.4byte	0xac
 2638 1030 0B       		.byte	0xb
 2639 1031 15       		.uleb128 0x15
 2640 1032 87070000 		.4byte	.LASF279
 2641 1036 02       		.byte	0x2
 2642 1037 0B03     		.2byte	0x30b
 2643 1039 C2000000 		.4byte	0xc2
 2644 103d 0C       		.byte	0xc
 2645 103e 15       		.uleb128 0x15
 2646 103f 24040000 		.4byte	.LASF280
 2647 1043 02       		.byte	0x2
 2648 1044 0C03     		.2byte	0x30c
ARM GAS  C:\Users\Finik\AppData\Local\Temp\cctwKBtC.s 			page 145


 2649 1046 890F0000 		.4byte	0xf89
 2650 104a 0E       		.byte	0xe
 2651 104b 15       		.uleb128 0x15
 2652 104c F6010000 		.4byte	.LASF281
 2653 1050 02       		.byte	0x2
 2654 1051 0D03     		.2byte	0x30d
 2655 1053 C2000000 		.4byte	0xc2
 2656 1057 10       		.byte	0x10
 2657 1058 00       		.byte	0
 2658 1059 03       		.uleb128 0x3
 2659 105a 01       		.byte	0x1
 2660 105b 02       		.byte	0x2
 2661 105c 550B0000 		.4byte	.LASF282
 2662 1060 0F       		.uleb128 0xf
 2663 1061 FC150000 		.4byte	.LASF283
 2664 1065 02       		.byte	0x2
 2665 1066 0E03     		.2byte	0x30e
 2666 1068 CD0F0000 		.4byte	0xfcd
 2667 106c 10       		.uleb128 0x10
 2668 106d 01       		.byte	0x1
 2669 106e 53000000 		.4byte	0x53
 2670 1072 02       		.byte	0x2
 2671 1073 AC05     		.2byte	0x5ac
 2672 1075 DA100000 		.4byte	0x10da
 2673 1079 11       		.uleb128 0x11
 2674 107a F9070000 		.4byte	.LASF284
 2675 107e 00       		.byte	0
 2676 107f 11       		.uleb128 0x11
 2677 1080 15080000 		.4byte	.LASF285
 2678 1084 01       		.byte	0x1
 2679 1085 11       		.uleb128 0x11
 2680 1086 31080000 		.4byte	.LASF286
 2681 108a 02       		.byte	0x2
 2682 108b 11       		.uleb128 0x11
 2683 108c 4D080000 		.4byte	.LASF287
 2684 1090 03       		.byte	0x3
 2685 1091 11       		.uleb128 0x11
 2686 1092 69080000 		.4byte	.LASF288
 2687 1096 04       		.byte	0x4
 2688 1097 11       		.uleb128 0x11
 2689 1098 85080000 		.4byte	.LASF289
 2690 109c 05       		.byte	0x5
 2691 109d 11       		.uleb128 0x11
 2692 109e A1080000 		.4byte	.LASF290
 2693 10a2 06       		.byte	0x6
 2694 10a3 11       		.uleb128 0x11
 2695 10a4 BD080000 		.4byte	.LASF291
 2696 10a8 07       		.byte	0x7
 2697 10a9 11       		.uleb128 0x11
 2698 10aa D9080000 		.4byte	.LASF292
 2699 10ae 08       		.byte	0x8
 2700 10af 11       		.uleb128 0x11
 2701 10b0 F5080000 		.4byte	.LASF293
 2702 10b4 09       		.byte	0x9
 2703 10b5 11       		.uleb128 0x11
 2704 10b6 6C060000 		.4byte	.LASF294
 2705 10ba 0A       		.byte	0xa
ARM GAS  C:\Users\Finik\AppData\Local\Temp\cctwKBtC.s 			page 146


 2706 10bb 11       		.uleb128 0x11
 2707 10bc 3A100000 		.4byte	.LASF295
 2708 10c0 0B       		.byte	0xb
 2709 10c1 11       		.uleb128 0x11
 2710 10c2 57100000 		.4byte	.LASF296
 2711 10c6 0C       		.byte	0xc
 2712 10c7 11       		.uleb128 0x11
 2713 10c8 74100000 		.4byte	.LASF297
 2714 10cc 0D       		.byte	0xd
 2715 10cd 11       		.uleb128 0x11
 2716 10ce C3060000 		.4byte	.LASF298
 2717 10d2 0E       		.byte	0xe
 2718 10d3 11       		.uleb128 0x11
 2719 10d4 9B100000 		.4byte	.LASF299
 2720 10d8 0F       		.byte	0xf
 2721 10d9 00       		.byte	0
 2722 10da 0F       		.uleb128 0xf
 2723 10db 340B0000 		.4byte	.LASF300
 2724 10df 02       		.byte	0x2
 2725 10e0 BD05     		.2byte	0x5bd
 2726 10e2 6C100000 		.4byte	0x106c
 2727 10e6 10       		.uleb128 0x10
 2728 10e7 01       		.byte	0x1
 2729 10e8 53000000 		.4byte	0x53
 2730 10ec 02       		.byte	0x2
 2731 10ed C505     		.2byte	0x5c5
 2732 10ef 0C110000 		.4byte	0x110c
 2733 10f3 11       		.uleb128 0x11
 2734 10f4 84140000 		.4byte	.LASF301
 2735 10f8 00       		.byte	0
 2736 10f9 11       		.uleb128 0x11
 2737 10fa 220A0000 		.4byte	.LASF302
 2738 10fe 01       		.byte	0x1
 2739 10ff 11       		.uleb128 0x11
 2740 1100 490A0000 		.4byte	.LASF303
 2741 1104 02       		.byte	0x2
 2742 1105 11       		.uleb128 0x11
 2743 1106 7F0A0000 		.4byte	.LASF304
 2744 110a 03       		.byte	0x3
 2745 110b 00       		.byte	0
 2746 110c 0F       		.uleb128 0xf
 2747 110d 28050000 		.4byte	.LASF305
 2748 1111 02       		.byte	0x2
 2749 1112 CA05     		.2byte	0x5ca
 2750 1114 E6100000 		.4byte	0x10e6
 2751 1118 10       		.uleb128 0x10
 2752 1119 01       		.byte	0x1
 2753 111a 53000000 		.4byte	0x53
 2754 111e 02       		.byte	0x2
 2755 111f 2B09     		.2byte	0x92b
 2756 1121 3E110000 		.4byte	0x113e
 2757 1125 11       		.uleb128 0x11
 2758 1126 121B0000 		.4byte	.LASF306
 2759 112a 00       		.byte	0
 2760 112b 11       		.uleb128 0x11
 2761 112c C7010000 		.4byte	.LASF307
 2762 1130 01       		.byte	0x1
ARM GAS  C:\Users\Finik\AppData\Local\Temp\cctwKBtC.s 			page 147


 2763 1131 11       		.uleb128 0x11
 2764 1132 2D170000 		.4byte	.LASF308
 2765 1136 02       		.byte	0x2
 2766 1137 11       		.uleb128 0x11
 2767 1138 FA180000 		.4byte	.LASF309
 2768 113c 03       		.byte	0x3
 2769 113d 00       		.byte	0
 2770 113e 0F       		.uleb128 0xf
 2771 113f BA160000 		.4byte	.LASF310
 2772 1143 02       		.byte	0x2
 2773 1144 3009     		.2byte	0x930
 2774 1146 18110000 		.4byte	0x1118
 2775 114a 10       		.uleb128 0x10
 2776 114b 02       		.byte	0x2
 2777 114c 77000000 		.4byte	0x77
 2778 1150 02       		.byte	0x2
 2779 1151 6E09     		.2byte	0x96e
 2780 1153 79110000 		.4byte	0x1179
 2781 1157 11       		.uleb128 0x11
 2782 1158 BB140000 		.4byte	.LASF311
 2783 115c 00       		.byte	0
 2784 115d 11       		.uleb128 0x11
 2785 115e 650B0000 		.4byte	.LASF312
 2786 1162 01       		.byte	0x1
 2787 1163 13       		.uleb128 0x13
 2788 1164 62090000 		.4byte	.LASF313
 2789 1168 0101     		.2byte	0x101
 2790 116a 13       		.uleb128 0x13
 2791 116b 81090000 		.4byte	.LASF314
 2792 116f 0102     		.2byte	0x201
 2793 1171 13       		.uleb128 0x13
 2794 1172 C1090000 		.4byte	.LASF315
 2795 1176 0103     		.2byte	0x301
 2796 1178 00       		.byte	0
 2797 1179 0F       		.uleb128 0xf
 2798 117a 46090000 		.4byte	.LASF316
 2799 117e 02       		.byte	0x2
 2800 117f 7409     		.2byte	0x974
 2801 1181 4A110000 		.4byte	0x114a
 2802 1185 10       		.uleb128 0x10
 2803 1186 01       		.byte	0x1
 2804 1187 53000000 		.4byte	0x53
 2805 118b 02       		.byte	0x2
 2806 118c 020A     		.2byte	0xa02
 2807 118e F3110000 		.4byte	0x11f3
 2808 1192 11       		.uleb128 0x11
 2809 1193 0C030000 		.4byte	.LASF317
 2810 1197 00       		.byte	0
 2811 1198 11       		.uleb128 0x11
 2812 1199 27030000 		.4byte	.LASF318
 2813 119d 01       		.byte	0x1
 2814 119e 11       		.uleb128 0x11
 2815 119f 42030000 		.4byte	.LASF319
 2816 11a3 02       		.byte	0x2
 2817 11a4 11       		.uleb128 0x11
 2818 11a5 5D030000 		.4byte	.LASF320
 2819 11a9 03       		.byte	0x3
ARM GAS  C:\Users\Finik\AppData\Local\Temp\cctwKBtC.s 			page 148


 2820 11aa 11       		.uleb128 0x11
 2821 11ab 78030000 		.4byte	.LASF321
 2822 11af 04       		.byte	0x4
 2823 11b0 11       		.uleb128 0x11
 2824 11b1 93030000 		.4byte	.LASF322
 2825 11b5 05       		.byte	0x5
 2826 11b6 11       		.uleb128 0x11
 2827 11b7 AE030000 		.4byte	.LASF323
 2828 11bb 06       		.byte	0x6
 2829 11bc 11       		.uleb128 0x11
 2830 11bd C9030000 		.4byte	.LASF324
 2831 11c1 07       		.byte	0x7
 2832 11c2 11       		.uleb128 0x11
 2833 11c3 E41A0000 		.4byte	.LASF325
 2834 11c7 08       		.byte	0x8
 2835 11c8 11       		.uleb128 0x11
 2836 11c9 F4030000 		.4byte	.LASF326
 2837 11cd 09       		.byte	0x9
 2838 11ce 11       		.uleb128 0x11
 2839 11cf CE170000 		.4byte	.LASF327
 2840 11d3 0A       		.byte	0xa
 2841 11d4 11       		.uleb128 0x11
 2842 11d5 1E100000 		.4byte	.LASF328
 2843 11d9 0B       		.byte	0xb
 2844 11da 11       		.uleb128 0x11
 2845 11db F5170000 		.4byte	.LASF329
 2846 11df 0C       		.byte	0xc
 2847 11e0 11       		.uleb128 0x11
 2848 11e1 11180000 		.4byte	.LASF330
 2849 11e5 0D       		.byte	0xd
 2850 11e6 11       		.uleb128 0x11
 2851 11e7 2D180000 		.4byte	.LASF331
 2852 11eb 0E       		.byte	0xe
 2853 11ec 11       		.uleb128 0x11
 2854 11ed 49180000 		.4byte	.LASF332
 2855 11f1 0F       		.byte	0xf
 2856 11f2 00       		.byte	0
 2857 11f3 0F       		.uleb128 0xf
 2858 11f4 AC010000 		.4byte	.LASF333
 2859 11f8 02       		.byte	0x2
 2860 11f9 130A     		.2byte	0xa13
 2861 11fb 85110000 		.4byte	0x1185
 2862 11ff 10       		.uleb128 0x10
 2863 1200 01       		.byte	0x1
 2864 1201 53000000 		.4byte	0x53
 2865 1205 02       		.byte	0x2
 2866 1206 1B0A     		.2byte	0xa1b
 2867 1208 2B120000 		.4byte	0x122b
 2868 120c 11       		.uleb128 0x11
 2869 120d 5E110000 		.4byte	.LASF334
 2870 1211 00       		.byte	0
 2871 1212 11       		.uleb128 0x11
 2872 1213 901A0000 		.4byte	.LASF335
 2873 1217 01       		.byte	0x1
 2874 1218 11       		.uleb128 0x11
 2875 1219 A51A0000 		.4byte	.LASF336
 2876 121d 02       		.byte	0x2
ARM GAS  C:\Users\Finik\AppData\Local\Temp\cctwKBtC.s 			page 149


 2877 121e 11       		.uleb128 0x11
 2878 121f BA1A0000 		.4byte	.LASF337
 2879 1223 03       		.byte	0x3
 2880 1224 11       		.uleb128 0x11
 2881 1225 2D120000 		.4byte	.LASF338
 2882 1229 04       		.byte	0x4
 2883 122a 00       		.byte	0
 2884 122b 0F       		.uleb128 0xf
 2885 122c 38060000 		.4byte	.LASF339
 2886 1230 02       		.byte	0x2
 2887 1231 210A     		.2byte	0xa21
 2888 1233 FF110000 		.4byte	0x11ff
 2889 1237 10       		.uleb128 0x10
 2890 1238 01       		.byte	0x1
 2891 1239 53000000 		.4byte	0x53
 2892 123d 02       		.byte	0x2
 2893 123e B20A     		.2byte	0xab2
 2894 1240 51120000 		.4byte	0x1251
 2895 1244 11       		.uleb128 0x11
 2896 1245 8D000000 		.4byte	.LASF340
 2897 1249 00       		.byte	0
 2898 124a 11       		.uleb128 0x11
 2899 124b 20140000 		.4byte	.LASF341
 2900 124f 01       		.byte	0x1
 2901 1250 00       		.byte	0
 2902 1251 0F       		.uleb128 0xf
 2903 1252 F10E0000 		.4byte	.LASF342
 2904 1256 02       		.byte	0x2
 2905 1257 B50A     		.2byte	0xab5
 2906 1259 37120000 		.4byte	0x1237
 2907 125d 16       		.uleb128 0x16
 2908 125e 01       		.byte	0x1
 2909 125f 53000000 		.4byte	0x53
 2910 1263 0D       		.byte	0xd
 2911 1264 7B       		.byte	0x7b
 2912 1265 88120000 		.4byte	0x1288
 2913 1269 11       		.uleb128 0x11
 2914 126a E2050000 		.4byte	.LASF343
 2915 126e 00       		.byte	0
 2916 126f 11       		.uleb128 0x11
 2917 1270 EC020000 		.4byte	.LASF344
 2918 1274 01       		.byte	0x1
 2919 1275 11       		.uleb128 0x11
 2920 1276 0F060000 		.4byte	.LASF345
 2921 127a 02       		.byte	0x2
 2922 127b 11       		.uleb128 0x11
 2923 127c C0190000 		.4byte	.LASF346
 2924 1280 03       		.byte	0x3
 2925 1281 11       		.uleb128 0x11
 2926 1282 A0190000 		.4byte	.LASF347
 2927 1286 04       		.byte	0x4
 2928 1287 00       		.byte	0
 2929 1288 17       		.uleb128 0x17
 2930 1289 830C0000 		.4byte	.LASF348
 2931 128d 02       		.byte	0x2
 2932 128e 0606     		.2byte	0x606
 2933 1290 080F0000 		.4byte	0xf08
ARM GAS  C:\Users\Finik\AppData\Local\Temp\cctwKBtC.s 			page 150


 2934 1294 03       		.byte	0x3
 2935 1295 B2120000 		.4byte	0x12b2
 2936 1299 18       		.uleb128 0x18
 2937 129a 87000000 		.4byte	.LASF350
 2938 129e 02       		.byte	0x2
 2939 129f 0606     		.2byte	0x606
 2940 12a1 CD000000 		.4byte	0xcd
 2941 12a5 19       		.uleb128 0x19
 2942 12a6 79160000 		.4byte	.LASF352
 2943 12aa 02       		.byte	0x2
 2944 12ab 0806     		.2byte	0x608
 2945 12ad 080F0000 		.4byte	0xf08
 2946 12b1 00       		.byte	0
 2947 12b2 17       		.uleb128 0x17
 2948 12b3 450E0000 		.4byte	.LASF349
 2949 12b7 02       		.byte	0x2
 2950 12b8 8606     		.2byte	0x686
 2951 12ba 080F0000 		.4byte	0xf08
 2952 12be 03       		.byte	0x3
 2953 12bf E8120000 		.4byte	0x12e8
 2954 12c3 18       		.uleb128 0x18
 2955 12c4 87000000 		.4byte	.LASF350
 2956 12c8 02       		.byte	0x2
 2957 12c9 8606     		.2byte	0x686
 2958 12cb CD000000 		.4byte	0xcd
 2959 12cf 18       		.uleb128 0x18
 2960 12d0 51130000 		.4byte	.LASF351
 2961 12d4 02       		.byte	0x2
 2962 12d5 8606     		.2byte	0x686
 2963 12d7 0C110000 		.4byte	0x110c
 2964 12db 19       		.uleb128 0x19
 2965 12dc 79160000 		.4byte	.LASF352
 2966 12e0 02       		.byte	0x2
 2967 12e1 8806     		.2byte	0x688
 2968 12e3 080F0000 		.4byte	0xf08
 2969 12e7 00       		.byte	0
 2970 12e8 17       		.uleb128 0x17
 2971 12e9 DA100000 		.4byte	.LASF353
 2972 12ed 02       		.byte	0x2
 2973 12ee 4906     		.2byte	0x649
 2974 12f0 080F0000 		.4byte	0xf08
 2975 12f4 03       		.byte	0x3
 2976 12f5 1E130000 		.4byte	0x131e
 2977 12f9 18       		.uleb128 0x18
 2978 12fa 87000000 		.4byte	.LASF350
 2979 12fe 02       		.byte	0x2
 2980 12ff 4906     		.2byte	0x649
 2981 1301 CD000000 		.4byte	0xcd
 2982 1305 18       		.uleb128 0x18
 2983 1306 47150000 		.4byte	.LASF354
 2984 130a 02       		.byte	0x2
 2985 130b 4906     		.2byte	0x649
 2986 130d DA100000 		.4byte	0x10da
 2987 1311 19       		.uleb128 0x19
 2988 1312 79160000 		.4byte	.LASF352
 2989 1316 02       		.byte	0x2
 2990 1317 4B06     		.2byte	0x64b
ARM GAS  C:\Users\Finik\AppData\Local\Temp\cctwKBtC.s 			page 151


 2991 1319 080F0000 		.4byte	0xf08
 2992 131d 00       		.byte	0
 2993 131e 1A       		.uleb128 0x1a
 2994 131f 70050000 		.4byte	.LASF355
 2995 1323 02       		.byte	0x2
 2996 1324 0609     		.2byte	0x906
 2997 1326 03       		.byte	0x3
 2998 1327 38130000 		.4byte	0x1338
 2999 132b 18       		.uleb128 0x18
 3000 132c 51130000 		.4byte	.LASF351
 3001 1330 02       		.byte	0x2
 3002 1331 0609     		.2byte	0x906
 3003 1333 AC000000 		.4byte	0xac
 3004 1337 00       		.byte	0
 3005 1338 1A       		.uleb128 0x1a
 3006 1339 2A090000 		.4byte	.LASF356
 3007 133d 02       		.byte	0x2
 3008 133e FF06     		.2byte	0x6ff
 3009 1340 03       		.byte	0x3
 3010 1341 52130000 		.4byte	0x1352
 3011 1345 18       		.uleb128 0x18
 3012 1346 51130000 		.4byte	.LASF351
 3013 134a 02       		.byte	0x2
 3014 134b FF06     		.2byte	0x6ff
 3015 134d AC000000 		.4byte	0xac
 3016 1351 00       		.byte	0
 3017 1352 1A       		.uleb128 0x1a
 3018 1353 78180000 		.4byte	.LASF357
 3019 1357 02       		.byte	0x2
 3020 1358 CA06     		.2byte	0x6ca
 3021 135a 03       		.byte	0x3
 3022 135b 6C130000 		.4byte	0x136c
 3023 135f 18       		.uleb128 0x18
 3024 1360 51130000 		.4byte	.LASF351
 3025 1364 02       		.byte	0x2
 3026 1365 CA06     		.2byte	0x6ca
 3027 1367 AC000000 		.4byte	0xac
 3028 136b 00       		.byte	0
 3029 136c 1A       		.uleb128 0x1a
 3030 136d 94180000 		.4byte	.LASF358
 3031 1371 02       		.byte	0x2
 3032 1372 4809     		.2byte	0x948
 3033 1374 03       		.byte	0x3
 3034 1375 86130000 		.4byte	0x1386
 3035 1379 18       		.uleb128 0x18
 3036 137a 47150000 		.4byte	.LASF354
 3037 137e 02       		.byte	0x2
 3038 137f 4809     		.2byte	0x948
 3039 1381 3E110000 		.4byte	0x113e
 3040 1385 00       		.byte	0
 3041 1386 1A       		.uleb128 0x1a
 3042 1387 771A0000 		.4byte	.LASF359
 3043 138b 02       		.byte	0x2
 3044 138c 2704     		.2byte	0x427
 3045 138e 03       		.byte	0x3
 3046 138f 9F130000 		.4byte	0x139f
 3047 1393 1B       		.uleb128 0x1b
ARM GAS  C:\Users\Finik\AppData\Local\Temp\cctwKBtC.s 			page 152


 3048 1394 6F6E00   		.ascii	"on\000"
 3049 1397 02       		.byte	0x2
 3050 1398 2704     		.2byte	0x427
 3051 139a 59100000 		.4byte	0x1059
 3052 139e 00       		.byte	0
 3053 139f 1C       		.uleb128 0x1c
 3054 13a0 FB130000 		.4byte	.LASF361
 3055 13a4 02       		.byte	0x2
 3056 13a5 F403     		.2byte	0x3f4
 3057 13a7 03       		.byte	0x3
 3058 13a8 1A       		.uleb128 0x1a
 3059 13a9 3B0F0000 		.4byte	.LASF360
 3060 13ad 02       		.byte	0x2
 3061 13ae D00A     		.2byte	0xad0
 3062 13b0 03       		.byte	0x3
 3063 13b1 C2130000 		.4byte	0x13c2
 3064 13b5 18       		.uleb128 0x18
 3065 13b6 47150000 		.4byte	.LASF354
 3066 13ba 02       		.byte	0x2
 3067 13bb D00A     		.2byte	0xad0
 3068 13bd 51120000 		.4byte	0x1251
 3069 13c1 00       		.byte	0
 3070 13c2 1C       		.uleb128 0x1c
 3071 13c3 19020000 		.4byte	.LASF362
 3072 13c7 02       		.byte	0x2
 3073 13c8 8F0A     		.2byte	0xa8f
 3074 13ca 03       		.byte	0x3
 3075 13cb 1A       		.uleb128 0x1a
 3076 13cc 3F050000 		.4byte	.LASF363
 3077 13d0 02       		.byte	0x2
 3078 13d1 6D0A     		.2byte	0xa6d
 3079 13d3 03       		.byte	0x3
 3080 13d4 E5130000 		.4byte	0x13e5
 3081 13d8 18       		.uleb128 0x18
 3082 13d9 51130000 		.4byte	.LASF351
 3083 13dd 02       		.byte	0x2
 3084 13de 6D0A     		.2byte	0xa6d
 3085 13e0 2B120000 		.4byte	0x122b
 3086 13e4 00       		.byte	0
 3087 13e5 1A       		.uleb128 0x1a
 3088 13e6 0E070000 		.4byte	.LASF364
 3089 13ea 02       		.byte	0x2
 3090 13eb 470A     		.2byte	0xa47
 3091 13ed 03       		.byte	0x3
 3092 13ee FF130000 		.4byte	0x13ff
 3093 13f2 18       		.uleb128 0x18
 3094 13f3 47150000 		.4byte	.LASF354
 3095 13f7 02       		.byte	0x2
 3096 13f8 470A     		.2byte	0xa47
 3097 13fa F3110000 		.4byte	0x11f3
 3098 13fe 00       		.byte	0
 3099 13ff 1C       		.uleb128 0x1c
 3100 1400 96020000 		.4byte	.LASF365
 3101 1404 02       		.byte	0x2
 3102 1405 DF09     		.2byte	0x9df
 3103 1407 03       		.byte	0x3
 3104 1408 1A       		.uleb128 0x1a
ARM GAS  C:\Users\Finik\AppData\Local\Temp\cctwKBtC.s 			page 153


 3105 1409 4F060000 		.4byte	.LASF366
 3106 140d 02       		.byte	0x2
 3107 140e BE09     		.2byte	0x9be
 3108 1410 03       		.byte	0x3
 3109 1411 22140000 		.4byte	0x1422
 3110 1415 18       		.uleb128 0x18
 3111 1416 51130000 		.4byte	.LASF351
 3112 141a 02       		.byte	0x2
 3113 141b BE09     		.2byte	0x9be
 3114 141d AC000000 		.4byte	0xac
 3115 1421 00       		.byte	0
 3116 1422 1A       		.uleb128 0x1a
 3117 1423 7E010000 		.4byte	.LASF367
 3118 1427 02       		.byte	0x2
 3119 1428 9509     		.2byte	0x995
 3120 142a 03       		.byte	0x3
 3121 142b 3C140000 		.4byte	0x143c
 3122 142f 18       		.uleb128 0x18
 3123 1430 47150000 		.4byte	.LASF354
 3124 1434 02       		.byte	0x2
 3125 1435 9509     		.2byte	0x995
 3126 1437 79110000 		.4byte	0x1179
 3127 143b 00       		.byte	0
 3128 143c 17       		.uleb128 0x17
 3129 143d CF1A0000 		.4byte	.LASF368
 3130 1441 02       		.byte	0x2
 3131 1442 0B04     		.2byte	0x40b
 3132 1444 080F0000 		.4byte	0xf08
 3133 1448 03       		.byte	0x3
 3134 1449 5A140000 		.4byte	0x145a
 3135 144d 19       		.uleb128 0x19
 3136 144e 79160000 		.4byte	.LASF352
 3137 1452 02       		.byte	0x2
 3138 1453 0D04     		.2byte	0x40d
 3139 1455 080F0000 		.4byte	0xf08
 3140 1459 00       		.byte	0
 3141 145a 1C       		.uleb128 0x1c
 3142 145b CB150000 		.4byte	.LASF369
 3143 145f 03       		.byte	0x3
 3144 1460 2E09     		.2byte	0x92e
 3145 1462 03       		.byte	0x3
 3146 1463 1C       		.uleb128 0x1c
 3147 1464 78040000 		.4byte	.LASF370
 3148 1468 03       		.byte	0x3
 3149 1469 6109     		.2byte	0x961
 3150 146b 03       		.byte	0x3
 3151 146c 1D       		.uleb128 0x1d
 3152 146d 55020000 		.4byte	.LASF390
 3153 1471 01       		.byte	0x1
 3154 1472 82       		.byte	0x82
 3155 1473 00000000 		.4byte	.LFB187
 3156 1477 02000000 		.4byte	.LFE187-.LFB187
 3157 147b 01       		.uleb128 0x1
 3158 147c 9C       		.byte	0x9c
 3159 147d 8F140000 		.4byte	0x148f
 3160 1481 1E       		.uleb128 0x1e
 3161 1482 46160000 		.4byte	.LASF391
ARM GAS  C:\Users\Finik\AppData\Local\Temp\cctwKBtC.s 			page 154


 3162 1486 01       		.byte	0x1
 3163 1487 82       		.byte	0x82
 3164 1488 270E0000 		.4byte	0xe27
 3165 148c 01       		.uleb128 0x1
 3166 148d 50       		.byte	0x50
 3167 148e 00       		.byte	0
 3168 148f 1F       		.uleb128 0x1f
 3169 1490 A9160000 		.4byte	.LASF392
 3170 1494 01       		.byte	0x1
 3171 1495 94       		.byte	0x94
 3172 1496 00000000 		.4byte	.LFB188
 3173 149a A4010000 		.4byte	.LFE188-.LFB188
 3174 149e 01       		.uleb128 0x1
 3175 149f 9C       		.byte	0x9c
 3176 14a0 AE170000 		.4byte	0x17ae
 3177 14a4 20       		.uleb128 0x20
 3178 14a5 3E0E0000 		.4byte	.LASF371
 3179 14a9 01       		.byte	0x1
 3180 14aa 96       		.byte	0x96
 3181 14ab CD000000 		.4byte	0xcd
 3182 14af 00000000 		.4byte	.LLST0
 3183 14b3 21       		.uleb128 0x21
 3184 14b4 6C130000 		.4byte	0x136c
 3185 14b8 04000000 		.4byte	.LBB48
 3186 14bc 0E000000 		.4byte	.LBE48-.LBB48
 3187 14c0 01       		.byte	0x1
 3188 14c1 99       		.byte	0x99
 3189 14c2 D0140000 		.4byte	0x14d0
 3190 14c6 22       		.uleb128 0x22
 3191 14c7 79130000 		.4byte	0x1379
 3192 14cb 34000000 		.4byte	.LLST1
 3193 14cf 00       		.byte	0
 3194 14d0 21       		.uleb128 0x21
 3195 14d1 52130000 		.4byte	0x1352
 3196 14d5 12000000 		.4byte	.LBB50
 3197 14d9 14000000 		.4byte	.LBE50-.LBB50
 3198 14dd 01       		.byte	0x1
 3199 14de 9C       		.byte	0x9c
 3200 14df ED140000 		.4byte	0x14ed
 3201 14e3 22       		.uleb128 0x22
 3202 14e4 5F130000 		.4byte	0x135f
 3203 14e8 48000000 		.4byte	.LLST2
 3204 14ec 00       		.byte	0
 3205 14ed 21       		.uleb128 0x21
 3206 14ee 38130000 		.4byte	0x1338
 3207 14f2 26000000 		.4byte	.LBB52
 3208 14f6 18000000 		.4byte	.LBE52-.LBB52
 3209 14fa 01       		.byte	0x1
 3210 14fb 9D       		.byte	0x9d
 3211 14fc 0A150000 		.4byte	0x150a
 3212 1500 22       		.uleb128 0x22
 3213 1501 45130000 		.4byte	0x1345
 3214 1505 5C000000 		.4byte	.LLST3
 3215 1509 00       		.byte	0
 3216 150a 21       		.uleb128 0x21
 3217 150b 1E130000 		.4byte	0x131e
 3218 150f 3E000000 		.4byte	.LBB54
ARM GAS  C:\Users\Finik\AppData\Local\Temp\cctwKBtC.s 			page 155


 3219 1513 0E000000 		.4byte	.LBE54-.LBB54
 3220 1517 01       		.byte	0x1
 3221 1518 9E       		.byte	0x9e
 3222 1519 27150000 		.4byte	0x1527
 3223 151d 22       		.uleb128 0x22
 3224 151e 2B130000 		.4byte	0x132b
 3225 1522 70000000 		.4byte	.LLST4
 3226 1526 00       		.byte	0
 3227 1527 21       		.uleb128 0x21
 3228 1528 E8120000 		.4byte	0x12e8
 3229 152c 4C000000 		.4byte	.LBB56
 3230 1530 18000000 		.4byte	.LBE56-.LBB56
 3231 1534 01       		.byte	0x1
 3232 1535 A1       		.byte	0xa1
 3233 1536 60150000 		.4byte	0x1560
 3234 153a 22       		.uleb128 0x22
 3235 153b 05130000 		.4byte	0x1305
 3236 153f 84000000 		.4byte	.LLST5
 3237 1543 22       		.uleb128 0x22
 3238 1544 F9120000 		.4byte	0x12f9
 3239 1548 84000000 		.4byte	.LLST5
 3240 154c 23       		.uleb128 0x23
 3241 154d 4C000000 		.4byte	.LBB57
 3242 1551 18000000 		.4byte	.LBE57-.LBB57
 3243 1555 24       		.uleb128 0x24
 3244 1556 11130000 		.4byte	0x1311
 3245 155a 98000000 		.4byte	.LLST7
 3246 155e 00       		.byte	0
 3247 155f 00       		.byte	0
 3248 1560 21       		.uleb128 0x21
 3249 1561 B2120000 		.4byte	0x12b2
 3250 1565 64000000 		.4byte	.LBB58
 3251 1569 16000000 		.4byte	.LBE58-.LBB58
 3252 156d 01       		.byte	0x1
 3253 156e A2       		.byte	0xa2
 3254 156f 99150000 		.4byte	0x1599
 3255 1573 22       		.uleb128 0x22
 3256 1574 CF120000 		.4byte	0x12cf
 3257 1578 B0000000 		.4byte	.LLST8
 3258 157c 22       		.uleb128 0x22
 3259 157d C3120000 		.4byte	0x12c3
 3260 1581 B0000000 		.4byte	.LLST8
 3261 1585 23       		.uleb128 0x23
 3262 1586 64000000 		.4byte	.LBB59
 3263 158a 16000000 		.4byte	.LBE59-.LBB59
 3264 158e 24       		.uleb128 0x24
 3265 158f DB120000 		.4byte	0x12db
 3266 1593 C4000000 		.4byte	.LLST10
 3267 1597 00       		.byte	0
 3268 1598 00       		.byte	0
 3269 1599 21       		.uleb128 0x21
 3270 159a 88120000 		.4byte	0x1288
 3271 159e 7A000000 		.4byte	.LBB60
 3272 15a2 18000000 		.4byte	.LBE60-.LBB60
 3273 15a6 01       		.byte	0x1
 3274 15a7 A3       		.byte	0xa3
 3275 15a8 C9150000 		.4byte	0x15c9
ARM GAS  C:\Users\Finik\AppData\Local\Temp\cctwKBtC.s 			page 156


 3276 15ac 22       		.uleb128 0x22
 3277 15ad 99120000 		.4byte	0x1299
 3278 15b1 DC000000 		.4byte	.LLST11
 3279 15b5 23       		.uleb128 0x23
 3280 15b6 7A000000 		.4byte	.LBB61
 3281 15ba 18000000 		.4byte	.LBE61-.LBB61
 3282 15be 24       		.uleb128 0x24
 3283 15bf A5120000 		.4byte	0x12a5
 3284 15c3 F0000000 		.4byte	.LLST12
 3285 15c7 00       		.byte	0
 3286 15c8 00       		.byte	0
 3287 15c9 25       		.uleb128 0x25
 3288 15ca BA000000 		.4byte	.LBB62
 3289 15ce 1E000000 		.4byte	.LBE62-.LBB62
 3290 15d2 08160000 		.4byte	0x1608
 3291 15d6 26       		.uleb128 0x26
 3292 15d7 58040000 		.4byte	.LASF372
 3293 15db 01       		.byte	0x1
 3294 15dc AC       		.byte	0xac
 3295 15dd AE170000 		.4byte	0x17ae
 3296 15e1 02       		.uleb128 0x2
 3297 15e2 91       		.byte	0x91
 3298 15e3 5C       		.sleb128 -36
 3299 15e4 27       		.uleb128 0x27
 3300 15e5 CE000000 		.4byte	.LVL14
 3301 15e9 B1190000 		.4byte	0x19b1
 3302 15ed F8150000 		.4byte	0x15f8
 3303 15f1 28       		.uleb128 0x28
 3304 15f2 01       		.uleb128 0x1
 3305 15f3 50       		.byte	0x50
 3306 15f4 02       		.uleb128 0x2
 3307 15f5 91       		.byte	0x91
 3308 15f6 5C       		.sleb128 -36
 3309 15f7 00       		.byte	0
 3310 15f8 29       		.uleb128 0x29
 3311 15f9 D8000000 		.4byte	.LVL16
 3312 15fd 6C140000 		.4byte	0x146c
 3313 1601 28       		.uleb128 0x28
 3314 1602 01       		.uleb128 0x1
 3315 1603 50       		.byte	0x50
 3316 1604 01       		.uleb128 0x1
 3317 1605 34       		.byte	0x34
 3318 1606 00       		.byte	0
 3319 1607 00       		.byte	0
 3320 1608 21       		.uleb128 0x21
 3321 1609 22140000 		.4byte	0x1422
 3322 160d F6000000 		.4byte	.LBB63
 3323 1611 0C000000 		.4byte	.LBE63-.LBB63
 3324 1615 01       		.byte	0x1
 3325 1616 C7       		.byte	0xc7
 3326 1617 25160000 		.4byte	0x1625
 3327 161b 22       		.uleb128 0x22
 3328 161c 2F140000 		.4byte	0x142f
 3329 1620 08010000 		.4byte	.LLST13
 3330 1624 00       		.byte	0
 3331 1625 21       		.uleb128 0x21
 3332 1626 08140000 		.4byte	0x1408
ARM GAS  C:\Users\Finik\AppData\Local\Temp\cctwKBtC.s 			page 157


 3333 162a 02010000 		.4byte	.LBB65
 3334 162e 08000000 		.4byte	.LBE65-.LBB65
 3335 1632 01       		.byte	0x1
 3336 1633 C8       		.byte	0xc8
 3337 1634 42160000 		.4byte	0x1642
 3338 1638 22       		.uleb128 0x22
 3339 1639 15140000 		.4byte	0x1415
 3340 163d 1C010000 		.4byte	.LLST14
 3341 1641 00       		.byte	0
 3342 1642 2A       		.uleb128 0x2a
 3343 1643 FF130000 		.4byte	0x13ff
 3344 1647 0A010000 		.4byte	.LBB67
 3345 164b 0A000000 		.4byte	.LBE67-.LBB67
 3346 164f 01       		.byte	0x1
 3347 1650 C9       		.byte	0xc9
 3348 1651 21       		.uleb128 0x21
 3349 1652 E5130000 		.4byte	0x13e5
 3350 1656 14010000 		.4byte	.LBB69
 3351 165a 0A000000 		.4byte	.LBE69-.LBB69
 3352 165e 01       		.byte	0x1
 3353 165f CA       		.byte	0xca
 3354 1660 6E160000 		.4byte	0x166e
 3355 1664 22       		.uleb128 0x22
 3356 1665 F2130000 		.4byte	0x13f2
 3357 1669 30010000 		.4byte	.LLST15
 3358 166d 00       		.byte	0
 3359 166e 21       		.uleb128 0x21
 3360 166f CB130000 		.4byte	0x13cb
 3361 1673 1E010000 		.4byte	.LBB71
 3362 1677 0E000000 		.4byte	.LBE71-.LBB71
 3363 167b 01       		.byte	0x1
 3364 167c CB       		.byte	0xcb
 3365 167d 8B160000 		.4byte	0x168b
 3366 1681 22       		.uleb128 0x22
 3367 1682 D8130000 		.4byte	0x13d8
 3368 1686 44010000 		.4byte	.LLST16
 3369 168a 00       		.byte	0
 3370 168b 2A       		.uleb128 0x2a
 3371 168c C2130000 		.4byte	0x13c2
 3372 1690 2C010000 		.4byte	.LBB73
 3373 1694 0A000000 		.4byte	.LBE73-.LBB73
 3374 1698 01       		.byte	0x1
 3375 1699 CC       		.byte	0xcc
 3376 169a 21       		.uleb128 0x21
 3377 169b A8130000 		.4byte	0x13a8
 3378 169f 36010000 		.4byte	.LBB75
 3379 16a3 10000000 		.4byte	.LBE75-.LBB75
 3380 16a7 01       		.byte	0x1
 3381 16a8 CD       		.byte	0xcd
 3382 16a9 B7160000 		.4byte	0x16b7
 3383 16ad 22       		.uleb128 0x22
 3384 16ae B5130000 		.4byte	0x13b5
 3385 16b2 58010000 		.4byte	.LLST17
 3386 16b6 00       		.byte	0
 3387 16b7 2A       		.uleb128 0x2a
 3388 16b8 9F130000 		.4byte	0x139f
 3389 16bc 4C010000 		.4byte	.LBB77
ARM GAS  C:\Users\Finik\AppData\Local\Temp\cctwKBtC.s 			page 158


 3390 16c0 08000000 		.4byte	.LBE77-.LBB77
 3391 16c4 01       		.byte	0x1
 3392 16c5 CF       		.byte	0xcf
 3393 16c6 21       		.uleb128 0x21
 3394 16c7 86130000 		.4byte	0x1386
 3395 16cb 54010000 		.4byte	.LBB79
 3396 16cf 0A000000 		.4byte	.LBE79-.LBB79
 3397 16d3 01       		.byte	0x1
 3398 16d4 D0       		.byte	0xd0
 3399 16d5 E3160000 		.4byte	0x16e3
 3400 16d9 22       		.uleb128 0x22
 3401 16da 93130000 		.4byte	0x1393
 3402 16de 6C010000 		.4byte	.LLST18
 3403 16e2 00       		.byte	0
 3404 16e3 27       		.uleb128 0x27
 3405 16e4 9A000000 		.4byte	.LVL9
 3406 16e8 BD190000 		.4byte	0x19bd
 3407 16ec FB160000 		.4byte	0x16fb
 3408 16f0 28       		.uleb128 0x28
 3409 16f1 01       		.uleb128 0x1
 3410 16f2 50       		.byte	0x50
 3411 16f3 01       		.uleb128 0x1
 3412 16f4 31       		.byte	0x31
 3413 16f5 28       		.uleb128 0x28
 3414 16f6 01       		.uleb128 0x1
 3415 16f7 51       		.byte	0x51
 3416 16f8 01       		.uleb128 0x1
 3417 16f9 30       		.byte	0x30
 3418 16fa 00       		.byte	0
 3419 16fb 27       		.uleb128 0x27
 3420 16fc A2000000 		.4byte	.LVL10
 3421 1700 BD190000 		.4byte	0x19bd
 3422 1704 13170000 		.4byte	0x1713
 3423 1708 28       		.uleb128 0x28
 3424 1709 01       		.uleb128 0x1
 3425 170a 50       		.byte	0x50
 3426 170b 01       		.uleb128 0x1
 3427 170c 32       		.byte	0x32
 3428 170d 28       		.uleb128 0x28
 3429 170e 01       		.uleb128 0x1
 3430 170f 51       		.byte	0x51
 3431 1710 01       		.uleb128 0x1
 3432 1711 30       		.byte	0x30
 3433 1712 00       		.byte	0
 3434 1713 27       		.uleb128 0x27
 3435 1714 AA000000 		.4byte	.LVL11
 3436 1718 BD190000 		.4byte	0x19bd
 3437 171c 2B170000 		.4byte	0x172b
 3438 1720 28       		.uleb128 0x28
 3439 1721 01       		.uleb128 0x1
 3440 1722 50       		.byte	0x50
 3441 1723 01       		.uleb128 0x1
 3442 1724 33       		.byte	0x33
 3443 1725 28       		.uleb128 0x28
 3444 1726 01       		.uleb128 0x1
 3445 1727 51       		.byte	0x51
 3446 1728 01       		.uleb128 0x1
ARM GAS  C:\Users\Finik\AppData\Local\Temp\cctwKBtC.s 			page 159


 3447 1729 30       		.byte	0x30
 3448 172a 00       		.byte	0
 3449 172b 27       		.uleb128 0x27
 3450 172c B2000000 		.4byte	.LVL12
 3451 1730 BD190000 		.4byte	0x19bd
 3452 1734 43170000 		.4byte	0x1743
 3453 1738 28       		.uleb128 0x28
 3454 1739 01       		.uleb128 0x1
 3455 173a 50       		.byte	0x50
 3456 173b 01       		.uleb128 0x1
 3457 173c 34       		.byte	0x34
 3458 173d 28       		.uleb128 0x28
 3459 173e 01       		.uleb128 0x1
 3460 173f 51       		.byte	0x51
 3461 1740 01       		.uleb128 0x1
 3462 1741 30       		.byte	0x30
 3463 1742 00       		.byte	0
 3464 1743 27       		.uleb128 0x27
 3465 1744 BA000000 		.4byte	.LVL13
 3466 1748 BD190000 		.4byte	0x19bd
 3467 174c 5B170000 		.4byte	0x175b
 3468 1750 28       		.uleb128 0x28
 3469 1751 01       		.uleb128 0x1
 3470 1752 50       		.byte	0x50
 3471 1753 01       		.uleb128 0x1
 3472 1754 30       		.byte	0x30
 3473 1755 28       		.uleb128 0x28
 3474 1756 01       		.uleb128 0x1
 3475 1757 51       		.byte	0x51
 3476 1758 01       		.uleb128 0x1
 3477 1759 30       		.byte	0x30
 3478 175a 00       		.byte	0
 3479 175b 27       		.uleb128 0x27
 3480 175c EC000000 		.4byte	.LVL18
 3481 1760 C9190000 		.4byte	0x19c9
 3482 1764 72170000 		.4byte	0x1772
 3483 1768 28       		.uleb128 0x28
 3484 1769 01       		.uleb128 0x1
 3485 176a 50       		.byte	0x50
 3486 176b 05       		.uleb128 0x5
 3487 176c 0C       		.byte	0xc
 3488 176d 400D0300 		.4byte	0x30d40
 3489 1771 00       		.byte	0
 3490 1772 27       		.uleb128 0x27
 3491 1773 F6000000 		.4byte	.LVL20
 3492 1777 6C140000 		.4byte	0x146c
 3493 177b 85170000 		.4byte	0x1785
 3494 177f 28       		.uleb128 0x28
 3495 1780 01       		.uleb128 0x1
 3496 1781 50       		.byte	0x50
 3497 1782 01       		.uleb128 0x1
 3498 1783 34       		.byte	0x34
 3499 1784 00       		.byte	0
 3500 1785 27       		.uleb128 0x27
 3501 1786 4C010000 		.4byte	.LVL29
 3502 178a D5190000 		.4byte	0x19d5
 3503 178e 98170000 		.4byte	0x1798
ARM GAS  C:\Users\Finik\AppData\Local\Temp\cctwKBtC.s 			page 160


 3504 1792 28       		.uleb128 0x28
 3505 1793 01       		.uleb128 0x1
 3506 1794 50       		.byte	0x50
 3507 1795 01       		.uleb128 0x1
 3508 1796 30       		.byte	0x30
 3509 1797 00       		.byte	0
 3510 1798 29       		.uleb128 0x29
 3511 1799 66010000 		.4byte	.LVL32
 3512 179d E0190000 		.4byte	0x19e0
 3513 17a1 28       		.uleb128 0x28
 3514 17a2 01       		.uleb128 0x1
 3515 17a3 50       		.byte	0x50
 3516 17a4 01       		.uleb128 0x1
 3517 17a5 30       		.byte	0x30
 3518 17a6 28       		.uleb128 0x28
 3519 17a7 01       		.uleb128 0x1
 3520 17a8 51       		.byte	0x51
 3521 17a9 02       		.uleb128 0x2
 3522 17aa 08       		.byte	0x8
 3523 17ab 64       		.byte	0x64
 3524 17ac 00       		.byte	0
 3525 17ad 00       		.byte	0
 3526 17ae 06       		.uleb128 0x6
 3527 17af 60100000 		.4byte	0x1060
 3528 17b3 2B       		.uleb128 0x2b
 3529 17b4 ED0C0000 		.4byte	.LASF393
 3530 17b8 01       		.byte	0x1
 3531 17b9 0201     		.2byte	0x102
 3532 17bb 00000000 		.4byte	.LFB190
 3533 17bf 2C010000 		.4byte	.LFE190-.LFB190
 3534 17c3 01       		.uleb128 0x1
 3535 17c4 9C       		.byte	0x9c
 3536 17c5 96190000 		.4byte	0x1996
 3537 17c9 2C       		.uleb128 0x2c
 3538 17ca 3C140000 		.4byte	0x143c
 3539 17ce 18000000 		.4byte	.LBB81
 3540 17d2 18000000 		.4byte	.LBE81-.LBB81
 3541 17d6 01       		.byte	0x1
 3542 17d7 0A01     		.2byte	0x10a
 3543 17d9 F1170000 		.4byte	0x17f1
 3544 17dd 23       		.uleb128 0x23
 3545 17de 18000000 		.4byte	.LBB82
 3546 17e2 18000000 		.4byte	.LBE82-.LBB82
 3547 17e6 24       		.uleb128 0x24
 3548 17e7 4D140000 		.4byte	0x144d
 3549 17eb 80010000 		.4byte	.LLST19
 3550 17ef 00       		.byte	0
 3551 17f0 00       		.byte	0
 3552 17f1 2D       		.uleb128 0x2d
 3553 17f2 9F130000 		.4byte	0x139f
 3554 17f6 30000000 		.4byte	.LBB83
 3555 17fa 0E000000 		.4byte	.LBE83-.LBB83
 3556 17fe 01       		.byte	0x1
 3557 17ff 0B01     		.2byte	0x10b
 3558 1801 2D       		.uleb128 0x2d
 3559 1802 63140000 		.4byte	0x1463
 3560 1806 44000000 		.4byte	.LBB85
ARM GAS  C:\Users\Finik\AppData\Local\Temp\cctwKBtC.s 			page 161


 3561 180a 10000000 		.4byte	.LBE85-.LBB85
 3562 180e 01       		.byte	0x1
 3563 180f 1201     		.2byte	0x112
 3564 1811 2D       		.uleb128 0x2d
 3565 1812 5A140000 		.4byte	0x145a
 3566 1816 54000000 		.4byte	.LBB87
 3567 181a 1C000000 		.4byte	.LBE87-.LBB87
 3568 181e 01       		.byte	0x1
 3569 181f 1301     		.2byte	0x113
 3570 1821 25       		.uleb128 0x25
 3571 1822 74000000 		.4byte	.LBB89
 3572 1826 1E000000 		.4byte	.LBE89-.LBB89
 3573 182a 57180000 		.4byte	0x1857
 3574 182e 2E       		.uleb128 0x2e
 3575 182f AC0B0000 		.4byte	.LASF373
 3576 1833 01       		.byte	0x1
 3577 1834 1A01     		.2byte	0x11a
 3578 1836 96190000 		.4byte	0x1996
 3579 183a 02       		.uleb128 0x2
 3580 183b 91       		.byte	0x91
 3581 183c 4C       		.sleb128 -52
 3582 183d 29       		.uleb128 0x29
 3583 183e 92000000 		.4byte	.LVL39
 3584 1842 EC190000 		.4byte	0x19ec
 3585 1846 28       		.uleb128 0x28
 3586 1847 01       		.uleb128 0x1
 3587 1848 50       		.byte	0x50
 3588 1849 05       		.uleb128 0x5
 3589 184a 0C       		.byte	0xc
 3590 184b 00003240 		.4byte	0x40320000
 3591 184f 28       		.uleb128 0x28
 3592 1850 01       		.uleb128 0x1
 3593 1851 51       		.byte	0x51
 3594 1852 02       		.uleb128 0x2
 3595 1853 74       		.byte	0x74
 3596 1854 00       		.sleb128 0
 3597 1855 00       		.byte	0
 3598 1856 00       		.byte	0
 3599 1857 25       		.uleb128 0x25
 3600 1858 92000000 		.4byte	.LBB90
 3601 185c 1A000000 		.4byte	.LBE90-.LBB90
 3602 1860 8D180000 		.4byte	0x188d
 3603 1864 2E       		.uleb128 0x2e
 3604 1865 E30C0000 		.4byte	.LASF374
 3605 1869 01       		.byte	0x1
 3606 186a 2B01     		.2byte	0x12b
 3607 186c 96190000 		.4byte	0x1996
 3608 1870 02       		.uleb128 0x2
 3609 1871 91       		.byte	0x91
 3610 1872 4C       		.sleb128 -52
 3611 1873 29       		.uleb128 0x29
 3612 1874 AC000000 		.4byte	.LVL40
 3613 1878 EC190000 		.4byte	0x19ec
 3614 187c 28       		.uleb128 0x28
 3615 187d 01       		.uleb128 0x1
 3616 187e 50       		.byte	0x50
 3617 187f 05       		.uleb128 0x5
ARM GAS  C:\Users\Finik\AppData\Local\Temp\cctwKBtC.s 			page 162


 3618 1880 0C       		.byte	0xc
 3619 1881 80003240 		.4byte	0x40320080
 3620 1885 28       		.uleb128 0x28
 3621 1886 01       		.uleb128 0x1
 3622 1887 51       		.byte	0x51
 3623 1888 02       		.uleb128 0x2
 3624 1889 74       		.byte	0x74
 3625 188a 00       		.sleb128 0
 3626 188b 00       		.byte	0
 3627 188c 00       		.byte	0
 3628 188d 25       		.uleb128 0x25
 3629 188e AC000000 		.4byte	.LBB91
 3630 1892 16000000 		.4byte	.LBE91-.LBB91
 3631 1896 E2180000 		.4byte	0x18e2
 3632 189a 2E       		.uleb128 0x2e
 3633 189b B3130000 		.4byte	.LASF375
 3634 189f 01       		.byte	0x1
 3635 18a0 3C01     		.2byte	0x13c
 3636 18a2 96190000 		.4byte	0x1996
 3637 18a6 02       		.uleb128 0x2
 3638 18a7 91       		.byte	0x91
 3639 18a8 4C       		.sleb128 -52
 3640 18a9 27       		.uleb128 0x27
 3641 18aa B6000000 		.4byte	.LVL41
 3642 18ae F8190000 		.4byte	0x19f8
 3643 18b2 C8180000 		.4byte	0x18c8
 3644 18b6 28       		.uleb128 0x28
 3645 18b7 01       		.uleb128 0x1
 3646 18b8 50       		.byte	0x50
 3647 18b9 02       		.uleb128 0x2
 3648 18ba 74       		.byte	0x74
 3649 18bb 00       		.sleb128 0
 3650 18bc 28       		.uleb128 0x28
 3651 18bd 01       		.uleb128 0x1
 3652 18be 51       		.byte	0x51
 3653 18bf 01       		.uleb128 0x1
 3654 18c0 30       		.byte	0x30
 3655 18c1 28       		.uleb128 0x28
 3656 18c2 01       		.uleb128 0x1
 3657 18c3 52       		.byte	0x52
 3658 18c4 02       		.uleb128 0x2
 3659 18c5 08       		.byte	0x8
 3660 18c6 24       		.byte	0x24
 3661 18c7 00       		.byte	0
 3662 18c8 29       		.uleb128 0x29
 3663 18c9 C2000000 		.4byte	.LVL42
 3664 18cd EC190000 		.4byte	0x19ec
 3665 18d1 28       		.uleb128 0x28
 3666 18d2 01       		.uleb128 0x1
 3667 18d3 50       		.byte	0x50
 3668 18d4 05       		.uleb128 0x5
 3669 18d5 0C       		.byte	0xc
 3670 18d6 80023240 		.4byte	0x40320280
 3671 18da 28       		.uleb128 0x28
 3672 18db 01       		.uleb128 0x1
 3673 18dc 51       		.byte	0x51
 3674 18dd 02       		.uleb128 0x2
ARM GAS  C:\Users\Finik\AppData\Local\Temp\cctwKBtC.s 			page 163


 3675 18de 74       		.byte	0x74
 3676 18df 00       		.sleb128 0
 3677 18e0 00       		.byte	0
 3678 18e1 00       		.byte	0
 3679 18e2 25       		.uleb128 0x25
 3680 18e3 C2000000 		.4byte	.LBB92
 3681 18e7 1A000000 		.4byte	.LBE92-.LBB92
 3682 18eb 18190000 		.4byte	0x1918
 3683 18ef 2E       		.uleb128 0x2e
 3684 18f0 5B0B0000 		.4byte	.LASF376
 3685 18f4 01       		.byte	0x1
 3686 18f5 4D01     		.2byte	0x14d
 3687 18f7 96190000 		.4byte	0x1996
 3688 18fb 02       		.uleb128 0x2
 3689 18fc 91       		.byte	0x91
 3690 18fd 4C       		.sleb128 -52
 3691 18fe 29       		.uleb128 0x29
 3692 18ff DC000000 		.4byte	.LVL43
 3693 1903 EC190000 		.4byte	0x19ec
 3694 1907 28       		.uleb128 0x28
 3695 1908 01       		.uleb128 0x1
 3696 1909 50       		.byte	0x50
 3697 190a 05       		.uleb128 0x5
 3698 190b 0C       		.byte	0xc
 3699 190c 00033240 		.4byte	0x40320300
 3700 1910 28       		.uleb128 0x28
 3701 1911 01       		.uleb128 0x1
 3702 1912 51       		.byte	0x51
 3703 1913 02       		.uleb128 0x2
 3704 1914 74       		.byte	0x74
 3705 1915 00       		.sleb128 0
 3706 1916 00       		.byte	0
 3707 1917 00       		.byte	0
 3708 1918 25       		.uleb128 0x25
 3709 1919 DC000000 		.4byte	.LBB93
 3710 191d 1A000000 		.4byte	.LBE93-.LBB93
 3711 1921 4E190000 		.4byte	0x194e
 3712 1925 2E       		.uleb128 0x2e
 3713 1926 4E150000 		.4byte	.LASF377
 3714 192a 01       		.byte	0x1
 3715 192b 5E01     		.2byte	0x15e
 3716 192d 96190000 		.4byte	0x1996
 3717 1931 02       		.uleb128 0x2
 3718 1932 91       		.byte	0x91
 3719 1933 4C       		.sleb128 -52
 3720 1934 29       		.uleb128 0x29
 3721 1935 F6000000 		.4byte	.LVL44
 3722 1939 EC190000 		.4byte	0x19ec
 3723 193d 28       		.uleb128 0x28
 3724 193e 01       		.uleb128 0x1
 3725 193f 50       		.byte	0x50
 3726 1940 05       		.uleb128 0x5
 3727 1941 0C       		.byte	0xc
 3728 1942 80053240 		.4byte	0x40320580
 3729 1946 28       		.uleb128 0x28
 3730 1947 01       		.uleb128 0x1
 3731 1948 51       		.byte	0x51
ARM GAS  C:\Users\Finik\AppData\Local\Temp\cctwKBtC.s 			page 164


 3732 1949 02       		.uleb128 0x2
 3733 194a 74       		.byte	0x74
 3734 194b 00       		.sleb128 0
 3735 194c 00       		.byte	0
 3736 194d 00       		.byte	0
 3737 194e 27       		.uleb128 0x27
 3738 194f 0C000000 		.4byte	.LVL33
 3739 1953 E0190000 		.4byte	0x19e0
 3740 1957 67190000 		.4byte	0x1967
 3741 195b 28       		.uleb128 0x28
 3742 195c 01       		.uleb128 0x1
 3743 195d 50       		.byte	0x50
 3744 195e 01       		.uleb128 0x1
 3745 195f 30       		.byte	0x30
 3746 1960 28       		.uleb128 0x28
 3747 1961 01       		.uleb128 0x1
 3748 1962 51       		.byte	0x51
 3749 1963 02       		.uleb128 0x2
 3750 1964 08       		.byte	0x8
 3751 1965 96       		.byte	0x96
 3752 1966 00       		.byte	0
 3753 1967 2F       		.uleb128 0x2f
 3754 1968 10000000 		.4byte	.LVL34
 3755 196c 011A0000 		.4byte	0x1a01
 3756 1970 2F       		.uleb128 0x2f
 3757 1971 18000000 		.4byte	.LVL35
 3758 1975 0D1A0000 		.4byte	0x1a0d
 3759 1979 27       		.uleb128 0x27
 3760 197a 44000000 		.4byte	.LVL37
 3761 197e 191A0000 		.4byte	0x1a19
 3762 1982 8C190000 		.4byte	0x198c
 3763 1986 28       		.uleb128 0x28
 3764 1987 01       		.uleb128 0x1
 3765 1988 50       		.byte	0x50
 3766 1989 01       		.uleb128 0x1
 3767 198a 31       		.byte	0x31
 3768 198b 00       		.byte	0
 3769 198c 2F       		.uleb128 0x2f
 3770 198d 74000000 		.4byte	.LVL38
 3771 1991 8F140000 		.4byte	0x148f
 3772 1995 00       		.byte	0
 3773 1996 06       		.uleb128 0x6
 3774 1997 A80E0000 		.4byte	0xea8
 3775 199b 30       		.uleb128 0x30
 3776 199c 7D000000 		.4byte	.LASF394
 3777 19a0 0A       		.byte	0xa
 3778 19a1 A7       		.byte	0xa7
 3779 19a2 A6190000 		.4byte	0x19a6
 3780 19a6 31       		.uleb128 0x31
 3781 19a7 04       		.byte	0x4
 3782 19a8 AC190000 		.4byte	0x19ac
 3783 19ac 06       		.uleb128 0x6
 3784 19ad 020E0000 		.4byte	0xe02
 3785 19b1 32       		.uleb128 0x32
 3786 19b2 C60C0000 		.4byte	.LASF378
 3787 19b6 C60C0000 		.4byte	.LASF378
 3788 19ba 02       		.byte	0x2
ARM GAS  C:\Users\Finik\AppData\Local\Temp\cctwKBtC.s 			page 165


 3789 19bb 1603     		.2byte	0x316
 3790 19bd 32       		.uleb128 0x32
 3791 19be E6000000 		.4byte	.LASF379
 3792 19c2 E6000000 		.4byte	.LASF379
 3793 19c6 02       		.byte	0x2
 3794 19c7 D802     		.2byte	0x2d8
 3795 19c9 32       		.uleb128 0x32
 3796 19ca C3040000 		.4byte	.LASF380
 3797 19ce C3040000 		.4byte	.LASF380
 3798 19d2 02       		.byte	0x2
 3799 19d3 1803     		.2byte	0x318
 3800 19d5 33       		.uleb128 0x33
 3801 19d6 D5120000 		.4byte	.LASF381
 3802 19da D5120000 		.4byte	.LASF381
 3803 19de 0D       		.byte	0xd
 3804 19df 90       		.byte	0x90
 3805 19e0 32       		.uleb128 0x32
 3806 19e1 08150000 		.4byte	.LASF382
 3807 19e5 08150000 		.4byte	.LASF382
 3808 19e9 0B       		.byte	0xb
 3809 19ea A003     		.2byte	0x3a0
 3810 19ec 32       		.uleb128 0x32
 3811 19ed A9050000 		.4byte	.LASF383
 3812 19f1 A9050000 		.4byte	.LASF383
 3813 19f5 0C       		.byte	0xc
 3814 19f6 1702     		.2byte	0x217
 3815 19f8 34       		.uleb128 0x34
 3816 19f9 B8100000 		.4byte	.LASF395
 3817 19fd B8100000 		.4byte	.LASF395
 3818 1a01 32       		.uleb128 0x32
 3819 1a02 780D0000 		.4byte	.LASF384
 3820 1a06 780D0000 		.4byte	.LASF384
 3821 1a0a 0B       		.byte	0xb
 3822 1a0b 9603     		.2byte	0x396
 3823 1a0d 32       		.uleb128 0x32
 3824 1a0e AA0C0000 		.4byte	.LASF385
 3825 1a12 AA0C0000 		.4byte	.LASF385
 3826 1a16 0B       		.byte	0xb
 3827 1a17 9503     		.2byte	0x395
 3828 1a19 32       		.uleb128 0x32
 3829 1a1a 850B0000 		.4byte	.LASF386
 3830 1a1e 850B0000 		.4byte	.LASF386
 3831 1a22 03       		.byte	0x3
 3832 1a23 6606     		.2byte	0x666
 3833 1a25 00       		.byte	0
 3834              		.section	.debug_abbrev,"",%progbits
 3835              	.Ldebug_abbrev0:
 3836 0000 01       		.uleb128 0x1
 3837 0001 11       		.uleb128 0x11
 3838 0002 01       		.byte	0x1
 3839 0003 25       		.uleb128 0x25
 3840 0004 0E       		.uleb128 0xe
 3841 0005 13       		.uleb128 0x13
 3842 0006 0B       		.uleb128 0xb
 3843 0007 03       		.uleb128 0x3
 3844 0008 0E       		.uleb128 0xe
 3845 0009 1B       		.uleb128 0x1b
ARM GAS  C:\Users\Finik\AppData\Local\Temp\cctwKBtC.s 			page 166


 3846 000a 0E       		.uleb128 0xe
 3847 000b 55       		.uleb128 0x55
 3848 000c 17       		.uleb128 0x17
 3849 000d 11       		.uleb128 0x11
 3850 000e 01       		.uleb128 0x1
 3851 000f 10       		.uleb128 0x10
 3852 0010 17       		.uleb128 0x17
 3853 0011 00       		.byte	0
 3854 0012 00       		.byte	0
 3855 0013 02       		.uleb128 0x2
 3856 0014 24       		.uleb128 0x24
 3857 0015 00       		.byte	0
 3858 0016 0B       		.uleb128 0xb
 3859 0017 0B       		.uleb128 0xb
 3860 0018 3E       		.uleb128 0x3e
 3861 0019 0B       		.uleb128 0xb
 3862 001a 03       		.uleb128 0x3
 3863 001b 08       		.uleb128 0x8
 3864 001c 00       		.byte	0
 3865 001d 00       		.byte	0
 3866 001e 03       		.uleb128 0x3
 3867 001f 24       		.uleb128 0x24
 3868 0020 00       		.byte	0
 3869 0021 0B       		.uleb128 0xb
 3870 0022 0B       		.uleb128 0xb
 3871 0023 3E       		.uleb128 0x3e
 3872 0024 0B       		.uleb128 0xb
 3873 0025 03       		.uleb128 0x3
 3874 0026 0E       		.uleb128 0xe
 3875 0027 00       		.byte	0
 3876 0028 00       		.byte	0
 3877 0029 04       		.uleb128 0x4
 3878 002a 16       		.uleb128 0x16
 3879 002b 00       		.byte	0
 3880 002c 03       		.uleb128 0x3
 3881 002d 0E       		.uleb128 0xe
 3882 002e 3A       		.uleb128 0x3a
 3883 002f 0B       		.uleb128 0xb
 3884 0030 3B       		.uleb128 0x3b
 3885 0031 0B       		.uleb128 0xb
 3886 0032 49       		.uleb128 0x49
 3887 0033 13       		.uleb128 0x13
 3888 0034 00       		.byte	0
 3889 0035 00       		.byte	0
 3890 0036 05       		.uleb128 0x5
 3891 0037 35       		.uleb128 0x35
 3892 0038 00       		.byte	0
 3893 0039 49       		.uleb128 0x49
 3894 003a 13       		.uleb128 0x13
 3895 003b 00       		.byte	0
 3896 003c 00       		.byte	0
 3897 003d 06       		.uleb128 0x6
 3898 003e 26       		.uleb128 0x26
 3899 003f 00       		.byte	0
 3900 0040 49       		.uleb128 0x49
 3901 0041 13       		.uleb128 0x13
 3902 0042 00       		.byte	0
ARM GAS  C:\Users\Finik\AppData\Local\Temp\cctwKBtC.s 			page 167


 3903 0043 00       		.byte	0
 3904 0044 07       		.uleb128 0x7
 3905 0045 01       		.uleb128 0x1
 3906 0046 01       		.byte	0x1
 3907 0047 49       		.uleb128 0x49
 3908 0048 13       		.uleb128 0x13
 3909 0049 01       		.uleb128 0x1
 3910 004a 13       		.uleb128 0x13
 3911 004b 00       		.byte	0
 3912 004c 00       		.byte	0
 3913 004d 08       		.uleb128 0x8
 3914 004e 21       		.uleb128 0x21
 3915 004f 00       		.byte	0
 3916 0050 49       		.uleb128 0x49
 3917 0051 13       		.uleb128 0x13
 3918 0052 2F       		.uleb128 0x2f
 3919 0053 0B       		.uleb128 0xb
 3920 0054 00       		.byte	0
 3921 0055 00       		.byte	0
 3922 0056 09       		.uleb128 0x9
 3923 0057 13       		.uleb128 0x13
 3924 0058 01       		.byte	0x1
 3925 0059 0B       		.uleb128 0xb
 3926 005a 0B       		.uleb128 0xb
 3927 005b 3A       		.uleb128 0x3a
 3928 005c 0B       		.uleb128 0xb
 3929 005d 3B       		.uleb128 0x3b
 3930 005e 0B       		.uleb128 0xb
 3931 005f 01       		.uleb128 0x1
 3932 0060 13       		.uleb128 0x13
 3933 0061 00       		.byte	0
 3934 0062 00       		.byte	0
 3935 0063 0A       		.uleb128 0xa
 3936 0064 0D       		.uleb128 0xd
 3937 0065 00       		.byte	0
 3938 0066 03       		.uleb128 0x3
 3939 0067 0E       		.uleb128 0xe
 3940 0068 3A       		.uleb128 0x3a
 3941 0069 0B       		.uleb128 0xb
 3942 006a 3B       		.uleb128 0x3b
 3943 006b 0B       		.uleb128 0xb
 3944 006c 49       		.uleb128 0x49
 3945 006d 13       		.uleb128 0x13
 3946 006e 38       		.uleb128 0x38
 3947 006f 0B       		.uleb128 0xb
 3948 0070 00       		.byte	0
 3949 0071 00       		.byte	0
 3950 0072 0B       		.uleb128 0xb
 3951 0073 13       		.uleb128 0x13
 3952 0074 01       		.byte	0x1
 3953 0075 0B       		.uleb128 0xb
 3954 0076 05       		.uleb128 0x5
 3955 0077 3A       		.uleb128 0x3a
 3956 0078 0B       		.uleb128 0xb
 3957 0079 3B       		.uleb128 0x3b
 3958 007a 0B       		.uleb128 0xb
 3959 007b 01       		.uleb128 0x1
ARM GAS  C:\Users\Finik\AppData\Local\Temp\cctwKBtC.s 			page 168


 3960 007c 13       		.uleb128 0x13
 3961 007d 00       		.byte	0
 3962 007e 00       		.byte	0
 3963 007f 0C       		.uleb128 0xc
 3964 0080 0D       		.uleb128 0xd
 3965 0081 00       		.byte	0
 3966 0082 03       		.uleb128 0x3
 3967 0083 0E       		.uleb128 0xe
 3968 0084 3A       		.uleb128 0x3a
 3969 0085 0B       		.uleb128 0xb
 3970 0086 3B       		.uleb128 0x3b
 3971 0087 0B       		.uleb128 0xb
 3972 0088 49       		.uleb128 0x49
 3973 0089 13       		.uleb128 0x13
 3974 008a 38       		.uleb128 0x38
 3975 008b 05       		.uleb128 0x5
 3976 008c 00       		.byte	0
 3977 008d 00       		.byte	0
 3978 008e 0D       		.uleb128 0xd
 3979 008f 21       		.uleb128 0x21
 3980 0090 00       		.byte	0
 3981 0091 49       		.uleb128 0x49
 3982 0092 13       		.uleb128 0x13
 3983 0093 2F       		.uleb128 0x2f
 3984 0094 05       		.uleb128 0x5
 3985 0095 00       		.byte	0
 3986 0096 00       		.byte	0
 3987 0097 0E       		.uleb128 0xe
 3988 0098 0D       		.uleb128 0xd
 3989 0099 00       		.byte	0
 3990 009a 03       		.uleb128 0x3
 3991 009b 08       		.uleb128 0x8
 3992 009c 3A       		.uleb128 0x3a
 3993 009d 0B       		.uleb128 0xb
 3994 009e 3B       		.uleb128 0x3b
 3995 009f 0B       		.uleb128 0xb
 3996 00a0 49       		.uleb128 0x49
 3997 00a1 13       		.uleb128 0x13
 3998 00a2 38       		.uleb128 0x38
 3999 00a3 0B       		.uleb128 0xb
 4000 00a4 00       		.byte	0
 4001 00a5 00       		.byte	0
 4002 00a6 0F       		.uleb128 0xf
 4003 00a7 16       		.uleb128 0x16
 4004 00a8 00       		.byte	0
 4005 00a9 03       		.uleb128 0x3
 4006 00aa 0E       		.uleb128 0xe
 4007 00ab 3A       		.uleb128 0x3a
 4008 00ac 0B       		.uleb128 0xb
 4009 00ad 3B       		.uleb128 0x3b
 4010 00ae 05       		.uleb128 0x5
 4011 00af 49       		.uleb128 0x49
 4012 00b0 13       		.uleb128 0x13
 4013 00b1 00       		.byte	0
 4014 00b2 00       		.byte	0
 4015 00b3 10       		.uleb128 0x10
 4016 00b4 04       		.uleb128 0x4
ARM GAS  C:\Users\Finik\AppData\Local\Temp\cctwKBtC.s 			page 169


 4017 00b5 01       		.byte	0x1
 4018 00b6 0B       		.uleb128 0xb
 4019 00b7 0B       		.uleb128 0xb
 4020 00b8 49       		.uleb128 0x49
 4021 00b9 13       		.uleb128 0x13
 4022 00ba 3A       		.uleb128 0x3a
 4023 00bb 0B       		.uleb128 0xb
 4024 00bc 3B       		.uleb128 0x3b
 4025 00bd 05       		.uleb128 0x5
 4026 00be 01       		.uleb128 0x1
 4027 00bf 13       		.uleb128 0x13
 4028 00c0 00       		.byte	0
 4029 00c1 00       		.byte	0
 4030 00c2 11       		.uleb128 0x11
 4031 00c3 28       		.uleb128 0x28
 4032 00c4 00       		.byte	0
 4033 00c5 03       		.uleb128 0x3
 4034 00c6 0E       		.uleb128 0xe
 4035 00c7 1C       		.uleb128 0x1c
 4036 00c8 0B       		.uleb128 0xb
 4037 00c9 00       		.byte	0
 4038 00ca 00       		.byte	0
 4039 00cb 12       		.uleb128 0x12
 4040 00cc 28       		.uleb128 0x28
 4041 00cd 00       		.byte	0
 4042 00ce 03       		.uleb128 0x3
 4043 00cf 0E       		.uleb128 0xe
 4044 00d0 1C       		.uleb128 0x1c
 4045 00d1 06       		.uleb128 0x6
 4046 00d2 00       		.byte	0
 4047 00d3 00       		.byte	0
 4048 00d4 13       		.uleb128 0x13
 4049 00d5 28       		.uleb128 0x28
 4050 00d6 00       		.byte	0
 4051 00d7 03       		.uleb128 0x3
 4052 00d8 0E       		.uleb128 0xe
 4053 00d9 1C       		.uleb128 0x1c
 4054 00da 05       		.uleb128 0x5
 4055 00db 00       		.byte	0
 4056 00dc 00       		.byte	0
 4057 00dd 14       		.uleb128 0x14
 4058 00de 13       		.uleb128 0x13
 4059 00df 01       		.byte	0x1
 4060 00e0 0B       		.uleb128 0xb
 4061 00e1 0B       		.uleb128 0xb
 4062 00e2 3A       		.uleb128 0x3a
 4063 00e3 0B       		.uleb128 0xb
 4064 00e4 3B       		.uleb128 0x3b
 4065 00e5 05       		.uleb128 0x5
 4066 00e6 01       		.uleb128 0x1
 4067 00e7 13       		.uleb128 0x13
 4068 00e8 00       		.byte	0
 4069 00e9 00       		.byte	0
 4070 00ea 15       		.uleb128 0x15
 4071 00eb 0D       		.uleb128 0xd
 4072 00ec 00       		.byte	0
 4073 00ed 03       		.uleb128 0x3
ARM GAS  C:\Users\Finik\AppData\Local\Temp\cctwKBtC.s 			page 170


 4074 00ee 0E       		.uleb128 0xe
 4075 00ef 3A       		.uleb128 0x3a
 4076 00f0 0B       		.uleb128 0xb
 4077 00f1 3B       		.uleb128 0x3b
 4078 00f2 05       		.uleb128 0x5
 4079 00f3 49       		.uleb128 0x49
 4080 00f4 13       		.uleb128 0x13
 4081 00f5 38       		.uleb128 0x38
 4082 00f6 0B       		.uleb128 0xb
 4083 00f7 00       		.byte	0
 4084 00f8 00       		.byte	0
 4085 00f9 16       		.uleb128 0x16
 4086 00fa 04       		.uleb128 0x4
 4087 00fb 01       		.byte	0x1
 4088 00fc 0B       		.uleb128 0xb
 4089 00fd 0B       		.uleb128 0xb
 4090 00fe 49       		.uleb128 0x49
 4091 00ff 13       		.uleb128 0x13
 4092 0100 3A       		.uleb128 0x3a
 4093 0101 0B       		.uleb128 0xb
 4094 0102 3B       		.uleb128 0x3b
 4095 0103 0B       		.uleb128 0xb
 4096 0104 01       		.uleb128 0x1
 4097 0105 13       		.uleb128 0x13
 4098 0106 00       		.byte	0
 4099 0107 00       		.byte	0
 4100 0108 17       		.uleb128 0x17
 4101 0109 2E       		.uleb128 0x2e
 4102 010a 01       		.byte	0x1
 4103 010b 03       		.uleb128 0x3
 4104 010c 0E       		.uleb128 0xe
 4105 010d 3A       		.uleb128 0x3a
 4106 010e 0B       		.uleb128 0xb
 4107 010f 3B       		.uleb128 0x3b
 4108 0110 05       		.uleb128 0x5
 4109 0111 27       		.uleb128 0x27
 4110 0112 19       		.uleb128 0x19
 4111 0113 49       		.uleb128 0x49
 4112 0114 13       		.uleb128 0x13
 4113 0115 20       		.uleb128 0x20
 4114 0116 0B       		.uleb128 0xb
 4115 0117 01       		.uleb128 0x1
 4116 0118 13       		.uleb128 0x13
 4117 0119 00       		.byte	0
 4118 011a 00       		.byte	0
 4119 011b 18       		.uleb128 0x18
 4120 011c 05       		.uleb128 0x5
 4121 011d 00       		.byte	0
 4122 011e 03       		.uleb128 0x3
 4123 011f 0E       		.uleb128 0xe
 4124 0120 3A       		.uleb128 0x3a
 4125 0121 0B       		.uleb128 0xb
 4126 0122 3B       		.uleb128 0x3b
 4127 0123 05       		.uleb128 0x5
 4128 0124 49       		.uleb128 0x49
 4129 0125 13       		.uleb128 0x13
 4130 0126 00       		.byte	0
ARM GAS  C:\Users\Finik\AppData\Local\Temp\cctwKBtC.s 			page 171


 4131 0127 00       		.byte	0
 4132 0128 19       		.uleb128 0x19
 4133 0129 34       		.uleb128 0x34
 4134 012a 00       		.byte	0
 4135 012b 03       		.uleb128 0x3
 4136 012c 0E       		.uleb128 0xe
 4137 012d 3A       		.uleb128 0x3a
 4138 012e 0B       		.uleb128 0xb
 4139 012f 3B       		.uleb128 0x3b
 4140 0130 05       		.uleb128 0x5
 4141 0131 49       		.uleb128 0x49
 4142 0132 13       		.uleb128 0x13
 4143 0133 00       		.byte	0
 4144 0134 00       		.byte	0
 4145 0135 1A       		.uleb128 0x1a
 4146 0136 2E       		.uleb128 0x2e
 4147 0137 01       		.byte	0x1
 4148 0138 03       		.uleb128 0x3
 4149 0139 0E       		.uleb128 0xe
 4150 013a 3A       		.uleb128 0x3a
 4151 013b 0B       		.uleb128 0xb
 4152 013c 3B       		.uleb128 0x3b
 4153 013d 05       		.uleb128 0x5
 4154 013e 27       		.uleb128 0x27
 4155 013f 19       		.uleb128 0x19
 4156 0140 20       		.uleb128 0x20
 4157 0141 0B       		.uleb128 0xb
 4158 0142 01       		.uleb128 0x1
 4159 0143 13       		.uleb128 0x13
 4160 0144 00       		.byte	0
 4161 0145 00       		.byte	0
 4162 0146 1B       		.uleb128 0x1b
 4163 0147 05       		.uleb128 0x5
 4164 0148 00       		.byte	0
 4165 0149 03       		.uleb128 0x3
 4166 014a 08       		.uleb128 0x8
 4167 014b 3A       		.uleb128 0x3a
 4168 014c 0B       		.uleb128 0xb
 4169 014d 3B       		.uleb128 0x3b
 4170 014e 05       		.uleb128 0x5
 4171 014f 49       		.uleb128 0x49
 4172 0150 13       		.uleb128 0x13
 4173 0151 00       		.byte	0
 4174 0152 00       		.byte	0
 4175 0153 1C       		.uleb128 0x1c
 4176 0154 2E       		.uleb128 0x2e
 4177 0155 00       		.byte	0
 4178 0156 03       		.uleb128 0x3
 4179 0157 0E       		.uleb128 0xe
 4180 0158 3A       		.uleb128 0x3a
 4181 0159 0B       		.uleb128 0xb
 4182 015a 3B       		.uleb128 0x3b
 4183 015b 05       		.uleb128 0x5
 4184 015c 27       		.uleb128 0x27
 4185 015d 19       		.uleb128 0x19
 4186 015e 20       		.uleb128 0x20
 4187 015f 0B       		.uleb128 0xb
ARM GAS  C:\Users\Finik\AppData\Local\Temp\cctwKBtC.s 			page 172


 4188 0160 00       		.byte	0
 4189 0161 00       		.byte	0
 4190 0162 1D       		.uleb128 0x1d
 4191 0163 2E       		.uleb128 0x2e
 4192 0164 01       		.byte	0x1
 4193 0165 03       		.uleb128 0x3
 4194 0166 0E       		.uleb128 0xe
 4195 0167 3A       		.uleb128 0x3a
 4196 0168 0B       		.uleb128 0xb
 4197 0169 3B       		.uleb128 0x3b
 4198 016a 0B       		.uleb128 0xb
 4199 016b 27       		.uleb128 0x27
 4200 016c 19       		.uleb128 0x19
 4201 016d 8701     		.uleb128 0x87
 4202 016f 19       		.uleb128 0x19
 4203 0170 11       		.uleb128 0x11
 4204 0171 01       		.uleb128 0x1
 4205 0172 12       		.uleb128 0x12
 4206 0173 06       		.uleb128 0x6
 4207 0174 40       		.uleb128 0x40
 4208 0175 18       		.uleb128 0x18
 4209 0176 9742     		.uleb128 0x2117
 4210 0178 19       		.uleb128 0x19
 4211 0179 01       		.uleb128 0x1
 4212 017a 13       		.uleb128 0x13
 4213 017b 00       		.byte	0
 4214 017c 00       		.byte	0
 4215 017d 1E       		.uleb128 0x1e
 4216 017e 05       		.uleb128 0x5
 4217 017f 00       		.byte	0
 4218 0180 03       		.uleb128 0x3
 4219 0181 0E       		.uleb128 0xe
 4220 0182 3A       		.uleb128 0x3a
 4221 0183 0B       		.uleb128 0xb
 4222 0184 3B       		.uleb128 0x3b
 4223 0185 0B       		.uleb128 0xb
 4224 0186 49       		.uleb128 0x49
 4225 0187 13       		.uleb128 0x13
 4226 0188 02       		.uleb128 0x2
 4227 0189 18       		.uleb128 0x18
 4228 018a 00       		.byte	0
 4229 018b 00       		.byte	0
 4230 018c 1F       		.uleb128 0x1f
 4231 018d 2E       		.uleb128 0x2e
 4232 018e 01       		.byte	0x1
 4233 018f 03       		.uleb128 0x3
 4234 0190 0E       		.uleb128 0xe
 4235 0191 3A       		.uleb128 0x3a
 4236 0192 0B       		.uleb128 0xb
 4237 0193 3B       		.uleb128 0x3b
 4238 0194 0B       		.uleb128 0xb
 4239 0195 27       		.uleb128 0x27
 4240 0196 19       		.uleb128 0x19
 4241 0197 11       		.uleb128 0x11
 4242 0198 01       		.uleb128 0x1
 4243 0199 12       		.uleb128 0x12
 4244 019a 06       		.uleb128 0x6
ARM GAS  C:\Users\Finik\AppData\Local\Temp\cctwKBtC.s 			page 173


 4245 019b 40       		.uleb128 0x40
 4246 019c 18       		.uleb128 0x18
 4247 019d 9742     		.uleb128 0x2117
 4248 019f 19       		.uleb128 0x19
 4249 01a0 01       		.uleb128 0x1
 4250 01a1 13       		.uleb128 0x13
 4251 01a2 00       		.byte	0
 4252 01a3 00       		.byte	0
 4253 01a4 20       		.uleb128 0x20
 4254 01a5 34       		.uleb128 0x34
 4255 01a6 00       		.byte	0
 4256 01a7 03       		.uleb128 0x3
 4257 01a8 0E       		.uleb128 0xe
 4258 01a9 3A       		.uleb128 0x3a
 4259 01aa 0B       		.uleb128 0xb
 4260 01ab 3B       		.uleb128 0x3b
 4261 01ac 0B       		.uleb128 0xb
 4262 01ad 49       		.uleb128 0x49
 4263 01ae 13       		.uleb128 0x13
 4264 01af 02       		.uleb128 0x2
 4265 01b0 17       		.uleb128 0x17
 4266 01b1 00       		.byte	0
 4267 01b2 00       		.byte	0
 4268 01b3 21       		.uleb128 0x21
 4269 01b4 1D       		.uleb128 0x1d
 4270 01b5 01       		.byte	0x1
 4271 01b6 31       		.uleb128 0x31
 4272 01b7 13       		.uleb128 0x13
 4273 01b8 11       		.uleb128 0x11
 4274 01b9 01       		.uleb128 0x1
 4275 01ba 12       		.uleb128 0x12
 4276 01bb 06       		.uleb128 0x6
 4277 01bc 58       		.uleb128 0x58
 4278 01bd 0B       		.uleb128 0xb
 4279 01be 59       		.uleb128 0x59
 4280 01bf 0B       		.uleb128 0xb
 4281 01c0 01       		.uleb128 0x1
 4282 01c1 13       		.uleb128 0x13
 4283 01c2 00       		.byte	0
 4284 01c3 00       		.byte	0
 4285 01c4 22       		.uleb128 0x22
 4286 01c5 05       		.uleb128 0x5
 4287 01c6 00       		.byte	0
 4288 01c7 31       		.uleb128 0x31
 4289 01c8 13       		.uleb128 0x13
 4290 01c9 02       		.uleb128 0x2
 4291 01ca 17       		.uleb128 0x17
 4292 01cb 00       		.byte	0
 4293 01cc 00       		.byte	0
 4294 01cd 23       		.uleb128 0x23
 4295 01ce 0B       		.uleb128 0xb
 4296 01cf 01       		.byte	0x1
 4297 01d0 11       		.uleb128 0x11
 4298 01d1 01       		.uleb128 0x1
 4299 01d2 12       		.uleb128 0x12
 4300 01d3 06       		.uleb128 0x6
 4301 01d4 00       		.byte	0
ARM GAS  C:\Users\Finik\AppData\Local\Temp\cctwKBtC.s 			page 174


 4302 01d5 00       		.byte	0
 4303 01d6 24       		.uleb128 0x24
 4304 01d7 34       		.uleb128 0x34
 4305 01d8 00       		.byte	0
 4306 01d9 31       		.uleb128 0x31
 4307 01da 13       		.uleb128 0x13
 4308 01db 02       		.uleb128 0x2
 4309 01dc 17       		.uleb128 0x17
 4310 01dd 00       		.byte	0
 4311 01de 00       		.byte	0
 4312 01df 25       		.uleb128 0x25
 4313 01e0 0B       		.uleb128 0xb
 4314 01e1 01       		.byte	0x1
 4315 01e2 11       		.uleb128 0x11
 4316 01e3 01       		.uleb128 0x1
 4317 01e4 12       		.uleb128 0x12
 4318 01e5 06       		.uleb128 0x6
 4319 01e6 01       		.uleb128 0x1
 4320 01e7 13       		.uleb128 0x13
 4321 01e8 00       		.byte	0
 4322 01e9 00       		.byte	0
 4323 01ea 26       		.uleb128 0x26
 4324 01eb 34       		.uleb128 0x34
 4325 01ec 00       		.byte	0
 4326 01ed 03       		.uleb128 0x3
 4327 01ee 0E       		.uleb128 0xe
 4328 01ef 3A       		.uleb128 0x3a
 4329 01f0 0B       		.uleb128 0xb
 4330 01f1 3B       		.uleb128 0x3b
 4331 01f2 0B       		.uleb128 0xb
 4332 01f3 49       		.uleb128 0x49
 4333 01f4 13       		.uleb128 0x13
 4334 01f5 02       		.uleb128 0x2
 4335 01f6 18       		.uleb128 0x18
 4336 01f7 00       		.byte	0
 4337 01f8 00       		.byte	0
 4338 01f9 27       		.uleb128 0x27
 4339 01fa 898201   		.uleb128 0x4109
 4340 01fd 01       		.byte	0x1
 4341 01fe 11       		.uleb128 0x11
 4342 01ff 01       		.uleb128 0x1
 4343 0200 31       		.uleb128 0x31
 4344 0201 13       		.uleb128 0x13
 4345 0202 01       		.uleb128 0x1
 4346 0203 13       		.uleb128 0x13
 4347 0204 00       		.byte	0
 4348 0205 00       		.byte	0
 4349 0206 28       		.uleb128 0x28
 4350 0207 8A8201   		.uleb128 0x410a
 4351 020a 00       		.byte	0
 4352 020b 02       		.uleb128 0x2
 4353 020c 18       		.uleb128 0x18
 4354 020d 9142     		.uleb128 0x2111
 4355 020f 18       		.uleb128 0x18
 4356 0210 00       		.byte	0
 4357 0211 00       		.byte	0
 4358 0212 29       		.uleb128 0x29
ARM GAS  C:\Users\Finik\AppData\Local\Temp\cctwKBtC.s 			page 175


 4359 0213 898201   		.uleb128 0x4109
 4360 0216 01       		.byte	0x1
 4361 0217 11       		.uleb128 0x11
 4362 0218 01       		.uleb128 0x1
 4363 0219 31       		.uleb128 0x31
 4364 021a 13       		.uleb128 0x13
 4365 021b 00       		.byte	0
 4366 021c 00       		.byte	0
 4367 021d 2A       		.uleb128 0x2a
 4368 021e 1D       		.uleb128 0x1d
 4369 021f 00       		.byte	0
 4370 0220 31       		.uleb128 0x31
 4371 0221 13       		.uleb128 0x13
 4372 0222 11       		.uleb128 0x11
 4373 0223 01       		.uleb128 0x1
 4374 0224 12       		.uleb128 0x12
 4375 0225 06       		.uleb128 0x6
 4376 0226 58       		.uleb128 0x58
 4377 0227 0B       		.uleb128 0xb
 4378 0228 59       		.uleb128 0x59
 4379 0229 0B       		.uleb128 0xb
 4380 022a 00       		.byte	0
 4381 022b 00       		.byte	0
 4382 022c 2B       		.uleb128 0x2b
 4383 022d 2E       		.uleb128 0x2e
 4384 022e 01       		.byte	0x1
 4385 022f 3F       		.uleb128 0x3f
 4386 0230 19       		.uleb128 0x19
 4387 0231 03       		.uleb128 0x3
 4388 0232 0E       		.uleb128 0xe
 4389 0233 3A       		.uleb128 0x3a
 4390 0234 0B       		.uleb128 0xb
 4391 0235 3B       		.uleb128 0x3b
 4392 0236 05       		.uleb128 0x5
 4393 0237 27       		.uleb128 0x27
 4394 0238 19       		.uleb128 0x19
 4395 0239 11       		.uleb128 0x11
 4396 023a 01       		.uleb128 0x1
 4397 023b 12       		.uleb128 0x12
 4398 023c 06       		.uleb128 0x6
 4399 023d 40       		.uleb128 0x40
 4400 023e 18       		.uleb128 0x18
 4401 023f 9742     		.uleb128 0x2117
 4402 0241 19       		.uleb128 0x19
 4403 0242 01       		.uleb128 0x1
 4404 0243 13       		.uleb128 0x13
 4405 0244 00       		.byte	0
 4406 0245 00       		.byte	0
 4407 0246 2C       		.uleb128 0x2c
 4408 0247 1D       		.uleb128 0x1d
 4409 0248 01       		.byte	0x1
 4410 0249 31       		.uleb128 0x31
 4411 024a 13       		.uleb128 0x13
 4412 024b 11       		.uleb128 0x11
 4413 024c 01       		.uleb128 0x1
 4414 024d 12       		.uleb128 0x12
 4415 024e 06       		.uleb128 0x6
ARM GAS  C:\Users\Finik\AppData\Local\Temp\cctwKBtC.s 			page 176


 4416 024f 58       		.uleb128 0x58
 4417 0250 0B       		.uleb128 0xb
 4418 0251 59       		.uleb128 0x59
 4419 0252 05       		.uleb128 0x5
 4420 0253 01       		.uleb128 0x1
 4421 0254 13       		.uleb128 0x13
 4422 0255 00       		.byte	0
 4423 0256 00       		.byte	0
 4424 0257 2D       		.uleb128 0x2d
 4425 0258 1D       		.uleb128 0x1d
 4426 0259 00       		.byte	0
 4427 025a 31       		.uleb128 0x31
 4428 025b 13       		.uleb128 0x13
 4429 025c 11       		.uleb128 0x11
 4430 025d 01       		.uleb128 0x1
 4431 025e 12       		.uleb128 0x12
 4432 025f 06       		.uleb128 0x6
 4433 0260 58       		.uleb128 0x58
 4434 0261 0B       		.uleb128 0xb
 4435 0262 59       		.uleb128 0x59
 4436 0263 05       		.uleb128 0x5
 4437 0264 00       		.byte	0
 4438 0265 00       		.byte	0
 4439 0266 2E       		.uleb128 0x2e
 4440 0267 34       		.uleb128 0x34
 4441 0268 00       		.byte	0
 4442 0269 03       		.uleb128 0x3
 4443 026a 0E       		.uleb128 0xe
 4444 026b 3A       		.uleb128 0x3a
 4445 026c 0B       		.uleb128 0xb
 4446 026d 3B       		.uleb128 0x3b
 4447 026e 05       		.uleb128 0x5
 4448 026f 49       		.uleb128 0x49
 4449 0270 13       		.uleb128 0x13
 4450 0271 02       		.uleb128 0x2
 4451 0272 18       		.uleb128 0x18
 4452 0273 00       		.byte	0
 4453 0274 00       		.byte	0
 4454 0275 2F       		.uleb128 0x2f
 4455 0276 898201   		.uleb128 0x4109
 4456 0279 00       		.byte	0
 4457 027a 11       		.uleb128 0x11
 4458 027b 01       		.uleb128 0x1
 4459 027c 31       		.uleb128 0x31
 4460 027d 13       		.uleb128 0x13
 4461 027e 00       		.byte	0
 4462 027f 00       		.byte	0
 4463 0280 30       		.uleb128 0x30
 4464 0281 34       		.uleb128 0x34
 4465 0282 00       		.byte	0
 4466 0283 03       		.uleb128 0x3
 4467 0284 0E       		.uleb128 0xe
 4468 0285 3A       		.uleb128 0x3a
 4469 0286 0B       		.uleb128 0xb
 4470 0287 3B       		.uleb128 0x3b
 4471 0288 0B       		.uleb128 0xb
 4472 0289 49       		.uleb128 0x49
ARM GAS  C:\Users\Finik\AppData\Local\Temp\cctwKBtC.s 			page 177


 4473 028a 13       		.uleb128 0x13
 4474 028b 3F       		.uleb128 0x3f
 4475 028c 19       		.uleb128 0x19
 4476 028d 3C       		.uleb128 0x3c
 4477 028e 19       		.uleb128 0x19
 4478 028f 00       		.byte	0
 4479 0290 00       		.byte	0
 4480 0291 31       		.uleb128 0x31
 4481 0292 0F       		.uleb128 0xf
 4482 0293 00       		.byte	0
 4483 0294 0B       		.uleb128 0xb
 4484 0295 0B       		.uleb128 0xb
 4485 0296 49       		.uleb128 0x49
 4486 0297 13       		.uleb128 0x13
 4487 0298 00       		.byte	0
 4488 0299 00       		.byte	0
 4489 029a 32       		.uleb128 0x32
 4490 029b 2E       		.uleb128 0x2e
 4491 029c 00       		.byte	0
 4492 029d 3F       		.uleb128 0x3f
 4493 029e 19       		.uleb128 0x19
 4494 029f 3C       		.uleb128 0x3c
 4495 02a0 19       		.uleb128 0x19
 4496 02a1 6E       		.uleb128 0x6e
 4497 02a2 0E       		.uleb128 0xe
 4498 02a3 03       		.uleb128 0x3
 4499 02a4 0E       		.uleb128 0xe
 4500 02a5 3A       		.uleb128 0x3a
 4501 02a6 0B       		.uleb128 0xb
 4502 02a7 3B       		.uleb128 0x3b
 4503 02a8 05       		.uleb128 0x5
 4504 02a9 00       		.byte	0
 4505 02aa 00       		.byte	0
 4506 02ab 33       		.uleb128 0x33
 4507 02ac 2E       		.uleb128 0x2e
 4508 02ad 00       		.byte	0
 4509 02ae 3F       		.uleb128 0x3f
 4510 02af 19       		.uleb128 0x19
 4511 02b0 3C       		.uleb128 0x3c
 4512 02b1 19       		.uleb128 0x19
 4513 02b2 6E       		.uleb128 0x6e
 4514 02b3 0E       		.uleb128 0xe
 4515 02b4 03       		.uleb128 0x3
 4516 02b5 0E       		.uleb128 0xe
 4517 02b6 3A       		.uleb128 0x3a
 4518 02b7 0B       		.uleb128 0xb
 4519 02b8 3B       		.uleb128 0x3b
 4520 02b9 0B       		.uleb128 0xb
 4521 02ba 00       		.byte	0
 4522 02bb 00       		.byte	0
 4523 02bc 34       		.uleb128 0x34
 4524 02bd 2E       		.uleb128 0x2e
 4525 02be 00       		.byte	0
 4526 02bf 3F       		.uleb128 0x3f
 4527 02c0 19       		.uleb128 0x19
 4528 02c1 3C       		.uleb128 0x3c
 4529 02c2 19       		.uleb128 0x19
ARM GAS  C:\Users\Finik\AppData\Local\Temp\cctwKBtC.s 			page 178


 4530 02c3 6E       		.uleb128 0x6e
 4531 02c4 0E       		.uleb128 0xe
 4532 02c5 03       		.uleb128 0x3
 4533 02c6 0E       		.uleb128 0xe
 4534 02c7 00       		.byte	0
 4535 02c8 00       		.byte	0
 4536 02c9 00       		.byte	0
 4537              		.section	.debug_loc,"",%progbits
 4538              	.Ldebug_loc0:
 4539              	.LLST0:
 4540 0000 CE000000 		.4byte	.LVL14
 4541 0004 D4000000 		.4byte	.LVL15
 4542 0008 0100     		.2byte	0x1
 4543 000a 50       		.byte	0x50
 4544 000b D8000000 		.4byte	.LVL16
 4545 000f E0000000 		.4byte	.LVL17
 4546 0013 0100     		.2byte	0x1
 4547 0015 50       		.byte	0x50
 4548 0016 EC000000 		.4byte	.LVL18
 4549 001a F2000000 		.4byte	.LVL19
 4550 001e 0100     		.2byte	0x1
 4551 0020 50       		.byte	0x50
 4552 0021 F6000000 		.4byte	.LVL20
 4553 0025 48010000 		.4byte	.LVL28
 4554 0029 0100     		.2byte	0x1
 4555 002b 50       		.byte	0x50
 4556 002c 00000000 		.4byte	0
 4557 0030 00000000 		.4byte	0
 4558              	.LLST1:
 4559 0034 04000000 		.4byte	.LVL1
 4560 0038 12000000 		.4byte	.LVL2
 4561 003c 0200     		.2byte	0x2
 4562 003e 30       		.byte	0x30
 4563 003f 9F       		.byte	0x9f
 4564 0040 00000000 		.4byte	0
 4565 0044 00000000 		.4byte	0
 4566              	.LLST2:
 4567 0048 12000000 		.4byte	.LVL2
 4568 004c 26000000 		.4byte	.LVL3
 4569 0050 0200     		.2byte	0x2
 4570 0052 30       		.byte	0x30
 4571 0053 9F       		.byte	0x9f
 4572 0054 00000000 		.4byte	0
 4573 0058 00000000 		.4byte	0
 4574              	.LLST3:
 4575 005c 26000000 		.4byte	.LVL3
 4576 0060 3E000000 		.4byte	.LVL4
 4577 0064 0200     		.2byte	0x2
 4578 0066 31       		.byte	0x31
 4579 0067 9F       		.byte	0x9f
 4580 0068 00000000 		.4byte	0
 4581 006c 00000000 		.4byte	0
 4582              	.LLST4:
 4583 0070 3E000000 		.4byte	.LVL4
 4584 0074 4C000000 		.4byte	.LVL5
 4585 0078 0200     		.2byte	0x2
 4586 007a 30       		.byte	0x30
ARM GAS  C:\Users\Finik\AppData\Local\Temp\cctwKBtC.s 			page 179


 4587 007b 9F       		.byte	0x9f
 4588 007c 00000000 		.4byte	0
 4589 0080 00000000 		.4byte	0
 4590              	.LLST5:
 4591 0084 4C000000 		.4byte	.LVL5
 4592 0088 64000000 		.4byte	.LVL6
 4593 008c 0200     		.2byte	0x2
 4594 008e 30       		.byte	0x30
 4595 008f 9F       		.byte	0x9f
 4596 0090 00000000 		.4byte	0
 4597 0094 00000000 		.4byte	0
 4598              	.LLST7:
 4599 0098 4C000000 		.4byte	.LVL5
 4600 009c 64000000 		.4byte	.LVL6
 4601 00a0 0600     		.2byte	0x6
 4602 00a2 0C       		.byte	0xc
 4603 00a3 01004A00 		.4byte	0x4a0001
 4604 00a7 9F       		.byte	0x9f
 4605 00a8 00000000 		.4byte	0
 4606 00ac 00000000 		.4byte	0
 4607              	.LLST8:
 4608 00b0 64000000 		.4byte	.LVL6
 4609 00b4 7A000000 		.4byte	.LVL7
 4610 00b8 0200     		.2byte	0x2
 4611 00ba 30       		.byte	0x30
 4612 00bb 9F       		.byte	0x9f
 4613 00bc 00000000 		.4byte	0
 4614 00c0 00000000 		.4byte	0
 4615              	.LLST10:
 4616 00c4 64000000 		.4byte	.LVL6
 4617 00c8 7A000000 		.4byte	.LVL7
 4618 00cc 0600     		.2byte	0x6
 4619 00ce 0C       		.byte	0xc
 4620 00cf 01004A00 		.4byte	0x4a0001
 4621 00d3 9F       		.byte	0x9f
 4622 00d4 00000000 		.4byte	0
 4623 00d8 00000000 		.4byte	0
 4624              	.LLST11:
 4625 00dc 7A000000 		.4byte	.LVL7
 4626 00e0 92000000 		.4byte	.LVL8
 4627 00e4 0200     		.2byte	0x2
 4628 00e6 30       		.byte	0x30
 4629 00e7 9F       		.byte	0x9f
 4630 00e8 00000000 		.4byte	0
 4631 00ec 00000000 		.4byte	0
 4632              	.LLST12:
 4633 00f0 7A000000 		.4byte	.LVL7
 4634 00f4 92000000 		.4byte	.LVL8
 4635 00f8 0600     		.2byte	0x6
 4636 00fa 0C       		.byte	0xc
 4637 00fb 01004A00 		.4byte	0x4a0001
 4638 00ff 9F       		.byte	0x9f
 4639 0100 00000000 		.4byte	0
 4640 0104 00000000 		.4byte	0
 4641              	.LLST13:
 4642 0108 F6000000 		.4byte	.LVL20
 4643 010c 02010000 		.4byte	.LVL21
ARM GAS  C:\Users\Finik\AppData\Local\Temp\cctwKBtC.s 			page 180


 4644 0110 0200     		.2byte	0x2
 4645 0112 30       		.byte	0x30
 4646 0113 9F       		.byte	0x9f
 4647 0114 00000000 		.4byte	0
 4648 0118 00000000 		.4byte	0
 4649              	.LLST14:
 4650 011c 02010000 		.4byte	.LVL21
 4651 0120 0A010000 		.4byte	.LVL22
 4652 0124 0200     		.2byte	0x2
 4653 0126 30       		.byte	0x30
 4654 0127 9F       		.byte	0x9f
 4655 0128 00000000 		.4byte	0
 4656 012c 00000000 		.4byte	0
 4657              	.LLST15:
 4658 0130 14010000 		.4byte	.LVL23
 4659 0134 1E010000 		.4byte	.LVL24
 4660 0138 0200     		.2byte	0x2
 4661 013a 30       		.byte	0x30
 4662 013b 9F       		.byte	0x9f
 4663 013c 00000000 		.4byte	0
 4664 0140 00000000 		.4byte	0
 4665              	.LLST16:
 4666 0144 1E010000 		.4byte	.LVL24
 4667 0148 2C010000 		.4byte	.LVL25
 4668 014c 0200     		.2byte	0x2
 4669 014e 32       		.byte	0x32
 4670 014f 9F       		.byte	0x9f
 4671 0150 00000000 		.4byte	0
 4672 0154 00000000 		.4byte	0
 4673              	.LLST17:
 4674 0158 36010000 		.4byte	.LVL26
 4675 015c 46010000 		.4byte	.LVL27
 4676 0160 0200     		.2byte	0x2
 4677 0162 31       		.byte	0x31
 4678 0163 9F       		.byte	0x9f
 4679 0164 00000000 		.4byte	0
 4680 0168 00000000 		.4byte	0
 4681              	.LLST18:
 4682 016c 54010000 		.4byte	.LVL30
 4683 0170 5E010000 		.4byte	.LVL31
 4684 0174 0200     		.2byte	0x2
 4685 0176 31       		.byte	0x31
 4686 0177 9F       		.byte	0x9f
 4687 0178 00000000 		.4byte	0
 4688 017c 00000000 		.4byte	0
 4689              	.LLST19:
 4690 0180 18000000 		.4byte	.LVL35
 4691 0184 30000000 		.4byte	.LVL36
 4692 0188 0600     		.2byte	0x6
 4693 018a 0C       		.byte	0xc
 4694 018b 03004A00 		.4byte	0x4a0003
 4695 018f 9F       		.byte	0x9f
 4696 0190 00000000 		.4byte	0
 4697 0194 00000000 		.4byte	0
 4698              		.section	.debug_aranges,"",%progbits
 4699 0000 2C000000 		.4byte	0x2c
 4700 0004 0200     		.2byte	0x2
ARM GAS  C:\Users\Finik\AppData\Local\Temp\cctwKBtC.s 			page 181


 4701 0006 00000000 		.4byte	.Ldebug_info0
 4702 000a 04       		.byte	0x4
 4703 000b 00       		.byte	0
 4704 000c 0000     		.2byte	0
 4705 000e 0000     		.2byte	0
 4706 0010 00000000 		.4byte	.LFB187
 4707 0014 02000000 		.4byte	.LFE187-.LFB187
 4708 0018 00000000 		.4byte	.LFB188
 4709 001c A4010000 		.4byte	.LFE188-.LFB188
 4710 0020 00000000 		.4byte	.LFB190
 4711 0024 2C010000 		.4byte	.LFE190-.LFB190
 4712 0028 00000000 		.4byte	0
 4713 002c 00000000 		.4byte	0
 4714              		.section	.debug_ranges,"",%progbits
 4715              	.Ldebug_ranges0:
 4716 0000 00000000 		.4byte	.LFB187
 4717 0004 02000000 		.4byte	.LFE187
 4718 0008 00000000 		.4byte	.LFB188
 4719 000c A4010000 		.4byte	.LFE188
 4720 0010 00000000 		.4byte	.LFB190
 4721 0014 2C010000 		.4byte	.LFE190
 4722 0018 00000000 		.4byte	0
 4723 001c 00000000 		.4byte	0
 4724              		.section	.debug_line,"",%progbits
 4725              	.Ldebug_line0:
 4726 0000 11040000 		.section	.debug_str,"MS",%progbits,1
 4726      02003E03 
 4726      00000201 
 4726      FB0E0D00 
 4726      01010101 
 4727              	.LASF245:
 4728 0000 43595F53 		.ascii	"CY_SYSPM_LDO_VOLTAGE_1_1V\000"
 4728      5953504D 
 4728      5F4C444F 
 4728      5F564F4C 
 4728      54414745 
 4729              	.LASF140:
 4730 001a 4241434B 		.ascii	"BACKUP_Type\000"
 4730      55505F54 
 4730      79706500 
 4731              	.LASF10:
 4732 0026 6C6F6E67 		.ascii	"long int\000"
 4732      20696E74 
 4732      00
 4733              	.LASF20:
 4734 002f 52455345 		.ascii	"RESERVED\000"
 4734      52564544 
 4734      00
 4735              	.LASF133:
 4736 0038 5644445F 		.ascii	"VDD_ACTIVE\000"
 4736      41435449 
 4736      564500
 4737              	.LASF129:
 4738 0043 494E5452 		.ascii	"INTR_CAUSE0\000"
 4738      5F434155 
 4738      53453000 
 4739              	.LASF130:
ARM GAS  C:\Users\Finik\AppData\Local\Temp\cctwKBtC.s 			page 182


 4740 004f 494E5452 		.ascii	"INTR_CAUSE1\000"
 4740      5F434155 
 4740      53453100 
 4741              	.LASF131:
 4742 005b 494E5452 		.ascii	"INTR_CAUSE2\000"
 4742      5F434155 
 4742      53453200 
 4743              	.LASF132:
 4744 0067 494E5452 		.ascii	"INTR_CAUSE3\000"
 4744      5F434155 
 4744      53453300 
 4745              	.LASF139:
 4746 0073 53525353 		.ascii	"SRSS_Type\000"
 4746      5F547970 
 4746      6500
 4747              	.LASF394:
 4748 007d 63795F64 		.ascii	"cy_device\000"
 4748      65766963 
 4748      6500
 4749              	.LASF350:
 4750 0087 636C6B48 		.ascii	"clkHf\000"
 4750      6600
 4751              	.LASF340:
 4752 008d 43595F53 		.ascii	"CY_SYSCLK_BAK_IN_WCO\000"
 4752      5953434C 
 4752      4B5F4241 
 4752      4B5F494E 
 4752      5F57434F 
 4753              	.LASF213:
 4754 00a2 63707573 		.ascii	"cpussCm0ClockCtlOffset\000"
 4754      73436D30 
 4754      436C6F63 
 4754      6B43746C 
 4754      4F666673 
 4755              	.LASF172:
 4756 00b9 70657269 		.ascii	"periClockNr\000"
 4756      436C6F63 
 4756      6B4E7200 
 4757              	.LASF242:
 4758 00c5 43595F53 		.ascii	"CY_SYSPM_LDO_VOLTAGE_ULP\000"
 4758      5953504D 
 4758      5F4C444F 
 4758      5F564F4C 
 4758      54414745 
 4759              	.LASF146:
 4760 00de 75646242 		.ascii	"udbBase\000"
 4760      61736500 
 4761              	.LASF379:
 4762 00e6 43795F53 		.ascii	"Cy_SysClk_ClkPathSetSource\000"
 4762      7973436C 
 4762      6B5F436C 
 4762      6B506174 
 4762      68536574 
 4763              	.LASF236:
 4764 0101 63666749 		.ascii	"cfgIn\000"
 4764      6E00
 4765              	.LASF145:
ARM GAS  C:\Users\Finik\AppData\Local\Temp\cctwKBtC.s 			page 183


 4766 0107 70657269 		.ascii	"periBase\000"
 4766      42617365 
 4766      00
 4767              	.LASF32:
 4768 0110 4D435744 		.ascii	"MCWDT_STRUCT_V1_Type\000"
 4768      545F5354 
 4768      52554354 
 4768      5F56315F 
 4768      54797065 
 4769              	.LASF221:
 4770 0125 63707573 		.ascii	"cpussCm0NmiCtlOffset\000"
 4770      73436D30 
 4770      4E6D6943 
 4770      746C4F66 
 4770      66736574 
 4771              	.LASF389:
 4772 013a 433A5C55 		.ascii	"C:\\Users\\Finik\\Desktop\\uni_labs_4\\Neiro\\Embed"
 4772      73657273 
 4772      5C46696E 
 4772      696B5C44 
 4772      65736B74 
 4773 0167 5C50726F 		.ascii	"\\Proj_2.cydsn\000"
 4773      6A5F322E 
 4773      63796473 
 4773      6E00
 4774              	.LASF191:
 4775 0175 64774368 		.ascii	"dwChSize\000"
 4775      53697A65 
 4775      00
 4776              	.LASF367:
 4777 017e 43795F53 		.ascii	"Cy_SysClk_ClkTimerSetSource\000"
 4777      7973436C 
 4777      6B5F436C 
 4777      6B54696D 
 4777      65725365 
 4778              	.LASF248:
 4779 019a 43595F53 		.ascii	"CY_SYSCLK_TIMEOUT\000"
 4779      5953434C 
 4779      4B5F5449 
 4779      4D454F55 
 4779      5400
 4780              	.LASF333:
 4781 01ac 63795F65 		.ascii	"cy_en_clkpump_in_sources_t\000"
 4781      6E5F636C 
 4781      6B70756D 
 4781      705F696E 
 4781      5F736F75 
 4782              	.LASF307:
 4783 01c7 43595F53 		.ascii	"CY_SYSCLK_CLKLF_IN_WCO\000"
 4783      5953434C 
 4783      4B5F434C 
 4783      4B4C465F 
 4783      494E5F57 
 4784              	.LASF243:
 4785 01de 43595F53 		.ascii	"CY_SYSPM_LDO_VOLTAGE_LP\000"
 4785      5953504D 
 4785      5F4C444F 
ARM GAS  C:\Users\Finik\AppData\Local\Temp\cctwKBtC.s 			page 184


 4785      5F564F4C 
 4785      54414745 
 4786              	.LASF281:
 4787 01f6 63636F5F 		.ascii	"cco_Freq\000"
 4787      46726571 
 4787      00
 4788              	.LASF38:
 4789 01ff 5057525F 		.ascii	"PWR_LVD_STATUS\000"
 4789      4C56445F 
 4789      53544154 
 4789      555300
 4790              	.LASF82:
 4791 020e 5245535F 		.ascii	"RES_CAUSE2\000"
 4791      43415553 
 4791      453200
 4792              	.LASF362:
 4793 0219 43795F53 		.ascii	"Cy_SysClk_ClkPumpEnable\000"
 4793      7973436C 
 4793      6B5F436C 
 4793      6B50756D 
 4793      70456E61 
 4794              	.LASF173:
 4795 0231 736D6966 		.ascii	"smifDeviceNr\000"
 4795      44657669 
 4795      63654E72 
 4795      00
 4796              	.LASF203:
 4797 023e 70657269 		.ascii	"periDivCmdPaTypeSelPos\000"
 4797      44697643 
 4797      6D645061 
 4797      54797065 
 4797      53656C50 
 4798              	.LASF390:
 4799 0255 4379436C 		.ascii	"CyClockStartupError\000"
 4799      6F636B53 
 4799      74617274 
 4799      75704572 
 4799      726F7200 
 4800              	.LASF77:
 4801 0269 53525353 		.ascii	"SRSS_INTR_MASK\000"
 4801      5F494E54 
 4801      525F4D41 
 4801      534B00
 4802              	.LASF126:
 4803 0278 4346475F 		.ascii	"CFG_SIO\000"
 4803      53494F00 
 4804              	.LASF69:
 4805 0280 434C4B5F 		.ascii	"CLK_FLL_STATUS\000"
 4805      464C4C5F 
 4805      53544154 
 4805      555300
 4806              	.LASF238:
 4807 028f 63666753 		.ascii	"cfgSIO\000"
 4807      494F00
 4808              	.LASF365:
 4809 0296 43795F53 		.ascii	"Cy_SysClk_ClkTimerEnable\000"
 4809      7973436C 
ARM GAS  C:\Users\Finik\AppData\Local\Temp\cctwKBtC.s 			page 185


 4809      6B5F436C 
 4809      6B54696D 
 4809      6572456E 
 4810              	.LASF53:
 4811 02af 434C4B5F 		.ascii	"CLK_ILO_CONFIG\000"
 4811      494C4F5F 
 4811      434F4E46 
 4811      494700
 4812              	.LASF143:
 4813 02be 63707573 		.ascii	"cpussBase\000"
 4813      73426173 
 4813      6500
 4814              	.LASF54:
 4815 02c8 434C4B5F 		.ascii	"CLK_IMO_CONFIG\000"
 4815      494D4F5F 
 4815      434F4E46 
 4815      494700
 4816              	.LASF276:
 4817 02d7 6C6F636B 		.ascii	"lockTolerance\000"
 4817      546F6C65 
 4817      72616E63 
 4817      6500
 4818              	.LASF273:
 4819 02e5 72656644 		.ascii	"refDiv\000"
 4819      697600
 4820              	.LASF344:
 4821 02ec 43595F53 		.ascii	"CY_SYSTICK_CLOCK_SOURCE_CLK_IMO\000"
 4821      59535449 
 4821      434B5F43 
 4821      4C4F434B 
 4821      5F534F55 
 4822              	.LASF317:
 4823 030c 43595F53 		.ascii	"CY_SYSCLK_PUMP_IN_CLKPATH0\000"
 4823      5953434C 
 4823      4B5F5055 
 4823      4D505F49 
 4823      4E5F434C 
 4824              	.LASF318:
 4825 0327 43595F53 		.ascii	"CY_SYSCLK_PUMP_IN_CLKPATH1\000"
 4825      5953434C 
 4825      4B5F5055 
 4825      4D505F49 
 4825      4E5F434C 
 4826              	.LASF319:
 4827 0342 43595F53 		.ascii	"CY_SYSCLK_PUMP_IN_CLKPATH2\000"
 4827      5953434C 
 4827      4B5F5055 
 4827      4D505F49 
 4827      4E5F434C 
 4828              	.LASF320:
 4829 035d 43595F53 		.ascii	"CY_SYSCLK_PUMP_IN_CLKPATH3\000"
 4829      5953434C 
 4829      4B5F5055 
 4829      4D505F49 
 4829      4E5F434C 
 4830              	.LASF321:
 4831 0378 43595F53 		.ascii	"CY_SYSCLK_PUMP_IN_CLKPATH4\000"
ARM GAS  C:\Users\Finik\AppData\Local\Temp\cctwKBtC.s 			page 186


 4831      5953434C 
 4831      4B5F5055 
 4831      4D505F49 
 4831      4E5F434C 
 4832              	.LASF322:
 4833 0393 43595F53 		.ascii	"CY_SYSCLK_PUMP_IN_CLKPATH5\000"
 4833      5953434C 
 4833      4B5F5055 
 4833      4D505F49 
 4833      4E5F434C 
 4834              	.LASF323:
 4835 03ae 43595F53 		.ascii	"CY_SYSCLK_PUMP_IN_CLKPATH6\000"
 4835      5953434C 
 4835      4B5F5055 
 4835      4D505F49 
 4835      4E5F434C 
 4836              	.LASF324:
 4837 03c9 43595F53 		.ascii	"CY_SYSCLK_PUMP_IN_CLKPATH7\000"
 4837      5953434C 
 4837      4B5F5055 
 4837      4D505F49 
 4837      4E5F434C 
 4838              	.LASF56:
 4839 03e4 434C4B5F 		.ascii	"CLK_OUTPUT_SLOW\000"
 4839      4F555450 
 4839      55545F53 
 4839      4C4F5700 
 4840              	.LASF326:
 4841 03f4 43595F53 		.ascii	"CY_SYSCLK_PUMP_IN_CLKPATH9\000"
 4841      5953434C 
 4841      4B5F5055 
 4841      4D505F49 
 4841      4E5F434C 
 4842              	.LASF168:
 4843 040f 63707573 		.ascii	"cpussNotConnectedIrq\000"
 4843      734E6F74 
 4843      436F6E6E 
 4843      65637465 
 4843      64497271 
 4844              	.LASF280:
 4845 0424 6F757470 		.ascii	"outputMode\000"
 4845      75744D6F 
 4845      646500
 4846              	.LASF7:
 4847 042f 73686F72 		.ascii	"short int\000"
 4847      7420696E 
 4847      7400
 4848              	.LASF50:
 4849 0439 434C4B5F 		.ascii	"CLK_SELECT\000"
 4849      53454C45 
 4849      435400
 4850              	.LASF167:
 4851 0444 63707573 		.ascii	"cpussFmIrq\000"
 4851      73466D49 
 4851      727100
 4852              	.LASF103:
 4853 044f 5254435F 		.ascii	"RTC_TIME\000"
ARM GAS  C:\Users\Finik\AppData\Local\Temp\cctwKBtC.s 			page 187


 4853      54494D45 
 4853      00
 4854              	.LASF372:
 4855 0458 666C6C43 		.ascii	"fllConfig\000"
 4855      6F6E6669 
 4855      6700
 4856              	.LASF202:
 4857 0462 70657269 		.ascii	"periDivCmdPaDivSelPos\000"
 4857      44697643 
 4857      6D645061 
 4857      44697653 
 4857      656C506F 
 4858              	.LASF370:
 4859 0478 43795F53 		.ascii	"Cy_SysPm_PmicUnlock\000"
 4859      7973506D 
 4859      5F506D69 
 4859      63556E6C 
 4859      6F636B00 
 4860              	.LASF110:
 4861 048c 494E5452 		.ascii	"INTR_SET\000"
 4861      5F534554 
 4861      00
 4862              	.LASF179:
 4863 0495 63727970 		.ascii	"cryptoMemSize\000"
 4863      746F4D65 
 4863      6D53697A 
 4863      6500
 4864              	.LASF225:
 4865 04a3 63707573 		.ascii	"cpussRam1Ctl0\000"
 4865      7352616D 
 4865      3143746C 
 4865      3000
 4866              	.LASF246:
 4867 04b1 43595F53 		.ascii	"CY_SYSCLK_SUCCESS\000"
 4867      5953434C 
 4867      4B5F5355 
 4867      43434553 
 4867      5300
 4868              	.LASF380:
 4869 04c3 43795F53 		.ascii	"Cy_SysClk_FllEnable\000"
 4869      7973436C 
 4869      6B5F466C 
 4869      6C456E61 
 4869      626C6500 
 4870              	.LASF227:
 4871 04d7 69706353 		.ascii	"ipcStructSize\000"
 4871      74727563 
 4871      7453697A 
 4871      6500
 4872              	.LASF85:
 4873 04e5 5057525F 		.ascii	"PWR_TRIM_BODOVP_CTL\000"
 4873      5452494D 
 4873      5F424F44 
 4873      4F56505F 
 4873      43544C00 
 4874              	.LASF199:
 4875 04f9 70657269 		.ascii	"periTrGrSize\000"
ARM GAS  C:\Users\Finik\AppData\Local\Temp\cctwKBtC.s 			page 188


 4875      54724772 
 4875      53697A65 
 4875      00
 4876              	.LASF272:
 4877 0506 666C6C4D 		.ascii	"fllMult\000"
 4877      756C7400 
 4878              	.LASF161:
 4879 050e 70726F74 		.ascii	"protVersion\000"
 4879      56657273 
 4879      696F6E00 
 4880              	.LASF79:
 4881 051a 53525353 		.ascii	"SRSS_INTR_CFG\000"
 4881      5F494E54 
 4881      525F4346 
 4881      4700
 4882              	.LASF305:
 4883 0528 63795F65 		.ascii	"cy_en_clkhf_dividers_t\000"
 4883      6E5F636C 
 4883      6B68665F 
 4883      64697669 
 4883      64657273 
 4884              	.LASF363:
 4885 053f 43795F53 		.ascii	"Cy_SysClk_ClkPumpSetDivider\000"
 4885      7973436C 
 4885      6B5F436C 
 4885      6B50756D 
 4885      70536574 
 4886              	.LASF201:
 4887 055b 70657269 		.ascii	"periDivCmdTypeSelPos\000"
 4887      44697643 
 4887      6D645479 
 4887      70655365 
 4887      6C506F73 
 4888              	.LASF355:
 4889 0570 43795F53 		.ascii	"Cy_SysClk_ClkSlowSetDivider\000"
 4889      7973436C 
 4889      6B5F436C 
 4889      6B536C6F 
 4889      77536574 
 4890              	.LASF218:
 4891 058c 63707573 		.ascii	"cpussTrimRamCtlOffset\000"
 4891      73547269 
 4891      6D52616D 
 4891      43746C4F 
 4891      66667365 
 4892              	.LASF124:
 4893 05a2 4346475F 		.ascii	"CFG_IN\000"
 4893      494E00
 4894              	.LASF383:
 4895 05a9 43795F47 		.ascii	"Cy_GPIO_Port_Init\000"
 4895      50494F5F 
 4895      506F7274 
 4895      5F496E69 
 4895      7400
 4896              	.LASF33:
 4897 05bb 5057525F 		.ascii	"PWR_CTL\000"
 4897      43544C00 
ARM GAS  C:\Users\Finik\AppData\Local\Temp\cctwKBtC.s 			page 189


 4898              	.LASF89:
 4899 05c3 5057525F 		.ascii	"PWR_TRIM_WAKE_CTL\000"
 4899      5452494D 
 4899      5F57414B 
 4899      455F4354 
 4899      4C00
 4900              	.LASF39:
 4901 05d5 5057525F 		.ascii	"PWR_HIB_DATA\000"
 4901      4849425F 
 4901      44415441 
 4901      00
 4902              	.LASF343:
 4903 05e2 43595F53 		.ascii	"CY_SYSTICK_CLOCK_SOURCE_CLK_LF\000"
 4903      59535449 
 4903      434B5F43 
 4903      4C4F434B 
 4903      5F534F55 
 4904              	.LASF22:
 4905 0601 4D435744 		.ascii	"MCWDT_CNTHIGH\000"
 4905      545F434E 
 4905      54484947 
 4905      4800
 4906              	.LASF345:
 4907 060f 43595F53 		.ascii	"CY_SYSTICK_CLOCK_SOURCE_CLK_ECO\000"
 4907      59535449 
 4907      434B5F43 
 4907      4C4F434B 
 4907      5F534F55 
 4908              	.LASF19:
 4909 062f 75696E74 		.ascii	"uint32_t\000"
 4909      33325F74 
 4909      00
 4910              	.LASF339:
 4911 0638 63795F65 		.ascii	"cy_en_clkpump_divide_t\000"
 4911      6E5F636C 
 4911      6B70756D 
 4911      705F6469 
 4911      76696465 
 4912              	.LASF366:
 4913 064f 43795F53 		.ascii	"Cy_SysClk_ClkTimerSetDivider\000"
 4913      7973436C 
 4913      6B5F436C 
 4913      6B54696D 
 4913      65725365 
 4914              	.LASF294:
 4915 066c 43595F53 		.ascii	"CY_SYSCLK_CLKHF_IN_CLKPATH10\000"
 4915      5953434C 
 4915      4B5F434C 
 4915      4B48465F 
 4915      494E5F43 
 4916              	.LASF256:
 4917 0689 43595F53 		.ascii	"CY_SYSCLK_CLKPATH_IN_DSI\000"
 4917      5953434C 
 4917      4B5F434C 
 4917      4B504154 
 4917      485F494E 
 4918              	.LASF138:
ARM GAS  C:\Users\Finik\AppData\Local\Temp\cctwKBtC.s 			page 190


 4919 06a2 4750494F 		.ascii	"GPIO_V1_Type\000"
 4919      5F56315F 
 4919      54797065 
 4919      00
 4920              	.LASF211:
 4921 06af 6770696F 		.ascii	"gpioPrtCfgOutOffset\000"
 4921      50727443 
 4921      66674F75 
 4921      744F6666 
 4921      73657400 
 4922              	.LASF298:
 4923 06c3 43595F53 		.ascii	"CY_SYSCLK_CLKHF_IN_CLKPATH14\000"
 4923      5953434C 
 4923      4B5F434C 
 4923      4B48465F 
 4923      494E5F43 
 4924              	.LASF109:
 4925 06e0 494E5452 		.ascii	"INTR\000"
 4925      00
 4926              	.LASF93:
 4927 06e5 434C4B5F 		.ascii	"CLK_TRIM_ILO_CTL\000"
 4927      5452494D 
 4927      5F494C4F 
 4927      5F43544C 
 4927      00
 4928              	.LASF29:
 4929 06f6 4D435744 		.ascii	"MCWDT_INTR_MASKED\000"
 4929      545F494E 
 4929      54525F4D 
 4929      41534B45 
 4929      4400
 4930              	.LASF231:
 4931 0708 666C6F61 		.ascii	"float\000"
 4931      7400
 4932              	.LASF364:
 4933 070e 43795F53 		.ascii	"Cy_SysClk_ClkPumpSetSource\000"
 4933      7973436C 
 4933      6B5F436C 
 4933      6B50756D 
 4933      70536574 
 4934              	.LASF154:
 4935 0729 63727970 		.ascii	"cryptoVersion\000"
 4935      746F5665 
 4935      7273696F 
 4935      6E00
 4936              	.LASF183:
 4937 0737 666C6173 		.ascii	"flashProgramDelay\000"
 4937      6850726F 
 4937      6772616D 
 4937      44656C61 
 4937      7900
 4938              	.LASF120:
 4939 0749 4F55545F 		.ascii	"OUT_CLR\000"
 4939      434C5200 
 4940              	.LASF31:
 4941 0751 52455345 		.ascii	"RESERVED1\000"
 4941      52564544 
ARM GAS  C:\Users\Finik\AppData\Local\Temp\cctwKBtC.s 			page 191


 4941      3100
 4942              	.LASF17:
 4943 075b 696E7431 		.ascii	"int16_t\000"
 4943      365F7400 
 4944              	.LASF210:
 4945 0763 6770696F 		.ascii	"gpioPrtCfgInOffset\000"
 4945      50727443 
 4945      6667496E 
 4945      4F666673 
 4945      657400
 4946              	.LASF95:
 4947 0776 434C4B5F 		.ascii	"CLK_TRIM_ECO_CTL\000"
 4947      5452494D 
 4947      5F45434F 
 4947      5F43544C 
 4947      00
 4948              	.LASF279:
 4949 0787 73657474 		.ascii	"settlingCount\000"
 4949      6C696E67 
 4949      436F756E 
 4949      7400
 4950              	.LASF91:
 4951 0795 5057525F 		.ascii	"PWR_TRIM_LVD_CTL\000"
 4951      5452494D 
 4951      5F4C5644 
 4951      5F43544C 
 4951      00
 4952              	.LASF13:
 4953 07a6 6C6F6E67 		.ascii	"long long unsigned int\000"
 4953      206C6F6E 
 4953      6720756E 
 4953      7369676E 
 4953      65642069 
 4954              	.LASF207:
 4955 07bd 70657269 		.ascii	"periDiv24_5CtlOffset\000"
 4955      44697632 
 4955      345F3543 
 4955      746C4F66 
 4955      66736574 
 4956              	.LASF115:
 4957 07d2 504D4943 		.ascii	"PMIC_CTL\000"
 4957      5F43544C 
 4957      00
 4958              	.LASF240:
 4959 07db 73656C31 		.ascii	"sel1Active\000"
 4959      41637469 
 4959      766500
 4960              	.LASF166:
 4961 07e6 63707573 		.ascii	"cpussIpc0Irq\000"
 4961      73497063 
 4961      30497271 
 4961      00
 4962              	.LASF277:
 4963 07f3 69676169 		.ascii	"igain\000"
 4963      6E00
 4964              	.LASF284:
 4965 07f9 43595F53 		.ascii	"CY_SYSCLK_CLKHF_IN_CLKPATH0\000"
ARM GAS  C:\Users\Finik\AppData\Local\Temp\cctwKBtC.s 			page 192


 4965      5953434C 
 4965      4B5F434C 
 4965      4B48465F 
 4965      494E5F43 
 4966              	.LASF285:
 4967 0815 43595F53 		.ascii	"CY_SYSCLK_CLKHF_IN_CLKPATH1\000"
 4967      5953434C 
 4967      4B5F434C 
 4967      4B48465F 
 4967      494E5F43 
 4968              	.LASF286:
 4969 0831 43595F53 		.ascii	"CY_SYSCLK_CLKHF_IN_CLKPATH2\000"
 4969      5953434C 
 4969      4B5F434C 
 4969      4B48465F 
 4969      494E5F43 
 4970              	.LASF287:
 4971 084d 43595F53 		.ascii	"CY_SYSCLK_CLKHF_IN_CLKPATH3\000"
 4971      5953434C 
 4971      4B5F434C 
 4971      4B48465F 
 4971      494E5F43 
 4972              	.LASF288:
 4973 0869 43595F53 		.ascii	"CY_SYSCLK_CLKHF_IN_CLKPATH4\000"
 4973      5953434C 
 4973      4B5F434C 
 4973      4B48465F 
 4973      494E5F43 
 4974              	.LASF289:
 4975 0885 43595F53 		.ascii	"CY_SYSCLK_CLKHF_IN_CLKPATH5\000"
 4975      5953434C 
 4975      4B5F434C 
 4975      4B48465F 
 4975      494E5F43 
 4976              	.LASF290:
 4977 08a1 43595F53 		.ascii	"CY_SYSCLK_CLKHF_IN_CLKPATH6\000"
 4977      5953434C 
 4977      4B5F434C 
 4977      4B48465F 
 4977      494E5F43 
 4978              	.LASF291:
 4979 08bd 43595F53 		.ascii	"CY_SYSCLK_CLKHF_IN_CLKPATH7\000"
 4979      5953434C 
 4979      4B5F434C 
 4979      4B48465F 
 4979      494E5F43 
 4980              	.LASF292:
 4981 08d9 43595F53 		.ascii	"CY_SYSCLK_CLKHF_IN_CLKPATH8\000"
 4981      5953434C 
 4981      4B5F434C 
 4981      4B48465F 
 4981      494E5F43 
 4982              	.LASF293:
 4983 08f5 43595F53 		.ascii	"CY_SYSCLK_CLKHF_IN_CLKPATH9\000"
 4983      5953434C 
 4983      4B5F434C 
 4983      4B48465F 
ARM GAS  C:\Users\Finik\AppData\Local\Temp\cctwKBtC.s 			page 193


 4983      494E5F43 
 4984              	.LASF8:
 4985 0911 5F5F7569 		.ascii	"__uint16_t\000"
 4985      6E743136 
 4985      5F7400
 4986              	.LASF37:
 4987 091c 5057525F 		.ascii	"PWR_BUCK_CTL2\000"
 4987      4255434B 
 4987      5F43544C 
 4987      3200
 4988              	.LASF356:
 4989 092a 43795F53 		.ascii	"Cy_SysClk_ClkPeriSetDivider\000"
 4989      7973436C 
 4989      6B5F436C 
 4989      6B506572 
 4989      69536574 
 4990              	.LASF316:
 4991 0946 63795F65 		.ascii	"cy_en_clktimer_in_sources_t\000"
 4991      6E5F636C 
 4991      6B74696D 
 4991      65725F69 
 4991      6E5F736F 
 4992              	.LASF313:
 4993 0962 43595F53 		.ascii	"CY_SYSCLK_CLKTIMER_IN_HF0_DIV2\000"
 4993      5953434C 
 4993      4B5F434C 
 4993      4B54494D 
 4993      45525F49 
 4994              	.LASF314:
 4995 0981 43595F53 		.ascii	"CY_SYSCLK_CLKTIMER_IN_HF0_DIV4\000"
 4995      5953434C 
 4995      4B5F434C 
 4995      4B54494D 
 4995      45525F49 
 4996              	.LASF65:
 4997 09a0 434C4B5F 		.ascii	"CLK_FLL_CONFIG\000"
 4997      464C4C5F 
 4997      434F4E46 
 4997      494700
 4998              	.LASF125:
 4999 09af 4346475F 		.ascii	"CFG_OUT\000"
 4999      4F555400 
 5000              	.LASF105:
 5001 09b7 414C4D31 		.ascii	"ALM1_TIME\000"
 5001      5F54494D 
 5001      4500
 5002              	.LASF315:
 5003 09c1 43595F53 		.ascii	"CY_SYSCLK_CLKTIMER_IN_HF0_DIV8\000"
 5003      5953434C 
 5003      4B5F434C 
 5003      4B54494D 
 5003      45525F49 
 5004              	.LASF61:
 5005 09e0 434C4B5F 		.ascii	"CLK_ECO_STATUS\000"
 5005      45434F5F 
 5005      53544154 
 5005      555300
ARM GAS  C:\Users\Finik\AppData\Local\Temp\cctwKBtC.s 			page 194


 5006              	.LASF188:
 5007 09ef 666C6173 		.ascii	"flashCtlMainWs3Freq\000"
 5007      6843746C 
 5007      4D61696E 
 5007      57733346 
 5007      72657100 
 5008              	.LASF264:
 5009 0a03 43595F53 		.ascii	"CY_SYSCLK_FLLPLL_OUTPUT_OUTPUT\000"
 5009      5953434C 
 5009      4B5F464C 
 5009      4C504C4C 
 5009      5F4F5554 
 5010              	.LASF302:
 5011 0a22 43595F53 		.ascii	"CY_SYSCLK_CLKHF_DIVIDE_BY_2\000"
 5011      5953434C 
 5011      4B5F434C 
 5011      4B48465F 
 5011      44495649 
 5012              	.LASF170:
 5013 0a3e 73727373 		.ascii	"srssNumPll\000"
 5013      4E756D50 
 5013      6C6C00
 5014              	.LASF303:
 5015 0a49 43595F53 		.ascii	"CY_SYSCLK_CLKHF_DIVIDE_BY_4\000"
 5015      5953434C 
 5015      4B5F434C 
 5015      4B48465F 
 5015      44495649 
 5016              	.LASF260:
 5017 0a65 43595F53 		.ascii	"CY_SYSCLK_CLKPATH_IN_PILO\000"
 5017      5953434C 
 5017      4B5F434C 
 5017      4B504154 
 5017      485F494E 
 5018              	.LASF304:
 5019 0a7f 43595F53 		.ascii	"CY_SYSCLK_CLKHF_DIVIDE_BY_8\000"
 5019      5953434C 
 5019      4B5F434C 
 5019      4B48465F 
 5019      44495649 
 5020              	.LASF121:
 5021 0a9b 4F55545F 		.ascii	"OUT_SET\000"
 5021      53455400 
 5022              	.LASF250:
 5023 0aa3 63795F65 		.ascii	"cy_en_sysclk_status_t\000"
 5023      6E5F7379 
 5023      73636C6B 
 5023      5F737461 
 5023      7475735F 
 5024              	.LASF66:
 5025 0ab9 434C4B5F 		.ascii	"CLK_FLL_CONFIG2\000"
 5025      464C4C5F 
 5025      434F4E46 
 5025      49473200 
 5026              	.LASF67:
 5027 0ac9 434C4B5F 		.ascii	"CLK_FLL_CONFIG3\000"
 5027      464C4C5F 
ARM GAS  C:\Users\Finik\AppData\Local\Temp\cctwKBtC.s 			page 195


 5027      434F4E46 
 5027      49473300 
 5028              	.LASF68:
 5029 0ad9 434C4B5F 		.ascii	"CLK_FLL_CONFIG4\000"
 5029      464C4C5F 
 5029      434F4E46 
 5029      49473400 
 5030              	.LASF60:
 5031 0ae9 434C4B5F 		.ascii	"CLK_ECO_CONFIG\000"
 5031      45434F5F 
 5031      434F4E46 
 5031      494700
 5032              	.LASF57:
 5033 0af8 434C4B5F 		.ascii	"CLK_CAL_CNT1\000"
 5033      43414C5F 
 5033      434E5431 
 5033      00
 5034              	.LASF58:
 5035 0b05 434C4B5F 		.ascii	"CLK_CAL_CNT2\000"
 5035      43414C5F 
 5035      434E5432 
 5035      00
 5036              	.LASF181:
 5037 0b12 666C6173 		.ascii	"flashPipeRequired\000"
 5037      68506970 
 5037      65526571 
 5037      75697265 
 5037      6400
 5038              	.LASF196:
 5039 0b24 70657269 		.ascii	"periTrCmdOffset\000"
 5039      5472436D 
 5039      644F6666 
 5039      73657400 
 5040              	.LASF300:
 5041 0b34 63795F65 		.ascii	"cy_en_clkhf_in_sources_t\000"
 5041      6E5F636C 
 5041      6B68665F 
 5041      696E5F73 
 5041      6F757263 
 5042              	.LASF235:
 5043 0b4d 696E7472 		.ascii	"intrCfg\000"
 5043      43666700 
 5044              	.LASF282:
 5045 0b55 5F426F6F 		.ascii	"_Bool\000"
 5045      6C00
 5046              	.LASF376:
 5047 0b5b 706F7274 		.ascii	"port6_cfg\000"
 5047      365F6366 
 5047      6700
 5048              	.LASF312:
 5049 0b65 43595F53 		.ascii	"CY_SYSCLK_CLKTIMER_IN_HF0_NODIV\000"
 5049      5953434C 
 5049      4B5F434C 
 5049      4B54494D 
 5049      45525F49 
 5050              	.LASF386:
 5051 0b85 43795F53 		.ascii	"Cy_SysPm_LdoSetVoltage\000"
ARM GAS  C:\Users\Finik\AppData\Local\Temp\cctwKBtC.s 			page 196


 5051      7973506D 
 5051      5F4C646F 
 5051      53657456 
 5051      6F6C7461 
 5052              	.LASF28:
 5053 0b9c 4D435744 		.ascii	"MCWDT_INTR_MASK\000"
 5053      545F494E 
 5053      54525F4D 
 5053      41534B00 
 5054              	.LASF373:
 5055 0bac 706F7274 		.ascii	"port0_cfg\000"
 5055      305F6366 
 5055      6700
 5056              	.LASF258:
 5057 0bb6 43595F53 		.ascii	"CY_SYSCLK_CLKPATH_IN_WCO\000"
 5057      5953434C 
 5057      4B5F434C 
 5057      4B504154 
 5057      485F494E 
 5058              	.LASF106:
 5059 0bcf 414C4D31 		.ascii	"ALM1_DATE\000"
 5059      5F444154 
 5059      4500
 5060              	.LASF134:
 5061 0bd9 5644445F 		.ascii	"VDD_INTR\000"
 5061      494E5452 
 5061      00
 5062              	.LASF149:
 5063 0be2 6770696F 		.ascii	"gpioBase\000"
 5063      42617365 
 5063      00
 5064              	.LASF73:
 5065 0beb 434C4B5F 		.ascii	"CLK_PLL_STATUS\000"
 5065      504C4C5F 
 5065      53544154 
 5065      555300
 5066              	.LASF265:
 5067 0bfa 63795F65 		.ascii	"cy_en_fll_pll_output_mode_t\000"
 5067      6E5F666C 
 5067      6C5F706C 
 5067      6C5F6F75 
 5067      74707574 
 5068              	.LASF114:
 5069 0c16 5449434B 		.ascii	"TICKS\000"
 5069      5300
 5070              	.LASF271:
 5071 0c1c 63795F65 		.ascii	"cy_en_fll_cco_ranges_t\000"
 5071      6E5F666C 
 5071      6C5F6363 
 5071      6F5F7261 
 5071      6E676573 
 5072              	.LASF220:
 5073 0c33 63707573 		.ascii	"cpussSysTickCtlOffset\000"
 5073      73537973 
 5073      5469636B 
 5073      43746C4F 
 5073      66667365 
ARM GAS  C:\Users\Finik\AppData\Local\Temp\cctwKBtC.s 			page 197


 5074              	.LASF185:
 5075 0c49 666C6173 		.ascii	"flashCtlMainWs0Freq\000"
 5075      6843746C 
 5075      4D61696E 
 5075      57733046 
 5075      72657100 
 5076              	.LASF97:
 5077 0c5d 434C4B5F 		.ascii	"CLK_TRIM_PILO_CTL2\000"
 5077      5452494D 
 5077      5F50494C 
 5077      4F5F4354 
 5077      4C3200
 5078              	.LASF98:
 5079 0c70 434C4B5F 		.ascii	"CLK_TRIM_PILO_CTL3\000"
 5079      5452494D 
 5079      5F50494C 
 5079      4F5F4354 
 5079      4C3300
 5080              	.LASF348:
 5081 0c83 43795F53 		.ascii	"Cy_SysClk_ClkHfEnable\000"
 5081      7973436C 
 5081      6B5F436C 
 5081      6B486645 
 5081      6E61626C 
 5082              	.LASF194:
 5083 0c99 64775374 		.ascii	"dwStatusChIdxPos\000"
 5083      61747573 
 5083      43684964 
 5083      78506F73 
 5083      00
 5084              	.LASF385:
 5085 0caa 43795F53 		.ascii	"Cy_SysLib_ResetBackupDomain\000"
 5085      79734C69 
 5085      625F5265 
 5085      73657442 
 5085      61636B75 
 5086              	.LASF378:
 5087 0cc6 43795F53 		.ascii	"Cy_SysClk_FllManualConfigure\000"
 5087      7973436C 
 5087      6B5F466C 
 5087      6C4D616E 
 5087      75616C43 
 5088              	.LASF374:
 5089 0ce3 706F7274 		.ascii	"port1_cfg\000"
 5089      315F6366 
 5089      6700
 5090              	.LASF393:
 5091 0ced 43795F53 		.ascii	"Cy_SystemInit\000"
 5091      79737465 
 5091      6D496E69 
 5091      7400
 5092              	.LASF266:
 5093 0cfb 43595F53 		.ascii	"CY_SYSCLK_FLL_CCO_RANGE0\000"
 5093      5953434C 
 5093      4B5F464C 
 5093      4C5F4343 
 5093      4F5F5241 
ARM GAS  C:\Users\Finik\AppData\Local\Temp\cctwKBtC.s 			page 198


 5094              	.LASF267:
 5095 0d14 43595F53 		.ascii	"CY_SYSCLK_FLL_CCO_RANGE1\000"
 5095      5953434C 
 5095      4B5F464C 
 5095      4C5F4343 
 5095      4F5F5241 
 5096              	.LASF268:
 5097 0d2d 43595F53 		.ascii	"CY_SYSCLK_FLL_CCO_RANGE2\000"
 5097      5953434C 
 5097      4B5F464C 
 5097      4C5F4343 
 5097      4F5F5241 
 5098              	.LASF269:
 5099 0d46 43595F53 		.ascii	"CY_SYSCLK_FLL_CCO_RANGE3\000"
 5099      5953434C 
 5099      4B5F464C 
 5099      4C5F4343 
 5099      4F5F5241 
 5100              	.LASF270:
 5101 0d5f 43595F53 		.ascii	"CY_SYSCLK_FLL_CCO_RANGE4\000"
 5101      5953434C 
 5101      4B5F464C 
 5101      4C5F4343 
 5101      4F5F5241 
 5102              	.LASF384:
 5103 0d78 43795F53 		.ascii	"Cy_SysLib_GetResetReason\000"
 5103      79734C69 
 5103      625F4765 
 5103      74526573 
 5103      65745265 
 5104              	.LASF119:
 5105 0d91 4241434B 		.ascii	"BACKUP_V1_Type\000"
 5105      55505F56 
 5105      315F5479 
 5105      706500
 5106              	.LASF144:
 5107 0da0 666C6173 		.ascii	"flashcBase\000"
 5107      68634261 
 5107      736500
 5108              	.LASF15:
 5109 0dab 63686172 		.ascii	"char\000"
 5109      00
 5110              	.LASF118:
 5111 0db0 5452494D 		.ascii	"TRIM\000"
 5111      00
 5112              	.LASF176:
 5113 0db5 75646250 		.ascii	"udbPresent\000"
 5113      72657365 
 5113      6E7400
 5114              	.LASF177:
 5115 0dc0 73797350 		.ascii	"sysPmSimoPresent\000"
 5115      6D53696D 
 5115      6F507265 
 5115      73656E74 
 5115      00
 5116              	.LASF35:
 5117 0dd1 5057525F 		.ascii	"PWR_LVD_CTL\000"
ARM GAS  C:\Users\Finik\AppData\Local\Temp\cctwKBtC.s 			page 199


 5117      4C56445F 
 5117      43544C00 
 5118              	.LASF237:
 5119 0ddd 6366674F 		.ascii	"cfgOut\000"
 5119      757400
 5120              	.LASF275:
 5121 0de4 656E6162 		.ascii	"enableOutputDiv\000"
 5121      6C654F75 
 5121      74707574 
 5121      44697600 
 5122              	.LASF42:
 5123 0df4 5744545F 		.ascii	"WDT_CNT\000"
 5123      434E5400 
 5124              	.LASF0:
 5125 0dfc 756E7369 		.ascii	"unsigned int\000"
 5125      676E6564 
 5125      20696E74 
 5125      00
 5126              	.LASF195:
 5127 0e09 64775374 		.ascii	"dwStatusChIdxMsk\000"
 5127      61747573 
 5127      43684964 
 5127      784D736B 
 5127      00
 5128              	.LASF76:
 5129 0e1a 53525353 		.ascii	"SRSS_INTR_SET\000"
 5129      5F494E54 
 5129      525F5345 
 5129      5400
 5130              	.LASF16:
 5131 0e28 75696E74 		.ascii	"uint8_t\000"
 5131      385F7400 
 5132              	.LASF51:
 5133 0e30 434C4B5F 		.ascii	"CLK_TIMER_CTL\000"
 5133      54494D45 
 5133      525F4354 
 5133      4C00
 5134              	.LASF371:
 5135 0e3e 73746174 		.ascii	"status\000"
 5135      757300
 5136              	.LASF349:
 5137 0e45 43795F53 		.ascii	"Cy_SysClk_ClkHfSetDivider\000"
 5137      7973436C 
 5137      6B5F436C 
 5137      6B486653 
 5137      65744469 
 5138              	.LASF388:
 5139 0e5f 47656E65 		.ascii	"Generated_Source\\PSoC6\\cyfitter_cfg.c\000"
 5139      72617465 
 5139      645F536F 
 5139      75726365 
 5139      5C50536F 
 5140              	.LASF253:
 5141 0e85 43595F53 		.ascii	"CY_SYSCLK_CLKPATH_IN_ECO\000"
 5141      5953434C 
 5141      4B5F434C 
 5141      4B504154 
ARM GAS  C:\Users\Finik\AppData\Local\Temp\cctwKBtC.s 			page 200


 5141      485F494E 
 5142              	.LASF200:
 5143 0e9e 70657269 		.ascii	"periDivCmdDivSelMsk\000"
 5143      44697643 
 5143      6D644469 
 5143      7653656C 
 5143      4D736B00 
 5144              	.LASF117:
 5145 0eb2 42524547 		.ascii	"BREG\000"
 5145      00
 5146              	.LASF43:
 5147 0eb7 5744545F 		.ascii	"WDT_MATCH\000"
 5147      4D415443 
 5147      4800
 5148              	.LASF206:
 5149 0ec1 70657269 		.ascii	"periDiv16_5CtlOffset\000"
 5149      44697631 
 5149      365F3543 
 5149      746C4F66 
 5149      66736574 
 5150              	.LASF21:
 5151 0ed6 4D435744 		.ascii	"MCWDT_CNTLOW\000"
 5151      545F434E 
 5151      544C4F57 
 5151      00
 5152              	.LASF224:
 5153 0ee3 63707573 		.ascii	"cpussRam0Ctl0\000"
 5153      7352616D 
 5153      3043746C 
 5153      3000
 5154              	.LASF342:
 5155 0ef1 63795F65 		.ascii	"cy_en_clkbak_in_sources_t\000"
 5155      6E5F636C 
 5155      6B62616B 
 5155      5F696E5F 
 5155      736F7572 
 5156              	.LASF1:
 5157 0f0b 6C6F6E67 		.ascii	"long long int\000"
 5157      206C6F6E 
 5157      6720696E 
 5157      7400
 5158              	.LASF151:
 5159 0f19 69706342 		.ascii	"ipcBase\000"
 5159      61736500 
 5160              	.LASF192:
 5161 0f21 64774368 		.ascii	"dwChCtlPrioPos\000"
 5161      43746C50 
 5161      72696F50 
 5161      6F7300
 5162              	.LASF152:
 5163 0f30 63727970 		.ascii	"cryptoBase\000"
 5163      746F4261 
 5163      736500
 5164              	.LASF360:
 5165 0f3b 43795F53 		.ascii	"Cy_SysClk_ClkBakSetSource\000"
 5165      7973436C 
 5165      6B5F436C 
ARM GAS  C:\Users\Finik\AppData\Local\Temp\cctwKBtC.s 			page 201


 5165      6B42616B 
 5165      53657453 
 5166              	.LASF99:
 5167 0f55 53525353 		.ascii	"SRSS_V1_Type\000"
 5167      5F56315F 
 5167      54797065 
 5167      00
 5168              	.LASF182:
 5169 0f62 666C6173 		.ascii	"flashWriteDelay\000"
 5169      68577269 
 5169      74654465 
 5169      6C617900 
 5170              	.LASF55:
 5171 0f72 434C4B5F 		.ascii	"CLK_OUTPUT_FAST\000"
 5171      4F555450 
 5171      55545F46 
 5171      41535400 
 5172              	.LASF387:
 5173 0f82 474E5520 		.ascii	"GNU C11 5.4.1 20160609 (release) [ARM/embedded-5-br"
 5173      43313120 
 5173      352E342E 
 5173      31203230 
 5173      31363036 
 5174 0fb5 616E6368 		.ascii	"anch revision 237715] -mcpu=cortex-m0plus -mthumb -"
 5174      20726576 
 5174      6973696F 
 5174      6E203233 
 5174      37373135 
 5175 0fe8 67202D4F 		.ascii	"g -Og -ffunction-sections -ffat-lto-objects\000"
 5175      67202D66 
 5175      66756E63 
 5175      74696F6E 
 5175      2D736563 
 5176              	.LASF6:
 5177 1014 5F5F696E 		.ascii	"__int16_t\000"
 5177      7431365F 
 5177      7400
 5178              	.LASF328:
 5179 101e 43595F53 		.ascii	"CY_SYSCLK_PUMP_IN_CLKPATH11\000"
 5179      5953434C 
 5179      4B5F5055 
 5179      4D505F49 
 5179      4E5F434C 
 5180              	.LASF295:
 5181 103a 43595F53 		.ascii	"CY_SYSCLK_CLKHF_IN_CLKPATH11\000"
 5181      5953434C 
 5181      4B5F434C 
 5181      4B48465F 
 5181      494E5F43 
 5182              	.LASF296:
 5183 1057 43595F53 		.ascii	"CY_SYSCLK_CLKHF_IN_CLKPATH12\000"
 5183      5953434C 
 5183      4B5F434C 
 5183      4B48465F 
 5183      494E5F43 
 5184              	.LASF297:
 5185 1074 43595F53 		.ascii	"CY_SYSCLK_CLKHF_IN_CLKPATH13\000"
ARM GAS  C:\Users\Finik\AppData\Local\Temp\cctwKBtC.s 			page 202


 5185      5953434C 
 5185      4B5F434C 
 5185      4B48465F 
 5185      494E5F43 
 5186              	.LASF148:
 5187 1091 6873696F 		.ascii	"hsiomBase\000"
 5187      6D426173 
 5187      6500
 5188              	.LASF299:
 5189 109b 43595F53 		.ascii	"CY_SYSCLK_CLKHF_IN_CLKPATH15\000"
 5189      5953434C 
 5189      4B5F434C 
 5189      4B48465F 
 5189      494E5F43 
 5190              	.LASF395:
 5191 10b8 6D656D73 		.ascii	"memset\000"
 5191      657400
 5192              	.LASF198:
 5193 10bf 70657269 		.ascii	"periTrGrOffset\000"
 5193      54724772 
 5193      4F666673 
 5193      657400
 5194              	.LASF164:
 5195 10ce 63707573 		.ascii	"cpussDwChNr\000"
 5195      73447743 
 5195      684E7200 
 5196              	.LASF353:
 5197 10da 43795F53 		.ascii	"Cy_SysClk_ClkHfSetSource\000"
 5197      7973436C 
 5197      6B5F436C 
 5197      6B486653 
 5197      6574536F 
 5198              	.LASF71:
 5199 10f3 434C4B5F 		.ascii	"CLK_PLL_CONFIG\000"
 5199      504C4C5F 
 5199      434F4E46 
 5199      494700
 5200              	.LASF162:
 5201 1102 63707573 		.ascii	"cpussIpcNr\000"
 5201      73497063 
 5201      4E7200
 5202              	.LASF215:
 5203 110d 63707573 		.ascii	"cpussCm4StatusOffset\000"
 5203      73436D34 
 5203      53746174 
 5203      75734F66 
 5203      66736574 
 5204              	.LASF174:
 5205 1122 70617373 		.ascii	"passSarChannels\000"
 5205      53617243 
 5205      68616E6E 
 5205      656C7300 
 5206              	.LASF34:
 5207 1132 5057525F 		.ascii	"PWR_HIBERNATE\000"
 5207      48494245 
 5207      524E4154 
 5207      4500
ARM GAS  C:\Users\Finik\AppData\Local\Temp\cctwKBtC.s 			page 203


 5208              	.LASF226:
 5209 1140 63707573 		.ascii	"cpussRam2Ctl0\000"
 5209      7352616D 
 5209      3243746C 
 5209      3000
 5210              	.LASF63:
 5211 114e 434C4B5F 		.ascii	"CLK_PILO_CONFIG\000"
 5211      50494C4F 
 5211      5F434F4E 
 5211      46494700 
 5212              	.LASF334:
 5213 115e 43595F53 		.ascii	"CY_SYSCLK_PUMP_NO_DIV\000"
 5213      5953434C 
 5213      4B5F5055 
 5213      4D505F4E 
 5213      4F5F4449 
 5214              	.LASF84:
 5215 1174 5057525F 		.ascii	"PWR_TRIM_REF_CTL\000"
 5215      5452494D 
 5215      5F524546 
 5215      5F43544C 
 5215      00
 5216              	.LASF100:
 5217 1185 5254435F 		.ascii	"RTC_RW\000"
 5217      525700
 5218              	.LASF136:
 5219 118c 5644445F 		.ascii	"VDD_INTR_MASKED\000"
 5219      494E5452 
 5219      5F4D4153 
 5219      4B454400 
 5220              	.LASF205:
 5221 119c 70657269 		.ascii	"periDiv16CtlOffset\000"
 5221      44697631 
 5221      3643746C 
 5221      4F666673 
 5221      657400
 5222              	.LASF26:
 5223 11af 4D435744 		.ascii	"MCWDT_INTR\000"
 5223      545F494E 
 5223      545200
 5224              	.LASF30:
 5225 11ba 4D435744 		.ascii	"MCWDT_LOCK\000"
 5225      545F4C4F 
 5225      434B00
 5226              	.LASF9:
 5227 11c5 73686F72 		.ascii	"short unsigned int\000"
 5227      7420756E 
 5227      7369676E 
 5227      65642069 
 5227      6E7400
 5228              	.LASF2:
 5229 11d8 6C6F6E67 		.ascii	"long double\000"
 5229      20646F75 
 5229      626C6500 
 5230              	.LASF18:
 5231 11e4 75696E74 		.ascii	"uint16_t\000"
 5231      31365F74 
ARM GAS  C:\Users\Finik\AppData\Local\Temp\cctwKBtC.s 			page 204


 5231      00
 5232              	.LASF147:
 5233 11ed 70726F74 		.ascii	"protBase\000"
 5233      42617365 
 5233      00
 5234              	.LASF137:
 5235 11f6 5644445F 		.ascii	"VDD_INTR_SET\000"
 5235      494E5452 
 5235      5F534554 
 5235      00
 5236              	.LASF197:
 5237 1203 70657269 		.ascii	"periTrCmdGrSelMsk\000"
 5237      5472436D 
 5237      64477253 
 5237      656C4D73 
 5237      6B00
 5238              	.LASF249:
 5239 1215 43595F53 		.ascii	"CY_SYSCLK_INVALID_STATE\000"
 5239      5953434C 
 5239      4B5F494E 
 5239      56414C49 
 5239      445F5354 
 5240              	.LASF338:
 5241 122d 43595F53 		.ascii	"CY_SYSCLK_PUMP_DIV_16\000"
 5241      5953434C 
 5241      4B5F5055 
 5241      4D505F44 
 5241      49565F31 
 5242              	.LASF171:
 5243 1243 73727373 		.ascii	"srssNumHfroot\000"
 5243      4E756D48 
 5243      66726F6F 
 5243      7400
 5244              	.LASF257:
 5245 1251 43595F53 		.ascii	"CY_SYSCLK_CLKPATH_IN_ILO\000"
 5245      5953434C 
 5245      4B5F434C 
 5245      4B504154 
 5245      485F494E 
 5246              	.LASF48:
 5247 126a 434C4B5F 		.ascii	"CLK_ROOT_SELECT\000"
 5247      524F4F54 
 5247      5F53454C 
 5247      45435400 
 5248              	.LASF159:
 5249 127a 69706356 		.ascii	"ipcVersion\000"
 5249      65727369 
 5249      6F6E00
 5250              	.LASF155:
 5251 1285 64775665 		.ascii	"dwVersion\000"
 5251      7273696F 
 5251      6E00
 5252              	.LASF187:
 5253 128f 666C6173 		.ascii	"flashCtlMainWs2Freq\000"
 5253      6843746C 
 5253      4D61696E 
 5253      57733246 
ARM GAS  C:\Users\Finik\AppData\Local\Temp\cctwKBtC.s 			page 205


 5253      72657100 
 5254              	.LASF14:
 5255 12a3 73697A65 		.ascii	"sizetype\000"
 5255      74797065 
 5255      00
 5256              	.LASF247:
 5257 12ac 43595F53 		.ascii	"CY_SYSCLK_BAD_PARAM\000"
 5257      5953434C 
 5257      4B5F4241 
 5257      445F5041 
 5257      52414D00 
 5258              	.LASF222:
 5259 12c0 63707573 		.ascii	"cpussCm4NmiCtlOffset\000"
 5259      73436D34 
 5259      4E6D6943 
 5259      746C4F66 
 5259      66736574 
 5260              	.LASF381:
 5261 12d5 43795F53 		.ascii	"Cy_SysTick_SetClockSource\000"
 5261      79735469 
 5261      636B5F53 
 5261      6574436C 
 5261      6F636B53 
 5262              	.LASF204:
 5263 12ef 70657269 		.ascii	"periDiv8CtlOffset\000"
 5263      44697638 
 5263      43746C4F 
 5263      66667365 
 5263      7400
 5264              	.LASF40:
 5265 1301 52455345 		.ascii	"RESERVED2\000"
 5265      52564544 
 5265      3200
 5266              	.LASF44:
 5267 130b 52455345 		.ascii	"RESERVED3\000"
 5267      52564544 
 5267      3300
 5268              	.LASF49:
 5269 1315 52455345 		.ascii	"RESERVED4\000"
 5269      52564544 
 5269      3400
 5270              	.LASF52:
 5271 131f 52455345 		.ascii	"RESERVED5\000"
 5271      52564544 
 5271      3500
 5272              	.LASF59:
 5273 1329 52455345 		.ascii	"RESERVED6\000"
 5273      52564544 
 5273      3600
 5274              	.LASF62:
 5275 1333 52455345 		.ascii	"RESERVED7\000"
 5275      52564544 
 5275      3700
 5276              	.LASF64:
 5277 133d 52455345 		.ascii	"RESERVED8\000"
 5277      52564544 
 5277      3800
ARM GAS  C:\Users\Finik\AppData\Local\Temp\cctwKBtC.s 			page 206


 5278              	.LASF70:
 5279 1347 52455345 		.ascii	"RESERVED9\000"
 5279      52564544 
 5279      3900
 5280              	.LASF351:
 5281 1351 64697669 		.ascii	"divider\000"
 5281      64657200 
 5282              	.LASF47:
 5283 1359 434C4B5F 		.ascii	"CLK_PATH_SELECT\000"
 5283      50415448 
 5283      5F53454C 
 5283      45435400 
 5284              	.LASF239:
 5285 1369 73656C30 		.ascii	"sel0Active\000"
 5285      41637469 
 5285      766500
 5286              	.LASF153:
 5287 1374 63707573 		.ascii	"cpussVersion\000"
 5287      73566572 
 5287      73696F6E 
 5287      00
 5288              	.LASF212:
 5289 1381 6770696F 		.ascii	"gpioPrtCfgSioOffset\000"
 5289      50727443 
 5289      66675369 
 5289      6F4F6666 
 5289      73657400 
 5290              	.LASF157:
 5291 1395 6770696F 		.ascii	"gpioVersion\000"
 5291      56657273 
 5291      696F6E00 
 5292              	.LASF96:
 5293 13a1 434C4B5F 		.ascii	"CLK_TRIM_PILO_CTL\000"
 5293      5452494D 
 5293      5F50494C 
 5293      4F5F4354 
 5293      4C00
 5294              	.LASF375:
 5295 13b3 706F7274 		.ascii	"port5_cfg\000"
 5295      355F6366 
 5295      6700
 5296              	.LASF78:
 5297 13bd 53525353 		.ascii	"SRSS_INTR_MASKED\000"
 5297      5F494E54 
 5297      525F4D41 
 5297      534B4544 
 5297      00
 5298              	.LASF36:
 5299 13ce 5057525F 		.ascii	"PWR_BUCK_CTL\000"
 5299      4255434B 
 5299      5F43544C 
 5299      00
 5300              	.LASF156:
 5301 13db 666C6173 		.ascii	"flashcVersion\000"
 5301      68635665 
 5301      7273696F 
 5301      6E00
ARM GAS  C:\Users\Finik\AppData\Local\Temp\cctwKBtC.s 			page 207


 5302              	.LASF178:
 5303 13e9 70726F74 		.ascii	"protBusMasterMask\000"
 5303      4275734D 
 5303      61737465 
 5303      724D6173 
 5303      6B00
 5304              	.LASF361:
 5305 13fb 43795F53 		.ascii	"Cy_SysClk_IloEnable\000"
 5305      7973436C 
 5305      6B5F496C 
 5305      6F456E61 
 5305      626C6500 
 5306              	.LASF128:
 5307 140f 4750494F 		.ascii	"GPIO_PRT_V1_Type\000"
 5307      5F505254 
 5307      5F56315F 
 5307      54797065 
 5307      00
 5308              	.LASF341:
 5309 1420 43595F53 		.ascii	"CY_SYSCLK_BAK_IN_CLKLF\000"
 5309      5953434C 
 5309      4B5F4241 
 5309      4B5F494E 
 5309      5F434C4B 
 5310              	.LASF251:
 5311 1437 43595F53 		.ascii	"CY_SYSCLK_CLKPATH_IN_IMO\000"
 5311      5953434C 
 5311      4B5F434C 
 5311      4B504154 
 5311      485F494E 
 5312              	.LASF45:
 5313 1450 4D435744 		.ascii	"MCWDT_STRUCT\000"
 5313      545F5354 
 5313      52554354 
 5313      00
 5314              	.LASF230:
 5315 145d 63686172 		.ascii	"char_t\000"
 5315      5F7400
 5316              	.LASF116:
 5317 1464 52455345 		.ascii	"RESET\000"
 5317      5400
 5318              	.LASF274:
 5319 146a 63636F52 		.ascii	"ccoRange\000"
 5319      616E6765 
 5319      00
 5320              	.LASF86:
 5321 1473 434C4B5F 		.ascii	"CLK_TRIM_CCO_CTL\000"
 5321      5452494D 
 5321      5F43434F 
 5321      5F43544C 
 5321      00
 5322              	.LASF301:
 5323 1484 43595F53 		.ascii	"CY_SYSCLK_CLKHF_NO_DIVIDE\000"
 5323      5953434C 
 5323      4B5F434C 
 5323      4B48465F 
 5323      4E4F5F44 
ARM GAS  C:\Users\Finik\AppData\Local\Temp\cctwKBtC.s 			page 208


 5324              	.LASF127:
 5325 149e 4346475F 		.ascii	"CFG_IN_GPIO5V\000"
 5325      494E5F47 
 5325      50494F35 
 5325      5600
 5326              	.LASF27:
 5327 14ac 4D435744 		.ascii	"MCWDT_INTR_SET\000"
 5327      545F494E 
 5327      54525F53 
 5327      455400
 5328              	.LASF311:
 5329 14bb 43595F53 		.ascii	"CY_SYSCLK_CLKTIMER_IN_IMO\000"
 5329      5953434C 
 5329      4B5F434C 
 5329      4B54494D 
 5329      45525F49 
 5330              	.LASF184:
 5331 14d5 666C6173 		.ascii	"flashEraseDelay\000"
 5331      68457261 
 5331      73654465 
 5331      6C617900 
 5332              	.LASF254:
 5333 14e5 43595F53 		.ascii	"CY_SYSCLK_CLKPATH_IN_ALTHF\000"
 5333      5953434C 
 5333      4B5F434C 
 5333      4B504154 
 5333      485F494E 
 5334              	.LASF101:
 5335 1500 43414C5F 		.ascii	"CAL_CTL\000"
 5335      43544C00 
 5336              	.LASF382:
 5337 1508 43795F53 		.ascii	"Cy_SysLib_SetWaitStates\000"
 5337      79734C69 
 5337      625F5365 
 5337      74576169 
 5337      74537461 
 5338              	.LASF122:
 5339 1520 4F55545F 		.ascii	"OUT_INV\000"
 5339      494E5600 
 5340              	.LASF217:
 5341 1528 63707573 		.ascii	"cpussCm4PwrCtlOffset\000"
 5341      73436D34 
 5341      50777243 
 5341      746C4F66 
 5341      66736574 
 5342              	.LASF5:
 5343 153d 5F5F7569 		.ascii	"__uint8_t\000"
 5343      6E74385F 
 5343      7400
 5344              	.LASF354:
 5345 1547 736F7572 		.ascii	"source\000"
 5345      636500
 5346              	.LASF377:
 5347 154e 706F7274 		.ascii	"port11_cfg\000"
 5347      31315F63 
 5347      666700
 5348              	.LASF255:
ARM GAS  C:\Users\Finik\AppData\Local\Temp\cctwKBtC.s 			page 209


 5349 1559 43595F53 		.ascii	"CY_SYSCLK_CLKPATH_IN_DSIMUX\000"
 5349      5953434C 
 5349      4B5F434C 
 5349      4B504154 
 5349      485F494E 
 5350              	.LASF208:
 5351 1575 6770696F 		.ascii	"gpioPrtIntrCfgOffset\000"
 5351      50727449 
 5351      6E747243 
 5351      66674F66 
 5351      66736574 
 5352              	.LASF262:
 5353 158a 43595F53 		.ascii	"CY_SYSCLK_FLLPLL_OUTPUT_AUTO1\000"
 5353      5953434C 
 5353      4B5F464C 
 5353      4C504C4C 
 5353      5F4F5554 
 5354              	.LASF214:
 5355 15a8 63707573 		.ascii	"cpussCm4ClockCtlOffset\000"
 5355      73436D34 
 5355      436C6F63 
 5355      6B43746C 
 5355      4F666673 
 5356              	.LASF112:
 5357 15bf 494E5452 		.ascii	"INTR_MASKED\000"
 5357      5F4D4153 
 5357      4B454400 
 5358              	.LASF369:
 5359 15cb 43795F53 		.ascii	"Cy_SysPm_PmicDisableOutput\000"
 5359      7973506D 
 5359      5F506D69 
 5359      63446973 
 5359      61626C65 
 5360              	.LASF219:
 5361 15e6 63707573 		.ascii	"cpussTrimRomCtlOffset\000"
 5361      73547269 
 5361      6D526F6D 
 5361      43746C4F 
 5361      66667365 
 5362              	.LASF283:
 5363 15fc 63795F73 		.ascii	"cy_stc_fll_manual_config_t\000"
 5363      74635F66 
 5363      6C6C5F6D 
 5363      616E7561 
 5363      6C5F636F 
 5364              	.LASF263:
 5365 1617 43595F53 		.ascii	"CY_SYSCLK_FLLPLL_OUTPUT_INPUT\000"
 5365      5953434C 
 5365      4B5F464C 
 5365      4C504C4C 
 5365      5F4F5554 
 5366              	.LASF165:
 5367 1635 63707573 		.ascii	"cpussFlashPaSize\000"
 5367      73466C61 
 5367      73685061 
 5367      53697A65 
 5367      00
ARM GAS  C:\Users\Finik\AppData\Local\Temp\cctwKBtC.s 			page 210


 5368              	.LASF391:
 5369 1646 6572726F 		.ascii	"errorCode\000"
 5369      72436F64 
 5369      6500
 5370              	.LASF158:
 5371 1650 6873696F 		.ascii	"hsiomVersion\000"
 5371      6D566572 
 5371      73696F6E 
 5371      00
 5372              	.LASF81:
 5373 165d 5245535F 		.ascii	"RES_CAUSE\000"
 5373      43415553 
 5373      4500
 5374              	.LASF12:
 5375 1667 6C6F6E67 		.ascii	"long unsigned int\000"
 5375      20756E73 
 5375      69676E65 
 5375      6420696E 
 5375      7400
 5376              	.LASF352:
 5377 1679 72657456 		.ascii	"retVal\000"
 5377      616C00
 5378              	.LASF261:
 5379 1680 43595F53 		.ascii	"CY_SYSCLK_FLLPLL_OUTPUT_AUTO\000"
 5379      5953434C 
 5379      4B5F464C 
 5379      4C504C4C 
 5379      5F4F5554 
 5380              	.LASF223:
 5381 169d 63707573 		.ascii	"cpussRomCtl\000"
 5381      73526F6D 
 5381      43746C00 
 5382              	.LASF392:
 5383 16a9 436C6F63 		.ascii	"ClockInit\000"
 5383      6B496E69 
 5383      7400
 5384              	.LASF113:
 5385 16b3 4F534343 		.ascii	"OSCCNT\000"
 5385      4E5400
 5386              	.LASF310:
 5387 16ba 63795F65 		.ascii	"cy_en_clklf_in_sources_t\000"
 5387      6E5F636C 
 5387      6B6C665F 
 5387      696E5F73 
 5387      6F757263 
 5388              	.LASF278:
 5389 16d3 70676169 		.ascii	"pgain\000"
 5389      6E00
 5390              	.LASF216:
 5391 16d9 63707573 		.ascii	"cpussCm0StatusOffset\000"
 5391      73436D30 
 5391      53746174 
 5391      75734F66 
 5391      66736574 
 5392              	.LASF41:
 5393 16ee 5744545F 		.ascii	"WDT_CTL\000"
 5393      43544C00 
ARM GAS  C:\Users\Finik\AppData\Local\Temp\cctwKBtC.s 			page 211


 5394              	.LASF4:
 5395 16f6 756E7369 		.ascii	"unsigned char\000"
 5395      676E6564 
 5395      20636861 
 5395      7200
 5396              	.LASF11:
 5397 1704 5F5F7569 		.ascii	"__uint32_t\000"
 5397      6E743332 
 5397      5F7400
 5398              	.LASF142:
 5399 170f 4750494F 		.ascii	"GPIO_Type\000"
 5399      5F547970 
 5399      6500
 5400              	.LASF228:
 5401 1719 6970634C 		.ascii	"ipcLockStatusOffset\000"
 5401      6F636B53 
 5401      74617475 
 5401      734F6666 
 5401      73657400 
 5402              	.LASF308:
 5403 172d 43595F53 		.ascii	"CY_SYSCLK_CLKLF_IN_ALTLF\000"
 5403      5953434C 
 5403      4B5F434C 
 5403      4B4C465F 
 5403      494E5F41 
 5404              	.LASF241:
 5405 1746 63795F73 		.ascii	"cy_stc_gpio_prt_config_t\000"
 5405      74635F67 
 5405      70696F5F 
 5405      7072745F 
 5405      636F6E66 
 5406              	.LASF123:
 5407 175f 494E5452 		.ascii	"INTR_CFG\000"
 5407      5F434647 
 5407      00
 5408              	.LASF252:
 5409 1768 43595F53 		.ascii	"CY_SYSCLK_CLKPATH_IN_EXT\000"
 5409      5953434C 
 5409      4B5F434C 
 5409      4B504154 
 5409      485F494E 
 5410              	.LASF72:
 5411 1781 52455345 		.ascii	"RESERVED10\000"
 5411      52564544 
 5411      313000
 5412              	.LASF74:
 5413 178c 52455345 		.ascii	"RESERVED11\000"
 5413      52564544 
 5413      313100
 5414              	.LASF80:
 5415 1797 52455345 		.ascii	"RESERVED12\000"
 5415      52564544 
 5415      313200
 5416              	.LASF83:
 5417 17a2 52455345 		.ascii	"RESERVED13\000"
 5417      52564544 
 5417      313300
ARM GAS  C:\Users\Finik\AppData\Local\Temp\cctwKBtC.s 			page 212


 5418              	.LASF88:
 5419 17ad 52455345 		.ascii	"RESERVED14\000"
 5419      52564544 
 5419      313400
 5420              	.LASF90:
 5421 17b8 52455345 		.ascii	"RESERVED15\000"
 5421      52564544 
 5421      313500
 5422              	.LASF92:
 5423 17c3 52455345 		.ascii	"RESERVED16\000"
 5423      52564544 
 5423      313600
 5424              	.LASF327:
 5425 17ce 43595F53 		.ascii	"CY_SYSCLK_PUMP_IN_CLKPATH10\000"
 5425      5953434C 
 5425      4B5F5055 
 5425      4D505F49 
 5425      4E5F434C 
 5426              	.LASF190:
 5427 17ea 64774368 		.ascii	"dwChOffset\000"
 5427      4F666673 
 5427      657400
 5428              	.LASF329:
 5429 17f5 43595F53 		.ascii	"CY_SYSCLK_PUMP_IN_CLKPATH12\000"
 5429      5953434C 
 5429      4B5F5055 
 5429      4D505F49 
 5429      4E5F434C 
 5430              	.LASF330:
 5431 1811 43595F53 		.ascii	"CY_SYSCLK_PUMP_IN_CLKPATH13\000"
 5431      5953434C 
 5431      4B5F5055 
 5431      4D505F49 
 5431      4E5F434C 
 5432              	.LASF331:
 5433 182d 43595F53 		.ascii	"CY_SYSCLK_PUMP_IN_CLKPATH14\000"
 5433      5953434C 
 5433      4B5F5055 
 5433      4D505F49 
 5433      4E5F434C 
 5434              	.LASF332:
 5435 1849 43595F53 		.ascii	"CY_SYSCLK_PUMP_IN_CLKPATH15\000"
 5435      5953434C 
 5435      4B5F5055 
 5435      4D505F49 
 5435      4E5F434C 
 5436              	.LASF104:
 5437 1865 5254435F 		.ascii	"RTC_DATE\000"
 5437      44415445 
 5437      00
 5438              	.LASF25:
 5439 186e 4D435744 		.ascii	"MCWDT_CTL\000"
 5439      545F4354 
 5439      4C00
 5440              	.LASF357:
 5441 1878 43795F53 		.ascii	"Cy_SysClk_ClkFastSetDivider\000"
 5441      7973436C 
ARM GAS  C:\Users\Finik\AppData\Local\Temp\cctwKBtC.s 			page 213


 5441      6B5F436C 
 5441      6B466173 
 5441      74536574 
 5442              	.LASF358:
 5443 1894 43795F53 		.ascii	"Cy_SysClk_ClkLfSetSource\000"
 5443      7973436C 
 5443      6B5F436C 
 5443      6B4C6653 
 5443      6574536F 
 5444              	.LASF111:
 5445 18ad 494E5452 		.ascii	"INTR_MASK\000"
 5445      5F4D4153 
 5445      4B00
 5446              	.LASF24:
 5447 18b7 4D435744 		.ascii	"MCWDT_CONFIG\000"
 5447      545F434F 
 5447      4E464947 
 5447      00
 5448              	.LASF180:
 5449 18c4 666C6173 		.ascii	"flashRwwRequired\000"
 5449      68527777 
 5449      52657175 
 5449      69726564 
 5449      00
 5450              	.LASF94:
 5451 18d5 5057525F 		.ascii	"PWR_TRIM_PWRSYS_CTL\000"
 5451      5452494D 
 5451      5F505752 
 5451      5359535F 
 5451      43544C00 
 5452              	.LASF209:
 5453 18e9 6770696F 		.ascii	"gpioPrtCfgOffset\000"
 5453      50727443 
 5453      66674F66 
 5453      66736574 
 5453      00
 5454              	.LASF309:
 5455 18fa 43595F53 		.ascii	"CY_SYSCLK_CLKLF_IN_PILO\000"
 5455      5953434C 
 5455      4B5F434C 
 5455      4B4C465F 
 5455      494E5F50 
 5456              	.LASF175:
 5457 1912 65704D6F 		.ascii	"epMonitorNr\000"
 5457      6E69746F 
 5457      724E7200 
 5458              	.LASF186:
 5459 191e 666C6173 		.ascii	"flashCtlMainWs1Freq\000"
 5459      6843746C 
 5459      4D61696E 
 5459      57733146 
 5459      72657100 
 5460              	.LASF141:
 5461 1932 4750494F 		.ascii	"GPIO_PRT_Type\000"
 5461      5F505254 
 5461      5F547970 
 5461      6500
ARM GAS  C:\Users\Finik\AppData\Local\Temp\cctwKBtC.s 			page 214


 5462              	.LASF135:
 5463 1940 5644445F 		.ascii	"VDD_INTR_MASK\000"
 5463      494E5452 
 5463      5F4D4153 
 5463      4B00
 5464              	.LASF3:
 5465 194e 7369676E 		.ascii	"signed char\000"
 5465      65642063 
 5465      68617200 
 5466              	.LASF87:
 5467 195a 434C4B5F 		.ascii	"CLK_TRIM_CCO_CTL2\000"
 5467      5452494D 
 5467      5F43434F 
 5467      5F43544C 
 5467      3200
 5468              	.LASF163:
 5469 196c 63707573 		.ascii	"cpussIpcIrqNr\000"
 5469      73497063 
 5469      4972714E 
 5469      7200
 5470              	.LASF193:
 5471 197a 64774368 		.ascii	"dwChCtlPreemptablePos\000"
 5471      43746C50 
 5471      7265656D 
 5471      70746162 
 5471      6C65506F 
 5472              	.LASF229:
 5473 1990 63795F73 		.ascii	"cy_stc_device_t\000"
 5473      74635F64 
 5473      65766963 
 5473      655F7400 
 5474              	.LASF347:
 5475 19a0 43595F53 		.ascii	"CY_SYSTICK_CLOCK_SOURCE_CLK_CPU\000"
 5475      59535449 
 5475      434B5F43 
 5475      4C4F434B 
 5475      5F534F55 
 5476              	.LASF346:
 5477 19c0 43595F53 		.ascii	"CY_SYSTICK_CLOCK_SOURCE_CLK_TIMER\000"
 5477      59535449 
 5477      434B5F43 
 5477      4C4F434B 
 5477      5F534F55 
 5478              	.LASF75:
 5479 19e2 53525353 		.ascii	"SRSS_INTR\000"
 5479      5F494E54 
 5479      5200
 5480              	.LASF107:
 5481 19ec 414C4D32 		.ascii	"ALM2_TIME\000"
 5481      5F54494D 
 5481      4500
 5482              	.LASF160:
 5483 19f6 70657269 		.ascii	"periVersion\000"
 5483      56657273 
 5483      696F6E00 
 5484              	.LASF233:
 5485 1a02 75696E74 		.ascii	"uint8\000"
ARM GAS  C:\Users\Finik\AppData\Local\Temp\cctwKBtC.s 			page 215


 5485      3800
 5486              	.LASF232:
 5487 1a08 646F7562 		.ascii	"double\000"
 5487      6C6500
 5488              	.LASF150:
 5489 1a0f 70617373 		.ascii	"passBase\000"
 5489      42617365 
 5489      00
 5490              	.LASF46:
 5491 1a18 434C4B5F 		.ascii	"CLK_DSI_SELECT\000"
 5491      4453495F 
 5491      53454C45 
 5491      435400
 5492              	.LASF244:
 5493 1a27 43595F53 		.ascii	"CY_SYSPM_LDO_VOLTAGE_0_9V\000"
 5493      5953504D 
 5493      5F4C444F 
 5493      5F564F4C 
 5493      54414745 
 5494              	.LASF23:
 5495 1a41 4D435744 		.ascii	"MCWDT_MATCH\000"
 5495      545F4D41 
 5495      54434800 
 5496              	.LASF169:
 5497 1a4d 73727373 		.ascii	"srssNumClkpath\000"
 5497      4E756D43 
 5497      6C6B7061 
 5497      746800
 5498              	.LASF102:
 5499 1a5c 53544154 		.ascii	"STATUS\000"
 5499      555300
 5500              	.LASF189:
 5501 1a63 666C6173 		.ascii	"flashCtlMainWs4Freq\000"
 5501      6843746C 
 5501      4D61696E 
 5501      57733446 
 5501      72657100 
 5502              	.LASF359:
 5503 1a77 43795F53 		.ascii	"Cy_SysClk_IloHibernateOn\000"
 5503      7973436C 
 5503      6B5F496C 
 5503      6F486962 
 5503      65726E61 
 5504              	.LASF335:
 5505 1a90 43595F53 		.ascii	"CY_SYSCLK_PUMP_DIV_2\000"
 5505      5953434C 
 5505      4B5F5055 
 5505      4D505F44 
 5505      49565F32 
 5506              	.LASF336:
 5507 1aa5 43595F53 		.ascii	"CY_SYSCLK_PUMP_DIV_4\000"
 5507      5953434C 
 5507      4B5F5055 
 5507      4D505F44 
 5507      49565F34 
 5508              	.LASF337:
 5509 1aba 43595F53 		.ascii	"CY_SYSCLK_PUMP_DIV_8\000"
ARM GAS  C:\Users\Finik\AppData\Local\Temp\cctwKBtC.s 			page 216


 5509      5953434C 
 5509      4B5F5055 
 5509      4D505F44 
 5509      49565F38 
 5510              	.LASF368:
 5511 1acf 43795F53 		.ascii	"Cy_SysClk_IloDisable\000"
 5511      7973436C 
 5511      6B5F496C 
 5511      6F446973 
 5511      61626C65 
 5512              	.LASF325:
 5513 1ae4 43595F53 		.ascii	"CY_SYSCLK_PUMP_IN_CLKPATH8\000"
 5513      5953434C 
 5513      4B5F5055 
 5513      4D505F49 
 5513      4E5F434C 
 5514              	.LASF234:
 5515 1aff 696E7472 		.ascii	"intrMask\000"
 5515      4D61736B 
 5515      00
 5516              	.LASF108:
 5517 1b08 414C4D32 		.ascii	"ALM2_DATE\000"
 5517      5F444154 
 5517      4500
 5518              	.LASF306:
 5519 1b12 43595F53 		.ascii	"CY_SYSCLK_CLKLF_IN_ILO\000"
 5519      5953434C 
 5519      4B5F434C 
 5519      4B4C465F 
 5519      494E5F49 
 5520              	.LASF259:
 5521 1b29 43595F53 		.ascii	"CY_SYSCLK_CLKPATH_IN_ALTLF\000"
 5521      5953434C 
 5521      4B5F434C 
 5521      4B504154 
 5521      485F494E 
 5522              		.ident	"GCC: (GNU Tools for ARM Embedded Processors) 5.4.1 20160609 (release) [ARM/embedded-5-bran
