ARM GAS  C:\Users\Finik\AppData\Local\Temp\ccXrCYub.s 			page 1


   1              		.syntax unified
   2              		.cpu cortex-m0plus
   3              		.fpu softvfp
   4              		.eabi_attribute 20, 1
   5              		.eabi_attribute 21, 1
   6              		.eabi_attribute 23, 3
   7              		.eabi_attribute 24, 1
   8              		.eabi_attribute 25, 1
   9              		.eabi_attribute 26, 1
  10              		.eabi_attribute 30, 1
  11              		.eabi_attribute 34, 0
  12              		.eabi_attribute 18, 4
  13              		.thumb
  14              		.syntax unified
  15              		.file	"cyfitter_cfg.c"
  16              		.text
  17              	.Ltext0:
  18              		.cfi_sections	.debug_frame
  19              		.section	.text.CyClockStartupError,"ax",%progbits
  20              		.align	2
  21              		.code	16
  22              		.thumb_func
  23              		.type	CyClockStartupError, %function
  24              	CyClockStartupError:
  25              	.LFB187:
  26              		.file 1 "Generated_Source\\PSoC6\\cyfitter_cfg.c"
   1:Generated_Source\PSoC6/cyfitter_cfg.c **** 
   2:Generated_Source\PSoC6/cyfitter_cfg.c **** /*******************************************************************************
   3:Generated_Source\PSoC6/cyfitter_cfg.c **** * File Name: cyfitter_cfg.c
   4:Generated_Source\PSoC6/cyfitter_cfg.c **** * 
   5:Generated_Source\PSoC6/cyfitter_cfg.c **** * PSoC Creator  4.4
   6:Generated_Source\PSoC6/cyfitter_cfg.c **** *
   7:Generated_Source\PSoC6/cyfitter_cfg.c **** * Description:
   8:Generated_Source\PSoC6/cyfitter_cfg.c **** * This file contains device initialization code.
   9:Generated_Source\PSoC6/cyfitter_cfg.c **** * Except for the user defined sections in CyClockStartupError(), this file should not be modified.
  10:Generated_Source\PSoC6/cyfitter_cfg.c **** * This file is automatically generated by PSoC Creator.
  11:Generated_Source\PSoC6/cyfitter_cfg.c **** *
  12:Generated_Source\PSoC6/cyfitter_cfg.c **** ********************************************************************************
  13:Generated_Source\PSoC6/cyfitter_cfg.c **** * Copyright (c) 2007-2020 Cypress Semiconductor.  All rights reserved.
  14:Generated_Source\PSoC6/cyfitter_cfg.c **** * You may use this file only in accordance with the license, terms, conditions, 
  15:Generated_Source\PSoC6/cyfitter_cfg.c **** * disclaimers, and limitations in the end user license agreement accompanying 
  16:Generated_Source\PSoC6/cyfitter_cfg.c **** * the software package with which this file was provided.
  17:Generated_Source\PSoC6/cyfitter_cfg.c **** ********************************************************************************/
  18:Generated_Source\PSoC6/cyfitter_cfg.c **** 
  19:Generated_Source\PSoC6/cyfitter_cfg.c **** #include <string.h>
  20:Generated_Source\PSoC6/cyfitter_cfg.c **** #include "cydevice_trm.h"
  21:Generated_Source\PSoC6/cyfitter_cfg.c **** #include "cyfitter.h"
  22:Generated_Source\PSoC6/cyfitter_cfg.c **** #include "trigmux/cy_trigmux.h"
  23:Generated_Source\PSoC6/cyfitter_cfg.c **** #include "gpio/cy_gpio.h"
  24:Generated_Source\PSoC6/cyfitter_cfg.c **** #include "syslib/cy_syslib.h"
  25:Generated_Source\PSoC6/cyfitter_cfg.c **** #include "cyfitter_cfg.h"
  26:Generated_Source\PSoC6/cyfitter_cfg.c **** #include "cyapicallbacks.h"
  27:Generated_Source\PSoC6/cyfitter_cfg.c **** #include "sysclk/cy_sysclk.h"
  28:Generated_Source\PSoC6/cyfitter_cfg.c **** #include "systick/cy_systick.h"
  29:Generated_Source\PSoC6/cyfitter_cfg.c **** 
  30:Generated_Source\PSoC6/cyfitter_cfg.c **** #define CY_NEED_CYCLOCKSTARTUPERROR 1
  31:Generated_Source\PSoC6/cyfitter_cfg.c **** #include "syspm/cy_syspm.h"
ARM GAS  C:\Users\Finik\AppData\Local\Temp\ccXrCYub.s 			page 2


  32:Generated_Source\PSoC6/cyfitter_cfg.c **** 
  33:Generated_Source\PSoC6/cyfitter_cfg.c **** 
  34:Generated_Source\PSoC6/cyfitter_cfg.c **** #if defined(__GNUC__) || defined(__ARMCC_VERSION)
  35:Generated_Source\PSoC6/cyfitter_cfg.c ****     #define CYPACKED 
  36:Generated_Source\PSoC6/cyfitter_cfg.c ****     #define CYPACKED_ATTR __attribute__ ((packed))
  37:Generated_Source\PSoC6/cyfitter_cfg.c ****     #define CYALIGNED __attribute__ ((aligned))
  38:Generated_Source\PSoC6/cyfitter_cfg.c ****     #define CY_CFG_UNUSED __attribute__ ((unused))
  39:Generated_Source\PSoC6/cyfitter_cfg.c ****     #ifndef CY_CFG_SECTION
  40:Generated_Source\PSoC6/cyfitter_cfg.c ****         #define CY_CFG_SECTION __attribute__ ((section(".psocinit")))
  41:Generated_Source\PSoC6/cyfitter_cfg.c ****     #endif
  42:Generated_Source\PSoC6/cyfitter_cfg.c ****     
  43:Generated_Source\PSoC6/cyfitter_cfg.c ****     #if defined(__ARMCC_VERSION)
  44:Generated_Source\PSoC6/cyfitter_cfg.c ****         #define CY_CFG_MEMORY_BARRIER() __memory_changed()
  45:Generated_Source\PSoC6/cyfitter_cfg.c ****     #else
  46:Generated_Source\PSoC6/cyfitter_cfg.c ****         #define CY_CFG_MEMORY_BARRIER() __sync_synchronize()
  47:Generated_Source\PSoC6/cyfitter_cfg.c ****     #endif
  48:Generated_Source\PSoC6/cyfitter_cfg.c ****     
  49:Generated_Source\PSoC6/cyfitter_cfg.c **** #elif defined(__ICCARM__)
  50:Generated_Source\PSoC6/cyfitter_cfg.c ****     #include <intrinsics.h>
  51:Generated_Source\PSoC6/cyfitter_cfg.c **** 
  52:Generated_Source\PSoC6/cyfitter_cfg.c ****     #define CYPACKED __packed
  53:Generated_Source\PSoC6/cyfitter_cfg.c ****     #define CYPACKED_ATTR 
  54:Generated_Source\PSoC6/cyfitter_cfg.c ****     #define CYALIGNED _Pragma("data_alignment=4")
  55:Generated_Source\PSoC6/cyfitter_cfg.c ****     #define CY_CFG_UNUSED _Pragma("diag_suppress=Pe177")
  56:Generated_Source\PSoC6/cyfitter_cfg.c ****     #define CY_CFG_SECTION _Pragma("location=\".psocinit\"")
  57:Generated_Source\PSoC6/cyfitter_cfg.c ****     
  58:Generated_Source\PSoC6/cyfitter_cfg.c ****     #define CY_CFG_MEMORY_BARRIER() __DMB()
  59:Generated_Source\PSoC6/cyfitter_cfg.c ****     
  60:Generated_Source\PSoC6/cyfitter_cfg.c **** #else
  61:Generated_Source\PSoC6/cyfitter_cfg.c ****     #error Unsupported toolchain
  62:Generated_Source\PSoC6/cyfitter_cfg.c **** #endif
  63:Generated_Source\PSoC6/cyfitter_cfg.c **** 
  64:Generated_Source\PSoC6/cyfitter_cfg.c **** #ifndef CYCODE
  65:Generated_Source\PSoC6/cyfitter_cfg.c ****     #define CYCODE
  66:Generated_Source\PSoC6/cyfitter_cfg.c **** #endif
  67:Generated_Source\PSoC6/cyfitter_cfg.c **** #ifndef CYDATA
  68:Generated_Source\PSoC6/cyfitter_cfg.c ****     #define CYDATA
  69:Generated_Source\PSoC6/cyfitter_cfg.c **** #endif
  70:Generated_Source\PSoC6/cyfitter_cfg.c **** #ifndef CYFAR
  71:Generated_Source\PSoC6/cyfitter_cfg.c ****     #define CYFAR
  72:Generated_Source\PSoC6/cyfitter_cfg.c **** #endif
  73:Generated_Source\PSoC6/cyfitter_cfg.c **** #ifndef CYXDATA
  74:Generated_Source\PSoC6/cyfitter_cfg.c ****     #define CYXDATA
  75:Generated_Source\PSoC6/cyfitter_cfg.c **** #endif
  76:Generated_Source\PSoC6/cyfitter_cfg.c **** 
  77:Generated_Source\PSoC6/cyfitter_cfg.c **** 
  78:Generated_Source\PSoC6/cyfitter_cfg.c **** CY_CFG_UNUSED
  79:Generated_Source\PSoC6/cyfitter_cfg.c **** static void CYMEMZERO(void *s, size_t n);
  80:Generated_Source\PSoC6/cyfitter_cfg.c **** CY_CFG_UNUSED
  81:Generated_Source\PSoC6/cyfitter_cfg.c **** static void CYMEMZERO(void *s, size_t n)
  82:Generated_Source\PSoC6/cyfitter_cfg.c **** {
  83:Generated_Source\PSoC6/cyfitter_cfg.c **** 	(void)memset(s, 0, n);
  84:Generated_Source\PSoC6/cyfitter_cfg.c **** }
  85:Generated_Source\PSoC6/cyfitter_cfg.c **** CY_CFG_UNUSED
  86:Generated_Source\PSoC6/cyfitter_cfg.c **** static void CYCONFIGCPY(void *dest, const void *src, size_t n);
  87:Generated_Source\PSoC6/cyfitter_cfg.c **** CY_CFG_UNUSED
  88:Generated_Source\PSoC6/cyfitter_cfg.c **** static void CYCONFIGCPY(void *dest, const void *src, size_t n)
ARM GAS  C:\Users\Finik\AppData\Local\Temp\ccXrCYub.s 			page 3


  89:Generated_Source\PSoC6/cyfitter_cfg.c **** {
  90:Generated_Source\PSoC6/cyfitter_cfg.c **** 	(void)memcpy(dest, src, n);
  91:Generated_Source\PSoC6/cyfitter_cfg.c **** }
  92:Generated_Source\PSoC6/cyfitter_cfg.c **** CY_CFG_UNUSED
  93:Generated_Source\PSoC6/cyfitter_cfg.c **** static void CYCONFIGCPYCODE(void *dest, const void *src, size_t n);
  94:Generated_Source\PSoC6/cyfitter_cfg.c **** CY_CFG_UNUSED
  95:Generated_Source\PSoC6/cyfitter_cfg.c **** static void CYCONFIGCPYCODE(void *dest, const void *src, size_t n)
  96:Generated_Source\PSoC6/cyfitter_cfg.c **** {
  97:Generated_Source\PSoC6/cyfitter_cfg.c **** 	(void)memcpy(dest, src, n);
  98:Generated_Source\PSoC6/cyfitter_cfg.c **** }
  99:Generated_Source\PSoC6/cyfitter_cfg.c **** 
 100:Generated_Source\PSoC6/cyfitter_cfg.c **** 
 101:Generated_Source\PSoC6/cyfitter_cfg.c **** 
 102:Generated_Source\PSoC6/cyfitter_cfg.c **** 
 103:Generated_Source\PSoC6/cyfitter_cfg.c **** /* Clock startup error codes                                                   */
 104:Generated_Source\PSoC6/cyfitter_cfg.c **** #define CYCLOCKSTART_NO_ERROR    0u
 105:Generated_Source\PSoC6/cyfitter_cfg.c **** #define CYCLOCKSTART_XTAL_ERROR  1u
 106:Generated_Source\PSoC6/cyfitter_cfg.c **** #define CYCLOCKSTART_32KHZ_ERROR 2u
 107:Generated_Source\PSoC6/cyfitter_cfg.c **** #define CYCLOCKSTART_PLL_ERROR   3u
 108:Generated_Source\PSoC6/cyfitter_cfg.c **** #define CYCLOCKSTART_FLL_ERROR   4u
 109:Generated_Source\PSoC6/cyfitter_cfg.c **** #define CYCLOCKSTART_WCO_ERROR   5u
 110:Generated_Source\PSoC6/cyfitter_cfg.c **** 
 111:Generated_Source\PSoC6/cyfitter_cfg.c **** 
 112:Generated_Source\PSoC6/cyfitter_cfg.c **** #ifdef CY_NEED_CYCLOCKSTARTUPERROR
 113:Generated_Source\PSoC6/cyfitter_cfg.c **** /*******************************************************************************
 114:Generated_Source\PSoC6/cyfitter_cfg.c **** * Function Name: CyClockStartupError
 115:Generated_Source\PSoC6/cyfitter_cfg.c **** ********************************************************************************
 116:Generated_Source\PSoC6/cyfitter_cfg.c **** * Summary:
 117:Generated_Source\PSoC6/cyfitter_cfg.c **** *  If an error is encountered during clock configuration (crystal startup error,
 118:Generated_Source\PSoC6/cyfitter_cfg.c **** *  PLL lock error, etc.), the system will end up here.  Unless reimplemented by
 119:Generated_Source\PSoC6/cyfitter_cfg.c **** *  the customer, this function will stop in an infinite loop.
 120:Generated_Source\PSoC6/cyfitter_cfg.c **** *
 121:Generated_Source\PSoC6/cyfitter_cfg.c **** * Parameters:
 122:Generated_Source\PSoC6/cyfitter_cfg.c **** *   void
 123:Generated_Source\PSoC6/cyfitter_cfg.c **** *
 124:Generated_Source\PSoC6/cyfitter_cfg.c **** * Return:
 125:Generated_Source\PSoC6/cyfitter_cfg.c **** *   void
 126:Generated_Source\PSoC6/cyfitter_cfg.c **** *
 127:Generated_Source\PSoC6/cyfitter_cfg.c **** *******************************************************************************/
 128:Generated_Source\PSoC6/cyfitter_cfg.c **** CY_CFG_UNUSED
 129:Generated_Source\PSoC6/cyfitter_cfg.c **** static void CyClockStartupError(uint8 errorCode);
 130:Generated_Source\PSoC6/cyfitter_cfg.c **** CY_CFG_UNUSED
 131:Generated_Source\PSoC6/cyfitter_cfg.c **** static void CyClockStartupError(uint8 errorCode)
 132:Generated_Source\PSoC6/cyfitter_cfg.c **** {
  27              		.loc 1 132 0
  28              		.cfi_startproc
  29              		@ Volatile: function does not return.
  30              		@ args = 0, pretend = 0, frame = 0
  31              		@ frame_needed = 0, uses_anonymous_args = 0
  32              		@ link register save eliminated.
  33              	.LVL0:
  34              	.L2:
  35 0000 FEE7     		b	.L2
  36              		.cfi_endproc
  37              	.LFE187:
  38              		.size	CyClockStartupError, .-CyClockStartupError
  39 0002 C046     		.section	.text.AnalogSetDefault,"ax",%progbits
ARM GAS  C:\Users\Finik\AppData\Local\Temp\ccXrCYub.s 			page 4


  40              		.align	2
  41              		.code	16
  42              		.thumb_func
  43              		.type	AnalogSetDefault, %function
  44              	AnalogSetDefault:
  45              	.LFB189:
 133:Generated_Source\PSoC6/cyfitter_cfg.c ****     /* To remove the compiler warning if errorCode not used.                */
 134:Generated_Source\PSoC6/cyfitter_cfg.c ****     errorCode = errorCode;
 135:Generated_Source\PSoC6/cyfitter_cfg.c **** 
 136:Generated_Source\PSoC6/cyfitter_cfg.c ****     /* If we have a clock startup error (bad MHz crystal, PLL lock, etc.),  */
 137:Generated_Source\PSoC6/cyfitter_cfg.c ****     /* we will end up here to allow the customer to implement something to  */
 138:Generated_Source\PSoC6/cyfitter_cfg.c ****     /* deal with the clock condition.                                       */
 139:Generated_Source\PSoC6/cyfitter_cfg.c **** 
 140:Generated_Source\PSoC6/cyfitter_cfg.c **** #ifdef CY_CFG_CLOCK_STARTUP_ERROR_CALLBACK
 141:Generated_Source\PSoC6/cyfitter_cfg.c ****     CY_CFG_Clock_Startup_ErrorCallback();
 142:Generated_Source\PSoC6/cyfitter_cfg.c **** #else
 143:Generated_Source\PSoC6/cyfitter_cfg.c ****     while(1) {}
 144:Generated_Source\PSoC6/cyfitter_cfg.c **** #endif /* CY_CFG_CLOCK_STARTUP_ERROR_CALLBACK */
 145:Generated_Source\PSoC6/cyfitter_cfg.c **** }
 146:Generated_Source\PSoC6/cyfitter_cfg.c **** #endif
 147:Generated_Source\PSoC6/cyfitter_cfg.c **** 
 148:Generated_Source\PSoC6/cyfitter_cfg.c **** static void ClockInit(void);
 149:Generated_Source\PSoC6/cyfitter_cfg.c **** static void ClockInit(void)
 150:Generated_Source\PSoC6/cyfitter_cfg.c **** {
 151:Generated_Source\PSoC6/cyfitter_cfg.c **** 	uint32_t status;
 152:Generated_Source\PSoC6/cyfitter_cfg.c **** 
 153:Generated_Source\PSoC6/cyfitter_cfg.c **** 	/* Enable all source clocks */
 154:Generated_Source\PSoC6/cyfitter_cfg.c **** 	Cy_SysClk_ClkLfSetSource(CY_SYSCLK_CLKLF_IN_ILO);
 155:Generated_Source\PSoC6/cyfitter_cfg.c **** 
 156:Generated_Source\PSoC6/cyfitter_cfg.c **** 	/* Configure CPU clock dividers */
 157:Generated_Source\PSoC6/cyfitter_cfg.c **** 	Cy_SysClk_ClkFastSetDivider(0u);
 158:Generated_Source\PSoC6/cyfitter_cfg.c **** 	Cy_SysClk_ClkPeriSetDivider(1u);
 159:Generated_Source\PSoC6/cyfitter_cfg.c **** 	Cy_SysClk_ClkSlowSetDivider(0u);
 160:Generated_Source\PSoC6/cyfitter_cfg.c **** 
 161:Generated_Source\PSoC6/cyfitter_cfg.c **** 	/* Configure LF & HF clocks */
 162:Generated_Source\PSoC6/cyfitter_cfg.c **** 	Cy_SysClk_ClkHfSetSource(0u, CY_SYSCLK_CLKHF_IN_CLKPATH0);
 163:Generated_Source\PSoC6/cyfitter_cfg.c **** 	Cy_SysClk_ClkHfSetDivider(0u, CY_SYSCLK_CLKHF_NO_DIVIDE);
 164:Generated_Source\PSoC6/cyfitter_cfg.c **** 	Cy_SysClk_ClkHfEnable(0u);
 165:Generated_Source\PSoC6/cyfitter_cfg.c **** 
 166:Generated_Source\PSoC6/cyfitter_cfg.c **** 	/* Configure Path Clocks */
 167:Generated_Source\PSoC6/cyfitter_cfg.c **** 	Cy_SysClk_ClkPathSetSource(1, CY_SYSCLK_CLKPATH_IN_IMO);
 168:Generated_Source\PSoC6/cyfitter_cfg.c **** 	Cy_SysClk_ClkPathSetSource(2, CY_SYSCLK_CLKPATH_IN_IMO);
 169:Generated_Source\PSoC6/cyfitter_cfg.c **** 	Cy_SysClk_ClkPathSetSource(3, CY_SYSCLK_CLKPATH_IN_IMO);
 170:Generated_Source\PSoC6/cyfitter_cfg.c **** 	Cy_SysClk_ClkPathSetSource(4, CY_SYSCLK_CLKPATH_IN_IMO);
 171:Generated_Source\PSoC6/cyfitter_cfg.c **** 	Cy_SysClk_ClkPathSetSource(0, CY_SYSCLK_CLKPATH_IN_IMO);
 172:Generated_Source\PSoC6/cyfitter_cfg.c **** 	{
 173:Generated_Source\PSoC6/cyfitter_cfg.c **** 		const cy_stc_fll_manual_config_t fllConfig = 
 174:Generated_Source\PSoC6/cyfitter_cfg.c **** 		{
 175:Generated_Source\PSoC6/cyfitter_cfg.c **** 			.fllMult =         500u,
 176:Generated_Source\PSoC6/cyfitter_cfg.c **** 			.refDiv =          20u,
 177:Generated_Source\PSoC6/cyfitter_cfg.c **** 			.ccoRange =        CY_SYSCLK_FLL_CCO_RANGE4,
 178:Generated_Source\PSoC6/cyfitter_cfg.c **** 			.enableOutputDiv = true,
 179:Generated_Source\PSoC6/cyfitter_cfg.c **** 			.lockTolerance =   10u,
 180:Generated_Source\PSoC6/cyfitter_cfg.c **** 			.igain =           9u,
 181:Generated_Source\PSoC6/cyfitter_cfg.c **** 			.pgain =           5u,
 182:Generated_Source\PSoC6/cyfitter_cfg.c **** 			.settlingCount =   8u,
 183:Generated_Source\PSoC6/cyfitter_cfg.c **** 			.outputMode =      CY_SYSCLK_FLLPLL_OUTPUT_AUTO,
ARM GAS  C:\Users\Finik\AppData\Local\Temp\ccXrCYub.s 			page 5


 184:Generated_Source\PSoC6/cyfitter_cfg.c **** 			.cco_Freq =        355u
 185:Generated_Source\PSoC6/cyfitter_cfg.c **** 		};
 186:Generated_Source\PSoC6/cyfitter_cfg.c **** 		status = Cy_SysClk_FllManualConfigure(&fllConfig);
 187:Generated_Source\PSoC6/cyfitter_cfg.c **** 		if (CY_RET_SUCCESS != status)
 188:Generated_Source\PSoC6/cyfitter_cfg.c **** 		{
 189:Generated_Source\PSoC6/cyfitter_cfg.c **** 			CyClockStartupError(CYCLOCKSTART_FLL_ERROR);
 190:Generated_Source\PSoC6/cyfitter_cfg.c **** 		}
 191:Generated_Source\PSoC6/cyfitter_cfg.c **** 	}
 192:Generated_Source\PSoC6/cyfitter_cfg.c **** 	SRSS->CLK_TRIM_CCO_CTL |= 1u << 31;
 193:Generated_Source\PSoC6/cyfitter_cfg.c **** 	status = Cy_SysClk_FllEnable(200000u);
 194:Generated_Source\PSoC6/cyfitter_cfg.c **** 	if (CY_RET_SUCCESS != status)
 195:Generated_Source\PSoC6/cyfitter_cfg.c **** 	{
 196:Generated_Source\PSoC6/cyfitter_cfg.c **** 		CyClockStartupError(CYCLOCKSTART_FLL_ERROR);
 197:Generated_Source\PSoC6/cyfitter_cfg.c **** 	}
 198:Generated_Source\PSoC6/cyfitter_cfg.c **** 
 199:Generated_Source\PSoC6/cyfitter_cfg.c **** 	/* Configure miscellaneous clocks */
 200:Generated_Source\PSoC6/cyfitter_cfg.c **** 	Cy_SysClk_ClkTimerSetSource(CY_SYSCLK_CLKTIMER_IN_IMO);
 201:Generated_Source\PSoC6/cyfitter_cfg.c **** 	Cy_SysClk_ClkTimerSetDivider(0);
 202:Generated_Source\PSoC6/cyfitter_cfg.c **** 	Cy_SysClk_ClkTimerEnable();
 203:Generated_Source\PSoC6/cyfitter_cfg.c **** 	Cy_SysClk_ClkPumpSetSource(CY_SYSCLK_PUMP_IN_CLKPATH0);
 204:Generated_Source\PSoC6/cyfitter_cfg.c **** 	Cy_SysClk_ClkPumpSetDivider(CY_SYSCLK_PUMP_DIV_4);
 205:Generated_Source\PSoC6/cyfitter_cfg.c **** 	Cy_SysClk_ClkPumpEnable();
 206:Generated_Source\PSoC6/cyfitter_cfg.c **** 	Cy_SysClk_ClkBakSetSource(CY_SYSCLK_BAK_IN_CLKLF);
 207:Generated_Source\PSoC6/cyfitter_cfg.c **** 	Cy_SysTick_SetClockSource(CY_SYSTICK_CLOCK_SOURCE_CLK_LF);
 208:Generated_Source\PSoC6/cyfitter_cfg.c **** 	Cy_SysClk_IloEnable();
 209:Generated_Source\PSoC6/cyfitter_cfg.c **** 	Cy_SysClk_IloHibernateOn(1u);
 210:Generated_Source\PSoC6/cyfitter_cfg.c **** 
 211:Generated_Source\PSoC6/cyfitter_cfg.c **** 	/* Set memory wait states based on 100 MHz HFClk[0] */
 212:Generated_Source\PSoC6/cyfitter_cfg.c **** 	Cy_SysLib_SetWaitStates(false, 100);
 213:Generated_Source\PSoC6/cyfitter_cfg.c **** 
 214:Generated_Source\PSoC6/cyfitter_cfg.c **** 	/* Configure peripheral clock dividers */
 215:Generated_Source\PSoC6/cyfitter_cfg.c **** 	Cy_SysClk_PeriphAssignDivider(PCLK_PASS_CLOCK_CTDAC, CY_SYSCLK_DIV_8_BIT, 0u);
 216:Generated_Source\PSoC6/cyfitter_cfg.c **** 	Cy_SysClk_PeriphSetDivider(CY_SYSCLK_DIV_8_BIT, 0u, 99u);
 217:Generated_Source\PSoC6/cyfitter_cfg.c **** 	Cy_SysClk_PeriphEnableDivider(CY_SYSCLK_DIV_8_BIT, 0u);
 218:Generated_Source\PSoC6/cyfitter_cfg.c **** }
 219:Generated_Source\PSoC6/cyfitter_cfg.c **** 
 220:Generated_Source\PSoC6/cyfitter_cfg.c **** 
 221:Generated_Source\PSoC6/cyfitter_cfg.c **** /* Analog API Functions */
 222:Generated_Source\PSoC6/cyfitter_cfg.c **** 
 223:Generated_Source\PSoC6/cyfitter_cfg.c **** 
 224:Generated_Source\PSoC6/cyfitter_cfg.c **** /*******************************************************************************
 225:Generated_Source\PSoC6/cyfitter_cfg.c **** * Function Name: AnalogSetDefault
 226:Generated_Source\PSoC6/cyfitter_cfg.c **** ********************************************************************************
 227:Generated_Source\PSoC6/cyfitter_cfg.c **** *
 228:Generated_Source\PSoC6/cyfitter_cfg.c **** * Summary:
 229:Generated_Source\PSoC6/cyfitter_cfg.c **** *  Sets up the analog portions of the chip to default values based on chip
 230:Generated_Source\PSoC6/cyfitter_cfg.c **** *  configuration options from the project.
 231:Generated_Source\PSoC6/cyfitter_cfg.c **** *
 232:Generated_Source\PSoC6/cyfitter_cfg.c **** * Parameters:
 233:Generated_Source\PSoC6/cyfitter_cfg.c **** *  void
 234:Generated_Source\PSoC6/cyfitter_cfg.c **** *
 235:Generated_Source\PSoC6/cyfitter_cfg.c **** * Return:
 236:Generated_Source\PSoC6/cyfitter_cfg.c **** *  void
 237:Generated_Source\PSoC6/cyfitter_cfg.c **** *
 238:Generated_Source\PSoC6/cyfitter_cfg.c **** *******************************************************************************/
 239:Generated_Source\PSoC6/cyfitter_cfg.c **** static void AnalogSetDefault(void);
 240:Generated_Source\PSoC6/cyfitter_cfg.c **** static void AnalogSetDefault(void)
ARM GAS  C:\Users\Finik\AppData\Local\Temp\ccXrCYub.s 			page 6


 241:Generated_Source\PSoC6/cyfitter_cfg.c **** {
  46              		.loc 1 241 0
  47              		.cfi_startproc
  48              		@ args = 0, pretend = 0, frame = 0
  49              		@ frame_needed = 0, uses_anonymous_args = 0
  50              		@ link register save eliminated.
 242:Generated_Source\PSoC6/cyfitter_cfg.c **** 	CY_SET_REG32(CYREG_PASS_AREF_AREF_CTRL, 0x80110001u);
  51              		.loc 1 242 0
  52 0000 014A     		ldr	r2, .L4
  53 0002 024B     		ldr	r3, .L4+4
  54 0004 1A60     		str	r2, [r3]
 243:Generated_Source\PSoC6/cyfitter_cfg.c **** }
  55              		.loc 1 243 0
  56              		@ sp needed
  57 0006 7047     		bx	lr
  58              	.L5:
  59              		.align	2
  60              	.L4:
  61 0008 01001180 		.word	-2146369535
  62 000c 000E1F41 		.word	1092554240
  63              		.cfi_endproc
  64              	.LFE189:
  65              		.size	AnalogSetDefault, .-AnalogSetDefault
  66              		.section	.text.ClockInit,"ax",%progbits
  67              		.align	2
  68              		.code	16
  69              		.thumb_func
  70              		.type	ClockInit, %function
  71              	ClockInit:
  72              	.LFB188:
 150:Generated_Source\PSoC6/cyfitter_cfg.c **** 	uint32_t status;
  73              		.loc 1 150 0
  74              		.cfi_startproc
  75              		@ args = 0, pretend = 0, frame = 24
  76              		@ frame_needed = 0, uses_anonymous_args = 0
  77 0000 30B5     		push	{r4, r5, lr}
  78              		.cfi_def_cfa_offset 12
  79              		.cfi_offset 4, -12
  80              		.cfi_offset 5, -8
  81              		.cfi_offset 14, -4
  82 0002 87B0     		sub	sp, sp, #28
  83              		.cfi_def_cfa_offset 40
  84              	.LVL1:
  85              	.LBB88:
  86              	.LBB89:
  87              		.file 2 "Generated_Source\\PSoC6\\pdl\\drivers/peripheral/sysclk/cy_sysclk.h"
   1:Generated_Source\PSoC6\pdl\drivers/peripheral/sysclk/cy_sysclk.h **** /***************************************************************************//**
   2:Generated_Source\PSoC6\pdl\drivers/peripheral/sysclk/cy_sysclk.h **** * \file cy_sysclk.h
   3:Generated_Source\PSoC6\pdl\drivers/peripheral/sysclk/cy_sysclk.h **** * \version 2.0
   4:Generated_Source\PSoC6\pdl\drivers/peripheral/sysclk/cy_sysclk.h **** *
   5:Generated_Source\PSoC6\pdl\drivers/peripheral/sysclk/cy_sysclk.h **** * Provides an API declaration of the sysclk driver.
   6:Generated_Source\PSoC6\pdl\drivers/peripheral/sysclk/cy_sysclk.h **** *
   7:Generated_Source\PSoC6\pdl\drivers/peripheral/sysclk/cy_sysclk.h **** ********************************************************************************
   8:Generated_Source\PSoC6\pdl\drivers/peripheral/sysclk/cy_sysclk.h **** * \copyright
   9:Generated_Source\PSoC6\pdl\drivers/peripheral/sysclk/cy_sysclk.h **** * Copyright 2016-2020, Cypress Semiconductor Corporation. All rights reserved.
  10:Generated_Source\PSoC6\pdl\drivers/peripheral/sysclk/cy_sysclk.h **** * You may use this file only in accordance with the license, terms, conditions,
  11:Generated_Source\PSoC6\pdl\drivers/peripheral/sysclk/cy_sysclk.h **** * disclaimers, and limitations in the end user license agreement accompanying
ARM GAS  C:\Users\Finik\AppData\Local\Temp\ccXrCYub.s 			page 7


  12:Generated_Source\PSoC6\pdl\drivers/peripheral/sysclk/cy_sysclk.h **** * the software package with which this file was provided.
  13:Generated_Source\PSoC6\pdl\drivers/peripheral/sysclk/cy_sysclk.h **** *******************************************************************************/
  14:Generated_Source\PSoC6\pdl\drivers/peripheral/sysclk/cy_sysclk.h **** 
  15:Generated_Source\PSoC6\pdl\drivers/peripheral/sysclk/cy_sysclk.h **** /**
  16:Generated_Source\PSoC6\pdl\drivers/peripheral/sysclk/cy_sysclk.h **** * \addtogroup group_sysclk
  17:Generated_Source\PSoC6\pdl\drivers/peripheral/sysclk/cy_sysclk.h **** * \{
  18:Generated_Source\PSoC6\pdl\drivers/peripheral/sysclk/cy_sysclk.h **** * The System Clock (SysClk) driver contains the API for configuring system and
  19:Generated_Source\PSoC6\pdl\drivers/peripheral/sysclk/cy_sysclk.h **** * peripheral clocks. 
  20:Generated_Source\PSoC6\pdl\drivers/peripheral/sysclk/cy_sysclk.h **** *
  21:Generated_Source\PSoC6\pdl\drivers/peripheral/sysclk/cy_sysclk.h **** * The functions and other declarations used in this driver are in cy_sysclk.h. 
  22:Generated_Source\PSoC6\pdl\drivers/peripheral/sysclk/cy_sysclk.h **** * You can include cy_pdl.h (ModusToolbox only) to get access to all functions 
  23:Generated_Source\PSoC6\pdl\drivers/peripheral/sysclk/cy_sysclk.h **** * and declarations in the PDL. 
  24:Generated_Source\PSoC6\pdl\drivers/peripheral/sysclk/cy_sysclk.h **** *
  25:Generated_Source\PSoC6\pdl\drivers/peripheral/sysclk/cy_sysclk.h **** * Firmware uses the API to configure , enable, or disable a clock.
  26:Generated_Source\PSoC6\pdl\drivers/peripheral/sysclk/cy_sysclk.h **** * 
  27:Generated_Source\PSoC6\pdl\drivers/peripheral/sysclk/cy_sysclk.h **** * The clock system includes a variety of resources that can vary per device, including:
  28:Generated_Source\PSoC6\pdl\drivers/peripheral/sysclk/cy_sysclk.h **** * - Internal clock sources such as internal oscillators
  29:Generated_Source\PSoC6\pdl\drivers/peripheral/sysclk/cy_sysclk.h **** * - External clock sources such as crystal oscillators or a signal on an I/O pin
  30:Generated_Source\PSoC6\pdl\drivers/peripheral/sysclk/cy_sysclk.h **** * - Generated clocks such as an FLL, a PLL, and peripheral clocks
  31:Generated_Source\PSoC6\pdl\drivers/peripheral/sysclk/cy_sysclk.h **** *
  32:Generated_Source\PSoC6\pdl\drivers/peripheral/sysclk/cy_sysclk.h **** * Consult the Technical Reference Manual for your device for details of the 
  33:Generated_Source\PSoC6\pdl\drivers/peripheral/sysclk/cy_sysclk.h **** * clock system.
  34:Generated_Source\PSoC6\pdl\drivers/peripheral/sysclk/cy_sysclk.h **** *
  35:Generated_Source\PSoC6\pdl\drivers/peripheral/sysclk/cy_sysclk.h **** * The PDL defines clock system capabilities in:\n
  36:Generated_Source\PSoC6\pdl\drivers/peripheral/sysclk/cy_sysclk.h **** * devices\<family\>/<series\>/include\<series\>_config.h. (E.g.
  37:Generated_Source\PSoC6\pdl\drivers/peripheral/sysclk/cy_sysclk.h **** * devices/psoc6/include/psoc6_01_config.h).
  38:Generated_Source\PSoC6\pdl\drivers/peripheral/sysclk/cy_sysclk.h **** * User-configurable clock speeds are defined in the file system_<series>.h.
  39:Generated_Source\PSoC6\pdl\drivers/peripheral/sysclk/cy_sysclk.h **** *
  40:Generated_Source\PSoC6\pdl\drivers/peripheral/sysclk/cy_sysclk.h **** * As an illustration of the clocking system, the following diagram shows the
  41:Generated_Source\PSoC6\pdl\drivers/peripheral/sysclk/cy_sysclk.h **** * PSoC 63 series clock tree. The actual tree may vary depending on the device series.
  42:Generated_Source\PSoC6\pdl\drivers/peripheral/sysclk/cy_sysclk.h **** * Consult the Technical Reference Manual for your device for details.
  43:Generated_Source\PSoC6\pdl\drivers/peripheral/sysclk/cy_sysclk.h **** * ![](sysclk_tree.png)
  44:Generated_Source\PSoC6\pdl\drivers/peripheral/sysclk/cy_sysclk.h **** *
  45:Generated_Source\PSoC6\pdl\drivers/peripheral/sysclk/cy_sysclk.h **** * The sysclk driver supports multiple peripheral clocks, as well as the fast 
  46:Generated_Source\PSoC6\pdl\drivers/peripheral/sysclk/cy_sysclk.h **** * clock, slow clock, backup domain clock, timer clock, and pump clock. The API
  47:Generated_Source\PSoC6\pdl\drivers/peripheral/sysclk/cy_sysclk.h **** * for any given clock contains the functions to manage that clock. Functions
  48:Generated_Source\PSoC6\pdl\drivers/peripheral/sysclk/cy_sysclk.h **** * for clock measurement and trimming are also provided.
  49:Generated_Source\PSoC6\pdl\drivers/peripheral/sysclk/cy_sysclk.h **** *
  50:Generated_Source\PSoC6\pdl\drivers/peripheral/sysclk/cy_sysclk.h **** * \section group_sysclk_configuration Configuration Considerations
  51:Generated_Source\PSoC6\pdl\drivers/peripheral/sysclk/cy_sysclk.h **** * The availability of clock functions depend on the availability of the chip
  52:Generated_Source\PSoC6\pdl\drivers/peripheral/sysclk/cy_sysclk.h **** * resources that support those functions. Consult the device TRM before
  53:Generated_Source\PSoC6\pdl\drivers/peripheral/sysclk/cy_sysclk.h **** * attempting to use these functions.
  54:Generated_Source\PSoC6\pdl\drivers/peripheral/sysclk/cy_sysclk.h **** *
  55:Generated_Source\PSoC6\pdl\drivers/peripheral/sysclk/cy_sysclk.h **** * LPActive and LPSleep power modes limit the maximum clock frequency allowed
  56:Generated_Source\PSoC6\pdl\drivers/peripheral/sysclk/cy_sysclk.h **** * on the device. Refer to the SysPm driver and the TRM for details.
  57:Generated_Source\PSoC6\pdl\drivers/peripheral/sysclk/cy_sysclk.h **** *
  58:Generated_Source\PSoC6\pdl\drivers/peripheral/sysclk/cy_sysclk.h **** * \section group_sysclk_more_information More Information
  59:Generated_Source\PSoC6\pdl\drivers/peripheral/sysclk/cy_sysclk.h **** * Refer to the technical reference manual (TRM) and the device datasheet.
  60:Generated_Source\PSoC6\pdl\drivers/peripheral/sysclk/cy_sysclk.h **** *
  61:Generated_Source\PSoC6\pdl\drivers/peripheral/sysclk/cy_sysclk.h **** * \section group_sysclk_MISRA MISRA-C Compliance
  62:Generated_Source\PSoC6\pdl\drivers/peripheral/sysclk/cy_sysclk.h **** * <table class="doxtable">
  63:Generated_Source\PSoC6\pdl\drivers/peripheral/sysclk/cy_sysclk.h **** *   <tr>
  64:Generated_Source\PSoC6\pdl\drivers/peripheral/sysclk/cy_sysclk.h **** *     <th>MISRA Rule</th>
  65:Generated_Source\PSoC6\pdl\drivers/peripheral/sysclk/cy_sysclk.h **** *     <th>Rule Class (Required/Advisory)</th>
  66:Generated_Source\PSoC6\pdl\drivers/peripheral/sysclk/cy_sysclk.h **** *     <th>Rule Description</th>
  67:Generated_Source\PSoC6\pdl\drivers/peripheral/sysclk/cy_sysclk.h **** *     <th>Description of Deviation(s)</th>
  68:Generated_Source\PSoC6\pdl\drivers/peripheral/sysclk/cy_sysclk.h **** *   </tr>
ARM GAS  C:\Users\Finik\AppData\Local\Temp\ccXrCYub.s 			page 8


  69:Generated_Source\PSoC6\pdl\drivers/peripheral/sysclk/cy_sysclk.h **** *   <tr>
  70:Generated_Source\PSoC6\pdl\drivers/peripheral/sysclk/cy_sysclk.h **** *     <td>10.3</td>
  71:Generated_Source\PSoC6\pdl\drivers/peripheral/sysclk/cy_sysclk.h **** *     <td>R</td>
  72:Generated_Source\PSoC6\pdl\drivers/peripheral/sysclk/cy_sysclk.h **** *     <td>A composite expression of the "essentially unsigned" type is being
  73:Generated_Source\PSoC6\pdl\drivers/peripheral/sysclk/cy_sysclk.h **** *         cast to a different type category.</td>
  74:Generated_Source\PSoC6\pdl\drivers/peripheral/sysclk/cy_sysclk.h **** *     <td>The value got from the bitfield physically cannot exceed the enumeration
  75:Generated_Source\PSoC6\pdl\drivers/peripheral/sysclk/cy_sysclk.h **** *         that describes this bitfield. So, the code is safe by design.</td>
  76:Generated_Source\PSoC6\pdl\drivers/peripheral/sysclk/cy_sysclk.h **** *   </tr>
  77:Generated_Source\PSoC6\pdl\drivers/peripheral/sysclk/cy_sysclk.h **** *   <tr>
  78:Generated_Source\PSoC6\pdl\drivers/peripheral/sysclk/cy_sysclk.h **** *     <td>10.4</td>
  79:Generated_Source\PSoC6\pdl\drivers/peripheral/sysclk/cy_sysclk.h **** *     <td>R</td>
  80:Generated_Source\PSoC6\pdl\drivers/peripheral/sysclk/cy_sysclk.h **** *     <td>A composite floating point expression is being cast to double, or unsigned.</td>
  81:Generated_Source\PSoC6\pdl\drivers/peripheral/sysclk/cy_sysclk.h **** *     <td>Casting a floating-point calculation result to an integer.</td>
  82:Generated_Source\PSoC6\pdl\drivers/peripheral/sysclk/cy_sysclk.h **** *   </tr>
  83:Generated_Source\PSoC6\pdl\drivers/peripheral/sysclk/cy_sysclk.h **** *   <tr>
  84:Generated_Source\PSoC6\pdl\drivers/peripheral/sysclk/cy_sysclk.h **** *     <td>13.4</td>
  85:Generated_Source\PSoC6\pdl\drivers/peripheral/sysclk/cy_sysclk.h **** *     <td>R</td>
  86:Generated_Source\PSoC6\pdl\drivers/peripheral/sysclk/cy_sysclk.h **** *     <td>The controlling expression of a for statement shall not contain any objects of floating t
  87:Generated_Source\PSoC6\pdl\drivers/peripheral/sysclk/cy_sysclk.h **** *     <td>Scanning through a list of floating point values: only greater_than/less_then checks are 
  88:Generated_Source\PSoC6\pdl\drivers/peripheral/sysclk/cy_sysclk.h **** *         with floating point numbers, the loop counter is integer. </td>
  89:Generated_Source\PSoC6\pdl\drivers/peripheral/sysclk/cy_sysclk.h **** *   </tr>
  90:Generated_Source\PSoC6\pdl\drivers/peripheral/sysclk/cy_sysclk.h **** *   <tr>
  91:Generated_Source\PSoC6\pdl\drivers/peripheral/sysclk/cy_sysclk.h **** *     <td>16.7</td>
  92:Generated_Source\PSoC6\pdl\drivers/peripheral/sysclk/cy_sysclk.h **** *     <td>R</td>
  93:Generated_Source\PSoC6\pdl\drivers/peripheral/sysclk/cy_sysclk.h **** *     <td>The object addressed by the pointer parameter is not modified and so the pointer could be
  94:Generated_Source\PSoC6\pdl\drivers/peripheral/sysclk/cy_sysclk.h **** *         type 'pointer to const'.</td>
  95:Generated_Source\PSoC6\pdl\drivers/peripheral/sysclk/cy_sysclk.h **** *     <td>The callback function for system power management (SysPm) must be of generic callback typ
  96:Generated_Source\PSoC6\pdl\drivers/peripheral/sysclk/cy_sysclk.h **** *         contains non-const pointer parameter.</td>
  97:Generated_Source\PSoC6\pdl\drivers/peripheral/sysclk/cy_sysclk.h **** *   </tr>
  98:Generated_Source\PSoC6\pdl\drivers/peripheral/sysclk/cy_sysclk.h **** * </table>
  99:Generated_Source\PSoC6\pdl\drivers/peripheral/sysclk/cy_sysclk.h **** *
 100:Generated_Source\PSoC6\pdl\drivers/peripheral/sysclk/cy_sysclk.h **** * \section group_sysclk_changelog Changelog
 101:Generated_Source\PSoC6\pdl\drivers/peripheral/sysclk/cy_sysclk.h **** * <table class="doxtable">
 102:Generated_Source\PSoC6\pdl\drivers/peripheral/sysclk/cy_sysclk.h **** *   <tr><th>Version</th><th>Changes</th><th>Reason for Change</th></tr>
 103:Generated_Source\PSoC6\pdl\drivers/peripheral/sysclk/cy_sysclk.h **** *   <tr>
 104:Generated_Source\PSoC6\pdl\drivers/peripheral/sysclk/cy_sysclk.h **** *     <td>2.0</td>
 105:Generated_Source\PSoC6\pdl\drivers/peripheral/sysclk/cy_sysclk.h **** *     <td>Updated the ECO trimming values calculation algorithm in the \ref Cy_SysClk_EcoConfigure 
 106:Generated_Source\PSoC6\pdl\drivers/peripheral/sysclk/cy_sysclk.h **** *         This change may invalidate the already used crystals, in cases: \n
 107:Generated_Source\PSoC6\pdl\drivers/peripheral/sysclk/cy_sysclk.h **** *         * The crystal frequency is less than 16 MHz (the supported crystal frequency range was ch
 108:Generated_Source\PSoC6\pdl\drivers/peripheral/sysclk/cy_sysclk.h **** *         * The maximum amplitude (internal calculation value) is less than 0.65 V. \n
 109:Generated_Source\PSoC6\pdl\drivers/peripheral/sysclk/cy_sysclk.h **** *
 110:Generated_Source\PSoC6\pdl\drivers/peripheral/sysclk/cy_sysclk.h **** *         Also the second parameter cSum takes into account both C0 (the crystal itself shunt capac
 111:Generated_Source\PSoC6\pdl\drivers/peripheral/sysclk/cy_sysclk.h **** *         For detail, refer the \ref Cy_SysClk_EcoConfigure documentation and the ECO Trimming sect
 112:Generated_Source\PSoC6\pdl\drivers/peripheral/sysclk/cy_sysclk.h **** *     <td>Enhanced the ECO performance for high-noise conditions that result from simultaneous swit
 113:Generated_Source\PSoC6\pdl\drivers/peripheral/sysclk/cy_sysclk.h **** *   </tr>
 114:Generated_Source\PSoC6\pdl\drivers/peripheral/sysclk/cy_sysclk.h **** *   <tr>
 115:Generated_Source\PSoC6\pdl\drivers/peripheral/sysclk/cy_sysclk.h **** *     <td rowspan="4">1.20</td>
 116:Generated_Source\PSoC6\pdl\drivers/peripheral/sysclk/cy_sysclk.h **** *     <td>Flattened the organization of the driver source code into the single 
 117:Generated_Source\PSoC6\pdl\drivers/peripheral/sysclk/cy_sysclk.h **** *         source directory and the single include directory.
 118:Generated_Source\PSoC6\pdl\drivers/peripheral/sysclk/cy_sysclk.h **** *     </td>
 119:Generated_Source\PSoC6\pdl\drivers/peripheral/sysclk/cy_sysclk.h **** *     <td>Driver library directory-structure simplification.</td>
 120:Generated_Source\PSoC6\pdl\drivers/peripheral/sysclk/cy_sysclk.h **** *   </tr>
 121:Generated_Source\PSoC6\pdl\drivers/peripheral/sysclk/cy_sysclk.h **** *   <tr>
 122:Generated_Source\PSoC6\pdl\drivers/peripheral/sysclk/cy_sysclk.h **** *     <td>Updated \ref Cy_SysClk_FllLocked function description</td>
 123:Generated_Source\PSoC6\pdl\drivers/peripheral/sysclk/cy_sysclk.h **** *     <td>The SRSS_ver1 HW details clarification</td>
 124:Generated_Source\PSoC6\pdl\drivers/peripheral/sysclk/cy_sysclk.h **** *   </tr>
 125:Generated_Source\PSoC6\pdl\drivers/peripheral/sysclk/cy_sysclk.h **** *   <tr>
ARM GAS  C:\Users\Finik\AppData\Local\Temp\ccXrCYub.s 			page 9


 126:Generated_Source\PSoC6\pdl\drivers/peripheral/sysclk/cy_sysclk.h **** *     <td>Removed the following functions:
 127:Generated_Source\PSoC6\pdl\drivers/peripheral/sysclk/cy_sysclk.h **** *         - Cy_SysClk_FllLostLock
 128:Generated_Source\PSoC6\pdl\drivers/peripheral/sysclk/cy_sysclk.h **** *         - Cy_SysClk_WcoConfigureCsv
 129:Generated_Source\PSoC6\pdl\drivers/peripheral/sysclk/cy_sysclk.h **** *         - Cy_SysClk_ClkHfConfigureCsv
 130:Generated_Source\PSoC6\pdl\drivers/peripheral/sysclk/cy_sysclk.h **** *     </td>
 131:Generated_Source\PSoC6\pdl\drivers/peripheral/sysclk/cy_sysclk.h **** *     <td>No hardware support for the removed functions.</td>
 132:Generated_Source\PSoC6\pdl\drivers/peripheral/sysclk/cy_sysclk.h **** *   </tr>
 133:Generated_Source\PSoC6\pdl\drivers/peripheral/sysclk/cy_sysclk.h **** *   <tr>
 134:Generated_Source\PSoC6\pdl\drivers/peripheral/sysclk/cy_sysclk.h **** *     <td>Added register access layer. Use register access macros instead
 135:Generated_Source\PSoC6\pdl\drivers/peripheral/sysclk/cy_sysclk.h **** *         of direct register access using dereferenced pointers.</td>
 136:Generated_Source\PSoC6\pdl\drivers/peripheral/sysclk/cy_sysclk.h **** *     <td>Makes register access device-independent, so that the PDL does 
 137:Generated_Source\PSoC6\pdl\drivers/peripheral/sysclk/cy_sysclk.h **** *         not need to be recompiled for each supported part number.</td>
 138:Generated_Source\PSoC6\pdl\drivers/peripheral/sysclk/cy_sysclk.h **** *   </tr>
 139:Generated_Source\PSoC6\pdl\drivers/peripheral/sysclk/cy_sysclk.h **** *   <tr>
 140:Generated_Source\PSoC6\pdl\drivers/peripheral/sysclk/cy_sysclk.h **** *     <td>1.11</td>
 141:Generated_Source\PSoC6\pdl\drivers/peripheral/sysclk/cy_sysclk.h **** *     <td>Updated the following functions. Now they use a semaphore when 
 142:Generated_Source\PSoC6\pdl\drivers/peripheral/sysclk/cy_sysclk.h **** *         try to read the status or configure the SysClk measurement counters:
 143:Generated_Source\PSoC6\pdl\drivers/peripheral/sysclk/cy_sysclk.h **** *         * Cy_SysClk_StartClkMeasurementCounters()
 144:Generated_Source\PSoC6\pdl\drivers/peripheral/sysclk/cy_sysclk.h **** *         * Cy_SysClk_ClkMeasurementCountersGetFreq()
 145:Generated_Source\PSoC6\pdl\drivers/peripheral/sysclk/cy_sysclk.h **** *
 146:Generated_Source\PSoC6\pdl\drivers/peripheral/sysclk/cy_sysclk.h **** *         Now Cy_SysClk_ClkMeasurementCountersGetFreq() returns zero value,
 147:Generated_Source\PSoC6\pdl\drivers/peripheral/sysclk/cy_sysclk.h **** *         if during measurement device was in the Deep Sleep or partially
 148:Generated_Source\PSoC6\pdl\drivers/peripheral/sysclk/cy_sysclk.h **** *         blocking flash operation occurred </td>
 149:Generated_Source\PSoC6\pdl\drivers/peripheral/sysclk/cy_sysclk.h **** *     <td>Added arbiter mechanism for correct usage of the SysClk measurement 
 150:Generated_Source\PSoC6\pdl\drivers/peripheral/sysclk/cy_sysclk.h **** *         counters</td>
 151:Generated_Source\PSoC6\pdl\drivers/peripheral/sysclk/cy_sysclk.h **** *   </tr>
 152:Generated_Source\PSoC6\pdl\drivers/peripheral/sysclk/cy_sysclk.h **** *   <tr>
 153:Generated_Source\PSoC6\pdl\drivers/peripheral/sysclk/cy_sysclk.h **** *     <td>1.10.1</td>
 154:Generated_Source\PSoC6\pdl\drivers/peripheral/sysclk/cy_sysclk.h **** *     <td>Renamed Power Management section to Low Power Callback section</td>
 155:Generated_Source\PSoC6\pdl\drivers/peripheral/sysclk/cy_sysclk.h **** *     <td>Documentation update and clarification</td>
 156:Generated_Source\PSoC6\pdl\drivers/peripheral/sysclk/cy_sysclk.h **** *   </tr>
 157:Generated_Source\PSoC6\pdl\drivers/peripheral/sysclk/cy_sysclk.h **** *   <tr>
 158:Generated_Source\PSoC6\pdl\drivers/peripheral/sysclk/cy_sysclk.h **** *     <td rowspan="5">1.10</td>
 159:Generated_Source\PSoC6\pdl\drivers/peripheral/sysclk/cy_sysclk.h **** *     <td>Updated FLL parameter calculation</td>
 160:Generated_Source\PSoC6\pdl\drivers/peripheral/sysclk/cy_sysclk.h **** *     <td>Support low frequency sources</td>
 161:Generated_Source\PSoC6\pdl\drivers/peripheral/sysclk/cy_sysclk.h **** *   </tr>
 162:Generated_Source\PSoC6\pdl\drivers/peripheral/sysclk/cy_sysclk.h **** *   <tr>
 163:Generated_Source\PSoC6\pdl\drivers/peripheral/sysclk/cy_sysclk.h **** *     <td>Added Cy_SysClk_PiloSetTrim() and Cy_SysclkPiloGetTrim() functions</td>
 164:Generated_Source\PSoC6\pdl\drivers/peripheral/sysclk/cy_sysclk.h **** *     <td>Support PILO manual trims</td>
 165:Generated_Source\PSoC6\pdl\drivers/peripheral/sysclk/cy_sysclk.h **** *   </tr>
 166:Generated_Source\PSoC6\pdl\drivers/peripheral/sysclk/cy_sysclk.h **** *   <tr>
 167:Generated_Source\PSoC6\pdl\drivers/peripheral/sysclk/cy_sysclk.h **** *     <td>Made Cy_SysClk_FllLostLock() function dependent on SRSS v1</td>
 168:Generated_Source\PSoC6\pdl\drivers/peripheral/sysclk/cy_sysclk.h **** *     <td>Feature is not supported in SRSS v1</td>
 169:Generated_Source\PSoC6\pdl\drivers/peripheral/sysclk/cy_sysclk.h **** *   </tr>
 170:Generated_Source\PSoC6\pdl\drivers/peripheral/sysclk/cy_sysclk.h **** *   <tr>
 171:Generated_Source\PSoC6\pdl\drivers/peripheral/sysclk/cy_sysclk.h **** *     <td>Updated Cy_SysClk_DeepSleepCallback() to save/restore both FLL and PLL settings</td>
 172:Generated_Source\PSoC6\pdl\drivers/peripheral/sysclk/cy_sysclk.h **** *     <td>The function should return when the lock is established or a timeout has occurred</td>
 173:Generated_Source\PSoC6\pdl\drivers/peripheral/sysclk/cy_sysclk.h **** *   </tr>
 174:Generated_Source\PSoC6\pdl\drivers/peripheral/sysclk/cy_sysclk.h **** *   <tr>
 175:Generated_Source\PSoC6\pdl\drivers/peripheral/sysclk/cy_sysclk.h **** *     <td>General documentation updates</td>
 176:Generated_Source\PSoC6\pdl\drivers/peripheral/sysclk/cy_sysclk.h **** *     <td></td>
 177:Generated_Source\PSoC6\pdl\drivers/peripheral/sysclk/cy_sysclk.h **** *   </tr>
 178:Generated_Source\PSoC6\pdl\drivers/peripheral/sysclk/cy_sysclk.h **** *   <tr>
 179:Generated_Source\PSoC6\pdl\drivers/peripheral/sysclk/cy_sysclk.h **** *     <td>1.0</td>
 180:Generated_Source\PSoC6\pdl\drivers/peripheral/sysclk/cy_sysclk.h **** *     <td>Initial version</td>
 181:Generated_Source\PSoC6\pdl\drivers/peripheral/sysclk/cy_sysclk.h **** *     <td></td>
 182:Generated_Source\PSoC6\pdl\drivers/peripheral/sysclk/cy_sysclk.h **** *   </tr>
ARM GAS  C:\Users\Finik\AppData\Local\Temp\ccXrCYub.s 			page 10


 183:Generated_Source\PSoC6\pdl\drivers/peripheral/sysclk/cy_sysclk.h **** * </table>
 184:Generated_Source\PSoC6\pdl\drivers/peripheral/sysclk/cy_sysclk.h **** *
 185:Generated_Source\PSoC6\pdl\drivers/peripheral/sysclk/cy_sysclk.h **** * \defgroup group_sysclk_macros           Macros
 186:Generated_Source\PSoC6\pdl\drivers/peripheral/sysclk/cy_sysclk.h **** * \{
 187:Generated_Source\PSoC6\pdl\drivers/peripheral/sysclk/cy_sysclk.h **** * \}
 188:Generated_Source\PSoC6\pdl\drivers/peripheral/sysclk/cy_sysclk.h **** * \defgroup group_sysclk_enums           General Enumerated Types
 189:Generated_Source\PSoC6\pdl\drivers/peripheral/sysclk/cy_sysclk.h **** * \{
 190:Generated_Source\PSoC6\pdl\drivers/peripheral/sysclk/cy_sysclk.h **** *   \defgroup group_sysclk_returns         Function return values
 191:Generated_Source\PSoC6\pdl\drivers/peripheral/sysclk/cy_sysclk.h **** * \}
 192:Generated_Source\PSoC6\pdl\drivers/peripheral/sysclk/cy_sysclk.h **** * \defgroup group_sysclk_eco             External Crystal Oscillator (ECO)
 193:Generated_Source\PSoC6\pdl\drivers/peripheral/sysclk/cy_sysclk.h **** * \{
 194:Generated_Source\PSoC6\pdl\drivers/peripheral/sysclk/cy_sysclk.h **** *   The External Crystal Oscillator (ECO) is a clock source that consists
 195:Generated_Source\PSoC6\pdl\drivers/peripheral/sysclk/cy_sysclk.h **** *   of an oscillator circuit that drives an external crystal through its
 196:Generated_Source\PSoC6\pdl\drivers/peripheral/sysclk/cy_sysclk.h **** *   dedicated ECO pins. The ECO is a source clock that can be used to
 197:Generated_Source\PSoC6\pdl\drivers/peripheral/sysclk/cy_sysclk.h **** *   source one or more clock paths (Refer to \ref group_sysclk_path_src).
 198:Generated_Source\PSoC6\pdl\drivers/peripheral/sysclk/cy_sysclk.h **** *   These clock paths can then source the processors and peripherals in
 199:Generated_Source\PSoC6\pdl\drivers/peripheral/sysclk/cy_sysclk.h **** *   the device.
 200:Generated_Source\PSoC6\pdl\drivers/peripheral/sysclk/cy_sysclk.h **** *
 201:Generated_Source\PSoC6\pdl\drivers/peripheral/sysclk/cy_sysclk.h **** *   The ECO relies on the presence of an external crystal. The pins
 202:Generated_Source\PSoC6\pdl\drivers/peripheral/sysclk/cy_sysclk.h **** *   connected to this crystal must be configured to operate in analog
 203:Generated_Source\PSoC6\pdl\drivers/peripheral/sysclk/cy_sysclk.h **** *   drive mode with HSIOM connection set to GPIO control (HSIOM_SEL_GPIO).
 204:Generated_Source\PSoC6\pdl\drivers/peripheral/sysclk/cy_sysclk.h **** *
 205:Generated_Source\PSoC6\pdl\drivers/peripheral/sysclk/cy_sysclk.h **** *   \defgroup group_sysclk_eco_funcs       Functions
 206:Generated_Source\PSoC6\pdl\drivers/peripheral/sysclk/cy_sysclk.h **** * \}
 207:Generated_Source\PSoC6\pdl\drivers/peripheral/sysclk/cy_sysclk.h **** * \defgroup group_sysclk_path_src           Clock Path Source
 208:Generated_Source\PSoC6\pdl\drivers/peripheral/sysclk/cy_sysclk.h **** * \{
 209:Generated_Source\PSoC6\pdl\drivers/peripheral/sysclk/cy_sysclk.h **** *   Clock paths are a series of multiplexers that allow a source clock
 210:Generated_Source\PSoC6\pdl\drivers/peripheral/sysclk/cy_sysclk.h **** *   to drive multiple clocking resources down the chain. These paths are
 211:Generated_Source\PSoC6\pdl\drivers/peripheral/sysclk/cy_sysclk.h **** *   used for active domain clocks that are not operational during chip 
 212:Generated_Source\PSoC6\pdl\drivers/peripheral/sysclk/cy_sysclk.h **** *   deep-sleep, hibernate and off modes. Illustrated below is a diagram
 213:Generated_Source\PSoC6\pdl\drivers/peripheral/sysclk/cy_sysclk.h **** *   of the clock paths for the PSoC 63 series, showing the first three
 214:Generated_Source\PSoC6\pdl\drivers/peripheral/sysclk/cy_sysclk.h **** *   clock paths. The source clocks for these paths are highlighted in
 215:Generated_Source\PSoC6\pdl\drivers/peripheral/sysclk/cy_sysclk.h **** *   the red box.
 216:Generated_Source\PSoC6\pdl\drivers/peripheral/sysclk/cy_sysclk.h **** *
 217:Generated_Source\PSoC6\pdl\drivers/peripheral/sysclk/cy_sysclk.h **** *   - IMO: 8 MHz Internal Main Oscillator (Default)
 218:Generated_Source\PSoC6\pdl\drivers/peripheral/sysclk/cy_sysclk.h **** *   - EXTCLK: External clock (signal brought in through dedicated pins)
 219:Generated_Source\PSoC6\pdl\drivers/peripheral/sysclk/cy_sysclk.h **** *   - ECO: External Crystal Oscillator (requires external crystal on dedicated pins)
 220:Generated_Source\PSoC6\pdl\drivers/peripheral/sysclk/cy_sysclk.h **** *   - ALTHF: Select on-chip signals (e.g. BLE ECO)
 221:Generated_Source\PSoC6\pdl\drivers/peripheral/sysclk/cy_sysclk.h **** *   - Digital Signal (DSI): Digital signal from a UDB source
 222:Generated_Source\PSoC6\pdl\drivers/peripheral/sysclk/cy_sysclk.h **** *
 223:Generated_Source\PSoC6\pdl\drivers/peripheral/sysclk/cy_sysclk.h **** *   Some clock paths such as path 0 and path 1 have additional resources
 224:Generated_Source\PSoC6\pdl\drivers/peripheral/sysclk/cy_sysclk.h **** *   that can be utilized to provide a higher frequency clock. For example, 
 225:Generated_Source\PSoC6\pdl\drivers/peripheral/sysclk/cy_sysclk.h **** *   path 0 source clock can be used as the reference clock for the FLL and 
 226:Generated_Source\PSoC6\pdl\drivers/peripheral/sysclk/cy_sysclk.h **** *   path 1 source clock can be used as the reference clock for the PLL.
 227:Generated_Source\PSoC6\pdl\drivers/peripheral/sysclk/cy_sysclk.h **** *
 228:Generated_Source\PSoC6\pdl\drivers/peripheral/sysclk/cy_sysclk.h **** *   ![](sysclk_path_source.png)
 229:Generated_Source\PSoC6\pdl\drivers/peripheral/sysclk/cy_sysclk.h **** *
 230:Generated_Source\PSoC6\pdl\drivers/peripheral/sysclk/cy_sysclk.h **** *   \note The PDL driver cannot configure a clock path to use Digital Signal
 231:Generated_Source\PSoC6\pdl\drivers/peripheral/sysclk/cy_sysclk.h **** *   Interconnect (DSI) outputs as sources. This must be done through DSI
 232:Generated_Source\PSoC6\pdl\drivers/peripheral/sysclk/cy_sysclk.h **** *   configuration tool such as PSoC Creator.
 233:Generated_Source\PSoC6\pdl\drivers/peripheral/sysclk/cy_sysclk.h **** *
 234:Generated_Source\PSoC6\pdl\drivers/peripheral/sysclk/cy_sysclk.h **** *   \defgroup group_sysclk_path_src_funcs     Functions
 235:Generated_Source\PSoC6\pdl\drivers/peripheral/sysclk/cy_sysclk.h **** *   \defgroup group_sysclk_path_src_enums     Enumerated Types
 236:Generated_Source\PSoC6\pdl\drivers/peripheral/sysclk/cy_sysclk.h **** * \}
 237:Generated_Source\PSoC6\pdl\drivers/peripheral/sysclk/cy_sysclk.h **** * \defgroup group_sysclk_fll             Frequency Locked Loop (FLL)
 238:Generated_Source\PSoC6\pdl\drivers/peripheral/sysclk/cy_sysclk.h **** * \{
 239:Generated_Source\PSoC6\pdl\drivers/peripheral/sysclk/cy_sysclk.h **** *   The FLL is a clock generation circuit that can be used to produce a
ARM GAS  C:\Users\Finik\AppData\Local\Temp\ccXrCYub.s 			page 11


 240:Generated_Source\PSoC6\pdl\drivers/peripheral/sysclk/cy_sysclk.h **** *   higher frequency clock from a reference clock. The output clock exhibits
 241:Generated_Source\PSoC6\pdl\drivers/peripheral/sysclk/cy_sysclk.h **** *   some characteristics of the reference clock such as the accuracy of the
 242:Generated_Source\PSoC6\pdl\drivers/peripheral/sysclk/cy_sysclk.h **** *   source. However other attributes such as the clock phase are not preserved.
 243:Generated_Source\PSoC6\pdl\drivers/peripheral/sysclk/cy_sysclk.h **** *   The FLL is similar in purpose to a (Phase locked loop) PLL but they are
 244:Generated_Source\PSoC6\pdl\drivers/peripheral/sysclk/cy_sysclk.h **** *   not equivalent.
 245:Generated_Source\PSoC6\pdl\drivers/peripheral/sysclk/cy_sysclk.h **** *
 246:Generated_Source\PSoC6\pdl\drivers/peripheral/sysclk/cy_sysclk.h **** *   - They may have different frequency ranges.
 247:Generated_Source\PSoC6\pdl\drivers/peripheral/sysclk/cy_sysclk.h **** *   - The FLL starts up (locks) faster and consumes less current than the PLL.
 248:Generated_Source\PSoC6\pdl\drivers/peripheral/sysclk/cy_sysclk.h **** *   - The FLL accepts a source clock with lower frequency than PLL, such as the WCO (32 KHz). 
 249:Generated_Source\PSoC6\pdl\drivers/peripheral/sysclk/cy_sysclk.h **** *   - The FLL does not lock phase. The hardware consist of a counter with a
 250:Generated_Source\PSoC6\pdl\drivers/peripheral/sysclk/cy_sysclk.h **** *     current-controlled oscillator (CCO). The counter counts the number of output
 251:Generated_Source\PSoC6\pdl\drivers/peripheral/sysclk/cy_sysclk.h **** *     clock edges in a reference clock period and adjusts the CCO until the
 252:Generated_Source\PSoC6\pdl\drivers/peripheral/sysclk/cy_sysclk.h **** *     expected ratio is achieved (locked). After initial lock, the CCO is
 253:Generated_Source\PSoC6\pdl\drivers/peripheral/sysclk/cy_sysclk.h **** *     adjusted dynamically to keep the ratio within tolerance. The lock tolerance
 254:Generated_Source\PSoC6\pdl\drivers/peripheral/sysclk/cy_sysclk.h **** *     is user-adjustable.
 255:Generated_Source\PSoC6\pdl\drivers/peripheral/sysclk/cy_sysclk.h **** *   ![](sysclk_fll.png)
 256:Generated_Source\PSoC6\pdl\drivers/peripheral/sysclk/cy_sysclk.h **** *
 257:Generated_Source\PSoC6\pdl\drivers/peripheral/sysclk/cy_sysclk.h **** *   The SysClk driver supports two models for configuring the FLL. The first
 258:Generated_Source\PSoC6\pdl\drivers/peripheral/sysclk/cy_sysclk.h **** *   model is to call the Cy_SysClk_FllConfigure() function, which calculates the 
 259:Generated_Source\PSoC6\pdl\drivers/peripheral/sysclk/cy_sysclk.h **** *   necessary parameters for the FLL at run-time. This may be necessary for dynamic
 260:Generated_Source\PSoC6\pdl\drivers/peripheral/sysclk/cy_sysclk.h **** *   run-time changes to the FLL. However this method is slow as it needs to perform 
 261:Generated_Source\PSoC6\pdl\drivers/peripheral/sysclk/cy_sysclk.h **** *   the calculation before configuring the FLL. The other model is to call 
 262:Generated_Source\PSoC6\pdl\drivers/peripheral/sysclk/cy_sysclk.h **** *   Cy_SysClk_FllManualConfigure() function with pre-calculated parameter values. 
 263:Generated_Source\PSoC6\pdl\drivers/peripheral/sysclk/cy_sysclk.h **** *   This method is faster but requires prior knowledge of the necessary parameters.
 264:Generated_Source\PSoC6\pdl\drivers/peripheral/sysclk/cy_sysclk.h **** *   Consult the device TRM for the FLL calculation equations.
 265:Generated_Source\PSoC6\pdl\drivers/peripheral/sysclk/cy_sysclk.h **** *
 266:Generated_Source\PSoC6\pdl\drivers/peripheral/sysclk/cy_sysclk.h **** *   \defgroup group_sysclk_fll_funcs       Functions
 267:Generated_Source\PSoC6\pdl\drivers/peripheral/sysclk/cy_sysclk.h **** *   \defgroup group_sysclk_fll_structs     Data Structures
 268:Generated_Source\PSoC6\pdl\drivers/peripheral/sysclk/cy_sysclk.h **** *   \defgroup group_sysclk_fll_enums       Enumerated Types
 269:Generated_Source\PSoC6\pdl\drivers/peripheral/sysclk/cy_sysclk.h **** * \}
 270:Generated_Source\PSoC6\pdl\drivers/peripheral/sysclk/cy_sysclk.h **** * \defgroup group_sysclk_pll             Phase Locked Loop (PLL)
 271:Generated_Source\PSoC6\pdl\drivers/peripheral/sysclk/cy_sysclk.h **** * \{
 272:Generated_Source\PSoC6\pdl\drivers/peripheral/sysclk/cy_sysclk.h **** *   The PLL is a clock generation circuit that can be used to produce a
 273:Generated_Source\PSoC6\pdl\drivers/peripheral/sysclk/cy_sysclk.h **** *   higher frequency clock from a reference clock. The output clock exhibits
 274:Generated_Source\PSoC6\pdl\drivers/peripheral/sysclk/cy_sysclk.h **** *   characteristics of the reference clock such as the accuracy of the source
 275:Generated_Source\PSoC6\pdl\drivers/peripheral/sysclk/cy_sysclk.h **** *   and its phase. The PLL is similar in purpose to a (Frequency locked loop) FLL
 276:Generated_Source\PSoC6\pdl\drivers/peripheral/sysclk/cy_sysclk.h **** *   but they are not equivalent.
 277:Generated_Source\PSoC6\pdl\drivers/peripheral/sysclk/cy_sysclk.h **** *
 278:Generated_Source\PSoC6\pdl\drivers/peripheral/sysclk/cy_sysclk.h **** *   - They may have different frequency ranges.
 279:Generated_Source\PSoC6\pdl\drivers/peripheral/sysclk/cy_sysclk.h **** *   - The PLL starts up more slowly and consumes more current than the FLL.
 280:Generated_Source\PSoC6\pdl\drivers/peripheral/sysclk/cy_sysclk.h **** *   - The PLL requires a higher frequency source clock than PLL. 
 281:Generated_Source\PSoC6\pdl\drivers/peripheral/sysclk/cy_sysclk.h **** *   ![](sysclk_pll.png)
 282:Generated_Source\PSoC6\pdl\drivers/peripheral/sysclk/cy_sysclk.h **** *
 283:Generated_Source\PSoC6\pdl\drivers/peripheral/sysclk/cy_sysclk.h **** *   The SysClk driver supports two models for configuring the PLL. The first
 284:Generated_Source\PSoC6\pdl\drivers/peripheral/sysclk/cy_sysclk.h **** *   model is to call the Cy_SysClk_PllConfigure() function, which calculates the 
 285:Generated_Source\PSoC6\pdl\drivers/peripheral/sysclk/cy_sysclk.h **** *   necessary parameters for the PLL at run-time. This may be necessary for dynamic
 286:Generated_Source\PSoC6\pdl\drivers/peripheral/sysclk/cy_sysclk.h **** *   run-time changes to the PLL. However this method is slow as it needs to perform 
 287:Generated_Source\PSoC6\pdl\drivers/peripheral/sysclk/cy_sysclk.h **** *   the calculation before configuring the PLL. The other model is to call 
 288:Generated_Source\PSoC6\pdl\drivers/peripheral/sysclk/cy_sysclk.h **** *   Cy_SysClk_PllManualConfigure() function with pre-calculated parameter values. 
 289:Generated_Source\PSoC6\pdl\drivers/peripheral/sysclk/cy_sysclk.h **** *   This method is faster but requires prior knowledge of the necessary parameters.
 290:Generated_Source\PSoC6\pdl\drivers/peripheral/sysclk/cy_sysclk.h **** *   Consult the device TRM for the PLL calculation equations.
 291:Generated_Source\PSoC6\pdl\drivers/peripheral/sysclk/cy_sysclk.h **** *
 292:Generated_Source\PSoC6\pdl\drivers/peripheral/sysclk/cy_sysclk.h **** *   \defgroup group_sysclk_pll_funcs       Functions
 293:Generated_Source\PSoC6\pdl\drivers/peripheral/sysclk/cy_sysclk.h **** *   \defgroup group_sysclk_pll_structs     Data Structures
 294:Generated_Source\PSoC6\pdl\drivers/peripheral/sysclk/cy_sysclk.h **** * \}
 295:Generated_Source\PSoC6\pdl\drivers/peripheral/sysclk/cy_sysclk.h **** * \defgroup group_sysclk_ilo             Internal Low-Speed Oscillator (ILO)
 296:Generated_Source\PSoC6\pdl\drivers/peripheral/sysclk/cy_sysclk.h **** * \{
ARM GAS  C:\Users\Finik\AppData\Local\Temp\ccXrCYub.s 			page 12


 297:Generated_Source\PSoC6\pdl\drivers/peripheral/sysclk/cy_sysclk.h **** *   The ILO operates with no external components and outputs a stable clock at
 298:Generated_Source\PSoC6\pdl\drivers/peripheral/sysclk/cy_sysclk.h **** *   32.768 kHz nominal. The ILO is relatively low power and low accuracy. It is 
 299:Generated_Source\PSoC6\pdl\drivers/peripheral/sysclk/cy_sysclk.h **** *   available in all power modes and can be used as a source for the Backup domain clock.
 300:Generated_Source\PSoC6\pdl\drivers/peripheral/sysclk/cy_sysclk.h **** *   ![](sysclk_backup.png)
 301:Generated_Source\PSoC6\pdl\drivers/peripheral/sysclk/cy_sysclk.h **** *
 302:Generated_Source\PSoC6\pdl\drivers/peripheral/sysclk/cy_sysclk.h **** *   To ensure the ILO remains active in Hibernate mode, and across power-on-reset
 303:Generated_Source\PSoC6\pdl\drivers/peripheral/sysclk/cy_sysclk.h **** *   (POR) or brown out detect (BOD), firmware must call Cy_SysClk_IloHibernateOn(). 
 304:Generated_Source\PSoC6\pdl\drivers/peripheral/sysclk/cy_sysclk.h **** *
 305:Generated_Source\PSoC6\pdl\drivers/peripheral/sysclk/cy_sysclk.h **** *   Additionally, the ILO clock can be trimmed to +/- 1.5% of nominal frequency using
 306:Generated_Source\PSoC6\pdl\drivers/peripheral/sysclk/cy_sysclk.h **** *   a higher precision clock source. Use the \ref group_sysclk_calclk API to measure 
 307:Generated_Source\PSoC6\pdl\drivers/peripheral/sysclk/cy_sysclk.h **** *   the current ILO frequency before trimming.
 308:Generated_Source\PSoC6\pdl\drivers/peripheral/sysclk/cy_sysclk.h **** *
 309:Generated_Source\PSoC6\pdl\drivers/peripheral/sysclk/cy_sysclk.h **** *   \note The ILO is always the source clock for the \ref group_wdt. Therefore:
 310:Generated_Source\PSoC6\pdl\drivers/peripheral/sysclk/cy_sysclk.h **** *   - The WDT must be unlocked when making an ILO function call in the PDL
 311:Generated_Source\PSoC6\pdl\drivers/peripheral/sysclk/cy_sysclk.h **** *   - It is recommended to always have the ILO enabled
 312:Generated_Source\PSoC6\pdl\drivers/peripheral/sysclk/cy_sysclk.h **** *
 313:Generated_Source\PSoC6\pdl\drivers/peripheral/sysclk/cy_sysclk.h **** *   \defgroup group_sysclk_ilo_funcs       Functions
 314:Generated_Source\PSoC6\pdl\drivers/peripheral/sysclk/cy_sysclk.h **** * \}
 315:Generated_Source\PSoC6\pdl\drivers/peripheral/sysclk/cy_sysclk.h **** * \defgroup group_sysclk_pilo            Precision Internal Low-Speed Oscillator (PILO)
 316:Generated_Source\PSoC6\pdl\drivers/peripheral/sysclk/cy_sysclk.h **** * \{
 317:Generated_Source\PSoC6\pdl\drivers/peripheral/sysclk/cy_sysclk.h **** *   PILO provides a higher accuracy 32.768 kHz clock than the \ref group_sysclk_ilo "ILO".
 318:Generated_Source\PSoC6\pdl\drivers/peripheral/sysclk/cy_sysclk.h **** *   When periodically calibrated using a high-accuracy clock such as the
 319:Generated_Source\PSoC6\pdl\drivers/peripheral/sysclk/cy_sysclk.h **** *   \ref group_sysclk_eco "ECO", the PILO can achieve 250 ppm accuracy of nominal frequency.
 320:Generated_Source\PSoC6\pdl\drivers/peripheral/sysclk/cy_sysclk.h **** *   The PILO is capable of operating in device Active, Sleep and Deep-Sleep power modes. 
 321:Generated_Source\PSoC6\pdl\drivers/peripheral/sysclk/cy_sysclk.h **** *   It is not available in Hibernate mode.
 322:Generated_Source\PSoC6\pdl\drivers/peripheral/sysclk/cy_sysclk.h **** *
 323:Generated_Source\PSoC6\pdl\drivers/peripheral/sysclk/cy_sysclk.h **** *   The PILO can be used as a source for the \ref group_sysclk_clk_lf. However,
 324:Generated_Source\PSoC6\pdl\drivers/peripheral/sysclk/cy_sysclk.h **** *   because PILO is disabled in Hibernate mode, RTC timers cannot operate in this mode
 325:Generated_Source\PSoC6\pdl\drivers/peripheral/sysclk/cy_sysclk.h **** *   when clocked using the PILO. Instead, either the \ref group_sysclk_ilo "ILO" or
 326:Generated_Source\PSoC6\pdl\drivers/peripheral/sysclk/cy_sysclk.h **** *   \ref group_sysclk_wco "WCO" should be used when hibernate operation is required. 
 327:Generated_Source\PSoC6\pdl\drivers/peripheral/sysclk/cy_sysclk.h **** *
 328:Generated_Source\PSoC6\pdl\drivers/peripheral/sysclk/cy_sysclk.h **** *   ![](sysclk_backup.png)
 329:Generated_Source\PSoC6\pdl\drivers/peripheral/sysclk/cy_sysclk.h **** *
 330:Generated_Source\PSoC6\pdl\drivers/peripheral/sysclk/cy_sysclk.h **** *   Periodic calibration to a high-accuracy clock (such as ECO) is required to
 331:Generated_Source\PSoC6\pdl\drivers/peripheral/sysclk/cy_sysclk.h **** *   maintain accuracy. The application should use the functions described in the 
 332:Generated_Source\PSoC6\pdl\drivers/peripheral/sysclk/cy_sysclk.h **** *   \ref group_sysclk_calclk API to measure the current PILO frequency before trimming.
 333:Generated_Source\PSoC6\pdl\drivers/peripheral/sysclk/cy_sysclk.h **** *
 334:Generated_Source\PSoC6\pdl\drivers/peripheral/sysclk/cy_sysclk.h **** *   \defgroup group_sysclk_pilo_funcs      Functions
 335:Generated_Source\PSoC6\pdl\drivers/peripheral/sysclk/cy_sysclk.h **** * \}
 336:Generated_Source\PSoC6\pdl\drivers/peripheral/sysclk/cy_sysclk.h **** * \defgroup group_sysclk_calclk          Clock Measurement
 337:Generated_Source\PSoC6\pdl\drivers/peripheral/sysclk/cy_sysclk.h **** * \{
 338:Generated_Source\PSoC6\pdl\drivers/peripheral/sysclk/cy_sysclk.h **** *   These functions measure the frequency of a specified clock relative to a
 339:Generated_Source\PSoC6\pdl\drivers/peripheral/sysclk/cy_sysclk.h **** *   reference clock. They are typically called in the following order:
 340:Generated_Source\PSoC6\pdl\drivers/peripheral/sysclk/cy_sysclk.h **** *
 341:Generated_Source\PSoC6\pdl\drivers/peripheral/sysclk/cy_sysclk.h **** *   1. Specify the measured clock, the count, and the reference clock
 342:Generated_Source\PSoC6\pdl\drivers/peripheral/sysclk/cy_sysclk.h **** *   2. Start the counters
 343:Generated_Source\PSoC6\pdl\drivers/peripheral/sysclk/cy_sysclk.h **** *   3. Wait for the measurement counter to finish counting
 344:Generated_Source\PSoC6\pdl\drivers/peripheral/sysclk/cy_sysclk.h **** *   4. Retrieve the measured frequency
 345:Generated_Source\PSoC6\pdl\drivers/peripheral/sysclk/cy_sysclk.h **** *
 346:Generated_Source\PSoC6\pdl\drivers/peripheral/sysclk/cy_sysclk.h **** *   \note These functions may also be used as part of a clock trimming
 347:Generated_Source\PSoC6\pdl\drivers/peripheral/sysclk/cy_sysclk.h **** *   process. Refer to the \ref group_sysclk_trim "Clock Trim" API.
 348:Generated_Source\PSoC6\pdl\drivers/peripheral/sysclk/cy_sysclk.h **** *
 349:Generated_Source\PSoC6\pdl\drivers/peripheral/sysclk/cy_sysclk.h **** *   \defgroup group_sysclk_calclk_funcs    Functions
 350:Generated_Source\PSoC6\pdl\drivers/peripheral/sysclk/cy_sysclk.h **** *   \defgroup group_sysclk_calclk_enums    Enumerated Types
 351:Generated_Source\PSoC6\pdl\drivers/peripheral/sysclk/cy_sysclk.h **** * \}
 352:Generated_Source\PSoC6\pdl\drivers/peripheral/sysclk/cy_sysclk.h **** * \defgroup group_sysclk_trim            Clock Trim (ILO, PILO)
 353:Generated_Source\PSoC6\pdl\drivers/peripheral/sysclk/cy_sysclk.h **** * \{
ARM GAS  C:\Users\Finik\AppData\Local\Temp\ccXrCYub.s 			page 13


 354:Generated_Source\PSoC6\pdl\drivers/peripheral/sysclk/cy_sysclk.h **** *   These functions perform a single trim operation on the ILO or PILO. Each
 355:Generated_Source\PSoC6\pdl\drivers/peripheral/sysclk/cy_sysclk.h **** *   function's parameter is the actual frequency of the clock. To measure the
 356:Generated_Source\PSoC6\pdl\drivers/peripheral/sysclk/cy_sysclk.h **** *   frequency, use the functions described in the \ref group_sysclk_calclk API.
 357:Generated_Source\PSoC6\pdl\drivers/peripheral/sysclk/cy_sysclk.h **** *
 358:Generated_Source\PSoC6\pdl\drivers/peripheral/sysclk/cy_sysclk.h **** *   To trim the clock as close as possible to the target frequency, multiple
 359:Generated_Source\PSoC6\pdl\drivers/peripheral/sysclk/cy_sysclk.h **** *   calls to the trim function may be needed. A typical usage example is to:
 360:Generated_Source\PSoC6\pdl\drivers/peripheral/sysclk/cy_sysclk.h **** *   1. Call the clock measurement functions to get the actual frequency of the clock
 361:Generated_Source\PSoC6\pdl\drivers/peripheral/sysclk/cy_sysclk.h **** *   2. Call the trim function, passing in the measured frequency
 362:Generated_Source\PSoC6\pdl\drivers/peripheral/sysclk/cy_sysclk.h **** *   3. Repeat the above until the trim function reports that the clock is trimmed to within limits.
 363:Generated_Source\PSoC6\pdl\drivers/peripheral/sysclk/cy_sysclk.h **** *
 364:Generated_Source\PSoC6\pdl\drivers/peripheral/sysclk/cy_sysclk.h **** *   \defgroup group_sysclk_trim_funcs      Functions
 365:Generated_Source\PSoC6\pdl\drivers/peripheral/sysclk/cy_sysclk.h **** * \}
 366:Generated_Source\PSoC6\pdl\drivers/peripheral/sysclk/cy_sysclk.h **** * \defgroup group_sysclk_pm              Low Power Callback
 367:Generated_Source\PSoC6\pdl\drivers/peripheral/sysclk/cy_sysclk.h **** * \{
 368:Generated_Source\PSoC6\pdl\drivers/peripheral/sysclk/cy_sysclk.h **** *   Entering and exiting low power modes require compatible clock configurations
 369:Generated_Source\PSoC6\pdl\drivers/peripheral/sysclk/cy_sysclk.h **** *   to be set before entering low power and restored upon wake-up and exit. The
 370:Generated_Source\PSoC6\pdl\drivers/peripheral/sysclk/cy_sysclk.h **** *   SysClk driver provides a Cy_SysClk_DeepSleepCallback() function to support
 371:Generated_Source\PSoC6\pdl\drivers/peripheral/sysclk/cy_sysclk.h **** *   deep-sleep mode entry. 
 372:Generated_Source\PSoC6\pdl\drivers/peripheral/sysclk/cy_sysclk.h **** *
 373:Generated_Source\PSoC6\pdl\drivers/peripheral/sysclk/cy_sysclk.h **** *   This function can be called either by itself before initiating low-power mode
 374:Generated_Source\PSoC6\pdl\drivers/peripheral/sysclk/cy_sysclk.h **** *   entry or it can be used in conjunction with the SysPm driver as a registered 
 375:Generated_Source\PSoC6\pdl\drivers/peripheral/sysclk/cy_sysclk.h **** *   callback. To do so, register this function as a callback before calling 
 376:Generated_Source\PSoC6\pdl\drivers/peripheral/sysclk/cy_sysclk.h **** *   Cy_SysPm_DeepSleep(). Specify \ref CY_SYSPM_DEEPSLEEP as the callback type, 
 377:Generated_Source\PSoC6\pdl\drivers/peripheral/sysclk/cy_sysclk.h **** *   and call Cy_SysPm_RegisterCallback().
 378:Generated_Source\PSoC6\pdl\drivers/peripheral/sysclk/cy_sysclk.h **** *   
 379:Generated_Source\PSoC6\pdl\drivers/peripheral/sysclk/cy_sysclk.h **** *   \note If the FLL or PLL source is the ECO, this function must be called.
 380:Generated_Source\PSoC6\pdl\drivers/peripheral/sysclk/cy_sysclk.h **** *
 381:Generated_Source\PSoC6\pdl\drivers/peripheral/sysclk/cy_sysclk.h **** *   \defgroup group_sysclk_pm_funcs        Functions
 382:Generated_Source\PSoC6\pdl\drivers/peripheral/sysclk/cy_sysclk.h **** * \}
 383:Generated_Source\PSoC6\pdl\drivers/peripheral/sysclk/cy_sysclk.h **** * \defgroup group_sysclk_wco             Watch Crystal Oscillator (WCO)
 384:Generated_Source\PSoC6\pdl\drivers/peripheral/sysclk/cy_sysclk.h **** * \{
 385:Generated_Source\PSoC6\pdl\drivers/peripheral/sysclk/cy_sysclk.h **** *   The WCO is a highly accurate 32.768 kHz clock source capable of operating
 386:Generated_Source\PSoC6\pdl\drivers/peripheral/sysclk/cy_sysclk.h **** *   in all power modes (excluding the Off mode). It is the primary clock source for
 387:Generated_Source\PSoC6\pdl\drivers/peripheral/sysclk/cy_sysclk.h **** *   the backup domain clock, which is used by the real-time clock (RTC). The 
 388:Generated_Source\PSoC6\pdl\drivers/peripheral/sysclk/cy_sysclk.h **** *   WCO can also be used as a source for the low-frequency clock to support other
 389:Generated_Source\PSoC6\pdl\drivers/peripheral/sysclk/cy_sysclk.h **** *   low power mode peripherals.
 390:Generated_Source\PSoC6\pdl\drivers/peripheral/sysclk/cy_sysclk.h **** *
 391:Generated_Source\PSoC6\pdl\drivers/peripheral/sysclk/cy_sysclk.h **** *   ![](sysclk_backup.png)
 392:Generated_Source\PSoC6\pdl\drivers/peripheral/sysclk/cy_sysclk.h **** *
 393:Generated_Source\PSoC6\pdl\drivers/peripheral/sysclk/cy_sysclk.h **** *   The WCO requires the configuration of the dedicated WCO pins (SRSS_WCO_IN_PIN,
 394:Generated_Source\PSoC6\pdl\drivers/peripheral/sysclk/cy_sysclk.h **** *   SRSS_WCO_OUT_PIN). These must be configured as Analog Hi-Z drive modes and the
 395:Generated_Source\PSoC6\pdl\drivers/peripheral/sysclk/cy_sysclk.h **** *   HSIOM selection set to GPIO. The WCO can also be used in bypass mode, where
 396:Generated_Source\PSoC6\pdl\drivers/peripheral/sysclk/cy_sysclk.h **** *   an external 32.768 kHz square wave is brought in directly through the 
 397:Generated_Source\PSoC6\pdl\drivers/peripheral/sysclk/cy_sysclk.h **** *   SRSS_WCO_OUT_PIN pin.
 398:Generated_Source\PSoC6\pdl\drivers/peripheral/sysclk/cy_sysclk.h **** *
 399:Generated_Source\PSoC6\pdl\drivers/peripheral/sysclk/cy_sysclk.h **** *   Some devices support a built-in clock supervisor (CSV) in the WCO. The clock
 400:Generated_Source\PSoC6\pdl\drivers/peripheral/sysclk/cy_sysclk.h **** *   supervisor detects if the WCO has been lost; that is, the WCO is no longer 
 401:Generated_Source\PSoC6\pdl\drivers/peripheral/sysclk/cy_sysclk.h **** *   producing clock pulses. The CSV does this by checking to ensure there is at 
 402:Generated_Source\PSoC6\pdl\drivers/peripheral/sysclk/cy_sysclk.h **** *   least one WCO clock pulse within a certain time window. The ILO or PILO can be
 403:Generated_Source\PSoC6\pdl\drivers/peripheral/sysclk/cy_sysclk.h **** *   the supervising clock. Firmware can configure the CSV to trigger a fault,
 404:Generated_Source\PSoC6\pdl\drivers/peripheral/sysclk/cy_sysclk.h **** *   a reset, or both after specified cycles of the supervising clock.
 405:Generated_Source\PSoC6\pdl\drivers/peripheral/sysclk/cy_sysclk.h **** *
 406:Generated_Source\PSoC6\pdl\drivers/peripheral/sysclk/cy_sysclk.h **** *   \defgroup group_sysclk_wco_funcs       Functions
 407:Generated_Source\PSoC6\pdl\drivers/peripheral/sysclk/cy_sysclk.h **** *   \defgroup group_sysclk_wco_structs     Data Structures
 408:Generated_Source\PSoC6\pdl\drivers/peripheral/sysclk/cy_sysclk.h **** *   \defgroup group_sysclk_wco_enums       Enumerated Types
 409:Generated_Source\PSoC6\pdl\drivers/peripheral/sysclk/cy_sysclk.h **** * \}
 410:Generated_Source\PSoC6\pdl\drivers/peripheral/sysclk/cy_sysclk.h **** * \defgroup group_sysclk_clk_hf          High-Frequency Clocks
ARM GAS  C:\Users\Finik\AppData\Local\Temp\ccXrCYub.s 			page 14


 411:Generated_Source\PSoC6\pdl\drivers/peripheral/sysclk/cy_sysclk.h **** * \{
 412:Generated_Source\PSoC6\pdl\drivers/peripheral/sysclk/cy_sysclk.h **** *   Multiple high frequency clocks (CLK_HF) are available in the device. For example,
 413:Generated_Source\PSoC6\pdl\drivers/peripheral/sysclk/cy_sysclk.h **** *   PSoC 63 series has five high-frequency root clocks. Each CLK_HF has a particular
 414:Generated_Source\PSoC6\pdl\drivers/peripheral/sysclk/cy_sysclk.h **** *   connection and chip-specific destination on the device.
 415:Generated_Source\PSoC6\pdl\drivers/peripheral/sysclk/cy_sysclk.h **** *
 416:Generated_Source\PSoC6\pdl\drivers/peripheral/sysclk/cy_sysclk.h **** *   |Name     |Description                                             |
 417:Generated_Source\PSoC6\pdl\drivers/peripheral/sysclk/cy_sysclk.h **** *   |:--------|:-------------------------------------------------------|
 418:Generated_Source\PSoC6\pdl\drivers/peripheral/sysclk/cy_sysclk.h **** *   |CLK_HF[0]| Root clock for CPUs, PERI, and AHB infrastructure      |
 419:Generated_Source\PSoC6\pdl\drivers/peripheral/sysclk/cy_sysclk.h **** *   |CLK_HF[1]| Root clock for the PDM/PCM and I2S audio subsystem     |
 420:Generated_Source\PSoC6\pdl\drivers/peripheral/sysclk/cy_sysclk.h **** *   |CLK_HF[2]| Root clock for the Serial Memory Interface subsystem   |
 421:Generated_Source\PSoC6\pdl\drivers/peripheral/sysclk/cy_sysclk.h **** *   |CLK_HF[3]| Root clock for USB communications                      |
 422:Generated_Source\PSoC6\pdl\drivers/peripheral/sysclk/cy_sysclk.h **** *   |CLK_HF[4]| Clock output on clk_ext pin (when used as an output)   |
 423:Generated_Source\PSoC6\pdl\drivers/peripheral/sysclk/cy_sysclk.h **** *
 424:Generated_Source\PSoC6\pdl\drivers/peripheral/sysclk/cy_sysclk.h **** *   ![](sysclk_hf.png)
 425:Generated_Source\PSoC6\pdl\drivers/peripheral/sysclk/cy_sysclk.h **** *
 426:Generated_Source\PSoC6\pdl\drivers/peripheral/sysclk/cy_sysclk.h **** *   Note this is a particular example. The actual tree may vary depending on the device series.
 427:Generated_Source\PSoC6\pdl\drivers/peripheral/sysclk/cy_sysclk.h **** *   Consult the Technical Reference Manual for your device for details.
 428:Generated_Source\PSoC6\pdl\drivers/peripheral/sysclk/cy_sysclk.h **** *   
 429:Generated_Source\PSoC6\pdl\drivers/peripheral/sysclk/cy_sysclk.h **** *   High frequency clocks are sourced by path clocks, which should be configured
 430:Generated_Source\PSoC6\pdl\drivers/peripheral/sysclk/cy_sysclk.h **** *   first. An exception to this rule is CLK_HF[0], which cannot be disabled. 
 431:Generated_Source\PSoC6\pdl\drivers/peripheral/sysclk/cy_sysclk.h **** *   This divided clock drives the core processors and the peripherals in the system.
 432:Generated_Source\PSoC6\pdl\drivers/peripheral/sysclk/cy_sysclk.h **** *   In order to update its clock source, CLK_HF[0] source must be selected without
 433:Generated_Source\PSoC6\pdl\drivers/peripheral/sysclk/cy_sysclk.h **** *   disabling the clock.
 434:Generated_Source\PSoC6\pdl\drivers/peripheral/sysclk/cy_sysclk.h **** *
 435:Generated_Source\PSoC6\pdl\drivers/peripheral/sysclk/cy_sysclk.h **** *   ![](sysclk_hf_dist.png)
 436:Generated_Source\PSoC6\pdl\drivers/peripheral/sysclk/cy_sysclk.h **** *
 437:Generated_Source\PSoC6\pdl\drivers/peripheral/sysclk/cy_sysclk.h **** *   Some devices support a clock supervisor (CSV) for each root clock. These
 438:Generated_Source\PSoC6\pdl\drivers/peripheral/sysclk/cy_sysclk.h **** *   can detect frequency loss, or monitor that the clock frequency stays within
 439:Generated_Source\PSoC6\pdl\drivers/peripheral/sysclk/cy_sysclk.h **** *   a specified range. The possible supervising clocks are IMO, ECO, or ALTHF. 
 440:Generated_Source\PSoC6\pdl\drivers/peripheral/sysclk/cy_sysclk.h **** *   Loss detection and frequency monitoring can be enabled or disabled independently.
 441:Generated_Source\PSoC6\pdl\drivers/peripheral/sysclk/cy_sysclk.h **** *   Each has its own programmable action that occurs on detection of an error.
 442:Generated_Source\PSoC6\pdl\drivers/peripheral/sysclk/cy_sysclk.h **** *
 443:Generated_Source\PSoC6\pdl\drivers/peripheral/sysclk/cy_sysclk.h **** *   \defgroup group_sysclk_clk_hf_funcs    Functions
 444:Generated_Source\PSoC6\pdl\drivers/peripheral/sysclk/cy_sysclk.h **** *   \defgroup group_sysclk_clk_hf_structs  Data Structures
 445:Generated_Source\PSoC6\pdl\drivers/peripheral/sysclk/cy_sysclk.h **** *   \defgroup group_sysclk_clk_hf_enums    Enumerated Types
 446:Generated_Source\PSoC6\pdl\drivers/peripheral/sysclk/cy_sysclk.h **** * \}
 447:Generated_Source\PSoC6\pdl\drivers/peripheral/sysclk/cy_sysclk.h **** * \defgroup group_sysclk_clk_fast        Fast Clock
 448:Generated_Source\PSoC6\pdl\drivers/peripheral/sysclk/cy_sysclk.h **** * \{
 449:Generated_Source\PSoC6\pdl\drivers/peripheral/sysclk/cy_sysclk.h **** *   The fast clock drives the "fast" processor (e.g. Cortex-M4 processor in PSoC 6).
 450:Generated_Source\PSoC6\pdl\drivers/peripheral/sysclk/cy_sysclk.h **** *   This clock is sourced by CLK_HF[0] (\ref group_sysclk_clk_hf "HF Clocks").
 451:Generated_Source\PSoC6\pdl\drivers/peripheral/sysclk/cy_sysclk.h **** *   A divider value of 1~256 can be used to further divide the CLK_HF[0] to a
 452:Generated_Source\PSoC6\pdl\drivers/peripheral/sysclk/cy_sysclk.h **** *   desired clock speed for the processor.
 453:Generated_Source\PSoC6\pdl\drivers/peripheral/sysclk/cy_sysclk.h **** *
 454:Generated_Source\PSoC6\pdl\drivers/peripheral/sysclk/cy_sysclk.h **** *   ![](sysclk_fast.png)
 455:Generated_Source\PSoC6\pdl\drivers/peripheral/sysclk/cy_sysclk.h **** *
 456:Generated_Source\PSoC6\pdl\drivers/peripheral/sysclk/cy_sysclk.h **** *   \defgroup group_sysclk_clk_fast_funcs  Functions
 457:Generated_Source\PSoC6\pdl\drivers/peripheral/sysclk/cy_sysclk.h **** * \}
 458:Generated_Source\PSoC6\pdl\drivers/peripheral/sysclk/cy_sysclk.h **** * \defgroup group_sysclk_clk_peri        Peripheral Clock
 459:Generated_Source\PSoC6\pdl\drivers/peripheral/sysclk/cy_sysclk.h **** * \{
 460:Generated_Source\PSoC6\pdl\drivers/peripheral/sysclk/cy_sysclk.h **** *   The peripheral clock is a divided clock of CLK_HF0 (\ref group_sysclk_clk_hf "HF Clocks").
 461:Generated_Source\PSoC6\pdl\drivers/peripheral/sysclk/cy_sysclk.h **** *   It is the source clock for the \ref group_sysclk_clk_slow, and most active domain
 462:Generated_Source\PSoC6\pdl\drivers/peripheral/sysclk/cy_sysclk.h **** *   peripheral clocks (\ref group_sysclk_clk_peripheral). A divider value of 1~256 
 463:Generated_Source\PSoC6\pdl\drivers/peripheral/sysclk/cy_sysclk.h **** *   can be used to further divide the CLK_HF[0] to a desired clock speed for the peripherals.
 464:Generated_Source\PSoC6\pdl\drivers/peripheral/sysclk/cy_sysclk.h **** *
 465:Generated_Source\PSoC6\pdl\drivers/peripheral/sysclk/cy_sysclk.h **** *   ![](sysclk_peri.png)
 466:Generated_Source\PSoC6\pdl\drivers/peripheral/sysclk/cy_sysclk.h **** *
 467:Generated_Source\PSoC6\pdl\drivers/peripheral/sysclk/cy_sysclk.h **** *   \defgroup group_sysclk_clk_peri_funcs  Functions
ARM GAS  C:\Users\Finik\AppData\Local\Temp\ccXrCYub.s 			page 15


 468:Generated_Source\PSoC6\pdl\drivers/peripheral/sysclk/cy_sysclk.h **** * \}
 469:Generated_Source\PSoC6\pdl\drivers/peripheral/sysclk/cy_sysclk.h **** * \defgroup group_sysclk_clk_peripheral  Peripherals Clock Dividers
 470:Generated_Source\PSoC6\pdl\drivers/peripheral/sysclk/cy_sysclk.h **** * \{
 471:Generated_Source\PSoC6\pdl\drivers/peripheral/sysclk/cy_sysclk.h **** *   There are multiple peripheral clock dividers that, in effect, create 
 472:Generated_Source\PSoC6\pdl\drivers/peripheral/sysclk/cy_sysclk.h **** *   multiple separate peripheral clocks. The available dividers vary per device 
 473:Generated_Source\PSoC6\pdl\drivers/peripheral/sysclk/cy_sysclk.h **** *   series. As an example, for the PSoC 63 series there are 29 dividers:
 474:Generated_Source\PSoC6\pdl\drivers/peripheral/sysclk/cy_sysclk.h **** *
 475:Generated_Source\PSoC6\pdl\drivers/peripheral/sysclk/cy_sysclk.h **** *   - eight 8-bit dividers
 476:Generated_Source\PSoC6\pdl\drivers/peripheral/sysclk/cy_sysclk.h **** *   - sixteen 16-bit dividers
 477:Generated_Source\PSoC6\pdl\drivers/peripheral/sysclk/cy_sysclk.h **** *   - four fractional 16.5-bit dividers (16 integer bits, 5 fractional bits)
 478:Generated_Source\PSoC6\pdl\drivers/peripheral/sysclk/cy_sysclk.h **** *   - one fractional 24.5-bit divider (24 integer bits, 5 fractional bits)
 479:Generated_Source\PSoC6\pdl\drivers/peripheral/sysclk/cy_sysclk.h **** *
 480:Generated_Source\PSoC6\pdl\drivers/peripheral/sysclk/cy_sysclk.h **** *
 481:Generated_Source\PSoC6\pdl\drivers/peripheral/sysclk/cy_sysclk.h **** *   The 8-bit and 16-bit dividers are integer dividers. A divider value of 1 
 482:Generated_Source\PSoC6\pdl\drivers/peripheral/sysclk/cy_sysclk.h **** *   means the output frequency matches the input frequency (that is, there is
 483:Generated_Source\PSoC6\pdl\drivers/peripheral/sysclk/cy_sysclk.h **** *   no change). Otherwise the frequency is divided by the value of the divider.
 484:Generated_Source\PSoC6\pdl\drivers/peripheral/sysclk/cy_sysclk.h **** *   For example, if the input frequency is 50 MHz, and the divider is value 10,
 485:Generated_Source\PSoC6\pdl\drivers/peripheral/sysclk/cy_sysclk.h **** *   the output frequency is 5 MHz.
 486:Generated_Source\PSoC6\pdl\drivers/peripheral/sysclk/cy_sysclk.h **** *
 487:Generated_Source\PSoC6\pdl\drivers/peripheral/sysclk/cy_sysclk.h **** *   The five fractional bits supports further precision in 1/32nd increments. For
 488:Generated_Source\PSoC6\pdl\drivers/peripheral/sysclk/cy_sysclk.h **** *   example, a divider with an integer value of 3 and a fractional value of
 489:Generated_Source\PSoC6\pdl\drivers/peripheral/sysclk/cy_sysclk.h **** *   4 (4/32) results in a divider of 3.125. Fractional dividers are useful when
 490:Generated_Source\PSoC6\pdl\drivers/peripheral/sysclk/cy_sysclk.h **** *   a high-precision clock is required, for example, for a UART/SPI serial
 491:Generated_Source\PSoC6\pdl\drivers/peripheral/sysclk/cy_sysclk.h **** *   interface.
 492:Generated_Source\PSoC6\pdl\drivers/peripheral/sysclk/cy_sysclk.h **** *
 493:Generated_Source\PSoC6\pdl\drivers/peripheral/sysclk/cy_sysclk.h **** *   ![](sysclk_peri_divs.png)
 494:Generated_Source\PSoC6\pdl\drivers/peripheral/sysclk/cy_sysclk.h **** *
 495:Generated_Source\PSoC6\pdl\drivers/peripheral/sysclk/cy_sysclk.h **** *   Each peripheral can connect to any one of the programmable dividers. A
 496:Generated_Source\PSoC6\pdl\drivers/peripheral/sysclk/cy_sysclk.h **** *   particular peripheral clock divider can drive multiple peripherals.
 497:Generated_Source\PSoC6\pdl\drivers/peripheral/sysclk/cy_sysclk.h **** *   
 498:Generated_Source\PSoC6\pdl\drivers/peripheral/sysclk/cy_sysclk.h **** *   The SysClk driver also supports phase aligning two peripheral clock dividers using
 499:Generated_Source\PSoC6\pdl\drivers/peripheral/sysclk/cy_sysclk.h **** *   Cy_SysClk_PeriphEnablePhaseAlignDivider(). Alignment works for both integer
 500:Generated_Source\PSoC6\pdl\drivers/peripheral/sysclk/cy_sysclk.h **** *   and fractional dividers. The divider to which a second divider is aligned
 501:Generated_Source\PSoC6\pdl\drivers/peripheral/sysclk/cy_sysclk.h **** *   must already be enabled.
 502:Generated_Source\PSoC6\pdl\drivers/peripheral/sysclk/cy_sysclk.h **** *
 503:Generated_Source\PSoC6\pdl\drivers/peripheral/sysclk/cy_sysclk.h **** *   \defgroup group_sysclk_clk_peripheral_funcs Functions
 504:Generated_Source\PSoC6\pdl\drivers/peripheral/sysclk/cy_sysclk.h **** *   \defgroup group_sysclk_clk_peripheral_enums Enumerated Types
 505:Generated_Source\PSoC6\pdl\drivers/peripheral/sysclk/cy_sysclk.h **** * \}
 506:Generated_Source\PSoC6\pdl\drivers/peripheral/sysclk/cy_sysclk.h **** * \defgroup group_sysclk_clk_slow        Slow Clock
 507:Generated_Source\PSoC6\pdl\drivers/peripheral/sysclk/cy_sysclk.h **** * \{
 508:Generated_Source\PSoC6\pdl\drivers/peripheral/sysclk/cy_sysclk.h **** *   The slow clock is the source clock for the "slow" processor (e.g. Cortex-M0+ in PSoC 6).
 509:Generated_Source\PSoC6\pdl\drivers/peripheral/sysclk/cy_sysclk.h **** *   This clock is a divided version of the \ref group_sysclk_clk_peri, which in turn is 
 510:Generated_Source\PSoC6\pdl\drivers/peripheral/sysclk/cy_sysclk.h **** *   a divided version of CLK_HF[0] (\ref group_sysclk_clk_hf "HF Clocks"). A divider 
 511:Generated_Source\PSoC6\pdl\drivers/peripheral/sysclk/cy_sysclk.h **** *   value of 1~256 can be used to further divide the Peri clock to a desired clock speed
 512:Generated_Source\PSoC6\pdl\drivers/peripheral/sysclk/cy_sysclk.h **** *   for the processor.
 513:Generated_Source\PSoC6\pdl\drivers/peripheral/sysclk/cy_sysclk.h **** *
 514:Generated_Source\PSoC6\pdl\drivers/peripheral/sysclk/cy_sysclk.h **** *   ![](sysclk_slow.png)
 515:Generated_Source\PSoC6\pdl\drivers/peripheral/sysclk/cy_sysclk.h **** *
 516:Generated_Source\PSoC6\pdl\drivers/peripheral/sysclk/cy_sysclk.h **** *   \defgroup group_sysclk_clk_slow_funcs  Functions
 517:Generated_Source\PSoC6\pdl\drivers/peripheral/sysclk/cy_sysclk.h **** * \}
 518:Generated_Source\PSoC6\pdl\drivers/peripheral/sysclk/cy_sysclk.h **** * \defgroup group_sysclk_clk_lf          Low-Frequency Clock
 519:Generated_Source\PSoC6\pdl\drivers/peripheral/sysclk/cy_sysclk.h **** * \{
 520:Generated_Source\PSoC6\pdl\drivers/peripheral/sysclk/cy_sysclk.h **** *   The low-frequency clock is the source clock for the \ref group_mcwdt
 521:Generated_Source\PSoC6\pdl\drivers/peripheral/sysclk/cy_sysclk.h **** *   and can be the source clock for \ref group_sysclk_clk_bak, which drives the
 522:Generated_Source\PSoC6\pdl\drivers/peripheral/sysclk/cy_sysclk.h **** *   \ref group_rtc.
 523:Generated_Source\PSoC6\pdl\drivers/peripheral/sysclk/cy_sysclk.h **** *   
 524:Generated_Source\PSoC6\pdl\drivers/peripheral/sysclk/cy_sysclk.h **** *   The low-frequency clock has three possible source clocks:
ARM GAS  C:\Users\Finik\AppData\Local\Temp\ccXrCYub.s 			page 16


 525:Generated_Source\PSoC6\pdl\drivers/peripheral/sysclk/cy_sysclk.h **** *   \ref group_sysclk_ilo "ILO", \ref group_sysclk_pilo "PILO", and
 526:Generated_Source\PSoC6\pdl\drivers/peripheral/sysclk/cy_sysclk.h **** *   \ref group_sysclk_wco "WCO".
 527:Generated_Source\PSoC6\pdl\drivers/peripheral/sysclk/cy_sysclk.h **** *
 528:Generated_Source\PSoC6\pdl\drivers/peripheral/sysclk/cy_sysclk.h **** *   ![](sysclk_lf.png)
 529:Generated_Source\PSoC6\pdl\drivers/peripheral/sysclk/cy_sysclk.h **** *
 530:Generated_Source\PSoC6\pdl\drivers/peripheral/sysclk/cy_sysclk.h **** *   \defgroup group_sysclk_clk_lf_funcs    Functions
 531:Generated_Source\PSoC6\pdl\drivers/peripheral/sysclk/cy_sysclk.h **** *   \defgroup group_sysclk_clk_lf_enums    Enumerated Types
 532:Generated_Source\PSoC6\pdl\drivers/peripheral/sysclk/cy_sysclk.h **** * \}
 533:Generated_Source\PSoC6\pdl\drivers/peripheral/sysclk/cy_sysclk.h **** * \defgroup group_sysclk_clk_timer       Timer Clock
 534:Generated_Source\PSoC6\pdl\drivers/peripheral/sysclk/cy_sysclk.h **** * \{
 535:Generated_Source\PSoC6\pdl\drivers/peripheral/sysclk/cy_sysclk.h **** *   The timer clock can be a source for the alternative clock driving 
 536:Generated_Source\PSoC6\pdl\drivers/peripheral/sysclk/cy_sysclk.h **** *   the \ref group_arm_system_timer. It can also be used as a reference clock 
 537:Generated_Source\PSoC6\pdl\drivers/peripheral/sysclk/cy_sysclk.h **** *   for a counter in the \ref group_energy_profiler "Energy Profiler".
 538:Generated_Source\PSoC6\pdl\drivers/peripheral/sysclk/cy_sysclk.h **** *   
 539:Generated_Source\PSoC6\pdl\drivers/peripheral/sysclk/cy_sysclk.h **** *   The timer clock is a divided clock of either the IMO or CLK_HF[0]
 540:Generated_Source\PSoC6\pdl\drivers/peripheral/sysclk/cy_sysclk.h **** *   (\ref group_sysclk_clk_hf "HF Clocks").
 541:Generated_Source\PSoC6\pdl\drivers/peripheral/sysclk/cy_sysclk.h **** *
 542:Generated_Source\PSoC6\pdl\drivers/peripheral/sysclk/cy_sysclk.h **** *   \defgroup group_sysclk_clk_timer_funcs Functions
 543:Generated_Source\PSoC6\pdl\drivers/peripheral/sysclk/cy_sysclk.h **** *   \defgroup group_sysclk_clk_timer_enums Enumerated Types
 544:Generated_Source\PSoC6\pdl\drivers/peripheral/sysclk/cy_sysclk.h **** * \}
 545:Generated_Source\PSoC6\pdl\drivers/peripheral/sysclk/cy_sysclk.h **** * \defgroup group_sysclk_clk_pump        Pump Clock
 546:Generated_Source\PSoC6\pdl\drivers/peripheral/sysclk/cy_sysclk.h **** * \{
 547:Generated_Source\PSoC6\pdl\drivers/peripheral/sysclk/cy_sysclk.h **** *   The pump clock is a clock source used to provide analog precision in low voltage
 548:Generated_Source\PSoC6\pdl\drivers/peripheral/sysclk/cy_sysclk.h **** *   applications. Depending on the usage scenario, it may be required to drive the
 549:Generated_Source\PSoC6\pdl\drivers/peripheral/sysclk/cy_sysclk.h **** *   internal voltage pump for the Continuous Time Block mini (CTBm) in the analog 
 550:Generated_Source\PSoC6\pdl\drivers/peripheral/sysclk/cy_sysclk.h **** *   subsystem. The pump clock is a divided clock of one of the clock paths 
 551:Generated_Source\PSoC6\pdl\drivers/peripheral/sysclk/cy_sysclk.h **** *   (\ref group_sysclk_path_src).
 552:Generated_Source\PSoC6\pdl\drivers/peripheral/sysclk/cy_sysclk.h **** *
 553:Generated_Source\PSoC6\pdl\drivers/peripheral/sysclk/cy_sysclk.h **** *   \defgroup group_sysclk_clk_pump_funcs  Functions
 554:Generated_Source\PSoC6\pdl\drivers/peripheral/sysclk/cy_sysclk.h **** *   \defgroup group_sysclk_clk_pump_enums  Enumerated Types
 555:Generated_Source\PSoC6\pdl\drivers/peripheral/sysclk/cy_sysclk.h **** * \}
 556:Generated_Source\PSoC6\pdl\drivers/peripheral/sysclk/cy_sysclk.h **** * \defgroup group_sysclk_clk_bak         Backup Domain Clock
 557:Generated_Source\PSoC6\pdl\drivers/peripheral/sysclk/cy_sysclk.h **** * \{
 558:Generated_Source\PSoC6\pdl\drivers/peripheral/sysclk/cy_sysclk.h **** *   The backup domain clock drives the \ref group_rtc.
 559:Generated_Source\PSoC6\pdl\drivers/peripheral/sysclk/cy_sysclk.h **** *   This clock has two possible source clocks: \ref group_sysclk_wco "WCO"
 560:Generated_Source\PSoC6\pdl\drivers/peripheral/sysclk/cy_sysclk.h **** *   or the \ref group_sysclk_clk_lf. In turn the low frequency clock is sourced by
 561:Generated_Source\PSoC6\pdl\drivers/peripheral/sysclk/cy_sysclk.h **** *   \ref group_sysclk_ilo "ILO", \ref group_sysclk_pilo "PILO", or
 562:Generated_Source\PSoC6\pdl\drivers/peripheral/sysclk/cy_sysclk.h **** *   \ref group_sysclk_wco "WCO". Typically the ILO is not suitable as an RTC source,
 563:Generated_Source\PSoC6\pdl\drivers/peripheral/sysclk/cy_sysclk.h **** *   because of its low accuracy. However the ILO does operate in hibernate mode and
 564:Generated_Source\PSoC6\pdl\drivers/peripheral/sysclk/cy_sysclk.h **** *   may be used as an alternative to the WCO with a tradeoff in precision.
 565:Generated_Source\PSoC6\pdl\drivers/peripheral/sysclk/cy_sysclk.h **** *
 566:Generated_Source\PSoC6\pdl\drivers/peripheral/sysclk/cy_sysclk.h **** *   \defgroup group_sysclk_clk_bak_funcs   Functions
 567:Generated_Source\PSoC6\pdl\drivers/peripheral/sysclk/cy_sysclk.h **** *   \defgroup group_sysclk_clk_bak_enums   Enumerated Types
 568:Generated_Source\PSoC6\pdl\drivers/peripheral/sysclk/cy_sysclk.h **** * \}
 569:Generated_Source\PSoC6\pdl\drivers/peripheral/sysclk/cy_sysclk.h **** */
 570:Generated_Source\PSoC6\pdl\drivers/peripheral/sysclk/cy_sysclk.h **** 
 571:Generated_Source\PSoC6\pdl\drivers/peripheral/sysclk/cy_sysclk.h **** #if !defined(CY_SYSCLK_H)
 572:Generated_Source\PSoC6\pdl\drivers/peripheral/sysclk/cy_sysclk.h **** #define CY_SYSCLK_H
 573:Generated_Source\PSoC6\pdl\drivers/peripheral/sysclk/cy_sysclk.h **** 
 574:Generated_Source\PSoC6\pdl\drivers/peripheral/sysclk/cy_sysclk.h **** #include <stdbool.h>
 575:Generated_Source\PSoC6\pdl\drivers/peripheral/sysclk/cy_sysclk.h **** #include "cy_device.h"
 576:Generated_Source\PSoC6\pdl\drivers/peripheral/sysclk/cy_sysclk.h **** #include "cy_device_headers.h"
 577:Generated_Source\PSoC6\pdl\drivers/peripheral/sysclk/cy_sysclk.h **** #include "cy_syslib.h"
 578:Generated_Source\PSoC6\pdl\drivers/peripheral/sysclk/cy_sysclk.h **** #include "cy_syspm.h"
 579:Generated_Source\PSoC6\pdl\drivers/peripheral/sysclk/cy_sysclk.h **** 
 580:Generated_Source\PSoC6\pdl\drivers/peripheral/sysclk/cy_sysclk.h **** 
 581:Generated_Source\PSoC6\pdl\drivers/peripheral/sysclk/cy_sysclk.h **** #if defined(__cplusplus)
ARM GAS  C:\Users\Finik\AppData\Local\Temp\ccXrCYub.s 			page 17


 582:Generated_Source\PSoC6\pdl\drivers/peripheral/sysclk/cy_sysclk.h **** extern "C" {
 583:Generated_Source\PSoC6\pdl\drivers/peripheral/sysclk/cy_sysclk.h **** #endif /* __cplusplus */
 584:Generated_Source\PSoC6\pdl\drivers/peripheral/sysclk/cy_sysclk.h **** 
 585:Generated_Source\PSoC6\pdl\drivers/peripheral/sysclk/cy_sysclk.h **** /**
 586:Generated_Source\PSoC6\pdl\drivers/peripheral/sysclk/cy_sysclk.h **** * \addtogroup group_sysclk_macros
 587:Generated_Source\PSoC6\pdl\drivers/peripheral/sysclk/cy_sysclk.h **** * \{
 588:Generated_Source\PSoC6\pdl\drivers/peripheral/sysclk/cy_sysclk.h **** */
 589:Generated_Source\PSoC6\pdl\drivers/peripheral/sysclk/cy_sysclk.h **** /** Driver major version */
 590:Generated_Source\PSoC6\pdl\drivers/peripheral/sysclk/cy_sysclk.h **** #define  CY_SYSCLK_DRV_VERSION_MAJOR   2
 591:Generated_Source\PSoC6\pdl\drivers/peripheral/sysclk/cy_sysclk.h **** /** Driver minor version */
 592:Generated_Source\PSoC6\pdl\drivers/peripheral/sysclk/cy_sysclk.h **** #define  CY_SYSCLK_DRV_VERSION_MINOR   0
 593:Generated_Source\PSoC6\pdl\drivers/peripheral/sysclk/cy_sysclk.h **** /** Sysclk driver identifier */
 594:Generated_Source\PSoC6\pdl\drivers/peripheral/sysclk/cy_sysclk.h **** #define CY_SYSCLK_ID   CY_PDL_DRV_ID(0x12U)
 595:Generated_Source\PSoC6\pdl\drivers/peripheral/sysclk/cy_sysclk.h **** 
 596:Generated_Source\PSoC6\pdl\drivers/peripheral/sysclk/cy_sysclk.h **** /** \} group_sysclk_macros */
 597:Generated_Source\PSoC6\pdl\drivers/peripheral/sysclk/cy_sysclk.h **** 
 598:Generated_Source\PSoC6\pdl\drivers/peripheral/sysclk/cy_sysclk.h **** /**
 599:Generated_Source\PSoC6\pdl\drivers/peripheral/sysclk/cy_sysclk.h **** * \addtogroup group_sysclk_returns
 600:Generated_Source\PSoC6\pdl\drivers/peripheral/sysclk/cy_sysclk.h **** * \{
 601:Generated_Source\PSoC6\pdl\drivers/peripheral/sysclk/cy_sysclk.h **** */
 602:Generated_Source\PSoC6\pdl\drivers/peripheral/sysclk/cy_sysclk.h **** /** Defines general-purpose function return values. */
 603:Generated_Source\PSoC6\pdl\drivers/peripheral/sysclk/cy_sysclk.h **** typedef enum
 604:Generated_Source\PSoC6\pdl\drivers/peripheral/sysclk/cy_sysclk.h **** {
 605:Generated_Source\PSoC6\pdl\drivers/peripheral/sysclk/cy_sysclk.h ****     CY_SYSCLK_SUCCESS       = 0u, /**< Command completed with no errors */
 606:Generated_Source\PSoC6\pdl\drivers/peripheral/sysclk/cy_sysclk.h ****     CY_SYSCLK_BAD_PARAM     = (CY_SYSCLK_ID | CY_PDL_STATUS_ERROR | 1U), /**< Invalid function inpu
 607:Generated_Source\PSoC6\pdl\drivers/peripheral/sysclk/cy_sysclk.h ****     CY_SYSCLK_TIMEOUT       = (CY_SYSCLK_ID | CY_PDL_STATUS_ERROR | 2U), /**< Timeout occurred */
 608:Generated_Source\PSoC6\pdl\drivers/peripheral/sysclk/cy_sysclk.h ****     CY_SYSCLK_INVALID_STATE = (CY_SYSCLK_ID | CY_PDL_STATUS_ERROR | 3U)  /**< Clock is in an invali
 609:Generated_Source\PSoC6\pdl\drivers/peripheral/sysclk/cy_sysclk.h **** } cy_en_sysclk_status_t;
 610:Generated_Source\PSoC6\pdl\drivers/peripheral/sysclk/cy_sysclk.h **** /** \} group_sysclk_returns */
 611:Generated_Source\PSoC6\pdl\drivers/peripheral/sysclk/cy_sysclk.h **** 
 612:Generated_Source\PSoC6\pdl\drivers/peripheral/sysclk/cy_sysclk.h **** /** \cond INTERNAL */
 613:Generated_Source\PSoC6\pdl\drivers/peripheral/sysclk/cy_sysclk.h **** /* Calculate a / b with rounding to the nearest integer. a and b must have the same sign. */
 614:Generated_Source\PSoC6\pdl\drivers/peripheral/sysclk/cy_sysclk.h **** #define CY_SYSCLK_DIV_ROUND(a, b) (((a) + ((b) / 2u)) / (b))
 615:Generated_Source\PSoC6\pdl\drivers/peripheral/sysclk/cy_sysclk.h **** /* Calculate a / b with rounding up if remainder != 0. a and b must both be positive. */
 616:Generated_Source\PSoC6\pdl\drivers/peripheral/sysclk/cy_sysclk.h **** #define CY_SYSCLK_DIV_ROUNDUP(a, b) ((((a) - 1U) / (b)) + 1U)
 617:Generated_Source\PSoC6\pdl\drivers/peripheral/sysclk/cy_sysclk.h **** /** \endcond */
 618:Generated_Source\PSoC6\pdl\drivers/peripheral/sysclk/cy_sysclk.h **** 
 619:Generated_Source\PSoC6\pdl\drivers/peripheral/sysclk/cy_sysclk.h **** 
 620:Generated_Source\PSoC6\pdl\drivers/peripheral/sysclk/cy_sysclk.h **** /* ========================================================================== */
 621:Generated_Source\PSoC6\pdl\drivers/peripheral/sysclk/cy_sysclk.h **** /* ===========================    ECO SECTION    ============================ */
 622:Generated_Source\PSoC6\pdl\drivers/peripheral/sysclk/cy_sysclk.h **** /* ========================================================================== */
 623:Generated_Source\PSoC6\pdl\drivers/peripheral/sysclk/cy_sysclk.h **** 
 624:Generated_Source\PSoC6\pdl\drivers/peripheral/sysclk/cy_sysclk.h **** /**
 625:Generated_Source\PSoC6\pdl\drivers/peripheral/sysclk/cy_sysclk.h **** * \addtogroup group_sysclk_macros
 626:Generated_Source\PSoC6\pdl\drivers/peripheral/sysclk/cy_sysclk.h **** * \{
 627:Generated_Source\PSoC6\pdl\drivers/peripheral/sysclk/cy_sysclk.h **** */
 628:Generated_Source\PSoC6\pdl\drivers/peripheral/sysclk/cy_sysclk.h **** 
 629:Generated_Source\PSoC6\pdl\drivers/peripheral/sysclk/cy_sysclk.h **** /**
 630:Generated_Source\PSoC6\pdl\drivers/peripheral/sysclk/cy_sysclk.h **** * \defgroup group_sysclk_ecostatus ECO status
 631:Generated_Source\PSoC6\pdl\drivers/peripheral/sysclk/cy_sysclk.h **** * \{
 632:Generated_Source\PSoC6\pdl\drivers/peripheral/sysclk/cy_sysclk.h **** * Constants used for expressing ECO status.
 633:Generated_Source\PSoC6\pdl\drivers/peripheral/sysclk/cy_sysclk.h **** */
 634:Generated_Source\PSoC6\pdl\drivers/peripheral/sysclk/cy_sysclk.h **** #define CY_SYSCLK_ECOSTAT_AMPLITUDE  0UL /**< \brief ECO does not have sufficient amplitude */
 635:Generated_Source\PSoC6\pdl\drivers/peripheral/sysclk/cy_sysclk.h **** #define CY_SYSCLK_ECOSTAT_INACCURATE 1UL /**< \brief ECO may not be meeting accuracy and duty cycle
 636:Generated_Source\PSoC6\pdl\drivers/peripheral/sysclk/cy_sysclk.h **** #define CY_SYSCLK_ECOSTAT_STABLE     2UL /**< \brief ECO has fully stabilized */
 637:Generated_Source\PSoC6\pdl\drivers/peripheral/sysclk/cy_sysclk.h **** /** \} */
 638:Generated_Source\PSoC6\pdl\drivers/peripheral/sysclk/cy_sysclk.h **** 
ARM GAS  C:\Users\Finik\AppData\Local\Temp\ccXrCYub.s 			page 18


 639:Generated_Source\PSoC6\pdl\drivers/peripheral/sysclk/cy_sysclk.h **** /** \} group_sysclk_macros */
 640:Generated_Source\PSoC6\pdl\drivers/peripheral/sysclk/cy_sysclk.h **** 
 641:Generated_Source\PSoC6\pdl\drivers/peripheral/sysclk/cy_sysclk.h **** 
 642:Generated_Source\PSoC6\pdl\drivers/peripheral/sysclk/cy_sysclk.h **** /**
 643:Generated_Source\PSoC6\pdl\drivers/peripheral/sysclk/cy_sysclk.h **** * \addtogroup group_sysclk_eco_funcs
 644:Generated_Source\PSoC6\pdl\drivers/peripheral/sysclk/cy_sysclk.h **** * \{
 645:Generated_Source\PSoC6\pdl\drivers/peripheral/sysclk/cy_sysclk.h **** */
 646:Generated_Source\PSoC6\pdl\drivers/peripheral/sysclk/cy_sysclk.h **** cy_en_sysclk_status_t Cy_SysClk_EcoConfigure(uint32_t freq, uint32_t cLoad, uint32_t esr, uint32_t 
 647:Generated_Source\PSoC6\pdl\drivers/peripheral/sysclk/cy_sysclk.h **** cy_en_sysclk_status_t Cy_SysClk_EcoEnable(uint32_t timeoutus);
 648:Generated_Source\PSoC6\pdl\drivers/peripheral/sysclk/cy_sysclk.h **** __STATIC_INLINE void Cy_SysClk_EcoDisable(void);
 649:Generated_Source\PSoC6\pdl\drivers/peripheral/sysclk/cy_sysclk.h **** __STATIC_INLINE uint32_t Cy_SysClk_EcoGetStatus(void);
 650:Generated_Source\PSoC6\pdl\drivers/peripheral/sysclk/cy_sysclk.h **** 
 651:Generated_Source\PSoC6\pdl\drivers/peripheral/sysclk/cy_sysclk.h **** /*******************************************************************************
 652:Generated_Source\PSoC6\pdl\drivers/peripheral/sysclk/cy_sysclk.h **** * Function Name: Cy_SysClk_EcoDisable
 653:Generated_Source\PSoC6\pdl\drivers/peripheral/sysclk/cy_sysclk.h **** ****************************************************************************//**
 654:Generated_Source\PSoC6\pdl\drivers/peripheral/sysclk/cy_sysclk.h **** *
 655:Generated_Source\PSoC6\pdl\drivers/peripheral/sysclk/cy_sysclk.h **** * Disables the external crystal oscillator (ECO). This function should not be
 656:Generated_Source\PSoC6\pdl\drivers/peripheral/sysclk/cy_sysclk.h **** * called if the ECO is sourcing clkHf[0].
 657:Generated_Source\PSoC6\pdl\drivers/peripheral/sysclk/cy_sysclk.h **** *
 658:Generated_Source\PSoC6\pdl\drivers/peripheral/sysclk/cy_sysclk.h **** * \funcusage
 659:Generated_Source\PSoC6\pdl\drivers/peripheral/sysclk/cy_sysclk.h **** * \snippet sysclk/2.0/snippet/main.c snippet_Cy_SysClk_EcoDisable
 660:Generated_Source\PSoC6\pdl\drivers/peripheral/sysclk/cy_sysclk.h **** *
 661:Generated_Source\PSoC6\pdl\drivers/peripheral/sysclk/cy_sysclk.h **** *******************************************************************************/
 662:Generated_Source\PSoC6\pdl\drivers/peripheral/sysclk/cy_sysclk.h **** __STATIC_INLINE void Cy_SysClk_EcoDisable(void)
 663:Generated_Source\PSoC6\pdl\drivers/peripheral/sysclk/cy_sysclk.h **** {
 664:Generated_Source\PSoC6\pdl\drivers/peripheral/sysclk/cy_sysclk.h ****     SRSS_CLK_ECO_CONFIG &= (uint32_t)~_VAL2FLD(SRSS_CLK_ECO_CONFIG_ECO_EN, 1U); /* 0 = disable */
 665:Generated_Source\PSoC6\pdl\drivers/peripheral/sysclk/cy_sysclk.h **** }
 666:Generated_Source\PSoC6\pdl\drivers/peripheral/sysclk/cy_sysclk.h **** 
 667:Generated_Source\PSoC6\pdl\drivers/peripheral/sysclk/cy_sysclk.h **** /*******************************************************************************
 668:Generated_Source\PSoC6\pdl\drivers/peripheral/sysclk/cy_sysclk.h **** * Function Name: Cy_SysClk_EcoGetStatus
 669:Generated_Source\PSoC6\pdl\drivers/peripheral/sysclk/cy_sysclk.h **** ****************************************************************************//**
 670:Generated_Source\PSoC6\pdl\drivers/peripheral/sysclk/cy_sysclk.h **** *
 671:Generated_Source\PSoC6\pdl\drivers/peripheral/sysclk/cy_sysclk.h **** * Reports the current status of the external crystal oscillator (ECO).
 672:Generated_Source\PSoC6\pdl\drivers/peripheral/sysclk/cy_sysclk.h **** *
 673:Generated_Source\PSoC6\pdl\drivers/peripheral/sysclk/cy_sysclk.h **** * \return
 674:Generated_Source\PSoC6\pdl\drivers/peripheral/sysclk/cy_sysclk.h **** * CY_SYSCLK_ECOSTAT_AMPLITUDE = ECO does not have sufficient amplitude<br>
 675:Generated_Source\PSoC6\pdl\drivers/peripheral/sysclk/cy_sysclk.h **** * CY_SYSCLK_ECOSTAT_INACCURATE = ECO has sufficient amplitude but may not be meeting accuracy and d
 676:Generated_Source\PSoC6\pdl\drivers/peripheral/sysclk/cy_sysclk.h **** * CY_SYSCLK_ECOSTAT_STABLE = ECO has fully stabilized
 677:Generated_Source\PSoC6\pdl\drivers/peripheral/sysclk/cy_sysclk.h **** *
 678:Generated_Source\PSoC6\pdl\drivers/peripheral/sysclk/cy_sysclk.h **** * \funcusage
 679:Generated_Source\PSoC6\pdl\drivers/peripheral/sysclk/cy_sysclk.h **** * \snippet sysclk/2.0/snippet/main.c snippet_Cy_SysClk_EcoGetStatus
 680:Generated_Source\PSoC6\pdl\drivers/peripheral/sysclk/cy_sysclk.h **** *
 681:Generated_Source\PSoC6\pdl\drivers/peripheral/sysclk/cy_sysclk.h **** *******************************************************************************/
 682:Generated_Source\PSoC6\pdl\drivers/peripheral/sysclk/cy_sysclk.h **** __STATIC_INLINE uint32_t Cy_SysClk_EcoGetStatus(void)
 683:Generated_Source\PSoC6\pdl\drivers/peripheral/sysclk/cy_sysclk.h **** {
 684:Generated_Source\PSoC6\pdl\drivers/peripheral/sysclk/cy_sysclk.h ****     uint32_t retVal = (SRSS_CLK_ECO_STATUS & (SRSS_CLK_ECO_STATUS_ECO_OK_Msk | SRSS_CLK_ECO_STATUS_
 685:Generated_Source\PSoC6\pdl\drivers/peripheral/sysclk/cy_sysclk.h ****     /* if ECO is not ready, just report the ECO_OK bit. Otherwise report 2 = ECO ready */
 686:Generated_Source\PSoC6\pdl\drivers/peripheral/sysclk/cy_sysclk.h ****     return ((0UL == (retVal & SRSS_CLK_ECO_STATUS_ECO_READY_Msk)) ? retVal : CY_SYSCLK_ECOSTAT_STAB
 687:Generated_Source\PSoC6\pdl\drivers/peripheral/sysclk/cy_sysclk.h **** }
 688:Generated_Source\PSoC6\pdl\drivers/peripheral/sysclk/cy_sysclk.h **** /** \} group_sysclk_eco_funcs */
 689:Generated_Source\PSoC6\pdl\drivers/peripheral/sysclk/cy_sysclk.h **** 
 690:Generated_Source\PSoC6\pdl\drivers/peripheral/sysclk/cy_sysclk.h **** 
 691:Generated_Source\PSoC6\pdl\drivers/peripheral/sysclk/cy_sysclk.h **** /* ========================================================================== */
 692:Generated_Source\PSoC6\pdl\drivers/peripheral/sysclk/cy_sysclk.h **** /* ====================    INPUT MULTIPLEXER SECTION    ===================== */
 693:Generated_Source\PSoC6\pdl\drivers/peripheral/sysclk/cy_sysclk.h **** /* ========================================================================== */
 694:Generated_Source\PSoC6\pdl\drivers/peripheral/sysclk/cy_sysclk.h **** /**
 695:Generated_Source\PSoC6\pdl\drivers/peripheral/sysclk/cy_sysclk.h **** * \addtogroup group_sysclk_path_src_enums
ARM GAS  C:\Users\Finik\AppData\Local\Temp\ccXrCYub.s 			page 19


 696:Generated_Source\PSoC6\pdl\drivers/peripheral/sysclk/cy_sysclk.h **** * \{
 697:Generated_Source\PSoC6\pdl\drivers/peripheral/sysclk/cy_sysclk.h **** */
 698:Generated_Source\PSoC6\pdl\drivers/peripheral/sysclk/cy_sysclk.h **** /**
 699:Generated_Source\PSoC6\pdl\drivers/peripheral/sysclk/cy_sysclk.h **** *   Input multiplexer clock sources
 700:Generated_Source\PSoC6\pdl\drivers/peripheral/sysclk/cy_sysclk.h **** */
 701:Generated_Source\PSoC6\pdl\drivers/peripheral/sysclk/cy_sysclk.h **** typedef enum
 702:Generated_Source\PSoC6\pdl\drivers/peripheral/sysclk/cy_sysclk.h **** {
 703:Generated_Source\PSoC6\pdl\drivers/peripheral/sysclk/cy_sysclk.h ****     CY_SYSCLK_CLKPATH_IN_IMO    =     0U, /**< Select the IMO as the output of the path mux */
 704:Generated_Source\PSoC6\pdl\drivers/peripheral/sysclk/cy_sysclk.h ****     CY_SYSCLK_CLKPATH_IN_EXT    =     1U, /**< Select the EXT as the output of the path mux */
 705:Generated_Source\PSoC6\pdl\drivers/peripheral/sysclk/cy_sysclk.h ****     CY_SYSCLK_CLKPATH_IN_ECO    =     2U, /**< Select the ECO as the output of the path mux */
 706:Generated_Source\PSoC6\pdl\drivers/peripheral/sysclk/cy_sysclk.h ****     CY_SYSCLK_CLKPATH_IN_ALTHF  =     3U, /**< Select the ALTHF as the output of the path mux.
 707:Generated_Source\PSoC6\pdl\drivers/peripheral/sysclk/cy_sysclk.h ****                                            *   Make sure the ALTHF clock source is available on use
 708:Generated_Source\PSoC6\pdl\drivers/peripheral/sysclk/cy_sysclk.h ****                                            */
 709:Generated_Source\PSoC6\pdl\drivers/peripheral/sysclk/cy_sysclk.h ****     CY_SYSCLK_CLKPATH_IN_DSIMUX =     4U, /**< Select the DSI MUX output as the output of the path 
 710:Generated_Source\PSoC6\pdl\drivers/peripheral/sysclk/cy_sysclk.h ****     CY_SYSCLK_CLKPATH_IN_DSI    = 0x100U, /**< Select a DSI signal (0 - 15) as the output of the DS
 711:Generated_Source\PSoC6\pdl\drivers/peripheral/sysclk/cy_sysclk.h ****                                            *   Make sure the DSI clock sources are available on use
 712:Generated_Source\PSoC6\pdl\drivers/peripheral/sysclk/cy_sysclk.h ****                                            */
 713:Generated_Source\PSoC6\pdl\drivers/peripheral/sysclk/cy_sysclk.h ****     CY_SYSCLK_CLKPATH_IN_ILO    = 0x110U, /**< Select the ILO (16) as the output of the DSI mux and
 714:Generated_Source\PSoC6\pdl\drivers/peripheral/sysclk/cy_sysclk.h ****     CY_SYSCLK_CLKPATH_IN_WCO    = 0x111U, /**< Select the WCO (17) as the output of the DSI mux and
 715:Generated_Source\PSoC6\pdl\drivers/peripheral/sysclk/cy_sysclk.h ****     CY_SYSCLK_CLKPATH_IN_ALTLF  = 0x112U, /**< Select the ALTLF (18) as the output of the DSI mux a
 716:Generated_Source\PSoC6\pdl\drivers/peripheral/sysclk/cy_sysclk.h ****                                            *   Make sure the ALTLF clock sources in available on us
 717:Generated_Source\PSoC6\pdl\drivers/peripheral/sysclk/cy_sysclk.h ****                                            */
 718:Generated_Source\PSoC6\pdl\drivers/peripheral/sysclk/cy_sysclk.h ****     CY_SYSCLK_CLKPATH_IN_PILO   = 0x113U  /**< Select the PILO (19) as the output of the DSI mux an
 719:Generated_Source\PSoC6\pdl\drivers/peripheral/sysclk/cy_sysclk.h ****                                            *   Make sure the PILO clock sources in available on use
 720:Generated_Source\PSoC6\pdl\drivers/peripheral/sysclk/cy_sysclk.h ****                                            */
 721:Generated_Source\PSoC6\pdl\drivers/peripheral/sysclk/cy_sysclk.h **** } cy_en_clkpath_in_sources_t;
 722:Generated_Source\PSoC6\pdl\drivers/peripheral/sysclk/cy_sysclk.h **** /** \} group_sysclk_path_src_enums */
 723:Generated_Source\PSoC6\pdl\drivers/peripheral/sysclk/cy_sysclk.h **** 
 724:Generated_Source\PSoC6\pdl\drivers/peripheral/sysclk/cy_sysclk.h **** /**
 725:Generated_Source\PSoC6\pdl\drivers/peripheral/sysclk/cy_sysclk.h **** * \addtogroup group_sysclk_path_src_funcs
 726:Generated_Source\PSoC6\pdl\drivers/peripheral/sysclk/cy_sysclk.h **** * \{
 727:Generated_Source\PSoC6\pdl\drivers/peripheral/sysclk/cy_sysclk.h **** */
 728:Generated_Source\PSoC6\pdl\drivers/peripheral/sysclk/cy_sysclk.h **** cy_en_sysclk_status_t Cy_SysClk_ClkPathSetSource(uint32_t clkPath, cy_en_clkpath_in_sources_t sourc
 729:Generated_Source\PSoC6\pdl\drivers/peripheral/sysclk/cy_sysclk.h **** cy_en_clkpath_in_sources_t Cy_SysClk_ClkPathGetSource(uint32_t clkPath);
 730:Generated_Source\PSoC6\pdl\drivers/peripheral/sysclk/cy_sysclk.h **** /** \} group_sysclk_path_src_funcs */
 731:Generated_Source\PSoC6\pdl\drivers/peripheral/sysclk/cy_sysclk.h **** 
 732:Generated_Source\PSoC6\pdl\drivers/peripheral/sysclk/cy_sysclk.h **** 
 733:Generated_Source\PSoC6\pdl\drivers/peripheral/sysclk/cy_sysclk.h **** /* ========================================================================== */
 734:Generated_Source\PSoC6\pdl\drivers/peripheral/sysclk/cy_sysclk.h **** /* ===========================    FLL SECTION    ============================ */
 735:Generated_Source\PSoC6\pdl\drivers/peripheral/sysclk/cy_sysclk.h **** /* ========================================================================== */
 736:Generated_Source\PSoC6\pdl\drivers/peripheral/sysclk/cy_sysclk.h **** /**
 737:Generated_Source\PSoC6\pdl\drivers/peripheral/sysclk/cy_sysclk.h **** * \addtogroup group_sysclk_fll_enums
 738:Generated_Source\PSoC6\pdl\drivers/peripheral/sysclk/cy_sysclk.h **** * \{
 739:Generated_Source\PSoC6\pdl\drivers/peripheral/sysclk/cy_sysclk.h **** */
 740:Generated_Source\PSoC6\pdl\drivers/peripheral/sysclk/cy_sysclk.h **** /** FLL and PLL output mode.
 741:Generated_Source\PSoC6\pdl\drivers/peripheral/sysclk/cy_sysclk.h **** * See registers CLK_FLL_CONFIG3 and CLK_PLL_CONFIG0, bits BYPASS_SEL.
 742:Generated_Source\PSoC6\pdl\drivers/peripheral/sysclk/cy_sysclk.h **** */
 743:Generated_Source\PSoC6\pdl\drivers/peripheral/sysclk/cy_sysclk.h **** typedef enum
 744:Generated_Source\PSoC6\pdl\drivers/peripheral/sysclk/cy_sysclk.h **** {
 745:Generated_Source\PSoC6\pdl\drivers/peripheral/sysclk/cy_sysclk.h ****     CY_SYSCLK_FLLPLL_OUTPUT_AUTO   = 0U, /**< Output FLL/PLL input source when not locked, and FLL/
 746:Generated_Source\PSoC6\pdl\drivers/peripheral/sysclk/cy_sysclk.h ****     CY_SYSCLK_FLLPLL_OUTPUT_AUTO1  = 1U, /**< Same as AUTO */
 747:Generated_Source\PSoC6\pdl\drivers/peripheral/sysclk/cy_sysclk.h ****     CY_SYSCLK_FLLPLL_OUTPUT_INPUT  = 2U, /**< Output FLL/PLL input source regardless of lock status
 748:Generated_Source\PSoC6\pdl\drivers/peripheral/sysclk/cy_sysclk.h ****     CY_SYSCLK_FLLPLL_OUTPUT_OUTPUT = 3U  /**< Output FLL/PLL output regardless of lock status. This
 749:Generated_Source\PSoC6\pdl\drivers/peripheral/sysclk/cy_sysclk.h **** } cy_en_fll_pll_output_mode_t;
 750:Generated_Source\PSoC6\pdl\drivers/peripheral/sysclk/cy_sysclk.h **** 
 751:Generated_Source\PSoC6\pdl\drivers/peripheral/sysclk/cy_sysclk.h **** /** FLL current-controlled oscillator (CCO) frequency ranges.
 752:Generated_Source\PSoC6\pdl\drivers/peripheral/sysclk/cy_sysclk.h **** * See register CLK_FLL_CONFIG4, bits CCO_RANGE.
ARM GAS  C:\Users\Finik\AppData\Local\Temp\ccXrCYub.s 			page 20


 753:Generated_Source\PSoC6\pdl\drivers/peripheral/sysclk/cy_sysclk.h **** */
 754:Generated_Source\PSoC6\pdl\drivers/peripheral/sysclk/cy_sysclk.h **** typedef enum
 755:Generated_Source\PSoC6\pdl\drivers/peripheral/sysclk/cy_sysclk.h **** {
 756:Generated_Source\PSoC6\pdl\drivers/peripheral/sysclk/cy_sysclk.h ****     CY_SYSCLK_FLL_CCO_RANGE0, /**< Target frequency is in range  48 -  64 MHz. */
 757:Generated_Source\PSoC6\pdl\drivers/peripheral/sysclk/cy_sysclk.h ****     CY_SYSCLK_FLL_CCO_RANGE1, /**< Target frequency is in range  64 -  85 MHz. */
 758:Generated_Source\PSoC6\pdl\drivers/peripheral/sysclk/cy_sysclk.h ****     CY_SYSCLK_FLL_CCO_RANGE2, /**< Target frequency is in range  85 - 113 MHz. */
 759:Generated_Source\PSoC6\pdl\drivers/peripheral/sysclk/cy_sysclk.h ****     CY_SYSCLK_FLL_CCO_RANGE3, /**< Target frequency is in range 113 - 150 MHz. */
 760:Generated_Source\PSoC6\pdl\drivers/peripheral/sysclk/cy_sysclk.h ****     CY_SYSCLK_FLL_CCO_RANGE4  /**< Target frequency is in range 150 - 200 MHz. */
 761:Generated_Source\PSoC6\pdl\drivers/peripheral/sysclk/cy_sysclk.h **** } cy_en_fll_cco_ranges_t;
 762:Generated_Source\PSoC6\pdl\drivers/peripheral/sysclk/cy_sysclk.h **** /** \} group_sysclk_fll_enums */
 763:Generated_Source\PSoC6\pdl\drivers/peripheral/sysclk/cy_sysclk.h **** 
 764:Generated_Source\PSoC6\pdl\drivers/peripheral/sysclk/cy_sysclk.h **** /**
 765:Generated_Source\PSoC6\pdl\drivers/peripheral/sysclk/cy_sysclk.h **** * \addtogroup group_sysclk_fll_structs
 766:Generated_Source\PSoC6\pdl\drivers/peripheral/sysclk/cy_sysclk.h **** * \{
 767:Generated_Source\PSoC6\pdl\drivers/peripheral/sysclk/cy_sysclk.h **** */
 768:Generated_Source\PSoC6\pdl\drivers/peripheral/sysclk/cy_sysclk.h **** /** Structure containing information for manual configuration of FLL.
 769:Generated_Source\PSoC6\pdl\drivers/peripheral/sysclk/cy_sysclk.h **** */
 770:Generated_Source\PSoC6\pdl\drivers/peripheral/sysclk/cy_sysclk.h **** typedef struct
 771:Generated_Source\PSoC6\pdl\drivers/peripheral/sysclk/cy_sysclk.h **** {
 772:Generated_Source\PSoC6\pdl\drivers/peripheral/sysclk/cy_sysclk.h ****     uint32_t                    fllMult;         /**< CLK_FLL_CONFIG  register, FLL_MULT bits */
 773:Generated_Source\PSoC6\pdl\drivers/peripheral/sysclk/cy_sysclk.h ****     uint16_t                    refDiv;          /**< CLK_FLL_CONFIG2 register, FLL_REF_DIV bits */
 774:Generated_Source\PSoC6\pdl\drivers/peripheral/sysclk/cy_sysclk.h ****     cy_en_fll_cco_ranges_t      ccoRange;        /**< CLK_FLL_CONFIG4 register, CCO_RANGE bits */
 775:Generated_Source\PSoC6\pdl\drivers/peripheral/sysclk/cy_sysclk.h ****     bool                        enableOutputDiv; /**< CLK_FLL_CONFIG  register, FLL_OUTPUT_DIV bit 
 776:Generated_Source\PSoC6\pdl\drivers/peripheral/sysclk/cy_sysclk.h ****     uint16_t                    lockTolerance;   /**< CLK_FLL_CONFIG2 register, LOCK_TOL bits */
 777:Generated_Source\PSoC6\pdl\drivers/peripheral/sysclk/cy_sysclk.h ****     uint8_t                     igain;           /**< CLK_FLL_CONFIG3 register, FLL_LF_IGAIN bits *
 778:Generated_Source\PSoC6\pdl\drivers/peripheral/sysclk/cy_sysclk.h ****     uint8_t                     pgain;           /**< CLK_FLL_CONFIG3 register, FLL_LF_PGAIN bits *
 779:Generated_Source\PSoC6\pdl\drivers/peripheral/sysclk/cy_sysclk.h ****     uint16_t                    settlingCount;   /**< CLK_FLL_CONFIG3 register, SETTLING_COUNT bits
 780:Generated_Source\PSoC6\pdl\drivers/peripheral/sysclk/cy_sysclk.h ****     cy_en_fll_pll_output_mode_t outputMode;      /**< CLK_FLL_CONFIG3 register, BYPASS_SEL bits */
 781:Generated_Source\PSoC6\pdl\drivers/peripheral/sysclk/cy_sysclk.h ****     uint16_t                    cco_Freq;        /**< CLK_FLL_CONFIG4 register, CCO_FREQ bits */
 782:Generated_Source\PSoC6\pdl\drivers/peripheral/sysclk/cy_sysclk.h **** } cy_stc_fll_manual_config_t;
 783:Generated_Source\PSoC6\pdl\drivers/peripheral/sysclk/cy_sysclk.h **** /** \} group_sysclk_fll_structs */
 784:Generated_Source\PSoC6\pdl\drivers/peripheral/sysclk/cy_sysclk.h **** 
 785:Generated_Source\PSoC6\pdl\drivers/peripheral/sysclk/cy_sysclk.h **** /**
 786:Generated_Source\PSoC6\pdl\drivers/peripheral/sysclk/cy_sysclk.h **** * \addtogroup group_sysclk_fll_funcs
 787:Generated_Source\PSoC6\pdl\drivers/peripheral/sysclk/cy_sysclk.h **** * \{
 788:Generated_Source\PSoC6\pdl\drivers/peripheral/sysclk/cy_sysclk.h **** */
 789:Generated_Source\PSoC6\pdl\drivers/peripheral/sysclk/cy_sysclk.h **** cy_en_sysclk_status_t Cy_SysClk_FllConfigure(uint32_t inputFreq, uint32_t outputFreq, cy_en_fll_pll
 790:Generated_Source\PSoC6\pdl\drivers/peripheral/sysclk/cy_sysclk.h **** cy_en_sysclk_status_t Cy_SysClk_FllManualConfigure(const cy_stc_fll_manual_config_t *config);
 791:Generated_Source\PSoC6\pdl\drivers/peripheral/sysclk/cy_sysclk.h **** void Cy_SysClk_FllGetConfiguration(cy_stc_fll_manual_config_t *config);
 792:Generated_Source\PSoC6\pdl\drivers/peripheral/sysclk/cy_sysclk.h **** cy_en_sysclk_status_t Cy_SysClk_FllEnable(uint32_t timeoutus);
 793:Generated_Source\PSoC6\pdl\drivers/peripheral/sysclk/cy_sysclk.h **** __STATIC_INLINE bool Cy_SysClk_FllLocked(void);
 794:Generated_Source\PSoC6\pdl\drivers/peripheral/sysclk/cy_sysclk.h **** __STATIC_INLINE cy_en_sysclk_status_t Cy_SysClk_FllDisable(void);
 795:Generated_Source\PSoC6\pdl\drivers/peripheral/sysclk/cy_sysclk.h **** 
 796:Generated_Source\PSoC6\pdl\drivers/peripheral/sysclk/cy_sysclk.h **** /*******************************************************************************
 797:Generated_Source\PSoC6\pdl\drivers/peripheral/sysclk/cy_sysclk.h **** * Function Name: Cy_SysClk_FllLocked
 798:Generated_Source\PSoC6\pdl\drivers/peripheral/sysclk/cy_sysclk.h **** ****************************************************************************//**
 799:Generated_Source\PSoC6\pdl\drivers/peripheral/sysclk/cy_sysclk.h **** *
 800:Generated_Source\PSoC6\pdl\drivers/peripheral/sysclk/cy_sysclk.h **** * Reports whether the FLL is locked first time during FLL starting.
 801:Generated_Source\PSoC6\pdl\drivers/peripheral/sysclk/cy_sysclk.h **** * Intended to be used with \ref Cy_SysClk_FllEnable with zero timeout.
 802:Generated_Source\PSoC6\pdl\drivers/peripheral/sysclk/cy_sysclk.h **** *
 803:Generated_Source\PSoC6\pdl\drivers/peripheral/sysclk/cy_sysclk.h **** * \return 
 804:Generated_Source\PSoC6\pdl\drivers/peripheral/sysclk/cy_sysclk.h **** * false = not locked<br>
 805:Generated_Source\PSoC6\pdl\drivers/peripheral/sysclk/cy_sysclk.h **** * true = locked
 806:Generated_Source\PSoC6\pdl\drivers/peripheral/sysclk/cy_sysclk.h **** *
 807:Generated_Source\PSoC6\pdl\drivers/peripheral/sysclk/cy_sysclk.h **** * \note
 808:Generated_Source\PSoC6\pdl\drivers/peripheral/sysclk/cy_sysclk.h **** * The unlock occurrence may appear during FLL normal operation, so this function 
 809:Generated_Source\PSoC6\pdl\drivers/peripheral/sysclk/cy_sysclk.h **** * is not recommended to check the FLL normal operation stability.
ARM GAS  C:\Users\Finik\AppData\Local\Temp\ccXrCYub.s 			page 21


 810:Generated_Source\PSoC6\pdl\drivers/peripheral/sysclk/cy_sysclk.h **** *
 811:Generated_Source\PSoC6\pdl\drivers/peripheral/sysclk/cy_sysclk.h **** * \funcusage
 812:Generated_Source\PSoC6\pdl\drivers/peripheral/sysclk/cy_sysclk.h **** * \snippet sysclk/2.0/snippet/main.c snippet_Cy_SysClk_FllLocked
 813:Generated_Source\PSoC6\pdl\drivers/peripheral/sysclk/cy_sysclk.h **** *
 814:Generated_Source\PSoC6\pdl\drivers/peripheral/sysclk/cy_sysclk.h **** *******************************************************************************/
 815:Generated_Source\PSoC6\pdl\drivers/peripheral/sysclk/cy_sysclk.h **** __STATIC_INLINE bool Cy_SysClk_FllLocked(void)
 816:Generated_Source\PSoC6\pdl\drivers/peripheral/sysclk/cy_sysclk.h **** {
 817:Generated_Source\PSoC6\pdl\drivers/peripheral/sysclk/cy_sysclk.h ****     return (_FLD2BOOL(SRSS_CLK_FLL_STATUS_LOCKED, SRSS_CLK_FLL_STATUS));
 818:Generated_Source\PSoC6\pdl\drivers/peripheral/sysclk/cy_sysclk.h **** }
 819:Generated_Source\PSoC6\pdl\drivers/peripheral/sysclk/cy_sysclk.h **** 
 820:Generated_Source\PSoC6\pdl\drivers/peripheral/sysclk/cy_sysclk.h **** 
 821:Generated_Source\PSoC6\pdl\drivers/peripheral/sysclk/cy_sysclk.h **** /*******************************************************************************
 822:Generated_Source\PSoC6\pdl\drivers/peripheral/sysclk/cy_sysclk.h **** * Function Name: Cy_SysClk_FllDisable
 823:Generated_Source\PSoC6\pdl\drivers/peripheral/sysclk/cy_sysclk.h **** ****************************************************************************//**
 824:Generated_Source\PSoC6\pdl\drivers/peripheral/sysclk/cy_sysclk.h **** *
 825:Generated_Source\PSoC6\pdl\drivers/peripheral/sysclk/cy_sysclk.h **** * Disables the FLL and the CCO.
 826:Generated_Source\PSoC6\pdl\drivers/peripheral/sysclk/cy_sysclk.h **** *
 827:Generated_Source\PSoC6\pdl\drivers/peripheral/sysclk/cy_sysclk.h **** * \return \ref cy_en_sysclk_status_t
 828:Generated_Source\PSoC6\pdl\drivers/peripheral/sysclk/cy_sysclk.h **** *
 829:Generated_Source\PSoC6\pdl\drivers/peripheral/sysclk/cy_sysclk.h **** * \note 
 830:Generated_Source\PSoC6\pdl\drivers/peripheral/sysclk/cy_sysclk.h **** * Call \ref SystemCoreClockUpdate after this function calling 
 831:Generated_Source\PSoC6\pdl\drivers/peripheral/sysclk/cy_sysclk.h **** * if it affects the CLK_HF0 frequency.
 832:Generated_Source\PSoC6\pdl\drivers/peripheral/sysclk/cy_sysclk.h **** *
 833:Generated_Source\PSoC6\pdl\drivers/peripheral/sysclk/cy_sysclk.h **** * \note
 834:Generated_Source\PSoC6\pdl\drivers/peripheral/sysclk/cy_sysclk.h **** * Call \ref Cy_SysLib_SetWaitStates after calling this function if
 835:Generated_Source\PSoC6\pdl\drivers/peripheral/sysclk/cy_sysclk.h **** * the FLL is the source of CLK_HF0 and the CLK_HF0 frequency is decreasing.
 836:Generated_Source\PSoC6\pdl\drivers/peripheral/sysclk/cy_sysclk.h **** *
 837:Generated_Source\PSoC6\pdl\drivers/peripheral/sysclk/cy_sysclk.h **** * \funcusage
 838:Generated_Source\PSoC6\pdl\drivers/peripheral/sysclk/cy_sysclk.h **** * \snippet sysclk/2.0/snippet/main.c snippet_Cy_SysClk_FllDisable
 839:Generated_Source\PSoC6\pdl\drivers/peripheral/sysclk/cy_sysclk.h **** *
 840:Generated_Source\PSoC6\pdl\drivers/peripheral/sysclk/cy_sysclk.h **** *******************************************************************************/
 841:Generated_Source\PSoC6\pdl\drivers/peripheral/sysclk/cy_sysclk.h **** __STATIC_INLINE cy_en_sysclk_status_t Cy_SysClk_FllDisable(void)
 842:Generated_Source\PSoC6\pdl\drivers/peripheral/sysclk/cy_sysclk.h **** {
 843:Generated_Source\PSoC6\pdl\drivers/peripheral/sysclk/cy_sysclk.h ****     CY_REG32_CLR_SET(SRSS_CLK_FLL_CONFIG3, SRSS_CLK_FLL_CONFIG3_BYPASS_SEL, CY_SYSCLK_FLLPLL_OUTPUT
 844:Generated_Source\PSoC6\pdl\drivers/peripheral/sysclk/cy_sysclk.h ****     SRSS_CLK_FLL_CONFIG  &= ~SRSS_CLK_FLL_CONFIG_FLL_ENABLE_Msk;
 845:Generated_Source\PSoC6\pdl\drivers/peripheral/sysclk/cy_sysclk.h ****     SRSS_CLK_FLL_CONFIG4 &= ~SRSS_CLK_FLL_CONFIG4_CCO_ENABLE_Msk;
 846:Generated_Source\PSoC6\pdl\drivers/peripheral/sysclk/cy_sysclk.h ****     return CY_SYSCLK_SUCCESS;
 847:Generated_Source\PSoC6\pdl\drivers/peripheral/sysclk/cy_sysclk.h **** }
 848:Generated_Source\PSoC6\pdl\drivers/peripheral/sysclk/cy_sysclk.h **** /** \} group_sysclk_fll_funcs */
 849:Generated_Source\PSoC6\pdl\drivers/peripheral/sysclk/cy_sysclk.h **** 
 850:Generated_Source\PSoC6\pdl\drivers/peripheral/sysclk/cy_sysclk.h **** 
 851:Generated_Source\PSoC6\pdl\drivers/peripheral/sysclk/cy_sysclk.h **** /* ========================================================================== */
 852:Generated_Source\PSoC6\pdl\drivers/peripheral/sysclk/cy_sysclk.h **** /* ===========================    PLL SECTION    ============================ */
 853:Generated_Source\PSoC6\pdl\drivers/peripheral/sysclk/cy_sysclk.h **** /* ========================================================================== */
 854:Generated_Source\PSoC6\pdl\drivers/peripheral/sysclk/cy_sysclk.h **** /**
 855:Generated_Source\PSoC6\pdl\drivers/peripheral/sysclk/cy_sysclk.h **** * \addtogroup group_sysclk_pll_structs
 856:Generated_Source\PSoC6\pdl\drivers/peripheral/sysclk/cy_sysclk.h **** * \{
 857:Generated_Source\PSoC6\pdl\drivers/peripheral/sysclk/cy_sysclk.h **** */
 858:Generated_Source\PSoC6\pdl\drivers/peripheral/sysclk/cy_sysclk.h **** /** Structure containing information for configuration of a PLL.
 859:Generated_Source\PSoC6\pdl\drivers/peripheral/sysclk/cy_sysclk.h **** */
 860:Generated_Source\PSoC6\pdl\drivers/peripheral/sysclk/cy_sysclk.h **** typedef struct
 861:Generated_Source\PSoC6\pdl\drivers/peripheral/sysclk/cy_sysclk.h **** {
 862:Generated_Source\PSoC6\pdl\drivers/peripheral/sysclk/cy_sysclk.h ****     uint32_t                    inputFreq;  /**< frequency of PLL source, in Hz */
 863:Generated_Source\PSoC6\pdl\drivers/peripheral/sysclk/cy_sysclk.h ****     uint32_t                    outputFreq; /**< frequency of PLL output, in Hz */
 864:Generated_Source\PSoC6\pdl\drivers/peripheral/sysclk/cy_sysclk.h ****     bool                        lfMode;     /**< CLK_PLL_CONFIG register, PLL_LF_MODE bit */
 865:Generated_Source\PSoC6\pdl\drivers/peripheral/sysclk/cy_sysclk.h ****     cy_en_fll_pll_output_mode_t outputMode; /**< CLK_PLL_CONFIG register, BYPASS_SEL bits */
 866:Generated_Source\PSoC6\pdl\drivers/peripheral/sysclk/cy_sysclk.h **** } cy_stc_pll_config_t;
ARM GAS  C:\Users\Finik\AppData\Local\Temp\ccXrCYub.s 			page 22


 867:Generated_Source\PSoC6\pdl\drivers/peripheral/sysclk/cy_sysclk.h **** 
 868:Generated_Source\PSoC6\pdl\drivers/peripheral/sysclk/cy_sysclk.h **** /** Structure containing information for manual configuration of a PLL.
 869:Generated_Source\PSoC6\pdl\drivers/peripheral/sysclk/cy_sysclk.h **** */
 870:Generated_Source\PSoC6\pdl\drivers/peripheral/sysclk/cy_sysclk.h **** typedef struct
 871:Generated_Source\PSoC6\pdl\drivers/peripheral/sysclk/cy_sysclk.h **** {
 872:Generated_Source\PSoC6\pdl\drivers/peripheral/sysclk/cy_sysclk.h ****     uint8_t                     feedbackDiv;  /**< CLK_PLL_CONFIG register, FEEDBACK_DIV (P) bits *
 873:Generated_Source\PSoC6\pdl\drivers/peripheral/sysclk/cy_sysclk.h ****     uint8_t                     referenceDiv; /**< CLK_PLL_CONFIG register, REFERENCE_DIV (Q) bits 
 874:Generated_Source\PSoC6\pdl\drivers/peripheral/sysclk/cy_sysclk.h ****     uint8_t                     outputDiv;    /**< CLK_PLL_CONFIG register, OUTPUT_DIV bits */
 875:Generated_Source\PSoC6\pdl\drivers/peripheral/sysclk/cy_sysclk.h ****     bool                        lfMode;       /**< CLK_PLL_CONFIG register, PLL_LF_MODE bit */
 876:Generated_Source\PSoC6\pdl\drivers/peripheral/sysclk/cy_sysclk.h ****     cy_en_fll_pll_output_mode_t outputMode;   /**< CLK_PLL_CONFIG register, BYPASS_SEL bits */
 877:Generated_Source\PSoC6\pdl\drivers/peripheral/sysclk/cy_sysclk.h **** } cy_stc_pll_manual_config_t;
 878:Generated_Source\PSoC6\pdl\drivers/peripheral/sysclk/cy_sysclk.h **** /** \} group_sysclk_pll_structs */
 879:Generated_Source\PSoC6\pdl\drivers/peripheral/sysclk/cy_sysclk.h **** 
 880:Generated_Source\PSoC6\pdl\drivers/peripheral/sysclk/cy_sysclk.h **** /**
 881:Generated_Source\PSoC6\pdl\drivers/peripheral/sysclk/cy_sysclk.h **** * \addtogroup group_sysclk_pll_funcs
 882:Generated_Source\PSoC6\pdl\drivers/peripheral/sysclk/cy_sysclk.h **** * \{
 883:Generated_Source\PSoC6\pdl\drivers/peripheral/sysclk/cy_sysclk.h **** */
 884:Generated_Source\PSoC6\pdl\drivers/peripheral/sysclk/cy_sysclk.h **** cy_en_sysclk_status_t Cy_SysClk_PllConfigure(uint32_t clkPath, const cy_stc_pll_config_t *config);
 885:Generated_Source\PSoC6\pdl\drivers/peripheral/sysclk/cy_sysclk.h **** cy_en_sysclk_status_t Cy_SysClk_PllManualConfigure(uint32_t clkPath, const cy_stc_pll_manual_config
 886:Generated_Source\PSoC6\pdl\drivers/peripheral/sysclk/cy_sysclk.h **** cy_en_sysclk_status_t Cy_SysClk_PllGetConfiguration(uint32_t clkPath, cy_stc_pll_manual_config_t *c
 887:Generated_Source\PSoC6\pdl\drivers/peripheral/sysclk/cy_sysclk.h **** cy_en_sysclk_status_t Cy_SysClk_PllEnable(uint32_t clkPath, uint32_t timeoutus);
 888:Generated_Source\PSoC6\pdl\drivers/peripheral/sysclk/cy_sysclk.h **** __STATIC_INLINE bool Cy_SysClk_PllLocked(uint32_t clkPath);
 889:Generated_Source\PSoC6\pdl\drivers/peripheral/sysclk/cy_sysclk.h **** __STATIC_INLINE bool Cy_SysClk_PllLostLock(uint32_t clkPath);
 890:Generated_Source\PSoC6\pdl\drivers/peripheral/sysclk/cy_sysclk.h **** __STATIC_INLINE cy_en_sysclk_status_t Cy_SysClk_PllDisable(uint32_t clkPath);
 891:Generated_Source\PSoC6\pdl\drivers/peripheral/sysclk/cy_sysclk.h **** 
 892:Generated_Source\PSoC6\pdl\drivers/peripheral/sysclk/cy_sysclk.h **** /*******************************************************************************
 893:Generated_Source\PSoC6\pdl\drivers/peripheral/sysclk/cy_sysclk.h **** * Function Name: Cy_SysClk_PllLocked
 894:Generated_Source\PSoC6\pdl\drivers/peripheral/sysclk/cy_sysclk.h **** ****************************************************************************//**
 895:Generated_Source\PSoC6\pdl\drivers/peripheral/sysclk/cy_sysclk.h **** *
 896:Generated_Source\PSoC6\pdl\drivers/peripheral/sysclk/cy_sysclk.h **** * Reports whether or not the selected PLL is locked.
 897:Generated_Source\PSoC6\pdl\drivers/peripheral/sysclk/cy_sysclk.h **** *
 898:Generated_Source\PSoC6\pdl\drivers/peripheral/sysclk/cy_sysclk.h **** * \param clkPath Selects which PLL to check. 1 is the first PLL; 0 is invalid.
 899:Generated_Source\PSoC6\pdl\drivers/peripheral/sysclk/cy_sysclk.h **** *
 900:Generated_Source\PSoC6\pdl\drivers/peripheral/sysclk/cy_sysclk.h **** * \return 
 901:Generated_Source\PSoC6\pdl\drivers/peripheral/sysclk/cy_sysclk.h **** * false = not locked<br>
 902:Generated_Source\PSoC6\pdl\drivers/peripheral/sysclk/cy_sysclk.h **** * true = locked
 903:Generated_Source\PSoC6\pdl\drivers/peripheral/sysclk/cy_sysclk.h **** *
 904:Generated_Source\PSoC6\pdl\drivers/peripheral/sysclk/cy_sysclk.h **** * \funcusage
 905:Generated_Source\PSoC6\pdl\drivers/peripheral/sysclk/cy_sysclk.h **** * \snippet sysclk/2.0/snippet/main.c snippet_Cy_SysClk_PllLocked
 906:Generated_Source\PSoC6\pdl\drivers/peripheral/sysclk/cy_sysclk.h **** *
 907:Generated_Source\PSoC6\pdl\drivers/peripheral/sysclk/cy_sysclk.h **** *******************************************************************************/
 908:Generated_Source\PSoC6\pdl\drivers/peripheral/sysclk/cy_sysclk.h **** __STATIC_INLINE bool Cy_SysClk_PllLocked(uint32_t clkPath)
 909:Generated_Source\PSoC6\pdl\drivers/peripheral/sysclk/cy_sysclk.h **** {
 910:Generated_Source\PSoC6\pdl\drivers/peripheral/sysclk/cy_sysclk.h ****     clkPath--; /* to correctly access PLL config and status registers structures */
 911:Generated_Source\PSoC6\pdl\drivers/peripheral/sysclk/cy_sysclk.h ****     CY_ASSERT_L1(clkPath < CY_SRSS_NUM_PLL);
 912:Generated_Source\PSoC6\pdl\drivers/peripheral/sysclk/cy_sysclk.h ****     return (_FLD2BOOL(SRSS_CLK_PLL_STATUS_LOCKED, SRSS_CLK_PLL_STATUS[clkPath]));
 913:Generated_Source\PSoC6\pdl\drivers/peripheral/sysclk/cy_sysclk.h **** }
 914:Generated_Source\PSoC6\pdl\drivers/peripheral/sysclk/cy_sysclk.h **** 
 915:Generated_Source\PSoC6\pdl\drivers/peripheral/sysclk/cy_sysclk.h **** /*******************************************************************************
 916:Generated_Source\PSoC6\pdl\drivers/peripheral/sysclk/cy_sysclk.h **** * Function Name: Cy_SysClk_PllLostLock
 917:Generated_Source\PSoC6\pdl\drivers/peripheral/sysclk/cy_sysclk.h **** ****************************************************************************//**
 918:Generated_Source\PSoC6\pdl\drivers/peripheral/sysclk/cy_sysclk.h **** *
 919:Generated_Source\PSoC6\pdl\drivers/peripheral/sysclk/cy_sysclk.h **** * Reports whether or not the selected PLL lost its lock since the last time this
 920:Generated_Source\PSoC6\pdl\drivers/peripheral/sysclk/cy_sysclk.h **** * function was called. Clears the lost lock indicator.
 921:Generated_Source\PSoC6\pdl\drivers/peripheral/sysclk/cy_sysclk.h **** *
 922:Generated_Source\PSoC6\pdl\drivers/peripheral/sysclk/cy_sysclk.h **** * \param clkPath Selects which PLL to check. 1 is the first PLL; 0 is invalid.
 923:Generated_Source\PSoC6\pdl\drivers/peripheral/sysclk/cy_sysclk.h **** *
ARM GAS  C:\Users\Finik\AppData\Local\Temp\ccXrCYub.s 			page 23


 924:Generated_Source\PSoC6\pdl\drivers/peripheral/sysclk/cy_sysclk.h **** * \return 
 925:Generated_Source\PSoC6\pdl\drivers/peripheral/sysclk/cy_sysclk.h **** * false = did not lose lock<br>
 926:Generated_Source\PSoC6\pdl\drivers/peripheral/sysclk/cy_sysclk.h **** * true = lost lock
 927:Generated_Source\PSoC6\pdl\drivers/peripheral/sysclk/cy_sysclk.h **** *
 928:Generated_Source\PSoC6\pdl\drivers/peripheral/sysclk/cy_sysclk.h **** * \funcusage
 929:Generated_Source\PSoC6\pdl\drivers/peripheral/sysclk/cy_sysclk.h **** * \snippet sysclk/2.0/snippet/main.c snippet_Cy_SysClk_PllLostLock
 930:Generated_Source\PSoC6\pdl\drivers/peripheral/sysclk/cy_sysclk.h **** *
 931:Generated_Source\PSoC6\pdl\drivers/peripheral/sysclk/cy_sysclk.h **** *******************************************************************************/
 932:Generated_Source\PSoC6\pdl\drivers/peripheral/sysclk/cy_sysclk.h **** __STATIC_INLINE bool Cy_SysClk_PllLostLock(uint32_t clkPath)
 933:Generated_Source\PSoC6\pdl\drivers/peripheral/sysclk/cy_sysclk.h **** {
 934:Generated_Source\PSoC6\pdl\drivers/peripheral/sysclk/cy_sysclk.h ****     clkPath--; /* to correctly access PLL config and status registers structures */
 935:Generated_Source\PSoC6\pdl\drivers/peripheral/sysclk/cy_sysclk.h ****     CY_ASSERT_L1(clkPath < CY_SRSS_NUM_PLL);
 936:Generated_Source\PSoC6\pdl\drivers/peripheral/sysclk/cy_sysclk.h ****     bool retVal = _FLD2BOOL(SRSS_CLK_PLL_STATUS_UNLOCK_OCCURRED, SRSS_CLK_PLL_STATUS[clkPath]);
 937:Generated_Source\PSoC6\pdl\drivers/peripheral/sysclk/cy_sysclk.h ****     /* write a 1 to clear the unlock occurred bit */
 938:Generated_Source\PSoC6\pdl\drivers/peripheral/sysclk/cy_sysclk.h ****     SRSS_CLK_PLL_STATUS[clkPath] = SRSS_CLK_PLL_STATUS_UNLOCK_OCCURRED_Msk;
 939:Generated_Source\PSoC6\pdl\drivers/peripheral/sysclk/cy_sysclk.h ****     return (retVal);
 940:Generated_Source\PSoC6\pdl\drivers/peripheral/sysclk/cy_sysclk.h **** }
 941:Generated_Source\PSoC6\pdl\drivers/peripheral/sysclk/cy_sysclk.h **** 
 942:Generated_Source\PSoC6\pdl\drivers/peripheral/sysclk/cy_sysclk.h **** /*******************************************************************************
 943:Generated_Source\PSoC6\pdl\drivers/peripheral/sysclk/cy_sysclk.h **** * Function Name: Cy_SysClk_PllDisable
 944:Generated_Source\PSoC6\pdl\drivers/peripheral/sysclk/cy_sysclk.h **** ****************************************************************************//**
 945:Generated_Source\PSoC6\pdl\drivers/peripheral/sysclk/cy_sysclk.h **** *
 946:Generated_Source\PSoC6\pdl\drivers/peripheral/sysclk/cy_sysclk.h **** * Disables the selected PLL.
 947:Generated_Source\PSoC6\pdl\drivers/peripheral/sysclk/cy_sysclk.h **** *
 948:Generated_Source\PSoC6\pdl\drivers/peripheral/sysclk/cy_sysclk.h **** * \param clkPath Selects which PLL to disable. 1 is the first PLL; 0 is invalid.
 949:Generated_Source\PSoC6\pdl\drivers/peripheral/sysclk/cy_sysclk.h **** *
 950:Generated_Source\PSoC6\pdl\drivers/peripheral/sysclk/cy_sysclk.h **** * \return Error / status code:<br>
 951:Generated_Source\PSoC6\pdl\drivers/peripheral/sysclk/cy_sysclk.h **** * CY_SYSCLK_SUCCESS - PLL successfully disabled<br>
 952:Generated_Source\PSoC6\pdl\drivers/peripheral/sysclk/cy_sysclk.h **** * CY_SYSCLK_BAD_PARAM - invalid clock path number
 953:Generated_Source\PSoC6\pdl\drivers/peripheral/sysclk/cy_sysclk.h **** *
 954:Generated_Source\PSoC6\pdl\drivers/peripheral/sysclk/cy_sysclk.h **** * \note 
 955:Generated_Source\PSoC6\pdl\drivers/peripheral/sysclk/cy_sysclk.h **** * Call \ref SystemCoreClockUpdate after this function calling 
 956:Generated_Source\PSoC6\pdl\drivers/peripheral/sysclk/cy_sysclk.h **** * if it affects the CLK_HF0 frequency.
 957:Generated_Source\PSoC6\pdl\drivers/peripheral/sysclk/cy_sysclk.h **** *
 958:Generated_Source\PSoC6\pdl\drivers/peripheral/sysclk/cy_sysclk.h **** * \note
 959:Generated_Source\PSoC6\pdl\drivers/peripheral/sysclk/cy_sysclk.h **** * Call \ref Cy_SysLib_SetWaitStates before calling this function if
 960:Generated_Source\PSoC6\pdl\drivers/peripheral/sysclk/cy_sysclk.h **** * the PLL is the source of CLK_HF0 and the CLK_HF0 frequency is increasing.
 961:Generated_Source\PSoC6\pdl\drivers/peripheral/sysclk/cy_sysclk.h **** *
 962:Generated_Source\PSoC6\pdl\drivers/peripheral/sysclk/cy_sysclk.h **** * \note
 963:Generated_Source\PSoC6\pdl\drivers/peripheral/sysclk/cy_sysclk.h **** * Call \ref Cy_SysLib_SetWaitStates after calling this function if
 964:Generated_Source\PSoC6\pdl\drivers/peripheral/sysclk/cy_sysclk.h **** * the PLL is the source of CLK_HF0 and the CLK_HF0 frequency is decreasing.
 965:Generated_Source\PSoC6\pdl\drivers/peripheral/sysclk/cy_sysclk.h **** *
 966:Generated_Source\PSoC6\pdl\drivers/peripheral/sysclk/cy_sysclk.h **** * \funcusage
 967:Generated_Source\PSoC6\pdl\drivers/peripheral/sysclk/cy_sysclk.h **** * \snippet sysclk/2.0/snippet/main.c snippet_Cy_SysClk_PllDisable
 968:Generated_Source\PSoC6\pdl\drivers/peripheral/sysclk/cy_sysclk.h **** *
 969:Generated_Source\PSoC6\pdl\drivers/peripheral/sysclk/cy_sysclk.h **** *******************************************************************************/
 970:Generated_Source\PSoC6\pdl\drivers/peripheral/sysclk/cy_sysclk.h **** __STATIC_INLINE cy_en_sysclk_status_t Cy_SysClk_PllDisable(uint32_t clkPath)
 971:Generated_Source\PSoC6\pdl\drivers/peripheral/sysclk/cy_sysclk.h **** {
 972:Generated_Source\PSoC6\pdl\drivers/peripheral/sysclk/cy_sysclk.h ****     cy_en_sysclk_status_t retVal = CY_SYSCLK_BAD_PARAM;
 973:Generated_Source\PSoC6\pdl\drivers/peripheral/sysclk/cy_sysclk.h ****     clkPath--; /* to correctly access PLL config and status registers structures */
 974:Generated_Source\PSoC6\pdl\drivers/peripheral/sysclk/cy_sysclk.h ****     if (clkPath < CY_SRSS_NUM_PLL)
 975:Generated_Source\PSoC6\pdl\drivers/peripheral/sysclk/cy_sysclk.h ****     {
 976:Generated_Source\PSoC6\pdl\drivers/peripheral/sysclk/cy_sysclk.h ****         /* First bypass PLL */
 977:Generated_Source\PSoC6\pdl\drivers/peripheral/sysclk/cy_sysclk.h ****         CY_REG32_CLR_SET(SRSS_CLK_PLL_CONFIG[clkPath], SRSS_CLK_PLL_CONFIG_BYPASS_SEL, CY_SYSCLK_FL
 978:Generated_Source\PSoC6\pdl\drivers/peripheral/sysclk/cy_sysclk.h ****         /* Wait at least 6 PLL clock cycles */
 979:Generated_Source\PSoC6\pdl\drivers/peripheral/sysclk/cy_sysclk.h ****         Cy_SysLib_DelayUs(1U);
 980:Generated_Source\PSoC6\pdl\drivers/peripheral/sysclk/cy_sysclk.h ****         /* And now disable the PLL itself */
ARM GAS  C:\Users\Finik\AppData\Local\Temp\ccXrCYub.s 			page 24


 981:Generated_Source\PSoC6\pdl\drivers/peripheral/sysclk/cy_sysclk.h ****         SRSS_CLK_PLL_CONFIG[clkPath] &= ~SRSS_CLK_PLL_CONFIG_ENABLE_Msk;
 982:Generated_Source\PSoC6\pdl\drivers/peripheral/sysclk/cy_sysclk.h ****         retVal = CY_SYSCLK_SUCCESS;
 983:Generated_Source\PSoC6\pdl\drivers/peripheral/sysclk/cy_sysclk.h ****     }
 984:Generated_Source\PSoC6\pdl\drivers/peripheral/sysclk/cy_sysclk.h ****     return (retVal);
 985:Generated_Source\PSoC6\pdl\drivers/peripheral/sysclk/cy_sysclk.h **** }
 986:Generated_Source\PSoC6\pdl\drivers/peripheral/sysclk/cy_sysclk.h **** /** \} group_sysclk_pll_funcs */
 987:Generated_Source\PSoC6\pdl\drivers/peripheral/sysclk/cy_sysclk.h **** 
 988:Generated_Source\PSoC6\pdl\drivers/peripheral/sysclk/cy_sysclk.h **** 
 989:Generated_Source\PSoC6\pdl\drivers/peripheral/sysclk/cy_sysclk.h **** /* ========================================================================== */
 990:Generated_Source\PSoC6\pdl\drivers/peripheral/sysclk/cy_sysclk.h **** /* ===========================    ILO SECTION    ============================ */
 991:Generated_Source\PSoC6\pdl\drivers/peripheral/sysclk/cy_sysclk.h **** /* ========================================================================== */
 992:Generated_Source\PSoC6\pdl\drivers/peripheral/sysclk/cy_sysclk.h **** /**
 993:Generated_Source\PSoC6\pdl\drivers/peripheral/sysclk/cy_sysclk.h **** * \addtogroup group_sysclk_ilo_funcs
 994:Generated_Source\PSoC6\pdl\drivers/peripheral/sysclk/cy_sysclk.h **** * \{
 995:Generated_Source\PSoC6\pdl\drivers/peripheral/sysclk/cy_sysclk.h **** */
 996:Generated_Source\PSoC6\pdl\drivers/peripheral/sysclk/cy_sysclk.h **** __STATIC_INLINE void Cy_SysClk_IloEnable(void);
 997:Generated_Source\PSoC6\pdl\drivers/peripheral/sysclk/cy_sysclk.h **** __STATIC_INLINE cy_en_sysclk_status_t Cy_SysClk_IloDisable(void);
 998:Generated_Source\PSoC6\pdl\drivers/peripheral/sysclk/cy_sysclk.h **** __STATIC_INLINE void Cy_SysClk_IloHibernateOn(bool on);
 999:Generated_Source\PSoC6\pdl\drivers/peripheral/sysclk/cy_sysclk.h **** 
1000:Generated_Source\PSoC6\pdl\drivers/peripheral/sysclk/cy_sysclk.h **** /*******************************************************************************
1001:Generated_Source\PSoC6\pdl\drivers/peripheral/sysclk/cy_sysclk.h **** * Function Name: Cy_SysClk_IloEnable
1002:Generated_Source\PSoC6\pdl\drivers/peripheral/sysclk/cy_sysclk.h **** ****************************************************************************//**
1003:Generated_Source\PSoC6\pdl\drivers/peripheral/sysclk/cy_sysclk.h **** *
1004:Generated_Source\PSoC6\pdl\drivers/peripheral/sysclk/cy_sysclk.h **** * Enables the ILO.
1005:Generated_Source\PSoC6\pdl\drivers/peripheral/sysclk/cy_sysclk.h **** *
1006:Generated_Source\PSoC6\pdl\drivers/peripheral/sysclk/cy_sysclk.h **** * \note The watchdog timer (WDT) must be unlocked before calling this function.
1007:Generated_Source\PSoC6\pdl\drivers/peripheral/sysclk/cy_sysclk.h **** *
1008:Generated_Source\PSoC6\pdl\drivers/peripheral/sysclk/cy_sysclk.h **** * \funcusage
1009:Generated_Source\PSoC6\pdl\drivers/peripheral/sysclk/cy_sysclk.h **** * \snippet sysclk/2.0/snippet/main.c snippet_Cy_SysClk_IloEnable
1010:Generated_Source\PSoC6\pdl\drivers/peripheral/sysclk/cy_sysclk.h **** *
1011:Generated_Source\PSoC6\pdl\drivers/peripheral/sysclk/cy_sysclk.h **** *******************************************************************************/
1012:Generated_Source\PSoC6\pdl\drivers/peripheral/sysclk/cy_sysclk.h **** __STATIC_INLINE void Cy_SysClk_IloEnable(void)
1013:Generated_Source\PSoC6\pdl\drivers/peripheral/sysclk/cy_sysclk.h **** {
1014:Generated_Source\PSoC6\pdl\drivers/peripheral/sysclk/cy_sysclk.h ****     SRSS_CLK_ILO_CONFIG |= SRSS_CLK_ILO_CONFIG_ENABLE_Msk;
1015:Generated_Source\PSoC6\pdl\drivers/peripheral/sysclk/cy_sysclk.h **** }
1016:Generated_Source\PSoC6\pdl\drivers/peripheral/sysclk/cy_sysclk.h **** 
1017:Generated_Source\PSoC6\pdl\drivers/peripheral/sysclk/cy_sysclk.h **** /*******************************************************************************
1018:Generated_Source\PSoC6\pdl\drivers/peripheral/sysclk/cy_sysclk.h **** * Function Name: Cy_SysClk_IloDisable
1019:Generated_Source\PSoC6\pdl\drivers/peripheral/sysclk/cy_sysclk.h **** ****************************************************************************//**
1020:Generated_Source\PSoC6\pdl\drivers/peripheral/sysclk/cy_sysclk.h **** *
1021:Generated_Source\PSoC6\pdl\drivers/peripheral/sysclk/cy_sysclk.h **** * Disables the ILO. ILO can't be disabled if WDT is enabled.
1022:Generated_Source\PSoC6\pdl\drivers/peripheral/sysclk/cy_sysclk.h **** *
1023:Generated_Source\PSoC6\pdl\drivers/peripheral/sysclk/cy_sysclk.h **** * \return Error / status code:<br>
1024:Generated_Source\PSoC6\pdl\drivers/peripheral/sysclk/cy_sysclk.h **** * CY_SYSCLK_SUCCESS - ILO successfully disabled<br>
1025:Generated_Source\PSoC6\pdl\drivers/peripheral/sysclk/cy_sysclk.h **** * CY_SYSCLK_INVALID_STATE - Cannot disable the ILO if the WDT is enabled.
1026:Generated_Source\PSoC6\pdl\drivers/peripheral/sysclk/cy_sysclk.h **** *
1027:Generated_Source\PSoC6\pdl\drivers/peripheral/sysclk/cy_sysclk.h **** * \note The watchdog timer (WDT) must be unlocked before calling this function.
1028:Generated_Source\PSoC6\pdl\drivers/peripheral/sysclk/cy_sysclk.h **** * Do not call this function if the WDT is enabled, because the WDT is clocked by
1029:Generated_Source\PSoC6\pdl\drivers/peripheral/sysclk/cy_sysclk.h **** * the ILO.
1030:Generated_Source\PSoC6\pdl\drivers/peripheral/sysclk/cy_sysclk.h **** *
1031:Generated_Source\PSoC6\pdl\drivers/peripheral/sysclk/cy_sysclk.h **** * \funcusage
1032:Generated_Source\PSoC6\pdl\drivers/peripheral/sysclk/cy_sysclk.h **** * \snippet sysclk/2.0/snippet/main.c snippet_Cy_SysClk_IloDisable
1033:Generated_Source\PSoC6\pdl\drivers/peripheral/sysclk/cy_sysclk.h **** *
1034:Generated_Source\PSoC6\pdl\drivers/peripheral/sysclk/cy_sysclk.h **** *******************************************************************************/
1035:Generated_Source\PSoC6\pdl\drivers/peripheral/sysclk/cy_sysclk.h **** __STATIC_INLINE cy_en_sysclk_status_t Cy_SysClk_IloDisable(void)
1036:Generated_Source\PSoC6\pdl\drivers/peripheral/sysclk/cy_sysclk.h **** {
1037:Generated_Source\PSoC6\pdl\drivers/peripheral/sysclk/cy_sysclk.h ****     cy_en_sysclk_status_t retVal = CY_SYSCLK_INVALID_STATE;
ARM GAS  C:\Users\Finik\AppData\Local\Temp\ccXrCYub.s 			page 25


1038:Generated_Source\PSoC6\pdl\drivers/peripheral/sysclk/cy_sysclk.h ****     if (!_FLD2BOOL(SRSS_WDT_CTL_WDT_EN, SRSS_WDT_CTL)) /* if disabled */
1039:Generated_Source\PSoC6\pdl\drivers/peripheral/sysclk/cy_sysclk.h ****     {
1040:Generated_Source\PSoC6\pdl\drivers/peripheral/sysclk/cy_sysclk.h ****         SRSS_CLK_ILO_CONFIG &= ~SRSS_CLK_ILO_CONFIG_ENABLE_Msk;
1041:Generated_Source\PSoC6\pdl\drivers/peripheral/sysclk/cy_sysclk.h ****         retVal = CY_SYSCLK_SUCCESS;
1042:Generated_Source\PSoC6\pdl\drivers/peripheral/sysclk/cy_sysclk.h ****     }
1043:Generated_Source\PSoC6\pdl\drivers/peripheral/sysclk/cy_sysclk.h ****     return retVal;
1044:Generated_Source\PSoC6\pdl\drivers/peripheral/sysclk/cy_sysclk.h **** }
1045:Generated_Source\PSoC6\pdl\drivers/peripheral/sysclk/cy_sysclk.h **** 
1046:Generated_Source\PSoC6\pdl\drivers/peripheral/sysclk/cy_sysclk.h **** /*******************************************************************************
1047:Generated_Source\PSoC6\pdl\drivers/peripheral/sysclk/cy_sysclk.h **** * Function Name: Cy_SysClk_IloHibernateOn
1048:Generated_Source\PSoC6\pdl\drivers/peripheral/sysclk/cy_sysclk.h **** ****************************************************************************//**
1049:Generated_Source\PSoC6\pdl\drivers/peripheral/sysclk/cy_sysclk.h **** *
1050:Generated_Source\PSoC6\pdl\drivers/peripheral/sysclk/cy_sysclk.h **** * Controls whether the ILO stays on during a hibernate, or through an XRES or
1051:Generated_Source\PSoC6\pdl\drivers/peripheral/sysclk/cy_sysclk.h **** * brown-out detect (BOD) event.
1052:Generated_Source\PSoC6\pdl\drivers/peripheral/sysclk/cy_sysclk.h **** *
1053:Generated_Source\PSoC6\pdl\drivers/peripheral/sysclk/cy_sysclk.h **** * \param on
1054:Generated_Source\PSoC6\pdl\drivers/peripheral/sysclk/cy_sysclk.h **** * true = ILO stays on during hibernate or across XRES/BOD.<br> 
1055:Generated_Source\PSoC6\pdl\drivers/peripheral/sysclk/cy_sysclk.h **** * false = ILO turns off for hibernate or XRES/BOD.
1056:Generated_Source\PSoC6\pdl\drivers/peripheral/sysclk/cy_sysclk.h **** *
1057:Generated_Source\PSoC6\pdl\drivers/peripheral/sysclk/cy_sysclk.h **** * \note Writes to the register/bit are ignored if the watchdog (WDT) is locked.
1058:Generated_Source\PSoC6\pdl\drivers/peripheral/sysclk/cy_sysclk.h **** *
1059:Generated_Source\PSoC6\pdl\drivers/peripheral/sysclk/cy_sysclk.h **** * \funcusage
1060:Generated_Source\PSoC6\pdl\drivers/peripheral/sysclk/cy_sysclk.h **** * \snippet sysclk/2.0/snippet/main.c snippet_Cy_SysClk_IloHibernateOn
1061:Generated_Source\PSoC6\pdl\drivers/peripheral/sysclk/cy_sysclk.h **** *
1062:Generated_Source\PSoC6\pdl\drivers/peripheral/sysclk/cy_sysclk.h **** *******************************************************************************/
1063:Generated_Source\PSoC6\pdl\drivers/peripheral/sysclk/cy_sysclk.h **** __STATIC_INLINE void Cy_SysClk_IloHibernateOn(bool on)
1064:Generated_Source\PSoC6\pdl\drivers/peripheral/sysclk/cy_sysclk.h **** {
1065:Generated_Source\PSoC6\pdl\drivers/peripheral/sysclk/cy_sysclk.h ****     CY_REG32_CLR_SET(SRSS_CLK_ILO_CONFIG, SRSS_CLK_ILO_CONFIG_ILO_BACKUP, (uint32_t)on);
1066:Generated_Source\PSoC6\pdl\drivers/peripheral/sysclk/cy_sysclk.h **** }
1067:Generated_Source\PSoC6\pdl\drivers/peripheral/sysclk/cy_sysclk.h **** /** \} group_sysclk_ilo_funcs */
1068:Generated_Source\PSoC6\pdl\drivers/peripheral/sysclk/cy_sysclk.h **** 
1069:Generated_Source\PSoC6\pdl\drivers/peripheral/sysclk/cy_sysclk.h **** 
1070:Generated_Source\PSoC6\pdl\drivers/peripheral/sysclk/cy_sysclk.h **** /* ========================================================================== */
1071:Generated_Source\PSoC6\pdl\drivers/peripheral/sysclk/cy_sysclk.h **** /* ===========================    PILO SECTION    =========================== */
1072:Generated_Source\PSoC6\pdl\drivers/peripheral/sysclk/cy_sysclk.h **** /* ========================================================================== */
1073:Generated_Source\PSoC6\pdl\drivers/peripheral/sysclk/cy_sysclk.h **** /**
1074:Generated_Source\PSoC6\pdl\drivers/peripheral/sysclk/cy_sysclk.h **** * \addtogroup group_sysclk_pilo_funcs
1075:Generated_Source\PSoC6\pdl\drivers/peripheral/sysclk/cy_sysclk.h **** * \{
1076:Generated_Source\PSoC6\pdl\drivers/peripheral/sysclk/cy_sysclk.h **** */
1077:Generated_Source\PSoC6\pdl\drivers/peripheral/sysclk/cy_sysclk.h **** __STATIC_INLINE void Cy_SysClk_PiloEnable(void);
1078:Generated_Source\PSoC6\pdl\drivers/peripheral/sysclk/cy_sysclk.h **** __STATIC_INLINE void Cy_SysClk_PiloDisable(void);
1079:Generated_Source\PSoC6\pdl\drivers/peripheral/sysclk/cy_sysclk.h **** __STATIC_INLINE void Cy_SysClk_PiloSetTrim(uint32_t trimVal);
1080:Generated_Source\PSoC6\pdl\drivers/peripheral/sysclk/cy_sysclk.h **** __STATIC_INLINE uint32_t Cy_SysClk_PiloGetTrim(void);
1081:Generated_Source\PSoC6\pdl\drivers/peripheral/sysclk/cy_sysclk.h **** 
1082:Generated_Source\PSoC6\pdl\drivers/peripheral/sysclk/cy_sysclk.h **** /*******************************************************************************
1083:Generated_Source\PSoC6\pdl\drivers/peripheral/sysclk/cy_sysclk.h **** * Function Name: Cy_SysClk_PiloEnable
1084:Generated_Source\PSoC6\pdl\drivers/peripheral/sysclk/cy_sysclk.h **** ****************************************************************************//**
1085:Generated_Source\PSoC6\pdl\drivers/peripheral/sysclk/cy_sysclk.h **** *
1086:Generated_Source\PSoC6\pdl\drivers/peripheral/sysclk/cy_sysclk.h **** * Enables the PILO. 
1087:Generated_Source\PSoC6\pdl\drivers/peripheral/sysclk/cy_sysclk.h **** *
1088:Generated_Source\PSoC6\pdl\drivers/peripheral/sysclk/cy_sysclk.h **** * \note This function blocks for 1 millisecond between enabling the PILO and 
1089:Generated_Source\PSoC6\pdl\drivers/peripheral/sysclk/cy_sysclk.h **** * releasing the PILO reset.
1090:Generated_Source\PSoC6\pdl\drivers/peripheral/sysclk/cy_sysclk.h **** *
1091:Generated_Source\PSoC6\pdl\drivers/peripheral/sysclk/cy_sysclk.h **** * \funcusage
1092:Generated_Source\PSoC6\pdl\drivers/peripheral/sysclk/cy_sysclk.h **** * \snippet sysclk/2.0/snippet/main.c snippet_Cy_SysClk_PiloEnable
1093:Generated_Source\PSoC6\pdl\drivers/peripheral/sysclk/cy_sysclk.h **** *
1094:Generated_Source\PSoC6\pdl\drivers/peripheral/sysclk/cy_sysclk.h **** *******************************************************************************/
ARM GAS  C:\Users\Finik\AppData\Local\Temp\ccXrCYub.s 			page 26


1095:Generated_Source\PSoC6\pdl\drivers/peripheral/sysclk/cy_sysclk.h **** __STATIC_INLINE void Cy_SysClk_PiloEnable(void)
1096:Generated_Source\PSoC6\pdl\drivers/peripheral/sysclk/cy_sysclk.h **** {
1097:Generated_Source\PSoC6\pdl\drivers/peripheral/sysclk/cy_sysclk.h ****     SRSS_CLK_PILO_CONFIG |= _VAL2FLD(SRSS_CLK_PILO_CONFIG_PILO_EN, 1U); /* 1 = enable */
1098:Generated_Source\PSoC6\pdl\drivers/peripheral/sysclk/cy_sysclk.h ****     Cy_SysLib_Delay(1U/*msec*/);
1099:Generated_Source\PSoC6\pdl\drivers/peripheral/sysclk/cy_sysclk.h ****     /* release the reset and enable clock output */
1100:Generated_Source\PSoC6\pdl\drivers/peripheral/sysclk/cy_sysclk.h ****     SRSS_CLK_PILO_CONFIG |= SRSS_CLK_PILO_CONFIG_PILO_RESET_N_Msk |
1101:Generated_Source\PSoC6\pdl\drivers/peripheral/sysclk/cy_sysclk.h ****                             SRSS_CLK_PILO_CONFIG_PILO_CLK_EN_Msk;
1102:Generated_Source\PSoC6\pdl\drivers/peripheral/sysclk/cy_sysclk.h **** }
1103:Generated_Source\PSoC6\pdl\drivers/peripheral/sysclk/cy_sysclk.h **** 
1104:Generated_Source\PSoC6\pdl\drivers/peripheral/sysclk/cy_sysclk.h **** /*******************************************************************************
1105:Generated_Source\PSoC6\pdl\drivers/peripheral/sysclk/cy_sysclk.h **** * Function Name: Cy_SysClk_PiloDisable
1106:Generated_Source\PSoC6\pdl\drivers/peripheral/sysclk/cy_sysclk.h **** ****************************************************************************//**
1107:Generated_Source\PSoC6\pdl\drivers/peripheral/sysclk/cy_sysclk.h **** *
1108:Generated_Source\PSoC6\pdl\drivers/peripheral/sysclk/cy_sysclk.h **** * Disables the PILO.
1109:Generated_Source\PSoC6\pdl\drivers/peripheral/sysclk/cy_sysclk.h **** *
1110:Generated_Source\PSoC6\pdl\drivers/peripheral/sysclk/cy_sysclk.h **** * \funcusage
1111:Generated_Source\PSoC6\pdl\drivers/peripheral/sysclk/cy_sysclk.h **** * \snippet sysclk/2.0/snippet/main.c snippet_Cy_SysClk_PiloDisable
1112:Generated_Source\PSoC6\pdl\drivers/peripheral/sysclk/cy_sysclk.h **** *
1113:Generated_Source\PSoC6\pdl\drivers/peripheral/sysclk/cy_sysclk.h **** *******************************************************************************/
1114:Generated_Source\PSoC6\pdl\drivers/peripheral/sysclk/cy_sysclk.h **** __STATIC_INLINE void Cy_SysClk_PiloDisable(void)
1115:Generated_Source\PSoC6\pdl\drivers/peripheral/sysclk/cy_sysclk.h **** {
1116:Generated_Source\PSoC6\pdl\drivers/peripheral/sysclk/cy_sysclk.h ****     /* Clear PILO_EN, PILO_RESET_N, and PILO_CLK_EN bitfields. This disables the
1117:Generated_Source\PSoC6\pdl\drivers/peripheral/sysclk/cy_sysclk.h ****        PILO and holds the PILO in a reset state. */
1118:Generated_Source\PSoC6\pdl\drivers/peripheral/sysclk/cy_sysclk.h ****     SRSS_CLK_PILO_CONFIG &= (uint32_t)~(SRSS_CLK_PILO_CONFIG_PILO_EN_Msk      |
1119:Generated_Source\PSoC6\pdl\drivers/peripheral/sysclk/cy_sysclk.h ****                                         SRSS_CLK_PILO_CONFIG_PILO_RESET_N_Msk |
1120:Generated_Source\PSoC6\pdl\drivers/peripheral/sysclk/cy_sysclk.h ****                                         SRSS_CLK_PILO_CONFIG_PILO_CLK_EN_Msk);
1121:Generated_Source\PSoC6\pdl\drivers/peripheral/sysclk/cy_sysclk.h **** }
1122:Generated_Source\PSoC6\pdl\drivers/peripheral/sysclk/cy_sysclk.h **** 
1123:Generated_Source\PSoC6\pdl\drivers/peripheral/sysclk/cy_sysclk.h **** /*******************************************************************************
1124:Generated_Source\PSoC6\pdl\drivers/peripheral/sysclk/cy_sysclk.h **** * Function Name: Cy_SysClk_PiloSetTrim
1125:Generated_Source\PSoC6\pdl\drivers/peripheral/sysclk/cy_sysclk.h **** ****************************************************************************//**
1126:Generated_Source\PSoC6\pdl\drivers/peripheral/sysclk/cy_sysclk.h **** *
1127:Generated_Source\PSoC6\pdl\drivers/peripheral/sysclk/cy_sysclk.h **** * Sets the PILO trim bits, which adjusts the PILO frequency. This is typically
1128:Generated_Source\PSoC6\pdl\drivers/peripheral/sysclk/cy_sysclk.h **** * done after measuring the PILO frequency; see \ref Cy_SysClk_StartClkMeasurementCounters().
1129:Generated_Source\PSoC6\pdl\drivers/peripheral/sysclk/cy_sysclk.h **** *
1130:Generated_Source\PSoC6\pdl\drivers/peripheral/sysclk/cy_sysclk.h **** * \funcusage
1131:Generated_Source\PSoC6\pdl\drivers/peripheral/sysclk/cy_sysclk.h **** * \snippet sysclk/2.0/snippet/main.c snippet_Cy_SysClk_PiloSetTrim
1132:Generated_Source\PSoC6\pdl\drivers/peripheral/sysclk/cy_sysclk.h **** *
1133:Generated_Source\PSoC6\pdl\drivers/peripheral/sysclk/cy_sysclk.h **** *******************************************************************************/
1134:Generated_Source\PSoC6\pdl\drivers/peripheral/sysclk/cy_sysclk.h **** __STATIC_INLINE void Cy_SysClk_PiloSetTrim(uint32_t trimVal)
1135:Generated_Source\PSoC6\pdl\drivers/peripheral/sysclk/cy_sysclk.h **** {
1136:Generated_Source\PSoC6\pdl\drivers/peripheral/sysclk/cy_sysclk.h ****     CY_REG32_CLR_SET(SRSS_CLK_PILO_CONFIG, SRSS_CLK_PILO_CONFIG_PILO_FFREQ, trimVal);
1137:Generated_Source\PSoC6\pdl\drivers/peripheral/sysclk/cy_sysclk.h **** }
1138:Generated_Source\PSoC6\pdl\drivers/peripheral/sysclk/cy_sysclk.h **** 
1139:Generated_Source\PSoC6\pdl\drivers/peripheral/sysclk/cy_sysclk.h **** /*******************************************************************************
1140:Generated_Source\PSoC6\pdl\drivers/peripheral/sysclk/cy_sysclk.h **** * Function Name: Cy_SysClk_PiloGetTrim
1141:Generated_Source\PSoC6\pdl\drivers/peripheral/sysclk/cy_sysclk.h **** ****************************************************************************//**
1142:Generated_Source\PSoC6\pdl\drivers/peripheral/sysclk/cy_sysclk.h **** *
1143:Generated_Source\PSoC6\pdl\drivers/peripheral/sysclk/cy_sysclk.h **** * Reports the current PILO trim bits value.
1144:Generated_Source\PSoC6\pdl\drivers/peripheral/sysclk/cy_sysclk.h **** *
1145:Generated_Source\PSoC6\pdl\drivers/peripheral/sysclk/cy_sysclk.h **** * \funcusage
1146:Generated_Source\PSoC6\pdl\drivers/peripheral/sysclk/cy_sysclk.h **** * Refer to the Cy_SysClk_PiloSetTrim() function usage.
1147:Generated_Source\PSoC6\pdl\drivers/peripheral/sysclk/cy_sysclk.h **** *
1148:Generated_Source\PSoC6\pdl\drivers/peripheral/sysclk/cy_sysclk.h **** *******************************************************************************/
1149:Generated_Source\PSoC6\pdl\drivers/peripheral/sysclk/cy_sysclk.h **** __STATIC_INLINE uint32_t Cy_SysClk_PiloGetTrim(void)
1150:Generated_Source\PSoC6\pdl\drivers/peripheral/sysclk/cy_sysclk.h **** {
1151:Generated_Source\PSoC6\pdl\drivers/peripheral/sysclk/cy_sysclk.h ****     return (_FLD2VAL(SRSS_CLK_PILO_CONFIG_PILO_FFREQ, SRSS_CLK_PILO_CONFIG));
ARM GAS  C:\Users\Finik\AppData\Local\Temp\ccXrCYub.s 			page 27


1152:Generated_Source\PSoC6\pdl\drivers/peripheral/sysclk/cy_sysclk.h **** }
1153:Generated_Source\PSoC6\pdl\drivers/peripheral/sysclk/cy_sysclk.h **** /** \} group_sysclk_pilo_funcs */
1154:Generated_Source\PSoC6\pdl\drivers/peripheral/sysclk/cy_sysclk.h **** 
1155:Generated_Source\PSoC6\pdl\drivers/peripheral/sysclk/cy_sysclk.h **** 
1156:Generated_Source\PSoC6\pdl\drivers/peripheral/sysclk/cy_sysclk.h **** /* ========================================================================== */
1157:Generated_Source\PSoC6\pdl\drivers/peripheral/sysclk/cy_sysclk.h **** /* ====================    CLOCK MEASUREMENT SECTION    ===================== */
1158:Generated_Source\PSoC6\pdl\drivers/peripheral/sysclk/cy_sysclk.h **** /* ========================================================================== */
1159:Generated_Source\PSoC6\pdl\drivers/peripheral/sysclk/cy_sysclk.h **** /**
1160:Generated_Source\PSoC6\pdl\drivers/peripheral/sysclk/cy_sysclk.h **** * \addtogroup group_sysclk_calclk_enums
1161:Generated_Source\PSoC6\pdl\drivers/peripheral/sysclk/cy_sysclk.h **** * \{
1162:Generated_Source\PSoC6\pdl\drivers/peripheral/sysclk/cy_sysclk.h **** */
1163:Generated_Source\PSoC6\pdl\drivers/peripheral/sysclk/cy_sysclk.h **** /** Defines all possible clock sources. */
1164:Generated_Source\PSoC6\pdl\drivers/peripheral/sysclk/cy_sysclk.h **** typedef enum
1165:Generated_Source\PSoC6\pdl\drivers/peripheral/sysclk/cy_sysclk.h **** {
1166:Generated_Source\PSoC6\pdl\drivers/peripheral/sysclk/cy_sysclk.h ****     CY_SYSCLK_MEAS_CLK_NC =            0U,
1167:Generated_Source\PSoC6\pdl\drivers/peripheral/sysclk/cy_sysclk.h ****     CY_SYSCLK_MEAS_CLK_ILO =           1U,
1168:Generated_Source\PSoC6\pdl\drivers/peripheral/sysclk/cy_sysclk.h ****     CY_SYSCLK_MEAS_CLK_WCO =           2U,
1169:Generated_Source\PSoC6\pdl\drivers/peripheral/sysclk/cy_sysclk.h ****     CY_SYSCLK_MEAS_CLK_BAK =           3U,
1170:Generated_Source\PSoC6\pdl\drivers/peripheral/sysclk/cy_sysclk.h ****     CY_SYSCLK_MEAS_CLK_ALTLF =         4U,
1171:Generated_Source\PSoC6\pdl\drivers/peripheral/sysclk/cy_sysclk.h ****     CY_SYSCLK_MEAS_CLK_LFCLK =         5U,
1172:Generated_Source\PSoC6\pdl\drivers/peripheral/sysclk/cy_sysclk.h ****     CY_SYSCLK_MEAS_CLK_IMO =           6U,
1173:Generated_Source\PSoC6\pdl\drivers/peripheral/sysclk/cy_sysclk.h ****     CY_SYSCLK_MEAS_CLK_PILO =          8U,
1174:Generated_Source\PSoC6\pdl\drivers/peripheral/sysclk/cy_sysclk.h ****     CY_SYSCLK_MEAS_CLK_FAST_CLKS =     0x100U,
1175:Generated_Source\PSoC6\pdl\drivers/peripheral/sysclk/cy_sysclk.h ****     CY_SYSCLK_MEAS_CLK_ECO =           0x101U,
1176:Generated_Source\PSoC6\pdl\drivers/peripheral/sysclk/cy_sysclk.h ****     CY_SYSCLK_MEAS_CLK_EXT =           0x102U,
1177:Generated_Source\PSoC6\pdl\drivers/peripheral/sysclk/cy_sysclk.h ****     CY_SYSCLK_MEAS_CLK_ALTHF =         0x103U,
1178:Generated_Source\PSoC6\pdl\drivers/peripheral/sysclk/cy_sysclk.h ****     CY_SYSCLK_MEAS_CLK_TIMERCLK =      0x104U,
1179:Generated_Source\PSoC6\pdl\drivers/peripheral/sysclk/cy_sysclk.h ****     CY_SYSCLK_MEAS_CLK_PATH_CLKS =     0x500U,
1180:Generated_Source\PSoC6\pdl\drivers/peripheral/sysclk/cy_sysclk.h ****     CY_SYSCLK_MEAS_CLK_PATH0 =         0x500U,
1181:Generated_Source\PSoC6\pdl\drivers/peripheral/sysclk/cy_sysclk.h ****     CY_SYSCLK_MEAS_CLK_PATH1 =         0x501U,
1182:Generated_Source\PSoC6\pdl\drivers/peripheral/sysclk/cy_sysclk.h ****     CY_SYSCLK_MEAS_CLK_PATH2 =         0x502U,
1183:Generated_Source\PSoC6\pdl\drivers/peripheral/sysclk/cy_sysclk.h ****     CY_SYSCLK_MEAS_CLK_PATH3 =         0x503U,
1184:Generated_Source\PSoC6\pdl\drivers/peripheral/sysclk/cy_sysclk.h ****     CY_SYSCLK_MEAS_CLK_PATH4 =         0x504U,
1185:Generated_Source\PSoC6\pdl\drivers/peripheral/sysclk/cy_sysclk.h ****     CY_SYSCLK_MEAS_CLK_PATH5 =         0x505U,
1186:Generated_Source\PSoC6\pdl\drivers/peripheral/sysclk/cy_sysclk.h ****     CY_SYSCLK_MEAS_CLK_PATH6 =         0x506U,
1187:Generated_Source\PSoC6\pdl\drivers/peripheral/sysclk/cy_sysclk.h ****     CY_SYSCLK_MEAS_CLK_PATH7 =         0x507U,
1188:Generated_Source\PSoC6\pdl\drivers/peripheral/sysclk/cy_sysclk.h ****     CY_SYSCLK_MEAS_CLK_PATH8 =         0x508U,
1189:Generated_Source\PSoC6\pdl\drivers/peripheral/sysclk/cy_sysclk.h ****     CY_SYSCLK_MEAS_CLK_PATH9 =         0x509U,
1190:Generated_Source\PSoC6\pdl\drivers/peripheral/sysclk/cy_sysclk.h ****     CY_SYSCLK_MEAS_CLK_PATH10 =        0x50AU,
1191:Generated_Source\PSoC6\pdl\drivers/peripheral/sysclk/cy_sysclk.h ****     CY_SYSCLK_MEAS_CLK_PATH11 =        0x50BU,
1192:Generated_Source\PSoC6\pdl\drivers/peripheral/sysclk/cy_sysclk.h ****     CY_SYSCLK_MEAS_CLK_PATH12 =        0x50CU,
1193:Generated_Source\PSoC6\pdl\drivers/peripheral/sysclk/cy_sysclk.h ****     CY_SYSCLK_MEAS_CLK_PATH13 =        0x50DU,
1194:Generated_Source\PSoC6\pdl\drivers/peripheral/sysclk/cy_sysclk.h ****     CY_SYSCLK_MEAS_CLK_PATH14 =        0x50EU,
1195:Generated_Source\PSoC6\pdl\drivers/peripheral/sysclk/cy_sysclk.h ****     CY_SYSCLK_MEAS_CLK_PATH15 =        0x50FU,
1196:Generated_Source\PSoC6\pdl\drivers/peripheral/sysclk/cy_sysclk.h ****     CY_SYSCLK_MEAS_CLK_CLKHFS =        0x600U,
1197:Generated_Source\PSoC6\pdl\drivers/peripheral/sysclk/cy_sysclk.h ****     CY_SYSCLK_MEAS_CLK_CLKHF0 =        0x600U,
1198:Generated_Source\PSoC6\pdl\drivers/peripheral/sysclk/cy_sysclk.h ****     CY_SYSCLK_MEAS_CLK_CLKHF1 =        0x601U,
1199:Generated_Source\PSoC6\pdl\drivers/peripheral/sysclk/cy_sysclk.h ****     CY_SYSCLK_MEAS_CLK_CLKHF2 =        0x602U,
1200:Generated_Source\PSoC6\pdl\drivers/peripheral/sysclk/cy_sysclk.h ****     CY_SYSCLK_MEAS_CLK_CLKHF3 =        0x603U,
1201:Generated_Source\PSoC6\pdl\drivers/peripheral/sysclk/cy_sysclk.h ****     CY_SYSCLK_MEAS_CLK_CLKHF4 =        0x604U,
1202:Generated_Source\PSoC6\pdl\drivers/peripheral/sysclk/cy_sysclk.h ****     CY_SYSCLK_MEAS_CLK_CLKHF5 =        0x605U,
1203:Generated_Source\PSoC6\pdl\drivers/peripheral/sysclk/cy_sysclk.h ****     CY_SYSCLK_MEAS_CLK_CLKHF6 =        0x606U,
1204:Generated_Source\PSoC6\pdl\drivers/peripheral/sysclk/cy_sysclk.h ****     CY_SYSCLK_MEAS_CLK_CLKHF7 =        0x607U,
1205:Generated_Source\PSoC6\pdl\drivers/peripheral/sysclk/cy_sysclk.h ****     CY_SYSCLK_MEAS_CLK_CLKHF8 =        0x608U,
1206:Generated_Source\PSoC6\pdl\drivers/peripheral/sysclk/cy_sysclk.h ****     CY_SYSCLK_MEAS_CLK_CLKHF9 =        0x609U,
1207:Generated_Source\PSoC6\pdl\drivers/peripheral/sysclk/cy_sysclk.h ****     CY_SYSCLK_MEAS_CLK_CLKHF10 =       0x60AU,
1208:Generated_Source\PSoC6\pdl\drivers/peripheral/sysclk/cy_sysclk.h ****     CY_SYSCLK_MEAS_CLK_CLKHF11 =       0x60BU,
ARM GAS  C:\Users\Finik\AppData\Local\Temp\ccXrCYub.s 			page 28


1209:Generated_Source\PSoC6\pdl\drivers/peripheral/sysclk/cy_sysclk.h ****     CY_SYSCLK_MEAS_CLK_CLKHF12 =       0x60CU,
1210:Generated_Source\PSoC6\pdl\drivers/peripheral/sysclk/cy_sysclk.h ****     CY_SYSCLK_MEAS_CLK_CLKHF13 =       0x60DU,
1211:Generated_Source\PSoC6\pdl\drivers/peripheral/sysclk/cy_sysclk.h ****     CY_SYSCLK_MEAS_CLK_CLKHF14 =       0x60EU,
1212:Generated_Source\PSoC6\pdl\drivers/peripheral/sysclk/cy_sysclk.h ****     CY_SYSCLK_MEAS_CLK_CLKHF15 =       0x60FU,
1213:Generated_Source\PSoC6\pdl\drivers/peripheral/sysclk/cy_sysclk.h ****     CY_SYSCLK_MEAS_CLK_LAST_CLK =      0x610U
1214:Generated_Source\PSoC6\pdl\drivers/peripheral/sysclk/cy_sysclk.h **** } cy_en_meas_clks_t;
1215:Generated_Source\PSoC6\pdl\drivers/peripheral/sysclk/cy_sysclk.h **** /** \} group_sysclk_calclk_enums */
1216:Generated_Source\PSoC6\pdl\drivers/peripheral/sysclk/cy_sysclk.h **** 
1217:Generated_Source\PSoC6\pdl\drivers/peripheral/sysclk/cy_sysclk.h **** /**
1218:Generated_Source\PSoC6\pdl\drivers/peripheral/sysclk/cy_sysclk.h **** * \addtogroup group_sysclk_calclk_funcs
1219:Generated_Source\PSoC6\pdl\drivers/peripheral/sysclk/cy_sysclk.h **** * \{
1220:Generated_Source\PSoC6\pdl\drivers/peripheral/sysclk/cy_sysclk.h **** */
1221:Generated_Source\PSoC6\pdl\drivers/peripheral/sysclk/cy_sysclk.h **** cy_en_sysclk_status_t Cy_SysClk_StartClkMeasurementCounters(cy_en_meas_clks_t clock1, uint32_t coun
1222:Generated_Source\PSoC6\pdl\drivers/peripheral/sysclk/cy_sysclk.h **** __STATIC_INLINE bool Cy_SysClk_ClkMeasurementCountersDone(void);
1223:Generated_Source\PSoC6\pdl\drivers/peripheral/sysclk/cy_sysclk.h **** uint32_t Cy_SysClk_ClkMeasurementCountersGetFreq(bool measuredClock, uint32_t refClkFreq);
1224:Generated_Source\PSoC6\pdl\drivers/peripheral/sysclk/cy_sysclk.h **** 
1225:Generated_Source\PSoC6\pdl\drivers/peripheral/sysclk/cy_sysclk.h **** /*******************************************************************************
1226:Generated_Source\PSoC6\pdl\drivers/peripheral/sysclk/cy_sysclk.h **** * Function Name: Cy_SysClk_ClkMeasurementCountersDone
1227:Generated_Source\PSoC6\pdl\drivers/peripheral/sysclk/cy_sysclk.h **** ****************************************************************************//**
1228:Generated_Source\PSoC6\pdl\drivers/peripheral/sysclk/cy_sysclk.h **** *
1229:Generated_Source\PSoC6\pdl\drivers/peripheral/sysclk/cy_sysclk.h **** * Checks if clock measurement counting is done, that is, counter1 has counted down
1230:Generated_Source\PSoC6\pdl\drivers/peripheral/sysclk/cy_sysclk.h **** * to zero. Call \ref Cy_SysClk_StartClkMeasurementCounters() before calling this function.
1231:Generated_Source\PSoC6\pdl\drivers/peripheral/sysclk/cy_sysclk.h **** *
1232:Generated_Source\PSoC6\pdl\drivers/peripheral/sysclk/cy_sysclk.h **** * \return Status of calibration counters:<br>
1233:Generated_Source\PSoC6\pdl\drivers/peripheral/sysclk/cy_sysclk.h **** * true = done<br>
1234:Generated_Source\PSoC6\pdl\drivers/peripheral/sysclk/cy_sysclk.h **** * false = not done
1235:Generated_Source\PSoC6\pdl\drivers/peripheral/sysclk/cy_sysclk.h **** *
1236:Generated_Source\PSoC6\pdl\drivers/peripheral/sysclk/cy_sysclk.h **** * \funcusage
1237:Generated_Source\PSoC6\pdl\drivers/peripheral/sysclk/cy_sysclk.h **** * Refer to the Cy_SysClk_StartClkMeasurementCounters() function usage.
1238:Generated_Source\PSoC6\pdl\drivers/peripheral/sysclk/cy_sysclk.h **** *
1239:Generated_Source\PSoC6\pdl\drivers/peripheral/sysclk/cy_sysclk.h **** *******************************************************************************/
1240:Generated_Source\PSoC6\pdl\drivers/peripheral/sysclk/cy_sysclk.h **** __STATIC_INLINE bool Cy_SysClk_ClkMeasurementCountersDone(void)
1241:Generated_Source\PSoC6\pdl\drivers/peripheral/sysclk/cy_sysclk.h **** {
1242:Generated_Source\PSoC6\pdl\drivers/peripheral/sysclk/cy_sysclk.h ****     return (_FLD2BOOL(SRSS_CLK_CAL_CNT1_CAL_COUNTER_DONE, SRSS_CLK_CAL_CNT1));
1243:Generated_Source\PSoC6\pdl\drivers/peripheral/sysclk/cy_sysclk.h **** }
1244:Generated_Source\PSoC6\pdl\drivers/peripheral/sysclk/cy_sysclk.h **** /** \} group_sysclk_calclk_funcs */
1245:Generated_Source\PSoC6\pdl\drivers/peripheral/sysclk/cy_sysclk.h **** 
1246:Generated_Source\PSoC6\pdl\drivers/peripheral/sysclk/cy_sysclk.h **** 
1247:Generated_Source\PSoC6\pdl\drivers/peripheral/sysclk/cy_sysclk.h **** /* ========================================================================== */
1248:Generated_Source\PSoC6\pdl\drivers/peripheral/sysclk/cy_sysclk.h **** /* ==========================    TRIM SECTION    ============================ */
1249:Generated_Source\PSoC6\pdl\drivers/peripheral/sysclk/cy_sysclk.h **** /* ========================================================================== */
1250:Generated_Source\PSoC6\pdl\drivers/peripheral/sysclk/cy_sysclk.h **** /**
1251:Generated_Source\PSoC6\pdl\drivers/peripheral/sysclk/cy_sysclk.h **** * \addtogroup group_sysclk_trim_funcs
1252:Generated_Source\PSoC6\pdl\drivers/peripheral/sysclk/cy_sysclk.h **** * \{
1253:Generated_Source\PSoC6\pdl\drivers/peripheral/sysclk/cy_sysclk.h **** */
1254:Generated_Source\PSoC6\pdl\drivers/peripheral/sysclk/cy_sysclk.h **** int32_t Cy_SysClk_IloTrim(uint32_t iloFreq);
1255:Generated_Source\PSoC6\pdl\drivers/peripheral/sysclk/cy_sysclk.h **** int32_t Cy_SysClk_PiloTrim(uint32_t piloFreq);
1256:Generated_Source\PSoC6\pdl\drivers/peripheral/sysclk/cy_sysclk.h **** /** \} group_sysclk_trim_funcs */
1257:Generated_Source\PSoC6\pdl\drivers/peripheral/sysclk/cy_sysclk.h **** 
1258:Generated_Source\PSoC6\pdl\drivers/peripheral/sysclk/cy_sysclk.h **** 
1259:Generated_Source\PSoC6\pdl\drivers/peripheral/sysclk/cy_sysclk.h **** /* ========================================================================== */
1260:Generated_Source\PSoC6\pdl\drivers/peripheral/sysclk/cy_sysclk.h **** /* ======================    POWER MANAGEMENT SECTION    ==================== */
1261:Generated_Source\PSoC6\pdl\drivers/peripheral/sysclk/cy_sysclk.h **** /* ========================================================================== */
1262:Generated_Source\PSoC6\pdl\drivers/peripheral/sysclk/cy_sysclk.h **** /**
1263:Generated_Source\PSoC6\pdl\drivers/peripheral/sysclk/cy_sysclk.h **** * \addtogroup group_sysclk_pm_funcs
1264:Generated_Source\PSoC6\pdl\drivers/peripheral/sysclk/cy_sysclk.h **** * \{
1265:Generated_Source\PSoC6\pdl\drivers/peripheral/sysclk/cy_sysclk.h **** */
ARM GAS  C:\Users\Finik\AppData\Local\Temp\ccXrCYub.s 			page 29


1266:Generated_Source\PSoC6\pdl\drivers/peripheral/sysclk/cy_sysclk.h **** cy_en_syspm_status_t Cy_SysClk_DeepSleepCallback(cy_stc_syspm_callback_params_t *callbackParams, cy
1267:Generated_Source\PSoC6\pdl\drivers/peripheral/sysclk/cy_sysclk.h **** /** \} group_sysclk_pm_funcs */
1268:Generated_Source\PSoC6\pdl\drivers/peripheral/sysclk/cy_sysclk.h **** 
1269:Generated_Source\PSoC6\pdl\drivers/peripheral/sysclk/cy_sysclk.h **** 
1270:Generated_Source\PSoC6\pdl\drivers/peripheral/sysclk/cy_sysclk.h **** /* ========================================================================== */
1271:Generated_Source\PSoC6\pdl\drivers/peripheral/sysclk/cy_sysclk.h **** /* ===========================    WCO SECTION    ============================ */
1272:Generated_Source\PSoC6\pdl\drivers/peripheral/sysclk/cy_sysclk.h **** /* ========================================================================== */
1273:Generated_Source\PSoC6\pdl\drivers/peripheral/sysclk/cy_sysclk.h **** /**
1274:Generated_Source\PSoC6\pdl\drivers/peripheral/sysclk/cy_sysclk.h **** * \addtogroup group_sysclk_wco_enums
1275:Generated_Source\PSoC6\pdl\drivers/peripheral/sysclk/cy_sysclk.h **** * \{
1276:Generated_Source\PSoC6\pdl\drivers/peripheral/sysclk/cy_sysclk.h **** */
1277:Generated_Source\PSoC6\pdl\drivers/peripheral/sysclk/cy_sysclk.h **** /** WCO bypass modes */
1278:Generated_Source\PSoC6\pdl\drivers/peripheral/sysclk/cy_sysclk.h **** typedef enum
1279:Generated_Source\PSoC6\pdl\drivers/peripheral/sysclk/cy_sysclk.h **** {
1280:Generated_Source\PSoC6\pdl\drivers/peripheral/sysclk/cy_sysclk.h ****     CY_SYSCLK_WCO_NOT_BYPASSED = 0u, /**< WCO is not bypassed crystal is used */
1281:Generated_Source\PSoC6\pdl\drivers/peripheral/sysclk/cy_sysclk.h ****     CY_SYSCLK_WCO_BYPASSED = 1U      /**< WCO is bypassed external clock must be supplied  on XTAL 
1282:Generated_Source\PSoC6\pdl\drivers/peripheral/sysclk/cy_sysclk.h **** } cy_en_wco_bypass_modes_t;
1283:Generated_Source\PSoC6\pdl\drivers/peripheral/sysclk/cy_sysclk.h **** 
1284:Generated_Source\PSoC6\pdl\drivers/peripheral/sysclk/cy_sysclk.h **** /** WCO CSV supervisor clock selections */
1285:Generated_Source\PSoC6\pdl\drivers/peripheral/sysclk/cy_sysclk.h **** typedef enum
1286:Generated_Source\PSoC6\pdl\drivers/peripheral/sysclk/cy_sysclk.h **** {
1287:Generated_Source\PSoC6\pdl\drivers/peripheral/sysclk/cy_sysclk.h ****     CY_SYSCLK_WCO_CSV_SUPERVISOR_ILO,   /**< WCO CSV supervisor clock source is the ILO */
1288:Generated_Source\PSoC6\pdl\drivers/peripheral/sysclk/cy_sysclk.h ****     CY_SYSCLK_WCO_CSV_SUPERVISOR_ALTLF, /**< WCO CSV supervisor clock source is the alternate low-f
1289:Generated_Source\PSoC6\pdl\drivers/peripheral/sysclk/cy_sysclk.h ****     CY_SYSCLK_WCO_CSV_SUPERVISOR_PILO   /**< WCO CSV supervisor clock source is the PILO */
1290:Generated_Source\PSoC6\pdl\drivers/peripheral/sysclk/cy_sysclk.h **** } cy_en_wco_csv_supervisor_clock_t;
1291:Generated_Source\PSoC6\pdl\drivers/peripheral/sysclk/cy_sysclk.h **** 
1292:Generated_Source\PSoC6\pdl\drivers/peripheral/sysclk/cy_sysclk.h **** /**
1293:Generated_Source\PSoC6\pdl\drivers/peripheral/sysclk/cy_sysclk.h **** * Clock supervisor clock loss window. There must be one clock of the supervised
1294:Generated_Source\PSoC6\pdl\drivers/peripheral/sysclk/cy_sysclk.h **** * clock within this many clocks of the supervising clock.
1295:Generated_Source\PSoC6\pdl\drivers/peripheral/sysclk/cy_sysclk.h **** * See registers CLK_CSV_HF_CTL and CLK_CSV_WCO_CTL, bitfield CSV_LOSS_WINDOW.
1296:Generated_Source\PSoC6\pdl\drivers/peripheral/sysclk/cy_sysclk.h **** */
1297:Generated_Source\PSoC6\pdl\drivers/peripheral/sysclk/cy_sysclk.h **** typedef enum
1298:Generated_Source\PSoC6\pdl\drivers/peripheral/sysclk/cy_sysclk.h **** {
1299:Generated_Source\PSoC6\pdl\drivers/peripheral/sysclk/cy_sysclk.h ****     CY_SYSCLK_CSV_LOSS_4_CYCLES =   0u, /**< 1 clock must be seen within 4 cycles of the supervisin
1300:Generated_Source\PSoC6\pdl\drivers/peripheral/sysclk/cy_sysclk.h ****     CY_SYSCLK_CSV_LOSS_8_CYCLES =   1U, /**< 1 clock must be seen within 8 cycles of the supervisin
1301:Generated_Source\PSoC6\pdl\drivers/peripheral/sysclk/cy_sysclk.h ****     CY_SYSCLK_CSV_LOSS_16_CYCLES =  2u, /**< 1 clock must be seen within 16 cycles of the supervisi
1302:Generated_Source\PSoC6\pdl\drivers/peripheral/sysclk/cy_sysclk.h ****     CY_SYSCLK_CSV_LOSS_32_CYCLES =  3u, /**< 1 clock must be seen within 32 cycles of the supervisi
1303:Generated_Source\PSoC6\pdl\drivers/peripheral/sysclk/cy_sysclk.h ****     CY_SYSCLK_CSV_LOSS_64_CYCLES =  4u, /**< 1 clock must be seen within 64 cycles of the supervisi
1304:Generated_Source\PSoC6\pdl\drivers/peripheral/sysclk/cy_sysclk.h ****     CY_SYSCLK_CSV_LOSS_128_CYCLES = 5u, /**< 1 clock must be seen within 128 cycles of the supervis
1305:Generated_Source\PSoC6\pdl\drivers/peripheral/sysclk/cy_sysclk.h ****     CY_SYSCLK_CSV_LOSS_256_CYCLES = 6u, /**< 1 clock must be seen within 256 cycles of the supervis
1306:Generated_Source\PSoC6\pdl\drivers/peripheral/sysclk/cy_sysclk.h ****     CY_SYSCLK_CSV_LOSS_512_CYCLES = 7u  /**< 1 clock must be seen within 512 cycles of the supervis
1307:Generated_Source\PSoC6\pdl\drivers/peripheral/sysclk/cy_sysclk.h **** } cy_en_csv_loss_window_t;
1308:Generated_Source\PSoC6\pdl\drivers/peripheral/sysclk/cy_sysclk.h **** 
1309:Generated_Source\PSoC6\pdl\drivers/peripheral/sysclk/cy_sysclk.h **** /**
1310:Generated_Source\PSoC6\pdl\drivers/peripheral/sysclk/cy_sysclk.h **** * Clock supervisor error actions. See register CLK_CSV_HF_CTL[CSV_FREQ_ACTION and CSV_LOSS_ACTION].
1311:Generated_Source\PSoC6\pdl\drivers/peripheral/sysclk/cy_sysclk.h **** */
1312:Generated_Source\PSoC6\pdl\drivers/peripheral/sysclk/cy_sysclk.h **** typedef enum
1313:Generated_Source\PSoC6\pdl\drivers/peripheral/sysclk/cy_sysclk.h **** {
1314:Generated_Source\PSoC6\pdl\drivers/peripheral/sysclk/cy_sysclk.h ****     CY_SYSCLK_CSV_ERROR_IGNORE = 0u,     /**< Ignore the error reported by the clock supervisor. */
1315:Generated_Source\PSoC6\pdl\drivers/peripheral/sysclk/cy_sysclk.h ****     CY_SYSCLK_CSV_ERROR_FAULT = 1U,      /**< Trigger a fault when an error is reported by the cloc
1316:Generated_Source\PSoC6\pdl\drivers/peripheral/sysclk/cy_sysclk.h ****     CY_SYSCLK_CSV_ERROR_RESET = 2u,      /**< Trigger a reset when an error is reported by the cloc
1317:Generated_Source\PSoC6\pdl\drivers/peripheral/sysclk/cy_sysclk.h ****     CY_SYSCLK_CSV_ERROR_FAULT_RESET = 3u /**< Trigger a fault then reset when an error is reported 
1318:Generated_Source\PSoC6\pdl\drivers/peripheral/sysclk/cy_sysclk.h **** } cy_en_csv_error_actions_t;
1319:Generated_Source\PSoC6\pdl\drivers/peripheral/sysclk/cy_sysclk.h **** /** \} group_sysclk_wco_enums */
1320:Generated_Source\PSoC6\pdl\drivers/peripheral/sysclk/cy_sysclk.h **** 
1321:Generated_Source\PSoC6\pdl\drivers/peripheral/sysclk/cy_sysclk.h **** /**
1322:Generated_Source\PSoC6\pdl\drivers/peripheral/sysclk/cy_sysclk.h **** * \addtogroup group_sysclk_wco_structs
ARM GAS  C:\Users\Finik\AppData\Local\Temp\ccXrCYub.s 			page 30


1323:Generated_Source\PSoC6\pdl\drivers/peripheral/sysclk/cy_sysclk.h **** * \{
1324:Generated_Source\PSoC6\pdl\drivers/peripheral/sysclk/cy_sysclk.h **** */
1325:Generated_Source\PSoC6\pdl\drivers/peripheral/sysclk/cy_sysclk.h **** /**
1326:Generated_Source\PSoC6\pdl\drivers/peripheral/sysclk/cy_sysclk.h **** * This structure is used to configure the clock supervisor for the WCO.
1327:Generated_Source\PSoC6\pdl\drivers/peripheral/sysclk/cy_sysclk.h **** */
1328:Generated_Source\PSoC6\pdl\drivers/peripheral/sysclk/cy_sysclk.h **** typedef struct
1329:Generated_Source\PSoC6\pdl\drivers/peripheral/sysclk/cy_sysclk.h **** {
1330:Generated_Source\PSoC6\pdl\drivers/peripheral/sysclk/cy_sysclk.h ****     cy_en_wco_csv_supervisor_clock_t supervisorClock; /**< supervisor clock selection */
1331:Generated_Source\PSoC6\pdl\drivers/peripheral/sysclk/cy_sysclk.h ****     bool enableLossDetection;                         /**< 1= enabled, 0= disabled. Note that if lo
1332:Generated_Source\PSoC6\pdl\drivers/peripheral/sysclk/cy_sysclk.h ****     cy_en_csv_loss_window_t lossWindow;               /**< \ref cy_en_csv_loss_window_t */
1333:Generated_Source\PSoC6\pdl\drivers/peripheral/sysclk/cy_sysclk.h ****     cy_en_csv_error_actions_t lossAction;             /**< \ref cy_en_csv_error_actions_t */
1334:Generated_Source\PSoC6\pdl\drivers/peripheral/sysclk/cy_sysclk.h **** } cy_stc_wco_csv_config_t;
1335:Generated_Source\PSoC6\pdl\drivers/peripheral/sysclk/cy_sysclk.h **** /** \} group_sysclk_wco_structs */
1336:Generated_Source\PSoC6\pdl\drivers/peripheral/sysclk/cy_sysclk.h **** 
1337:Generated_Source\PSoC6\pdl\drivers/peripheral/sysclk/cy_sysclk.h **** /**
1338:Generated_Source\PSoC6\pdl\drivers/peripheral/sysclk/cy_sysclk.h **** * \addtogroup group_sysclk_wco_funcs
1339:Generated_Source\PSoC6\pdl\drivers/peripheral/sysclk/cy_sysclk.h **** * \{
1340:Generated_Source\PSoC6\pdl\drivers/peripheral/sysclk/cy_sysclk.h **** */
1341:Generated_Source\PSoC6\pdl\drivers/peripheral/sysclk/cy_sysclk.h **** __STATIC_INLINE cy_en_sysclk_status_t Cy_SysClk_WcoEnable(uint32_t timeoutus);
1342:Generated_Source\PSoC6\pdl\drivers/peripheral/sysclk/cy_sysclk.h **** __STATIC_INLINE bool Cy_SysClk_WcoOkay(void);
1343:Generated_Source\PSoC6\pdl\drivers/peripheral/sysclk/cy_sysclk.h **** __STATIC_INLINE void Cy_SysClk_WcoDisable(void);
1344:Generated_Source\PSoC6\pdl\drivers/peripheral/sysclk/cy_sysclk.h **** __STATIC_INLINE void Cy_SysClk_WcoBypass(cy_en_wco_bypass_modes_t bypass);
1345:Generated_Source\PSoC6\pdl\drivers/peripheral/sysclk/cy_sysclk.h **** 
1346:Generated_Source\PSoC6\pdl\drivers/peripheral/sysclk/cy_sysclk.h **** 
1347:Generated_Source\PSoC6\pdl\drivers/peripheral/sysclk/cy_sysclk.h **** /*******************************************************************************
1348:Generated_Source\PSoC6\pdl\drivers/peripheral/sysclk/cy_sysclk.h **** * Function Name: Cy_SysClk_WcoEnable
1349:Generated_Source\PSoC6\pdl\drivers/peripheral/sysclk/cy_sysclk.h **** ****************************************************************************//**
1350:Generated_Source\PSoC6\pdl\drivers/peripheral/sysclk/cy_sysclk.h **** *
1351:Generated_Source\PSoC6\pdl\drivers/peripheral/sysclk/cy_sysclk.h **** * Enables the WCO.
1352:Generated_Source\PSoC6\pdl\drivers/peripheral/sysclk/cy_sysclk.h **** *
1353:Generated_Source\PSoC6\pdl\drivers/peripheral/sysclk/cy_sysclk.h **** * \param timeoutus amount of time in microseconds to wait for the WCO to be ready.
1354:Generated_Source\PSoC6\pdl\drivers/peripheral/sysclk/cy_sysclk.h **** * If WCO is not ready, WCO is stopped. To avoid waiting for WCO ready set this to 0,
1355:Generated_Source\PSoC6\pdl\drivers/peripheral/sysclk/cy_sysclk.h **** * and manually check if WCO is okay using \ref Cy_SysClk_WcoOkay.
1356:Generated_Source\PSoC6\pdl\drivers/peripheral/sysclk/cy_sysclk.h **** *
1357:Generated_Source\PSoC6\pdl\drivers/peripheral/sysclk/cy_sysclk.h **** * \return Error / status code:<br>
1358:Generated_Source\PSoC6\pdl\drivers/peripheral/sysclk/cy_sysclk.h **** * CY_SYSCLK_SUCCESS - WCO successfully enabled<br>
1359:Generated_Source\PSoC6\pdl\drivers/peripheral/sysclk/cy_sysclk.h **** * CY_SYSCLK_TIMEOUT - Timeout waiting for WCO to stabilize
1360:Generated_Source\PSoC6\pdl\drivers/peripheral/sysclk/cy_sysclk.h **** *
1361:Generated_Source\PSoC6\pdl\drivers/peripheral/sysclk/cy_sysclk.h **** * \funcusage
1362:Generated_Source\PSoC6\pdl\drivers/peripheral/sysclk/cy_sysclk.h **** * \snippet sysclk/2.0/snippet/main.c snippet_Cy_SysClk_WcoEnable
1363:Generated_Source\PSoC6\pdl\drivers/peripheral/sysclk/cy_sysclk.h **** *
1364:Generated_Source\PSoC6\pdl\drivers/peripheral/sysclk/cy_sysclk.h **** *******************************************************************************/
1365:Generated_Source\PSoC6\pdl\drivers/peripheral/sysclk/cy_sysclk.h **** __STATIC_INLINE cy_en_sysclk_status_t Cy_SysClk_WcoEnable(uint32_t timeoutus)
1366:Generated_Source\PSoC6\pdl\drivers/peripheral/sysclk/cy_sysclk.h **** {
1367:Generated_Source\PSoC6\pdl\drivers/peripheral/sysclk/cy_sysclk.h ****     cy_en_sysclk_status_t rtnval = CY_SYSCLK_TIMEOUT;
1368:Generated_Source\PSoC6\pdl\drivers/peripheral/sysclk/cy_sysclk.h **** 
1369:Generated_Source\PSoC6\pdl\drivers/peripheral/sysclk/cy_sysclk.h ****     /* first set the WCO enable bit */
1370:Generated_Source\PSoC6\pdl\drivers/peripheral/sysclk/cy_sysclk.h ****     BACKUP_CTL |= BACKUP_CTL_WCO_EN_Msk;
1371:Generated_Source\PSoC6\pdl\drivers/peripheral/sysclk/cy_sysclk.h **** 
1372:Generated_Source\PSoC6\pdl\drivers/peripheral/sysclk/cy_sysclk.h ****     /* now do the timeout wait for STATUS, bit WCO_OK */
1373:Generated_Source\PSoC6\pdl\drivers/peripheral/sysclk/cy_sysclk.h ****     for (; (Cy_SysClk_WcoOkay() == false) && (0UL != timeoutus); timeoutus--)
1374:Generated_Source\PSoC6\pdl\drivers/peripheral/sysclk/cy_sysclk.h ****     {
1375:Generated_Source\PSoC6\pdl\drivers/peripheral/sysclk/cy_sysclk.h ****         Cy_SysLib_DelayUs(1U);
1376:Generated_Source\PSoC6\pdl\drivers/peripheral/sysclk/cy_sysclk.h ****     }
1377:Generated_Source\PSoC6\pdl\drivers/peripheral/sysclk/cy_sysclk.h ****     if (0UL != timeoutus)
1378:Generated_Source\PSoC6\pdl\drivers/peripheral/sysclk/cy_sysclk.h ****     {
1379:Generated_Source\PSoC6\pdl\drivers/peripheral/sysclk/cy_sysclk.h ****         rtnval = CY_SYSCLK_SUCCESS;
ARM GAS  C:\Users\Finik\AppData\Local\Temp\ccXrCYub.s 			page 31


1380:Generated_Source\PSoC6\pdl\drivers/peripheral/sysclk/cy_sysclk.h ****     }
1381:Generated_Source\PSoC6\pdl\drivers/peripheral/sysclk/cy_sysclk.h **** 
1382:Generated_Source\PSoC6\pdl\drivers/peripheral/sysclk/cy_sysclk.h ****     return (rtnval);
1383:Generated_Source\PSoC6\pdl\drivers/peripheral/sysclk/cy_sysclk.h **** }
1384:Generated_Source\PSoC6\pdl\drivers/peripheral/sysclk/cy_sysclk.h **** 
1385:Generated_Source\PSoC6\pdl\drivers/peripheral/sysclk/cy_sysclk.h **** /*******************************************************************************
1386:Generated_Source\PSoC6\pdl\drivers/peripheral/sysclk/cy_sysclk.h **** * Function Name: Cy_SysClk_WcoOkay
1387:Generated_Source\PSoC6\pdl\drivers/peripheral/sysclk/cy_sysclk.h **** ****************************************************************************//**
1388:Generated_Source\PSoC6\pdl\drivers/peripheral/sysclk/cy_sysclk.h **** *
1389:Generated_Source\PSoC6\pdl\drivers/peripheral/sysclk/cy_sysclk.h **** * Reports the status of the WCO_OK bit.
1390:Generated_Source\PSoC6\pdl\drivers/peripheral/sysclk/cy_sysclk.h **** *
1391:Generated_Source\PSoC6\pdl\drivers/peripheral/sysclk/cy_sysclk.h **** * \return 
1392:Generated_Source\PSoC6\pdl\drivers/peripheral/sysclk/cy_sysclk.h **** * true = okay<br>
1393:Generated_Source\PSoC6\pdl\drivers/peripheral/sysclk/cy_sysclk.h **** * false = not okay
1394:Generated_Source\PSoC6\pdl\drivers/peripheral/sysclk/cy_sysclk.h **** *
1395:Generated_Source\PSoC6\pdl\drivers/peripheral/sysclk/cy_sysclk.h **** * \funcusage
1396:Generated_Source\PSoC6\pdl\drivers/peripheral/sysclk/cy_sysclk.h **** * \snippet sysclk/2.0/snippet/main.c snippet_Cy_SysClk_WcoOkay
1397:Generated_Source\PSoC6\pdl\drivers/peripheral/sysclk/cy_sysclk.h **** *
1398:Generated_Source\PSoC6\pdl\drivers/peripheral/sysclk/cy_sysclk.h **** *******************************************************************************/
1399:Generated_Source\PSoC6\pdl\drivers/peripheral/sysclk/cy_sysclk.h **** __STATIC_INLINE bool Cy_SysClk_WcoOkay(void)
1400:Generated_Source\PSoC6\pdl\drivers/peripheral/sysclk/cy_sysclk.h **** {
1401:Generated_Source\PSoC6\pdl\drivers/peripheral/sysclk/cy_sysclk.h ****     return (_FLD2BOOL(BACKUP_STATUS_WCO_OK, BACKUP_STATUS));
1402:Generated_Source\PSoC6\pdl\drivers/peripheral/sysclk/cy_sysclk.h **** }
1403:Generated_Source\PSoC6\pdl\drivers/peripheral/sysclk/cy_sysclk.h **** 
1404:Generated_Source\PSoC6\pdl\drivers/peripheral/sysclk/cy_sysclk.h **** /*******************************************************************************
1405:Generated_Source\PSoC6\pdl\drivers/peripheral/sysclk/cy_sysclk.h **** * Function Name: Cy_SysClk_WcoDisable
1406:Generated_Source\PSoC6\pdl\drivers/peripheral/sysclk/cy_sysclk.h **** ****************************************************************************//**
1407:Generated_Source\PSoC6\pdl\drivers/peripheral/sysclk/cy_sysclk.h **** *
1408:Generated_Source\PSoC6\pdl\drivers/peripheral/sysclk/cy_sysclk.h **** * Disables the WCO.
1409:Generated_Source\PSoC6\pdl\drivers/peripheral/sysclk/cy_sysclk.h **** *
1410:Generated_Source\PSoC6\pdl\drivers/peripheral/sysclk/cy_sysclk.h **** * \funcusage
1411:Generated_Source\PSoC6\pdl\drivers/peripheral/sysclk/cy_sysclk.h **** * \snippet sysclk/2.0/snippet/main.c snippet_Cy_SysClk_WcoDisable
1412:Generated_Source\PSoC6\pdl\drivers/peripheral/sysclk/cy_sysclk.h **** *
1413:Generated_Source\PSoC6\pdl\drivers/peripheral/sysclk/cy_sysclk.h **** *******************************************************************************/
1414:Generated_Source\PSoC6\pdl\drivers/peripheral/sysclk/cy_sysclk.h **** __STATIC_INLINE void Cy_SysClk_WcoDisable(void)
1415:Generated_Source\PSoC6\pdl\drivers/peripheral/sysclk/cy_sysclk.h **** {
1416:Generated_Source\PSoC6\pdl\drivers/peripheral/sysclk/cy_sysclk.h ****     BACKUP_CTL &= (uint32_t)~BACKUP_CTL_WCO_EN_Msk;
1417:Generated_Source\PSoC6\pdl\drivers/peripheral/sysclk/cy_sysclk.h **** }
1418:Generated_Source\PSoC6\pdl\drivers/peripheral/sysclk/cy_sysclk.h **** 
1419:Generated_Source\PSoC6\pdl\drivers/peripheral/sysclk/cy_sysclk.h **** /*******************************************************************************
1420:Generated_Source\PSoC6\pdl\drivers/peripheral/sysclk/cy_sysclk.h **** * Function Name: Cy_SysClk_WcoBypass
1421:Generated_Source\PSoC6\pdl\drivers/peripheral/sysclk/cy_sysclk.h **** ****************************************************************************//**
1422:Generated_Source\PSoC6\pdl\drivers/peripheral/sysclk/cy_sysclk.h **** *
1423:Generated_Source\PSoC6\pdl\drivers/peripheral/sysclk/cy_sysclk.h **** * Sets whether the WCO is bypassed or not. If it is bypassed, then a 32-kHz clock
1424:Generated_Source\PSoC6\pdl\drivers/peripheral/sysclk/cy_sysclk.h **** * must be provided on the wco_out pin.
1425:Generated_Source\PSoC6\pdl\drivers/peripheral/sysclk/cy_sysclk.h **** *
1426:Generated_Source\PSoC6\pdl\drivers/peripheral/sysclk/cy_sysclk.h **** * \param bypass \ref cy_en_wco_bypass_modes_t
1427:Generated_Source\PSoC6\pdl\drivers/peripheral/sysclk/cy_sysclk.h **** *
1428:Generated_Source\PSoC6\pdl\drivers/peripheral/sysclk/cy_sysclk.h **** * \funcusage
1429:Generated_Source\PSoC6\pdl\drivers/peripheral/sysclk/cy_sysclk.h **** * \snippet sysclk/2.0/snippet/main.c snippet_Cy_SysClk_WcoBypass
1430:Generated_Source\PSoC6\pdl\drivers/peripheral/sysclk/cy_sysclk.h **** *
1431:Generated_Source\PSoC6\pdl\drivers/peripheral/sysclk/cy_sysclk.h **** *******************************************************************************/
1432:Generated_Source\PSoC6\pdl\drivers/peripheral/sysclk/cy_sysclk.h **** __STATIC_INLINE void Cy_SysClk_WcoBypass(cy_en_wco_bypass_modes_t bypass)
1433:Generated_Source\PSoC6\pdl\drivers/peripheral/sysclk/cy_sysclk.h **** {
1434:Generated_Source\PSoC6\pdl\drivers/peripheral/sysclk/cy_sysclk.h ****     CY_REG32_CLR_SET(BACKUP_CTL, BACKUP_CTL_WCO_BYPASS, bypass);
1435:Generated_Source\PSoC6\pdl\drivers/peripheral/sysclk/cy_sysclk.h **** }
1436:Generated_Source\PSoC6\pdl\drivers/peripheral/sysclk/cy_sysclk.h **** /** \} group_sysclk_wco_funcs */
ARM GAS  C:\Users\Finik\AppData\Local\Temp\ccXrCYub.s 			page 32


1437:Generated_Source\PSoC6\pdl\drivers/peripheral/sysclk/cy_sysclk.h **** 
1438:Generated_Source\PSoC6\pdl\drivers/peripheral/sysclk/cy_sysclk.h **** 
1439:Generated_Source\PSoC6\pdl\drivers/peripheral/sysclk/cy_sysclk.h **** /* ========================================================================== */
1440:Generated_Source\PSoC6\pdl\drivers/peripheral/sysclk/cy_sysclk.h **** /* =========================    clkHf[n] SECTION    ========================= */
1441:Generated_Source\PSoC6\pdl\drivers/peripheral/sysclk/cy_sysclk.h **** /* ========================================================================== */
1442:Generated_Source\PSoC6\pdl\drivers/peripheral/sysclk/cy_sysclk.h **** /**
1443:Generated_Source\PSoC6\pdl\drivers/peripheral/sysclk/cy_sysclk.h **** * \addtogroup group_sysclk_clk_hf_enums
1444:Generated_Source\PSoC6\pdl\drivers/peripheral/sysclk/cy_sysclk.h **** * \{
1445:Generated_Source\PSoC6\pdl\drivers/peripheral/sysclk/cy_sysclk.h **** */
1446:Generated_Source\PSoC6\pdl\drivers/peripheral/sysclk/cy_sysclk.h **** /**
1447:Generated_Source\PSoC6\pdl\drivers/peripheral/sysclk/cy_sysclk.h **** * Selects which clkHf input, or root mux, to configure.
1448:Generated_Source\PSoC6\pdl\drivers/peripheral/sysclk/cy_sysclk.h **** * See CLK_ROOT_SELECT registers, bits ROOT_MUX.
1449:Generated_Source\PSoC6\pdl\drivers/peripheral/sysclk/cy_sysclk.h **** * Used with functions \ref Cy_SysClk_ClkHfSetSource and \ref Cy_SysClk_ClkHfGetSource.
1450:Generated_Source\PSoC6\pdl\drivers/peripheral/sysclk/cy_sysclk.h **** */
1451:Generated_Source\PSoC6\pdl\drivers/peripheral/sysclk/cy_sysclk.h **** typedef enum
1452:Generated_Source\PSoC6\pdl\drivers/peripheral/sysclk/cy_sysclk.h **** {
1453:Generated_Source\PSoC6\pdl\drivers/peripheral/sysclk/cy_sysclk.h ****     CY_SYSCLK_CLKHF_IN_CLKPATH0  = 0U,  /**< clkHf input is Clock Path 0 */
1454:Generated_Source\PSoC6\pdl\drivers/peripheral/sysclk/cy_sysclk.h ****     CY_SYSCLK_CLKHF_IN_CLKPATH1  = 1U,  /**< clkHf input is Clock Path 1 */
1455:Generated_Source\PSoC6\pdl\drivers/peripheral/sysclk/cy_sysclk.h ****     CY_SYSCLK_CLKHF_IN_CLKPATH2  = 2U,  /**< clkHf input is Clock Path 2 */
1456:Generated_Source\PSoC6\pdl\drivers/peripheral/sysclk/cy_sysclk.h ****     CY_SYSCLK_CLKHF_IN_CLKPATH3  = 3U,  /**< clkHf input is Clock Path 3 */
1457:Generated_Source\PSoC6\pdl\drivers/peripheral/sysclk/cy_sysclk.h ****     CY_SYSCLK_CLKHF_IN_CLKPATH4  = 4U,  /**< clkHf input is Clock Path 4 */
1458:Generated_Source\PSoC6\pdl\drivers/peripheral/sysclk/cy_sysclk.h ****     CY_SYSCLK_CLKHF_IN_CLKPATH5  = 5U,  /**< clkHf input is Clock Path 5 */
1459:Generated_Source\PSoC6\pdl\drivers/peripheral/sysclk/cy_sysclk.h ****     CY_SYSCLK_CLKHF_IN_CLKPATH6  = 6U,  /**< clkHf input is Clock Path 6 */
1460:Generated_Source\PSoC6\pdl\drivers/peripheral/sysclk/cy_sysclk.h ****     CY_SYSCLK_CLKHF_IN_CLKPATH7  = 7U,  /**< clkHf input is Clock Path 7 */
1461:Generated_Source\PSoC6\pdl\drivers/peripheral/sysclk/cy_sysclk.h ****     CY_SYSCLK_CLKHF_IN_CLKPATH8  = 8U,  /**< clkHf input is Clock Path 8 */
1462:Generated_Source\PSoC6\pdl\drivers/peripheral/sysclk/cy_sysclk.h ****     CY_SYSCLK_CLKHF_IN_CLKPATH9  = 9U,  /**< clkHf input is Clock Path 9 */
1463:Generated_Source\PSoC6\pdl\drivers/peripheral/sysclk/cy_sysclk.h ****     CY_SYSCLK_CLKHF_IN_CLKPATH10 = 10U, /**< clkHf input is Clock Path 10 */
1464:Generated_Source\PSoC6\pdl\drivers/peripheral/sysclk/cy_sysclk.h ****     CY_SYSCLK_CLKHF_IN_CLKPATH11 = 11U, /**< clkHf input is Clock Path 11 */
1465:Generated_Source\PSoC6\pdl\drivers/peripheral/sysclk/cy_sysclk.h ****     CY_SYSCLK_CLKHF_IN_CLKPATH12 = 12U, /**< clkHf input is Clock Path 12 */
1466:Generated_Source\PSoC6\pdl\drivers/peripheral/sysclk/cy_sysclk.h ****     CY_SYSCLK_CLKHF_IN_CLKPATH13 = 13U, /**< clkHf input is Clock Path 13 */
1467:Generated_Source\PSoC6\pdl\drivers/peripheral/sysclk/cy_sysclk.h ****     CY_SYSCLK_CLKHF_IN_CLKPATH14 = 14U, /**< clkHf input is Clock Path 14 */
1468:Generated_Source\PSoC6\pdl\drivers/peripheral/sysclk/cy_sysclk.h ****     CY_SYSCLK_CLKHF_IN_CLKPATH15 = 15U, /**< clkHf input is Clock Path 15 */
1469:Generated_Source\PSoC6\pdl\drivers/peripheral/sysclk/cy_sysclk.h **** } cy_en_clkhf_in_sources_t;
1470:Generated_Source\PSoC6\pdl\drivers/peripheral/sysclk/cy_sysclk.h **** 
1471:Generated_Source\PSoC6\pdl\drivers/peripheral/sysclk/cy_sysclk.h **** 
1472:Generated_Source\PSoC6\pdl\drivers/peripheral/sysclk/cy_sysclk.h **** /**
1473:Generated_Source\PSoC6\pdl\drivers/peripheral/sysclk/cy_sysclk.h **** * clkHf divider values. See CLK_ROOT_SELECT registers, bits ROOT_DIV.
1474:Generated_Source\PSoC6\pdl\drivers/peripheral/sysclk/cy_sysclk.h **** * Used with functions \ref Cy_SysClk_ClkHfSetDivider and \ref Cy_SysClk_ClkHfGetDivider.
1475:Generated_Source\PSoC6\pdl\drivers/peripheral/sysclk/cy_sysclk.h **** */
1476:Generated_Source\PSoC6\pdl\drivers/peripheral/sysclk/cy_sysclk.h **** typedef enum
1477:Generated_Source\PSoC6\pdl\drivers/peripheral/sysclk/cy_sysclk.h **** {
1478:Generated_Source\PSoC6\pdl\drivers/peripheral/sysclk/cy_sysclk.h ****     CY_SYSCLK_CLKHF_NO_DIVIDE   = 0U,    /**< don't divide clkHf. */
1479:Generated_Source\PSoC6\pdl\drivers/peripheral/sysclk/cy_sysclk.h ****     CY_SYSCLK_CLKHF_DIVIDE_BY_2 = 1U,    /**< divide clkHf by 2 */
1480:Generated_Source\PSoC6\pdl\drivers/peripheral/sysclk/cy_sysclk.h ****     CY_SYSCLK_CLKHF_DIVIDE_BY_4 = 2U,    /**< divide clkHf by 4 */
1481:Generated_Source\PSoC6\pdl\drivers/peripheral/sysclk/cy_sysclk.h ****     CY_SYSCLK_CLKHF_DIVIDE_BY_8 = 3U     /**< divide clkHf by 8 */
1482:Generated_Source\PSoC6\pdl\drivers/peripheral/sysclk/cy_sysclk.h **** } cy_en_clkhf_dividers_t;
1483:Generated_Source\PSoC6\pdl\drivers/peripheral/sysclk/cy_sysclk.h **** 
1484:Generated_Source\PSoC6\pdl\drivers/peripheral/sysclk/cy_sysclk.h **** /**
1485:Generated_Source\PSoC6\pdl\drivers/peripheral/sysclk/cy_sysclk.h **** * clkHf clock supervisor input sources. See register CLK_CSV_HF_CTL[CSV_MUX].
1486:Generated_Source\PSoC6\pdl\drivers/peripheral/sysclk/cy_sysclk.h **** */
1487:Generated_Source\PSoC6\pdl\drivers/peripheral/sysclk/cy_sysclk.h **** typedef enum
1488:Generated_Source\PSoC6\pdl\drivers/peripheral/sysclk/cy_sysclk.h **** {
1489:Generated_Source\PSoC6\pdl\drivers/peripheral/sysclk/cy_sysclk.h ****     CY_SYSCLK_CLKHF_CSV_SUPERVISOR_IMO   = 0U,  /**< Supervising clock is the IMO. */
1490:Generated_Source\PSoC6\pdl\drivers/peripheral/sysclk/cy_sysclk.h ****     CY_SYSCLK_CLKHF_CSV_SUPERVISOR_EXT   = 1U,  /**< Supervising clock is the external clock */
1491:Generated_Source\PSoC6\pdl\drivers/peripheral/sysclk/cy_sysclk.h ****     CY_SYSCLK_CLKHF_CSV_SUPERVISOR_ALTHF = 2U   /**< Supervising clock is clk_althf */
1492:Generated_Source\PSoC6\pdl\drivers/peripheral/sysclk/cy_sysclk.h **** } cy_en_clkhf_csv_supervisor_clock_t;
1493:Generated_Source\PSoC6\pdl\drivers/peripheral/sysclk/cy_sysclk.h **** /** \} group_sysclk_clk_hf_enums */
ARM GAS  C:\Users\Finik\AppData\Local\Temp\ccXrCYub.s 			page 33


1494:Generated_Source\PSoC6\pdl\drivers/peripheral/sysclk/cy_sysclk.h **** 
1495:Generated_Source\PSoC6\pdl\drivers/peripheral/sysclk/cy_sysclk.h **** /**
1496:Generated_Source\PSoC6\pdl\drivers/peripheral/sysclk/cy_sysclk.h **** * \addtogroup group_sysclk_clk_hf_structs
1497:Generated_Source\PSoC6\pdl\drivers/peripheral/sysclk/cy_sysclk.h **** * \{SupervisingWindow
1498:Generated_Source\PSoC6\pdl\drivers/peripheral/sysclk/cy_sysclk.h **** */
1499:Generated_Source\PSoC6\pdl\drivers/peripheral/sysclk/cy_sysclk.h **** /**
1500:Generated_Source\PSoC6\pdl\drivers/peripheral/sysclk/cy_sysclk.h **** * This structure is used to configure the clock supervisor for clkHf.
1501:Generated_Source\PSoC6\pdl\drivers/peripheral/sysclk/cy_sysclk.h **** */
1502:Generated_Source\PSoC6\pdl\drivers/peripheral/sysclk/cy_sysclk.h **** typedef struct
1503:Generated_Source\PSoC6\pdl\drivers/peripheral/sysclk/cy_sysclk.h **** {
1504:Generated_Source\PSoC6\pdl\drivers/peripheral/sysclk/cy_sysclk.h ****     cy_en_clkhf_csv_supervisor_clock_t supervisorClock; /**< \ref cy_en_clkhf_csv_supervisor_clock_
1505:Generated_Source\PSoC6\pdl\drivers/peripheral/sysclk/cy_sysclk.h ****     uint16_t supervisingWindow;                         /**< Number of supervising clock cycles */
1506:Generated_Source\PSoC6\pdl\drivers/peripheral/sysclk/cy_sysclk.h ****     bool enableFrequencyFaultDetection;                 /**< 1= enabled, 0= disabled */
1507:Generated_Source\PSoC6\pdl\drivers/peripheral/sysclk/cy_sysclk.h ****     uint16_t frequencyLowerLimit;                       /**< Lowest frequency in kHz that supervise
1508:Generated_Source\PSoC6\pdl\drivers/peripheral/sysclk/cy_sysclk.h ****     uint16_t frequencyUpperLimit;                       /**< Highest frequency in kHz that supervis
1509:Generated_Source\PSoC6\pdl\drivers/peripheral/sysclk/cy_sysclk.h ****     cy_en_csv_error_actions_t frequencyAction;          /**< \ref cy_en_csv_error_actions_t */
1510:Generated_Source\PSoC6\pdl\drivers/peripheral/sysclk/cy_sysclk.h ****     bool enableLossDetection;                           /**< 1= enabled, 0= disabled */
1511:Generated_Source\PSoC6\pdl\drivers/peripheral/sysclk/cy_sysclk.h ****     cy_en_csv_loss_window_t lossWindow;                 /**< \ref cy_en_csv_loss_window_t */
1512:Generated_Source\PSoC6\pdl\drivers/peripheral/sysclk/cy_sysclk.h ****     cy_en_csv_error_actions_t lossAction;               /**< \ref cy_en_csv_error_actions_t */
1513:Generated_Source\PSoC6\pdl\drivers/peripheral/sysclk/cy_sysclk.h **** } cy_stc_clkhf_csv_config_t;
1514:Generated_Source\PSoC6\pdl\drivers/peripheral/sysclk/cy_sysclk.h **** /** \} group_sysclk_clk_hf_structs */
1515:Generated_Source\PSoC6\pdl\drivers/peripheral/sysclk/cy_sysclk.h **** 
1516:Generated_Source\PSoC6\pdl\drivers/peripheral/sysclk/cy_sysclk.h **** /**
1517:Generated_Source\PSoC6\pdl\drivers/peripheral/sysclk/cy_sysclk.h **** * \addtogroup group_sysclk_clk_hf_funcs
1518:Generated_Source\PSoC6\pdl\drivers/peripheral/sysclk/cy_sysclk.h **** * \{
1519:Generated_Source\PSoC6\pdl\drivers/peripheral/sysclk/cy_sysclk.h **** */
1520:Generated_Source\PSoC6\pdl\drivers/peripheral/sysclk/cy_sysclk.h **** __STATIC_INLINE cy_en_sysclk_status_t Cy_SysClk_ClkHfEnable(uint32_t clkHf);
1521:Generated_Source\PSoC6\pdl\drivers/peripheral/sysclk/cy_sysclk.h **** __STATIC_INLINE cy_en_sysclk_status_t Cy_SysClk_ClkHfDisable(uint32_t clkHf);
1522:Generated_Source\PSoC6\pdl\drivers/peripheral/sysclk/cy_sysclk.h **** __STATIC_INLINE cy_en_sysclk_status_t Cy_SysClk_ClkHfSetSource(uint32_t clkHf, cy_en_clkhf_in_sourc
1523:Generated_Source\PSoC6\pdl\drivers/peripheral/sysclk/cy_sysclk.h **** __STATIC_INLINE cy_en_clkhf_in_sources_t Cy_SysClk_ClkHfGetSource(uint32_t clkHf);
1524:Generated_Source\PSoC6\pdl\drivers/peripheral/sysclk/cy_sysclk.h **** __STATIC_INLINE cy_en_sysclk_status_t Cy_SysClk_ClkHfSetDivider(uint32_t clkHf, cy_en_clkhf_divider
1525:Generated_Source\PSoC6\pdl\drivers/peripheral/sysclk/cy_sysclk.h **** __STATIC_INLINE cy_en_clkhf_dividers_t Cy_SysClk_ClkHfGetDivider(uint32_t clkHf);
1526:Generated_Source\PSoC6\pdl\drivers/peripheral/sysclk/cy_sysclk.h **** 
1527:Generated_Source\PSoC6\pdl\drivers/peripheral/sysclk/cy_sysclk.h **** 
1528:Generated_Source\PSoC6\pdl\drivers/peripheral/sysclk/cy_sysclk.h **** /*******************************************************************************
1529:Generated_Source\PSoC6\pdl\drivers/peripheral/sysclk/cy_sysclk.h **** * Function Name: Cy_SysClk_ClkHfEnable
1530:Generated_Source\PSoC6\pdl\drivers/peripheral/sysclk/cy_sysclk.h **** ****************************************************************************//**
1531:Generated_Source\PSoC6\pdl\drivers/peripheral/sysclk/cy_sysclk.h **** *
1532:Generated_Source\PSoC6\pdl\drivers/peripheral/sysclk/cy_sysclk.h **** * Enables the selected clkHf.
1533:Generated_Source\PSoC6\pdl\drivers/peripheral/sysclk/cy_sysclk.h **** *
1534:Generated_Source\PSoC6\pdl\drivers/peripheral/sysclk/cy_sysclk.h **** * \param clkHf Selects which clkHf to enable.
1535:Generated_Source\PSoC6\pdl\drivers/peripheral/sysclk/cy_sysclk.h **** *
1536:Generated_Source\PSoC6\pdl\drivers/peripheral/sysclk/cy_sysclk.h **** * \return \ref cy_en_sysclk_status_t
1537:Generated_Source\PSoC6\pdl\drivers/peripheral/sysclk/cy_sysclk.h **** *
1538:Generated_Source\PSoC6\pdl\drivers/peripheral/sysclk/cy_sysclk.h **** * \funcusage
1539:Generated_Source\PSoC6\pdl\drivers/peripheral/sysclk/cy_sysclk.h **** * \snippet sysclk/2.0/snippet/main.c snippet_Cy_SysClk_ClkHfEnable
1540:Generated_Source\PSoC6\pdl\drivers/peripheral/sysclk/cy_sysclk.h **** *
1541:Generated_Source\PSoC6\pdl\drivers/peripheral/sysclk/cy_sysclk.h **** *******************************************************************************/
1542:Generated_Source\PSoC6\pdl\drivers/peripheral/sysclk/cy_sysclk.h **** __STATIC_INLINE cy_en_sysclk_status_t Cy_SysClk_ClkHfEnable(uint32_t clkHf)
1543:Generated_Source\PSoC6\pdl\drivers/peripheral/sysclk/cy_sysclk.h **** {
1544:Generated_Source\PSoC6\pdl\drivers/peripheral/sysclk/cy_sysclk.h ****     cy_en_sysclk_status_t retVal = CY_SYSCLK_BAD_PARAM;
1545:Generated_Source\PSoC6\pdl\drivers/peripheral/sysclk/cy_sysclk.h ****     if (clkHf < CY_SRSS_NUM_HFROOT)
1546:Generated_Source\PSoC6\pdl\drivers/peripheral/sysclk/cy_sysclk.h ****     {
1547:Generated_Source\PSoC6\pdl\drivers/peripheral/sysclk/cy_sysclk.h ****         SRSS_CLK_ROOT_SELECT[clkHf] |= SRSS_CLK_ROOT_SELECT_ENABLE_Msk;
1548:Generated_Source\PSoC6\pdl\drivers/peripheral/sysclk/cy_sysclk.h ****         retVal = CY_SYSCLK_SUCCESS;
1549:Generated_Source\PSoC6\pdl\drivers/peripheral/sysclk/cy_sysclk.h ****     }
1550:Generated_Source\PSoC6\pdl\drivers/peripheral/sysclk/cy_sysclk.h ****     return (retVal);
ARM GAS  C:\Users\Finik\AppData\Local\Temp\ccXrCYub.s 			page 34


1551:Generated_Source\PSoC6\pdl\drivers/peripheral/sysclk/cy_sysclk.h **** }
1552:Generated_Source\PSoC6\pdl\drivers/peripheral/sysclk/cy_sysclk.h **** 
1553:Generated_Source\PSoC6\pdl\drivers/peripheral/sysclk/cy_sysclk.h **** /*******************************************************************************
1554:Generated_Source\PSoC6\pdl\drivers/peripheral/sysclk/cy_sysclk.h **** * Function Name: Cy_SysClk_ClkHfDisable
1555:Generated_Source\PSoC6\pdl\drivers/peripheral/sysclk/cy_sysclk.h **** ****************************************************************************//**
1556:Generated_Source\PSoC6\pdl\drivers/peripheral/sysclk/cy_sysclk.h **** *
1557:Generated_Source\PSoC6\pdl\drivers/peripheral/sysclk/cy_sysclk.h **** * Disables the selected clkHf.
1558:Generated_Source\PSoC6\pdl\drivers/peripheral/sysclk/cy_sysclk.h **** *
1559:Generated_Source\PSoC6\pdl\drivers/peripheral/sysclk/cy_sysclk.h **** * \param clkHf Selects which clkHf to enable.
1560:Generated_Source\PSoC6\pdl\drivers/peripheral/sysclk/cy_sysclk.h **** *
1561:Generated_Source\PSoC6\pdl\drivers/peripheral/sysclk/cy_sysclk.h **** * \return \ref cy_en_sysclk_status_t
1562:Generated_Source\PSoC6\pdl\drivers/peripheral/sysclk/cy_sysclk.h **** *
1563:Generated_Source\PSoC6\pdl\drivers/peripheral/sysclk/cy_sysclk.h **** * \note clkHf[0] cannot be disabled.
1564:Generated_Source\PSoC6\pdl\drivers/peripheral/sysclk/cy_sysclk.h **** *
1565:Generated_Source\PSoC6\pdl\drivers/peripheral/sysclk/cy_sysclk.h **** * \funcusage
1566:Generated_Source\PSoC6\pdl\drivers/peripheral/sysclk/cy_sysclk.h **** * \snippet sysclk/2.0/snippet/main.c snippet_Cy_SysClk_ClkHfDisable
1567:Generated_Source\PSoC6\pdl\drivers/peripheral/sysclk/cy_sysclk.h **** *
1568:Generated_Source\PSoC6\pdl\drivers/peripheral/sysclk/cy_sysclk.h **** *******************************************************************************/
1569:Generated_Source\PSoC6\pdl\drivers/peripheral/sysclk/cy_sysclk.h **** __STATIC_INLINE cy_en_sysclk_status_t Cy_SysClk_ClkHfDisable(uint32_t clkHf)
1570:Generated_Source\PSoC6\pdl\drivers/peripheral/sysclk/cy_sysclk.h **** {
1571:Generated_Source\PSoC6\pdl\drivers/peripheral/sysclk/cy_sysclk.h ****     cy_en_sysclk_status_t retVal = CY_SYSCLK_BAD_PARAM;
1572:Generated_Source\PSoC6\pdl\drivers/peripheral/sysclk/cy_sysclk.h ****     if ((0UL < clkHf) /* prevent CLK_HF0 disabling */
1573:Generated_Source\PSoC6\pdl\drivers/peripheral/sysclk/cy_sysclk.h ****            && (clkHf < CY_SRSS_NUM_HFROOT))
1574:Generated_Source\PSoC6\pdl\drivers/peripheral/sysclk/cy_sysclk.h ****     {
1575:Generated_Source\PSoC6\pdl\drivers/peripheral/sysclk/cy_sysclk.h ****         SRSS_CLK_ROOT_SELECT[clkHf] &= ~SRSS_CLK_ROOT_SELECT_ENABLE_Msk;
1576:Generated_Source\PSoC6\pdl\drivers/peripheral/sysclk/cy_sysclk.h ****         retVal = CY_SYSCLK_SUCCESS;
1577:Generated_Source\PSoC6\pdl\drivers/peripheral/sysclk/cy_sysclk.h ****     }
1578:Generated_Source\PSoC6\pdl\drivers/peripheral/sysclk/cy_sysclk.h ****     return (retVal);
1579:Generated_Source\PSoC6\pdl\drivers/peripheral/sysclk/cy_sysclk.h **** }
1580:Generated_Source\PSoC6\pdl\drivers/peripheral/sysclk/cy_sysclk.h **** 
1581:Generated_Source\PSoC6\pdl\drivers/peripheral/sysclk/cy_sysclk.h **** /*******************************************************************************
1582:Generated_Source\PSoC6\pdl\drivers/peripheral/sysclk/cy_sysclk.h **** * Function Name: Cy_SysClk_ClkHfSetSource
1583:Generated_Source\PSoC6\pdl\drivers/peripheral/sysclk/cy_sysclk.h **** ****************************************************************************//**
1584:Generated_Source\PSoC6\pdl\drivers/peripheral/sysclk/cy_sysclk.h **** *
1585:Generated_Source\PSoC6\pdl\drivers/peripheral/sysclk/cy_sysclk.h **** * Selects the source of the selected clkHf.
1586:Generated_Source\PSoC6\pdl\drivers/peripheral/sysclk/cy_sysclk.h **** *
1587:Generated_Source\PSoC6\pdl\drivers/peripheral/sysclk/cy_sysclk.h **** * \param clkHf selects which clkHf mux to configure.
1588:Generated_Source\PSoC6\pdl\drivers/peripheral/sysclk/cy_sysclk.h **** *
1589:Generated_Source\PSoC6\pdl\drivers/peripheral/sysclk/cy_sysclk.h **** * \param source \ref cy_en_clkhf_in_sources_t
1590:Generated_Source\PSoC6\pdl\drivers/peripheral/sysclk/cy_sysclk.h **** *
1591:Generated_Source\PSoC6\pdl\drivers/peripheral/sysclk/cy_sysclk.h **** * \return \ref cy_en_sysclk_status_t
1592:Generated_Source\PSoC6\pdl\drivers/peripheral/sysclk/cy_sysclk.h **** *
1593:Generated_Source\PSoC6\pdl\drivers/peripheral/sysclk/cy_sysclk.h **** * \note 
1594:Generated_Source\PSoC6\pdl\drivers/peripheral/sysclk/cy_sysclk.h **** * Call \ref SystemCoreClockUpdate after this function calling 
1595:Generated_Source\PSoC6\pdl\drivers/peripheral/sysclk/cy_sysclk.h **** * if it affects the CLK_HF0 frequency.
1596:Generated_Source\PSoC6\pdl\drivers/peripheral/sysclk/cy_sysclk.h **** *
1597:Generated_Source\PSoC6\pdl\drivers/peripheral/sysclk/cy_sysclk.h **** * \note 
1598:Generated_Source\PSoC6\pdl\drivers/peripheral/sysclk/cy_sysclk.h **** * Call \ref Cy_SysLib_SetWaitStates before calling this function if
1599:Generated_Source\PSoC6\pdl\drivers/peripheral/sysclk/cy_sysclk.h **** * CLK_HF0 frequency is increasing.
1600:Generated_Source\PSoC6\pdl\drivers/peripheral/sysclk/cy_sysclk.h **** *
1601:Generated_Source\PSoC6\pdl\drivers/peripheral/sysclk/cy_sysclk.h **** * \note
1602:Generated_Source\PSoC6\pdl\drivers/peripheral/sysclk/cy_sysclk.h **** * Call \ref Cy_SysLib_SetWaitStates after calling this function if
1603:Generated_Source\PSoC6\pdl\drivers/peripheral/sysclk/cy_sysclk.h **** * CLK_HF0 frequency is decreasing.
1604:Generated_Source\PSoC6\pdl\drivers/peripheral/sysclk/cy_sysclk.h **** *
1605:Generated_Source\PSoC6\pdl\drivers/peripheral/sysclk/cy_sysclk.h **** * \funcusage
1606:Generated_Source\PSoC6\pdl\drivers/peripheral/sysclk/cy_sysclk.h **** * \snippet sysclk/2.0/snippet/main.c snippet_Cy_SysClk_ClkHfSetSource
1607:Generated_Source\PSoC6\pdl\drivers/peripheral/sysclk/cy_sysclk.h **** *
ARM GAS  C:\Users\Finik\AppData\Local\Temp\ccXrCYub.s 			page 35


1608:Generated_Source\PSoC6\pdl\drivers/peripheral/sysclk/cy_sysclk.h **** *******************************************************************************/
1609:Generated_Source\PSoC6\pdl\drivers/peripheral/sysclk/cy_sysclk.h **** __STATIC_INLINE cy_en_sysclk_status_t Cy_SysClk_ClkHfSetSource(uint32_t clkHf, cy_en_clkhf_in_sourc
1610:Generated_Source\PSoC6\pdl\drivers/peripheral/sysclk/cy_sysclk.h **** {
1611:Generated_Source\PSoC6\pdl\drivers/peripheral/sysclk/cy_sysclk.h ****     cy_en_sysclk_status_t retVal = CY_SYSCLK_BAD_PARAM;
1612:Generated_Source\PSoC6\pdl\drivers/peripheral/sysclk/cy_sysclk.h ****     if ((clkHf < CY_SRSS_NUM_HFROOT) && (source <= CY_SYSCLK_CLKHF_IN_CLKPATH15))
1613:Generated_Source\PSoC6\pdl\drivers/peripheral/sysclk/cy_sysclk.h ****     {
1614:Generated_Source\PSoC6\pdl\drivers/peripheral/sysclk/cy_sysclk.h ****         CY_REG32_CLR_SET(SRSS_CLK_ROOT_SELECT[clkHf], SRSS_CLK_ROOT_SELECT_ROOT_MUX, source);
1615:Generated_Source\PSoC6\pdl\drivers/peripheral/sysclk/cy_sysclk.h ****         retVal = CY_SYSCLK_SUCCESS;
1616:Generated_Source\PSoC6\pdl\drivers/peripheral/sysclk/cy_sysclk.h ****     }
1617:Generated_Source\PSoC6\pdl\drivers/peripheral/sysclk/cy_sysclk.h ****     return (retVal);
1618:Generated_Source\PSoC6\pdl\drivers/peripheral/sysclk/cy_sysclk.h **** }
1619:Generated_Source\PSoC6\pdl\drivers/peripheral/sysclk/cy_sysclk.h **** 
1620:Generated_Source\PSoC6\pdl\drivers/peripheral/sysclk/cy_sysclk.h **** /*******************************************************************************
1621:Generated_Source\PSoC6\pdl\drivers/peripheral/sysclk/cy_sysclk.h **** * Function Name: Cy_SysClk_ClkHfGetSource
1622:Generated_Source\PSoC6\pdl\drivers/peripheral/sysclk/cy_sysclk.h **** ****************************************************************************//**
1623:Generated_Source\PSoC6\pdl\drivers/peripheral/sysclk/cy_sysclk.h **** *
1624:Generated_Source\PSoC6\pdl\drivers/peripheral/sysclk/cy_sysclk.h **** * Reports the source of the selected clkHf.
1625:Generated_Source\PSoC6\pdl\drivers/peripheral/sysclk/cy_sysclk.h **** *
1626:Generated_Source\PSoC6\pdl\drivers/peripheral/sysclk/cy_sysclk.h **** * \param clkHf selects which clkHf to get the source of.
1627:Generated_Source\PSoC6\pdl\drivers/peripheral/sysclk/cy_sysclk.h **** *
1628:Generated_Source\PSoC6\pdl\drivers/peripheral/sysclk/cy_sysclk.h **** * \return \ref cy_en_clkhf_in_sources_t
1629:Generated_Source\PSoC6\pdl\drivers/peripheral/sysclk/cy_sysclk.h **** *
1630:Generated_Source\PSoC6\pdl\drivers/peripheral/sysclk/cy_sysclk.h **** * \funcusage
1631:Generated_Source\PSoC6\pdl\drivers/peripheral/sysclk/cy_sysclk.h **** * \snippet sysclk/2.0/snippet/main.c snippet_Cy_SysClk_ClkHfSetSource
1632:Generated_Source\PSoC6\pdl\drivers/peripheral/sysclk/cy_sysclk.h **** *
1633:Generated_Source\PSoC6\pdl\drivers/peripheral/sysclk/cy_sysclk.h **** *******************************************************************************/
1634:Generated_Source\PSoC6\pdl\drivers/peripheral/sysclk/cy_sysclk.h **** __STATIC_INLINE cy_en_clkhf_in_sources_t Cy_SysClk_ClkHfGetSource(uint32_t clkHf)
1635:Generated_Source\PSoC6\pdl\drivers/peripheral/sysclk/cy_sysclk.h **** {
1636:Generated_Source\PSoC6\pdl\drivers/peripheral/sysclk/cy_sysclk.h ****     CY_ASSERT_L1(clkHf < CY_SRSS_NUM_HFROOT);
1637:Generated_Source\PSoC6\pdl\drivers/peripheral/sysclk/cy_sysclk.h ****     return (cy_en_clkhf_in_sources_t)(_FLD2VAL(SRSS_CLK_ROOT_SELECT_ROOT_MUX, SRSS_CLK_ROOT_SELECT[
1638:Generated_Source\PSoC6\pdl\drivers/peripheral/sysclk/cy_sysclk.h **** }
1639:Generated_Source\PSoC6\pdl\drivers/peripheral/sysclk/cy_sysclk.h **** 
1640:Generated_Source\PSoC6\pdl\drivers/peripheral/sysclk/cy_sysclk.h **** /*******************************************************************************
1641:Generated_Source\PSoC6\pdl\drivers/peripheral/sysclk/cy_sysclk.h **** * Function Name: Cy_SysClk_ClkHfSetDivider
1642:Generated_Source\PSoC6\pdl\drivers/peripheral/sysclk/cy_sysclk.h **** ****************************************************************************//**
1643:Generated_Source\PSoC6\pdl\drivers/peripheral/sysclk/cy_sysclk.h **** *
1644:Generated_Source\PSoC6\pdl\drivers/peripheral/sysclk/cy_sysclk.h **** * Sets the pre-divider for a clkHf.
1645:Generated_Source\PSoC6\pdl\drivers/peripheral/sysclk/cy_sysclk.h **** *
1646:Generated_Source\PSoC6\pdl\drivers/peripheral/sysclk/cy_sysclk.h **** * \param clkHf selects which clkHf divider to configure.
1647:Generated_Source\PSoC6\pdl\drivers/peripheral/sysclk/cy_sysclk.h **** *
1648:Generated_Source\PSoC6\pdl\drivers/peripheral/sysclk/cy_sysclk.h **** * \param divider \ref cy_en_clkhf_dividers_t
1649:Generated_Source\PSoC6\pdl\drivers/peripheral/sysclk/cy_sysclk.h **** *
1650:Generated_Source\PSoC6\pdl\drivers/peripheral/sysclk/cy_sysclk.h **** * \return \ref cy_en_sysclk_status_t
1651:Generated_Source\PSoC6\pdl\drivers/peripheral/sysclk/cy_sysclk.h **** *
1652:Generated_Source\PSoC6\pdl\drivers/peripheral/sysclk/cy_sysclk.h **** * \note Also call \ref Cy_SysClk_ClkHfSetSource to set the clkHf source.
1653:Generated_Source\PSoC6\pdl\drivers/peripheral/sysclk/cy_sysclk.h **** *
1654:Generated_Source\PSoC6\pdl\drivers/peripheral/sysclk/cy_sysclk.h **** * \note 
1655:Generated_Source\PSoC6\pdl\drivers/peripheral/sysclk/cy_sysclk.h **** * Call \ref SystemCoreClockUpdate after this function calling 
1656:Generated_Source\PSoC6\pdl\drivers/peripheral/sysclk/cy_sysclk.h **** * if it affects the CLK_HF0 frequency.
1657:Generated_Source\PSoC6\pdl\drivers/peripheral/sysclk/cy_sysclk.h **** *
1658:Generated_Source\PSoC6\pdl\drivers/peripheral/sysclk/cy_sysclk.h **** * \note 
1659:Generated_Source\PSoC6\pdl\drivers/peripheral/sysclk/cy_sysclk.h **** * Call \ref Cy_SysLib_SetWaitStates before calling this function if
1660:Generated_Source\PSoC6\pdl\drivers/peripheral/sysclk/cy_sysclk.h **** * CLK_HF0 frequency is increasing.
1661:Generated_Source\PSoC6\pdl\drivers/peripheral/sysclk/cy_sysclk.h **** *
1662:Generated_Source\PSoC6\pdl\drivers/peripheral/sysclk/cy_sysclk.h **** * \note
1663:Generated_Source\PSoC6\pdl\drivers/peripheral/sysclk/cy_sysclk.h **** * Call \ref Cy_SysLib_SetWaitStates after calling this function if
1664:Generated_Source\PSoC6\pdl\drivers/peripheral/sysclk/cy_sysclk.h **** * CLK_HF0 frequency is decreasing.
ARM GAS  C:\Users\Finik\AppData\Local\Temp\ccXrCYub.s 			page 36


1665:Generated_Source\PSoC6\pdl\drivers/peripheral/sysclk/cy_sysclk.h **** *
1666:Generated_Source\PSoC6\pdl\drivers/peripheral/sysclk/cy_sysclk.h **** * \funcusage
1667:Generated_Source\PSoC6\pdl\drivers/peripheral/sysclk/cy_sysclk.h **** * \snippet sysclk/2.0/snippet/main.c snippet_Cy_SysClk_ClkHfSetDivider
1668:Generated_Source\PSoC6\pdl\drivers/peripheral/sysclk/cy_sysclk.h **** *
1669:Generated_Source\PSoC6\pdl\drivers/peripheral/sysclk/cy_sysclk.h **** *******************************************************************************/
1670:Generated_Source\PSoC6\pdl\drivers/peripheral/sysclk/cy_sysclk.h **** __STATIC_INLINE cy_en_sysclk_status_t Cy_SysClk_ClkHfSetDivider(uint32_t clkHf, cy_en_clkhf_divider
1671:Generated_Source\PSoC6\pdl\drivers/peripheral/sysclk/cy_sysclk.h **** {
1672:Generated_Source\PSoC6\pdl\drivers/peripheral/sysclk/cy_sysclk.h ****     cy_en_sysclk_status_t retVal = CY_SYSCLK_BAD_PARAM;
1673:Generated_Source\PSoC6\pdl\drivers/peripheral/sysclk/cy_sysclk.h ****     if ((clkHf < CY_SRSS_NUM_HFROOT) && (divider <= CY_SYSCLK_CLKHF_DIVIDE_BY_8))
1674:Generated_Source\PSoC6\pdl\drivers/peripheral/sysclk/cy_sysclk.h ****     {
1675:Generated_Source\PSoC6\pdl\drivers/peripheral/sysclk/cy_sysclk.h ****         CY_REG32_CLR_SET(SRSS_CLK_ROOT_SELECT[clkHf], SRSS_CLK_ROOT_SELECT_ROOT_DIV, divider);
1676:Generated_Source\PSoC6\pdl\drivers/peripheral/sysclk/cy_sysclk.h ****         retVal = CY_SYSCLK_SUCCESS;
1677:Generated_Source\PSoC6\pdl\drivers/peripheral/sysclk/cy_sysclk.h ****     }
1678:Generated_Source\PSoC6\pdl\drivers/peripheral/sysclk/cy_sysclk.h ****     return (retVal);
1679:Generated_Source\PSoC6\pdl\drivers/peripheral/sysclk/cy_sysclk.h **** }
1680:Generated_Source\PSoC6\pdl\drivers/peripheral/sysclk/cy_sysclk.h **** 
1681:Generated_Source\PSoC6\pdl\drivers/peripheral/sysclk/cy_sysclk.h **** /*******************************************************************************
1682:Generated_Source\PSoC6\pdl\drivers/peripheral/sysclk/cy_sysclk.h **** * Function Name: Cy_SysClk_ClkHfGetDivider
1683:Generated_Source\PSoC6\pdl\drivers/peripheral/sysclk/cy_sysclk.h **** ****************************************************************************//**
1684:Generated_Source\PSoC6\pdl\drivers/peripheral/sysclk/cy_sysclk.h **** *
1685:Generated_Source\PSoC6\pdl\drivers/peripheral/sysclk/cy_sysclk.h **** * Reports the pre-divider value for a clkHf.
1686:Generated_Source\PSoC6\pdl\drivers/peripheral/sysclk/cy_sysclk.h **** *
1687:Generated_Source\PSoC6\pdl\drivers/peripheral/sysclk/cy_sysclk.h **** * \param clkHf selects which clkHf to check divider of.
1688:Generated_Source\PSoC6\pdl\drivers/peripheral/sysclk/cy_sysclk.h **** *
1689:Generated_Source\PSoC6\pdl\drivers/peripheral/sysclk/cy_sysclk.h **** * \return \ref cy_en_clkhf_dividers_t
1690:Generated_Source\PSoC6\pdl\drivers/peripheral/sysclk/cy_sysclk.h **** *
1691:Generated_Source\PSoC6\pdl\drivers/peripheral/sysclk/cy_sysclk.h **** * \funcusage
1692:Generated_Source\PSoC6\pdl\drivers/peripheral/sysclk/cy_sysclk.h **** * \snippet sysclk/2.0/snippet/main.c snippet_Cy_SysClk_ClkHfSetDivider
1693:Generated_Source\PSoC6\pdl\drivers/peripheral/sysclk/cy_sysclk.h **** *
1694:Generated_Source\PSoC6\pdl\drivers/peripheral/sysclk/cy_sysclk.h **** *******************************************************************************/
1695:Generated_Source\PSoC6\pdl\drivers/peripheral/sysclk/cy_sysclk.h **** __STATIC_INLINE cy_en_clkhf_dividers_t Cy_SysClk_ClkHfGetDivider(uint32_t clkHf)
1696:Generated_Source\PSoC6\pdl\drivers/peripheral/sysclk/cy_sysclk.h **** {
1697:Generated_Source\PSoC6\pdl\drivers/peripheral/sysclk/cy_sysclk.h ****     CY_ASSERT_L1(clkHf < CY_SRSS_NUM_HFROOT);
1698:Generated_Source\PSoC6\pdl\drivers/peripheral/sysclk/cy_sysclk.h ****     return (cy_en_clkhf_dividers_t)(_FLD2VAL(SRSS_CLK_ROOT_SELECT_ROOT_DIV, SRSS_CLK_ROOT_SELECT[cl
1699:Generated_Source\PSoC6\pdl\drivers/peripheral/sysclk/cy_sysclk.h **** }
1700:Generated_Source\PSoC6\pdl\drivers/peripheral/sysclk/cy_sysclk.h **** /** \} group_sysclk_clk_hf_funcs */
1701:Generated_Source\PSoC6\pdl\drivers/peripheral/sysclk/cy_sysclk.h **** 
1702:Generated_Source\PSoC6\pdl\drivers/peripheral/sysclk/cy_sysclk.h **** 
1703:Generated_Source\PSoC6\pdl\drivers/peripheral/sysclk/cy_sysclk.h **** /* ========================================================================== */
1704:Generated_Source\PSoC6\pdl\drivers/peripheral/sysclk/cy_sysclk.h **** /* =========================    clk_fast SECTION    ========================= */
1705:Generated_Source\PSoC6\pdl\drivers/peripheral/sysclk/cy_sysclk.h **** /* ========================================================================== */
1706:Generated_Source\PSoC6\pdl\drivers/peripheral/sysclk/cy_sysclk.h **** /**
1707:Generated_Source\PSoC6\pdl\drivers/peripheral/sysclk/cy_sysclk.h **** * \addtogroup group_sysclk_clk_fast_funcs
1708:Generated_Source\PSoC6\pdl\drivers/peripheral/sysclk/cy_sysclk.h **** * \{
1709:Generated_Source\PSoC6\pdl\drivers/peripheral/sysclk/cy_sysclk.h **** */
1710:Generated_Source\PSoC6\pdl\drivers/peripheral/sysclk/cy_sysclk.h **** __STATIC_INLINE void Cy_SysClk_ClkFastSetDivider(uint8_t divider);
1711:Generated_Source\PSoC6\pdl\drivers/peripheral/sysclk/cy_sysclk.h **** __STATIC_INLINE uint8_t Cy_SysClk_ClkFastGetDivider(void);
1712:Generated_Source\PSoC6\pdl\drivers/peripheral/sysclk/cy_sysclk.h **** 
1713:Generated_Source\PSoC6\pdl\drivers/peripheral/sysclk/cy_sysclk.h **** /*******************************************************************************
1714:Generated_Source\PSoC6\pdl\drivers/peripheral/sysclk/cy_sysclk.h **** * Function Name: Cy_SysClk_ClkFastSetDivider
1715:Generated_Source\PSoC6\pdl\drivers/peripheral/sysclk/cy_sysclk.h **** ****************************************************************************//**
1716:Generated_Source\PSoC6\pdl\drivers/peripheral/sysclk/cy_sysclk.h **** *
1717:Generated_Source\PSoC6\pdl\drivers/peripheral/sysclk/cy_sysclk.h **** * Sets the clock divider for the fast clock, which sources the main processor.
1718:Generated_Source\PSoC6\pdl\drivers/peripheral/sysclk/cy_sysclk.h **** * The source of this divider is clkHf[0].
1719:Generated_Source\PSoC6\pdl\drivers/peripheral/sysclk/cy_sysclk.h **** *
1720:Generated_Source\PSoC6\pdl\drivers/peripheral/sysclk/cy_sysclk.h **** * \param divider divider value between 0 and 255.
1721:Generated_Source\PSoC6\pdl\drivers/peripheral/sysclk/cy_sysclk.h **** * Causes integer division of (divider value + 1), or division by 1 to 256.
ARM GAS  C:\Users\Finik\AppData\Local\Temp\ccXrCYub.s 			page 37


1722:Generated_Source\PSoC6\pdl\drivers/peripheral/sysclk/cy_sysclk.h **** *
1723:Generated_Source\PSoC6\pdl\drivers/peripheral/sysclk/cy_sysclk.h **** * \note 
1724:Generated_Source\PSoC6\pdl\drivers/peripheral/sysclk/cy_sysclk.h **** * Call \ref SystemCoreClockUpdate after this function calling.
1725:Generated_Source\PSoC6\pdl\drivers/peripheral/sysclk/cy_sysclk.h **** *
1726:Generated_Source\PSoC6\pdl\drivers/peripheral/sysclk/cy_sysclk.h **** * \note 
1727:Generated_Source\PSoC6\pdl\drivers/peripheral/sysclk/cy_sysclk.h **** * Call \ref Cy_SysLib_SetWaitStates before calling this function if
1728:Generated_Source\PSoC6\pdl\drivers/peripheral/sysclk/cy_sysclk.h **** * CLK_FAST frequency is increasing.
1729:Generated_Source\PSoC6\pdl\drivers/peripheral/sysclk/cy_sysclk.h **** *
1730:Generated_Source\PSoC6\pdl\drivers/peripheral/sysclk/cy_sysclk.h **** * \note
1731:Generated_Source\PSoC6\pdl\drivers/peripheral/sysclk/cy_sysclk.h **** * Call \ref Cy_SysLib_SetWaitStates after calling this function if
1732:Generated_Source\PSoC6\pdl\drivers/peripheral/sysclk/cy_sysclk.h **** * CLK_FAST frequency is decreasing.
1733:Generated_Source\PSoC6\pdl\drivers/peripheral/sysclk/cy_sysclk.h **** *
1734:Generated_Source\PSoC6\pdl\drivers/peripheral/sysclk/cy_sysclk.h **** * \funcusage
1735:Generated_Source\PSoC6\pdl\drivers/peripheral/sysclk/cy_sysclk.h **** * \snippet sysclk/2.0/snippet/main.c snippet_Cy_SysClk_ClkFastSetDivider
1736:Generated_Source\PSoC6\pdl\drivers/peripheral/sysclk/cy_sysclk.h **** *
1737:Generated_Source\PSoC6\pdl\drivers/peripheral/sysclk/cy_sysclk.h **** *******************************************************************************/
1738:Generated_Source\PSoC6\pdl\drivers/peripheral/sysclk/cy_sysclk.h **** __STATIC_INLINE void Cy_SysClk_ClkFastSetDivider(uint8_t divider)
1739:Generated_Source\PSoC6\pdl\drivers/peripheral/sysclk/cy_sysclk.h **** {
1740:Generated_Source\PSoC6\pdl\drivers/peripheral/sysclk/cy_sysclk.h ****     CY_REG32_CLR_SET(CPUSS_CM4_CLOCK_CTL, CPUSS_CM4_CLOCK_CTL_FAST_INT_DIV, divider);
1741:Generated_Source\PSoC6\pdl\drivers/peripheral/sysclk/cy_sysclk.h **** }
1742:Generated_Source\PSoC6\pdl\drivers/peripheral/sysclk/cy_sysclk.h **** 
1743:Generated_Source\PSoC6\pdl\drivers/peripheral/sysclk/cy_sysclk.h **** /*******************************************************************************
1744:Generated_Source\PSoC6\pdl\drivers/peripheral/sysclk/cy_sysclk.h **** * Function Name: Cy_SysClk_ClkFastGetDivider
1745:Generated_Source\PSoC6\pdl\drivers/peripheral/sysclk/cy_sysclk.h **** ****************************************************************************//**
1746:Generated_Source\PSoC6\pdl\drivers/peripheral/sysclk/cy_sysclk.h **** *
1747:Generated_Source\PSoC6\pdl\drivers/peripheral/sysclk/cy_sysclk.h **** * Returns the clock divider for the fast clock.
1748:Generated_Source\PSoC6\pdl\drivers/peripheral/sysclk/cy_sysclk.h **** *
1749:Generated_Source\PSoC6\pdl\drivers/peripheral/sysclk/cy_sysclk.h **** * \return The divider value for the fast clock.
1750:Generated_Source\PSoC6\pdl\drivers/peripheral/sysclk/cy_sysclk.h **** * The integer division done is by (divider value + 1), or division by 1 to 256.
1751:Generated_Source\PSoC6\pdl\drivers/peripheral/sysclk/cy_sysclk.h **** *
1752:Generated_Source\PSoC6\pdl\drivers/peripheral/sysclk/cy_sysclk.h **** * \funcusage
1753:Generated_Source\PSoC6\pdl\drivers/peripheral/sysclk/cy_sysclk.h **** * \snippet sysclk/2.0/snippet/main.c snippet_Cy_SysClk_ClkFastSetDivider
1754:Generated_Source\PSoC6\pdl\drivers/peripheral/sysclk/cy_sysclk.h **** *
1755:Generated_Source\PSoC6\pdl\drivers/peripheral/sysclk/cy_sysclk.h **** *******************************************************************************/
1756:Generated_Source\PSoC6\pdl\drivers/peripheral/sysclk/cy_sysclk.h **** __STATIC_INLINE uint8_t Cy_SysClk_ClkFastGetDivider(void)
1757:Generated_Source\PSoC6\pdl\drivers/peripheral/sysclk/cy_sysclk.h **** {
1758:Generated_Source\PSoC6\pdl\drivers/peripheral/sysclk/cy_sysclk.h ****     return ((uint8_t)_FLD2VAL(CPUSS_CM4_CLOCK_CTL_FAST_INT_DIV, CPUSS_CM4_CLOCK_CTL));
1759:Generated_Source\PSoC6\pdl\drivers/peripheral/sysclk/cy_sysclk.h **** }
1760:Generated_Source\PSoC6\pdl\drivers/peripheral/sysclk/cy_sysclk.h **** /** \} group_sysclk_clk_fast_funcs */
1761:Generated_Source\PSoC6\pdl\drivers/peripheral/sysclk/cy_sysclk.h **** 
1762:Generated_Source\PSoC6\pdl\drivers/peripheral/sysclk/cy_sysclk.h **** 
1763:Generated_Source\PSoC6\pdl\drivers/peripheral/sysclk/cy_sysclk.h **** /* ========================================================================== */
1764:Generated_Source\PSoC6\pdl\drivers/peripheral/sysclk/cy_sysclk.h **** /* ========================    clk_peri SECTION    ========================== */
1765:Generated_Source\PSoC6\pdl\drivers/peripheral/sysclk/cy_sysclk.h **** /* ========================================================================== */
1766:Generated_Source\PSoC6\pdl\drivers/peripheral/sysclk/cy_sysclk.h **** /**
1767:Generated_Source\PSoC6\pdl\drivers/peripheral/sysclk/cy_sysclk.h **** * \addtogroup group_sysclk_clk_peri_funcs
1768:Generated_Source\PSoC6\pdl\drivers/peripheral/sysclk/cy_sysclk.h **** * \{
1769:Generated_Source\PSoC6\pdl\drivers/peripheral/sysclk/cy_sysclk.h **** */
1770:Generated_Source\PSoC6\pdl\drivers/peripheral/sysclk/cy_sysclk.h **** __STATIC_INLINE void Cy_SysClk_ClkPeriSetDivider(uint8_t divider);
1771:Generated_Source\PSoC6\pdl\drivers/peripheral/sysclk/cy_sysclk.h **** __STATIC_INLINE uint8_t Cy_SysClk_ClkPeriGetDivider(void);
1772:Generated_Source\PSoC6\pdl\drivers/peripheral/sysclk/cy_sysclk.h **** 
1773:Generated_Source\PSoC6\pdl\drivers/peripheral/sysclk/cy_sysclk.h **** /*******************************************************************************
1774:Generated_Source\PSoC6\pdl\drivers/peripheral/sysclk/cy_sysclk.h **** * Function Name: Cy_SysClk_ClkPeriSetDivider
1775:Generated_Source\PSoC6\pdl\drivers/peripheral/sysclk/cy_sysclk.h **** ****************************************************************************//**
1776:Generated_Source\PSoC6\pdl\drivers/peripheral/sysclk/cy_sysclk.h **** *
1777:Generated_Source\PSoC6\pdl\drivers/peripheral/sysclk/cy_sysclk.h **** * Sets the clock divider for the peripheral clock tree. All peripheral clock
1778:Generated_Source\PSoC6\pdl\drivers/peripheral/sysclk/cy_sysclk.h **** * dividers are sourced from this clock. Also the Cortex M0+ clock divider is
ARM GAS  C:\Users\Finik\AppData\Local\Temp\ccXrCYub.s 			page 38


1779:Generated_Source\PSoC6\pdl\drivers/peripheral/sysclk/cy_sysclk.h **** * sourced from this clock. The source of this divider is clkHf[0]
1780:Generated_Source\PSoC6\pdl\drivers/peripheral/sysclk/cy_sysclk.h **** *
1781:Generated_Source\PSoC6\pdl\drivers/peripheral/sysclk/cy_sysclk.h **** * \param divider divider value between 0 and 255
1782:Generated_Source\PSoC6\pdl\drivers/peripheral/sysclk/cy_sysclk.h **** * Causes integer division of (divider value + 1), or division by 1 to 256.
1783:Generated_Source\PSoC6\pdl\drivers/peripheral/sysclk/cy_sysclk.h **** *
1784:Generated_Source\PSoC6\pdl\drivers/peripheral/sysclk/cy_sysclk.h **** * \note 
1785:Generated_Source\PSoC6\pdl\drivers/peripheral/sysclk/cy_sysclk.h **** * Call \ref SystemCoreClockUpdate after this function calling.
1786:Generated_Source\PSoC6\pdl\drivers/peripheral/sysclk/cy_sysclk.h **** *
1787:Generated_Source\PSoC6\pdl\drivers/peripheral/sysclk/cy_sysclk.h **** * \funcusage
1788:Generated_Source\PSoC6\pdl\drivers/peripheral/sysclk/cy_sysclk.h **** * \snippet sysclk/2.0/snippet/main.c snippet_Cy_SysClk_ClkPeriSetDivider
1789:Generated_Source\PSoC6\pdl\drivers/peripheral/sysclk/cy_sysclk.h **** *
1790:Generated_Source\PSoC6\pdl\drivers/peripheral/sysclk/cy_sysclk.h **** *******************************************************************************/
1791:Generated_Source\PSoC6\pdl\drivers/peripheral/sysclk/cy_sysclk.h **** __STATIC_INLINE void Cy_SysClk_ClkPeriSetDivider(uint8_t divider)
1792:Generated_Source\PSoC6\pdl\drivers/peripheral/sysclk/cy_sysclk.h **** {
1793:Generated_Source\PSoC6\pdl\drivers/peripheral/sysclk/cy_sysclk.h ****     CY_REG32_CLR_SET(CPUSS_CM0_CLOCK_CTL, CPUSS_CM0_CLOCK_CTL_PERI_INT_DIV, divider);
1794:Generated_Source\PSoC6\pdl\drivers/peripheral/sysclk/cy_sysclk.h **** }
1795:Generated_Source\PSoC6\pdl\drivers/peripheral/sysclk/cy_sysclk.h **** 
1796:Generated_Source\PSoC6\pdl\drivers/peripheral/sysclk/cy_sysclk.h **** /*******************************************************************************
1797:Generated_Source\PSoC6\pdl\drivers/peripheral/sysclk/cy_sysclk.h **** * Function Name: Cy_SysClk_ClkPeriGetDivider
1798:Generated_Source\PSoC6\pdl\drivers/peripheral/sysclk/cy_sysclk.h **** ****************************************************************************//**
1799:Generated_Source\PSoC6\pdl\drivers/peripheral/sysclk/cy_sysclk.h **** *
1800:Generated_Source\PSoC6\pdl\drivers/peripheral/sysclk/cy_sysclk.h **** * Returns the clock divider of the peripheral (peri) clock.
1801:Generated_Source\PSoC6\pdl\drivers/peripheral/sysclk/cy_sysclk.h **** *
1802:Generated_Source\PSoC6\pdl\drivers/peripheral/sysclk/cy_sysclk.h **** * \return The divider value.
1803:Generated_Source\PSoC6\pdl\drivers/peripheral/sysclk/cy_sysclk.h **** * The integer division done is by (divider value + 1), or division by 1 to 256.
1804:Generated_Source\PSoC6\pdl\drivers/peripheral/sysclk/cy_sysclk.h **** *
1805:Generated_Source\PSoC6\pdl\drivers/peripheral/sysclk/cy_sysclk.h **** * \funcusage
1806:Generated_Source\PSoC6\pdl\drivers/peripheral/sysclk/cy_sysclk.h **** * \snippet sysclk/2.0/snippet/main.c snippet_Cy_SysClk_ClkPeriSetDivider
1807:Generated_Source\PSoC6\pdl\drivers/peripheral/sysclk/cy_sysclk.h **** *
1808:Generated_Source\PSoC6\pdl\drivers/peripheral/sysclk/cy_sysclk.h **** *******************************************************************************/
1809:Generated_Source\PSoC6\pdl\drivers/peripheral/sysclk/cy_sysclk.h **** __STATIC_INLINE uint8_t Cy_SysClk_ClkPeriGetDivider(void)
1810:Generated_Source\PSoC6\pdl\drivers/peripheral/sysclk/cy_sysclk.h **** {
1811:Generated_Source\PSoC6\pdl\drivers/peripheral/sysclk/cy_sysclk.h ****     return ((uint8_t)_FLD2VAL(CPUSS_CM0_CLOCK_CTL_PERI_INT_DIV, CPUSS_CM0_CLOCK_CTL));
1812:Generated_Source\PSoC6\pdl\drivers/peripheral/sysclk/cy_sysclk.h **** }
1813:Generated_Source\PSoC6\pdl\drivers/peripheral/sysclk/cy_sysclk.h **** /** \} group_sysclk_clk_peri_funcs */
1814:Generated_Source\PSoC6\pdl\drivers/peripheral/sysclk/cy_sysclk.h **** 
1815:Generated_Source\PSoC6\pdl\drivers/peripheral/sysclk/cy_sysclk.h **** 
1816:Generated_Source\PSoC6\pdl\drivers/peripheral/sysclk/cy_sysclk.h **** /* ========================================================================== */
1817:Generated_Source\PSoC6\pdl\drivers/peripheral/sysclk/cy_sysclk.h **** /* =====================    clk_peripherals SECTION    ====================== */
1818:Generated_Source\PSoC6\pdl\drivers/peripheral/sysclk/cy_sysclk.h **** /* ========================================================================== */
1819:Generated_Source\PSoC6\pdl\drivers/peripheral/sysclk/cy_sysclk.h **** /**
1820:Generated_Source\PSoC6\pdl\drivers/peripheral/sysclk/cy_sysclk.h **** * \addtogroup group_sysclk_clk_peripheral_enums
1821:Generated_Source\PSoC6\pdl\drivers/peripheral/sysclk/cy_sysclk.h **** * \{
1822:Generated_Source\PSoC6\pdl\drivers/peripheral/sysclk/cy_sysclk.h **** */
1823:Generated_Source\PSoC6\pdl\drivers/peripheral/sysclk/cy_sysclk.h **** /** Programmable clock divider types */
1824:Generated_Source\PSoC6\pdl\drivers/peripheral/sysclk/cy_sysclk.h **** typedef enum
1825:Generated_Source\PSoC6\pdl\drivers/peripheral/sysclk/cy_sysclk.h **** {
1826:Generated_Source\PSoC6\pdl\drivers/peripheral/sysclk/cy_sysclk.h ****     CY_SYSCLK_DIV_8_BIT    = 0U, /**< Divider Type is an 8 bit divider */
1827:Generated_Source\PSoC6\pdl\drivers/peripheral/sysclk/cy_sysclk.h ****     CY_SYSCLK_DIV_16_BIT   = 1U, /**< Divider Type is a 16 bit divider */
1828:Generated_Source\PSoC6\pdl\drivers/peripheral/sysclk/cy_sysclk.h ****     CY_SYSCLK_DIV_16_5_BIT = 2U, /**< Divider Type is a 16.5 bit fractional divider */
1829:Generated_Source\PSoC6\pdl\drivers/peripheral/sysclk/cy_sysclk.h ****     CY_SYSCLK_DIV_24_5_BIT = 3U  /**< Divider Type is a 24.5 bit fractional divider */
1830:Generated_Source\PSoC6\pdl\drivers/peripheral/sysclk/cy_sysclk.h **** } cy_en_divider_types_t;
1831:Generated_Source\PSoC6\pdl\drivers/peripheral/sysclk/cy_sysclk.h **** /** \} group_sysclk_clk_peripheral_enums */
1832:Generated_Source\PSoC6\pdl\drivers/peripheral/sysclk/cy_sysclk.h **** 
1833:Generated_Source\PSoC6\pdl\drivers/peripheral/sysclk/cy_sysclk.h **** /**
1834:Generated_Source\PSoC6\pdl\drivers/peripheral/sysclk/cy_sysclk.h **** * \addtogroup group_sysclk_clk_peripheral_funcs
1835:Generated_Source\PSoC6\pdl\drivers/peripheral/sysclk/cy_sysclk.h **** * \{
ARM GAS  C:\Users\Finik\AppData\Local\Temp\ccXrCYub.s 			page 39


1836:Generated_Source\PSoC6\pdl\drivers/peripheral/sysclk/cy_sysclk.h **** */
1837:Generated_Source\PSoC6\pdl\drivers/peripheral/sysclk/cy_sysclk.h **** __STATIC_INLINE cy_en_sysclk_status_t Cy_SysClk_PeriphSetDivider(cy_en_divider_types_t dividerType,
1838:Generated_Source\PSoC6\pdl\drivers/peripheral/sysclk/cy_sysclk.h **** __STATIC_INLINE uint32_t Cy_SysClk_PeriphGetDivider(cy_en_divider_types_t dividerType, uint32_t div
1839:Generated_Source\PSoC6\pdl\drivers/peripheral/sysclk/cy_sysclk.h **** __STATIC_INLINE cy_en_sysclk_status_t Cy_SysClk_PeriphSetFracDivider(cy_en_divider_types_t dividerT
1840:Generated_Source\PSoC6\pdl\drivers/peripheral/sysclk/cy_sysclk.h **** __STATIC_INLINE void Cy_SysClk_PeriphGetFracDivider(cy_en_divider_types_t dividerType, uint32_t div
1841:Generated_Source\PSoC6\pdl\drivers/peripheral/sysclk/cy_sysclk.h **** __STATIC_INLINE cy_en_sysclk_status_t Cy_SysClk_PeriphAssignDivider(en_clk_dst_t ipBlock, cy_en_div
1842:Generated_Source\PSoC6\pdl\drivers/peripheral/sysclk/cy_sysclk.h **** __STATIC_INLINE uint32_t Cy_SysClk_PeriphGetAssignedDivider(en_clk_dst_t ipBlock);
1843:Generated_Source\PSoC6\pdl\drivers/peripheral/sysclk/cy_sysclk.h **** __STATIC_INLINE cy_en_sysclk_status_t Cy_SysClk_PeriphEnableDivider(cy_en_divider_types_t dividerTy
1844:Generated_Source\PSoC6\pdl\drivers/peripheral/sysclk/cy_sysclk.h **** __STATIC_INLINE cy_en_sysclk_status_t Cy_SysClk_PeriphDisableDivider(cy_en_divider_types_t dividerT
1845:Generated_Source\PSoC6\pdl\drivers/peripheral/sysclk/cy_sysclk.h **** __STATIC_INLINE cy_en_sysclk_status_t Cy_SysClk_PeriphEnablePhaseAlignDivider(cy_en_divider_types_t
1846:Generated_Source\PSoC6\pdl\drivers/peripheral/sysclk/cy_sysclk.h **** __STATIC_INLINE bool Cy_SysClk_PeriphGetDividerEnabled(cy_en_divider_types_t dividerType, uint32_t 
1847:Generated_Source\PSoC6\pdl\drivers/peripheral/sysclk/cy_sysclk.h **** uint32_t Cy_SysClk_PeriphGetFrequency(cy_en_divider_types_t dividerType, uint32_t dividerNum);
1848:Generated_Source\PSoC6\pdl\drivers/peripheral/sysclk/cy_sysclk.h **** 
1849:Generated_Source\PSoC6\pdl\drivers/peripheral/sysclk/cy_sysclk.h **** /*******************************************************************************
1850:Generated_Source\PSoC6\pdl\drivers/peripheral/sysclk/cy_sysclk.h **** * Function Name: Cy_SysClk_PeriphSetDivider
1851:Generated_Source\PSoC6\pdl\drivers/peripheral/sysclk/cy_sysclk.h **** ****************************************************************************//**
1852:Generated_Source\PSoC6\pdl\drivers/peripheral/sysclk/cy_sysclk.h **** *
1853:Generated_Source\PSoC6\pdl\drivers/peripheral/sysclk/cy_sysclk.h **** * Sets one of the programmable clock dividers. This is only used for integer
1854:Generated_Source\PSoC6\pdl\drivers/peripheral/sysclk/cy_sysclk.h **** * dividers. Use \ref Cy_SysClk_PeriphSetFracDivider for setting factional dividers.
1855:Generated_Source\PSoC6\pdl\drivers/peripheral/sysclk/cy_sysclk.h **** *
1856:Generated_Source\PSoC6\pdl\drivers/peripheral/sysclk/cy_sysclk.h **** * \pre If the specified clock divider is already enabled - it should be disabled
1857:Generated_Source\PSoC6\pdl\drivers/peripheral/sysclk/cy_sysclk.h **** * prior to use this function by \ref Cy_SysClk_PeriphDisableDivider.
1858:Generated_Source\PSoC6\pdl\drivers/peripheral/sysclk/cy_sysclk.h **** *
1859:Generated_Source\PSoC6\pdl\drivers/peripheral/sysclk/cy_sysclk.h **** * \param dividerType specifies which type of divider to use; \ref cy_en_divider_types_t
1860:Generated_Source\PSoC6\pdl\drivers/peripheral/sysclk/cy_sysclk.h **** *
1861:Generated_Source\PSoC6\pdl\drivers/peripheral/sysclk/cy_sysclk.h **** * \param dividerNum the divider number.
1862:Generated_Source\PSoC6\pdl\drivers/peripheral/sysclk/cy_sysclk.h **** *
1863:Generated_Source\PSoC6\pdl\drivers/peripheral/sysclk/cy_sysclk.h **** * \param dividerValue divider value
1864:Generated_Source\PSoC6\pdl\drivers/peripheral/sysclk/cy_sysclk.h **** * Causes integer division of (divider value + 1), or division by 1 to 256
1865:Generated_Source\PSoC6\pdl\drivers/peripheral/sysclk/cy_sysclk.h **** * (8-bit divider) or 1 to 65536 (16-bit divider).
1866:Generated_Source\PSoC6\pdl\drivers/peripheral/sysclk/cy_sysclk.h **** *
1867:Generated_Source\PSoC6\pdl\drivers/peripheral/sysclk/cy_sysclk.h **** * \return \ref cy_en_sysclk_status_t
1868:Generated_Source\PSoC6\pdl\drivers/peripheral/sysclk/cy_sysclk.h **** *
1869:Generated_Source\PSoC6\pdl\drivers/peripheral/sysclk/cy_sysclk.h **** * \funcusage
1870:Generated_Source\PSoC6\pdl\drivers/peripheral/sysclk/cy_sysclk.h **** * \snippet sysclk/2.0/snippet/main.c snippet_Cy_SysClk_PeriphSetDivider
1871:Generated_Source\PSoC6\pdl\drivers/peripheral/sysclk/cy_sysclk.h **** *
1872:Generated_Source\PSoC6\pdl\drivers/peripheral/sysclk/cy_sysclk.h **** *******************************************************************************/
1873:Generated_Source\PSoC6\pdl\drivers/peripheral/sysclk/cy_sysclk.h **** __STATIC_INLINE cy_en_sysclk_status_t
1874:Generated_Source\PSoC6\pdl\drivers/peripheral/sysclk/cy_sysclk.h ****                 Cy_SysClk_PeriphSetDivider(cy_en_divider_types_t dividerType,
1875:Generated_Source\PSoC6\pdl\drivers/peripheral/sysclk/cy_sysclk.h ****                                            uint32_t dividerNum, uint32_t dividerValue)
1876:Generated_Source\PSoC6\pdl\drivers/peripheral/sysclk/cy_sysclk.h **** {
1877:Generated_Source\PSoC6\pdl\drivers/peripheral/sysclk/cy_sysclk.h ****     cy_en_sysclk_status_t retVal = CY_SYSCLK_BAD_PARAM;
1878:Generated_Source\PSoC6\pdl\drivers/peripheral/sysclk/cy_sysclk.h ****     if (dividerType == CY_SYSCLK_DIV_8_BIT)
1879:Generated_Source\PSoC6\pdl\drivers/peripheral/sysclk/cy_sysclk.h ****     {
1880:Generated_Source\PSoC6\pdl\drivers/peripheral/sysclk/cy_sysclk.h ****         if ((dividerNum < PERI_DIV_8_NR) &&
1881:Generated_Source\PSoC6\pdl\drivers/peripheral/sysclk/cy_sysclk.h ****             (dividerValue <= (PERI_DIV_8_CTL_INT8_DIV_Msk >> PERI_DIV_8_CTL_INT8_DIV_Pos)))
1882:Generated_Source\PSoC6\pdl\drivers/peripheral/sysclk/cy_sysclk.h ****         {
1883:Generated_Source\PSoC6\pdl\drivers/peripheral/sysclk/cy_sysclk.h ****             CY_REG32_CLR_SET(PERI_DIV_8_CTL[dividerNum], PERI_DIV_8_CTL_INT8_DIV, dividerValue);
1884:Generated_Source\PSoC6\pdl\drivers/peripheral/sysclk/cy_sysclk.h ****             retVal = CY_SYSCLK_SUCCESS;
1885:Generated_Source\PSoC6\pdl\drivers/peripheral/sysclk/cy_sysclk.h ****         }
1886:Generated_Source\PSoC6\pdl\drivers/peripheral/sysclk/cy_sysclk.h ****     }
1887:Generated_Source\PSoC6\pdl\drivers/peripheral/sysclk/cy_sysclk.h ****     else if (dividerType == CY_SYSCLK_DIV_16_BIT)
1888:Generated_Source\PSoC6\pdl\drivers/peripheral/sysclk/cy_sysclk.h ****     {
1889:Generated_Source\PSoC6\pdl\drivers/peripheral/sysclk/cy_sysclk.h ****         if ((dividerNum < PERI_DIV_16_NR) &&
1890:Generated_Source\PSoC6\pdl\drivers/peripheral/sysclk/cy_sysclk.h ****             (dividerValue <= (PERI_DIV_16_CTL_INT16_DIV_Msk >> PERI_DIV_16_CTL_INT16_DIV_Pos)))
1891:Generated_Source\PSoC6\pdl\drivers/peripheral/sysclk/cy_sysclk.h ****         {
1892:Generated_Source\PSoC6\pdl\drivers/peripheral/sysclk/cy_sysclk.h ****             CY_REG32_CLR_SET(PERI_DIV_16_CTL[dividerNum], PERI_DIV_16_CTL_INT16_DIV, dividerValue);
ARM GAS  C:\Users\Finik\AppData\Local\Temp\ccXrCYub.s 			page 40


1893:Generated_Source\PSoC6\pdl\drivers/peripheral/sysclk/cy_sysclk.h ****             retVal = CY_SYSCLK_SUCCESS;
1894:Generated_Source\PSoC6\pdl\drivers/peripheral/sysclk/cy_sysclk.h ****         }
1895:Generated_Source\PSoC6\pdl\drivers/peripheral/sysclk/cy_sysclk.h ****     }
1896:Generated_Source\PSoC6\pdl\drivers/peripheral/sysclk/cy_sysclk.h ****     else
1897:Generated_Source\PSoC6\pdl\drivers/peripheral/sysclk/cy_sysclk.h ****     { /* return bad parameter */
1898:Generated_Source\PSoC6\pdl\drivers/peripheral/sysclk/cy_sysclk.h ****     }
1899:Generated_Source\PSoC6\pdl\drivers/peripheral/sysclk/cy_sysclk.h ****     return (retVal);
1900:Generated_Source\PSoC6\pdl\drivers/peripheral/sysclk/cy_sysclk.h **** }
1901:Generated_Source\PSoC6\pdl\drivers/peripheral/sysclk/cy_sysclk.h **** 
1902:Generated_Source\PSoC6\pdl\drivers/peripheral/sysclk/cy_sysclk.h **** /*******************************************************************************
1903:Generated_Source\PSoC6\pdl\drivers/peripheral/sysclk/cy_sysclk.h **** * Function Name: Cy_SysClk_PeriphGetDivider
1904:Generated_Source\PSoC6\pdl\drivers/peripheral/sysclk/cy_sysclk.h **** ****************************************************************************//**
1905:Generated_Source\PSoC6\pdl\drivers/peripheral/sysclk/cy_sysclk.h **** *
1906:Generated_Source\PSoC6\pdl\drivers/peripheral/sysclk/cy_sysclk.h **** * Returns the integer divider value for the specified divider. One works for
1907:Generated_Source\PSoC6\pdl\drivers/peripheral/sysclk/cy_sysclk.h **** * integer dividers. Use \ref Cy_SysClk_PeriphGetFracDivider to get the fractional
1908:Generated_Source\PSoC6\pdl\drivers/peripheral/sysclk/cy_sysclk.h **** * divider value
1909:Generated_Source\PSoC6\pdl\drivers/peripheral/sysclk/cy_sysclk.h **** *
1910:Generated_Source\PSoC6\pdl\drivers/peripheral/sysclk/cy_sysclk.h **** * \param dividerType specifies which type of divider to use; \ref cy_en_divider_types_t
1911:Generated_Source\PSoC6\pdl\drivers/peripheral/sysclk/cy_sysclk.h **** *
1912:Generated_Source\PSoC6\pdl\drivers/peripheral/sysclk/cy_sysclk.h **** * \param dividerNum specifies which divider of the selected type to configure
1913:Generated_Source\PSoC6\pdl\drivers/peripheral/sysclk/cy_sysclk.h **** *
1914:Generated_Source\PSoC6\pdl\drivers/peripheral/sysclk/cy_sysclk.h **** * \return The divider value.
1915:Generated_Source\PSoC6\pdl\drivers/peripheral/sysclk/cy_sysclk.h **** * The integer division done is by (divider value + 1), or division by 1 to 256
1916:Generated_Source\PSoC6\pdl\drivers/peripheral/sysclk/cy_sysclk.h **** * (8-bit divider) or 1 to 65536 (16-bit divider).
1917:Generated_Source\PSoC6\pdl\drivers/peripheral/sysclk/cy_sysclk.h **** *
1918:Generated_Source\PSoC6\pdl\drivers/peripheral/sysclk/cy_sysclk.h **** * \funcusage
1919:Generated_Source\PSoC6\pdl\drivers/peripheral/sysclk/cy_sysclk.h **** * \snippet sysclk/2.0/snippet/main.c snippet_Cy_SysClk_PeriphSetDivider
1920:Generated_Source\PSoC6\pdl\drivers/peripheral/sysclk/cy_sysclk.h **** *
1921:Generated_Source\PSoC6\pdl\drivers/peripheral/sysclk/cy_sysclk.h **** *******************************************************************************/
1922:Generated_Source\PSoC6\pdl\drivers/peripheral/sysclk/cy_sysclk.h **** __STATIC_INLINE uint32_t Cy_SysClk_PeriphGetDivider(cy_en_divider_types_t dividerType, uint32_t div
1923:Generated_Source\PSoC6\pdl\drivers/peripheral/sysclk/cy_sysclk.h **** {
1924:Generated_Source\PSoC6\pdl\drivers/peripheral/sysclk/cy_sysclk.h ****     uint32_t retVal;
1925:Generated_Source\PSoC6\pdl\drivers/peripheral/sysclk/cy_sysclk.h **** 
1926:Generated_Source\PSoC6\pdl\drivers/peripheral/sysclk/cy_sysclk.h ****     CY_ASSERT_L1(dividerType <= CY_SYSCLK_DIV_16_BIT);
1927:Generated_Source\PSoC6\pdl\drivers/peripheral/sysclk/cy_sysclk.h **** 
1928:Generated_Source\PSoC6\pdl\drivers/peripheral/sysclk/cy_sysclk.h ****     if (dividerType == CY_SYSCLK_DIV_8_BIT)
1929:Generated_Source\PSoC6\pdl\drivers/peripheral/sysclk/cy_sysclk.h ****     {
1930:Generated_Source\PSoC6\pdl\drivers/peripheral/sysclk/cy_sysclk.h ****         CY_ASSERT_L1(dividerNum < PERI_DIV_8_NR);
1931:Generated_Source\PSoC6\pdl\drivers/peripheral/sysclk/cy_sysclk.h ****         retVal = _FLD2VAL(PERI_DIV_8_CTL_INT8_DIV, PERI_DIV_8_CTL[dividerNum]);
1932:Generated_Source\PSoC6\pdl\drivers/peripheral/sysclk/cy_sysclk.h ****     }
1933:Generated_Source\PSoC6\pdl\drivers/peripheral/sysclk/cy_sysclk.h ****     else
1934:Generated_Source\PSoC6\pdl\drivers/peripheral/sysclk/cy_sysclk.h ****     { /* 16-bit divider */
1935:Generated_Source\PSoC6\pdl\drivers/peripheral/sysclk/cy_sysclk.h ****         CY_ASSERT_L1(dividerNum < PERI_DIV_16_NR);
1936:Generated_Source\PSoC6\pdl\drivers/peripheral/sysclk/cy_sysclk.h ****         retVal = _FLD2VAL(PERI_DIV_16_CTL_INT16_DIV, PERI_DIV_16_CTL[dividerNum]);
1937:Generated_Source\PSoC6\pdl\drivers/peripheral/sysclk/cy_sysclk.h ****     }
1938:Generated_Source\PSoC6\pdl\drivers/peripheral/sysclk/cy_sysclk.h ****     return (retVal);
1939:Generated_Source\PSoC6\pdl\drivers/peripheral/sysclk/cy_sysclk.h **** }
1940:Generated_Source\PSoC6\pdl\drivers/peripheral/sysclk/cy_sysclk.h **** 
1941:Generated_Source\PSoC6\pdl\drivers/peripheral/sysclk/cy_sysclk.h **** /*******************************************************************************
1942:Generated_Source\PSoC6\pdl\drivers/peripheral/sysclk/cy_sysclk.h **** * Function Name: Cy_SysClk_PeriphSetFracDivider
1943:Generated_Source\PSoC6\pdl\drivers/peripheral/sysclk/cy_sysclk.h **** ****************************************************************************//**
1944:Generated_Source\PSoC6\pdl\drivers/peripheral/sysclk/cy_sysclk.h **** *
1945:Generated_Source\PSoC6\pdl\drivers/peripheral/sysclk/cy_sysclk.h **** * Sets one of the programmable clock dividers. This function should only be used
1946:Generated_Source\PSoC6\pdl\drivers/peripheral/sysclk/cy_sysclk.h **** * for fractional clock dividers.
1947:Generated_Source\PSoC6\pdl\drivers/peripheral/sysclk/cy_sysclk.h **** *
1948:Generated_Source\PSoC6\pdl\drivers/peripheral/sysclk/cy_sysclk.h **** * \pre If the specified clock divider is already enabled - it should be disabled
1949:Generated_Source\PSoC6\pdl\drivers/peripheral/sysclk/cy_sysclk.h **** * prior to use this function by \ref Cy_SysClk_PeriphDisableDivider.
ARM GAS  C:\Users\Finik\AppData\Local\Temp\ccXrCYub.s 			page 41


1950:Generated_Source\PSoC6\pdl\drivers/peripheral/sysclk/cy_sysclk.h **** *
1951:Generated_Source\PSoC6\pdl\drivers/peripheral/sysclk/cy_sysclk.h **** * \param dividerType specifies which type of divider to use; \ref cy_en_divider_types_t
1952:Generated_Source\PSoC6\pdl\drivers/peripheral/sysclk/cy_sysclk.h **** *
1953:Generated_Source\PSoC6\pdl\drivers/peripheral/sysclk/cy_sysclk.h **** * \param dividerNum specifies which divider of the selected type to configure
1954:Generated_Source\PSoC6\pdl\drivers/peripheral/sysclk/cy_sysclk.h **** *
1955:Generated_Source\PSoC6\pdl\drivers/peripheral/sysclk/cy_sysclk.h **** * \param dividerIntValue the integer divider value
1956:Generated_Source\PSoC6\pdl\drivers/peripheral/sysclk/cy_sysclk.h **** * The source of the divider is peri_clk, which is a divided version of hf_clk[0].
1957:Generated_Source\PSoC6\pdl\drivers/peripheral/sysclk/cy_sysclk.h **** * The divider value causes integer division of (divider value + 1), or division
1958:Generated_Source\PSoC6\pdl\drivers/peripheral/sysclk/cy_sysclk.h **** * by 1 to 65536 (16-bit divider) or 1 to 16777216 (24-bit divider).
1959:Generated_Source\PSoC6\pdl\drivers/peripheral/sysclk/cy_sysclk.h **** *
1960:Generated_Source\PSoC6\pdl\drivers/peripheral/sysclk/cy_sysclk.h **** * \param dividerFracValue the fraction part of the divider
1961:Generated_Source\PSoC6\pdl\drivers/peripheral/sysclk/cy_sysclk.h **** * The fractional divider can be 1-32, thus it divides the clock by 1/32 for each
1962:Generated_Source\PSoC6\pdl\drivers/peripheral/sysclk/cy_sysclk.h **** * count. To divide the clock by 11/32nds set this value to 11.
1963:Generated_Source\PSoC6\pdl\drivers/peripheral/sysclk/cy_sysclk.h **** *
1964:Generated_Source\PSoC6\pdl\drivers/peripheral/sysclk/cy_sysclk.h **** * \return \ref cy_en_sysclk_status_t
1965:Generated_Source\PSoC6\pdl\drivers/peripheral/sysclk/cy_sysclk.h **** *
1966:Generated_Source\PSoC6\pdl\drivers/peripheral/sysclk/cy_sysclk.h **** * \funcusage
1967:Generated_Source\PSoC6\pdl\drivers/peripheral/sysclk/cy_sysclk.h **** * \snippet sysclk/2.0/snippet/main.c snippet_Cy_SysClk_PeriphSetFracDivider
1968:Generated_Source\PSoC6\pdl\drivers/peripheral/sysclk/cy_sysclk.h **** *
1969:Generated_Source\PSoC6\pdl\drivers/peripheral/sysclk/cy_sysclk.h **** *******************************************************************************/
1970:Generated_Source\PSoC6\pdl\drivers/peripheral/sysclk/cy_sysclk.h **** __STATIC_INLINE cy_en_sysclk_status_t
1971:Generated_Source\PSoC6\pdl\drivers/peripheral/sysclk/cy_sysclk.h ****                 Cy_SysClk_PeriphSetFracDivider(cy_en_divider_types_t dividerType, uint32_t dividerN
1972:Generated_Source\PSoC6\pdl\drivers/peripheral/sysclk/cy_sysclk.h ****                                                uint32_t dividerIntValue, uint32_t dividerFracValue)
1973:Generated_Source\PSoC6\pdl\drivers/peripheral/sysclk/cy_sysclk.h **** {
1974:Generated_Source\PSoC6\pdl\drivers/peripheral/sysclk/cy_sysclk.h ****     cy_en_sysclk_status_t retVal = CY_SYSCLK_BAD_PARAM;
1975:Generated_Source\PSoC6\pdl\drivers/peripheral/sysclk/cy_sysclk.h ****     if (dividerType == CY_SYSCLK_DIV_16_5_BIT)
1976:Generated_Source\PSoC6\pdl\drivers/peripheral/sysclk/cy_sysclk.h ****     {
1977:Generated_Source\PSoC6\pdl\drivers/peripheral/sysclk/cy_sysclk.h ****         if ((dividerNum < PERI_DIV_16_5_NR) &&
1978:Generated_Source\PSoC6\pdl\drivers/peripheral/sysclk/cy_sysclk.h ****             (dividerIntValue <= (PERI_DIV_16_5_CTL_INT16_DIV_Msk >> PERI_DIV_16_5_CTL_INT16_DIV_Pos
1979:Generated_Source\PSoC6\pdl\drivers/peripheral/sysclk/cy_sysclk.h ****             (dividerFracValue <= (PERI_DIV_16_5_CTL_FRAC5_DIV_Msk >> PERI_DIV_16_5_CTL_FRAC5_DIV_Po
1980:Generated_Source\PSoC6\pdl\drivers/peripheral/sysclk/cy_sysclk.h ****         {
1981:Generated_Source\PSoC6\pdl\drivers/peripheral/sysclk/cy_sysclk.h ****             CY_REG32_CLR_SET(PERI_DIV_16_5_CTL[dividerNum], PERI_DIV_16_5_CTL_INT16_DIV, dividerInt
1982:Generated_Source\PSoC6\pdl\drivers/peripheral/sysclk/cy_sysclk.h ****             CY_REG32_CLR_SET(PERI_DIV_16_5_CTL[dividerNum], PERI_DIV_16_5_CTL_FRAC5_DIV, dividerFra
1983:Generated_Source\PSoC6\pdl\drivers/peripheral/sysclk/cy_sysclk.h ****             retVal = CY_SYSCLK_SUCCESS;
1984:Generated_Source\PSoC6\pdl\drivers/peripheral/sysclk/cy_sysclk.h ****         }
1985:Generated_Source\PSoC6\pdl\drivers/peripheral/sysclk/cy_sysclk.h ****     }
1986:Generated_Source\PSoC6\pdl\drivers/peripheral/sysclk/cy_sysclk.h ****     else if (dividerType == CY_SYSCLK_DIV_24_5_BIT)
1987:Generated_Source\PSoC6\pdl\drivers/peripheral/sysclk/cy_sysclk.h ****     {
1988:Generated_Source\PSoC6\pdl\drivers/peripheral/sysclk/cy_sysclk.h ****         if ((dividerNum < PERI_DIV_24_5_NR) &&
1989:Generated_Source\PSoC6\pdl\drivers/peripheral/sysclk/cy_sysclk.h ****             (dividerIntValue <= (PERI_DIV_24_5_CTL_INT24_DIV_Msk >> PERI_DIV_24_5_CTL_INT24_DIV_Pos
1990:Generated_Source\PSoC6\pdl\drivers/peripheral/sysclk/cy_sysclk.h ****             (dividerFracValue <= (PERI_DIV_24_5_CTL_FRAC5_DIV_Msk >> PERI_DIV_24_5_CTL_FRAC5_DIV_Po
1991:Generated_Source\PSoC6\pdl\drivers/peripheral/sysclk/cy_sysclk.h ****         {
1992:Generated_Source\PSoC6\pdl\drivers/peripheral/sysclk/cy_sysclk.h ****             CY_REG32_CLR_SET(PERI_DIV_24_5_CTL[dividerNum], PERI_DIV_24_5_CTL_INT24_DIV, dividerInt
1993:Generated_Source\PSoC6\pdl\drivers/peripheral/sysclk/cy_sysclk.h ****             CY_REG32_CLR_SET(PERI_DIV_24_5_CTL[dividerNum], PERI_DIV_24_5_CTL_FRAC5_DIV, dividerFra
1994:Generated_Source\PSoC6\pdl\drivers/peripheral/sysclk/cy_sysclk.h ****             retVal = CY_SYSCLK_SUCCESS;
1995:Generated_Source\PSoC6\pdl\drivers/peripheral/sysclk/cy_sysclk.h ****         }
1996:Generated_Source\PSoC6\pdl\drivers/peripheral/sysclk/cy_sysclk.h ****     }
1997:Generated_Source\PSoC6\pdl\drivers/peripheral/sysclk/cy_sysclk.h ****     else
1998:Generated_Source\PSoC6\pdl\drivers/peripheral/sysclk/cy_sysclk.h ****     { /* return bad parameter */
1999:Generated_Source\PSoC6\pdl\drivers/peripheral/sysclk/cy_sysclk.h ****     }
2000:Generated_Source\PSoC6\pdl\drivers/peripheral/sysclk/cy_sysclk.h ****     return (retVal);
2001:Generated_Source\PSoC6\pdl\drivers/peripheral/sysclk/cy_sysclk.h **** }
2002:Generated_Source\PSoC6\pdl\drivers/peripheral/sysclk/cy_sysclk.h **** 
2003:Generated_Source\PSoC6\pdl\drivers/peripheral/sysclk/cy_sysclk.h **** /*******************************************************************************
2004:Generated_Source\PSoC6\pdl\drivers/peripheral/sysclk/cy_sysclk.h **** * Function Name: Cy_SysClk_PeriphGetFracDivider
2005:Generated_Source\PSoC6\pdl\drivers/peripheral/sysclk/cy_sysclk.h **** ****************************************************************************//**
2006:Generated_Source\PSoC6\pdl\drivers/peripheral/sysclk/cy_sysclk.h **** *
ARM GAS  C:\Users\Finik\AppData\Local\Temp\ccXrCYub.s 			page 42


2007:Generated_Source\PSoC6\pdl\drivers/peripheral/sysclk/cy_sysclk.h **** * Reports the integer and fractional parts of the divider
2008:Generated_Source\PSoC6\pdl\drivers/peripheral/sysclk/cy_sysclk.h **** *
2009:Generated_Source\PSoC6\pdl\drivers/peripheral/sysclk/cy_sysclk.h **** * \param dividerType specifies which type of divider to use; \ref cy_en_divider_types_t
2010:Generated_Source\PSoC6\pdl\drivers/peripheral/sysclk/cy_sysclk.h **** *
2011:Generated_Source\PSoC6\pdl\drivers/peripheral/sysclk/cy_sysclk.h **** * \param dividerNum specifies which divider of the selected type to configure
2012:Generated_Source\PSoC6\pdl\drivers/peripheral/sysclk/cy_sysclk.h **** *
2013:Generated_Source\PSoC6\pdl\drivers/peripheral/sysclk/cy_sysclk.h **** * \param *dividerIntValue pointer to return integer divider value
2014:Generated_Source\PSoC6\pdl\drivers/peripheral/sysclk/cy_sysclk.h **** *
2015:Generated_Source\PSoC6\pdl\drivers/peripheral/sysclk/cy_sysclk.h **** * \param *dividerFracValue pointer to return fractional divider value
2016:Generated_Source\PSoC6\pdl\drivers/peripheral/sysclk/cy_sysclk.h **** *
2017:Generated_Source\PSoC6\pdl\drivers/peripheral/sysclk/cy_sysclk.h **** * \return None. Loads pointed-to variables.
2018:Generated_Source\PSoC6\pdl\drivers/peripheral/sysclk/cy_sysclk.h **** *
2019:Generated_Source\PSoC6\pdl\drivers/peripheral/sysclk/cy_sysclk.h **** * \funcusage
2020:Generated_Source\PSoC6\pdl\drivers/peripheral/sysclk/cy_sysclk.h **** * \snippet sysclk/2.0/snippet/main.c snippet_Cy_SysClk_PeriphSetFracDivider
2021:Generated_Source\PSoC6\pdl\drivers/peripheral/sysclk/cy_sysclk.h **** *
2022:Generated_Source\PSoC6\pdl\drivers/peripheral/sysclk/cy_sysclk.h **** *******************************************************************************/
2023:Generated_Source\PSoC6\pdl\drivers/peripheral/sysclk/cy_sysclk.h **** __STATIC_INLINE void Cy_SysClk_PeriphGetFracDivider(cy_en_divider_types_t dividerType, uint32_t div
2024:Generated_Source\PSoC6\pdl\drivers/peripheral/sysclk/cy_sysclk.h ****                                                     uint32_t *dividerIntValue, uint32_t *dividerFra
2025:Generated_Source\PSoC6\pdl\drivers/peripheral/sysclk/cy_sysclk.h **** {
2026:Generated_Source\PSoC6\pdl\drivers/peripheral/sysclk/cy_sysclk.h ****     CY_ASSERT_L1(((dividerType == CY_SYSCLK_DIV_16_5_BIT) || (dividerType == CY_SYSCLK_DIV_24_5_BIT
2027:Generated_Source\PSoC6\pdl\drivers/peripheral/sysclk/cy_sysclk.h ****                  (dividerIntValue != NULL) && (dividerFracValue != NULL));
2028:Generated_Source\PSoC6\pdl\drivers/peripheral/sysclk/cy_sysclk.h **** 
2029:Generated_Source\PSoC6\pdl\drivers/peripheral/sysclk/cy_sysclk.h ****     if (dividerType == CY_SYSCLK_DIV_16_5_BIT)
2030:Generated_Source\PSoC6\pdl\drivers/peripheral/sysclk/cy_sysclk.h ****     {
2031:Generated_Source\PSoC6\pdl\drivers/peripheral/sysclk/cy_sysclk.h ****         CY_ASSERT_L1(dividerNum < PERI_DIV_16_5_NR);
2032:Generated_Source\PSoC6\pdl\drivers/peripheral/sysclk/cy_sysclk.h ****         *dividerIntValue  = _FLD2VAL(PERI_DIV_16_5_CTL_INT16_DIV, PERI_DIV_16_5_CTL[dividerNum]);
2033:Generated_Source\PSoC6\pdl\drivers/peripheral/sysclk/cy_sysclk.h ****         *dividerFracValue = _FLD2VAL(PERI_DIV_16_5_CTL_FRAC5_DIV, PERI_DIV_16_5_CTL[dividerNum]);
2034:Generated_Source\PSoC6\pdl\drivers/peripheral/sysclk/cy_sysclk.h ****     }
2035:Generated_Source\PSoC6\pdl\drivers/peripheral/sysclk/cy_sysclk.h ****     else
2036:Generated_Source\PSoC6\pdl\drivers/peripheral/sysclk/cy_sysclk.h ****     { /* 24.5-bit divider */
2037:Generated_Source\PSoC6\pdl\drivers/peripheral/sysclk/cy_sysclk.h ****         CY_ASSERT_L1(dividerNum < PERI_DIV_24_5_NR);
2038:Generated_Source\PSoC6\pdl\drivers/peripheral/sysclk/cy_sysclk.h ****         *dividerIntValue  = _FLD2VAL(PERI_DIV_24_5_CTL_INT24_DIV, PERI_DIV_24_5_CTL[dividerNum]);
2039:Generated_Source\PSoC6\pdl\drivers/peripheral/sysclk/cy_sysclk.h ****         *dividerFracValue = _FLD2VAL(PERI_DIV_24_5_CTL_FRAC5_DIV, PERI_DIV_24_5_CTL[dividerNum]);
2040:Generated_Source\PSoC6\pdl\drivers/peripheral/sysclk/cy_sysclk.h ****     }
2041:Generated_Source\PSoC6\pdl\drivers/peripheral/sysclk/cy_sysclk.h **** }
2042:Generated_Source\PSoC6\pdl\drivers/peripheral/sysclk/cy_sysclk.h **** 
2043:Generated_Source\PSoC6\pdl\drivers/peripheral/sysclk/cy_sysclk.h **** /*******************************************************************************
2044:Generated_Source\PSoC6\pdl\drivers/peripheral/sysclk/cy_sysclk.h **** * Function Name: Cy_SysClk_PeriphAssignDivider
2045:Generated_Source\PSoC6\pdl\drivers/peripheral/sysclk/cy_sysclk.h **** ****************************************************************************//**
2046:Generated_Source\PSoC6\pdl\drivers/peripheral/sysclk/cy_sysclk.h **** *
2047:Generated_Source\PSoC6\pdl\drivers/peripheral/sysclk/cy_sysclk.h **** * Assigns a programmable divider to a selected IP block, such as a TCPWM or SCB.
2048:Generated_Source\PSoC6\pdl\drivers/peripheral/sysclk/cy_sysclk.h **** *
2049:Generated_Source\PSoC6\pdl\drivers/peripheral/sysclk/cy_sysclk.h **** * \param ipBlock specifies ip block to connect the clock divider to.
2050:Generated_Source\PSoC6\pdl\drivers/peripheral/sysclk/cy_sysclk.h **** *
2051:Generated_Source\PSoC6\pdl\drivers/peripheral/sysclk/cy_sysclk.h **** * \param dividerType specifies which type of divider to use; \ref cy_en_divider_types_t
2052:Generated_Source\PSoC6\pdl\drivers/peripheral/sysclk/cy_sysclk.h **** *
2053:Generated_Source\PSoC6\pdl\drivers/peripheral/sysclk/cy_sysclk.h **** * \param dividerNum specifies which divider of the selected type to configure
2054:Generated_Source\PSoC6\pdl\drivers/peripheral/sysclk/cy_sysclk.h **** *
2055:Generated_Source\PSoC6\pdl\drivers/peripheral/sysclk/cy_sysclk.h **** * \return \ref cy_en_sysclk_status_t
2056:Generated_Source\PSoC6\pdl\drivers/peripheral/sysclk/cy_sysclk.h **** *
2057:Generated_Source\PSoC6\pdl\drivers/peripheral/sysclk/cy_sysclk.h **** * \funcusage
2058:Generated_Source\PSoC6\pdl\drivers/peripheral/sysclk/cy_sysclk.h **** * \snippet sysclk/2.0/snippet/main.c snippet_Cy_SysClk_PeriphAssignDivider
2059:Generated_Source\PSoC6\pdl\drivers/peripheral/sysclk/cy_sysclk.h **** *
2060:Generated_Source\PSoC6\pdl\drivers/peripheral/sysclk/cy_sysclk.h **** *******************************************************************************/
2061:Generated_Source\PSoC6\pdl\drivers/peripheral/sysclk/cy_sysclk.h **** __STATIC_INLINE cy_en_sysclk_status_t
2062:Generated_Source\PSoC6\pdl\drivers/peripheral/sysclk/cy_sysclk.h ****                 Cy_SysClk_PeriphAssignDivider(en_clk_dst_t ipBlock,
2063:Generated_Source\PSoC6\pdl\drivers/peripheral/sysclk/cy_sysclk.h ****                                               cy_en_divider_types_t dividerType, uint32_t dividerNu
ARM GAS  C:\Users\Finik\AppData\Local\Temp\ccXrCYub.s 			page 43


2064:Generated_Source\PSoC6\pdl\drivers/peripheral/sysclk/cy_sysclk.h **** {
2065:Generated_Source\PSoC6\pdl\drivers/peripheral/sysclk/cy_sysclk.h ****     cy_en_sysclk_status_t retVal = CY_SYSCLK_BAD_PARAM;
2066:Generated_Source\PSoC6\pdl\drivers/peripheral/sysclk/cy_sysclk.h ****     if ((CY_PERI_CLOCK_NR > (uint32_t)ipBlock) && (CY_SYSCLK_DIV_24_5_BIT >= dividerType))
2067:Generated_Source\PSoC6\pdl\drivers/peripheral/sysclk/cy_sysclk.h ****     {
2068:Generated_Source\PSoC6\pdl\drivers/peripheral/sysclk/cy_sysclk.h ****         if (((dividerType == CY_SYSCLK_DIV_8_BIT)    && (dividerNum < PERI_DIV_8_NR))    ||
2069:Generated_Source\PSoC6\pdl\drivers/peripheral/sysclk/cy_sysclk.h ****             ((dividerType == CY_SYSCLK_DIV_16_BIT)   && (dividerNum < PERI_DIV_16_NR))   ||
2070:Generated_Source\PSoC6\pdl\drivers/peripheral/sysclk/cy_sysclk.h ****             ((dividerType == CY_SYSCLK_DIV_16_5_BIT) && (dividerNum < PERI_DIV_16_5_NR)) ||
2071:Generated_Source\PSoC6\pdl\drivers/peripheral/sysclk/cy_sysclk.h ****             ((dividerType == CY_SYSCLK_DIV_24_5_BIT) && (dividerNum < PERI_DIV_24_5_NR)))
2072:Generated_Source\PSoC6\pdl\drivers/peripheral/sysclk/cy_sysclk.h ****         {
2073:Generated_Source\PSoC6\pdl\drivers/peripheral/sysclk/cy_sysclk.h ****             PERI_CLOCK_CTL[ipBlock] = _VAL2FLD(CY_PERI_CLOCK_CTL_TYPE_SEL, dividerType) |
2074:Generated_Source\PSoC6\pdl\drivers/peripheral/sysclk/cy_sysclk.h ****                                       _VAL2FLD(CY_PERI_CLOCK_CTL_DIV_SEL, dividerNum);
2075:Generated_Source\PSoC6\pdl\drivers/peripheral/sysclk/cy_sysclk.h ****             retVal = CY_SYSCLK_SUCCESS;
2076:Generated_Source\PSoC6\pdl\drivers/peripheral/sysclk/cy_sysclk.h ****         }
2077:Generated_Source\PSoC6\pdl\drivers/peripheral/sysclk/cy_sysclk.h ****     }
2078:Generated_Source\PSoC6\pdl\drivers/peripheral/sysclk/cy_sysclk.h ****     return (retVal);
2079:Generated_Source\PSoC6\pdl\drivers/peripheral/sysclk/cy_sysclk.h **** }
2080:Generated_Source\PSoC6\pdl\drivers/peripheral/sysclk/cy_sysclk.h **** 
2081:Generated_Source\PSoC6\pdl\drivers/peripheral/sysclk/cy_sysclk.h **** /*******************************************************************************
2082:Generated_Source\PSoC6\pdl\drivers/peripheral/sysclk/cy_sysclk.h **** * Function Name: Cy_SysClk_PeriphGetAssignedDivider
2083:Generated_Source\PSoC6\pdl\drivers/peripheral/sysclk/cy_sysclk.h **** ****************************************************************************//**
2084:Generated_Source\PSoC6\pdl\drivers/peripheral/sysclk/cy_sysclk.h **** *
2085:Generated_Source\PSoC6\pdl\drivers/peripheral/sysclk/cy_sysclk.h **** * Reports which clock divider is assigned to a selected IP block.
2086:Generated_Source\PSoC6\pdl\drivers/peripheral/sysclk/cy_sysclk.h **** *
2087:Generated_Source\PSoC6\pdl\drivers/peripheral/sysclk/cy_sysclk.h **** * \param ipBlock specifies ip block to connect the clock divider to.
2088:Generated_Source\PSoC6\pdl\drivers/peripheral/sysclk/cy_sysclk.h **** *
2089:Generated_Source\PSoC6\pdl\drivers/peripheral/sysclk/cy_sysclk.h **** * \return The divider type and number, where bits [7:6] = type, bits[5:0] = divider
2090:Generated_Source\PSoC6\pdl\drivers/peripheral/sysclk/cy_sysclk.h **** * number within that type
2091:Generated_Source\PSoC6\pdl\drivers/peripheral/sysclk/cy_sysclk.h **** *
2092:Generated_Source\PSoC6\pdl\drivers/peripheral/sysclk/cy_sysclk.h **** * \funcusage
2093:Generated_Source\PSoC6\pdl\drivers/peripheral/sysclk/cy_sysclk.h **** * \snippet sysclk/2.0/snippet/main.c snippet_Cy_SysClk_PeriphAssignDivider
2094:Generated_Source\PSoC6\pdl\drivers/peripheral/sysclk/cy_sysclk.h **** *
2095:Generated_Source\PSoC6\pdl\drivers/peripheral/sysclk/cy_sysclk.h **** *******************************************************************************/
2096:Generated_Source\PSoC6\pdl\drivers/peripheral/sysclk/cy_sysclk.h **** __STATIC_INLINE uint32_t Cy_SysClk_PeriphGetAssignedDivider(en_clk_dst_t ipBlock)
2097:Generated_Source\PSoC6\pdl\drivers/peripheral/sysclk/cy_sysclk.h **** {
2098:Generated_Source\PSoC6\pdl\drivers/peripheral/sysclk/cy_sysclk.h ****     CY_ASSERT_L1(CY_PERI_CLOCK_NR > (uint32_t)ipBlock);
2099:Generated_Source\PSoC6\pdl\drivers/peripheral/sysclk/cy_sysclk.h ****     return (PERI_CLOCK_CTL[ipBlock] & (CY_PERI_CLOCK_CTL_DIV_SEL_Msk | CY_PERI_CLOCK_CTL_TYPE_SEL_M
2100:Generated_Source\PSoC6\pdl\drivers/peripheral/sysclk/cy_sysclk.h **** }
2101:Generated_Source\PSoC6\pdl\drivers/peripheral/sysclk/cy_sysclk.h **** 
2102:Generated_Source\PSoC6\pdl\drivers/peripheral/sysclk/cy_sysclk.h **** /*******************************************************************************
2103:Generated_Source\PSoC6\pdl\drivers/peripheral/sysclk/cy_sysclk.h **** * Function Name: Cy_SysClk_PeriphEnableDivider
2104:Generated_Source\PSoC6\pdl\drivers/peripheral/sysclk/cy_sysclk.h **** ****************************************************************************//**
2105:Generated_Source\PSoC6\pdl\drivers/peripheral/sysclk/cy_sysclk.h **** *
2106:Generated_Source\PSoC6\pdl\drivers/peripheral/sysclk/cy_sysclk.h **** * Enables the selected divider.
2107:Generated_Source\PSoC6\pdl\drivers/peripheral/sysclk/cy_sysclk.h **** *
2108:Generated_Source\PSoC6\pdl\drivers/peripheral/sysclk/cy_sysclk.h **** * \param dividerType specifies which type of divider to use; \ref cy_en_divider_types_t
2109:Generated_Source\PSoC6\pdl\drivers/peripheral/sysclk/cy_sysclk.h **** *
2110:Generated_Source\PSoC6\pdl\drivers/peripheral/sysclk/cy_sysclk.h **** * \param dividerNum specifies which divider of the selected type to configure
2111:Generated_Source\PSoC6\pdl\drivers/peripheral/sysclk/cy_sysclk.h **** *
2112:Generated_Source\PSoC6\pdl\drivers/peripheral/sysclk/cy_sysclk.h **** * \note This function also sets the phase alignment bits such that the enabled
2113:Generated_Source\PSoC6\pdl\drivers/peripheral/sysclk/cy_sysclk.h **** * divider is aligned to clk_peri. See \ref Cy_SysClk_PeriphDisableDivider()
2114:Generated_Source\PSoC6\pdl\drivers/peripheral/sysclk/cy_sysclk.h **** * for information on how to phase-align a divider after it is enabled.
2115:Generated_Source\PSoC6\pdl\drivers/peripheral/sysclk/cy_sysclk.h **** *
2116:Generated_Source\PSoC6\pdl\drivers/peripheral/sysclk/cy_sysclk.h **** * \funcusage
2117:Generated_Source\PSoC6\pdl\drivers/peripheral/sysclk/cy_sysclk.h **** * \snippet sysclk/2.0/snippet/main.c snippet_Cy_SysClk_PeriphEnableDivider
2118:Generated_Source\PSoC6\pdl\drivers/peripheral/sysclk/cy_sysclk.h **** *
2119:Generated_Source\PSoC6\pdl\drivers/peripheral/sysclk/cy_sysclk.h **** *******************************************************************************/
2120:Generated_Source\PSoC6\pdl\drivers/peripheral/sysclk/cy_sysclk.h **** __STATIC_INLINE cy_en_sysclk_status_t
ARM GAS  C:\Users\Finik\AppData\Local\Temp\ccXrCYub.s 			page 44


2121:Generated_Source\PSoC6\pdl\drivers/peripheral/sysclk/cy_sysclk.h ****                 Cy_SysClk_PeriphEnableDivider(cy_en_divider_types_t dividerType, uint32_t dividerNu
2122:Generated_Source\PSoC6\pdl\drivers/peripheral/sysclk/cy_sysclk.h **** {
2123:Generated_Source\PSoC6\pdl\drivers/peripheral/sysclk/cy_sysclk.h ****     cy_en_sysclk_status_t retVal = CY_SYSCLK_BAD_PARAM;
2124:Generated_Source\PSoC6\pdl\drivers/peripheral/sysclk/cy_sysclk.h ****     if (dividerType <= CY_SYSCLK_DIV_24_5_BIT)
2125:Generated_Source\PSoC6\pdl\drivers/peripheral/sysclk/cy_sysclk.h ****     {
2126:Generated_Source\PSoC6\pdl\drivers/peripheral/sysclk/cy_sysclk.h ****         if (((dividerType == CY_SYSCLK_DIV_8_BIT)    && (dividerNum < PERI_DIV_8_NR))    ||
2127:Generated_Source\PSoC6\pdl\drivers/peripheral/sysclk/cy_sysclk.h ****             ((dividerType == CY_SYSCLK_DIV_16_BIT)   && (dividerNum < PERI_DIV_16_NR))   ||
2128:Generated_Source\PSoC6\pdl\drivers/peripheral/sysclk/cy_sysclk.h ****             ((dividerType == CY_SYSCLK_DIV_16_5_BIT) && (dividerNum < PERI_DIV_16_5_NR)) ||
2129:Generated_Source\PSoC6\pdl\drivers/peripheral/sysclk/cy_sysclk.h ****             ((dividerType == CY_SYSCLK_DIV_24_5_BIT) && (dividerNum < PERI_DIV_24_5_NR)))
2130:Generated_Source\PSoC6\pdl\drivers/peripheral/sysclk/cy_sysclk.h ****         {
2131:Generated_Source\PSoC6\pdl\drivers/peripheral/sysclk/cy_sysclk.h ****             /* specify the divider, make the reference = clk_peri, and enable the divider */
2132:Generated_Source\PSoC6\pdl\drivers/peripheral/sysclk/cy_sysclk.h ****             PERI_DIV_CMD = PERI_DIV_CMD_ENABLE_Msk                         |
2133:Generated_Source\PSoC6\pdl\drivers/peripheral/sysclk/cy_sysclk.h ****                            CY_PERI_DIV_CMD_PA_TYPE_SEL_Msk                 |
2134:Generated_Source\PSoC6\pdl\drivers/peripheral/sysclk/cy_sysclk.h ****                            CY_PERI_DIV_CMD_PA_DIV_SEL_Msk                  |
2135:Generated_Source\PSoC6\pdl\drivers/peripheral/sysclk/cy_sysclk.h ****                            _VAL2FLD(CY_PERI_DIV_CMD_TYPE_SEL, dividerType) |
2136:Generated_Source\PSoC6\pdl\drivers/peripheral/sysclk/cy_sysclk.h ****                            _VAL2FLD(CY_PERI_DIV_CMD_DIV_SEL,  dividerNum);
2137:Generated_Source\PSoC6\pdl\drivers/peripheral/sysclk/cy_sysclk.h ****             (void)PERI_DIV_CMD; /* dummy read to handle buffered writes */
2138:Generated_Source\PSoC6\pdl\drivers/peripheral/sysclk/cy_sysclk.h ****             retVal = CY_SYSCLK_SUCCESS;
2139:Generated_Source\PSoC6\pdl\drivers/peripheral/sysclk/cy_sysclk.h ****         }
2140:Generated_Source\PSoC6\pdl\drivers/peripheral/sysclk/cy_sysclk.h ****     }
2141:Generated_Source\PSoC6\pdl\drivers/peripheral/sysclk/cy_sysclk.h ****     return (retVal);
2142:Generated_Source\PSoC6\pdl\drivers/peripheral/sysclk/cy_sysclk.h **** }
2143:Generated_Source\PSoC6\pdl\drivers/peripheral/sysclk/cy_sysclk.h **** 
2144:Generated_Source\PSoC6\pdl\drivers/peripheral/sysclk/cy_sysclk.h **** /*******************************************************************************
2145:Generated_Source\PSoC6\pdl\drivers/peripheral/sysclk/cy_sysclk.h **** * Function Name: Cy_SysClk_PeriphDisableDivider
2146:Generated_Source\PSoC6\pdl\drivers/peripheral/sysclk/cy_sysclk.h **** ****************************************************************************//**
2147:Generated_Source\PSoC6\pdl\drivers/peripheral/sysclk/cy_sysclk.h **** *
2148:Generated_Source\PSoC6\pdl\drivers/peripheral/sysclk/cy_sysclk.h **** * Disables a selected divider.
2149:Generated_Source\PSoC6\pdl\drivers/peripheral/sysclk/cy_sysclk.h **** *
2150:Generated_Source\PSoC6\pdl\drivers/peripheral/sysclk/cy_sysclk.h **** * \param dividerType specifies which type of divider to use; \ref cy_en_divider_types_t.
2151:Generated_Source\PSoC6\pdl\drivers/peripheral/sysclk/cy_sysclk.h **** *
2152:Generated_Source\PSoC6\pdl\drivers/peripheral/sysclk/cy_sysclk.h **** * \param dividerNum specifies which divider of the selected type to configure.
2153:Generated_Source\PSoC6\pdl\drivers/peripheral/sysclk/cy_sysclk.h **** *
2154:Generated_Source\PSoC6\pdl\drivers/peripheral/sysclk/cy_sysclk.h **** * \funcusage
2155:Generated_Source\PSoC6\pdl\drivers/peripheral/sysclk/cy_sysclk.h **** * \snippet sysclk/2.0/snippet/main.c snippet_Cy_SysClk_PeriphDisableDivider
2156:Generated_Source\PSoC6\pdl\drivers/peripheral/sysclk/cy_sysclk.h **** *
2157:Generated_Source\PSoC6\pdl\drivers/peripheral/sysclk/cy_sysclk.h **** *******************************************************************************/
2158:Generated_Source\PSoC6\pdl\drivers/peripheral/sysclk/cy_sysclk.h **** __STATIC_INLINE cy_en_sysclk_status_t
2159:Generated_Source\PSoC6\pdl\drivers/peripheral/sysclk/cy_sysclk.h ****                 Cy_SysClk_PeriphDisableDivider(cy_en_divider_types_t dividerType, uint32_t dividerN
2160:Generated_Source\PSoC6\pdl\drivers/peripheral/sysclk/cy_sysclk.h **** {
2161:Generated_Source\PSoC6\pdl\drivers/peripheral/sysclk/cy_sysclk.h ****     cy_en_sysclk_status_t retVal = CY_SYSCLK_BAD_PARAM;
2162:Generated_Source\PSoC6\pdl\drivers/peripheral/sysclk/cy_sysclk.h ****     if (dividerType <= CY_SYSCLK_DIV_24_5_BIT)
2163:Generated_Source\PSoC6\pdl\drivers/peripheral/sysclk/cy_sysclk.h ****     {
2164:Generated_Source\PSoC6\pdl\drivers/peripheral/sysclk/cy_sysclk.h ****         if (((dividerType == CY_SYSCLK_DIV_8_BIT)    && (dividerNum < PERI_DIV_8_NR))    ||
2165:Generated_Source\PSoC6\pdl\drivers/peripheral/sysclk/cy_sysclk.h ****             ((dividerType == CY_SYSCLK_DIV_16_BIT)   && (dividerNum < PERI_DIV_16_NR))   ||
2166:Generated_Source\PSoC6\pdl\drivers/peripheral/sysclk/cy_sysclk.h ****             ((dividerType == CY_SYSCLK_DIV_16_5_BIT) && (dividerNum < PERI_DIV_16_5_NR)) ||
2167:Generated_Source\PSoC6\pdl\drivers/peripheral/sysclk/cy_sysclk.h ****             ((dividerType == CY_SYSCLK_DIV_24_5_BIT) && (dividerNum < PERI_DIV_24_5_NR)))
2168:Generated_Source\PSoC6\pdl\drivers/peripheral/sysclk/cy_sysclk.h ****         {
2169:Generated_Source\PSoC6\pdl\drivers/peripheral/sysclk/cy_sysclk.h ****             /* specify the divider and disable it */
2170:Generated_Source\PSoC6\pdl\drivers/peripheral/sysclk/cy_sysclk.h ****             PERI_DIV_CMD = PERI_DIV_CMD_DISABLE_Msk          |
2171:Generated_Source\PSoC6\pdl\drivers/peripheral/sysclk/cy_sysclk.h ****              _VAL2FLD(CY_PERI_DIV_CMD_TYPE_SEL, dividerType) |
2172:Generated_Source\PSoC6\pdl\drivers/peripheral/sysclk/cy_sysclk.h ****              _VAL2FLD(CY_PERI_DIV_CMD_DIV_SEL,  dividerNum);
2173:Generated_Source\PSoC6\pdl\drivers/peripheral/sysclk/cy_sysclk.h ****             retVal = CY_SYSCLK_SUCCESS;
2174:Generated_Source\PSoC6\pdl\drivers/peripheral/sysclk/cy_sysclk.h ****         }
2175:Generated_Source\PSoC6\pdl\drivers/peripheral/sysclk/cy_sysclk.h ****     }
2176:Generated_Source\PSoC6\pdl\drivers/peripheral/sysclk/cy_sysclk.h ****     return (retVal);
2177:Generated_Source\PSoC6\pdl\drivers/peripheral/sysclk/cy_sysclk.h **** }
ARM GAS  C:\Users\Finik\AppData\Local\Temp\ccXrCYub.s 			page 45


2178:Generated_Source\PSoC6\pdl\drivers/peripheral/sysclk/cy_sysclk.h **** 
2179:Generated_Source\PSoC6\pdl\drivers/peripheral/sysclk/cy_sysclk.h **** /*******************************************************************************
2180:Generated_Source\PSoC6\pdl\drivers/peripheral/sysclk/cy_sysclk.h **** * Function Name: Cy_SysClk_PeriphEnablePhaseAlignDivider
2181:Generated_Source\PSoC6\pdl\drivers/peripheral/sysclk/cy_sysclk.h **** ****************************************************************************//**
2182:Generated_Source\PSoC6\pdl\drivers/peripheral/sysclk/cy_sysclk.h **** *
2183:Generated_Source\PSoC6\pdl\drivers/peripheral/sysclk/cy_sysclk.h **** * First disables a selected divider (\ref Cy_SysClk_PeriphDisableDivider),
2184:Generated_Source\PSoC6\pdl\drivers/peripheral/sysclk/cy_sysclk.h **** * then aligns that divider to another programmable divider, and enables the
2185:Generated_Source\PSoC6\pdl\drivers/peripheral/sysclk/cy_sysclk.h **** * selected divider. The divider to align to must already be enabled in order
2186:Generated_Source\PSoC6\pdl\drivers/peripheral/sysclk/cy_sysclk.h **** * to align a divider to it.
2187:Generated_Source\PSoC6\pdl\drivers/peripheral/sysclk/cy_sysclk.h **** *
2188:Generated_Source\PSoC6\pdl\drivers/peripheral/sysclk/cy_sysclk.h **** * \param dividerType specifies which type of divider to use; \ref cy_en_divider_types_t.
2189:Generated_Source\PSoC6\pdl\drivers/peripheral/sysclk/cy_sysclk.h **** *
2190:Generated_Source\PSoC6\pdl\drivers/peripheral/sysclk/cy_sysclk.h **** * \param dividerNum specifies which divider of the selected type to configure.
2191:Generated_Source\PSoC6\pdl\drivers/peripheral/sysclk/cy_sysclk.h **** *
2192:Generated_Source\PSoC6\pdl\drivers/peripheral/sysclk/cy_sysclk.h **** * \param dividerTypePA type of divider to phase-align to; \ref cy_en_divider_types_t.
2193:Generated_Source\PSoC6\pdl\drivers/peripheral/sysclk/cy_sysclk.h **** *
2194:Generated_Source\PSoC6\pdl\drivers/peripheral/sysclk/cy_sysclk.h **** * \param dividerNumPA divider number of type specified to phase align to.
2195:Generated_Source\PSoC6\pdl\drivers/peripheral/sysclk/cy_sysclk.h **** *
2196:Generated_Source\PSoC6\pdl\drivers/peripheral/sysclk/cy_sysclk.h **** * \note
2197:Generated_Source\PSoC6\pdl\drivers/peripheral/sysclk/cy_sysclk.h **** * To phase-align a divider to clk_peri, set dividerTypePA to 3 and dividerNumPA
2198:Generated_Source\PSoC6\pdl\drivers/peripheral/sysclk/cy_sysclk.h **** * to 63.
2199:Generated_Source\PSoC6\pdl\drivers/peripheral/sysclk/cy_sysclk.h **** *
2200:Generated_Source\PSoC6\pdl\drivers/peripheral/sysclk/cy_sysclk.h **** * \funcusage
2201:Generated_Source\PSoC6\pdl\drivers/peripheral/sysclk/cy_sysclk.h **** * \snippet sysclk/2.0/snippet/main.c snippet_Cy_SysClk_PeriphEnablePhaseAlignDivider
2202:Generated_Source\PSoC6\pdl\drivers/peripheral/sysclk/cy_sysclk.h **** *
2203:Generated_Source\PSoC6\pdl\drivers/peripheral/sysclk/cy_sysclk.h **** *******************************************************************************/
2204:Generated_Source\PSoC6\pdl\drivers/peripheral/sysclk/cy_sysclk.h **** __STATIC_INLINE cy_en_sysclk_status_t
2205:Generated_Source\PSoC6\pdl\drivers/peripheral/sysclk/cy_sysclk.h ****                 Cy_SysClk_PeriphEnablePhaseAlignDivider(cy_en_divider_types_t dividerType, uint32_t
2206:Generated_Source\PSoC6\pdl\drivers/peripheral/sysclk/cy_sysclk.h ****                                                         cy_en_divider_types_t dividerTypePA, uint32
2207:Generated_Source\PSoC6\pdl\drivers/peripheral/sysclk/cy_sysclk.h **** {
2208:Generated_Source\PSoC6\pdl\drivers/peripheral/sysclk/cy_sysclk.h ****     cy_en_sysclk_status_t retVal = CY_SYSCLK_BAD_PARAM;
2209:Generated_Source\PSoC6\pdl\drivers/peripheral/sysclk/cy_sysclk.h ****     if (dividerTypePA <= CY_SYSCLK_DIV_24_5_BIT)
2210:Generated_Source\PSoC6\pdl\drivers/peripheral/sysclk/cy_sysclk.h ****     {
2211:Generated_Source\PSoC6\pdl\drivers/peripheral/sysclk/cy_sysclk.h ****         if (((dividerTypePA == CY_SYSCLK_DIV_8_BIT)    && (dividerNumPA < PERI_DIV_8_NR))    ||
2212:Generated_Source\PSoC6\pdl\drivers/peripheral/sysclk/cy_sysclk.h ****             ((dividerTypePA == CY_SYSCLK_DIV_16_BIT)   && (dividerNumPA < PERI_DIV_16_NR))   ||
2213:Generated_Source\PSoC6\pdl\drivers/peripheral/sysclk/cy_sysclk.h ****             ((dividerTypePA == CY_SYSCLK_DIV_16_5_BIT) && (dividerNumPA < PERI_DIV_16_5_NR)) ||
2214:Generated_Source\PSoC6\pdl\drivers/peripheral/sysclk/cy_sysclk.h ****             ((dividerTypePA == CY_SYSCLK_DIV_24_5_BIT) && ((dividerNumPA < PERI_DIV_24_5_NR) || (di
2215:Generated_Source\PSoC6\pdl\drivers/peripheral/sysclk/cy_sysclk.h ****         {
2216:Generated_Source\PSoC6\pdl\drivers/peripheral/sysclk/cy_sysclk.h ****             /* First, disable the divider that is to be phase-aligned.
2217:Generated_Source\PSoC6\pdl\drivers/peripheral/sysclk/cy_sysclk.h ****                The other two parameters are checked in that function;
2218:Generated_Source\PSoC6\pdl\drivers/peripheral/sysclk/cy_sysclk.h ****                if they're not valid, the divider is not disabled. */
2219:Generated_Source\PSoC6\pdl\drivers/peripheral/sysclk/cy_sysclk.h ****             retVal = Cy_SysClk_PeriphDisableDivider(dividerType, dividerNum);
2220:Generated_Source\PSoC6\pdl\drivers/peripheral/sysclk/cy_sysclk.h ****             if (retVal == CY_SYSCLK_SUCCESS)
2221:Generated_Source\PSoC6\pdl\drivers/peripheral/sysclk/cy_sysclk.h ****             {
2222:Generated_Source\PSoC6\pdl\drivers/peripheral/sysclk/cy_sysclk.h ****                 /* Then, specify the reference divider, and the divider, and enable the divider. */
2223:Generated_Source\PSoC6\pdl\drivers/peripheral/sysclk/cy_sysclk.h ****                 PERI_DIV_CMD = PERI_DIV_CMD_ENABLE_Msk             |
2224:Generated_Source\PSoC6\pdl\drivers/peripheral/sysclk/cy_sysclk.h ****                  _VAL2FLD(CY_PERI_DIV_CMD_PA_TYPE_SEL, dividerTypePA) |
2225:Generated_Source\PSoC6\pdl\drivers/peripheral/sysclk/cy_sysclk.h ****                  _VAL2FLD(CY_PERI_DIV_CMD_PA_DIV_SEL,  dividerNumPA)  |
2226:Generated_Source\PSoC6\pdl\drivers/peripheral/sysclk/cy_sysclk.h ****                  _VAL2FLD(CY_PERI_DIV_CMD_TYPE_SEL, dividerType)   |
2227:Generated_Source\PSoC6\pdl\drivers/peripheral/sysclk/cy_sysclk.h ****                  _VAL2FLD(CY_PERI_DIV_CMD_DIV_SEL,  dividerNum);
2228:Generated_Source\PSoC6\pdl\drivers/peripheral/sysclk/cy_sysclk.h ****             }
2229:Generated_Source\PSoC6\pdl\drivers/peripheral/sysclk/cy_sysclk.h ****         }
2230:Generated_Source\PSoC6\pdl\drivers/peripheral/sysclk/cy_sysclk.h ****     }
2231:Generated_Source\PSoC6\pdl\drivers/peripheral/sysclk/cy_sysclk.h ****     return (retVal);
2232:Generated_Source\PSoC6\pdl\drivers/peripheral/sysclk/cy_sysclk.h **** }
2233:Generated_Source\PSoC6\pdl\drivers/peripheral/sysclk/cy_sysclk.h **** 
2234:Generated_Source\PSoC6\pdl\drivers/peripheral/sysclk/cy_sysclk.h **** /*******************************************************************************
ARM GAS  C:\Users\Finik\AppData\Local\Temp\ccXrCYub.s 			page 46


2235:Generated_Source\PSoC6\pdl\drivers/peripheral/sysclk/cy_sysclk.h **** * Function Name: Cy_SysClk_PeriphGetDividerEnabled
2236:Generated_Source\PSoC6\pdl\drivers/peripheral/sysclk/cy_sysclk.h **** ****************************************************************************//**
2237:Generated_Source\PSoC6\pdl\drivers/peripheral/sysclk/cy_sysclk.h **** *
2238:Generated_Source\PSoC6\pdl\drivers/peripheral/sysclk/cy_sysclk.h **** * Reports the enabled/disabled atate of the selected divider.
2239:Generated_Source\PSoC6\pdl\drivers/peripheral/sysclk/cy_sysclk.h **** *
2240:Generated_Source\PSoC6\pdl\drivers/peripheral/sysclk/cy_sysclk.h **** * \param dividerType specifies which type of divider to use; \ref cy_en_divider_types_t.
2241:Generated_Source\PSoC6\pdl\drivers/peripheral/sysclk/cy_sysclk.h **** *
2242:Generated_Source\PSoC6\pdl\drivers/peripheral/sysclk/cy_sysclk.h **** * \param dividerNum specifies which divider of the selected type to configure.
2243:Generated_Source\PSoC6\pdl\drivers/peripheral/sysclk/cy_sysclk.h **** *
2244:Generated_Source\PSoC6\pdl\drivers/peripheral/sysclk/cy_sysclk.h **** * \return The enabled/disabled state;<br>
2245:Generated_Source\PSoC6\pdl\drivers/peripheral/sysclk/cy_sysclk.h **** * false = disabled<br>
2246:Generated_Source\PSoC6\pdl\drivers/peripheral/sysclk/cy_sysclk.h **** * true = enabled
2247:Generated_Source\PSoC6\pdl\drivers/peripheral/sysclk/cy_sysclk.h **** *
2248:Generated_Source\PSoC6\pdl\drivers/peripheral/sysclk/cy_sysclk.h **** * \funcusage
2249:Generated_Source\PSoC6\pdl\drivers/peripheral/sysclk/cy_sysclk.h **** * \snippet sysclk/2.0/snippet/main.c snippet_Cy_SysClk_PeriphGetDividerEnabled
2250:Generated_Source\PSoC6\pdl\drivers/peripheral/sysclk/cy_sysclk.h **** *
2251:Generated_Source\PSoC6\pdl\drivers/peripheral/sysclk/cy_sysclk.h **** *******************************************************************************/
2252:Generated_Source\PSoC6\pdl\drivers/peripheral/sysclk/cy_sysclk.h **** __STATIC_INLINE bool Cy_SysClk_PeriphGetDividerEnabled(cy_en_divider_types_t dividerType, uint32_t 
2253:Generated_Source\PSoC6\pdl\drivers/peripheral/sysclk/cy_sysclk.h **** {
2254:Generated_Source\PSoC6\pdl\drivers/peripheral/sysclk/cy_sysclk.h ****     bool retVal = false;
2255:Generated_Source\PSoC6\pdl\drivers/peripheral/sysclk/cy_sysclk.h **** 
2256:Generated_Source\PSoC6\pdl\drivers/peripheral/sysclk/cy_sysclk.h ****     CY_ASSERT_L1(((dividerType == CY_SYSCLK_DIV_8_BIT)    && (dividerNum < PERI_DIV_8_NR))    ||
2257:Generated_Source\PSoC6\pdl\drivers/peripheral/sysclk/cy_sysclk.h ****                  ((dividerType == CY_SYSCLK_DIV_16_BIT)   && (dividerNum < PERI_DIV_16_NR))   ||
2258:Generated_Source\PSoC6\pdl\drivers/peripheral/sysclk/cy_sysclk.h ****                  ((dividerType == CY_SYSCLK_DIV_16_5_BIT) && (dividerNum < PERI_DIV_16_5_NR)) ||
2259:Generated_Source\PSoC6\pdl\drivers/peripheral/sysclk/cy_sysclk.h ****                  ((dividerType == CY_SYSCLK_DIV_24_5_BIT) && (dividerNum < PERI_DIV_24_5_NR)));
2260:Generated_Source\PSoC6\pdl\drivers/peripheral/sysclk/cy_sysclk.h **** 
2261:Generated_Source\PSoC6\pdl\drivers/peripheral/sysclk/cy_sysclk.h ****     switch(dividerType)
2262:Generated_Source\PSoC6\pdl\drivers/peripheral/sysclk/cy_sysclk.h ****     {
2263:Generated_Source\PSoC6\pdl\drivers/peripheral/sysclk/cy_sysclk.h ****         case CY_SYSCLK_DIV_8_BIT:
2264:Generated_Source\PSoC6\pdl\drivers/peripheral/sysclk/cy_sysclk.h ****             retVal = _FLD2BOOL(PERI_DIV_8_CTL_EN, PERI_DIV_8_CTL[dividerNum]);
2265:Generated_Source\PSoC6\pdl\drivers/peripheral/sysclk/cy_sysclk.h ****             break;
2266:Generated_Source\PSoC6\pdl\drivers/peripheral/sysclk/cy_sysclk.h ****         case CY_SYSCLK_DIV_16_BIT:
2267:Generated_Source\PSoC6\pdl\drivers/peripheral/sysclk/cy_sysclk.h ****             retVal = _FLD2BOOL(PERI_DIV_16_CTL_EN, PERI_DIV_16_CTL[dividerNum]);
2268:Generated_Source\PSoC6\pdl\drivers/peripheral/sysclk/cy_sysclk.h ****             break;
2269:Generated_Source\PSoC6\pdl\drivers/peripheral/sysclk/cy_sysclk.h ****         case CY_SYSCLK_DIV_16_5_BIT:
2270:Generated_Source\PSoC6\pdl\drivers/peripheral/sysclk/cy_sysclk.h ****             retVal = _FLD2BOOL(PERI_DIV_16_5_CTL_EN, PERI_DIV_16_5_CTL[dividerNum]);
2271:Generated_Source\PSoC6\pdl\drivers/peripheral/sysclk/cy_sysclk.h ****             break;
2272:Generated_Source\PSoC6\pdl\drivers/peripheral/sysclk/cy_sysclk.h ****         case CY_SYSCLK_DIV_24_5_BIT:
2273:Generated_Source\PSoC6\pdl\drivers/peripheral/sysclk/cy_sysclk.h ****             retVal = _FLD2BOOL(PERI_DIV_24_5_CTL_EN, PERI_DIV_24_5_CTL[dividerNum]);
2274:Generated_Source\PSoC6\pdl\drivers/peripheral/sysclk/cy_sysclk.h ****             break;
2275:Generated_Source\PSoC6\pdl\drivers/peripheral/sysclk/cy_sysclk.h ****         default:
2276:Generated_Source\PSoC6\pdl\drivers/peripheral/sysclk/cy_sysclk.h ****             break;
2277:Generated_Source\PSoC6\pdl\drivers/peripheral/sysclk/cy_sysclk.h ****     }
2278:Generated_Source\PSoC6\pdl\drivers/peripheral/sysclk/cy_sysclk.h ****     return (retVal);
2279:Generated_Source\PSoC6\pdl\drivers/peripheral/sysclk/cy_sysclk.h **** }
2280:Generated_Source\PSoC6\pdl\drivers/peripheral/sysclk/cy_sysclk.h **** /** \} group_sysclk_clk_peripheral_funcs */
2281:Generated_Source\PSoC6\pdl\drivers/peripheral/sysclk/cy_sysclk.h **** 
2282:Generated_Source\PSoC6\pdl\drivers/peripheral/sysclk/cy_sysclk.h **** 
2283:Generated_Source\PSoC6\pdl\drivers/peripheral/sysclk/cy_sysclk.h **** /* ========================================================================== */
2284:Generated_Source\PSoC6\pdl\drivers/peripheral/sysclk/cy_sysclk.h **** /* =========================    clk_slow SECTION    ========================= */
2285:Generated_Source\PSoC6\pdl\drivers/peripheral/sysclk/cy_sysclk.h **** /* ========================================================================== */
2286:Generated_Source\PSoC6\pdl\drivers/peripheral/sysclk/cy_sysclk.h **** /**
2287:Generated_Source\PSoC6\pdl\drivers/peripheral/sysclk/cy_sysclk.h **** * \addtogroup group_sysclk_clk_slow_funcs
2288:Generated_Source\PSoC6\pdl\drivers/peripheral/sysclk/cy_sysclk.h **** * \{
2289:Generated_Source\PSoC6\pdl\drivers/peripheral/sysclk/cy_sysclk.h **** */
2290:Generated_Source\PSoC6\pdl\drivers/peripheral/sysclk/cy_sysclk.h **** __STATIC_INLINE void Cy_SysClk_ClkSlowSetDivider(uint8_t divider);
2291:Generated_Source\PSoC6\pdl\drivers/peripheral/sysclk/cy_sysclk.h **** __STATIC_INLINE uint8_t Cy_SysClk_ClkSlowGetDivider(void);
ARM GAS  C:\Users\Finik\AppData\Local\Temp\ccXrCYub.s 			page 47


2292:Generated_Source\PSoC6\pdl\drivers/peripheral/sysclk/cy_sysclk.h **** 
2293:Generated_Source\PSoC6\pdl\drivers/peripheral/sysclk/cy_sysclk.h **** /*******************************************************************************
2294:Generated_Source\PSoC6\pdl\drivers/peripheral/sysclk/cy_sysclk.h **** * Function Name: Cy_SysClk_ClkSlowSetDivider
2295:Generated_Source\PSoC6\pdl\drivers/peripheral/sysclk/cy_sysclk.h **** ****************************************************************************//**
2296:Generated_Source\PSoC6\pdl\drivers/peripheral/sysclk/cy_sysclk.h **** *
2297:Generated_Source\PSoC6\pdl\drivers/peripheral/sysclk/cy_sysclk.h **** * Sets the clock divider for the slow clock. The source of this clock is the
2298:Generated_Source\PSoC6\pdl\drivers/peripheral/sysclk/cy_sysclk.h **** * peripheral clock (clkPeri), which is sourced from clkHf[0].
2299:Generated_Source\PSoC6\pdl\drivers/peripheral/sysclk/cy_sysclk.h **** *
2300:Generated_Source\PSoC6\pdl\drivers/peripheral/sysclk/cy_sysclk.h **** * \param divider Divider value between 0 and 255.
2301:Generated_Source\PSoC6\pdl\drivers/peripheral/sysclk/cy_sysclk.h **** * Causes integer division of (divider value + 1), or division by 1 to 256.
2302:Generated_Source\PSoC6\pdl\drivers/peripheral/sysclk/cy_sysclk.h **** *
2303:Generated_Source\PSoC6\pdl\drivers/peripheral/sysclk/cy_sysclk.h **** * \note 
2304:Generated_Source\PSoC6\pdl\drivers/peripheral/sysclk/cy_sysclk.h **** * Call \ref SystemCoreClockUpdate after this function calling.
2305:Generated_Source\PSoC6\pdl\drivers/peripheral/sysclk/cy_sysclk.h **** *
2306:Generated_Source\PSoC6\pdl\drivers/peripheral/sysclk/cy_sysclk.h **** * \funcusage
2307:Generated_Source\PSoC6\pdl\drivers/peripheral/sysclk/cy_sysclk.h **** * \snippet sysclk/2.0/snippet/main.c snippet_Cy_SysClk_ClkSlowSetDivider
2308:Generated_Source\PSoC6\pdl\drivers/peripheral/sysclk/cy_sysclk.h **** *
2309:Generated_Source\PSoC6\pdl\drivers/peripheral/sysclk/cy_sysclk.h **** *******************************************************************************/
2310:Generated_Source\PSoC6\pdl\drivers/peripheral/sysclk/cy_sysclk.h **** __STATIC_INLINE void Cy_SysClk_ClkSlowSetDivider(uint8_t divider)
2311:Generated_Source\PSoC6\pdl\drivers/peripheral/sysclk/cy_sysclk.h **** {
2312:Generated_Source\PSoC6\pdl\drivers/peripheral/sysclk/cy_sysclk.h ****     CY_REG32_CLR_SET(CPUSS_CM0_CLOCK_CTL, CPUSS_CM0_CLOCK_CTL_SLOW_INT_DIV, divider);
2313:Generated_Source\PSoC6\pdl\drivers/peripheral/sysclk/cy_sysclk.h **** }
2314:Generated_Source\PSoC6\pdl\drivers/peripheral/sysclk/cy_sysclk.h **** 
2315:Generated_Source\PSoC6\pdl\drivers/peripheral/sysclk/cy_sysclk.h **** /*******************************************************************************
2316:Generated_Source\PSoC6\pdl\drivers/peripheral/sysclk/cy_sysclk.h **** * Function Name: Cy_SysClk_ClkSlowGetDivider
2317:Generated_Source\PSoC6\pdl\drivers/peripheral/sysclk/cy_sysclk.h **** ****************************************************************************//**
2318:Generated_Source\PSoC6\pdl\drivers/peripheral/sysclk/cy_sysclk.h **** *
2319:Generated_Source\PSoC6\pdl\drivers/peripheral/sysclk/cy_sysclk.h **** * Reports the divider value for the slow clock.
2320:Generated_Source\PSoC6\pdl\drivers/peripheral/sysclk/cy_sysclk.h **** *
2321:Generated_Source\PSoC6\pdl\drivers/peripheral/sysclk/cy_sysclk.h **** * \return The divider value.
2322:Generated_Source\PSoC6\pdl\drivers/peripheral/sysclk/cy_sysclk.h **** * The integer division done is by (divider value + 1), or division by 1 to 256.
2323:Generated_Source\PSoC6\pdl\drivers/peripheral/sysclk/cy_sysclk.h **** *
2324:Generated_Source\PSoC6\pdl\drivers/peripheral/sysclk/cy_sysclk.h **** * \funcusage
2325:Generated_Source\PSoC6\pdl\drivers/peripheral/sysclk/cy_sysclk.h **** * \snippet sysclk/2.0/snippet/main.c snippet_Cy_SysClk_ClkSlowSetDivider
2326:Generated_Source\PSoC6\pdl\drivers/peripheral/sysclk/cy_sysclk.h **** *
2327:Generated_Source\PSoC6\pdl\drivers/peripheral/sysclk/cy_sysclk.h **** *******************************************************************************/
2328:Generated_Source\PSoC6\pdl\drivers/peripheral/sysclk/cy_sysclk.h **** __STATIC_INLINE uint8_t Cy_SysClk_ClkSlowGetDivider(void)
2329:Generated_Source\PSoC6\pdl\drivers/peripheral/sysclk/cy_sysclk.h **** {
2330:Generated_Source\PSoC6\pdl\drivers/peripheral/sysclk/cy_sysclk.h ****     return ((uint8_t)_FLD2VAL(CPUSS_CM0_CLOCK_CTL_SLOW_INT_DIV, CPUSS_CM0_CLOCK_CTL));
2331:Generated_Source\PSoC6\pdl\drivers/peripheral/sysclk/cy_sysclk.h **** }
2332:Generated_Source\PSoC6\pdl\drivers/peripheral/sysclk/cy_sysclk.h **** /** \} group_sysclk_clk_slow_funcs */
2333:Generated_Source\PSoC6\pdl\drivers/peripheral/sysclk/cy_sysclk.h **** 
2334:Generated_Source\PSoC6\pdl\drivers/peripheral/sysclk/cy_sysclk.h **** 
2335:Generated_Source\PSoC6\pdl\drivers/peripheral/sysclk/cy_sysclk.h **** /* ========================================================================== */
2336:Generated_Source\PSoC6\pdl\drivers/peripheral/sysclk/cy_sysclk.h **** /* ===========================    clkLf SECTION    ========================== */
2337:Generated_Source\PSoC6\pdl\drivers/peripheral/sysclk/cy_sysclk.h **** /* ========================================================================== */
2338:Generated_Source\PSoC6\pdl\drivers/peripheral/sysclk/cy_sysclk.h **** /**
2339:Generated_Source\PSoC6\pdl\drivers/peripheral/sysclk/cy_sysclk.h **** * \addtogroup group_sysclk_clk_lf_enums
2340:Generated_Source\PSoC6\pdl\drivers/peripheral/sysclk/cy_sysclk.h **** * \{
2341:Generated_Source\PSoC6\pdl\drivers/peripheral/sysclk/cy_sysclk.h **** */
2342:Generated_Source\PSoC6\pdl\drivers/peripheral/sysclk/cy_sysclk.h **** /**
2343:Generated_Source\PSoC6\pdl\drivers/peripheral/sysclk/cy_sysclk.h **** * Low frequency (clkLf) input sources. See CLK_SELECT register, LFCLK_SEL bits.
2344:Generated_Source\PSoC6\pdl\drivers/peripheral/sysclk/cy_sysclk.h **** * Used with functions \ref Cy_SysClk_ClkLfSetSource, and \ref Cy_SysClk_ClkLfGetSource.
2345:Generated_Source\PSoC6\pdl\drivers/peripheral/sysclk/cy_sysclk.h **** */
2346:Generated_Source\PSoC6\pdl\drivers/peripheral/sysclk/cy_sysclk.h **** typedef enum
2347:Generated_Source\PSoC6\pdl\drivers/peripheral/sysclk/cy_sysclk.h **** {
2348:Generated_Source\PSoC6\pdl\drivers/peripheral/sysclk/cy_sysclk.h ****     CY_SYSCLK_CLKLF_IN_ILO   = 0U, /**< clkLf is sourced by the internal low speed oscillator (ILO)
ARM GAS  C:\Users\Finik\AppData\Local\Temp\ccXrCYub.s 			page 48


2349:Generated_Source\PSoC6\pdl\drivers/peripheral/sysclk/cy_sysclk.h ****     CY_SYSCLK_CLKLF_IN_WCO   = 1U, /**< clkLf is sourced by the watch crystal oscillator (WCO) */
2350:Generated_Source\PSoC6\pdl\drivers/peripheral/sysclk/cy_sysclk.h ****     CY_SYSCLK_CLKLF_IN_ALTLF = 2U, /**< clkLf is sourced by the Alternate Low Frequency Clock (ALTL
2351:Generated_Source\PSoC6\pdl\drivers/peripheral/sysclk/cy_sysclk.h ****     CY_SYSCLK_CLKLF_IN_PILO  = 3U  /**< clkLf is sourced by the precision low speed oscillator (PIL
2352:Generated_Source\PSoC6\pdl\drivers/peripheral/sysclk/cy_sysclk.h **** } cy_en_clklf_in_sources_t;
2353:Generated_Source\PSoC6\pdl\drivers/peripheral/sysclk/cy_sysclk.h **** /** \} group_sysclk_clk_lf_enums */
2354:Generated_Source\PSoC6\pdl\drivers/peripheral/sysclk/cy_sysclk.h **** 
2355:Generated_Source\PSoC6\pdl\drivers/peripheral/sysclk/cy_sysclk.h **** /**
2356:Generated_Source\PSoC6\pdl\drivers/peripheral/sysclk/cy_sysclk.h **** * \addtogroup group_sysclk_clk_lf_funcs
2357:Generated_Source\PSoC6\pdl\drivers/peripheral/sysclk/cy_sysclk.h **** * \{
2358:Generated_Source\PSoC6\pdl\drivers/peripheral/sysclk/cy_sysclk.h **** */
2359:Generated_Source\PSoC6\pdl\drivers/peripheral/sysclk/cy_sysclk.h **** __STATIC_INLINE void Cy_SysClk_ClkLfSetSource(cy_en_clklf_in_sources_t source);
2360:Generated_Source\PSoC6\pdl\drivers/peripheral/sysclk/cy_sysclk.h **** __STATIC_INLINE cy_en_clklf_in_sources_t Cy_SysClk_ClkLfGetSource(void);
2361:Generated_Source\PSoC6\pdl\drivers/peripheral/sysclk/cy_sysclk.h **** 
2362:Generated_Source\PSoC6\pdl\drivers/peripheral/sysclk/cy_sysclk.h **** /*******************************************************************************
2363:Generated_Source\PSoC6\pdl\drivers/peripheral/sysclk/cy_sysclk.h **** * Function Name: Cy_SysClk_ClkLfSetSource
2364:Generated_Source\PSoC6\pdl\drivers/peripheral/sysclk/cy_sysclk.h **** ****************************************************************************//**
2365:Generated_Source\PSoC6\pdl\drivers/peripheral/sysclk/cy_sysclk.h **** *
2366:Generated_Source\PSoC6\pdl\drivers/peripheral/sysclk/cy_sysclk.h **** * Sets the source for the low frequency clock(clkLf).
2367:Generated_Source\PSoC6\pdl\drivers/peripheral/sysclk/cy_sysclk.h **** *
2368:Generated_Source\PSoC6\pdl\drivers/peripheral/sysclk/cy_sysclk.h **** * \param source \ref cy_en_clklf_in_sources_t
2369:Generated_Source\PSoC6\pdl\drivers/peripheral/sysclk/cy_sysclk.h **** *
2370:Generated_Source\PSoC6\pdl\drivers/peripheral/sysclk/cy_sysclk.h **** * \note The watchdog timer (WDT) must be unlocked before calling this function.
2371:Generated_Source\PSoC6\pdl\drivers/peripheral/sysclk/cy_sysclk.h **** *
2372:Generated_Source\PSoC6\pdl\drivers/peripheral/sysclk/cy_sysclk.h **** * \funcusage
2373:Generated_Source\PSoC6\pdl\drivers/peripheral/sysclk/cy_sysclk.h **** * \snippet sysclk/2.0/snippet/main.c snippet_Cy_SysClk_ClkLfSetSource
2374:Generated_Source\PSoC6\pdl\drivers/peripheral/sysclk/cy_sysclk.h **** *
2375:Generated_Source\PSoC6\pdl\drivers/peripheral/sysclk/cy_sysclk.h **** *******************************************************************************/
2376:Generated_Source\PSoC6\pdl\drivers/peripheral/sysclk/cy_sysclk.h **** __STATIC_INLINE void Cy_SysClk_ClkLfSetSource(cy_en_clklf_in_sources_t source)
2377:Generated_Source\PSoC6\pdl\drivers/peripheral/sysclk/cy_sysclk.h **** {
2378:Generated_Source\PSoC6\pdl\drivers/peripheral/sysclk/cy_sysclk.h ****     CY_ASSERT_L3(source <= CY_SYSCLK_CLKLF_IN_PILO);
2379:Generated_Source\PSoC6\pdl\drivers/peripheral/sysclk/cy_sysclk.h ****     CY_REG32_CLR_SET(SRSS_CLK_SELECT, SRSS_CLK_SELECT_LFCLK_SEL, source);
  88              		.loc 2 2379 0
  89 0004 6E49     		ldr	r1, .L13
  90 0006 A022     		movs	r2, #160
  91 0008 D200     		lsls	r2, r2, #3
  92 000a 8B58     		ldr	r3, [r1, r2]
  93 000c 0320     		movs	r0, #3
  94 000e 8343     		bics	r3, r0
  95 0010 8B50     		str	r3, [r1, r2]
  96              	.LVL2:
  97              	.LBE89:
  98              	.LBE88:
  99              	.LBB90:
 100              	.LBB91:
1740:Generated_Source\PSoC6\pdl\drivers/peripheral/sysclk/cy_sysclk.h **** }
 101              		.loc 2 1740 0
 102 0012 6C4A     		ldr	r2, .L13+4
 103 0014 1168     		ldr	r1, [r2]
 104 0016 0868     		ldr	r0, [r1]
 105 0018 8823     		movs	r3, #136
 106 001a CB58     		ldr	r3, [r1, r3]
 107 001c C318     		adds	r3, r0, r3
 108 001e 1868     		ldr	r0, [r3]
 109 0020 6949     		ldr	r1, .L13+8
 110 0022 0840     		ands	r0, r1
 111 0024 1860     		str	r0, [r3]
 112              	.LVL3:
ARM GAS  C:\Users\Finik\AppData\Local\Temp\ccXrCYub.s 			page 49


 113              	.LBE91:
 114              	.LBE90:
 115              	.LBB92:
 116              	.LBB93:
1793:Generated_Source\PSoC6\pdl\drivers/peripheral/sysclk/cy_sysclk.h **** }
 117              		.loc 2 1793 0
 118 0026 1368     		ldr	r3, [r2]
 119 0028 1868     		ldr	r0, [r3]
 120 002a 8424     		movs	r4, #132
 121 002c 1B59     		ldr	r3, [r3, r4]
 122 002e C018     		adds	r0, r0, r3
 123 0030 0368     		ldr	r3, [r0]
 124 0032 1B02     		lsls	r3, r3, #8
 125 0034 1B0A     		lsrs	r3, r3, #8
 126 0036 8025     		movs	r5, #128
 127 0038 6D04     		lsls	r5, r5, #17
 128 003a 2B43     		orrs	r3, r5
 129 003c 0360     		str	r3, [r0]
 130              	.LVL4:
 131              	.LBE93:
 132              	.LBE92:
 133              	.LBB94:
 134              	.LBB95:
2312:Generated_Source\PSoC6\pdl\drivers/peripheral/sysclk/cy_sysclk.h **** }
 135              		.loc 2 2312 0
 136 003e 1068     		ldr	r0, [r2]
 137 0040 0568     		ldr	r5, [r0]
 138 0042 0359     		ldr	r3, [r0, r4]
 139 0044 EB18     		adds	r3, r5, r3
 140 0046 1868     		ldr	r0, [r3]
 141 0048 0140     		ands	r1, r0
 142 004a 1960     		str	r1, [r3]
 143              	.LVL5:
 144              	.LBE95:
 145              	.LBE94:
 146              	.LBB96:
 147              	.LBB97:
1612:Generated_Source\PSoC6\pdl\drivers/peripheral/sysclk/cy_sysclk.h ****     {
 148              		.loc 2 1612 0
 149 004c 1368     		ldr	r3, [r2]
 150 004e 3E22     		movs	r2, #62
 151 0050 9A5C     		ldrb	r2, [r3, r2]
 152 0052 002A     		cmp	r2, #0
 153 0054 06D0     		beq	.L7
1614:Generated_Source\PSoC6\pdl\drivers/peripheral/sysclk/cy_sysclk.h ****         retVal = CY_SYSCLK_SUCCESS;
 154              		.loc 2 1614 0
 155 0056 5A48     		ldr	r0, .L13
 156 0058 E021     		movs	r1, #224
 157 005a 8900     		lsls	r1, r1, #2
 158 005c 4258     		ldr	r2, [r0, r1]
 159 005e 753C     		subs	r4, r4, #117
 160 0060 A243     		bics	r2, r4
 161 0062 4250     		str	r2, [r0, r1]
 162              	.LVL6:
 163              	.L7:
 164              	.LBE97:
 165              	.LBE96:
ARM GAS  C:\Users\Finik\AppData\Local\Temp\ccXrCYub.s 			page 50


 166              	.LBB98:
 167              	.LBB99:
1673:Generated_Source\PSoC6\pdl\drivers/peripheral/sysclk/cy_sysclk.h ****     {
 168              		.loc 2 1673 0
 169 0064 3E22     		movs	r2, #62
 170 0066 9A5C     		ldrb	r2, [r3, r2]
 171 0068 002A     		cmp	r2, #0
 172 006a 06D0     		beq	.L8
1675:Generated_Source\PSoC6\pdl\drivers/peripheral/sysclk/cy_sysclk.h ****         retVal = CY_SYSCLK_SUCCESS;
 173              		.loc 2 1675 0
 174 006c 5448     		ldr	r0, .L13
 175 006e E021     		movs	r1, #224
 176 0070 8900     		lsls	r1, r1, #2
 177 0072 4258     		ldr	r2, [r0, r1]
 178 0074 3024     		movs	r4, #48
 179 0076 A243     		bics	r2, r4
 180 0078 4250     		str	r2, [r0, r1]
 181              	.LVL7:
 182              	.L8:
 183              	.LBE99:
 184              	.LBE98:
 185              	.LBB100:
 186              	.LBB101:
1545:Generated_Source\PSoC6\pdl\drivers/peripheral/sysclk/cy_sysclk.h ****     {
 187              		.loc 2 1545 0
 188 007a 3E22     		movs	r2, #62
 189 007c 9B5C     		ldrb	r3, [r3, r2]
 190 007e 002B     		cmp	r3, #0
 191 0080 07D0     		beq	.L9
1547:Generated_Source\PSoC6\pdl\drivers/peripheral/sysclk/cy_sysclk.h ****         retVal = CY_SYSCLK_SUCCESS;
 192              		.loc 2 1547 0
 193 0082 4F49     		ldr	r1, .L13
 194 0084 E022     		movs	r2, #224
 195 0086 9200     		lsls	r2, r2, #2
 196 0088 8B58     		ldr	r3, [r1, r2]
 197 008a 8020     		movs	r0, #128
 198 008c 0006     		lsls	r0, r0, #24
 199 008e 0343     		orrs	r3, r0
 200 0090 8B50     		str	r3, [r1, r2]
 201              	.LVL8:
 202              	.L9:
 203              	.LBE101:
 204              	.LBE100:
 167:Generated_Source\PSoC6/cyfitter_cfg.c **** 	Cy_SysClk_ClkPathSetSource(2, CY_SYSCLK_CLKPATH_IN_IMO);
 205              		.loc 1 167 0
 206 0092 0021     		movs	r1, #0
 207 0094 0120     		movs	r0, #1
 208 0096 FFF7FEFF 		bl	Cy_SysClk_ClkPathSetSource
 209              	.LVL9:
 168:Generated_Source\PSoC6/cyfitter_cfg.c **** 	Cy_SysClk_ClkPathSetSource(3, CY_SYSCLK_CLKPATH_IN_IMO);
 210              		.loc 1 168 0
 211 009a 0021     		movs	r1, #0
 212 009c 0220     		movs	r0, #2
 213 009e FFF7FEFF 		bl	Cy_SysClk_ClkPathSetSource
 214              	.LVL10:
 169:Generated_Source\PSoC6/cyfitter_cfg.c **** 	Cy_SysClk_ClkPathSetSource(4, CY_SYSCLK_CLKPATH_IN_IMO);
 215              		.loc 1 169 0
ARM GAS  C:\Users\Finik\AppData\Local\Temp\ccXrCYub.s 			page 51


 216 00a2 0021     		movs	r1, #0
 217 00a4 0320     		movs	r0, #3
 218 00a6 FFF7FEFF 		bl	Cy_SysClk_ClkPathSetSource
 219              	.LVL11:
 170:Generated_Source\PSoC6/cyfitter_cfg.c **** 	Cy_SysClk_ClkPathSetSource(0, CY_SYSCLK_CLKPATH_IN_IMO);
 220              		.loc 1 170 0
 221 00aa 0021     		movs	r1, #0
 222 00ac 0420     		movs	r0, #4
 223 00ae FFF7FEFF 		bl	Cy_SysClk_ClkPathSetSource
 224              	.LVL12:
 171:Generated_Source\PSoC6/cyfitter_cfg.c **** 	{
 225              		.loc 1 171 0
 226 00b2 0021     		movs	r1, #0
 227 00b4 0020     		movs	r0, #0
 228 00b6 FFF7FEFF 		bl	Cy_SysClk_ClkPathSetSource
 229              	.LVL13:
 230              	.LBB102:
 173:Generated_Source\PSoC6/cyfitter_cfg.c **** 		{
 231              		.loc 1 173 0
 232 00ba 01A8     		add	r0, sp, #4
 233 00bc 4349     		ldr	r1, .L13+12
 234 00be 0300     		movs	r3, r0
 235 00c0 0A00     		movs	r2, r1
 236 00c2 32CA     		ldmia	r2!, {r1, r4, r5}
 237 00c4 32C3     		stmia	r3!, {r1, r4, r5}
 238 00c6 12CA     		ldmia	r2!, {r1, r4}
 239 00c8 12C3     		stmia	r3!, {r1, r4}
 186:Generated_Source\PSoC6/cyfitter_cfg.c **** 		if (CY_RET_SUCCESS != status)
 240              		.loc 1 186 0
 241 00ca FFF7FEFF 		bl	Cy_SysClk_FllManualConfigure
 242              	.LVL14:
 187:Generated_Source\PSoC6/cyfitter_cfg.c **** 		{
 243              		.loc 1 187 0
 244 00ce 0028     		cmp	r0, #0
 245 00d0 02D0     		beq	.L10
 189:Generated_Source\PSoC6/cyfitter_cfg.c **** 		}
 246              		.loc 1 189 0
 247 00d2 0420     		movs	r0, #4
 248              	.LVL15:
 249 00d4 FFF7FEFF 		bl	CyClockStartupError
 250              	.LVL16:
 251              	.L10:
 252              	.LBE102:
 192:Generated_Source\PSoC6/cyfitter_cfg.c **** 	status = Cy_SysClk_FllEnable(200000u);
 253              		.loc 1 192 0
 254 00d8 3949     		ldr	r1, .L13
 255 00da 3D4A     		ldr	r2, .L13+16
 256 00dc 8B58     		ldr	r3, [r1, r2]
 257 00de 8020     		movs	r0, #128
 258              	.LVL17:
 259 00e0 0006     		lsls	r0, r0, #24
 260 00e2 0343     		orrs	r3, r0
 261 00e4 8B50     		str	r3, [r1, r2]
 193:Generated_Source\PSoC6/cyfitter_cfg.c **** 	if (CY_RET_SUCCESS != status)
 262              		.loc 1 193 0
 263 00e6 3B48     		ldr	r0, .L13+20
 264 00e8 FFF7FEFF 		bl	Cy_SysClk_FllEnable
ARM GAS  C:\Users\Finik\AppData\Local\Temp\ccXrCYub.s 			page 52


 265              	.LVL18:
 194:Generated_Source\PSoC6/cyfitter_cfg.c **** 	{
 266              		.loc 1 194 0
 267 00ec 0028     		cmp	r0, #0
 268 00ee 02D0     		beq	.L11
 196:Generated_Source\PSoC6/cyfitter_cfg.c **** 	}
 269              		.loc 1 196 0
 270 00f0 0420     		movs	r0, #4
 271              	.LVL19:
 272 00f2 FFF7FEFF 		bl	CyClockStartupError
 273              	.LVL20:
 274              	.L11:
 275              	.LBB103:
 276              	.LBB104:
2380:Generated_Source\PSoC6\pdl\drivers/peripheral/sysclk/cy_sysclk.h **** }
2381:Generated_Source\PSoC6\pdl\drivers/peripheral/sysclk/cy_sysclk.h **** 
2382:Generated_Source\PSoC6\pdl\drivers/peripheral/sysclk/cy_sysclk.h **** /*******************************************************************************
2383:Generated_Source\PSoC6\pdl\drivers/peripheral/sysclk/cy_sysclk.h **** * Function Name: Cy_SysClk_ClkLfGetSource
2384:Generated_Source\PSoC6\pdl\drivers/peripheral/sysclk/cy_sysclk.h **** ****************************************************************************//**
2385:Generated_Source\PSoC6\pdl\drivers/peripheral/sysclk/cy_sysclk.h **** *
2386:Generated_Source\PSoC6\pdl\drivers/peripheral/sysclk/cy_sysclk.h **** * Reports the source for the low frequency clock (clkLf).
2387:Generated_Source\PSoC6\pdl\drivers/peripheral/sysclk/cy_sysclk.h **** *
2388:Generated_Source\PSoC6\pdl\drivers/peripheral/sysclk/cy_sysclk.h **** * \return \ref cy_en_clklf_in_sources_t
2389:Generated_Source\PSoC6\pdl\drivers/peripheral/sysclk/cy_sysclk.h **** *
2390:Generated_Source\PSoC6\pdl\drivers/peripheral/sysclk/cy_sysclk.h **** * \funcusage
2391:Generated_Source\PSoC6\pdl\drivers/peripheral/sysclk/cy_sysclk.h **** * \snippet sysclk/2.0/snippet/main.c snippet_Cy_SysClk_ClkLfSetSource
2392:Generated_Source\PSoC6\pdl\drivers/peripheral/sysclk/cy_sysclk.h **** *
2393:Generated_Source\PSoC6\pdl\drivers/peripheral/sysclk/cy_sysclk.h **** *******************************************************************************/
2394:Generated_Source\PSoC6\pdl\drivers/peripheral/sysclk/cy_sysclk.h **** __STATIC_INLINE cy_en_clklf_in_sources_t Cy_SysClk_ClkLfGetSource(void)
2395:Generated_Source\PSoC6\pdl\drivers/peripheral/sysclk/cy_sysclk.h **** {
2396:Generated_Source\PSoC6\pdl\drivers/peripheral/sysclk/cy_sysclk.h ****     return (cy_en_clklf_in_sources_t)(_FLD2VAL(SRSS_CLK_SELECT_LFCLK_SEL, SRSS_CLK_SELECT));
2397:Generated_Source\PSoC6\pdl\drivers/peripheral/sysclk/cy_sysclk.h **** }
2398:Generated_Source\PSoC6\pdl\drivers/peripheral/sysclk/cy_sysclk.h **** /** \} group_sysclk_clk_lf_funcs */
2399:Generated_Source\PSoC6\pdl\drivers/peripheral/sysclk/cy_sysclk.h **** 
2400:Generated_Source\PSoC6\pdl\drivers/peripheral/sysclk/cy_sysclk.h **** 
2401:Generated_Source\PSoC6\pdl\drivers/peripheral/sysclk/cy_sysclk.h **** /* ========================================================================== */
2402:Generated_Source\PSoC6\pdl\drivers/peripheral/sysclk/cy_sysclk.h **** /* ========================    clk_timer SECTION    ========================= */
2403:Generated_Source\PSoC6\pdl\drivers/peripheral/sysclk/cy_sysclk.h **** /* ========================================================================== */
2404:Generated_Source\PSoC6\pdl\drivers/peripheral/sysclk/cy_sysclk.h **** /**
2405:Generated_Source\PSoC6\pdl\drivers/peripheral/sysclk/cy_sysclk.h **** * \addtogroup group_sysclk_clk_timer_enums
2406:Generated_Source\PSoC6\pdl\drivers/peripheral/sysclk/cy_sysclk.h **** * \{
2407:Generated_Source\PSoC6\pdl\drivers/peripheral/sysclk/cy_sysclk.h **** */
2408:Generated_Source\PSoC6\pdl\drivers/peripheral/sysclk/cy_sysclk.h **** /**
2409:Generated_Source\PSoC6\pdl\drivers/peripheral/sysclk/cy_sysclk.h **** * Timer clock (clk_timer) input sources. See CLK_TIMER_CTL register, TIMER_SEL
2410:Generated_Source\PSoC6\pdl\drivers/peripheral/sysclk/cy_sysclk.h **** * and TIMER_HF0_DIV bits. Used with functions \ref Cy_SysClk_ClkTimerSetSource, and
2411:Generated_Source\PSoC6\pdl\drivers/peripheral/sysclk/cy_sysclk.h **** * \ref Cy_SysClk_ClkTimerGetSource.
2412:Generated_Source\PSoC6\pdl\drivers/peripheral/sysclk/cy_sysclk.h **** */
2413:Generated_Source\PSoC6\pdl\drivers/peripheral/sysclk/cy_sysclk.h **** typedef enum
2414:Generated_Source\PSoC6\pdl\drivers/peripheral/sysclk/cy_sysclk.h **** {
2415:Generated_Source\PSoC6\pdl\drivers/peripheral/sysclk/cy_sysclk.h ****     CY_SYSCLK_CLKTIMER_IN_IMO       = 0x000U, /**< clk_timer is sourced by the internal main oscill
2416:Generated_Source\PSoC6\pdl\drivers/peripheral/sysclk/cy_sysclk.h ****     CY_SYSCLK_CLKTIMER_IN_HF0_NODIV = 0x001U, /**< clk_timer is sourced by clkHf[0] undivided */
2417:Generated_Source\PSoC6\pdl\drivers/peripheral/sysclk/cy_sysclk.h ****     CY_SYSCLK_CLKTIMER_IN_HF0_DIV2  = 0x101U, /**< clk_timer is sourced by clkHf[0] divided by 2 */
2418:Generated_Source\PSoC6\pdl\drivers/peripheral/sysclk/cy_sysclk.h ****     CY_SYSCLK_CLKTIMER_IN_HF0_DIV4  = 0x201U, /**< clk_timer is sourced by clkHf[0] divided by 4 */
2419:Generated_Source\PSoC6\pdl\drivers/peripheral/sysclk/cy_sysclk.h ****     CY_SYSCLK_CLKTIMER_IN_HF0_DIV8  = 0x301U  /**< clk_timer is sourced by clkHf[0] divided by 8 */
2420:Generated_Source\PSoC6\pdl\drivers/peripheral/sysclk/cy_sysclk.h **** } cy_en_clktimer_in_sources_t;
2421:Generated_Source\PSoC6\pdl\drivers/peripheral/sysclk/cy_sysclk.h **** /** \} group_sysclk_clk_timer_enums */
2422:Generated_Source\PSoC6\pdl\drivers/peripheral/sysclk/cy_sysclk.h **** 
ARM GAS  C:\Users\Finik\AppData\Local\Temp\ccXrCYub.s 			page 53


2423:Generated_Source\PSoC6\pdl\drivers/peripheral/sysclk/cy_sysclk.h **** /** \cond */
2424:Generated_Source\PSoC6\pdl\drivers/peripheral/sysclk/cy_sysclk.h **** #define CY_SRSS_CLK_TIMER_CTL_TIMER_Pos (SRSS_CLK_TIMER_CTL_TIMER_SEL_Pos)
2425:Generated_Source\PSoC6\pdl\drivers/peripheral/sysclk/cy_sysclk.h **** #define CY_SRSS_CLK_TIMER_CTL_TIMER_Msk (SRSS_CLK_TIMER_CTL_TIMER_SEL_Msk | SRSS_CLK_TIMER_CTL_TIME
2426:Generated_Source\PSoC6\pdl\drivers/peripheral/sysclk/cy_sysclk.h **** /** \endcond */
2427:Generated_Source\PSoC6\pdl\drivers/peripheral/sysclk/cy_sysclk.h **** 
2428:Generated_Source\PSoC6\pdl\drivers/peripheral/sysclk/cy_sysclk.h **** /**
2429:Generated_Source\PSoC6\pdl\drivers/peripheral/sysclk/cy_sysclk.h **** * \addtogroup group_sysclk_clk_timer_funcs
2430:Generated_Source\PSoC6\pdl\drivers/peripheral/sysclk/cy_sysclk.h **** * \{
2431:Generated_Source\PSoC6\pdl\drivers/peripheral/sysclk/cy_sysclk.h **** */
2432:Generated_Source\PSoC6\pdl\drivers/peripheral/sysclk/cy_sysclk.h **** __STATIC_INLINE void Cy_SysClk_ClkTimerSetSource(cy_en_clktimer_in_sources_t source);
2433:Generated_Source\PSoC6\pdl\drivers/peripheral/sysclk/cy_sysclk.h **** __STATIC_INLINE cy_en_clktimer_in_sources_t Cy_SysClk_ClkTimerGetSource(void);
2434:Generated_Source\PSoC6\pdl\drivers/peripheral/sysclk/cy_sysclk.h **** __STATIC_INLINE void Cy_SysClk_ClkTimerSetDivider(uint8_t divider);
2435:Generated_Source\PSoC6\pdl\drivers/peripheral/sysclk/cy_sysclk.h **** __STATIC_INLINE uint8_t Cy_SysClk_ClkTimerGetDivider(void);
2436:Generated_Source\PSoC6\pdl\drivers/peripheral/sysclk/cy_sysclk.h **** __STATIC_INLINE void Cy_SysClk_ClkTimerEnable(void);
2437:Generated_Source\PSoC6\pdl\drivers/peripheral/sysclk/cy_sysclk.h **** __STATIC_INLINE void Cy_SysClk_ClkTimerDisable(void);
2438:Generated_Source\PSoC6\pdl\drivers/peripheral/sysclk/cy_sysclk.h **** 
2439:Generated_Source\PSoC6\pdl\drivers/peripheral/sysclk/cy_sysclk.h **** /*******************************************************************************
2440:Generated_Source\PSoC6\pdl\drivers/peripheral/sysclk/cy_sysclk.h **** * Function Name: Cy_SysClk_ClkTimerSetSource
2441:Generated_Source\PSoC6\pdl\drivers/peripheral/sysclk/cy_sysclk.h **** ****************************************************************************//**
2442:Generated_Source\PSoC6\pdl\drivers/peripheral/sysclk/cy_sysclk.h **** *
2443:Generated_Source\PSoC6\pdl\drivers/peripheral/sysclk/cy_sysclk.h **** * Sets the source for the timer clock (clk_timer). The timer clock can be used
2444:Generated_Source\PSoC6\pdl\drivers/peripheral/sysclk/cy_sysclk.h **** * as a source for SYSTICK as an alternate clock and one or more of the energy 
2445:Generated_Source\PSoC6\pdl\drivers/peripheral/sysclk/cy_sysclk.h **** * profiler counters.
2446:Generated_Source\PSoC6\pdl\drivers/peripheral/sysclk/cy_sysclk.h **** *
2447:Generated_Source\PSoC6\pdl\drivers/peripheral/sysclk/cy_sysclk.h **** * \param source \ref cy_en_clktimer_in_sources_t
2448:Generated_Source\PSoC6\pdl\drivers/peripheral/sysclk/cy_sysclk.h **** *
2449:Generated_Source\PSoC6\pdl\drivers/peripheral/sysclk/cy_sysclk.h **** * \funcusage
2450:Generated_Source\PSoC6\pdl\drivers/peripheral/sysclk/cy_sysclk.h **** * \snippet sysclk/2.0/snippet/main.c snippet_Cy_SysClk_ClkTimerSetSource
2451:Generated_Source\PSoC6\pdl\drivers/peripheral/sysclk/cy_sysclk.h **** *
2452:Generated_Source\PSoC6\pdl\drivers/peripheral/sysclk/cy_sysclk.h **** *******************************************************************************/
2453:Generated_Source\PSoC6\pdl\drivers/peripheral/sysclk/cy_sysclk.h **** __STATIC_INLINE void Cy_SysClk_ClkTimerSetSource(cy_en_clktimer_in_sources_t source)
2454:Generated_Source\PSoC6\pdl\drivers/peripheral/sysclk/cy_sysclk.h **** {
2455:Generated_Source\PSoC6\pdl\drivers/peripheral/sysclk/cy_sysclk.h ****     CY_ASSERT_L3(source <= CY_SYSCLK_CLKTIMER_IN_HF0_DIV8);
2456:Generated_Source\PSoC6\pdl\drivers/peripheral/sysclk/cy_sysclk.h ****     /* set both fields TIMER_SEL and TIMER_HF0_DIV with the same input value */
2457:Generated_Source\PSoC6\pdl\drivers/peripheral/sysclk/cy_sysclk.h ****     CY_REG32_CLR_SET(SRSS_CLK_TIMER_CTL, CY_SRSS_CLK_TIMER_CTL_TIMER, source);
 277              		.loc 2 2457 0
 278 00f6 324C     		ldr	r4, .L13
 279 00f8 374B     		ldr	r3, .L13+24
 280 00fa E158     		ldr	r1, [r4, r3]
 281 00fc 374A     		ldr	r2, .L13+28
 282 00fe 0A40     		ands	r2, r1
 283 0100 E250     		str	r2, [r4, r3]
 284              	.LVL21:
 285              	.LBE104:
 286              	.LBE103:
 287              	.LBB105:
 288              	.LBB106:
2458:Generated_Source\PSoC6\pdl\drivers/peripheral/sysclk/cy_sysclk.h **** }
2459:Generated_Source\PSoC6\pdl\drivers/peripheral/sysclk/cy_sysclk.h **** 
2460:Generated_Source\PSoC6\pdl\drivers/peripheral/sysclk/cy_sysclk.h **** /*******************************************************************************
2461:Generated_Source\PSoC6\pdl\drivers/peripheral/sysclk/cy_sysclk.h **** * Function Name: Cy_SysClk_ClkTimerGetSource
2462:Generated_Source\PSoC6\pdl\drivers/peripheral/sysclk/cy_sysclk.h **** ****************************************************************************//**
2463:Generated_Source\PSoC6\pdl\drivers/peripheral/sysclk/cy_sysclk.h **** *
2464:Generated_Source\PSoC6\pdl\drivers/peripheral/sysclk/cy_sysclk.h **** * Reports the source for the timer clock (clk_timer).
2465:Generated_Source\PSoC6\pdl\drivers/peripheral/sysclk/cy_sysclk.h **** *
2466:Generated_Source\PSoC6\pdl\drivers/peripheral/sysclk/cy_sysclk.h **** * \return \ref cy_en_clktimer_in_sources_t
2467:Generated_Source\PSoC6\pdl\drivers/peripheral/sysclk/cy_sysclk.h **** *
ARM GAS  C:\Users\Finik\AppData\Local\Temp\ccXrCYub.s 			page 54


2468:Generated_Source\PSoC6\pdl\drivers/peripheral/sysclk/cy_sysclk.h **** * \funcusage
2469:Generated_Source\PSoC6\pdl\drivers/peripheral/sysclk/cy_sysclk.h **** * \snippet sysclk/2.0/snippet/main.c snippet_Cy_SysClk_ClkTimerSetSource
2470:Generated_Source\PSoC6\pdl\drivers/peripheral/sysclk/cy_sysclk.h **** *
2471:Generated_Source\PSoC6\pdl\drivers/peripheral/sysclk/cy_sysclk.h **** *******************************************************************************/
2472:Generated_Source\PSoC6\pdl\drivers/peripheral/sysclk/cy_sysclk.h **** __STATIC_INLINE cy_en_clktimer_in_sources_t Cy_SysClk_ClkTimerGetSource(void)
2473:Generated_Source\PSoC6\pdl\drivers/peripheral/sysclk/cy_sysclk.h **** {
2474:Generated_Source\PSoC6\pdl\drivers/peripheral/sysclk/cy_sysclk.h ****     /* return both fields TIMER_SEL and TIMER_HF0_DIV as a single combined value */
2475:Generated_Source\PSoC6\pdl\drivers/peripheral/sysclk/cy_sysclk.h ****     return (cy_en_clktimer_in_sources_t)(SRSS_CLK_TIMER_CTL & CY_SRSS_CLK_TIMER_CTL_TIMER_Msk);
2476:Generated_Source\PSoC6\pdl\drivers/peripheral/sysclk/cy_sysclk.h **** }
2477:Generated_Source\PSoC6\pdl\drivers/peripheral/sysclk/cy_sysclk.h **** 
2478:Generated_Source\PSoC6\pdl\drivers/peripheral/sysclk/cy_sysclk.h **** /*******************************************************************************
2479:Generated_Source\PSoC6\pdl\drivers/peripheral/sysclk/cy_sysclk.h **** * Function Name: Cy_SysClk_ClkTimerSetDivider
2480:Generated_Source\PSoC6\pdl\drivers/peripheral/sysclk/cy_sysclk.h **** ****************************************************************************//**
2481:Generated_Source\PSoC6\pdl\drivers/peripheral/sysclk/cy_sysclk.h **** *
2482:Generated_Source\PSoC6\pdl\drivers/peripheral/sysclk/cy_sysclk.h **** * Sets the divider for the timer clock (clk_timer).
2483:Generated_Source\PSoC6\pdl\drivers/peripheral/sysclk/cy_sysclk.h **** *
2484:Generated_Source\PSoC6\pdl\drivers/peripheral/sysclk/cy_sysclk.h **** * \param divider Divider value; valid range is 0 to 255. Divides the selected
2485:Generated_Source\PSoC6\pdl\drivers/peripheral/sysclk/cy_sysclk.h **** * source (\ref Cy_SysClk_ClkTimerSetSource) by the (value + 1).
2486:Generated_Source\PSoC6\pdl\drivers/peripheral/sysclk/cy_sysclk.h **** *
2487:Generated_Source\PSoC6\pdl\drivers/peripheral/sysclk/cy_sysclk.h **** * \note
2488:Generated_Source\PSoC6\pdl\drivers/peripheral/sysclk/cy_sysclk.h **** * Do not change the divider value while the timer clock is enabled.
2489:Generated_Source\PSoC6\pdl\drivers/peripheral/sysclk/cy_sysclk.h **** *
2490:Generated_Source\PSoC6\pdl\drivers/peripheral/sysclk/cy_sysclk.h **** * \funcusage
2491:Generated_Source\PSoC6\pdl\drivers/peripheral/sysclk/cy_sysclk.h **** * \snippet sysclk/2.0/snippet/main.c snippet_Cy_SysClk_ClkTimerSetDivider
2492:Generated_Source\PSoC6\pdl\drivers/peripheral/sysclk/cy_sysclk.h **** *
2493:Generated_Source\PSoC6\pdl\drivers/peripheral/sysclk/cy_sysclk.h **** *******************************************************************************/
2494:Generated_Source\PSoC6\pdl\drivers/peripheral/sysclk/cy_sysclk.h **** __STATIC_INLINE void Cy_SysClk_ClkTimerSetDivider(uint8_t divider)
2495:Generated_Source\PSoC6\pdl\drivers/peripheral/sysclk/cy_sysclk.h **** {
2496:Generated_Source\PSoC6\pdl\drivers/peripheral/sysclk/cy_sysclk.h ****     CY_REG32_CLR_SET(SRSS_CLK_TIMER_CTL, SRSS_CLK_TIMER_CTL_TIMER_DIV, divider);
 289              		.loc 2 2496 0
 290 0102 E158     		ldr	r1, [r4, r3]
 291 0104 364A     		ldr	r2, .L13+32
 292 0106 0A40     		ands	r2, r1
 293 0108 E250     		str	r2, [r4, r3]
 294              	.LVL22:
 295              	.LBE106:
 296              	.LBE105:
 297              	.LBB107:
 298              	.LBB108:
2497:Generated_Source\PSoC6\pdl\drivers/peripheral/sysclk/cy_sysclk.h **** }
2498:Generated_Source\PSoC6\pdl\drivers/peripheral/sysclk/cy_sysclk.h **** 
2499:Generated_Source\PSoC6\pdl\drivers/peripheral/sysclk/cy_sysclk.h **** /*******************************************************************************
2500:Generated_Source\PSoC6\pdl\drivers/peripheral/sysclk/cy_sysclk.h **** * Function Name: Cy_SysClk_ClkTimerGetDivider
2501:Generated_Source\PSoC6\pdl\drivers/peripheral/sysclk/cy_sysclk.h **** ****************************************************************************//**
2502:Generated_Source\PSoC6\pdl\drivers/peripheral/sysclk/cy_sysclk.h **** *
2503:Generated_Source\PSoC6\pdl\drivers/peripheral/sysclk/cy_sysclk.h **** * Reports the divider value for the timer clock (clk_timer).
2504:Generated_Source\PSoC6\pdl\drivers/peripheral/sysclk/cy_sysclk.h **** *
2505:Generated_Source\PSoC6\pdl\drivers/peripheral/sysclk/cy_sysclk.h **** * \return The divider value
2506:Generated_Source\PSoC6\pdl\drivers/peripheral/sysclk/cy_sysclk.h **** *
2507:Generated_Source\PSoC6\pdl\drivers/peripheral/sysclk/cy_sysclk.h **** * \funcusage
2508:Generated_Source\PSoC6\pdl\drivers/peripheral/sysclk/cy_sysclk.h **** * \snippet sysclk/2.0/snippet/main.c snippet_Cy_SysClk_ClkTimerSetDivider
2509:Generated_Source\PSoC6\pdl\drivers/peripheral/sysclk/cy_sysclk.h **** *
2510:Generated_Source\PSoC6\pdl\drivers/peripheral/sysclk/cy_sysclk.h **** *******************************************************************************/
2511:Generated_Source\PSoC6\pdl\drivers/peripheral/sysclk/cy_sysclk.h **** __STATIC_INLINE uint8_t Cy_SysClk_ClkTimerGetDivider(void)
2512:Generated_Source\PSoC6\pdl\drivers/peripheral/sysclk/cy_sysclk.h **** {
2513:Generated_Source\PSoC6\pdl\drivers/peripheral/sysclk/cy_sysclk.h ****     return ((uint8_t)_FLD2VAL(SRSS_CLK_TIMER_CTL_TIMER_DIV, SRSS_CLK_TIMER_CTL));
2514:Generated_Source\PSoC6\pdl\drivers/peripheral/sysclk/cy_sysclk.h **** }
ARM GAS  C:\Users\Finik\AppData\Local\Temp\ccXrCYub.s 			page 55


2515:Generated_Source\PSoC6\pdl\drivers/peripheral/sysclk/cy_sysclk.h **** 
2516:Generated_Source\PSoC6\pdl\drivers/peripheral/sysclk/cy_sysclk.h **** /*******************************************************************************
2517:Generated_Source\PSoC6\pdl\drivers/peripheral/sysclk/cy_sysclk.h **** * Function Name: Cy_SysClk_ClkTimerEnable
2518:Generated_Source\PSoC6\pdl\drivers/peripheral/sysclk/cy_sysclk.h **** ****************************************************************************//**
2519:Generated_Source\PSoC6\pdl\drivers/peripheral/sysclk/cy_sysclk.h **** *
2520:Generated_Source\PSoC6\pdl\drivers/peripheral/sysclk/cy_sysclk.h **** * Enables the timer clock (clk_timer). The timer clock can be used as a source
2521:Generated_Source\PSoC6\pdl\drivers/peripheral/sysclk/cy_sysclk.h **** * for SYSTICK and one or more of the energy profiler counters.
2522:Generated_Source\PSoC6\pdl\drivers/peripheral/sysclk/cy_sysclk.h **** *
2523:Generated_Source\PSoC6\pdl\drivers/peripheral/sysclk/cy_sysclk.h **** * \funcusage
2524:Generated_Source\PSoC6\pdl\drivers/peripheral/sysclk/cy_sysclk.h **** * \snippet sysclk/2.0/snippet/main.c snippet_Cy_SysClk_ClkTimerEnable
2525:Generated_Source\PSoC6\pdl\drivers/peripheral/sysclk/cy_sysclk.h **** *
2526:Generated_Source\PSoC6\pdl\drivers/peripheral/sysclk/cy_sysclk.h **** *******************************************************************************/
2527:Generated_Source\PSoC6\pdl\drivers/peripheral/sysclk/cy_sysclk.h **** __STATIC_INLINE void Cy_SysClk_ClkTimerEnable(void)
2528:Generated_Source\PSoC6\pdl\drivers/peripheral/sysclk/cy_sysclk.h **** {
2529:Generated_Source\PSoC6\pdl\drivers/peripheral/sysclk/cy_sysclk.h ****     SRSS_CLK_TIMER_CTL |= SRSS_CLK_TIMER_CTL_ENABLE_Msk;
 299              		.loc 2 2529 0
 300 010a E258     		ldr	r2, [r4, r3]
 301 010c 8025     		movs	r5, #128
 302 010e 2D06     		lsls	r5, r5, #24
 303 0110 2A43     		orrs	r2, r5
 304 0112 E250     		str	r2, [r4, r3]
 305              	.LVL23:
 306              	.LBE108:
 307              	.LBE107:
 308              	.LBB109:
 309              	.LBB110:
2530:Generated_Source\PSoC6\pdl\drivers/peripheral/sysclk/cy_sysclk.h **** }
2531:Generated_Source\PSoC6\pdl\drivers/peripheral/sysclk/cy_sysclk.h **** 
2532:Generated_Source\PSoC6\pdl\drivers/peripheral/sysclk/cy_sysclk.h **** /*******************************************************************************
2533:Generated_Source\PSoC6\pdl\drivers/peripheral/sysclk/cy_sysclk.h **** * Function Name: Cy_SysClk_ClkTimerDisable
2534:Generated_Source\PSoC6\pdl\drivers/peripheral/sysclk/cy_sysclk.h **** ****************************************************************************//**
2535:Generated_Source\PSoC6\pdl\drivers/peripheral/sysclk/cy_sysclk.h **** *
2536:Generated_Source\PSoC6\pdl\drivers/peripheral/sysclk/cy_sysclk.h **** * Disables the timer clock (clk_timer).
2537:Generated_Source\PSoC6\pdl\drivers/peripheral/sysclk/cy_sysclk.h **** *
2538:Generated_Source\PSoC6\pdl\drivers/peripheral/sysclk/cy_sysclk.h **** * \funcusage
2539:Generated_Source\PSoC6\pdl\drivers/peripheral/sysclk/cy_sysclk.h **** * \snippet sysclk/2.0/snippet/main.c snippet_Cy_SysClk_ClkTimerDisable
2540:Generated_Source\PSoC6\pdl\drivers/peripheral/sysclk/cy_sysclk.h **** *
2541:Generated_Source\PSoC6\pdl\drivers/peripheral/sysclk/cy_sysclk.h **** *******************************************************************************/
2542:Generated_Source\PSoC6\pdl\drivers/peripheral/sysclk/cy_sysclk.h **** __STATIC_INLINE void Cy_SysClk_ClkTimerDisable(void)
2543:Generated_Source\PSoC6\pdl\drivers/peripheral/sysclk/cy_sysclk.h **** {
2544:Generated_Source\PSoC6\pdl\drivers/peripheral/sysclk/cy_sysclk.h ****     SRSS_CLK_TIMER_CTL &= ~SRSS_CLK_TIMER_CTL_ENABLE_Msk;
2545:Generated_Source\PSoC6\pdl\drivers/peripheral/sysclk/cy_sysclk.h **** }
2546:Generated_Source\PSoC6\pdl\drivers/peripheral/sysclk/cy_sysclk.h **** /** \} group_sysclk_clk_timer_funcs */
2547:Generated_Source\PSoC6\pdl\drivers/peripheral/sysclk/cy_sysclk.h **** 
2548:Generated_Source\PSoC6\pdl\drivers/peripheral/sysclk/cy_sysclk.h **** 
2549:Generated_Source\PSoC6\pdl\drivers/peripheral/sysclk/cy_sysclk.h **** /* ========================================================================== */
2550:Generated_Source\PSoC6\pdl\drivers/peripheral/sysclk/cy_sysclk.h **** /* =========================    clk_pump SECTION    ========================= */
2551:Generated_Source\PSoC6\pdl\drivers/peripheral/sysclk/cy_sysclk.h **** /* ========================================================================== */
2552:Generated_Source\PSoC6\pdl\drivers/peripheral/sysclk/cy_sysclk.h **** /**
2553:Generated_Source\PSoC6\pdl\drivers/peripheral/sysclk/cy_sysclk.h **** * \addtogroup group_sysclk_clk_pump_enums
2554:Generated_Source\PSoC6\pdl\drivers/peripheral/sysclk/cy_sysclk.h **** * \{
2555:Generated_Source\PSoC6\pdl\drivers/peripheral/sysclk/cy_sysclk.h **** */
2556:Generated_Source\PSoC6\pdl\drivers/peripheral/sysclk/cy_sysclk.h **** /**
2557:Generated_Source\PSoC6\pdl\drivers/peripheral/sysclk/cy_sysclk.h **** * Pump clock (clk_pump) input sources. See CLK_SELECT register, PUMP_SEL bits.
2558:Generated_Source\PSoC6\pdl\drivers/peripheral/sysclk/cy_sysclk.h **** * Used with functions \ref Cy_SysClk_ClkPumpSetSource, and
2559:Generated_Source\PSoC6\pdl\drivers/peripheral/sysclk/cy_sysclk.h **** * \ref Cy_SysClk_ClkPumpGetSource.
2560:Generated_Source\PSoC6\pdl\drivers/peripheral/sysclk/cy_sysclk.h **** */
ARM GAS  C:\Users\Finik\AppData\Local\Temp\ccXrCYub.s 			page 56


2561:Generated_Source\PSoC6\pdl\drivers/peripheral/sysclk/cy_sysclk.h **** typedef enum
2562:Generated_Source\PSoC6\pdl\drivers/peripheral/sysclk/cy_sysclk.h **** {
2563:Generated_Source\PSoC6\pdl\drivers/peripheral/sysclk/cy_sysclk.h ****     CY_SYSCLK_PUMP_IN_CLKPATH0,  /**< Pump clock input is clock path 0 */
2564:Generated_Source\PSoC6\pdl\drivers/peripheral/sysclk/cy_sysclk.h ****     CY_SYSCLK_PUMP_IN_CLKPATH1,  /**< Pump clock input is clock path 1 */
2565:Generated_Source\PSoC6\pdl\drivers/peripheral/sysclk/cy_sysclk.h ****     CY_SYSCLK_PUMP_IN_CLKPATH2,  /**< Pump clock input is clock path 2 */
2566:Generated_Source\PSoC6\pdl\drivers/peripheral/sysclk/cy_sysclk.h ****     CY_SYSCLK_PUMP_IN_CLKPATH3,  /**< Pump clock input is clock path 3 */
2567:Generated_Source\PSoC6\pdl\drivers/peripheral/sysclk/cy_sysclk.h ****     CY_SYSCLK_PUMP_IN_CLKPATH4,  /**< Pump clock input is clock path 4 */
2568:Generated_Source\PSoC6\pdl\drivers/peripheral/sysclk/cy_sysclk.h ****     CY_SYSCLK_PUMP_IN_CLKPATH5,  /**< Pump clock input is clock path 5 */
2569:Generated_Source\PSoC6\pdl\drivers/peripheral/sysclk/cy_sysclk.h ****     CY_SYSCLK_PUMP_IN_CLKPATH6,  /**< Pump clock input is clock path 6 */
2570:Generated_Source\PSoC6\pdl\drivers/peripheral/sysclk/cy_sysclk.h ****     CY_SYSCLK_PUMP_IN_CLKPATH7,  /**< Pump clock input is clock path 7 */
2571:Generated_Source\PSoC6\pdl\drivers/peripheral/sysclk/cy_sysclk.h ****     CY_SYSCLK_PUMP_IN_CLKPATH8,  /**< Pump clock input is clock path 8 */
2572:Generated_Source\PSoC6\pdl\drivers/peripheral/sysclk/cy_sysclk.h ****     CY_SYSCLK_PUMP_IN_CLKPATH9,  /**< Pump clock input is clock path 9 */
2573:Generated_Source\PSoC6\pdl\drivers/peripheral/sysclk/cy_sysclk.h ****     CY_SYSCLK_PUMP_IN_CLKPATH10, /**< Pump clock input is clock path 10 */
2574:Generated_Source\PSoC6\pdl\drivers/peripheral/sysclk/cy_sysclk.h ****     CY_SYSCLK_PUMP_IN_CLKPATH11, /**< Pump clock input is clock path 11 */
2575:Generated_Source\PSoC6\pdl\drivers/peripheral/sysclk/cy_sysclk.h ****     CY_SYSCLK_PUMP_IN_CLKPATH12, /**< Pump clock input is clock path 12 */
2576:Generated_Source\PSoC6\pdl\drivers/peripheral/sysclk/cy_sysclk.h ****     CY_SYSCLK_PUMP_IN_CLKPATH13, /**< Pump clock input is clock path 13 */
2577:Generated_Source\PSoC6\pdl\drivers/peripheral/sysclk/cy_sysclk.h ****     CY_SYSCLK_PUMP_IN_CLKPATH14, /**< Pump clock input is clock path 14 */
2578:Generated_Source\PSoC6\pdl\drivers/peripheral/sysclk/cy_sysclk.h ****     CY_SYSCLK_PUMP_IN_CLKPATH15  /**< Pump clock input is clock path 15 */
2579:Generated_Source\PSoC6\pdl\drivers/peripheral/sysclk/cy_sysclk.h **** } cy_en_clkpump_in_sources_t;
2580:Generated_Source\PSoC6\pdl\drivers/peripheral/sysclk/cy_sysclk.h **** 
2581:Generated_Source\PSoC6\pdl\drivers/peripheral/sysclk/cy_sysclk.h **** /**
2582:Generated_Source\PSoC6\pdl\drivers/peripheral/sysclk/cy_sysclk.h **** * Pump clock (clk_pump) divide options. See CLK_SELECT register, PUMP_DIV bits.
2583:Generated_Source\PSoC6\pdl\drivers/peripheral/sysclk/cy_sysclk.h **** * Used with functions \ref Cy_SysClk_ClkPumpSetDivider, and
2584:Generated_Source\PSoC6\pdl\drivers/peripheral/sysclk/cy_sysclk.h **** * \ref Cy_SysClk_ClkPumpGetDivider.
2585:Generated_Source\PSoC6\pdl\drivers/peripheral/sysclk/cy_sysclk.h **** */
2586:Generated_Source\PSoC6\pdl\drivers/peripheral/sysclk/cy_sysclk.h **** typedef enum
2587:Generated_Source\PSoC6\pdl\drivers/peripheral/sysclk/cy_sysclk.h **** {
2588:Generated_Source\PSoC6\pdl\drivers/peripheral/sysclk/cy_sysclk.h ****     CY_SYSCLK_PUMP_NO_DIV = 0U, /**< No division on pump clock */
2589:Generated_Source\PSoC6\pdl\drivers/peripheral/sysclk/cy_sysclk.h ****     CY_SYSCLK_PUMP_DIV_2  = 1U, /**< Pump clock divided by 2 */
2590:Generated_Source\PSoC6\pdl\drivers/peripheral/sysclk/cy_sysclk.h ****     CY_SYSCLK_PUMP_DIV_4  = 2U, /**< Pump clock divided by 4 */
2591:Generated_Source\PSoC6\pdl\drivers/peripheral/sysclk/cy_sysclk.h ****     CY_SYSCLK_PUMP_DIV_8  = 3U, /**< Pump clock divided by 8 */
2592:Generated_Source\PSoC6\pdl\drivers/peripheral/sysclk/cy_sysclk.h ****     CY_SYSCLK_PUMP_DIV_16 = 4U  /**< Pump clock divided by 16 */
2593:Generated_Source\PSoC6\pdl\drivers/peripheral/sysclk/cy_sysclk.h **** } cy_en_clkpump_divide_t;
2594:Generated_Source\PSoC6\pdl\drivers/peripheral/sysclk/cy_sysclk.h **** /** \} group_sysclk_clk_pump_enums */
2595:Generated_Source\PSoC6\pdl\drivers/peripheral/sysclk/cy_sysclk.h **** 
2596:Generated_Source\PSoC6\pdl\drivers/peripheral/sysclk/cy_sysclk.h **** /** \cond */
2597:Generated_Source\PSoC6\pdl\drivers/peripheral/sysclk/cy_sysclk.h **** #define  CY_SYSCLK_FLL_IS_DIVIDER_VALID(div) (((div) == CY_SYSCLK_PUMP_NO_DIV) || \
2598:Generated_Source\PSoC6\pdl\drivers/peripheral/sysclk/cy_sysclk.h ****                                               ((div) == CY_SYSCLK_PUMP_DIV_2)  || \
2599:Generated_Source\PSoC6\pdl\drivers/peripheral/sysclk/cy_sysclk.h ****                                               ((div) == CY_SYSCLK_PUMP_DIV_4)  || \
2600:Generated_Source\PSoC6\pdl\drivers/peripheral/sysclk/cy_sysclk.h ****                                               ((div) == CY_SYSCLK_PUMP_DIV_8)  || \
2601:Generated_Source\PSoC6\pdl\drivers/peripheral/sysclk/cy_sysclk.h ****                                               ((div) == CY_SYSCLK_PUMP_DIV_16))
2602:Generated_Source\PSoC6\pdl\drivers/peripheral/sysclk/cy_sysclk.h **** /** \endcond */
2603:Generated_Source\PSoC6\pdl\drivers/peripheral/sysclk/cy_sysclk.h **** 
2604:Generated_Source\PSoC6\pdl\drivers/peripheral/sysclk/cy_sysclk.h **** /**
2605:Generated_Source\PSoC6\pdl\drivers/peripheral/sysclk/cy_sysclk.h **** * \addtogroup group_sysclk_clk_pump_funcs
2606:Generated_Source\PSoC6\pdl\drivers/peripheral/sysclk/cy_sysclk.h **** * \{
2607:Generated_Source\PSoC6\pdl\drivers/peripheral/sysclk/cy_sysclk.h **** */
2608:Generated_Source\PSoC6\pdl\drivers/peripheral/sysclk/cy_sysclk.h **** __STATIC_INLINE void Cy_SysClk_ClkPumpSetSource(cy_en_clkpump_in_sources_t source);
2609:Generated_Source\PSoC6\pdl\drivers/peripheral/sysclk/cy_sysclk.h **** __STATIC_INLINE cy_en_clkpump_in_sources_t Cy_SysClk_ClkPumpGetSource(void);
2610:Generated_Source\PSoC6\pdl\drivers/peripheral/sysclk/cy_sysclk.h **** __STATIC_INLINE void Cy_SysClk_ClkPumpSetDivider(cy_en_clkpump_divide_t divider);
2611:Generated_Source\PSoC6\pdl\drivers/peripheral/sysclk/cy_sysclk.h **** __STATIC_INLINE cy_en_clkpump_divide_t Cy_SysClk_ClkPumpGetDivider(void);
2612:Generated_Source\PSoC6\pdl\drivers/peripheral/sysclk/cy_sysclk.h **** __STATIC_INLINE void Cy_SysClk_ClkPumpEnable(void);
2613:Generated_Source\PSoC6\pdl\drivers/peripheral/sysclk/cy_sysclk.h **** __STATIC_INLINE void Cy_SysClk_ClkPumpDisable(void);
2614:Generated_Source\PSoC6\pdl\drivers/peripheral/sysclk/cy_sysclk.h **** 
2615:Generated_Source\PSoC6\pdl\drivers/peripheral/sysclk/cy_sysclk.h **** /*******************************************************************************
2616:Generated_Source\PSoC6\pdl\drivers/peripheral/sysclk/cy_sysclk.h **** * Function Name: Cy_SysClk_ClkPumpSetSource
2617:Generated_Source\PSoC6\pdl\drivers/peripheral/sysclk/cy_sysclk.h **** ****************************************************************************//**
ARM GAS  C:\Users\Finik\AppData\Local\Temp\ccXrCYub.s 			page 57


2618:Generated_Source\PSoC6\pdl\drivers/peripheral/sysclk/cy_sysclk.h **** *
2619:Generated_Source\PSoC6\pdl\drivers/peripheral/sysclk/cy_sysclk.h **** * Sets the source for the pump clock (clk_pump). The pump clock can be used for
2620:Generated_Source\PSoC6\pdl\drivers/peripheral/sysclk/cy_sysclk.h **** * the analog pumps in the CTBm block.
2621:Generated_Source\PSoC6\pdl\drivers/peripheral/sysclk/cy_sysclk.h **** *
2622:Generated_Source\PSoC6\pdl\drivers/peripheral/sysclk/cy_sysclk.h **** * \param source \ref cy_en_clkpump_in_sources_t
2623:Generated_Source\PSoC6\pdl\drivers/peripheral/sysclk/cy_sysclk.h **** *
2624:Generated_Source\PSoC6\pdl\drivers/peripheral/sysclk/cy_sysclk.h **** * \note
2625:Generated_Source\PSoC6\pdl\drivers/peripheral/sysclk/cy_sysclk.h **** * Do not change the source while the pump clock is enabled.
2626:Generated_Source\PSoC6\pdl\drivers/peripheral/sysclk/cy_sysclk.h **** *
2627:Generated_Source\PSoC6\pdl\drivers/peripheral/sysclk/cy_sysclk.h **** * \funcusage
2628:Generated_Source\PSoC6\pdl\drivers/peripheral/sysclk/cy_sysclk.h **** * \snippet sysclk/2.0/snippet/main.c snippet_Cy_SysClk_ClkPumpSetSource
2629:Generated_Source\PSoC6\pdl\drivers/peripheral/sysclk/cy_sysclk.h **** *
2630:Generated_Source\PSoC6\pdl\drivers/peripheral/sysclk/cy_sysclk.h **** *******************************************************************************/
2631:Generated_Source\PSoC6\pdl\drivers/peripheral/sysclk/cy_sysclk.h **** __STATIC_INLINE void Cy_SysClk_ClkPumpSetSource(cy_en_clkpump_in_sources_t source)
2632:Generated_Source\PSoC6\pdl\drivers/peripheral/sysclk/cy_sysclk.h **** {
2633:Generated_Source\PSoC6\pdl\drivers/peripheral/sysclk/cy_sysclk.h ****     CY_ASSERT_L3(source <= CY_SYSCLK_PUMP_IN_CLKPATH15);
2634:Generated_Source\PSoC6\pdl\drivers/peripheral/sysclk/cy_sysclk.h ****     CY_REG32_CLR_SET(SRSS_CLK_SELECT, SRSS_CLK_SELECT_PUMP_SEL, source);
 310              		.loc 2 2634 0
 311 0114 043B     		subs	r3, r3, #4
 312 0116 E158     		ldr	r1, [r4, r3]
 313 0118 324A     		ldr	r2, .L13+36
 314 011a 0A40     		ands	r2, r1
 315 011c E250     		str	r2, [r4, r3]
 316              	.LVL24:
 317              	.LBE110:
 318              	.LBE109:
 319              	.LBB111:
 320              	.LBB112:
2635:Generated_Source\PSoC6\pdl\drivers/peripheral/sysclk/cy_sysclk.h **** }
2636:Generated_Source\PSoC6\pdl\drivers/peripheral/sysclk/cy_sysclk.h **** 
2637:Generated_Source\PSoC6\pdl\drivers/peripheral/sysclk/cy_sysclk.h **** /*******************************************************************************
2638:Generated_Source\PSoC6\pdl\drivers/peripheral/sysclk/cy_sysclk.h **** * Function Name: Cy_SysClk_ClkPumpGetSource
2639:Generated_Source\PSoC6\pdl\drivers/peripheral/sysclk/cy_sysclk.h **** ****************************************************************************//**
2640:Generated_Source\PSoC6\pdl\drivers/peripheral/sysclk/cy_sysclk.h **** *
2641:Generated_Source\PSoC6\pdl\drivers/peripheral/sysclk/cy_sysclk.h **** * Reports the source for the pump clock (clk_pump).
2642:Generated_Source\PSoC6\pdl\drivers/peripheral/sysclk/cy_sysclk.h **** *
2643:Generated_Source\PSoC6\pdl\drivers/peripheral/sysclk/cy_sysclk.h **** * \return \ref cy_en_clkpump_in_sources_t
2644:Generated_Source\PSoC6\pdl\drivers/peripheral/sysclk/cy_sysclk.h **** *
2645:Generated_Source\PSoC6\pdl\drivers/peripheral/sysclk/cy_sysclk.h **** * \funcusage
2646:Generated_Source\PSoC6\pdl\drivers/peripheral/sysclk/cy_sysclk.h **** * \snippet sysclk/2.0/snippet/main.c snippet_Cy_SysClk_ClkPumpSetSource
2647:Generated_Source\PSoC6\pdl\drivers/peripheral/sysclk/cy_sysclk.h **** *
2648:Generated_Source\PSoC6\pdl\drivers/peripheral/sysclk/cy_sysclk.h **** *******************************************************************************/
2649:Generated_Source\PSoC6\pdl\drivers/peripheral/sysclk/cy_sysclk.h **** __STATIC_INLINE cy_en_clkpump_in_sources_t Cy_SysClk_ClkPumpGetSource(void)
2650:Generated_Source\PSoC6\pdl\drivers/peripheral/sysclk/cy_sysclk.h **** {
2651:Generated_Source\PSoC6\pdl\drivers/peripheral/sysclk/cy_sysclk.h ****     return (cy_en_clkpump_in_sources_t)_FLD2VAL(SRSS_CLK_SELECT_PUMP_SEL, SRSS_CLK_SELECT);
2652:Generated_Source\PSoC6\pdl\drivers/peripheral/sysclk/cy_sysclk.h **** }
2653:Generated_Source\PSoC6\pdl\drivers/peripheral/sysclk/cy_sysclk.h **** 
2654:Generated_Source\PSoC6\pdl\drivers/peripheral/sysclk/cy_sysclk.h **** /*******************************************************************************
2655:Generated_Source\PSoC6\pdl\drivers/peripheral/sysclk/cy_sysclk.h **** * Function Name: Cy_SysClk_ClkPumpSetDivider
2656:Generated_Source\PSoC6\pdl\drivers/peripheral/sysclk/cy_sysclk.h **** ****************************************************************************//**
2657:Generated_Source\PSoC6\pdl\drivers/peripheral/sysclk/cy_sysclk.h **** *
2658:Generated_Source\PSoC6\pdl\drivers/peripheral/sysclk/cy_sysclk.h **** * Sets the divider of the pump clock (clk_pump).
2659:Generated_Source\PSoC6\pdl\drivers/peripheral/sysclk/cy_sysclk.h **** *
2660:Generated_Source\PSoC6\pdl\drivers/peripheral/sysclk/cy_sysclk.h **** * \param divider \ref cy_en_clkpump_divide_t
2661:Generated_Source\PSoC6\pdl\drivers/peripheral/sysclk/cy_sysclk.h **** *
2662:Generated_Source\PSoC6\pdl\drivers/peripheral/sysclk/cy_sysclk.h **** * \note
2663:Generated_Source\PSoC6\pdl\drivers/peripheral/sysclk/cy_sysclk.h **** * Do not change the divider value while the pump clock is enabled.
ARM GAS  C:\Users\Finik\AppData\Local\Temp\ccXrCYub.s 			page 58


2664:Generated_Source\PSoC6\pdl\drivers/peripheral/sysclk/cy_sysclk.h **** *
2665:Generated_Source\PSoC6\pdl\drivers/peripheral/sysclk/cy_sysclk.h **** * \funcusage
2666:Generated_Source\PSoC6\pdl\drivers/peripheral/sysclk/cy_sysclk.h **** * \snippet sysclk/2.0/snippet/main.c snippet_Cy_SysClk_ClkPumpSetDivider
2667:Generated_Source\PSoC6\pdl\drivers/peripheral/sysclk/cy_sysclk.h **** *
2668:Generated_Source\PSoC6\pdl\drivers/peripheral/sysclk/cy_sysclk.h **** *******************************************************************************/
2669:Generated_Source\PSoC6\pdl\drivers/peripheral/sysclk/cy_sysclk.h **** __STATIC_INLINE void Cy_SysClk_ClkPumpSetDivider(cy_en_clkpump_divide_t divider)
2670:Generated_Source\PSoC6\pdl\drivers/peripheral/sysclk/cy_sysclk.h **** {
2671:Generated_Source\PSoC6\pdl\drivers/peripheral/sysclk/cy_sysclk.h ****     CY_ASSERT_L3(CY_SYSCLK_FLL_IS_DIVIDER_VALID(divider));
2672:Generated_Source\PSoC6\pdl\drivers/peripheral/sysclk/cy_sysclk.h ****     CY_REG32_CLR_SET(SRSS_CLK_SELECT, SRSS_CLK_SELECT_PUMP_DIV, divider);
 321              		.loc 2 2672 0
 322 011e E158     		ldr	r1, [r4, r3]
 323 0120 314A     		ldr	r2, .L13+40
 324 0122 0A40     		ands	r2, r1
 325 0124 8021     		movs	r1, #128
 326 0126 8901     		lsls	r1, r1, #6
 327 0128 0A43     		orrs	r2, r1
 328 012a E250     		str	r2, [r4, r3]
 329              	.LVL25:
 330              	.LBE112:
 331              	.LBE111:
 332              	.LBB113:
 333              	.LBB114:
2673:Generated_Source\PSoC6\pdl\drivers/peripheral/sysclk/cy_sysclk.h **** }
2674:Generated_Source\PSoC6\pdl\drivers/peripheral/sysclk/cy_sysclk.h **** 
2675:Generated_Source\PSoC6\pdl\drivers/peripheral/sysclk/cy_sysclk.h **** /*******************************************************************************
2676:Generated_Source\PSoC6\pdl\drivers/peripheral/sysclk/cy_sysclk.h **** * Function Name: Cy_SysClk_ClkPumpGetDivider
2677:Generated_Source\PSoC6\pdl\drivers/peripheral/sysclk/cy_sysclk.h **** ****************************************************************************//**
2678:Generated_Source\PSoC6\pdl\drivers/peripheral/sysclk/cy_sysclk.h **** *
2679:Generated_Source\PSoC6\pdl\drivers/peripheral/sysclk/cy_sysclk.h **** * Reports the divider value for the pump clock (clk_pump).
2680:Generated_Source\PSoC6\pdl\drivers/peripheral/sysclk/cy_sysclk.h **** *
2681:Generated_Source\PSoC6\pdl\drivers/peripheral/sysclk/cy_sysclk.h **** * \return \ref cy_en_clkpump_divide_t
2682:Generated_Source\PSoC6\pdl\drivers/peripheral/sysclk/cy_sysclk.h **** *
2683:Generated_Source\PSoC6\pdl\drivers/peripheral/sysclk/cy_sysclk.h **** * \funcusage
2684:Generated_Source\PSoC6\pdl\drivers/peripheral/sysclk/cy_sysclk.h **** * \snippet sysclk/2.0/snippet/main.c snippet_Cy_SysClk_ClkPumpSetDivider
2685:Generated_Source\PSoC6\pdl\drivers/peripheral/sysclk/cy_sysclk.h **** *
2686:Generated_Source\PSoC6\pdl\drivers/peripheral/sysclk/cy_sysclk.h **** *******************************************************************************/
2687:Generated_Source\PSoC6\pdl\drivers/peripheral/sysclk/cy_sysclk.h **** __STATIC_INLINE cy_en_clkpump_divide_t Cy_SysClk_ClkPumpGetDivider(void)
2688:Generated_Source\PSoC6\pdl\drivers/peripheral/sysclk/cy_sysclk.h **** {
2689:Generated_Source\PSoC6\pdl\drivers/peripheral/sysclk/cy_sysclk.h ****     return (cy_en_clkpump_divide_t)_FLD2VAL(SRSS_CLK_SELECT_PUMP_DIV, SRSS_CLK_SELECT);
2690:Generated_Source\PSoC6\pdl\drivers/peripheral/sysclk/cy_sysclk.h **** }
2691:Generated_Source\PSoC6\pdl\drivers/peripheral/sysclk/cy_sysclk.h **** 
2692:Generated_Source\PSoC6\pdl\drivers/peripheral/sysclk/cy_sysclk.h **** /*******************************************************************************
2693:Generated_Source\PSoC6\pdl\drivers/peripheral/sysclk/cy_sysclk.h **** * Function Name: Cy_SysClk_ClkPumpEnable
2694:Generated_Source\PSoC6\pdl\drivers/peripheral/sysclk/cy_sysclk.h **** ****************************************************************************//**
2695:Generated_Source\PSoC6\pdl\drivers/peripheral/sysclk/cy_sysclk.h **** *
2696:Generated_Source\PSoC6\pdl\drivers/peripheral/sysclk/cy_sysclk.h **** * Enables the pump clock (clk_pump). The pump clock can be used for the analog
2697:Generated_Source\PSoC6\pdl\drivers/peripheral/sysclk/cy_sysclk.h **** * pumps in the CTBm block.
2698:Generated_Source\PSoC6\pdl\drivers/peripheral/sysclk/cy_sysclk.h **** *
2699:Generated_Source\PSoC6\pdl\drivers/peripheral/sysclk/cy_sysclk.h **** * \funcusage
2700:Generated_Source\PSoC6\pdl\drivers/peripheral/sysclk/cy_sysclk.h **** * \snippet sysclk/2.0/snippet/main.c snippet_Cy_SysClk_ClkPumpEnable
2701:Generated_Source\PSoC6\pdl\drivers/peripheral/sysclk/cy_sysclk.h **** *
2702:Generated_Source\PSoC6\pdl\drivers/peripheral/sysclk/cy_sysclk.h **** *******************************************************************************/
2703:Generated_Source\PSoC6\pdl\drivers/peripheral/sysclk/cy_sysclk.h **** __STATIC_INLINE void Cy_SysClk_ClkPumpEnable(void)
2704:Generated_Source\PSoC6\pdl\drivers/peripheral/sysclk/cy_sysclk.h **** {
2705:Generated_Source\PSoC6\pdl\drivers/peripheral/sysclk/cy_sysclk.h ****     SRSS_CLK_SELECT |= SRSS_CLK_SELECT_PUMP_ENABLE_Msk;
 334              		.loc 2 2705 0
 335 012c E258     		ldr	r2, [r4, r3]
ARM GAS  C:\Users\Finik\AppData\Local\Temp\ccXrCYub.s 			page 59


 336 012e 8021     		movs	r1, #128
 337 0130 0902     		lsls	r1, r1, #8
 338 0132 0A43     		orrs	r2, r1
 339 0134 E250     		str	r2, [r4, r3]
 340              	.LVL26:
 341              	.LBE114:
 342              	.LBE113:
 343              	.LBB115:
 344              	.LBB116:
2706:Generated_Source\PSoC6\pdl\drivers/peripheral/sysclk/cy_sysclk.h **** }
2707:Generated_Source\PSoC6\pdl\drivers/peripheral/sysclk/cy_sysclk.h **** 
2708:Generated_Source\PSoC6\pdl\drivers/peripheral/sysclk/cy_sysclk.h **** /*******************************************************************************
2709:Generated_Source\PSoC6\pdl\drivers/peripheral/sysclk/cy_sysclk.h **** * Function Name: Cy_SysClk_ClkPumpDisable
2710:Generated_Source\PSoC6\pdl\drivers/peripheral/sysclk/cy_sysclk.h **** ****************************************************************************//**
2711:Generated_Source\PSoC6\pdl\drivers/peripheral/sysclk/cy_sysclk.h **** *
2712:Generated_Source\PSoC6\pdl\drivers/peripheral/sysclk/cy_sysclk.h **** * Disables the pump clock (clk_pump).
2713:Generated_Source\PSoC6\pdl\drivers/peripheral/sysclk/cy_sysclk.h **** *
2714:Generated_Source\PSoC6\pdl\drivers/peripheral/sysclk/cy_sysclk.h **** * \funcusage
2715:Generated_Source\PSoC6\pdl\drivers/peripheral/sysclk/cy_sysclk.h **** * \snippet sysclk/2.0/snippet/main.c snippet_Cy_SysClk_ClkPumpDisable
2716:Generated_Source\PSoC6\pdl\drivers/peripheral/sysclk/cy_sysclk.h **** *
2717:Generated_Source\PSoC6\pdl\drivers/peripheral/sysclk/cy_sysclk.h **** *******************************************************************************/
2718:Generated_Source\PSoC6\pdl\drivers/peripheral/sysclk/cy_sysclk.h **** __STATIC_INLINE void Cy_SysClk_ClkPumpDisable(void)
2719:Generated_Source\PSoC6\pdl\drivers/peripheral/sysclk/cy_sysclk.h **** {
2720:Generated_Source\PSoC6\pdl\drivers/peripheral/sysclk/cy_sysclk.h ****     SRSS_CLK_SELECT &= ~SRSS_CLK_SELECT_PUMP_ENABLE_Msk;
2721:Generated_Source\PSoC6\pdl\drivers/peripheral/sysclk/cy_sysclk.h **** }
2722:Generated_Source\PSoC6\pdl\drivers/peripheral/sysclk/cy_sysclk.h **** /** \} group_sysclk_clk_pump_funcs */
2723:Generated_Source\PSoC6\pdl\drivers/peripheral/sysclk/cy_sysclk.h **** 
2724:Generated_Source\PSoC6\pdl\drivers/peripheral/sysclk/cy_sysclk.h **** 
2725:Generated_Source\PSoC6\pdl\drivers/peripheral/sysclk/cy_sysclk.h **** /* ========================================================================== */
2726:Generated_Source\PSoC6\pdl\drivers/peripheral/sysclk/cy_sysclk.h **** /* ==========================    clk_bak SECTION    ========================= */
2727:Generated_Source\PSoC6\pdl\drivers/peripheral/sysclk/cy_sysclk.h **** /* ========================================================================== */
2728:Generated_Source\PSoC6\pdl\drivers/peripheral/sysclk/cy_sysclk.h **** /**
2729:Generated_Source\PSoC6\pdl\drivers/peripheral/sysclk/cy_sysclk.h **** * \addtogroup group_sysclk_clk_bak_enums
2730:Generated_Source\PSoC6\pdl\drivers/peripheral/sysclk/cy_sysclk.h **** * \{
2731:Generated_Source\PSoC6\pdl\drivers/peripheral/sysclk/cy_sysclk.h **** */
2732:Generated_Source\PSoC6\pdl\drivers/peripheral/sysclk/cy_sysclk.h **** /**
2733:Generated_Source\PSoC6\pdl\drivers/peripheral/sysclk/cy_sysclk.h **** * Backup domain clock (clk_bak) input sources. See BACKUP->CTL register,
2734:Generated_Source\PSoC6\pdl\drivers/peripheral/sysclk/cy_sysclk.h **** * CLK_SEL bits. Used with functions \ref Cy_SysClk_ClkBakSetSource, and
2735:Generated_Source\PSoC6\pdl\drivers/peripheral/sysclk/cy_sysclk.h **** * \ref Cy_SysClk_ClkBakGetSource.
2736:Generated_Source\PSoC6\pdl\drivers/peripheral/sysclk/cy_sysclk.h **** */
2737:Generated_Source\PSoC6\pdl\drivers/peripheral/sysclk/cy_sysclk.h **** typedef enum
2738:Generated_Source\PSoC6\pdl\drivers/peripheral/sysclk/cy_sysclk.h **** {
2739:Generated_Source\PSoC6\pdl\drivers/peripheral/sysclk/cy_sysclk.h ****     CY_SYSCLK_BAK_IN_WCO,   /**< Backup domain clock input is WCO */
2740:Generated_Source\PSoC6\pdl\drivers/peripheral/sysclk/cy_sysclk.h ****     CY_SYSCLK_BAK_IN_CLKLF  /**< Backup domain clock input is clkLf */
2741:Generated_Source\PSoC6\pdl\drivers/peripheral/sysclk/cy_sysclk.h **** } cy_en_clkbak_in_sources_t;
2742:Generated_Source\PSoC6\pdl\drivers/peripheral/sysclk/cy_sysclk.h **** /** \} group_sysclk_clk_bak_enums */
2743:Generated_Source\PSoC6\pdl\drivers/peripheral/sysclk/cy_sysclk.h **** 
2744:Generated_Source\PSoC6\pdl\drivers/peripheral/sysclk/cy_sysclk.h **** /**
2745:Generated_Source\PSoC6\pdl\drivers/peripheral/sysclk/cy_sysclk.h **** * \addtogroup group_sysclk_clk_bak_funcs
2746:Generated_Source\PSoC6\pdl\drivers/peripheral/sysclk/cy_sysclk.h **** * \{
2747:Generated_Source\PSoC6\pdl\drivers/peripheral/sysclk/cy_sysclk.h **** */
2748:Generated_Source\PSoC6\pdl\drivers/peripheral/sysclk/cy_sysclk.h **** __STATIC_INLINE void Cy_SysClk_ClkBakSetSource(cy_en_clkbak_in_sources_t source);
2749:Generated_Source\PSoC6\pdl\drivers/peripheral/sysclk/cy_sysclk.h **** __STATIC_INLINE cy_en_clkbak_in_sources_t Cy_SysClk_ClkBakGetSource(void);
2750:Generated_Source\PSoC6\pdl\drivers/peripheral/sysclk/cy_sysclk.h **** 
2751:Generated_Source\PSoC6\pdl\drivers/peripheral/sysclk/cy_sysclk.h **** /*******************************************************************************
2752:Generated_Source\PSoC6\pdl\drivers/peripheral/sysclk/cy_sysclk.h **** * Function Name: Cy_SysClk_ClkBakSetSource
2753:Generated_Source\PSoC6\pdl\drivers/peripheral/sysclk/cy_sysclk.h **** ****************************************************************************//**
ARM GAS  C:\Users\Finik\AppData\Local\Temp\ccXrCYub.s 			page 60


2754:Generated_Source\PSoC6\pdl\drivers/peripheral/sysclk/cy_sysclk.h **** *
2755:Generated_Source\PSoC6\pdl\drivers/peripheral/sysclk/cy_sysclk.h **** * Sets the source for the backup domain clock (clk_bak).
2756:Generated_Source\PSoC6\pdl\drivers/peripheral/sysclk/cy_sysclk.h **** *
2757:Generated_Source\PSoC6\pdl\drivers/peripheral/sysclk/cy_sysclk.h **** * \param source \ref cy_en_clkbak_in_sources_t
2758:Generated_Source\PSoC6\pdl\drivers/peripheral/sysclk/cy_sysclk.h **** *
2759:Generated_Source\PSoC6\pdl\drivers/peripheral/sysclk/cy_sysclk.h **** * \note
2760:Generated_Source\PSoC6\pdl\drivers/peripheral/sysclk/cy_sysclk.h **** * clkLf is not available in all power modes.  For this reason, WCO is the
2761:Generated_Source\PSoC6\pdl\drivers/peripheral/sysclk/cy_sysclk.h **** * preferred source. If the WCO is routed through the clkLf multiplexer
2762:Generated_Source\PSoC6\pdl\drivers/peripheral/sysclk/cy_sysclk.h **** * (see \ref Cy_SysClk_ClkLfSetSource), select WCO directly - do not select clkLf.
2763:Generated_Source\PSoC6\pdl\drivers/peripheral/sysclk/cy_sysclk.h **** *
2764:Generated_Source\PSoC6\pdl\drivers/peripheral/sysclk/cy_sysclk.h **** * \funcusage
2765:Generated_Source\PSoC6\pdl\drivers/peripheral/sysclk/cy_sysclk.h **** * \snippet sysclk/2.0/snippet/main.c snippet_Cy_SysClk_ClkBakSetSource
2766:Generated_Source\PSoC6\pdl\drivers/peripheral/sysclk/cy_sysclk.h **** *
2767:Generated_Source\PSoC6\pdl\drivers/peripheral/sysclk/cy_sysclk.h **** *******************************************************************************/
2768:Generated_Source\PSoC6\pdl\drivers/peripheral/sysclk/cy_sysclk.h **** __STATIC_INLINE void Cy_SysClk_ClkBakSetSource(cy_en_clkbak_in_sources_t source)
2769:Generated_Source\PSoC6\pdl\drivers/peripheral/sysclk/cy_sysclk.h **** {
2770:Generated_Source\PSoC6\pdl\drivers/peripheral/sysclk/cy_sysclk.h ****     CY_ASSERT_L3(source <= CY_SYSCLK_BAK_IN_CLKLF);
2771:Generated_Source\PSoC6\pdl\drivers/peripheral/sysclk/cy_sysclk.h ****     CY_REG32_CLR_SET(BACKUP_CTL, BACKUP_CTL_CLK_SEL, source);
 345              		.loc 2 2771 0
 346 0136 2D4A     		ldr	r2, .L13+44
 347 0138 1168     		ldr	r1, [r2]
 348 013a 2D4B     		ldr	r3, .L13+48
 349 013c 0B40     		ands	r3, r1
 350 013e 8021     		movs	r1, #128
 351 0140 4900     		lsls	r1, r1, #1
 352 0142 0B43     		orrs	r3, r1
 353 0144 1360     		str	r3, [r2]
 354              	.LVL27:
 355              	.LBE116:
 356              	.LBE115:
 207:Generated_Source\PSoC6/cyfitter_cfg.c **** 	Cy_SysClk_IloEnable();
 357              		.loc 1 207 0
 358 0146 0020     		movs	r0, #0
 359              	.LVL28:
 360 0148 FFF7FEFF 		bl	Cy_SysTick_SetClockSource
 361              	.LVL29:
 362              	.LBB117:
 363              	.LBB118:
1014:Generated_Source\PSoC6\pdl\drivers/peripheral/sysclk/cy_sysclk.h **** }
 364              		.loc 2 1014 0
 365 014c 294B     		ldr	r3, .L13+52
 366 014e E258     		ldr	r2, [r4, r3]
 367 0150 1543     		orrs	r5, r2
 368 0152 E550     		str	r5, [r4, r3]
 369              	.LVL30:
 370              	.LBE118:
 371              	.LBE117:
 372              	.LBB119:
 373              	.LBB120:
1065:Generated_Source\PSoC6\pdl\drivers/peripheral/sysclk/cy_sysclk.h **** }
 374              		.loc 2 1065 0
 375 0154 E158     		ldr	r1, [r4, r3]
 376 0156 0122     		movs	r2, #1
 377 0158 9143     		bics	r1, r2
 378 015a 0A43     		orrs	r2, r1
 379 015c E250     		str	r2, [r4, r3]
 380              	.LVL31:
ARM GAS  C:\Users\Finik\AppData\Local\Temp\ccXrCYub.s 			page 61


 381              	.LBE120:
 382              	.LBE119:
 212:Generated_Source\PSoC6/cyfitter_cfg.c **** 
 383              		.loc 1 212 0
 384 015e 6421     		movs	r1, #100
 385 0160 0020     		movs	r0, #0
 386 0162 FFF7FEFF 		bl	Cy_SysLib_SetWaitStates
 387              	.LVL32:
 388              	.LBB121:
 389              	.LBB122:
2066:Generated_Source\PSoC6\pdl\drivers/peripheral/sysclk/cy_sysclk.h ****     {
 390              		.loc 2 2066 0
 391 0166 174B     		ldr	r3, .L13+4
 392 0168 1B68     		ldr	r3, [r3]
 393 016a 3F22     		movs	r2, #63
 394 016c 9A5C     		ldrb	r2, [r3, r2]
 395 016e 372A     		cmp	r2, #55
 396 0170 03D9     		bls	.L12
2073:Generated_Source\PSoC6\pdl\drivers/peripheral/sysclk/cy_sysclk.h ****                                       _VAL2FLD(CY_PERI_CLOCK_CTL_DIV_SEL, dividerNum);
 397              		.loc 2 2073 0
 398 0172 0021     		movs	r1, #0
 399 0174 204A     		ldr	r2, .L13+56
 400 0176 9868     		ldr	r0, [r3, #8]
 401 0178 8150     		str	r1, [r0, r2]
 402              	.LVL33:
 403              	.L12:
 404              	.LBE122:
 405              	.LBE121:
 406              	.LBB123:
 407              	.LBB124:
1883:Generated_Source\PSoC6\pdl\drivers/peripheral/sysclk/cy_sysclk.h ****             retVal = CY_SYSCLK_SUCCESS;
 408              		.loc 2 1883 0
 409 017a 9A68     		ldr	r2, [r3, #8]
 410 017c 7421     		movs	r1, #116
 411 017e 5B5A     		ldrh	r3, [r3, r1]
 412 0180 D218     		adds	r2, r2, r3
 413 0182 1168     		ldr	r1, [r2]
 414 0184 104B     		ldr	r3, .L13+8
 415 0186 0B40     		ands	r3, r1
 416 0188 C621     		movs	r1, #198
 417 018a C901     		lsls	r1, r1, #7
 418 018c 0B43     		orrs	r3, r1
 419 018e 1360     		str	r3, [r2]
 420              	.LVL34:
 421              	.LBE124:
 422              	.LBE123:
 423              	.LBB125:
 424              	.LBB126:
2132:Generated_Source\PSoC6\pdl\drivers/peripheral/sysclk/cy_sysclk.h ****                            CY_PERI_DIV_CMD_PA_TYPE_SEL_Msk                 |
 425              		.loc 2 2132 0
 426 0190 0C4B     		ldr	r3, .L13+4
 427 0192 1A68     		ldr	r2, [r3]
2133:Generated_Source\PSoC6\pdl\drivers/peripheral/sysclk/cy_sysclk.h ****                            CY_PERI_DIV_CMD_PA_DIV_SEL_Msk                  |
 428              		.loc 2 2133 0
 429 0194 7323     		movs	r3, #115
 430 0196 D15C     		ldrb	r1, [r2, r3]
 431 0198 703B     		subs	r3, r3, #112
ARM GAS  C:\Users\Finik\AppData\Local\Temp\ccXrCYub.s 			page 62


 432 019a 8B40     		lsls	r3, r3, r1
 433 019c 1900     		movs	r1, r3
2134:Generated_Source\PSoC6\pdl\drivers/peripheral/sysclk/cy_sysclk.h ****                            _VAL2FLD(CY_PERI_DIV_CMD_TYPE_SEL, dividerType) |
 434              		.loc 2 2134 0
 435 019e 7023     		movs	r3, #112
 436 01a0 D35C     		ldrb	r3, [r2, r3]
 437 01a2 7220     		movs	r0, #114
 438 01a4 105C     		ldrb	r0, [r2, r0]
 439 01a6 8340     		lsls	r3, r3, r0
2133:Generated_Source\PSoC6\pdl\drivers/peripheral/sysclk/cy_sysclk.h ****                            CY_PERI_DIV_CMD_PA_DIV_SEL_Msk                  |
 440              		.loc 2 2133 0
 441 01a8 0B43     		orrs	r3, r1
2135:Generated_Source\PSoC6\pdl\drivers/peripheral/sysclk/cy_sysclk.h ****                            _VAL2FLD(CY_PERI_DIV_CMD_DIV_SEL,  dividerNum);
 442              		.loc 2 2135 0
 443 01aa 8021     		movs	r1, #128
 444 01ac 0906     		lsls	r1, r1, #24
 445 01ae 0B43     		orrs	r3, r1
2132:Generated_Source\PSoC6\pdl\drivers/peripheral/sysclk/cy_sysclk.h ****                            CY_PERI_DIV_CMD_PA_TYPE_SEL_Msk                 |
 446              		.loc 2 2132 0
 447 01b0 8021     		movs	r1, #128
 448 01b2 C900     		lsls	r1, r1, #3
 449 01b4 9068     		ldr	r0, [r2, #8]
 450 01b6 4350     		str	r3, [r0, r1]
2137:Generated_Source\PSoC6\pdl\drivers/peripheral/sysclk/cy_sysclk.h ****             retVal = CY_SYSCLK_SUCCESS;
 451              		.loc 2 2137 0
 452 01b8 9368     		ldr	r3, [r2, #8]
 453 01ba 5B58     		ldr	r3, [r3, r1]
 454              	.LVL35:
 455              	.LBE126:
 456              	.LBE125:
 218:Generated_Source\PSoC6/cyfitter_cfg.c **** 
 457              		.loc 1 218 0
 458 01bc 07B0     		add	sp, sp, #28
 459              		@ sp needed
 460 01be 30BD     		pop	{r4, r5, pc}
 461              	.L14:
 462              		.align	2
 463              	.L13:
 464 01c0 00002640 		.word	1076232192
 465 01c4 00000000 		.word	cy_device
 466 01c8 FF00FFFF 		.word	-65281
 467 01cc 00000000 		.word	.LANCHOR0
 468 01d0 087F0000 		.word	32520
 469 01d4 400D0300 		.word	200000
 470 01d8 04050000 		.word	1284
 471 01dc FEFCFFFF 		.word	-770
 472 01e0 FFFF00FF 		.word	-16711681
 473 01e4 FFF0FFFF 		.word	-3841
 474 01e8 FF8FFFFF 		.word	-28673
 475 01ec 00002740 		.word	1076297728
 476 01f0 FFFCFFFF 		.word	-769
 477 01f4 0C050000 		.word	1292
 478 01f8 DC0C0000 		.word	3292
 479              		.cfi_endproc
 480              	.LFE188:
 481              		.size	ClockInit, .-ClockInit
 482              		.section	.text.Cy_SystemInit,"ax",%progbits
ARM GAS  C:\Users\Finik\AppData\Local\Temp\ccXrCYub.s 			page 63


 483              		.align	2
 484              		.global	Cy_SystemInit
 485              		.code	16
 486              		.thumb_func
 487              		.type	Cy_SystemInit, %function
 488              	Cy_SystemInit:
 489              	.LFB190:
 244:Generated_Source\PSoC6/cyfitter_cfg.c **** 
 245:Generated_Source\PSoC6/cyfitter_cfg.c **** 
 246:Generated_Source\PSoC6/cyfitter_cfg.c **** 
 247:Generated_Source\PSoC6/cyfitter_cfg.c **** 
 248:Generated_Source\PSoC6/cyfitter_cfg.c **** /*******************************************************************************
 249:Generated_Source\PSoC6/cyfitter_cfg.c **** * Function Name: Cy_SystemInit
 250:Generated_Source\PSoC6/cyfitter_cfg.c **** ********************************************************************************
 251:Generated_Source\PSoC6/cyfitter_cfg.c **** * Summary:
 252:Generated_Source\PSoC6/cyfitter_cfg.c **** *  This function is called by the start-up code for the selected device. It
 253:Generated_Source\PSoC6/cyfitter_cfg.c **** *  performs all of the necessary device configuration based on the design
 254:Generated_Source\PSoC6/cyfitter_cfg.c **** *  settings.  This includes settings from the Design Wide Resources (DWR) such
 255:Generated_Source\PSoC6/cyfitter_cfg.c **** *  as Clocks and Pins as well as any component configuration that is necessary.
 256:Generated_Source\PSoC6/cyfitter_cfg.c **** *
 257:Generated_Source\PSoC6/cyfitter_cfg.c **** * Parameters:
 258:Generated_Source\PSoC6/cyfitter_cfg.c **** *   void
 259:Generated_Source\PSoC6/cyfitter_cfg.c **** *
 260:Generated_Source\PSoC6/cyfitter_cfg.c **** * Return:
 261:Generated_Source\PSoC6/cyfitter_cfg.c **** *   void
 262:Generated_Source\PSoC6/cyfitter_cfg.c **** *
 263:Generated_Source\PSoC6/cyfitter_cfg.c **** *******************************************************************************/
 264:Generated_Source\PSoC6/cyfitter_cfg.c **** 
 265:Generated_Source\PSoC6/cyfitter_cfg.c **** void Cy_SystemInit(void)
 266:Generated_Source\PSoC6/cyfitter_cfg.c **** {
 490              		.loc 1 266 0
 491              		.cfi_startproc
 492              		@ args = 0, pretend = 0, frame = 40
 493              		@ frame_needed = 0, uses_anonymous_args = 0
 494 0000 30B5     		push	{r4, r5, lr}
 495              		.cfi_def_cfa_offset 12
 496              		.cfi_offset 4, -12
 497              		.cfi_offset 5, -8
 498              		.cfi_offset 14, -4
 499 0002 8BB0     		sub	sp, sp, #44
 500              		.cfi_def_cfa_offset 56
 267:Generated_Source\PSoC6/cyfitter_cfg.c **** 	/* Set worst case memory wait states (150 MHz), ClockInit() will update */
 268:Generated_Source\PSoC6/cyfitter_cfg.c **** 	Cy_SysLib_SetWaitStates(false, 150);
 501              		.loc 1 268 0
 502 0004 9621     		movs	r1, #150
 503 0006 0020     		movs	r0, #0
 504 0008 FFF7FEFF 		bl	Cy_SysLib_SetWaitStates
 505              	.LVL36:
 269:Generated_Source\PSoC6/cyfitter_cfg.c **** 
 270:Generated_Source\PSoC6/cyfitter_cfg.c **** 	if(0u == Cy_SysLib_GetResetReason()) /* POR, XRES, or BOD */
 506              		.loc 1 270 0
 507 000c FFF7FEFF 		bl	Cy_SysLib_GetResetReason
 508              	.LVL37:
 509 0010 0028     		cmp	r0, #0
 510 0012 14D1     		bne	.L16
 271:Generated_Source\PSoC6/cyfitter_cfg.c **** 	{
 272:Generated_Source\PSoC6/cyfitter_cfg.c **** 		Cy_SysLib_ResetBackupDomain();
ARM GAS  C:\Users\Finik\AppData\Local\Temp\ccXrCYub.s 			page 64


 511              		.loc 1 272 0
 512 0014 FFF7FEFF 		bl	Cy_SysLib_ResetBackupDomain
 513              	.LVL38:
 514              	.LBB127:
 515              	.LBB128:
1038:Generated_Source\PSoC6\pdl\drivers/peripheral/sysclk/cy_sysclk.h ****     {
 516              		.loc 2 1038 0
 517 0018 C023     		movs	r3, #192
 518 001a 5B00     		lsls	r3, r3, #1
 519 001c 2A4A     		ldr	r2, .L19
 520 001e D358     		ldr	r3, [r2, r3]
 521 0020 DB07     		lsls	r3, r3, #31
 522 0022 05D4     		bmi	.L17
1040:Generated_Source\PSoC6\pdl\drivers/peripheral/sysclk/cy_sysclk.h ****         retVal = CY_SYSCLK_SUCCESS;
 523              		.loc 2 1040 0
 524 0024 1100     		movs	r1, r2
 525 0026 294A     		ldr	r2, .L19+4
 526 0028 8B58     		ldr	r3, [r1, r2]
 527 002a 5B00     		lsls	r3, r3, #1
 528 002c 5B08     		lsrs	r3, r3, #1
 529 002e 8B50     		str	r3, [r1, r2]
 530              	.LVL39:
 531              	.L17:
 532              	.LBE128:
 533              	.LBE127:
 534              	.LBB129:
 535              	.LBB130:
1014:Generated_Source\PSoC6\pdl\drivers/peripheral/sysclk/cy_sysclk.h **** }
 536              		.loc 2 1014 0
 537 0030 2549     		ldr	r1, .L19
 538 0032 264A     		ldr	r2, .L19+4
 539 0034 8B58     		ldr	r3, [r1, r2]
 540 0036 8020     		movs	r0, #128
 541 0038 0006     		lsls	r0, r0, #24
 542 003a 0343     		orrs	r3, r0
 543 003c 8B50     		str	r3, [r1, r2]
 544              	.L16:
 545              	.LBE130:
 546              	.LBE129:
 273:Generated_Source\PSoC6/cyfitter_cfg.c **** 		Cy_SysClk_IloDisable();
 274:Generated_Source\PSoC6/cyfitter_cfg.c **** 		Cy_SysClk_IloEnable();
 275:Generated_Source\PSoC6/cyfitter_cfg.c **** 	}
 276:Generated_Source\PSoC6/cyfitter_cfg.c **** 
 277:Generated_Source\PSoC6/cyfitter_cfg.c **** 	/* Power Mode */
 278:Generated_Source\PSoC6/cyfitter_cfg.c **** 	Cy_SysPm_LdoSetVoltage(CY_SYSPM_LDO_VOLTAGE_1_1V);
 547              		.loc 1 278 0
 548 003e 0120     		movs	r0, #1
 549 0040 FFF7FEFF 		bl	Cy_SysPm_LdoSetVoltage
 550              	.LVL40:
 551              	.LBB131:
 552              	.LBB132:
 553              		.file 3 "Generated_Source\\PSoC6\\pdl\\drivers/peripheral/syspm/cy_syspm.h"
   1:Generated_Source\PSoC6\pdl\drivers/peripheral/syspm/cy_syspm.h **** /***************************************************************************//**
   2:Generated_Source\PSoC6\pdl\drivers/peripheral/syspm/cy_syspm.h **** * \file cy_syspm.h
   3:Generated_Source\PSoC6\pdl\drivers/peripheral/syspm/cy_syspm.h **** * \version 4.0
   4:Generated_Source\PSoC6\pdl\drivers/peripheral/syspm/cy_syspm.h **** *
   5:Generated_Source\PSoC6\pdl\drivers/peripheral/syspm/cy_syspm.h **** * Provides the function definitions for the power management API.
ARM GAS  C:\Users\Finik\AppData\Local\Temp\ccXrCYub.s 			page 65


   6:Generated_Source\PSoC6\pdl\drivers/peripheral/syspm/cy_syspm.h **** *
   7:Generated_Source\PSoC6\pdl\drivers/peripheral/syspm/cy_syspm.h **** ********************************************************************************
   8:Generated_Source\PSoC6\pdl\drivers/peripheral/syspm/cy_syspm.h **** * \copyright
   9:Generated_Source\PSoC6\pdl\drivers/peripheral/syspm/cy_syspm.h **** * Copyright 2016-2018, Cypress Semiconductor Corporation.  All rights reserved.
  10:Generated_Source\PSoC6\pdl\drivers/peripheral/syspm/cy_syspm.h **** * You may use this file only in accordance with the license, terms, conditions,
  11:Generated_Source\PSoC6\pdl\drivers/peripheral/syspm/cy_syspm.h **** * disclaimers, and limitations in the end user license agreement accompanying
  12:Generated_Source\PSoC6\pdl\drivers/peripheral/syspm/cy_syspm.h **** * the software package with which this file was provided.
  13:Generated_Source\PSoC6\pdl\drivers/peripheral/syspm/cy_syspm.h **** *
  14:Generated_Source\PSoC6\pdl\drivers/peripheral/syspm/cy_syspm.h **** *******************************************************************************/
  15:Generated_Source\PSoC6\pdl\drivers/peripheral/syspm/cy_syspm.h **** 
  16:Generated_Source\PSoC6\pdl\drivers/peripheral/syspm/cy_syspm.h **** /**
  17:Generated_Source\PSoC6\pdl\drivers/peripheral/syspm/cy_syspm.h **** * \addtogroup group_syspm
  18:Generated_Source\PSoC6\pdl\drivers/peripheral/syspm/cy_syspm.h **** * \{
  19:Generated_Source\PSoC6\pdl\drivers/peripheral/syspm/cy_syspm.h **** *
  20:Generated_Source\PSoC6\pdl\drivers/peripheral/syspm/cy_syspm.h **** * Use the System Power Management (SysPm) driver to change power modes and 
  21:Generated_Source\PSoC6\pdl\drivers/peripheral/syspm/cy_syspm.h **** * reduce system power consumption in power sensitive designs. 
  22:Generated_Source\PSoC6\pdl\drivers/peripheral/syspm/cy_syspm.h **** *
  23:Generated_Source\PSoC6\pdl\drivers/peripheral/syspm/cy_syspm.h **** * The functions and other declarations used in this driver are in cy_syspm.h. 
  24:Generated_Source\PSoC6\pdl\drivers/peripheral/syspm/cy_syspm.h **** * You can include cy_pdl.h (ModusToolbox only) to get access to all functions 
  25:Generated_Source\PSoC6\pdl\drivers/peripheral/syspm/cy_syspm.h **** * and declarations in the PDL. 
  26:Generated_Source\PSoC6\pdl\drivers/peripheral/syspm/cy_syspm.h **** *
  27:Generated_Source\PSoC6\pdl\drivers/peripheral/syspm/cy_syspm.h **** * For multi-CPU devices, this library allows you to individually enter low power  
  28:Generated_Source\PSoC6\pdl\drivers/peripheral/syspm/cy_syspm.h **** * modes for each CPU.
  29:Generated_Source\PSoC6\pdl\drivers/peripheral/syspm/cy_syspm.h **** *
  30:Generated_Source\PSoC6\pdl\drivers/peripheral/syspm/cy_syspm.h **** * This document contains the following topics:
  31:Generated_Source\PSoC6\pdl\drivers/peripheral/syspm/cy_syspm.h **** *
  32:Generated_Source\PSoC6\pdl\drivers/peripheral/syspm/cy_syspm.h **** * * \ref group_syspm_power_modes
  33:Generated_Source\PSoC6\pdl\drivers/peripheral/syspm/cy_syspm.h **** * * \ref group_syspm_system_power_modes
  34:Generated_Source\PSoC6\pdl\drivers/peripheral/syspm/cy_syspm.h **** *   - \ref group_syspm_switching_into_ulp
  35:Generated_Source\PSoC6\pdl\drivers/peripheral/syspm/cy_syspm.h **** *     - \ref group_syspm_ulp_limitations
  36:Generated_Source\PSoC6\pdl\drivers/peripheral/syspm/cy_syspm.h **** *   - \ref group_syspm_switching_into_lp
  37:Generated_Source\PSoC6\pdl\drivers/peripheral/syspm/cy_syspm.h **** *     - \ref group_syspm_lp_limitations
  38:Generated_Source\PSoC6\pdl\drivers/peripheral/syspm/cy_syspm.h **** *   - \ref group_syspm_switching_into_sleep
  39:Generated_Source\PSoC6\pdl\drivers/peripheral/syspm/cy_syspm.h **** *   - \ref group_syspm_switching_into_deepsleep
  40:Generated_Source\PSoC6\pdl\drivers/peripheral/syspm/cy_syspm.h **** *   - \ref group_syspm_wakingup_from_sleep_deepsleep
  41:Generated_Source\PSoC6\pdl\drivers/peripheral/syspm/cy_syspm.h **** *   - \ref group_syspm_switching_into_hibernate
  42:Generated_Source\PSoC6\pdl\drivers/peripheral/syspm/cy_syspm.h **** *   - \ref group_syspm_wakingup_from_hibernate
  43:Generated_Source\PSoC6\pdl\drivers/peripheral/syspm/cy_syspm.h **** * * \ref group_syspm_system_reg_curr_mode
  44:Generated_Source\PSoC6\pdl\drivers/peripheral/syspm/cy_syspm.h **** *   - \ref group_syspm_system_set_min_reg_curr_mode
  45:Generated_Source\PSoC6\pdl\drivers/peripheral/syspm/cy_syspm.h **** *   - \ref group_syspm_system_set_normal_reg_curr_mode
  46:Generated_Source\PSoC6\pdl\drivers/peripheral/syspm/cy_syspm.h **** * * \ref group_syspm_migration_guide_for_syspm_4_0
  47:Generated_Source\PSoC6\pdl\drivers/peripheral/syspm/cy_syspm.h **** * * \ref group_syspm_managing_pmic
  48:Generated_Source\PSoC6\pdl\drivers/peripheral/syspm/cy_syspm.h **** * * \ref group_syspm_managing_backup_domain
  49:Generated_Source\PSoC6\pdl\drivers/peripheral/syspm/cy_syspm.h **** * * \ref group_syspm_cb
  50:Generated_Source\PSoC6\pdl\drivers/peripheral/syspm/cy_syspm.h **** *   - \ref group_syspm_cb_example
  51:Generated_Source\PSoC6\pdl\drivers/peripheral/syspm/cy_syspm.h **** *   - \ref group_syspm_cb_config_consideration
  52:Generated_Source\PSoC6\pdl\drivers/peripheral/syspm/cy_syspm.h **** *     - \ref group_syspm_cb_parameters
  53:Generated_Source\PSoC6\pdl\drivers/peripheral/syspm/cy_syspm.h **** *     - \ref group_syspm_cb_structures
  54:Generated_Source\PSoC6\pdl\drivers/peripheral/syspm/cy_syspm.h **** *     - \ref group_syspm_cb_function_implementation
  55:Generated_Source\PSoC6\pdl\drivers/peripheral/syspm/cy_syspm.h **** *     - \ref group_syspm_cb_flow
  56:Generated_Source\PSoC6\pdl\drivers/peripheral/syspm/cy_syspm.h **** *     - \ref group_syspm_cb_unregistering
  57:Generated_Source\PSoC6\pdl\drivers/peripheral/syspm/cy_syspm.h **** * * \ref group_syspm_definitions
  58:Generated_Source\PSoC6\pdl\drivers/peripheral/syspm/cy_syspm.h **** *
  59:Generated_Source\PSoC6\pdl\drivers/peripheral/syspm/cy_syspm.h **** * \section group_syspm_section_configuration Configuration Considerations
  60:Generated_Source\PSoC6\pdl\drivers/peripheral/syspm/cy_syspm.h **** * \subsection group_syspm_power_modes Power Modes
  61:Generated_Source\PSoC6\pdl\drivers/peripheral/syspm/cy_syspm.h **** * PSoC 6 MCUs support four system and three CPU power modes. These power modes
  62:Generated_Source\PSoC6\pdl\drivers/peripheral/syspm/cy_syspm.h **** * are intended to minimize average power consumption in an application.
ARM GAS  C:\Users\Finik\AppData\Local\Temp\ccXrCYub.s 			page 66


  63:Generated_Source\PSoC6\pdl\drivers/peripheral/syspm/cy_syspm.h **** * System power modes:
  64:Generated_Source\PSoC6\pdl\drivers/peripheral/syspm/cy_syspm.h **** * * <b>Low Power</b> - All peripheral and CPU power modes
  65:Generated_Source\PSoC6\pdl\drivers/peripheral/syspm/cy_syspm.h **** *   are available to be used at maximum device frequency and current 
  66:Generated_Source\PSoC6\pdl\drivers/peripheral/syspm/cy_syspm.h **** *   consumption.
  67:Generated_Source\PSoC6\pdl\drivers/peripheral/syspm/cy_syspm.h **** * * <b>Ultra Low Power</b> - All peripheral and 
  68:Generated_Source\PSoC6\pdl\drivers/peripheral/syspm/cy_syspm.h **** *   CPU power modes are available, but the frequency and current consumption 
  69:Generated_Source\PSoC6\pdl\drivers/peripheral/syspm/cy_syspm.h **** *   are limited to a device specific number.
  70:Generated_Source\PSoC6\pdl\drivers/peripheral/syspm/cy_syspm.h **** * * <b>Deep Sleep</b> - Device and I/O states is retained. Low-frequency 
  71:Generated_Source\PSoC6\pdl\drivers/peripheral/syspm/cy_syspm.h **** *   peripherals are available. Both CPUs are in CPU Deep Sleep power mode. 
  72:Generated_Source\PSoC6\pdl\drivers/peripheral/syspm/cy_syspm.h **** * * <b>Hibernate</b> - The device and I/O states are frozen and the device 
  73:Generated_Source\PSoC6\pdl\drivers/peripheral/syspm/cy_syspm.h **** *   resets on wakeup.
  74:Generated_Source\PSoC6\pdl\drivers/peripheral/syspm/cy_syspm.h **** *
  75:Generated_Source\PSoC6\pdl\drivers/peripheral/syspm/cy_syspm.h **** * The CPU <b>Active</b>, <b>Sleep</b> and <b>Deep Sleep</b> power modes are 
  76:Generated_Source\PSoC6\pdl\drivers/peripheral/syspm/cy_syspm.h **** * Arm-defined power modes supported by the Arm CPU instruction 
  77:Generated_Source\PSoC6\pdl\drivers/peripheral/syspm/cy_syspm.h **** * set architecture (ISA). 
  78:Generated_Source\PSoC6\pdl\drivers/peripheral/syspm/cy_syspm.h **** * 
  79:Generated_Source\PSoC6\pdl\drivers/peripheral/syspm/cy_syspm.h **** * \subsection group_syspm_system_power_modes System Power Modes
  80:Generated_Source\PSoC6\pdl\drivers/peripheral/syspm/cy_syspm.h **** * * <b>LP</b> - In this mode, code is executed and all logic and 
  81:Generated_Source\PSoC6\pdl\drivers/peripheral/syspm/cy_syspm.h **** *   memories are powered. Firmware may disable/reduce clocks for specific 
  82:Generated_Source\PSoC6\pdl\drivers/peripheral/syspm/cy_syspm.h **** *   peripherals and power down specific analog power domains.
  83:Generated_Source\PSoC6\pdl\drivers/peripheral/syspm/cy_syspm.h **** *
  84:Generated_Source\PSoC6\pdl\drivers/peripheral/syspm/cy_syspm.h **** * * <b>ULP</b> - This power mode is like LP mode, but 
  85:Generated_Source\PSoC6\pdl\drivers/peripheral/syspm/cy_syspm.h **** *   with clock restrictions and limited/slower peripherals to achieve lower
  86:Generated_Source\PSoC6\pdl\drivers/peripheral/syspm/cy_syspm.h **** *   current consumption. Refer to \ref group_syspm_switching_into_ulp in 
  87:Generated_Source\PSoC6\pdl\drivers/peripheral/syspm/cy_syspm.h **** *   Configuration considerations.
  88:Generated_Source\PSoC6\pdl\drivers/peripheral/syspm/cy_syspm.h **** *
  89:Generated_Source\PSoC6\pdl\drivers/peripheral/syspm/cy_syspm.h **** * * <b>Deep Sleep</b> - Is a lower power mode where high-frequency clocks are 
  90:Generated_Source\PSoC6\pdl\drivers/peripheral/syspm/cy_syspm.h **** *   disabled. Refer to \ref group_syspm_switching_into_deepsleep in 
  91:Generated_Source\PSoC6\pdl\drivers/peripheral/syspm/cy_syspm.h **** *   Configuration considerations. Deep-sleep-capable peripherals are available. 
  92:Generated_Source\PSoC6\pdl\drivers/peripheral/syspm/cy_syspm.h **** *   A normal wakeup from Deep Sleep returns to either system LP or ULP mode, 
  93:Generated_Source\PSoC6\pdl\drivers/peripheral/syspm/cy_syspm.h **** *   depending on the previous state and programmed behavior for the configured 
  94:Generated_Source\PSoC6\pdl\drivers/peripheral/syspm/cy_syspm.h **** *   wakeup interrupt. Likewise, a debug wakes up from system Deep Sleep and 
  95:Generated_Source\PSoC6\pdl\drivers/peripheral/syspm/cy_syspm.h **** *   woken CPU returns to CPU Sleep. Refer 
  96:Generated_Source\PSoC6\pdl\drivers/peripheral/syspm/cy_syspm.h **** *   to \ref group_syspm_wakingup_from_sleep_deepsleep in Configuration 
  97:Generated_Source\PSoC6\pdl\drivers/peripheral/syspm/cy_syspm.h **** *   considerations.
  98:Generated_Source\PSoC6\pdl\drivers/peripheral/syspm/cy_syspm.h **** *
  99:Generated_Source\PSoC6\pdl\drivers/peripheral/syspm/cy_syspm.h **** * * <b>Hibernate</b> - Is the lowest power mode that is entered from 
 100:Generated_Source\PSoC6\pdl\drivers/peripheral/syspm/cy_syspm.h **** *   firmware. Refer to \ref group_syspm_switching_into_hibernate in 
 101:Generated_Source\PSoC6\pdl\drivers/peripheral/syspm/cy_syspm.h **** *   Configuration considerations. On wakeup the CPU(s) and all peripherals 
 102:Generated_Source\PSoC6\pdl\drivers/peripheral/syspm/cy_syspm.h **** *   go through a full reset. The I/O's state is frozen so that the 
 103:Generated_Source\PSoC6\pdl\drivers/peripheral/syspm/cy_syspm.h **** *   output driver state is held in system Hibernate. Note that in this mode, 
 104:Generated_Source\PSoC6\pdl\drivers/peripheral/syspm/cy_syspm.h **** *   the CPU(s) and all peripherals lose their states, so the system and firmware
 105:Generated_Source\PSoC6\pdl\drivers/peripheral/syspm/cy_syspm.h **** *   reboot on a wakeup event. Backup memory (if present) can be used to store 
 106:Generated_Source\PSoC6\pdl\drivers/peripheral/syspm/cy_syspm.h **** *   limited system state for use on the next reboot. Refer to 
 107:Generated_Source\PSoC6\pdl\drivers/peripheral/syspm/cy_syspm.h **** *   \ref group_syspm_wakingup_from_hibernate in Configuration considerations.
 108:Generated_Source\PSoC6\pdl\drivers/peripheral/syspm/cy_syspm.h **** *
 109:Generated_Source\PSoC6\pdl\drivers/peripheral/syspm/cy_syspm.h **** * \subsubsection group_syspm_switching_into_lp Switching the System into Low Power
 110:Generated_Source\PSoC6\pdl\drivers/peripheral/syspm/cy_syspm.h **** * To set system LP mode you need to set LP voltage for the active core 
 111:Generated_Source\PSoC6\pdl\drivers/peripheral/syspm/cy_syspm.h **** * regulator:
 112:Generated_Source\PSoC6\pdl\drivers/peripheral/syspm/cy_syspm.h **** * * If active core regulator is the LDO, call:
 113:Generated_Source\PSoC6\pdl\drivers/peripheral/syspm/cy_syspm.h **** *   \code{.c}
 114:Generated_Source\PSoC6\pdl\drivers/peripheral/syspm/cy_syspm.h **** *   Cy_SysPm_LdoSetVoltage(CY_SYSPM_LDO_VOLTAGE_LP);
 115:Generated_Source\PSoC6\pdl\drivers/peripheral/syspm/cy_syspm.h **** *   \endcode
 116:Generated_Source\PSoC6\pdl\drivers/peripheral/syspm/cy_syspm.h **** * * If active core regulator is the Buck, call:
 117:Generated_Source\PSoC6\pdl\drivers/peripheral/syspm/cy_syspm.h **** *   \code{.c}
 118:Generated_Source\PSoC6\pdl\drivers/peripheral/syspm/cy_syspm.h **** *   Cy_SysPm_BuckSetVoltage1(CY_SYSPM_BUCK_OUT1_VOLTAGE_LP)
 119:Generated_Source\PSoC6\pdl\drivers/peripheral/syspm/cy_syspm.h **** *   \endcode
ARM GAS  C:\Users\Finik\AppData\Local\Temp\ccXrCYub.s 			page 67


 120:Generated_Source\PSoC6\pdl\drivers/peripheral/syspm/cy_syspm.h **** *
 121:Generated_Source\PSoC6\pdl\drivers/peripheral/syspm/cy_syspm.h **** * After switching into system LP mode, the operating frequency and current 
 122:Generated_Source\PSoC6\pdl\drivers/peripheral/syspm/cy_syspm.h **** * consumption may now be increased up to \ref group_syspm_lp_limitations.
 123:Generated_Source\PSoC6\pdl\drivers/peripheral/syspm/cy_syspm.h **** * The wait states for flash may be changed to increase device performance by 
 124:Generated_Source\PSoC6\pdl\drivers/peripheral/syspm/cy_syspm.h **** * calling SysLib function Cy_SysLib_SetWaitStates(true, hfClkFreqMz), where 
 125:Generated_Source\PSoC6\pdl\drivers/peripheral/syspm/cy_syspm.h **** * hfClkFreqMz is the frequency of HfClk0 in MHz.
 126:Generated_Source\PSoC6\pdl\drivers/peripheral/syspm/cy_syspm.h **** *
 127:Generated_Source\PSoC6\pdl\drivers/peripheral/syspm/cy_syspm.h **** * \subsubsection group_syspm_lp_limitations LP Limitations
 128:Generated_Source\PSoC6\pdl\drivers/peripheral/syspm/cy_syspm.h **** * When the system is in LP mode, the core regulator voltage is set to
 129:Generated_Source\PSoC6\pdl\drivers/peripheral/syspm/cy_syspm.h **** * <b>1.1 V (nominal)</b> and the following limitations must be met:
 130:Generated_Source\PSoC6\pdl\drivers/peripheral/syspm/cy_syspm.h **** *
 131:Generated_Source\PSoC6\pdl\drivers/peripheral/syspm/cy_syspm.h **** *   - The maximum operating frequency for all Clk_HF paths must not exceed 
 132:Generated_Source\PSoC6\pdl\drivers/peripheral/syspm/cy_syspm.h **** *     <b>150 MHz*</b>, and peripheral and slow clock must 
 133:Generated_Source\PSoC6\pdl\drivers/peripheral/syspm/cy_syspm.h **** *     not exceed <b>100 MHz *</b>
 134:Generated_Source\PSoC6\pdl\drivers/peripheral/syspm/cy_syspm.h **** *
 135:Generated_Source\PSoC6\pdl\drivers/peripheral/syspm/cy_syspm.h **** *   - The total current consumption must be less than or equal to 
 136:Generated_Source\PSoC6\pdl\drivers/peripheral/syspm/cy_syspm.h **** *     <b>250 mA *</b>
 137:Generated_Source\PSoC6\pdl\drivers/peripheral/syspm/cy_syspm.h **** *
 138:Generated_Source\PSoC6\pdl\drivers/peripheral/syspm/cy_syspm.h **** * \warning * - Numbers shown are approximate and real limit values may be
 139:Generated_Source\PSoC6\pdl\drivers/peripheral/syspm/cy_syspm.h **** * different because they are device specific. You should refer to the device 
 140:Generated_Source\PSoC6\pdl\drivers/peripheral/syspm/cy_syspm.h **** * datasheet for exact values of maximum frequency and current in system LP mode.
 141:Generated_Source\PSoC6\pdl\drivers/peripheral/syspm/cy_syspm.h **** *
 142:Generated_Source\PSoC6\pdl\drivers/peripheral/syspm/cy_syspm.h **** * \subsubsection group_syspm_switching_into_ulp Switching the System into Ultra Low Power
 143:Generated_Source\PSoC6\pdl\drivers/peripheral/syspm/cy_syspm.h **** * Before switching into system ULP mode, ensure that the device meets 
 144:Generated_Source\PSoC6\pdl\drivers/peripheral/syspm/cy_syspm.h **** * \ref group_syspm_ulp_limitations. Decrease the clock frequencies, 
 145:Generated_Source\PSoC6\pdl\drivers/peripheral/syspm/cy_syspm.h **** * and slow or disable peripherals. Also ensure that appropriate wait state 
 146:Generated_Source\PSoC6\pdl\drivers/peripheral/syspm/cy_syspm.h **** * values are set for the flash. Flash wait states can be set by calling 
 147:Generated_Source\PSoC6\pdl\drivers/peripheral/syspm/cy_syspm.h **** * SysLib function Cy_SysLib_SetWaitStates(true, hfClkFreqMz), where hfClkFreqMz 
 148:Generated_Source\PSoC6\pdl\drivers/peripheral/syspm/cy_syspm.h **** * is the frequency of HfClk0 in MHz.
 149:Generated_Source\PSoC6\pdl\drivers/peripheral/syspm/cy_syspm.h **** *
 150:Generated_Source\PSoC6\pdl\drivers/peripheral/syspm/cy_syspm.h **** * After the \ref group_syspm_ulp_limitations are met and appropriate wait 
 151:Generated_Source\PSoC6\pdl\drivers/peripheral/syspm/cy_syspm.h **** * states are set, you must set ULP voltage for the active core regulator:
 152:Generated_Source\PSoC6\pdl\drivers/peripheral/syspm/cy_syspm.h **** * * If active core regulator is the LDO Core Voltage Regulator, call 
 153:Generated_Source\PSoC6\pdl\drivers/peripheral/syspm/cy_syspm.h **** * Cy_SysPm_LdoSetVoltage(CY_SYSPM_LDO_VOLTAGE_ULP)
 154:Generated_Source\PSoC6\pdl\drivers/peripheral/syspm/cy_syspm.h **** * * If active core regulator is the Buck Core Voltage Regulator, then call 
 155:Generated_Source\PSoC6\pdl\drivers/peripheral/syspm/cy_syspm.h **** * Cy_SysPm_BuckSetVoltage1(CY_SYSPM_BUCK_OUT1_VOLTAGE_ULP)
 156:Generated_Source\PSoC6\pdl\drivers/peripheral/syspm/cy_syspm.h **** *
 157:Generated_Source\PSoC6\pdl\drivers/peripheral/syspm/cy_syspm.h **** * \subsubsection group_syspm_ulp_limitations ULP Limitations
 158:Generated_Source\PSoC6\pdl\drivers/peripheral/syspm/cy_syspm.h **** * When the system is in ULP mode the core regulator voltage is set to <b>0.9 V 
 159:Generated_Source\PSoC6\pdl\drivers/peripheral/syspm/cy_syspm.h **** * (nominal)</b> and the following limitations must be meet:
 160:Generated_Source\PSoC6\pdl\drivers/peripheral/syspm/cy_syspm.h **** *
 161:Generated_Source\PSoC6\pdl\drivers/peripheral/syspm/cy_syspm.h **** *   - The maximum operating frequency for all Clk_HF paths must not exceed 
 162:Generated_Source\PSoC6\pdl\drivers/peripheral/syspm/cy_syspm.h **** *     <b>50 MHz *</b>, whereas the peripheral and slow clock must not exceed 
 163:Generated_Source\PSoC6\pdl\drivers/peripheral/syspm/cy_syspm.h **** *     <b>25 MHz *</b>. 
 164:Generated_Source\PSoC6\pdl\drivers/peripheral/syspm/cy_syspm.h **** *
 165:Generated_Source\PSoC6\pdl\drivers/peripheral/syspm/cy_syspm.h **** *   - The total current consumption must be less than or equal 
 166:Generated_Source\PSoC6\pdl\drivers/peripheral/syspm/cy_syspm.h **** *     to <b>20 mA*</b>
 167:Generated_Source\PSoC6\pdl\drivers/peripheral/syspm/cy_syspm.h **** *
 168:Generated_Source\PSoC6\pdl\drivers/peripheral/syspm/cy_syspm.h **** *   - the flash write operations are prohibited. The flash works in the 
 169:Generated_Source\PSoC6\pdl\drivers/peripheral/syspm/cy_syspm.h **** *     Read-only operation. If Write operations are required, you must switch to
 170:Generated_Source\PSoC6\pdl\drivers/peripheral/syspm/cy_syspm.h **** *     the system LP mode.
 171:Generated_Source\PSoC6\pdl\drivers/peripheral/syspm/cy_syspm.h **** *
 172:Generated_Source\PSoC6\pdl\drivers/peripheral/syspm/cy_syspm.h **** * \warning * - Numbers shown are approximate and real limit values may be
 173:Generated_Source\PSoC6\pdl\drivers/peripheral/syspm/cy_syspm.h **** * different because they are device specific. You should refer to the device 
 174:Generated_Source\PSoC6\pdl\drivers/peripheral/syspm/cy_syspm.h **** * datasheet for exact values of maximum frequency and current in system
 175:Generated_Source\PSoC6\pdl\drivers/peripheral/syspm/cy_syspm.h **** * ULP mode.
 176:Generated_Source\PSoC6\pdl\drivers/peripheral/syspm/cy_syspm.h **** *
ARM GAS  C:\Users\Finik\AppData\Local\Temp\ccXrCYub.s 			page 68


 177:Generated_Source\PSoC6\pdl\drivers/peripheral/syspm/cy_syspm.h **** * \subsubsection group_syspm_switching_into_sleep Switching CPU into Sleep
 178:Generated_Source\PSoC6\pdl\drivers/peripheral/syspm/cy_syspm.h **** * For multi-CPU devices, the Cy_SysPm_CpuEnterSleep() switches only the CPU 
 179:Generated_Source\PSoC6\pdl\drivers/peripheral/syspm/cy_syspm.h **** * that calls the function into the CPU Sleep power mode. 
 180:Generated_Source\PSoC6\pdl\drivers/peripheral/syspm/cy_syspm.h **** *
 181:Generated_Source\PSoC6\pdl\drivers/peripheral/syspm/cy_syspm.h **** * All pending interrupts must be cleared before the CPU is put into a 
 182:Generated_Source\PSoC6\pdl\drivers/peripheral/syspm/cy_syspm.h **** * Sleep mode, even if they are masked.
 183:Generated_Source\PSoC6\pdl\drivers/peripheral/syspm/cy_syspm.h **** *
 184:Generated_Source\PSoC6\pdl\drivers/peripheral/syspm/cy_syspm.h **** * The CPU event register can be set in the past, for example, as a result of 
 185:Generated_Source\PSoC6\pdl\drivers/peripheral/syspm/cy_syspm.h **** * internal system calls. So an old event can cause the CPU to not enter 
 186:Generated_Source\PSoC6\pdl\drivers/peripheral/syspm/cy_syspm.h **** * Sleep mode upon WFE(). Therefore usually the WFE() is used in an idle loop or 
 187:Generated_Source\PSoC6\pdl\drivers/peripheral/syspm/cy_syspm.h **** * polling loop as it might or might not cause entering of CPU Sleep mode. If 
 188:Generated_Source\PSoC6\pdl\drivers/peripheral/syspm/cy_syspm.h **** * the idle loop or polling loop is not used, then it is recommended to use 
 189:Generated_Source\PSoC6\pdl\drivers/peripheral/syspm/cy_syspm.h **** * WFI() instruction.
 190:Generated_Source\PSoC6\pdl\drivers/peripheral/syspm/cy_syspm.h **** *
 191:Generated_Source\PSoC6\pdl\drivers/peripheral/syspm/cy_syspm.h **** * \subsubsection group_syspm_switching_into_deepsleep Switching the System or CPU into Deep Sleep
 192:Generated_Source\PSoC6\pdl\drivers/peripheral/syspm/cy_syspm.h **** * For multi-CPU devices, the Cy_SysPm_CpuEnterDeepSleep() function switches 
 193:Generated_Source\PSoC6\pdl\drivers/peripheral/syspm/cy_syspm.h **** * only the CPU that calls the function into the CPU Deep Sleep power mode. 
 194:Generated_Source\PSoC6\pdl\drivers/peripheral/syspm/cy_syspm.h **** * To set the whole system into Deep Sleep power mode, ensure that all CPUs call 
 195:Generated_Source\PSoC6\pdl\drivers/peripheral/syspm/cy_syspm.h **** * the Cy_SysPm_CpuEnterDeepSleep() function.
 196:Generated_Source\PSoC6\pdl\drivers/peripheral/syspm/cy_syspm.h **** *
 197:Generated_Source\PSoC6\pdl\drivers/peripheral/syspm/cy_syspm.h **** * There are situations when the system does not switch into the Deep Sleep 
 198:Generated_Source\PSoC6\pdl\drivers/peripheral/syspm/cy_syspm.h **** * power mode immediately after the last CPU calls Cy_SysPm_CpuEnterDeepSleep(). 
 199:Generated_Source\PSoC6\pdl\drivers/peripheral/syspm/cy_syspm.h **** * The system will switch into Deep Sleep mode automatically a short time later, 
 200:Generated_Source\PSoC6\pdl\drivers/peripheral/syspm/cy_syspm.h **** * after the low power circuits are ready to switch into Deep Sleep. Refer to 
 201:Generated_Source\PSoC6\pdl\drivers/peripheral/syspm/cy_syspm.h **** * the Cy_SysPm_CpuEnterDeepSleep() description for more detail.
 202:Generated_Source\PSoC6\pdl\drivers/peripheral/syspm/cy_syspm.h **** *
 203:Generated_Source\PSoC6\pdl\drivers/peripheral/syspm/cy_syspm.h **** * All pending interrupts must be cleared before the system is put into a 
 204:Generated_Source\PSoC6\pdl\drivers/peripheral/syspm/cy_syspm.h **** * Deep Sleep mode, even if they are masked.
 205:Generated_Source\PSoC6\pdl\drivers/peripheral/syspm/cy_syspm.h **** *
 206:Generated_Source\PSoC6\pdl\drivers/peripheral/syspm/cy_syspm.h **** * The CPU event register can be set in the past, for example, as a result of 
 207:Generated_Source\PSoC6\pdl\drivers/peripheral/syspm/cy_syspm.h **** * internal system calls. So an old event can cause the CPU to not enter Deep 
 208:Generated_Source\PSoC6\pdl\drivers/peripheral/syspm/cy_syspm.h **** * Sleep mode upon WFE(). Therefore usually the WFE() is used in an idle loop or 
 209:Generated_Source\PSoC6\pdl\drivers/peripheral/syspm/cy_syspm.h **** * polling loop as it might or might not cause entering of CPU Deep Sleep mode. 
 210:Generated_Source\PSoC6\pdl\drivers/peripheral/syspm/cy_syspm.h **** * If the idle loop or polling loop is not used, then it is recommended to use 
 211:Generated_Source\PSoC6\pdl\drivers/peripheral/syspm/cy_syspm.h **** * WFI() instruction. 
 212:Generated_Source\PSoC6\pdl\drivers/peripheral/syspm/cy_syspm.h **** *
 213:Generated_Source\PSoC6\pdl\drivers/peripheral/syspm/cy_syspm.h **** * For single-CPU devices, SysPm functions that return the status of the 
 214:Generated_Source\PSoC6\pdl\drivers/peripheral/syspm/cy_syspm.h **** * unsupported CPU always return CY_SYSPM_STATUS_<CPU>_DEEPSLEEP.
 215:Generated_Source\PSoC6\pdl\drivers/peripheral/syspm/cy_syspm.h **** *
 216:Generated_Source\PSoC6\pdl\drivers/peripheral/syspm/cy_syspm.h **** * \subsubsection group_syspm_wakingup_from_sleep_deepsleep Waking Up from Sleep or Deep Sleep
 217:Generated_Source\PSoC6\pdl\drivers/peripheral/syspm/cy_syspm.h **** * For Arm-based devices, an interrupt is required for the CPU to wake up. 
 218:Generated_Source\PSoC6\pdl\drivers/peripheral/syspm/cy_syspm.h **** * For multi-CPU devices, one CPU can wake up the other CPU by sending the 
 219:Generated_Source\PSoC6\pdl\drivers/peripheral/syspm/cy_syspm.h **** * event instruction. Use the Cy_SysPm_CpuSendWakeupEvent() function.
 220:Generated_Source\PSoC6\pdl\drivers/peripheral/syspm/cy_syspm.h **** *
 221:Generated_Source\PSoC6\pdl\drivers/peripheral/syspm/cy_syspm.h **** * \subsubsection group_syspm_switching_into_hibernate Switching System to Hibernate
 222:Generated_Source\PSoC6\pdl\drivers/peripheral/syspm/cy_syspm.h **** * If you call Cy_SysPm_SystemEnterHibernate() from either CPU, the system will
 223:Generated_Source\PSoC6\pdl\drivers/peripheral/syspm/cy_syspm.h **** * be switched into the Hibernate power mode directly, because there is no 
 224:Generated_Source\PSoC6\pdl\drivers/peripheral/syspm/cy_syspm.h **** * handshake between CPUs.
 225:Generated_Source\PSoC6\pdl\drivers/peripheral/syspm/cy_syspm.h **** *
 226:Generated_Source\PSoC6\pdl\drivers/peripheral/syspm/cy_syspm.h **** * \subsubsection group_syspm_wakingup_from_hibernate Waking Up from Hibernate
 227:Generated_Source\PSoC6\pdl\drivers/peripheral/syspm/cy_syspm.h **** *
 228:Generated_Source\PSoC6\pdl\drivers/peripheral/syspm/cy_syspm.h **** * The system can wake up from Hibernate mode by configuring the following wakeup
 229:Generated_Source\PSoC6\pdl\drivers/peripheral/syspm/cy_syspm.h **** * sources:
 230:Generated_Source\PSoC6\pdl\drivers/peripheral/syspm/cy_syspm.h **** * - Wakeup pin
 231:Generated_Source\PSoC6\pdl\drivers/peripheral/syspm/cy_syspm.h **** * - LP Comparator
 232:Generated_Source\PSoC6\pdl\drivers/peripheral/syspm/cy_syspm.h **** * - RTC alarm
 233:Generated_Source\PSoC6\pdl\drivers/peripheral/syspm/cy_syspm.h **** * - WDT interrupt
ARM GAS  C:\Users\Finik\AppData\Local\Temp\ccXrCYub.s 			page 69


 234:Generated_Source\PSoC6\pdl\drivers/peripheral/syspm/cy_syspm.h **** *
 235:Generated_Source\PSoC6\pdl\drivers/peripheral/syspm/cy_syspm.h **** * Wakeup is supported from device specific pin(s) with programmable polarity. 
 236:Generated_Source\PSoC6\pdl\drivers/peripheral/syspm/cy_syspm.h **** * Additionally, unregulated peripherals can wake the system under some 
 237:Generated_Source\PSoC6\pdl\drivers/peripheral/syspm/cy_syspm.h **** * conditions. For example, a low power comparator can wake the system by 
 238:Generated_Source\PSoC6\pdl\drivers/peripheral/syspm/cy_syspm.h **** * comparing two external voltages, but does not support comparison to an 
 239:Generated_Source\PSoC6\pdl\drivers/peripheral/syspm/cy_syspm.h **** * internally-generated voltage. The backup power domain remains functional, and 
 240:Generated_Source\PSoC6\pdl\drivers/peripheral/syspm/cy_syspm.h **** * if present it can schedule an alarm to wake the system from Hibernate using 
 241:Generated_Source\PSoC6\pdl\drivers/peripheral/syspm/cy_syspm.h **** * the RTC. Alternatively, the Watchdog Timer (WDT) can be configured to wake-up 
 242:Generated_Source\PSoC6\pdl\drivers/peripheral/syspm/cy_syspm.h **** * the system by WDT interrupt. Refer to \ref Cy_SysPm_SetHibernateWakeupSource()
 243:Generated_Source\PSoC6\pdl\drivers/peripheral/syspm/cy_syspm.h **** * for more detail.
 244:Generated_Source\PSoC6\pdl\drivers/peripheral/syspm/cy_syspm.h **** *
 245:Generated_Source\PSoC6\pdl\drivers/peripheral/syspm/cy_syspm.h **** * \subsection group_syspm_system_reg_curr_mode System Regulator Current Mode
 246:Generated_Source\PSoC6\pdl\drivers/peripheral/syspm/cy_syspm.h **** * In addition to system ULP and LP modes, the five different resource 
 247:Generated_Source\PSoC6\pdl\drivers/peripheral/syspm/cy_syspm.h **** * power settings can be configured to reduce current consumption:
 248:Generated_Source\PSoC6\pdl\drivers/peripheral/syspm/cy_syspm.h **** * -# <b>Linear regulator low power mode</b>. Can be used only if core current
 249:Generated_Source\PSoC6\pdl\drivers/peripheral/syspm/cy_syspm.h **** *    is below the LDO regulator LP threshold.
 250:Generated_Source\PSoC6\pdl\drivers/peripheral/syspm/cy_syspm.h **** * -# <b>POR/BOD circuit low power mode</b>. Requires compatible power supply 
 251:Generated_Source\PSoC6\pdl\drivers/peripheral/syspm/cy_syspm.h **** *    stability due to stability increase response time.
 252:Generated_Source\PSoC6\pdl\drivers/peripheral/syspm/cy_syspm.h **** * -# <b>Bandgap reference circuits low power mode</b> (turns on Deep Sleep 
 253:Generated_Source\PSoC6\pdl\drivers/peripheral/syspm/cy_syspm.h **** *    Bandgap). Requires design to accept reduced Vref accuracy. Active ref can 
 254:Generated_Source\PSoC6\pdl\drivers/peripheral/syspm/cy_syspm.h **** *    be turned off after this feature is enabled.
 255:Generated_Source\PSoC6\pdl\drivers/peripheral/syspm/cy_syspm.h **** * -# <b>Reference buffer circuit low power mode</b>. Requires design to accept 
 256:Generated_Source\PSoC6\pdl\drivers/peripheral/syspm/cy_syspm.h **** *    reduced Vref accuracy.
 257:Generated_Source\PSoC6\pdl\drivers/peripheral/syspm/cy_syspm.h **** * -# <b>Current reference circuit low power mode</b>. Require design to accept 
 258:Generated_Source\PSoC6\pdl\drivers/peripheral/syspm/cy_syspm.h **** *    reduced Iref accuracy.
 259:Generated_Source\PSoC6\pdl\drivers/peripheral/syspm/cy_syspm.h **** *
 260:Generated_Source\PSoC6\pdl\drivers/peripheral/syspm/cy_syspm.h **** * These five sub features can modify both system LP or ULP modes as they are 
 261:Generated_Source\PSoC6\pdl\drivers/peripheral/syspm/cy_syspm.h **** * independent from LP/ULP settings. 
 262:Generated_Source\PSoC6\pdl\drivers/peripheral/syspm/cy_syspm.h **** * When all five sub features are set to their low power modes, the system 
 263:Generated_Source\PSoC6\pdl\drivers/peripheral/syspm/cy_syspm.h **** * operates in regulator minimum current mode. In regulator minimum current mode,
 264:Generated_Source\PSoC6\pdl\drivers/peripheral/syspm/cy_syspm.h **** * the system current consumption is limited to a device-specific value. Refer to 
 265:Generated_Source\PSoC6\pdl\drivers/peripheral/syspm/cy_syspm.h **** * the device datasheet for the exact current consumption value in regulator 
 266:Generated_Source\PSoC6\pdl\drivers/peripheral/syspm/cy_syspm.h **** * minimum current mode.
 267:Generated_Source\PSoC6\pdl\drivers/peripheral/syspm/cy_syspm.h **** * 
 268:Generated_Source\PSoC6\pdl\drivers/peripheral/syspm/cy_syspm.h **** * When all five sub features are set to their normal mode, the system operates
 269:Generated_Source\PSoC6\pdl\drivers/peripheral/syspm/cy_syspm.h **** * in regulator normal current mode. When regulator normal current mode is set, 
 270:Generated_Source\PSoC6\pdl\drivers/peripheral/syspm/cy_syspm.h **** * the system may operate at device maximum current.
 271:Generated_Source\PSoC6\pdl\drivers/peripheral/syspm/cy_syspm.h **** * 
 272:Generated_Source\PSoC6\pdl\drivers/peripheral/syspm/cy_syspm.h **** * \subsection group_syspm_system_set_min_reg_curr_mode Setting Minimum System Regulator Current Mod
 273:Generated_Source\PSoC6\pdl\drivers/peripheral/syspm/cy_syspm.h **** *
 274:Generated_Source\PSoC6\pdl\drivers/peripheral/syspm/cy_syspm.h **** * Before setting the regulator minimum current mode ensure that current limits 
 275:Generated_Source\PSoC6\pdl\drivers/peripheral/syspm/cy_syspm.h **** * are be met. After current limits are met, call the 
 276:Generated_Source\PSoC6\pdl\drivers/peripheral/syspm/cy_syspm.h **** * Cy_SysPm_SystemSetNormalRegulatorCurrent() function. 
 277:Generated_Source\PSoC6\pdl\drivers/peripheral/syspm/cy_syspm.h **** * 
 278:Generated_Source\PSoC6\pdl\drivers/peripheral/syspm/cy_syspm.h **** * \subsection group_syspm_system_set_normal_reg_curr_mode Setting Normal System Regulator Current M
 279:Generated_Source\PSoC6\pdl\drivers/peripheral/syspm/cy_syspm.h **** *
 280:Generated_Source\PSoC6\pdl\drivers/peripheral/syspm/cy_syspm.h **** * To set regulator normal current mode, call the 
 281:Generated_Source\PSoC6\pdl\drivers/peripheral/syspm/cy_syspm.h **** * Cy_SysPm_SystemSetNormalRegulatorCurrent() function. After the function call, 
 282:Generated_Source\PSoC6\pdl\drivers/peripheral/syspm/cy_syspm.h **** * the current limits can be increased to a maximum current, depending on what 
 283:Generated_Source\PSoC6\pdl\drivers/peripheral/syspm/cy_syspm.h **** * system power mode is set: LP or ULP.
 284:Generated_Source\PSoC6\pdl\drivers/peripheral/syspm/cy_syspm.h **** *
 285:Generated_Source\PSoC6\pdl\drivers/peripheral/syspm/cy_syspm.h **** * \subsection group_syspm_managing_pmic Managing PMIC
 286:Generated_Source\PSoC6\pdl\drivers/peripheral/syspm/cy_syspm.h **** *
 287:Generated_Source\PSoC6\pdl\drivers/peripheral/syspm/cy_syspm.h **** * The SysPm driver also provides an API to configure the internal power 
 288:Generated_Source\PSoC6\pdl\drivers/peripheral/syspm/cy_syspm.h **** * management integrated circuit (PMIC) controller for an external PMIC that 
 289:Generated_Source\PSoC6\pdl\drivers/peripheral/syspm/cy_syspm.h **** * supplies Vddd. Use the API to enable the internal PMIC controller output that
 290:Generated_Source\PSoC6\pdl\drivers/peripheral/syspm/cy_syspm.h **** * is routed to pmic_wakeup_out pin, and configure the polarity of the PMIC 
ARM GAS  C:\Users\Finik\AppData\Local\Temp\ccXrCYub.s 			page 70


 291:Generated_Source\PSoC6\pdl\drivers/peripheral/syspm/cy_syspm.h **** * controller input (pmic_wakeup_in) that is used to wake up the PMIC.
 292:Generated_Source\PSoC6\pdl\drivers/peripheral/syspm/cy_syspm.h **** *
 293:Generated_Source\PSoC6\pdl\drivers/peripheral/syspm/cy_syspm.h **** * The PMIC controller is automatically enabled when:
 294:Generated_Source\PSoC6\pdl\drivers/peripheral/syspm/cy_syspm.h **** * * The PMIC is locked by a call to Cy_SysPm_PmicLock()
 295:Generated_Source\PSoC6\pdl\drivers/peripheral/syspm/cy_syspm.h **** * * The configured polarity of the PMIC input and the polarity driven to 
 296:Generated_Source\PSoC6\pdl\drivers/peripheral/syspm/cy_syspm.h **** *   pmic_wakeup_in pin matches.
 297:Generated_Source\PSoC6\pdl\drivers/peripheral/syspm/cy_syspm.h **** *
 298:Generated_Source\PSoC6\pdl\drivers/peripheral/syspm/cy_syspm.h **** * Because a call to Cy_SysPm_PmicLock() automatically enables the PMIC
 299:Generated_Source\PSoC6\pdl\drivers/peripheral/syspm/cy_syspm.h **** * controller, the PMIC can remain disabled only when it is unlocked. See Cy_SysPm_PmicUnlock() 
 300:Generated_Source\PSoC6\pdl\drivers/peripheral/syspm/cy_syspm.h **** * for more detail.
 301:Generated_Source\PSoC6\pdl\drivers/peripheral/syspm/cy_syspm.h **** *
 302:Generated_Source\PSoC6\pdl\drivers/peripheral/syspm/cy_syspm.h **** * Use Cy_SysPm_PmicIsLocked() to read the current PMIC lock status.
 303:Generated_Source\PSoC6\pdl\drivers/peripheral/syspm/cy_syspm.h **** * 
 304:Generated_Source\PSoC6\pdl\drivers/peripheral/syspm/cy_syspm.h **** * To enable the PMIC, use these functions in this order:
 305:Generated_Source\PSoC6\pdl\drivers/peripheral/syspm/cy_syspm.h **** * \code{.c}
 306:Generated_Source\PSoC6\pdl\drivers/peripheral/syspm/cy_syspm.h **** * Cy_SysPm_PmicUnlock();
 307:Generated_Source\PSoC6\pdl\drivers/peripheral/syspm/cy_syspm.h **** * Cy_SysPm_PmicEnable();
 308:Generated_Source\PSoC6\pdl\drivers/peripheral/syspm/cy_syspm.h **** * Cy_SysPm_PmicLock();
 309:Generated_Source\PSoC6\pdl\drivers/peripheral/syspm/cy_syspm.h **** * \endcode
 310:Generated_Source\PSoC6\pdl\drivers/peripheral/syspm/cy_syspm.h **** *
 311:Generated_Source\PSoC6\pdl\drivers/peripheral/syspm/cy_syspm.h **** * To disable the PMIC controller, unlock the PMIC. Then call 
 312:Generated_Source\PSoC6\pdl\drivers/peripheral/syspm/cy_syspm.h **** * Cy_SysPm_PmicDisable() with the inverted value of the current active state of 
 313:Generated_Source\PSoC6\pdl\drivers/peripheral/syspm/cy_syspm.h **** * the pmic_wakeup_in pin.
 314:Generated_Source\PSoC6\pdl\drivers/peripheral/syspm/cy_syspm.h **** * For example, assume the current state of the pmic_wakeup_in pin is active low.
 315:Generated_Source\PSoC6\pdl\drivers/peripheral/syspm/cy_syspm.h **** * To disable the PMIC controller, call these functions in this order:
 316:Generated_Source\PSoC6\pdl\drivers/peripheral/syspm/cy_syspm.h **** * \code{.c}
 317:Generated_Source\PSoC6\pdl\drivers/peripheral/syspm/cy_syspm.h **** * Cy_SysPm_PmicUnlock();
 318:Generated_Source\PSoC6\pdl\drivers/peripheral/syspm/cy_syspm.h **** * Cy_SysPm_PmicDisable(CY_SYSPM_PMIC_POLARITY_HIGH);
 319:Generated_Source\PSoC6\pdl\drivers/peripheral/syspm/cy_syspm.h **** * \endcode
 320:Generated_Source\PSoC6\pdl\drivers/peripheral/syspm/cy_syspm.h **** * Note that you do not call Cy_SysPm_PmicLock(), because that automatically 
 321:Generated_Source\PSoC6\pdl\drivers/peripheral/syspm/cy_syspm.h **** * enables the PMIC.
 322:Generated_Source\PSoC6\pdl\drivers/peripheral/syspm/cy_syspm.h **** * 
 323:Generated_Source\PSoC6\pdl\drivers/peripheral/syspm/cy_syspm.h **** * While disabled, the PMIC controller is automatically enabled when the 
 324:Generated_Source\PSoC6\pdl\drivers/peripheral/syspm/cy_syspm.h **** * pmic_wakeup_in pin state is changed into a high state.
 325:Generated_Source\PSoC6\pdl\drivers/peripheral/syspm/cy_syspm.h **** *
 326:Generated_Source\PSoC6\pdl\drivers/peripheral/syspm/cy_syspm.h **** * To disable the PMIC controller output, call these functions in this order:
 327:Generated_Source\PSoC6\pdl\drivers/peripheral/syspm/cy_syspm.h **** * Cy_SysPm_PmicUnlock();
 328:Generated_Source\PSoC6\pdl\drivers/peripheral/syspm/cy_syspm.h **** * Cy_SysPm_PmicDisableOutput();
 329:Generated_Source\PSoC6\pdl\drivers/peripheral/syspm/cy_syspm.h **** *
 330:Generated_Source\PSoC6\pdl\drivers/peripheral/syspm/cy_syspm.h **** * Do not call Cy_SysPm_PmicLock() (which automatically enables the PMIC 
 331:Generated_Source\PSoC6\pdl\drivers/peripheral/syspm/cy_syspm.h **** * controller output).
 332:Generated_Source\PSoC6\pdl\drivers/peripheral/syspm/cy_syspm.h **** * 
 333:Generated_Source\PSoC6\pdl\drivers/peripheral/syspm/cy_syspm.h **** * When disabled, the PMIC controller output is enabled when the PMIC is locked, 
 334:Generated_Source\PSoC6\pdl\drivers/peripheral/syspm/cy_syspm.h **** * or by calling Cy_SysPm_PmicEnableOutput().
 335:Generated_Source\PSoC6\pdl\drivers/peripheral/syspm/cy_syspm.h **** *
 336:Generated_Source\PSoC6\pdl\drivers/peripheral/syspm/cy_syspm.h **** * \subsection group_syspm_managing_backup_domain Managing the Backup Domain
 337:Generated_Source\PSoC6\pdl\drivers/peripheral/syspm/cy_syspm.h **** * The SysPm driver provide functions to:
 338:Generated_Source\PSoC6\pdl\drivers/peripheral/syspm/cy_syspm.h **** *
 339:Generated_Source\PSoC6\pdl\drivers/peripheral/syspm/cy_syspm.h **** * * Configure Supercapacitor charging
 340:Generated_Source\PSoC6\pdl\drivers/peripheral/syspm/cy_syspm.h **** * * Select power supply source (Vbackup or Vddd) for Vddbackup
 341:Generated_Source\PSoC6\pdl\drivers/peripheral/syspm/cy_syspm.h **** * * Measure Vddbackup using the ADC
 342:Generated_Source\PSoC6\pdl\drivers/peripheral/syspm/cy_syspm.h **** * 
 343:Generated_Source\PSoC6\pdl\drivers/peripheral/syspm/cy_syspm.h **** * Refer to the \ref group_syspm_functions_backup functions for more detail.
 344:Generated_Source\PSoC6\pdl\drivers/peripheral/syspm/cy_syspm.h **** *
 345:Generated_Source\PSoC6\pdl\drivers/peripheral/syspm/cy_syspm.h **** * \subsection group_syspm_cb SysPm Callbacks
 346:Generated_Source\PSoC6\pdl\drivers/peripheral/syspm/cy_syspm.h **** * The SysPm driver handles low power callbacks declared in the application. 
 347:Generated_Source\PSoC6\pdl\drivers/peripheral/syspm/cy_syspm.h **** *
ARM GAS  C:\Users\Finik\AppData\Local\Temp\ccXrCYub.s 			page 71


 348:Generated_Source\PSoC6\pdl\drivers/peripheral/syspm/cy_syspm.h **** * If there are no callbacks registered, the device executes the power mode 
 349:Generated_Source\PSoC6\pdl\drivers/peripheral/syspm/cy_syspm.h **** * transition. However, frequently your application firmware must make 
 350:Generated_Source\PSoC6\pdl\drivers/peripheral/syspm/cy_syspm.h **** * modifications for low power mode. For example, you may need to disable a 
 351:Generated_Source\PSoC6\pdl\drivers/peripheral/syspm/cy_syspm.h **** * peripheral, or ensure that a message is not being transmitted or received.
 352:Generated_Source\PSoC6\pdl\drivers/peripheral/syspm/cy_syspm.h **** *
 353:Generated_Source\PSoC6\pdl\drivers/peripheral/syspm/cy_syspm.h **** * To enable this, the SysPm driver implements a callback mechanism. When a lower
 354:Generated_Source\PSoC6\pdl\drivers/peripheral/syspm/cy_syspm.h **** * power mode transition is about to take place (either entering or exiting 
 355:Generated_Source\PSoC6\pdl\drivers/peripheral/syspm/cy_syspm.h **** * \ref group_syspm_system_power_modes), the registered callbacks for that 
 356:Generated_Source\PSoC6\pdl\drivers/peripheral/syspm/cy_syspm.h **** * transition are called.
 357:Generated_Source\PSoC6\pdl\drivers/peripheral/syspm/cy_syspm.h **** *
 358:Generated_Source\PSoC6\pdl\drivers/peripheral/syspm/cy_syspm.h **** * The SysPm driver organizes all the callbacks into a linked list. While 
 359:Generated_Source\PSoC6\pdl\drivers/peripheral/syspm/cy_syspm.h **** * entering a low power mode, SysPm goes through that linked list from first to 
 360:Generated_Source\PSoC6\pdl\drivers/peripheral/syspm/cy_syspm.h **** * last, executing the callbacks one after another. While exiting low power mode,
 361:Generated_Source\PSoC6\pdl\drivers/peripheral/syspm/cy_syspm.h **** * SysPm goes through that linked list again, but in the opposite direction from 
 362:Generated_Source\PSoC6\pdl\drivers/peripheral/syspm/cy_syspm.h **** * last to first. This ordering supports prioritization of callbacks relative to 
 363:Generated_Source\PSoC6\pdl\drivers/peripheral/syspm/cy_syspm.h **** * the transition event. 
 364:Generated_Source\PSoC6\pdl\drivers/peripheral/syspm/cy_syspm.h **** *
 365:Generated_Source\PSoC6\pdl\drivers/peripheral/syspm/cy_syspm.h **** * For example, the picture below shows three callback structures organized into 
 366:Generated_Source\PSoC6\pdl\drivers/peripheral/syspm/cy_syspm.h **** * a linked list: myDeepSleep1, myDeepSleep2, myDeepSleep3 (represented with the 
 367:Generated_Source\PSoC6\pdl\drivers/peripheral/syspm/cy_syspm.h **** * \ref cy_stc_syspm_callback_t configuration structure). Each structure 
 368:Generated_Source\PSoC6\pdl\drivers/peripheral/syspm/cy_syspm.h **** * contains, among other fields, the address of the callback function. The code 
 369:Generated_Source\PSoC6\pdl\drivers/peripheral/syspm/cy_syspm.h **** * snippets below set this up so that myDeepSleep1 is called first when entering 
 370:Generated_Source\PSoC6\pdl\drivers/peripheral/syspm/cy_syspm.h **** * the low power mode. This also means that myDeepSleep1 will be the last one to 
 371:Generated_Source\PSoC6\pdl\drivers/peripheral/syspm/cy_syspm.h **** * execute when exiting the low power mode.
 372:Generated_Source\PSoC6\pdl\drivers/peripheral/syspm/cy_syspm.h **** *
 373:Generated_Source\PSoC6\pdl\drivers/peripheral/syspm/cy_syspm.h **** * The callback structures after registration:
 374:Generated_Source\PSoC6\pdl\drivers/peripheral/syspm/cy_syspm.h **** * \image html syspm_2_10_after_registration.png
 375:Generated_Source\PSoC6\pdl\drivers/peripheral/syspm/cy_syspm.h **** *
 376:Generated_Source\PSoC6\pdl\drivers/peripheral/syspm/cy_syspm.h **** * Your application must register each callback, so that SysPm can execute it. 
 377:Generated_Source\PSoC6\pdl\drivers/peripheral/syspm/cy_syspm.h **** * Upon registration, the linked list is built by the SysPm driver. Notice 
 378:Generated_Source\PSoC6\pdl\drivers/peripheral/syspm/cy_syspm.h **** * the &myDeepSleep1 address in the myDeepSleep1 
 379:Generated_Source\PSoC6\pdl\drivers/peripheral/syspm/cy_syspm.h **** * \ref cy_stc_syspm_callback_t structure. This is filled in by the SysPm driver 
 380:Generated_Source\PSoC6\pdl\drivers/peripheral/syspm/cy_syspm.h **** * when you register myDeepSleep1. The order in which the callbacks are 
 381:Generated_Source\PSoC6\pdl\drivers/peripheral/syspm/cy_syspm.h **** * registered in the application defines the order of their execution by the 
 382:Generated_Source\PSoC6\pdl\drivers/peripheral/syspm/cy_syspm.h **** * SysPm driver. Call \ref Cy_SysPm_RegisterCallback() to register each 
 383:Generated_Source\PSoC6\pdl\drivers/peripheral/syspm/cy_syspm.h **** * callback function. 
 384:Generated_Source\PSoC6\pdl\drivers/peripheral/syspm/cy_syspm.h **** * 
 385:Generated_Source\PSoC6\pdl\drivers/peripheral/syspm/cy_syspm.h **** * A callback function is typically associated with a particular driver that 
 386:Generated_Source\PSoC6\pdl\drivers/peripheral/syspm/cy_syspm.h **** * handles the peripheral. So the callback mechanism enables a peripheral to 
 387:Generated_Source\PSoC6\pdl\drivers/peripheral/syspm/cy_syspm.h **** * prepare for a low power mode (for instance, shutting down the analog part); 
 388:Generated_Source\PSoC6\pdl\drivers/peripheral/syspm/cy_syspm.h **** * or to perform tasks while exiting a low power mode (like enabling the analog 
 389:Generated_Source\PSoC6\pdl\drivers/peripheral/syspm/cy_syspm.h **** * part again).
 390:Generated_Source\PSoC6\pdl\drivers/peripheral/syspm/cy_syspm.h **** *
 391:Generated_Source\PSoC6\pdl\drivers/peripheral/syspm/cy_syspm.h **** * With the callback mechanism you can prevent switching into a low power mode if
 392:Generated_Source\PSoC6\pdl\drivers/peripheral/syspm/cy_syspm.h **** * a peripheral is not ready. For example, driver X is in the process of 
 393:Generated_Source\PSoC6\pdl\drivers/peripheral/syspm/cy_syspm.h **** * receiving a message. In the callback function implementation simply return 
 394:Generated_Source\PSoC6\pdl\drivers/peripheral/syspm/cy_syspm.h **** * CY_SYSPM_FAIL in a response to CY_SYSPM_CHECK_READY.
 395:Generated_Source\PSoC6\pdl\drivers/peripheral/syspm/cy_syspm.h **** *
 396:Generated_Source\PSoC6\pdl\drivers/peripheral/syspm/cy_syspm.h **** * If success is returned while executing a callback, the SysPm driver calls the 
 397:Generated_Source\PSoC6\pdl\drivers/peripheral/syspm/cy_syspm.h **** * next callback and so on to the end of the list. If at some point a callback 
 398:Generated_Source\PSoC6\pdl\drivers/peripheral/syspm/cy_syspm.h **** * returns CY_SYSPM_FAIL in response to the CY_SYSPM_CHECK_READY step, all the 
 399:Generated_Source\PSoC6\pdl\drivers/peripheral/syspm/cy_syspm.h **** * callbacks that have already executed are executed in reverse order, with the 
 400:Generated_Source\PSoC6\pdl\drivers/peripheral/syspm/cy_syspm.h **** * CY_SYSPM_CHECK_FAIL mode parameter. This allows each callback to know that 
 401:Generated_Source\PSoC6\pdl\drivers/peripheral/syspm/cy_syspm.h **** * entering the low power mode has failed. The callback can then undo whatever it
 402:Generated_Source\PSoC6\pdl\drivers/peripheral/syspm/cy_syspm.h **** * did to prepare for low power mode, if required. For example, if the driver X 
 403:Generated_Source\PSoC6\pdl\drivers/peripheral/syspm/cy_syspm.h **** * callback shut down the analog part, it can re-enable the analog part.
 404:Generated_Source\PSoC6\pdl\drivers/peripheral/syspm/cy_syspm.h **** * 
ARM GAS  C:\Users\Finik\AppData\Local\Temp\ccXrCYub.s 			page 72


 405:Generated_Source\PSoC6\pdl\drivers/peripheral/syspm/cy_syspm.h **** * Let's switch to an example explaining the implementation, setup, and 
 406:Generated_Source\PSoC6\pdl\drivers/peripheral/syspm/cy_syspm.h **** * registration of three callbacks (myDeepSleep1, myDeepSleep2, myDeepSleep2) in 
 407:Generated_Source\PSoC6\pdl\drivers/peripheral/syspm/cy_syspm.h **** * the application. The \ref group_syspm_cb_config_consideration are provided 
 408:Generated_Source\PSoC6\pdl\drivers/peripheral/syspm/cy_syspm.h **** * after the \ref group_syspm_cb_example.
 409:Generated_Source\PSoC6\pdl\drivers/peripheral/syspm/cy_syspm.h **** * 
 410:Generated_Source\PSoC6\pdl\drivers/peripheral/syspm/cy_syspm.h **** * \subsection group_syspm_cb_example SysPm Callbacks Example
 411:Generated_Source\PSoC6\pdl\drivers/peripheral/syspm/cy_syspm.h **** *
 412:Generated_Source\PSoC6\pdl\drivers/peripheral/syspm/cy_syspm.h **** * The following code snippets demonstrate how use the SysPm callbacks mechanism.
 413:Generated_Source\PSoC6\pdl\drivers/peripheral/syspm/cy_syspm.h **** * We will build the prototype for an application that registers 
 414:Generated_Source\PSoC6\pdl\drivers/peripheral/syspm/cy_syspm.h **** * three callback functions:
 415:Generated_Source\PSoC6\pdl\drivers/peripheral/syspm/cy_syspm.h **** *    -# myDeepSleep1 - Handles CPU Deep Sleep.
 416:Generated_Source\PSoC6\pdl\drivers/peripheral/syspm/cy_syspm.h **** *    -# myDeepSleep1 - Handles CPU Deep Sleep and is associated with peripheral 
 417:Generated_Source\PSoC6\pdl\drivers/peripheral/syspm/cy_syspm.h **** *       HW1_address (see <a href="..\..\pdl_user_guide.pdf">PDL Design</a> 
 418:Generated_Source\PSoC6\pdl\drivers/peripheral/syspm/cy_syspm.h **** *       section to learn about the base hardware address).
 419:Generated_Source\PSoC6\pdl\drivers/peripheral/syspm/cy_syspm.h **** *    -# myDeepSleep2 - Handles entering and exiting system Deep Sleep and is 
 420:Generated_Source\PSoC6\pdl\drivers/peripheral/syspm/cy_syspm.h **** *       associated with peripheral HW2_address.
 421:Generated_Source\PSoC6\pdl\drivers/peripheral/syspm/cy_syspm.h **** *
 422:Generated_Source\PSoC6\pdl\drivers/peripheral/syspm/cy_syspm.h **** * We set things up so that the myDeepSleep1 and myDeepSleep2 callbacks do 
 423:Generated_Source\PSoC6\pdl\drivers/peripheral/syspm/cy_syspm.h **** * nothing while entering the low power mode (skip on 
 424:Generated_Source\PSoC6\pdl\drivers/peripheral/syspm/cy_syspm.h **** * CY_SYSPM_SKIP_BEFORE_TRANSITION - 
 425:Generated_Source\PSoC6\pdl\drivers/peripheral/syspm/cy_syspm.h **** * see \ref group_syspm_cb_function_implementation in 
 426:Generated_Source\PSoC6\pdl\drivers/peripheral/syspm/cy_syspm.h **** * \ref group_syspm_cb_config_consideration).
 427:Generated_Source\PSoC6\pdl\drivers/peripheral/syspm/cy_syspm.h **** * Skipping the actions while entering low power might be useful if you need 
 428:Generated_Source\PSoC6\pdl\drivers/peripheral/syspm/cy_syspm.h **** * to save time while switching low power modes. This is because the callback
 429:Generated_Source\PSoC6\pdl\drivers/peripheral/syspm/cy_syspm.h **** * function with a skipped mode is not even called avoiding the call and return
 430:Generated_Source\PSoC6\pdl\drivers/peripheral/syspm/cy_syspm.h **** * overhead.
 431:Generated_Source\PSoC6\pdl\drivers/peripheral/syspm/cy_syspm.h **** * 
 432:Generated_Source\PSoC6\pdl\drivers/peripheral/syspm/cy_syspm.h **** * Let's first declare the callback functions. Each gets the pointer to the 
 433:Generated_Source\PSoC6\pdl\drivers/peripheral/syspm/cy_syspm.h **** * \ref cy_stc_syspm_callback_params_t structure as the argument.
 434:Generated_Source\PSoC6\pdl\drivers/peripheral/syspm/cy_syspm.h **** *
 435:Generated_Source\PSoC6\pdl\drivers/peripheral/syspm/cy_syspm.h **** * \snippet syspm/4.0/snippet/main.c snippet_Cy_SysPm_Callback_Func_Declaration
 436:Generated_Source\PSoC6\pdl\drivers/peripheral/syspm/cy_syspm.h **** *
 437:Generated_Source\PSoC6\pdl\drivers/peripheral/syspm/cy_syspm.h **** * Now we setup the \ref cy_stc_syspm_callback_params_t structures that we will
 438:Generated_Source\PSoC6\pdl\drivers/peripheral/syspm/cy_syspm.h **** * pass to the callback functions. Note that for the myDeepSleep1 and 
 439:Generated_Source\PSoC6\pdl\drivers/peripheral/syspm/cy_syspm.h **** * myDeepSleep2 callbacks we also pass pointers to the peripherals related to 
 440:Generated_Source\PSoC6\pdl\drivers/peripheral/syspm/cy_syspm.h **** * that callback (see <a href="..\..\pdl_user_guide.pdf">PDL Design</a> section 
 441:Generated_Source\PSoC6\pdl\drivers/peripheral/syspm/cy_syspm.h **** * to learn about base hardware addresses). 
 442:Generated_Source\PSoC6\pdl\drivers/peripheral/syspm/cy_syspm.h **** * The configuration considerations related to this structure are described 
 443:Generated_Source\PSoC6\pdl\drivers/peripheral/syspm/cy_syspm.h **** * in \ref group_syspm_cb_parameters in \ref group_syspm_cb_config_consideration.
 444:Generated_Source\PSoC6\pdl\drivers/peripheral/syspm/cy_syspm.h **** *
 445:Generated_Source\PSoC6\pdl\drivers/peripheral/syspm/cy_syspm.h **** * \snippet syspm/4.0/snippet/main.c snippet_Cy_SysPm_Callback_Params_Declaration
 446:Generated_Source\PSoC6\pdl\drivers/peripheral/syspm/cy_syspm.h **** *
 447:Generated_Source\PSoC6\pdl\drivers/peripheral/syspm/cy_syspm.h **** * Now we setup the actual callback configuration structures. Each of these 
 448:Generated_Source\PSoC6\pdl\drivers/peripheral/syspm/cy_syspm.h **** * contains, among the other fields, the address of the 
 449:Generated_Source\PSoC6\pdl\drivers/peripheral/syspm/cy_syspm.h **** * \ref cy_stc_syspm_callback_params_t we just set up. We will use the callback 
 450:Generated_Source\PSoC6\pdl\drivers/peripheral/syspm/cy_syspm.h **** * configuration structures later in the code to register the callbacks in the 
 451:Generated_Source\PSoC6\pdl\drivers/peripheral/syspm/cy_syspm.h **** * SysPm driver. Again, we set things up so that the myDeepSleep1 and 
 452:Generated_Source\PSoC6\pdl\drivers/peripheral/syspm/cy_syspm.h **** * myDeepSleep1 callbacks do nothing while entering the low power mode 
 453:Generated_Source\PSoC6\pdl\drivers/peripheral/syspm/cy_syspm.h **** * (skip on CY_SYSPM_SKIP_BEFORE_TRANSITION) - see 
 454:Generated_Source\PSoC6\pdl\drivers/peripheral/syspm/cy_syspm.h **** * \ref group_syspm_cb_function_implementation in 
 455:Generated_Source\PSoC6\pdl\drivers/peripheral/syspm/cy_syspm.h **** * \ref group_syspm_cb_config_consideration.
 456:Generated_Source\PSoC6\pdl\drivers/peripheral/syspm/cy_syspm.h **** *
 457:Generated_Source\PSoC6\pdl\drivers/peripheral/syspm/cy_syspm.h **** * \snippet syspm/4.0/snippet/main.c snippet_Cy_SysPm_Callback_Structure_Declaration
 458:Generated_Source\PSoC6\pdl\drivers/peripheral/syspm/cy_syspm.h **** *
 459:Generated_Source\PSoC6\pdl\drivers/peripheral/syspm/cy_syspm.h **** * Note that in each case the last two fields are NULL. These are fields used by 
 460:Generated_Source\PSoC6\pdl\drivers/peripheral/syspm/cy_syspm.h **** * the SysPm driver to set up the linked list of callback functions.
 461:Generated_Source\PSoC6\pdl\drivers/peripheral/syspm/cy_syspm.h **** * 
ARM GAS  C:\Users\Finik\AppData\Local\Temp\ccXrCYub.s 			page 73


 462:Generated_Source\PSoC6\pdl\drivers/peripheral/syspm/cy_syspm.h **** * The callback structures are now defined and allocated in the user's 
 463:Generated_Source\PSoC6\pdl\drivers/peripheral/syspm/cy_syspm.h **** * memory space:
 464:Generated_Source\PSoC6\pdl\drivers/peripheral/syspm/cy_syspm.h **** * \image html syspm_2_10_before_registration.png
 465:Generated_Source\PSoC6\pdl\drivers/peripheral/syspm/cy_syspm.h **** *
 466:Generated_Source\PSoC6\pdl\drivers/peripheral/syspm/cy_syspm.h **** * Now we implement the callback functions. See 
 467:Generated_Source\PSoC6\pdl\drivers/peripheral/syspm/cy_syspm.h **** * \ref group_syspm_cb_function_implementation in 
 468:Generated_Source\PSoC6\pdl\drivers/peripheral/syspm/cy_syspm.h **** * \ref group_syspm_cb_config_consideration for the instructions on how the 
 469:Generated_Source\PSoC6\pdl\drivers/peripheral/syspm/cy_syspm.h **** * callback functions should be implemented.
 470:Generated_Source\PSoC6\pdl\drivers/peripheral/syspm/cy_syspm.h **** *
 471:Generated_Source\PSoC6\pdl\drivers/peripheral/syspm/cy_syspm.h **** * \snippet syspm/4.0/snippet/main.c snippet_Cy_SysPm_Callback_Func_Implementation
 472:Generated_Source\PSoC6\pdl\drivers/peripheral/syspm/cy_syspm.h **** *
 473:Generated_Source\PSoC6\pdl\drivers/peripheral/syspm/cy_syspm.h **** * Finally, we register the callbacks so that the SysPm driver knows about them. 
 474:Generated_Source\PSoC6\pdl\drivers/peripheral/syspm/cy_syspm.h **** * The order in which the callbacks will be called depends upon the order in 
 475:Generated_Source\PSoC6\pdl\drivers/peripheral/syspm/cy_syspm.h **** * which the callbacks are registered. If there are no callbacks registered, 
 476:Generated_Source\PSoC6\pdl\drivers/peripheral/syspm/cy_syspm.h **** * the device just executes the power mode transition.
 477:Generated_Source\PSoC6\pdl\drivers/peripheral/syspm/cy_syspm.h **** *
 478:Generated_Source\PSoC6\pdl\drivers/peripheral/syspm/cy_syspm.h **** * Callbacks that reconfigure global resources, such as clock frequencies, should
 479:Generated_Source\PSoC6\pdl\drivers/peripheral/syspm/cy_syspm.h **** * be registered last. They then modify global resources as the final step before
 480:Generated_Source\PSoC6\pdl\drivers/peripheral/syspm/cy_syspm.h **** * entering the low power mode, and restore those resources first, as the system
 481:Generated_Source\PSoC6\pdl\drivers/peripheral/syspm/cy_syspm.h **** * returns from low power mode.
 482:Generated_Source\PSoC6\pdl\drivers/peripheral/syspm/cy_syspm.h **** *
 483:Generated_Source\PSoC6\pdl\drivers/peripheral/syspm/cy_syspm.h **** * \snippet syspm/4.0/snippet/main.c snippet_Cy_SysPm_RegisterCallback
 484:Generated_Source\PSoC6\pdl\drivers/peripheral/syspm/cy_syspm.h **** *
 485:Generated_Source\PSoC6\pdl\drivers/peripheral/syspm/cy_syspm.h **** * We are done configuring three callbacks. Now the SysPm driver will execute the
 486:Generated_Source\PSoC6\pdl\drivers/peripheral/syspm/cy_syspm.h **** * callbacks appropriately whenever there is a call to a power mode transition 
 487:Generated_Source\PSoC6\pdl\drivers/peripheral/syspm/cy_syspm.h **** * function: \ref Cy_SysPm_CpuEnterSleep(), \ref Cy_SysPm_CpuEnterDeepSleep(), 
 488:Generated_Source\PSoC6\pdl\drivers/peripheral/syspm/cy_syspm.h **** * \ref Cy_SysPm_SystemEnterUlp(), \ref Cy_SysPm_SystemEnterLp(), and 
 489:Generated_Source\PSoC6\pdl\drivers/peripheral/syspm/cy_syspm.h **** * \ref Cy_SysPm_SystemEnterHibernate().
 490:Generated_Source\PSoC6\pdl\drivers/peripheral/syspm/cy_syspm.h **** * \note On a wakeup from hibernate the device goes through a reset, so the 
 491:Generated_Source\PSoC6\pdl\drivers/peripheral/syspm/cy_syspm.h **** * callbacks with CY_SYSPM_AFTER_TRANSITION are not executed. Refer to 
 492:Generated_Source\PSoC6\pdl\drivers/peripheral/syspm/cy_syspm.h **** * \ref Cy_SysPm_SystemEnterHibernate() for more detail.
 493:Generated_Source\PSoC6\pdl\drivers/peripheral/syspm/cy_syspm.h **** * 
 494:Generated_Source\PSoC6\pdl\drivers/peripheral/syspm/cy_syspm.h **** * Refer to \ref group_syspm_cb_unregistering in 
 495:Generated_Source\PSoC6\pdl\drivers/peripheral/syspm/cy_syspm.h **** * \ref group_syspm_cb_config_consideration to learn what to do if you need to 
 496:Generated_Source\PSoC6\pdl\drivers/peripheral/syspm/cy_syspm.h **** * remove the callback from the linked list. You might want to unregister the 
 497:Generated_Source\PSoC6\pdl\drivers/peripheral/syspm/cy_syspm.h **** * callback for debug purposes.
 498:Generated_Source\PSoC6\pdl\drivers/peripheral/syspm/cy_syspm.h **** * 
 499:Generated_Source\PSoC6\pdl\drivers/peripheral/syspm/cy_syspm.h **** * Refer to \ref group_syspm_cb_flow in \ref group_syspm_cb_config_consideration 
 500:Generated_Source\PSoC6\pdl\drivers/peripheral/syspm/cy_syspm.h **** * to learn about how the SysPm processes the callbacks.
 501:Generated_Source\PSoC6\pdl\drivers/peripheral/syspm/cy_syspm.h **** *
 502:Generated_Source\PSoC6\pdl\drivers/peripheral/syspm/cy_syspm.h **** * \subsection group_syspm_cb_config_consideration Callback Configuration Considerations
 503:Generated_Source\PSoC6\pdl\drivers/peripheral/syspm/cy_syspm.h **** *
 504:Generated_Source\PSoC6\pdl\drivers/peripheral/syspm/cy_syspm.h **** * \subsubsection group_syspm_cb_parameters Callback Function Parameters
 505:Generated_Source\PSoC6\pdl\drivers/peripheral/syspm/cy_syspm.h **** * 
 506:Generated_Source\PSoC6\pdl\drivers/peripheral/syspm/cy_syspm.h **** * The <b>callbackParams</b> parameter of the callback function is a 
 507:Generated_Source\PSoC6\pdl\drivers/peripheral/syspm/cy_syspm.h **** * \ref cy_stc_syspm_callback_params_t structure. The second parameter 
 508:Generated_Source\PSoC6\pdl\drivers/peripheral/syspm/cy_syspm.h **** * (<b>mode</b>) is for internal use. In the example code we used a 
 509:Generated_Source\PSoC6\pdl\drivers/peripheral/syspm/cy_syspm.h **** * dummy value CY_SYSPM_CHECK_READY to eliminate compilation errors associated 
 510:Generated_Source\PSoC6\pdl\drivers/peripheral/syspm/cy_syspm.h **** * with the enumeration. The driver sets the <b>mode</b> field to the correct 
 511:Generated_Source\PSoC6\pdl\drivers/peripheral/syspm/cy_syspm.h **** * value when calling the callback functions (the mode is referred to as step in 
 512:Generated_Source\PSoC6\pdl\drivers/peripheral/syspm/cy_syspm.h **** * the \ref group_syspm_cb_function_implementation). The callback function reads 
 513:Generated_Source\PSoC6\pdl\drivers/peripheral/syspm/cy_syspm.h **** * the value and executes code based on the mode set by the SysPm driver. 
 514:Generated_Source\PSoC6\pdl\drivers/peripheral/syspm/cy_syspm.h **** * The <b>base</b> and <b>context</b> fields are optional and can be NULL. 
 515:Generated_Source\PSoC6\pdl\drivers/peripheral/syspm/cy_syspm.h **** * Some drivers require a base hardware address and context to store information 
 516:Generated_Source\PSoC6\pdl\drivers/peripheral/syspm/cy_syspm.h **** * about the mode transition. If your callback routine requires access to the 
 517:Generated_Source\PSoC6\pdl\drivers/peripheral/syspm/cy_syspm.h **** * driver registers or context, provide those values 
 518:Generated_Source\PSoC6\pdl\drivers/peripheral/syspm/cy_syspm.h **** * (see <a href="..\..\pdl_user_guide.pdf">PDL Design</a> section 
ARM GAS  C:\Users\Finik\AppData\Local\Temp\ccXrCYub.s 			page 74


 519:Generated_Source\PSoC6\pdl\drivers/peripheral/syspm/cy_syspm.h **** * to learn about Base Hardware Address). Be aware of MISRA warnings if these 
 520:Generated_Source\PSoC6\pdl\drivers/peripheral/syspm/cy_syspm.h **** * parameters are NULL.
 521:Generated_Source\PSoC6\pdl\drivers/peripheral/syspm/cy_syspm.h **** *
 522:Generated_Source\PSoC6\pdl\drivers/peripheral/syspm/cy_syspm.h **** * \subsubsection group_syspm_cb_structures Callback Function Structure
 523:Generated_Source\PSoC6\pdl\drivers/peripheral/syspm/cy_syspm.h **** * For each callback, provide a \ref cy_stc_syspm_callback_t structure. Some 
 524:Generated_Source\PSoC6\pdl\drivers/peripheral/syspm/cy_syspm.h **** * fields in this structure are maintained by the driver. Use NULL for 
 525:Generated_Source\PSoC6\pdl\drivers/peripheral/syspm/cy_syspm.h **** * <b>prevItm</b> and <b>nextItm</b>. The driver uses these fields to build a 
 526:Generated_Source\PSoC6\pdl\drivers/peripheral/syspm/cy_syspm.h **** * linked list of callback functions.
 527:Generated_Source\PSoC6\pdl\drivers/peripheral/syspm/cy_syspm.h **** *
 528:Generated_Source\PSoC6\pdl\drivers/peripheral/syspm/cy_syspm.h **** * \warning The Cy_SysPm_RegisterCallback() function stores a pointer to the 
 529:Generated_Source\PSoC6\pdl\drivers/peripheral/syspm/cy_syspm.h **** * cy_stc_syspm_callback_t structure. Do not modify elements of the 
 530:Generated_Source\PSoC6\pdl\drivers/peripheral/syspm/cy_syspm.h **** * cy_stc_syspm_callback_t structure after the callback is registered. 
 531:Generated_Source\PSoC6\pdl\drivers/peripheral/syspm/cy_syspm.h **** * You are responsible for ensuring that the structure remains in scope. 
 532:Generated_Source\PSoC6\pdl\drivers/peripheral/syspm/cy_syspm.h **** * Typically the structure is declared as a global or static variable, or as a 
 533:Generated_Source\PSoC6\pdl\drivers/peripheral/syspm/cy_syspm.h **** * local variable in the main() function.
 534:Generated_Source\PSoC6\pdl\drivers/peripheral/syspm/cy_syspm.h **** *
 535:Generated_Source\PSoC6\pdl\drivers/peripheral/syspm/cy_syspm.h **** * \subsubsection group_syspm_cb_function_implementation Callback Function Implementation
 536:Generated_Source\PSoC6\pdl\drivers/peripheral/syspm/cy_syspm.h **** *
 537:Generated_Source\PSoC6\pdl\drivers/peripheral/syspm/cy_syspm.h **** * Every callback function should handle four possible steps (referred to as 
 538:Generated_Source\PSoC6\pdl\drivers/peripheral/syspm/cy_syspm.h **** * "mode") defined in \ref cy_en_syspm_callback_mode_t :
 539:Generated_Source\PSoC6\pdl\drivers/peripheral/syspm/cy_syspm.h **** *    * CY_SYSPM_CHECK_READY - Check if ready to enter a power mode.
 540:Generated_Source\PSoC6\pdl\drivers/peripheral/syspm/cy_syspm.h **** *    * CY_SYSPM_BEFORE_TRANSITION - The actions to be done before entering 
 541:Generated_Source\PSoC6\pdl\drivers/peripheral/syspm/cy_syspm.h **** *      the low power mode.
 542:Generated_Source\PSoC6\pdl\drivers/peripheral/syspm/cy_syspm.h **** *    * CY_SYSPM_AFTER_TRANSITION - The actions to be done after exiting the 
 543:Generated_Source\PSoC6\pdl\drivers/peripheral/syspm/cy_syspm.h **** *      low power mode.
 544:Generated_Source\PSoC6\pdl\drivers/peripheral/syspm/cy_syspm.h **** *    * CY_SYSPM_CHECK_FAIL - Roll back any actions performed in the callback 
 545:Generated_Source\PSoC6\pdl\drivers/peripheral/syspm/cy_syspm.h **** *      executed previously with CY_SYSPM_CHECK_READY.
 546:Generated_Source\PSoC6\pdl\drivers/peripheral/syspm/cy_syspm.h **** *
 547:Generated_Source\PSoC6\pdl\drivers/peripheral/syspm/cy_syspm.h **** * A callback function can skip steps (see \ref group_syspm_skip_callback_modes).
 548:Generated_Source\PSoC6\pdl\drivers/peripheral/syspm/cy_syspm.h **** * In our example myDeepSleep1 and myDeepSleep2 callbacks do nothing while 
 549:Generated_Source\PSoC6\pdl\drivers/peripheral/syspm/cy_syspm.h **** * entering the low power mode (skip on CY_SYSPM_BEFORE_TRANSITION). If there is
 550:Generated_Source\PSoC6\pdl\drivers/peripheral/syspm/cy_syspm.h **** * anything preventing low power mode entry - return CY_SYSPM_FAIL in response to
 551:Generated_Source\PSoC6\pdl\drivers/peripheral/syspm/cy_syspm.h **** * CY_SYSPM_CHECK_READY in your callback implementation. Note that the callback 
 552:Generated_Source\PSoC6\pdl\drivers/peripheral/syspm/cy_syspm.h **** * should return CY_SYSPM_FAIL only in response to CY_SYSPM_CHECK_READY. The 
 553:Generated_Source\PSoC6\pdl\drivers/peripheral/syspm/cy_syspm.h **** * callback function should always return CY_SYSPM_PASS for other modes: 
 554:Generated_Source\PSoC6\pdl\drivers/peripheral/syspm/cy_syspm.h **** * CY_SYSPM_CHECK_FAIL, CY_SYSPM_BEFORE_TRANSITION, and CY_SYSPM_AFTER_TRANSITION
 555:Generated_Source\PSoC6\pdl\drivers/peripheral/syspm/cy_syspm.h **** * (see \ref group_syspm_cb_flow).
 556:Generated_Source\PSoC6\pdl\drivers/peripheral/syspm/cy_syspm.h **** * 
 557:Generated_Source\PSoC6\pdl\drivers/peripheral/syspm/cy_syspm.h **** * \subsubsection group_syspm_cb_flow Callbacks Execution Flow
 558:Generated_Source\PSoC6\pdl\drivers/peripheral/syspm/cy_syspm.h **** *
 559:Generated_Source\PSoC6\pdl\drivers/peripheral/syspm/cy_syspm.h **** * This section explains what happens during a power transition, when callbacks 
 560:Generated_Source\PSoC6\pdl\drivers/peripheral/syspm/cy_syspm.h **** * are implemented and set up correctly. The following discussion assumes:
 561:Generated_Source\PSoC6\pdl\drivers/peripheral/syspm/cy_syspm.h **** * * All required callback functions are defined and implemented
 562:Generated_Source\PSoC6\pdl\drivers/peripheral/syspm/cy_syspm.h **** * * All cy_stc_syspm_callback_t structures are filled with required values
 563:Generated_Source\PSoC6\pdl\drivers/peripheral/syspm/cy_syspm.h **** * * All callbacks are successfully registered 
 564:Generated_Source\PSoC6\pdl\drivers/peripheral/syspm/cy_syspm.h **** *
 565:Generated_Source\PSoC6\pdl\drivers/peripheral/syspm/cy_syspm.h **** * User calls one of the power mode transition functions: \ref Cy_SysPm_CpuEnterSleep(), 
 566:Generated_Source\PSoC6\pdl\drivers/peripheral/syspm/cy_syspm.h **** * \ref Cy_SysPm_CpuEnterDeepSleep(), \ref Cy_SysPm_SystemEnterUlp(), 
 567:Generated_Source\PSoC6\pdl\drivers/peripheral/syspm/cy_syspm.h **** * \ref Cy_SysPm_SystemEnterLp(), or \ref Cy_SysPm_SystemEnterHibernate(). 
 568:Generated_Source\PSoC6\pdl\drivers/peripheral/syspm/cy_syspm.h **** * It calls each callback with the mode set to CY_SYSPM_CHECK_READY. This 
 569:Generated_Source\PSoC6\pdl\drivers/peripheral/syspm/cy_syspm.h **** * triggers execution of the code for that mode inside of each user callback.
 570:Generated_Source\PSoC6\pdl\drivers/peripheral/syspm/cy_syspm.h **** * 
 571:Generated_Source\PSoC6\pdl\drivers/peripheral/syspm/cy_syspm.h **** * The intent of CY_SYSPM_CHECK_READY is to only signal if the resources is ready
 572:Generated_Source\PSoC6\pdl\drivers/peripheral/syspm/cy_syspm.h **** * to transition. Ideally, no transition changes should be made at this time. 
 573:Generated_Source\PSoC6\pdl\drivers/peripheral/syspm/cy_syspm.h **** * In some cases a small change may be required. For example a communication 
 574:Generated_Source\PSoC6\pdl\drivers/peripheral/syspm/cy_syspm.h **** * resource callback may set a flag telling firmware not to start any new 
 575:Generated_Source\PSoC6\pdl\drivers/peripheral/syspm/cy_syspm.h **** * transition.
ARM GAS  C:\Users\Finik\AppData\Local\Temp\ccXrCYub.s 			page 75


 576:Generated_Source\PSoC6\pdl\drivers/peripheral/syspm/cy_syspm.h **** 
 577:Generated_Source\PSoC6\pdl\drivers/peripheral/syspm/cy_syspm.h **** * If that process is successful for all callbacks, then 
 578:Generated_Source\PSoC6\pdl\drivers/peripheral/syspm/cy_syspm.h **** * \ref Cy_SysPm_ExecuteCallback() calls each callback with the mode set to 
 579:Generated_Source\PSoC6\pdl\drivers/peripheral/syspm/cy_syspm.h **** * CY_SYSPM_BEFORE_TRANSITION. This triggers execution of the code for that mode 
 580:Generated_Source\PSoC6\pdl\drivers/peripheral/syspm/cy_syspm.h **** * inside each user callback. We then enter the low power mode after all callback
 581:Generated_Source\PSoC6\pdl\drivers/peripheral/syspm/cy_syspm.h **** * are executes.
 582:Generated_Source\PSoC6\pdl\drivers/peripheral/syspm/cy_syspm.h **** * 
 583:Generated_Source\PSoC6\pdl\drivers/peripheral/syspm/cy_syspm.h **** * When exiting the low power mode, the SysPm driver executes 
 584:Generated_Source\PSoC6\pdl\drivers/peripheral/syspm/cy_syspm.h **** * \ref Cy_SysPm_ExecuteCallback() again. This time it calls each callback in 
 585:Generated_Source\PSoC6\pdl\drivers/peripheral/syspm/cy_syspm.h **** * reverse order, with the mode set to CY_SYSPM_AFTER_TRANSITION. This triggers 
 586:Generated_Source\PSoC6\pdl\drivers/peripheral/syspm/cy_syspm.h **** * execution of the code for that mode inside each user callback. The final 
 587:Generated_Source\PSoC6\pdl\drivers/peripheral/syspm/cy_syspm.h **** * execution of callbacks depends on the low power mode in which callbacks were 
 588:Generated_Source\PSoC6\pdl\drivers/peripheral/syspm/cy_syspm.h **** * called:
 589:Generated_Source\PSoC6\pdl\drivers/peripheral/syspm/cy_syspm.h **** * * For CPU Sleep or Deep Sleep power modes, the CY_SYSPM_AFTER_TRANSITION mode 
 590:Generated_Source\PSoC6\pdl\drivers/peripheral/syspm/cy_syspm.h **** *   is called after the CPU wakes from Sleep or Deep Sleep.
 591:Generated_Source\PSoC6\pdl\drivers/peripheral/syspm/cy_syspm.h **** * * For system Hibernate, the CY_SYSPM_AFTER_TRANSITION mode is not executed 
 592:Generated_Source\PSoC6\pdl\drivers/peripheral/syspm/cy_syspm.h **** *   because the device reboots after the wakeup from the Hibernate.
 593:Generated_Source\PSoC6\pdl\drivers/peripheral/syspm/cy_syspm.h **** * * For system LP and ULP modes, after the CY_SYSPM_AFTER_TRANSITION mode was 
 594:Generated_Source\PSoC6\pdl\drivers/peripheral/syspm/cy_syspm.h **** *   called the system remains in the new power mode: LP or ULP.
 595:Generated_Source\PSoC6\pdl\drivers/peripheral/syspm/cy_syspm.h **** * 
 596:Generated_Source\PSoC6\pdl\drivers/peripheral/syspm/cy_syspm.h **** * A callback can return CY_SYSPM_FAIL only while executing the 
 597:Generated_Source\PSoC6\pdl\drivers/peripheral/syspm/cy_syspm.h **** * CY_SYSPM_CHECK_READY mode. If that happens, then the remaining callbacks are 
 598:Generated_Source\PSoC6\pdl\drivers/peripheral/syspm/cy_syspm.h **** * not executed. Any callbacks that have already executed are called again, in 
 599:Generated_Source\PSoC6\pdl\drivers/peripheral/syspm/cy_syspm.h **** * reverse order, with CY_SYSPM_CHECK_FAIL. This allows the system to return to 
 600:Generated_Source\PSoC6\pdl\drivers/peripheral/syspm/cy_syspm.h **** * the previous state. If a callback returns a fail then any of the functions 
 601:Generated_Source\PSoC6\pdl\drivers/peripheral/syspm/cy_syspm.h **** * (\ref Cy_SysPm_CpuEnterSleep(), \ref Cy_SysPm_CpuEnterDeepSleep(), 
 602:Generated_Source\PSoC6\pdl\drivers/peripheral/syspm/cy_syspm.h **** * \ref Cy_SysPm_SystemEnterUlp(), \ref Cy_SysPm_SystemEnterLp(), or 
 603:Generated_Source\PSoC6\pdl\drivers/peripheral/syspm/cy_syspm.h **** * \ref Cy_SysPm_SystemEnterHibernate()) that attempt to switch the device into 
 604:Generated_Source\PSoC6\pdl\drivers/peripheral/syspm/cy_syspm.h **** * a low power mode will also return CY_SYSPM_FAIL.
 605:Generated_Source\PSoC6\pdl\drivers/peripheral/syspm/cy_syspm.h **** *
 606:Generated_Source\PSoC6\pdl\drivers/peripheral/syspm/cy_syspm.h **** * Callbacks that reconfigure global resources, such as clock frequencies, 
 607:Generated_Source\PSoC6\pdl\drivers/peripheral/syspm/cy_syspm.h **** * should be registered last. They then modify global resources as the final 
 608:Generated_Source\PSoC6\pdl\drivers/peripheral/syspm/cy_syspm.h **** * step before entering the low power mode, and restore those resources first, 
 609:Generated_Source\PSoC6\pdl\drivers/peripheral/syspm/cy_syspm.h **** * as the system returns from low power mode.
 610:Generated_Source\PSoC6\pdl\drivers/peripheral/syspm/cy_syspm.h **** *
 611:Generated_Source\PSoC6\pdl\drivers/peripheral/syspm/cy_syspm.h **** * \subsubsection group_syspm_cb_unregistering Callback Unregistering
 612:Generated_Source\PSoC6\pdl\drivers/peripheral/syspm/cy_syspm.h **** *
 613:Generated_Source\PSoC6\pdl\drivers/peripheral/syspm/cy_syspm.h **** * Unregistering the callback might be useful when you need to dynamically manage
 614:Generated_Source\PSoC6\pdl\drivers/peripheral/syspm/cy_syspm.h **** * the callbacks.
 615:Generated_Source\PSoC6\pdl\drivers/peripheral/syspm/cy_syspm.h **** *
 616:Generated_Source\PSoC6\pdl\drivers/peripheral/syspm/cy_syspm.h **** * \snippet syspm/4.0/snippet/main.c snippet_Cy_SysPm_UnregisterCallback
 617:Generated_Source\PSoC6\pdl\drivers/peripheral/syspm/cy_syspm.h **** * The callback structures after myDeepSleep2 callback is unregistered:
 618:Generated_Source\PSoC6\pdl\drivers/peripheral/syspm/cy_syspm.h **** * \image html syspm_2_10_unregistration.png
 619:Generated_Source\PSoC6\pdl\drivers/peripheral/syspm/cy_syspm.h **** *
 620:Generated_Source\PSoC6\pdl\drivers/peripheral/syspm/cy_syspm.h **** * \section group_syspm_definitions Definitions
 621:Generated_Source\PSoC6\pdl\drivers/peripheral/syspm/cy_syspm.h **** *
 622:Generated_Source\PSoC6\pdl\drivers/peripheral/syspm/cy_syspm.h **** * <table class="doxtable">
 623:Generated_Source\PSoC6\pdl\drivers/peripheral/syspm/cy_syspm.h **** *   <tr>
 624:Generated_Source\PSoC6\pdl\drivers/peripheral/syspm/cy_syspm.h **** *     <th>Term</th>
 625:Generated_Source\PSoC6\pdl\drivers/peripheral/syspm/cy_syspm.h **** *     <th>Definition</th>
 626:Generated_Source\PSoC6\pdl\drivers/peripheral/syspm/cy_syspm.h **** *   </tr>
 627:Generated_Source\PSoC6\pdl\drivers/peripheral/syspm/cy_syspm.h **** *
 628:Generated_Source\PSoC6\pdl\drivers/peripheral/syspm/cy_syspm.h **** *   <tr>
 629:Generated_Source\PSoC6\pdl\drivers/peripheral/syspm/cy_syspm.h **** *     <td>LDO</td>
 630:Generated_Source\PSoC6\pdl\drivers/peripheral/syspm/cy_syspm.h **** *     <td>Low dropout linear regulator. The functions that manage this 
 631:Generated_Source\PSoC6\pdl\drivers/peripheral/syspm/cy_syspm.h **** *         block are grouped as \ref group_syspm_functions_ldo under 
 632:Generated_Source\PSoC6\pdl\drivers/peripheral/syspm/cy_syspm.h **** *         \ref group_syspm_functions_core_regulators</td>
ARM GAS  C:\Users\Finik\AppData\Local\Temp\ccXrCYub.s 			page 76


 633:Generated_Source\PSoC6\pdl\drivers/peripheral/syspm/cy_syspm.h **** *   </tr>
 634:Generated_Source\PSoC6\pdl\drivers/peripheral/syspm/cy_syspm.h **** *
 635:Generated_Source\PSoC6\pdl\drivers/peripheral/syspm/cy_syspm.h **** *   <tr>
 636:Generated_Source\PSoC6\pdl\drivers/peripheral/syspm/cy_syspm.h **** *     <td>SIMO Buck</td>
 637:Generated_Source\PSoC6\pdl\drivers/peripheral/syspm/cy_syspm.h **** *     <td>Single inductor multiple Output Buck regulator, referred as 
 638:Generated_Source\PSoC6\pdl\drivers/peripheral/syspm/cy_syspm.h **** *         "Buck regulator" throughout the documentation. The functions that 
 639:Generated_Source\PSoC6\pdl\drivers/peripheral/syspm/cy_syspm.h **** *         manage this block are grouped as \ref group_syspm_functions_buck under
 640:Generated_Source\PSoC6\pdl\drivers/peripheral/syspm/cy_syspm.h **** *         \ref group_syspm_functions_core_regulators</td>
 641:Generated_Source\PSoC6\pdl\drivers/peripheral/syspm/cy_syspm.h **** *   </tr>
 642:Generated_Source\PSoC6\pdl\drivers/peripheral/syspm/cy_syspm.h **** *
 643:Generated_Source\PSoC6\pdl\drivers/peripheral/syspm/cy_syspm.h **** *   <tr>
 644:Generated_Source\PSoC6\pdl\drivers/peripheral/syspm/cy_syspm.h **** *     <td>SISO Buck</td>
 645:Generated_Source\PSoC6\pdl\drivers/peripheral/syspm/cy_syspm.h **** *     <td>Single inductor single output Buck regulator, referred as 
 646:Generated_Source\PSoC6\pdl\drivers/peripheral/syspm/cy_syspm.h **** *         "Buck regulator" throughout the documentation. The functions that 
 647:Generated_Source\PSoC6\pdl\drivers/peripheral/syspm/cy_syspm.h **** *         manage this block are grouped as \ref group_syspm_functions_buck under
 648:Generated_Source\PSoC6\pdl\drivers/peripheral/syspm/cy_syspm.h **** *         \ref group_syspm_functions_core_regulators</td>
 649:Generated_Source\PSoC6\pdl\drivers/peripheral/syspm/cy_syspm.h **** *   </tr>
 650:Generated_Source\PSoC6\pdl\drivers/peripheral/syspm/cy_syspm.h **** 
 651:Generated_Source\PSoC6\pdl\drivers/peripheral/syspm/cy_syspm.h **** *   <tr>
 652:Generated_Source\PSoC6\pdl\drivers/peripheral/syspm/cy_syspm.h **** *     <td>PMIC</td>
 653:Generated_Source\PSoC6\pdl\drivers/peripheral/syspm/cy_syspm.h **** *     <td>Power management integrated circuit. The functions that manage this 
 654:Generated_Source\PSoC6\pdl\drivers/peripheral/syspm/cy_syspm.h **** *         block are grouped as \ref group_syspm_functions_pmic</td>
 655:Generated_Source\PSoC6\pdl\drivers/peripheral/syspm/cy_syspm.h **** *   </tr>
 656:Generated_Source\PSoC6\pdl\drivers/peripheral/syspm/cy_syspm.h **** *
 657:Generated_Source\PSoC6\pdl\drivers/peripheral/syspm/cy_syspm.h **** *   <tr>
 658:Generated_Source\PSoC6\pdl\drivers/peripheral/syspm/cy_syspm.h **** *     <td>LP</td>
 659:Generated_Source\PSoC6\pdl\drivers/peripheral/syspm/cy_syspm.h **** *     <td>System low power mode. See the \ref group_syspm_switching_into_lp 
 660:Generated_Source\PSoC6\pdl\drivers/peripheral/syspm/cy_syspm.h **** *         section for details.</td>
 661:Generated_Source\PSoC6\pdl\drivers/peripheral/syspm/cy_syspm.h **** *   </tr>
 662:Generated_Source\PSoC6\pdl\drivers/peripheral/syspm/cy_syspm.h **** *
 663:Generated_Source\PSoC6\pdl\drivers/peripheral/syspm/cy_syspm.h **** *   <tr>
 664:Generated_Source\PSoC6\pdl\drivers/peripheral/syspm/cy_syspm.h **** *     <td>ULP</td>
 665:Generated_Source\PSoC6\pdl\drivers/peripheral/syspm/cy_syspm.h **** *     <td>System ultra low power mode. See the 
 666:Generated_Source\PSoC6\pdl\drivers/peripheral/syspm/cy_syspm.h **** *         \ref group_syspm_switching_into_ulp section for details.</td>
 667:Generated_Source\PSoC6\pdl\drivers/peripheral/syspm/cy_syspm.h **** *   </tr>
 668:Generated_Source\PSoC6\pdl\drivers/peripheral/syspm/cy_syspm.h **** * </table>
 669:Generated_Source\PSoC6\pdl\drivers/peripheral/syspm/cy_syspm.h **** *
 670:Generated_Source\PSoC6\pdl\drivers/peripheral/syspm/cy_syspm.h **** * \section group_syspm_section_more_information More Information
 671:Generated_Source\PSoC6\pdl\drivers/peripheral/syspm/cy_syspm.h **** * For more information on the SysPm driver,
 672:Generated_Source\PSoC6\pdl\drivers/peripheral/syspm/cy_syspm.h **** * refer to the technical reference manual (TRM).
 673:Generated_Source\PSoC6\pdl\drivers/peripheral/syspm/cy_syspm.h **** *
 674:Generated_Source\PSoC6\pdl\drivers/peripheral/syspm/cy_syspm.h **** * \section group_syspm_MISRA MISRA-C Compliance
 675:Generated_Source\PSoC6\pdl\drivers/peripheral/syspm/cy_syspm.h **** * The SysPm driver does not have any specific deviations.
 676:Generated_Source\PSoC6\pdl\drivers/peripheral/syspm/cy_syspm.h **** *
 677:Generated_Source\PSoC6\pdl\drivers/peripheral/syspm/cy_syspm.h **** * \section group_syspm_changelog Changelog
 678:Generated_Source\PSoC6\pdl\drivers/peripheral/syspm/cy_syspm.h **** * <table class="doxtable">
 679:Generated_Source\PSoC6\pdl\drivers/peripheral/syspm/cy_syspm.h **** *   <tr><th>Version</th><th>Changes</th><th>Reason for Change</th></tr>
 680:Generated_Source\PSoC6\pdl\drivers/peripheral/syspm/cy_syspm.h **** *   <tr>
 681:Generated_Source\PSoC6\pdl\drivers/peripheral/syspm/cy_syspm.h **** *     <td rowspan="6">4.0</td>
 682:Generated_Source\PSoC6\pdl\drivers/peripheral/syspm/cy_syspm.h **** *     <td>
 683:Generated_Source\PSoC6\pdl\drivers/peripheral/syspm/cy_syspm.h **** *          Flattened the organization of the driver source code into the single source directory an
 684:Generated_Source\PSoC6\pdl\drivers/peripheral/syspm/cy_syspm.h **** *     </td>
 685:Generated_Source\PSoC6\pdl\drivers/peripheral/syspm/cy_syspm.h **** *     <td>Driver library directory-structure simplification.</td>
 686:Generated_Source\PSoC6\pdl\drivers/peripheral/syspm/cy_syspm.h **** *   </tr>
 687:Generated_Source\PSoC6\pdl\drivers/peripheral/syspm/cy_syspm.h **** *   <tr>
 688:Generated_Source\PSoC6\pdl\drivers/peripheral/syspm/cy_syspm.h **** *     <td>
 689:Generated_Source\PSoC6\pdl\drivers/peripheral/syspm/cy_syspm.h **** *          Changed power modes names. See \ref group_syspm_system_power_modes.
ARM GAS  C:\Users\Finik\AppData\Local\Temp\ccXrCYub.s 			page 77


 690:Generated_Source\PSoC6\pdl\drivers/peripheral/syspm/cy_syspm.h **** * 
 691:Generated_Source\PSoC6\pdl\drivers/peripheral/syspm/cy_syspm.h **** *          Renamed the following functions: 
 692:Generated_Source\PSoC6\pdl\drivers/peripheral/syspm/cy_syspm.h **** *           - Cy_SysPm_Sleep to Cy_SysPm_CpuEnterSleep
 693:Generated_Source\PSoC6\pdl\drivers/peripheral/syspm/cy_syspm.h **** *           - Cy_SysPm_DeepSleep to Cy_SysPm_CpuEnterDeepSleep
 694:Generated_Source\PSoC6\pdl\drivers/peripheral/syspm/cy_syspm.h **** *           - Cy_SysPm_Hibernate to Cy_SysPm_SystemEnterHibernate
 695:Generated_Source\PSoC6\pdl\drivers/peripheral/syspm/cy_syspm.h **** *           - Cy_SysPm_SleepOnExit to Cy_SysPm_CpuSleepOnExit
 696:Generated_Source\PSoC6\pdl\drivers/peripheral/syspm/cy_syspm.h **** *           - Cy_SysPm_EnterLowPowerMode to Cy_SysPm_SystemSetMinRegulatorCurrent
 697:Generated_Source\PSoC6\pdl\drivers/peripheral/syspm/cy_syspm.h **** *           - Cy_SysPm_ExitLowPowerMode to Cy_SysPm_SystemSetNormalRegulatorCurrent
 698:Generated_Source\PSoC6\pdl\drivers/peripheral/syspm/cy_syspm.h **** *           - Cy_SysPm_IsLowPower to Cy_SysPm_IsSystemUlp
 699:Generated_Source\PSoC6\pdl\drivers/peripheral/syspm/cy_syspm.h **** *
 700:Generated_Source\PSoC6\pdl\drivers/peripheral/syspm/cy_syspm.h **** *          For all renamed functions, added BWC macros to simplify migration.
 701:Generated_Source\PSoC6\pdl\drivers/peripheral/syspm/cy_syspm.h **** *     </td>
 702:Generated_Source\PSoC6\pdl\drivers/peripheral/syspm/cy_syspm.h **** *     <td>Device power modes simplification</td>
 703:Generated_Source\PSoC6\pdl\drivers/peripheral/syspm/cy_syspm.h **** *   </tr>
 704:Generated_Source\PSoC6\pdl\drivers/peripheral/syspm/cy_syspm.h **** *   <tr>
 705:Generated_Source\PSoC6\pdl\drivers/peripheral/syspm/cy_syspm.h **** *     <td>
 706:Generated_Source\PSoC6\pdl\drivers/peripheral/syspm/cy_syspm.h **** *         Added the following functions:
 707:Generated_Source\PSoC6\pdl\drivers/peripheral/syspm/cy_syspm.h **** *          - Cy_SysPm_LdoSetMode
 708:Generated_Source\PSoC6\pdl\drivers/peripheral/syspm/cy_syspm.h **** *          - Cy_SysPm_LdoGetMode
 709:Generated_Source\PSoC6\pdl\drivers/peripheral/syspm/cy_syspm.h **** *          - Cy_SysPm_WriteVoltageBitForFlash
 710:Generated_Source\PSoC6\pdl\drivers/peripheral/syspm/cy_syspm.h **** *          - Cy_SysPm_SaveRegisters
 711:Generated_Source\PSoC6\pdl\drivers/peripheral/syspm/cy_syspm.h **** *          - Cy_SysPm_RestoreRegisters
 712:Generated_Source\PSoC6\pdl\drivers/peripheral/syspm/cy_syspm.h **** *          - Cy_SysPm_CpuSendWakeupEvent
 713:Generated_Source\PSoC6\pdl\drivers/peripheral/syspm/cy_syspm.h **** *          - Cy_SysPm_SystemIsMinRegulatorCurrentSet
 714:Generated_Source\PSoC6\pdl\drivers/peripheral/syspm/cy_syspm.h **** *          - Cy_SysPm_SystemEnterLp
 715:Generated_Source\PSoC6\pdl\drivers/peripheral/syspm/cy_syspm.h **** *          - Cy_SysPm_SystemEnterUlp
 716:Generated_Source\PSoC6\pdl\drivers/peripheral/syspm/cy_syspm.h **** *          - Cy_SysPm_IsSystemLp
 717:Generated_Source\PSoC6\pdl\drivers/peripheral/syspm/cy_syspm.h **** *     </td>
 718:Generated_Source\PSoC6\pdl\drivers/peripheral/syspm/cy_syspm.h **** *     <td>Added new functionality to configure device power modes</td>
 719:Generated_Source\PSoC6\pdl\drivers/peripheral/syspm/cy_syspm.h **** *   </tr>
 720:Generated_Source\PSoC6\pdl\drivers/peripheral/syspm/cy_syspm.h **** *   <tr>
 721:Generated_Source\PSoC6\pdl\drivers/peripheral/syspm/cy_syspm.h **** *     <td> 
 722:Generated_Source\PSoC6\pdl\drivers/peripheral/syspm/cy_syspm.h **** *          Callback mechanism changes:
 723:Generated_Source\PSoC6\pdl\drivers/peripheral/syspm/cy_syspm.h **** *          - Removed the limitation for numbers of registered callbacks. Previously it 
 724:Generated_Source\PSoC6\pdl\drivers/peripheral/syspm/cy_syspm.h **** *            was possible to register up to 32 callbacks. Now the maximum registered 
 725:Generated_Source\PSoC6\pdl\drivers/peripheral/syspm/cy_syspm.h **** *            callbacks is not limited by the SysPm driver.
 726:Generated_Source\PSoC6\pdl\drivers/peripheral/syspm/cy_syspm.h **** *          - Internal enhancement in callback execution flow.
 727:Generated_Source\PSoC6\pdl\drivers/peripheral/syspm/cy_syspm.h **** *          - <b>Changes with BWC issues</b>:
 728:Generated_Source\PSoC6\pdl\drivers/peripheral/syspm/cy_syspm.h **** *            -# Removed the <b>mode</b> element from cy_stc_syspm_callback_params_t
 729:Generated_Source\PSoC6\pdl\drivers/peripheral/syspm/cy_syspm.h **** *               structure. Now this element is a separate parameter in the 
 730:Generated_Source\PSoC6\pdl\drivers/peripheral/syspm/cy_syspm.h **** *               callback function.
 731:Generated_Source\PSoC6\pdl\drivers/peripheral/syspm/cy_syspm.h **** *            -# Changed the interface of the callback function, 
 732:Generated_Source\PSoC6\pdl\drivers/peripheral/syspm/cy_syspm.h **** *               added the cy_en_syspm_callback_mode_t mode parameter:
 733:Generated_Source\PSoC6\pdl\drivers/peripheral/syspm/cy_syspm.h **** *               - was cy_en_syspm_status_t FuncName (cy_stc_syspm_callback_params_t *callbackParams
 734:Generated_Source\PSoC6\pdl\drivers/peripheral/syspm/cy_syspm.h **** *               - now cy_en_syspm_status_t FuncName (cy_stc_syspm_callback_params_t *callbackParams
 735:Generated_Source\PSoC6\pdl\drivers/peripheral/syspm/cy_syspm.h **** *                 cy_en_syspm_callback_mode_t mode);
 736:Generated_Source\PSoC6\pdl\drivers/peripheral/syspm/cy_syspm.h **** *     </td>
 737:Generated_Source\PSoC6\pdl\drivers/peripheral/syspm/cy_syspm.h **** *     <td>Callback mechanism enhancements</td>
 738:Generated_Source\PSoC6\pdl\drivers/peripheral/syspm/cy_syspm.h **** *   </tr>
 739:Generated_Source\PSoC6\pdl\drivers/peripheral/syspm/cy_syspm.h **** *   <tr>
 740:Generated_Source\PSoC6\pdl\drivers/peripheral/syspm/cy_syspm.h **** *     <td>Added register access layer. Use register access macros instead
 741:Generated_Source\PSoC6\pdl\drivers/peripheral/syspm/cy_syspm.h **** *         of direct register access using dereferenced pointers.</td>
 742:Generated_Source\PSoC6\pdl\drivers/peripheral/syspm/cy_syspm.h **** *     <td>Makes register access device-independent, so that the PDL does 
 743:Generated_Source\PSoC6\pdl\drivers/peripheral/syspm/cy_syspm.h **** *         not need to be recompiled for each supported part number.</td>
 744:Generated_Source\PSoC6\pdl\drivers/peripheral/syspm/cy_syspm.h **** *   </tr>
 745:Generated_Source\PSoC6\pdl\drivers/peripheral/syspm/cy_syspm.h **** *   <tr>
 746:Generated_Source\PSoC6\pdl\drivers/peripheral/syspm/cy_syspm.h **** *     <td>Added \ref group_syspm_migration_guide_for_syspm_4_0.</td>
ARM GAS  C:\Users\Finik\AppData\Local\Temp\ccXrCYub.s 			page 78


 747:Generated_Source\PSoC6\pdl\drivers/peripheral/syspm/cy_syspm.h **** *     <td>Provided a guidance for migrating to the latest SysPm driver version</td>
 748:Generated_Source\PSoC6\pdl\drivers/peripheral/syspm/cy_syspm.h **** *   </tr>
 749:Generated_Source\PSoC6\pdl\drivers/peripheral/syspm/cy_syspm.h **** *   <tr>
 750:Generated_Source\PSoC6\pdl\drivers/peripheral/syspm/cy_syspm.h **** *     <td rowspan="2">3.0</td>
 751:Generated_Source\PSoC6\pdl\drivers/peripheral/syspm/cy_syspm.h **** *     <td>Removed three functions:
 752:Generated_Source\PSoC6\pdl\drivers/peripheral/syspm/cy_syspm.h **** *          - Cy_SysPm_Cm4IsLowPower
 753:Generated_Source\PSoC6\pdl\drivers/peripheral/syspm/cy_syspm.h **** *          - Cy_SysPm_Cm0IsLowPower
 754:Generated_Source\PSoC6\pdl\drivers/peripheral/syspm/cy_syspm.h **** *          - Cy_SysPm_IoFreeze
 755:Generated_Source\PSoC6\pdl\drivers/peripheral/syspm/cy_syspm.h **** *
 756:Generated_Source\PSoC6\pdl\drivers/peripheral/syspm/cy_syspm.h **** *         Removed the following macros:
 757:Generated_Source\PSoC6\pdl\drivers/peripheral/syspm/cy_syspm.h **** *          - CY_SYSPM_STATUS_CM0_LOWPOWER
 758:Generated_Source\PSoC6\pdl\drivers/peripheral/syspm/cy_syspm.h **** *          - CY_SYSPM_STATUS_CM4_LOWPOWER
 759:Generated_Source\PSoC6\pdl\drivers/peripheral/syspm/cy_syspm.h **** *     </td>
 760:Generated_Source\PSoC6\pdl\drivers/peripheral/syspm/cy_syspm.h **** *     <td>
 761:Generated_Source\PSoC6\pdl\drivers/peripheral/syspm/cy_syspm.h **** *         Removed the two functions Cy_SysPm_Cm4IsLowPower, 
 762:Generated_Source\PSoC6\pdl\drivers/peripheral/syspm/cy_syspm.h **** *         Cy_SysPm_Cm0IsLowPower because low power mode is related to the 
 763:Generated_Source\PSoC6\pdl\drivers/peripheral/syspm/cy_syspm.h **** *         device and not to the CPU.
 764:Generated_Source\PSoC6\pdl\drivers/peripheral/syspm/cy_syspm.h **** *         The function Cy_SysPm_IsSystemUlp must be used instead of these two 
 765:Generated_Source\PSoC6\pdl\drivers/peripheral/syspm/cy_syspm.h **** *         functions.
 766:Generated_Source\PSoC6\pdl\drivers/peripheral/syspm/cy_syspm.h **** *
 767:Generated_Source\PSoC6\pdl\drivers/peripheral/syspm/cy_syspm.h **** *         Removed Cy_SysPm_IoFreeze because the are no known use cases with IOs 
 768:Generated_Source\PSoC6\pdl\drivers/peripheral/syspm/cy_syspm.h **** *         freeze in power modes, except Hibernate. In Hibernate power mode, the
 769:Generated_Source\PSoC6\pdl\drivers/peripheral/syspm/cy_syspm.h **** *         IOs are frozen automatically.
 770:Generated_Source\PSoC6\pdl\drivers/peripheral/syspm/cy_syspm.h **** *     </td>
 771:Generated_Source\PSoC6\pdl\drivers/peripheral/syspm/cy_syspm.h **** *   </tr>
 772:Generated_Source\PSoC6\pdl\drivers/peripheral/syspm/cy_syspm.h **** *   <tr>
 773:Generated_Source\PSoC6\pdl\drivers/peripheral/syspm/cy_syspm.h **** *     <td>
 774:Generated_Source\PSoC6\pdl\drivers/peripheral/syspm/cy_syspm.h **** *         Corrected the syspm callback mechanism behavior. Now callbacks with 
 775:Generated_Source\PSoC6\pdl\drivers/peripheral/syspm/cy_syspm.h **** *         CY_SYSPM_AFTER_TRANSITION mode are executed from the last registered
 776:Generated_Source\PSoC6\pdl\drivers/peripheral/syspm/cy_syspm.h **** *         to the first registered. Previously callbacks with 
 777:Generated_Source\PSoC6\pdl\drivers/peripheral/syspm/cy_syspm.h **** *         CY_SYSPM_AFTER_TRANSITION mode were executed from last executed to 
 778:Generated_Source\PSoC6\pdl\drivers/peripheral/syspm/cy_syspm.h **** *         the first registered.
 779:Generated_Source\PSoC6\pdl\drivers/peripheral/syspm/cy_syspm.h **** *     </td>
 780:Generated_Source\PSoC6\pdl\drivers/peripheral/syspm/cy_syspm.h **** *     <td>Corrected the syspm callbacks execution sequence</td>
 781:Generated_Source\PSoC6\pdl\drivers/peripheral/syspm/cy_syspm.h **** *   </tr>
 782:Generated_Source\PSoC6\pdl\drivers/peripheral/syspm/cy_syspm.h **** *   <tr>
 783:Generated_Source\PSoC6\pdl\drivers/peripheral/syspm/cy_syspm.h **** *     <td>2.21</td>
 784:Generated_Source\PSoC6\pdl\drivers/peripheral/syspm/cy_syspm.h **** *     <td>Removed saving/restoring the SysClk measurement counters while 
 785:Generated_Source\PSoC6\pdl\drivers/peripheral/syspm/cy_syspm.h **** *         in Deep Sleep routine
 786:Generated_Source\PSoC6\pdl\drivers/peripheral/syspm/cy_syspm.h **** *     </td>
 787:Generated_Source\PSoC6\pdl\drivers/peripheral/syspm/cy_syspm.h **** *     <td>Removed possible corruption of SysClk measurement counters if the 
 788:Generated_Source\PSoC6\pdl\drivers/peripheral/syspm/cy_syspm.h **** *         core wakes up from the Deep Sleep.
 789:Generated_Source\PSoC6\pdl\drivers/peripheral/syspm/cy_syspm.h **** *     </td>
 790:Generated_Source\PSoC6\pdl\drivers/peripheral/syspm/cy_syspm.h **** *   </tr>
 791:Generated_Source\PSoC6\pdl\drivers/peripheral/syspm/cy_syspm.h **** *   <tr>
 792:Generated_Source\PSoC6\pdl\drivers/peripheral/syspm/cy_syspm.h **** *     <td>2.20</td>
 793:Generated_Source\PSoC6\pdl\drivers/peripheral/syspm/cy_syspm.h **** *     <td> \n
 794:Generated_Source\PSoC6\pdl\drivers/peripheral/syspm/cy_syspm.h **** *          * Added support for changing core voltage when the protection context
 795:Generated_Source\PSoC6\pdl\drivers/peripheral/syspm/cy_syspm.h **** *            is other that zero. Such support is available only for devices 
 796:Generated_Source\PSoC6\pdl\drivers/peripheral/syspm/cy_syspm.h **** *            that support modifying registers via syscall.
 797:Generated_Source\PSoC6\pdl\drivers/peripheral/syspm/cy_syspm.h **** *
 798:Generated_Source\PSoC6\pdl\drivers/peripheral/syspm/cy_syspm.h **** *          * For preproduction PSoC 6 devices the changing core voltage
 799:Generated_Source\PSoC6\pdl\drivers/peripheral/syspm/cy_syspm.h **** *            is prohibited when the protection context is other than zero.
 800:Generated_Source\PSoC6\pdl\drivers/peripheral/syspm/cy_syspm.h **** *
 801:Generated_Source\PSoC6\pdl\drivers/peripheral/syspm/cy_syspm.h **** *          * Updated the following functions. They now have a 
 802:Generated_Source\PSoC6\pdl\drivers/peripheral/syspm/cy_syspm.h **** *            \ref cy_en_syspm_status_t return value and use a syscall:
 803:Generated_Source\PSoC6\pdl\drivers/peripheral/syspm/cy_syspm.h **** *            - Cy_SysPm_LdoSetVoltage
ARM GAS  C:\Users\Finik\AppData\Local\Temp\ccXrCYub.s 			page 79


 804:Generated_Source\PSoC6\pdl\drivers/peripheral/syspm/cy_syspm.h **** *            - Cy_SysPm_BuckSetVoltage1
 805:Generated_Source\PSoC6\pdl\drivers/peripheral/syspm/cy_syspm.h **** *            - Cy_SysPm_BuckEnable
 806:Generated_Source\PSoC6\pdl\drivers/peripheral/syspm/cy_syspm.h **** *
 807:Generated_Source\PSoC6\pdl\drivers/peripheral/syspm/cy_syspm.h **** *            No backward compatibility issues.
 808:Generated_Source\PSoC6\pdl\drivers/peripheral/syspm/cy_syspm.h **** *
 809:Generated_Source\PSoC6\pdl\drivers/peripheral/syspm/cy_syspm.h **** *          * Added new CY_SYSPM_CANCELED element in 
 810:Generated_Source\PSoC6\pdl\drivers/peripheral/syspm/cy_syspm.h **** *            the \ref cy_en_syspm_status_t.
 811:Generated_Source\PSoC6\pdl\drivers/peripheral/syspm/cy_syspm.h **** *
 812:Generated_Source\PSoC6\pdl\drivers/peripheral/syspm/cy_syspm.h **** *          * Documentation updates.
 813:Generated_Source\PSoC6\pdl\drivers/peripheral/syspm/cy_syspm.h **** *
 814:Generated_Source\PSoC6\pdl\drivers/peripheral/syspm/cy_syspm.h **** *          * Added warning that
 815:Generated_Source\PSoC6\pdl\drivers/peripheral/syspm/cy_syspm.h **** *            Cy_SysPm_PmicDisable(CY_SYSPM_PMIC_POLARITY_LOW) is not 
 816:Generated_Source\PSoC6\pdl\drivers/peripheral/syspm/cy_syspm.h **** *            supported by hardware.
 817:Generated_Source\PSoC6\pdl\drivers/peripheral/syspm/cy_syspm.h **** *     </td>
 818:Generated_Source\PSoC6\pdl\drivers/peripheral/syspm/cy_syspm.h **** *     <td>Added support for changing the core voltage in protection context 
 819:Generated_Source\PSoC6\pdl\drivers/peripheral/syspm/cy_syspm.h **** *         higher than zero (PC > 0).
 820:Generated_Source\PSoC6\pdl\drivers/peripheral/syspm/cy_syspm.h **** *
 821:Generated_Source\PSoC6\pdl\drivers/peripheral/syspm/cy_syspm.h **** *         Documentation update and clarification
 822:Generated_Source\PSoC6\pdl\drivers/peripheral/syspm/cy_syspm.h **** *     </td>
 823:Generated_Source\PSoC6\pdl\drivers/peripheral/syspm/cy_syspm.h **** *   </tr>
 824:Generated_Source\PSoC6\pdl\drivers/peripheral/syspm/cy_syspm.h **** *   <tr>
 825:Generated_Source\PSoC6\pdl\drivers/peripheral/syspm/cy_syspm.h **** *     <td>2.10</td>
 826:Generated_Source\PSoC6\pdl\drivers/peripheral/syspm/cy_syspm.h **** *     <td> \n
 827:Generated_Source\PSoC6\pdl\drivers/peripheral/syspm/cy_syspm.h **** *          * Changed names for all Backup, Buck-related functions, defines, 
 828:Generated_Source\PSoC6\pdl\drivers/peripheral/syspm/cy_syspm.h **** *            and enums
 829:Generated_Source\PSoC6\pdl\drivers/peripheral/syspm/cy_syspm.h **** *          * Changed next power mode function names:
 830:Generated_Source\PSoC6\pdl\drivers/peripheral/syspm/cy_syspm.h **** *            Cy_SysPm_EnterLowPowerMode
 831:Generated_Source\PSoC6\pdl\drivers/peripheral/syspm/cy_syspm.h **** *            Cy_SysPm_ExitLpMode
 832:Generated_Source\PSoC6\pdl\drivers/peripheral/syspm/cy_syspm.h **** *            Cy_SysPm_SetHibWakeupSource
 833:Generated_Source\PSoC6\pdl\drivers/peripheral/syspm/cy_syspm.h **** *            Cy_SysPm_ClearHibWakeupSource
 834:Generated_Source\PSoC6\pdl\drivers/peripheral/syspm/cy_syspm.h **** *            Cy_SysPm_GetIoFreezeStatus
 835:Generated_Source\PSoC6\pdl\drivers/peripheral/syspm/cy_syspm.h **** *          * Changed following enumeration names:
 836:Generated_Source\PSoC6\pdl\drivers/peripheral/syspm/cy_syspm.h **** *            cy_en_syspm_hib_wakeup_source_t
 837:Generated_Source\PSoC6\pdl\drivers/peripheral/syspm/cy_syspm.h **** *            cy_en_syspm_simo_buck_voltage1_t
 838:Generated_Source\PSoC6\pdl\drivers/peripheral/syspm/cy_syspm.h **** *            cy_en_syspm_simo_buck_voltage2_t
 839:Generated_Source\PSoC6\pdl\drivers/peripheral/syspm/cy_syspm.h **** *          * Updated Power Modes documentation section
 840:Generated_Source\PSoC6\pdl\drivers/peripheral/syspm/cy_syspm.h **** *          * Added Low Power Callback Managements section
 841:Generated_Source\PSoC6\pdl\drivers/peripheral/syspm/cy_syspm.h **** *          * Documentation edits 
 842:Generated_Source\PSoC6\pdl\drivers/peripheral/syspm/cy_syspm.h **** *     </td>
 843:Generated_Source\PSoC6\pdl\drivers/peripheral/syspm/cy_syspm.h **** *     <td> \n
 844:Generated_Source\PSoC6\pdl\drivers/peripheral/syspm/cy_syspm.h **** *          * Improvements made based on usability feedback
 845:Generated_Source\PSoC6\pdl\drivers/peripheral/syspm/cy_syspm.h **** *          * Documentation update and clarification
 846:Generated_Source\PSoC6\pdl\drivers/peripheral/syspm/cy_syspm.h **** *     </td>
 847:Generated_Source\PSoC6\pdl\drivers/peripheral/syspm/cy_syspm.h **** *   </tr>
 848:Generated_Source\PSoC6\pdl\drivers/peripheral/syspm/cy_syspm.h **** *   <tr>
 849:Generated_Source\PSoC6\pdl\drivers/peripheral/syspm/cy_syspm.h **** *     <td>2.0</td>
 850:Generated_Source\PSoC6\pdl\drivers/peripheral/syspm/cy_syspm.h **** *     <td>Enhancement and defect fixes:
 851:Generated_Source\PSoC6\pdl\drivers/peripheral/syspm/cy_syspm.h **** *         * Added input parameter(s) validation to all public functions
 852:Generated_Source\PSoC6\pdl\drivers/peripheral/syspm/cy_syspm.h **** *         * Removed "_SysPm_" prefixes from the internal functions names
 853:Generated_Source\PSoC6\pdl\drivers/peripheral/syspm/cy_syspm.h **** *         * Changed the type of elements with limited set of values, from 
 854:Generated_Source\PSoC6\pdl\drivers/peripheral/syspm/cy_syspm.h **** *           uint32_t to enumeration
 855:Generated_Source\PSoC6\pdl\drivers/peripheral/syspm/cy_syspm.h **** *         * Enhanced syspm callback mechanism
 856:Generated_Source\PSoC6\pdl\drivers/peripheral/syspm/cy_syspm.h **** *         * Added functions to control:
 857:Generated_Source\PSoC6\pdl\drivers/peripheral/syspm/cy_syspm.h **** *           * Power supply for the Vddbackup
 858:Generated_Source\PSoC6\pdl\drivers/peripheral/syspm/cy_syspm.h **** *           * Supercapacitor charge
 859:Generated_Source\PSoC6\pdl\drivers/peripheral/syspm/cy_syspm.h **** *           * Vddbackup measurement by ADC
 860:Generated_Source\PSoC6\pdl\drivers/peripheral/syspm/cy_syspm.h **** *     </td>
ARM GAS  C:\Users\Finik\AppData\Local\Temp\ccXrCYub.s 			page 80


 861:Generated_Source\PSoC6\pdl\drivers/peripheral/syspm/cy_syspm.h **** *     <td></td>
 862:Generated_Source\PSoC6\pdl\drivers/peripheral/syspm/cy_syspm.h **** *   </tr>
 863:Generated_Source\PSoC6\pdl\drivers/peripheral/syspm/cy_syspm.h **** *   <tr>
 864:Generated_Source\PSoC6\pdl\drivers/peripheral/syspm/cy_syspm.h **** *     <td>1.0</td>
 865:Generated_Source\PSoC6\pdl\drivers/peripheral/syspm/cy_syspm.h **** *     <td>Initial version</td>
 866:Generated_Source\PSoC6\pdl\drivers/peripheral/syspm/cy_syspm.h **** *     <td></td>
 867:Generated_Source\PSoC6\pdl\drivers/peripheral/syspm/cy_syspm.h **** *   </tr>
 868:Generated_Source\PSoC6\pdl\drivers/peripheral/syspm/cy_syspm.h **** * </table>
 869:Generated_Source\PSoC6\pdl\drivers/peripheral/syspm/cy_syspm.h **** *
 870:Generated_Source\PSoC6\pdl\drivers/peripheral/syspm/cy_syspm.h **** * \subsection group_syspm_migration_guide_for_syspm_4_0 Migration Guide: Moving to SysPm v4.0
 871:Generated_Source\PSoC6\pdl\drivers/peripheral/syspm/cy_syspm.h **** *
 872:Generated_Source\PSoC6\pdl\drivers/peripheral/syspm/cy_syspm.h **** * This section provides a guideline to migrate from v2.21 to v4.0 of the SysPm 
 873:Generated_Source\PSoC6\pdl\drivers/peripheral/syspm/cy_syspm.h **** * driver.
 874:Generated_Source\PSoC6\pdl\drivers/peripheral/syspm/cy_syspm.h **** *
 875:Generated_Source\PSoC6\pdl\drivers/peripheral/syspm/cy_syspm.h **** * \subsubsection group_syspm_migration_into_4_0_intro Introduction
 876:Generated_Source\PSoC6\pdl\drivers/peripheral/syspm/cy_syspm.h **** * 
 877:Generated_Source\PSoC6\pdl\drivers/peripheral/syspm/cy_syspm.h **** * If your application currently uses SysPm v2.21 APIs, you must
 878:Generated_Source\PSoC6\pdl\drivers/peripheral/syspm/cy_syspm.h **** * migrate to SysPm v4.0 so that your application continues to operate.
 879:Generated_Source\PSoC6\pdl\drivers/peripheral/syspm/cy_syspm.h **** * 
 880:Generated_Source\PSoC6\pdl\drivers/peripheral/syspm/cy_syspm.h **** * Take a few minutes to review the following information:
 881:Generated_Source\PSoC6\pdl\drivers/peripheral/syspm/cy_syspm.h **** * - The APIs related to PSoC 6 \ref group_syspm_power_modes are changed. Old 
 882:Generated_Source\PSoC6\pdl\drivers/peripheral/syspm/cy_syspm.h **** *   power modes APIs function names are now deprecated and should not be used 
 883:Generated_Source\PSoC6\pdl\drivers/peripheral/syspm/cy_syspm.h **** *   in new applications.
 884:Generated_Source\PSoC6\pdl\drivers/peripheral/syspm/cy_syspm.h **** * - The \ref group_syspm_cb mechanism is changed. The mode element is removed 
 885:Generated_Source\PSoC6\pdl\drivers/peripheral/syspm/cy_syspm.h **** *   from cy_stc_syspm_callback_params_t structure. Now this element is a 
 886:Generated_Source\PSoC6\pdl\drivers/peripheral/syspm/cy_syspm.h **** *   separate parameter in the callback function.
 887:Generated_Source\PSoC6\pdl\drivers/peripheral/syspm/cy_syspm.h **** *
 888:Generated_Source\PSoC6\pdl\drivers/peripheral/syspm/cy_syspm.h **** * \subsubsection group_syspm_migration_into_4_0_names Migrating to new power modes APIs.
 889:Generated_Source\PSoC6\pdl\drivers/peripheral/syspm/cy_syspm.h **** * The table below shows the new APIs names that should be used in the 
 890:Generated_Source\PSoC6\pdl\drivers/peripheral/syspm/cy_syspm.h **** * application instead of old names:
 891:Generated_Source\PSoC6\pdl\drivers/peripheral/syspm/cy_syspm.h **** *
 892:Generated_Source\PSoC6\pdl\drivers/peripheral/syspm/cy_syspm.h **** * <table class="doxtable">
 893:Generated_Source\PSoC6\pdl\drivers/peripheral/syspm/cy_syspm.h **** *   <tr><th>SysPm v2.21 API name</th><th>SysPm v4.0 API name</th><th>Comment</th></tr>
 894:Generated_Source\PSoC6\pdl\drivers/peripheral/syspm/cy_syspm.h **** *   <tr>
 895:Generated_Source\PSoC6\pdl\drivers/peripheral/syspm/cy_syspm.h **** *     <td>Cy_SysPm_Sleep</td>
 896:Generated_Source\PSoC6\pdl\drivers/peripheral/syspm/cy_syspm.h **** *     <td>\ref Cy_SysPm_CpuEnterSleep</td>
 897:Generated_Source\PSoC6\pdl\drivers/peripheral/syspm/cy_syspm.h **** *     <td>Renamed, no functional changes</td>
 898:Generated_Source\PSoC6\pdl\drivers/peripheral/syspm/cy_syspm.h **** *   </tr>
 899:Generated_Source\PSoC6\pdl\drivers/peripheral/syspm/cy_syspm.h **** *   <tr>
 900:Generated_Source\PSoC6\pdl\drivers/peripheral/syspm/cy_syspm.h **** *     <td>Cy_SysPm_DeepSleep</td>
 901:Generated_Source\PSoC6\pdl\drivers/peripheral/syspm/cy_syspm.h **** *     <td>\ref Cy_SysPm_CpuEnterDeepSleep</td>
 902:Generated_Source\PSoC6\pdl\drivers/peripheral/syspm/cy_syspm.h **** *     <td>Renamed, no functional changes</td>
 903:Generated_Source\PSoC6\pdl\drivers/peripheral/syspm/cy_syspm.h **** *   </tr>
 904:Generated_Source\PSoC6\pdl\drivers/peripheral/syspm/cy_syspm.h **** *   <tr>
 905:Generated_Source\PSoC6\pdl\drivers/peripheral/syspm/cy_syspm.h **** *     <td>Cy_SysPm_Hibernate</td>
 906:Generated_Source\PSoC6\pdl\drivers/peripheral/syspm/cy_syspm.h **** *     <td>\ref Cy_SysPm_SystemEnterHibernate</td>
 907:Generated_Source\PSoC6\pdl\drivers/peripheral/syspm/cy_syspm.h **** *     <td>Renamed, no functional changes</td>
 908:Generated_Source\PSoC6\pdl\drivers/peripheral/syspm/cy_syspm.h **** *   </tr>
 909:Generated_Source\PSoC6\pdl\drivers/peripheral/syspm/cy_syspm.h **** *   <tr>
 910:Generated_Source\PSoC6\pdl\drivers/peripheral/syspm/cy_syspm.h **** *     <td>Cy_SysPm_SleepOnExit</td>
 911:Generated_Source\PSoC6\pdl\drivers/peripheral/syspm/cy_syspm.h **** *     <td>\ref Cy_SysPm_CpuSleepOnExit</td>
 912:Generated_Source\PSoC6\pdl\drivers/peripheral/syspm/cy_syspm.h **** *     <td>Renamed, no functional changes</td>
 913:Generated_Source\PSoC6\pdl\drivers/peripheral/syspm/cy_syspm.h **** *   </tr>
 914:Generated_Source\PSoC6\pdl\drivers/peripheral/syspm/cy_syspm.h **** *   <tr>
 915:Generated_Source\PSoC6\pdl\drivers/peripheral/syspm/cy_syspm.h **** *     <td>Cy_SysPm_IsLowPower</td>
 916:Generated_Source\PSoC6\pdl\drivers/peripheral/syspm/cy_syspm.h **** *     <td>\ref Cy_SysPm_IsSystemUlp</td>
 917:Generated_Source\PSoC6\pdl\drivers/peripheral/syspm/cy_syspm.h **** *     <td>Now this function checks whether the device is in ULP mode</td>
ARM GAS  C:\Users\Finik\AppData\Local\Temp\ccXrCYub.s 			page 81


 918:Generated_Source\PSoC6\pdl\drivers/peripheral/syspm/cy_syspm.h **** *   </tr>
 919:Generated_Source\PSoC6\pdl\drivers/peripheral/syspm/cy_syspm.h **** *   <tr>
 920:Generated_Source\PSoC6\pdl\drivers/peripheral/syspm/cy_syspm.h **** *     <td>Cy_SysPm_EnterLowPowerMode</td>
 921:Generated_Source\PSoC6\pdl\drivers/peripheral/syspm/cy_syspm.h **** *     <td>\ref Cy_SysPm_SystemSetMinRegulatorCurrent</td>
 922:Generated_Source\PSoC6\pdl\drivers/peripheral/syspm/cy_syspm.h **** *     <td>The low power active mode does not exist anymore. 
 923:Generated_Source\PSoC6\pdl\drivers/peripheral/syspm/cy_syspm.h **** *         The \ref group_syspm_system_reg_curr_mode is implemented instead </td>
 924:Generated_Source\PSoC6\pdl\drivers/peripheral/syspm/cy_syspm.h **** *     </tr>
 925:Generated_Source\PSoC6\pdl\drivers/peripheral/syspm/cy_syspm.h **** *   <tr>
 926:Generated_Source\PSoC6\pdl\drivers/peripheral/syspm/cy_syspm.h **** *     <td>Cy_SysPm_ExitLowPowerMode</td>
 927:Generated_Source\PSoC6\pdl\drivers/peripheral/syspm/cy_syspm.h **** *     <td>\ref Cy_SysPm_SystemSetNormalRegulatorCurrent</td>
 928:Generated_Source\PSoC6\pdl\drivers/peripheral/syspm/cy_syspm.h **** *     <td>The low power active mode does not exist anymore. 
 929:Generated_Source\PSoC6\pdl\drivers/peripheral/syspm/cy_syspm.h **** *         The \ref group_syspm_system_reg_curr_mode is implemented instead</td>
 930:Generated_Source\PSoC6\pdl\drivers/peripheral/syspm/cy_syspm.h **** *   </tr>
 931:Generated_Source\PSoC6\pdl\drivers/peripheral/syspm/cy_syspm.h **** *   <tr>
 932:Generated_Source\PSoC6\pdl\drivers/peripheral/syspm/cy_syspm.h **** *     <td>Cy_SysPm_Cm4IsLowPower</td>
 933:Generated_Source\PSoC6\pdl\drivers/peripheral/syspm/cy_syspm.h **** *     <td>Removed</td>
 934:Generated_Source\PSoC6\pdl\drivers/peripheral/syspm/cy_syspm.h **** *     <td>This function is removed because low power mode is related to the system
 935:Generated_Source\PSoC6\pdl\drivers/peripheral/syspm/cy_syspm.h **** *         and not to the CPU</td>
 936:Generated_Source\PSoC6\pdl\drivers/peripheral/syspm/cy_syspm.h **** *   </tr>
 937:Generated_Source\PSoC6\pdl\drivers/peripheral/syspm/cy_syspm.h **** *   <tr>
 938:Generated_Source\PSoC6\pdl\drivers/peripheral/syspm/cy_syspm.h **** *     <td>Cy_SysPm_Cm0IsLowPower</td>
 939:Generated_Source\PSoC6\pdl\drivers/peripheral/syspm/cy_syspm.h **** *     <td>Removed</td>
 940:Generated_Source\PSoC6\pdl\drivers/peripheral/syspm/cy_syspm.h **** *     <td>This function is removed because low power mode is related to the system
 941:Generated_Source\PSoC6\pdl\drivers/peripheral/syspm/cy_syspm.h **** *         and not to the CPU</td>
 942:Generated_Source\PSoC6\pdl\drivers/peripheral/syspm/cy_syspm.h **** *   </tr>
 943:Generated_Source\PSoC6\pdl\drivers/peripheral/syspm/cy_syspm.h **** *   <tr>
 944:Generated_Source\PSoC6\pdl\drivers/peripheral/syspm/cy_syspm.h **** *     <td>Cy_SysPm_IoFreeze</td>
 945:Generated_Source\PSoC6\pdl\drivers/peripheral/syspm/cy_syspm.h **** *     <td>Removed</td>
 946:Generated_Source\PSoC6\pdl\drivers/peripheral/syspm/cy_syspm.h **** *     <td>This function is removed because there are no known use cases to
 947:Generated_Source\PSoC6\pdl\drivers/peripheral/syspm/cy_syspm.h **** *         freeze in power modes other than Hibernate</td>
 948:Generated_Source\PSoC6\pdl\drivers/peripheral/syspm/cy_syspm.h **** *   </tr>
 949:Generated_Source\PSoC6\pdl\drivers/peripheral/syspm/cy_syspm.h **** * </table>
 950:Generated_Source\PSoC6\pdl\drivers/peripheral/syspm/cy_syspm.h **** *
 951:Generated_Source\PSoC6\pdl\drivers/peripheral/syspm/cy_syspm.h **** * In addition to renamed power modes APIs, the following defines and enum 
 952:Generated_Source\PSoC6\pdl\drivers/peripheral/syspm/cy_syspm.h **** * elements names are changed:
 953:Generated_Source\PSoC6\pdl\drivers/peripheral/syspm/cy_syspm.h **** * <table class="doxtable">
 954:Generated_Source\PSoC6\pdl\drivers/peripheral/syspm/cy_syspm.h **** *   <tr><th>SysPm v2.21 defines</th><th>SysPm v4.0 defines</th><th>Comment</th></tr>
 955:Generated_Source\PSoC6\pdl\drivers/peripheral/syspm/cy_syspm.h **** *   <tr>
 956:Generated_Source\PSoC6\pdl\drivers/peripheral/syspm/cy_syspm.h **** *     <td>CY_SYSPM_ENTER_LP_MODE</td>
 957:Generated_Source\PSoC6\pdl\drivers/peripheral/syspm/cy_syspm.h **** *     <td>CY_SYSPM_ULP</td>
 958:Generated_Source\PSoC6\pdl\drivers/peripheral/syspm/cy_syspm.h **** *     <td>The \ref cy_en_syspm_callback_type_t element is renamed to align 
 959:Generated_Source\PSoC6\pdl\drivers/peripheral/syspm/cy_syspm.h **** *         callback types names to new power modes names</td>
 960:Generated_Source\PSoC6\pdl\drivers/peripheral/syspm/cy_syspm.h **** *   </tr>
 961:Generated_Source\PSoC6\pdl\drivers/peripheral/syspm/cy_syspm.h **** *   <tr>
 962:Generated_Source\PSoC6\pdl\drivers/peripheral/syspm/cy_syspm.h **** *     <td>CY_SYSPM_EXIT_LP_MODE</td>
 963:Generated_Source\PSoC6\pdl\drivers/peripheral/syspm/cy_syspm.h **** *     <td>CY_SYSPM_LP</td>
 964:Generated_Source\PSoC6\pdl\drivers/peripheral/syspm/cy_syspm.h **** *     <td>The \ref cy_en_syspm_callback_type_t element is renamed to align 
 965:Generated_Source\PSoC6\pdl\drivers/peripheral/syspm/cy_syspm.h **** *         callback types names to new power modes names</td>
 966:Generated_Source\PSoC6\pdl\drivers/peripheral/syspm/cy_syspm.h **** *   <tr>
 967:Generated_Source\PSoC6\pdl\drivers/peripheral/syspm/cy_syspm.h **** *     <td>CY_SYSPM_STATUS_SYSTEM_LOWPOWER</td>
 968:Generated_Source\PSoC6\pdl\drivers/peripheral/syspm/cy_syspm.h **** *     <td>CY_SYSPM_STATUS_SYSTEM_ULP</td>
 969:Generated_Source\PSoC6\pdl\drivers/peripheral/syspm/cy_syspm.h **** *     <td>Status define, renamed to align new power modes names 
 970:Generated_Source\PSoC6\pdl\drivers/peripheral/syspm/cy_syspm.h **** *         and abbreviations</td>
 971:Generated_Source\PSoC6\pdl\drivers/peripheral/syspm/cy_syspm.h **** *   </tr>
 972:Generated_Source\PSoC6\pdl\drivers/peripheral/syspm/cy_syspm.h **** * </table>
 973:Generated_Source\PSoC6\pdl\drivers/peripheral/syspm/cy_syspm.h **** *
 974:Generated_Source\PSoC6\pdl\drivers/peripheral/syspm/cy_syspm.h **** * \subsubsection group_syspm_migration_into_4_0_callbacks Migrating to SysPm v4.0 callbacks
ARM GAS  C:\Users\Finik\AppData\Local\Temp\ccXrCYub.s 			page 82


 975:Generated_Source\PSoC6\pdl\drivers/peripheral/syspm/cy_syspm.h **** *
 976:Generated_Source\PSoC6\pdl\drivers/peripheral/syspm/cy_syspm.h **** * Review this section if your application is using the syspm callback mechanism.
 977:Generated_Source\PSoC6\pdl\drivers/peripheral/syspm/cy_syspm.h **** *
 978:Generated_Source\PSoC6\pdl\drivers/peripheral/syspm/cy_syspm.h **** * To migrate to SysPm v4.0 callbacks you need to perform the following steps:
 979:Generated_Source\PSoC6\pdl\drivers/peripheral/syspm/cy_syspm.h **** * -# Remove mode element from all \ref cy_stc_syspm_callback_params_t 
 980:Generated_Source\PSoC6\pdl\drivers/peripheral/syspm/cy_syspm.h **** *    structures defined in your application. In SysPm v2.21 this structure is:
 981:Generated_Source\PSoC6\pdl\drivers/peripheral/syspm/cy_syspm.h **** *    \code{.c}
 982:Generated_Source\PSoC6\pdl\drivers/peripheral/syspm/cy_syspm.h **** *    cy_stc_syspm_callback_params_t deepSleepParam1 = 
 983:Generated_Source\PSoC6\pdl\drivers/peripheral/syspm/cy_syspm.h **** *    {
 984:Generated_Source\PSoC6\pdl\drivers/peripheral/syspm/cy_syspm.h **** *        CY_SYSPM_CHECK_READY, 
 985:Generated_Source\PSoC6\pdl\drivers/peripheral/syspm/cy_syspm.h **** *        &HW1_address,
 986:Generated_Source\PSoC6\pdl\drivers/peripheral/syspm/cy_syspm.h **** *        &context
 987:Generated_Source\PSoC6\pdl\drivers/peripheral/syspm/cy_syspm.h **** *    };
 988:Generated_Source\PSoC6\pdl\drivers/peripheral/syspm/cy_syspm.h **** *    \endcode
 989:Generated_Source\PSoC6\pdl\drivers/peripheral/syspm/cy_syspm.h **** *
 990:Generated_Source\PSoC6\pdl\drivers/peripheral/syspm/cy_syspm.h **** *    In SysPm v4.0 this structure should be:
 991:Generated_Source\PSoC6\pdl\drivers/peripheral/syspm/cy_syspm.h **** *    \code{.c}
 992:Generated_Source\PSoC6\pdl\drivers/peripheral/syspm/cy_syspm.h **** *    cy_stc_syspm_callback_params_t deepSleepParam1 = 
 993:Generated_Source\PSoC6\pdl\drivers/peripheral/syspm/cy_syspm.h **** *    {
 994:Generated_Source\PSoC6\pdl\drivers/peripheral/syspm/cy_syspm.h **** *        &HW1_address,
 995:Generated_Source\PSoC6\pdl\drivers/peripheral/syspm/cy_syspm.h **** *        &context
 996:Generated_Source\PSoC6\pdl\drivers/peripheral/syspm/cy_syspm.h **** *    };
 997:Generated_Source\PSoC6\pdl\drivers/peripheral/syspm/cy_syspm.h **** *    \endcode
 998:Generated_Source\PSoC6\pdl\drivers/peripheral/syspm/cy_syspm.h **** * -# Update all defined syspm callback function prototypes to have two 
 999:Generated_Source\PSoC6\pdl\drivers/peripheral/syspm/cy_syspm.h **** *    parameters instead of one. The SysPm v2.21 callback function prototype is:
1000:Generated_Source\PSoC6\pdl\drivers/peripheral/syspm/cy_syspm.h **** *    \code{.c}
1001:Generated_Source\PSoC6\pdl\drivers/peripheral/syspm/cy_syspm.h **** *    cy_en_syspm_status_t Func1 (cy_stc_syspm_callback_params_t *callbackParams);
1002:Generated_Source\PSoC6\pdl\drivers/peripheral/syspm/cy_syspm.h **** *    \endcode
1003:Generated_Source\PSoC6\pdl\drivers/peripheral/syspm/cy_syspm.h **** *    The SysPm v4.0 callback function prototype should be:
1004:Generated_Source\PSoC6\pdl\drivers/peripheral/syspm/cy_syspm.h **** *    \code{.c}
1005:Generated_Source\PSoC6\pdl\drivers/peripheral/syspm/cy_syspm.h **** *    cy_en_syspm_status_t Func1 (cy_stc_syspm_callback_params_t *callbackParams, cy_en_syspm_callba
1006:Generated_Source\PSoC6\pdl\drivers/peripheral/syspm/cy_syspm.h **** *    \endcode
1007:Generated_Source\PSoC6\pdl\drivers/peripheral/syspm/cy_syspm.h **** * -# Change the syspm callback function implementation to not use a mode
1008:Generated_Source\PSoC6\pdl\drivers/peripheral/syspm/cy_syspm.h **** *    value as an element of the callbackParams structure, but, as separate 
1009:Generated_Source\PSoC6\pdl\drivers/peripheral/syspm/cy_syspm.h **** *    function parameter:
1010:Generated_Source\PSoC6\pdl\drivers/peripheral/syspm/cy_syspm.h **** *    SysPm v2.21 callback function implementation:
1011:Generated_Source\PSoC6\pdl\drivers/peripheral/syspm/cy_syspm.h **** *    \code{.c}
1012:Generated_Source\PSoC6\pdl\drivers/peripheral/syspm/cy_syspm.h **** *    cy_en_syspm_status_t Func1(cy_stc_syspm_callback_params_t *callbackParams)
1013:Generated_Source\PSoC6\pdl\drivers/peripheral/syspm/cy_syspm.h **** *    {
1014:Generated_Source\PSoC6\pdl\drivers/peripheral/syspm/cy_syspm.h **** *        cy_en_syspm_status_t retVal = CY_SYSPM_FAIL;
1015:Generated_Source\PSoC6\pdl\drivers/peripheral/syspm/cy_syspm.h **** *
1016:Generated_Source\PSoC6\pdl\drivers/peripheral/syspm/cy_syspm.h **** *        switch(callbackParams->mode)
1017:Generated_Source\PSoC6\pdl\drivers/peripheral/syspm/cy_syspm.h **** *        {
1018:Generated_Source\PSoC6\pdl\drivers/peripheral/syspm/cy_syspm.h **** *            case CY_SYSPM_CHECK_READY:
1019:Generated_Source\PSoC6\pdl\drivers/peripheral/syspm/cy_syspm.h **** *            ...
1020:Generated_Source\PSoC6\pdl\drivers/peripheral/syspm/cy_syspm.h **** *        }
1021:Generated_Source\PSoC6\pdl\drivers/peripheral/syspm/cy_syspm.h **** *        
1022:Generated_Source\PSoC6\pdl\drivers/peripheral/syspm/cy_syspm.h **** *        return (retVal);
1023:Generated_Source\PSoC6\pdl\drivers/peripheral/syspm/cy_syspm.h **** *    }
1024:Generated_Source\PSoC6\pdl\drivers/peripheral/syspm/cy_syspm.h **** *    \endcode
1025:Generated_Source\PSoC6\pdl\drivers/peripheral/syspm/cy_syspm.h **** *    SysPm v4.0 callback function implementation:
1026:Generated_Source\PSoC6\pdl\drivers/peripheral/syspm/cy_syspm.h **** *    \code{.c}
1027:Generated_Source\PSoC6\pdl\drivers/peripheral/syspm/cy_syspm.h **** *    cy_en_syspm_status_t Func1(cy_stc_syspm_callback_params_t *callbackParams, cy_en_syspm_callbac
1028:Generated_Source\PSoC6\pdl\drivers/peripheral/syspm/cy_syspm.h **** *    {
1029:Generated_Source\PSoC6\pdl\drivers/peripheral/syspm/cy_syspm.h **** *        cy_en_syspm_status_t retVal = CY_SYSPM_FAIL;
1030:Generated_Source\PSoC6\pdl\drivers/peripheral/syspm/cy_syspm.h **** *
1031:Generated_Source\PSoC6\pdl\drivers/peripheral/syspm/cy_syspm.h **** *        switch(mode)
ARM GAS  C:\Users\Finik\AppData\Local\Temp\ccXrCYub.s 			page 83


1032:Generated_Source\PSoC6\pdl\drivers/peripheral/syspm/cy_syspm.h **** *        {
1033:Generated_Source\PSoC6\pdl\drivers/peripheral/syspm/cy_syspm.h **** *            case CY_SYSPM_CHECK_READY:
1034:Generated_Source\PSoC6\pdl\drivers/peripheral/syspm/cy_syspm.h **** *            ...
1035:Generated_Source\PSoC6\pdl\drivers/peripheral/syspm/cy_syspm.h **** *        }
1036:Generated_Source\PSoC6\pdl\drivers/peripheral/syspm/cy_syspm.h **** *        
1037:Generated_Source\PSoC6\pdl\drivers/peripheral/syspm/cy_syspm.h **** *        return (retVal);
1038:Generated_Source\PSoC6\pdl\drivers/peripheral/syspm/cy_syspm.h **** *    }
1039:Generated_Source\PSoC6\pdl\drivers/peripheral/syspm/cy_syspm.h **** *    \endcode
1040:Generated_Source\PSoC6\pdl\drivers/peripheral/syspm/cy_syspm.h **** * After the changes above are done, you have successfully migrated to SysPm v4.0.
1041:Generated_Source\PSoC6\pdl\drivers/peripheral/syspm/cy_syspm.h **** *
1042:Generated_Source\PSoC6\pdl\drivers/peripheral/syspm/cy_syspm.h **** * Do not forget to review newly added functionality for SysPm v4.0 in the 
1043:Generated_Source\PSoC6\pdl\drivers/peripheral/syspm/cy_syspm.h **** * \ref group_syspm_changelog.
1044:Generated_Source\PSoC6\pdl\drivers/peripheral/syspm/cy_syspm.h **** 
1045:Generated_Source\PSoC6\pdl\drivers/peripheral/syspm/cy_syspm.h **** * \defgroup group_syspm_macros Macros
1046:Generated_Source\PSoC6\pdl\drivers/peripheral/syspm/cy_syspm.h **** * \defgroup group_syspm_functions Functions
1047:Generated_Source\PSoC6\pdl\drivers/peripheral/syspm/cy_syspm.h **** * \{
1048:Generated_Source\PSoC6\pdl\drivers/peripheral/syspm/cy_syspm.h ****     \defgroup group_syspm_functions_general        General
1049:Generated_Source\PSoC6\pdl\drivers/peripheral/syspm/cy_syspm.h **** *   \defgroup group_syspm_functions_power          Power Modes
1050:Generated_Source\PSoC6\pdl\drivers/peripheral/syspm/cy_syspm.h **** *   \defgroup group_syspm_functions_power_status   Power Status
1051:Generated_Source\PSoC6\pdl\drivers/peripheral/syspm/cy_syspm.h **** *   \defgroup group_syspm_functions_iofreeze       I/Os Freeze
1052:Generated_Source\PSoC6\pdl\drivers/peripheral/syspm/cy_syspm.h **** *   \defgroup group_syspm_functions_core_regulators    Core Voltage Regulation 
1053:Generated_Source\PSoC6\pdl\drivers/peripheral/syspm/cy_syspm.h **** *   \{
1054:Generated_Source\PSoC6\pdl\drivers/peripheral/syspm/cy_syspm.h **** *     \defgroup group_syspm_functions_ldo      LDO
1055:Generated_Source\PSoC6\pdl\drivers/peripheral/syspm/cy_syspm.h **** *     \defgroup group_syspm_functions_buck     Buck
1056:Generated_Source\PSoC6\pdl\drivers/peripheral/syspm/cy_syspm.h **** *   \}
1057:Generated_Source\PSoC6\pdl\drivers/peripheral/syspm/cy_syspm.h **** *   \defgroup group_syspm_functions_pmic       PMIC
1058:Generated_Source\PSoC6\pdl\drivers/peripheral/syspm/cy_syspm.h **** *   \defgroup group_syspm_functions_backup     Backup Domain
1059:Generated_Source\PSoC6\pdl\drivers/peripheral/syspm/cy_syspm.h **** *   \defgroup group_syspm_functions_callback   Low Power Callbacks
1060:Generated_Source\PSoC6\pdl\drivers/peripheral/syspm/cy_syspm.h **** * \}
1061:Generated_Source\PSoC6\pdl\drivers/peripheral/syspm/cy_syspm.h **** * \defgroup group_syspm_data_structures Data Structures
1062:Generated_Source\PSoC6\pdl\drivers/peripheral/syspm/cy_syspm.h **** * \defgroup group_syspm_data_enumerates Enumerated Types
1063:Generated_Source\PSoC6\pdl\drivers/peripheral/syspm/cy_syspm.h **** */
1064:Generated_Source\PSoC6\pdl\drivers/peripheral/syspm/cy_syspm.h **** 
1065:Generated_Source\PSoC6\pdl\drivers/peripheral/syspm/cy_syspm.h **** #if !defined (CY_SYSPM_H)
1066:Generated_Source\PSoC6\pdl\drivers/peripheral/syspm/cy_syspm.h **** #define CY_SYSPM_H
1067:Generated_Source\PSoC6\pdl\drivers/peripheral/syspm/cy_syspm.h **** 
1068:Generated_Source\PSoC6\pdl\drivers/peripheral/syspm/cy_syspm.h **** #include <stdbool.h>
1069:Generated_Source\PSoC6\pdl\drivers/peripheral/syspm/cy_syspm.h **** #include <stddef.h>
1070:Generated_Source\PSoC6\pdl\drivers/peripheral/syspm/cy_syspm.h **** 
1071:Generated_Source\PSoC6\pdl\drivers/peripheral/syspm/cy_syspm.h **** #include "cy_device.h"
1072:Generated_Source\PSoC6\pdl\drivers/peripheral/syspm/cy_syspm.h **** #include "cy_device_headers.h"
1073:Generated_Source\PSoC6\pdl\drivers/peripheral/syspm/cy_syspm.h **** #include "cy_syslib.h"
1074:Generated_Source\PSoC6\pdl\drivers/peripheral/syspm/cy_syspm.h **** 
1075:Generated_Source\PSoC6\pdl\drivers/peripheral/syspm/cy_syspm.h **** #ifdef __cplusplus
1076:Generated_Source\PSoC6\pdl\drivers/peripheral/syspm/cy_syspm.h **** extern "C" {
1077:Generated_Source\PSoC6\pdl\drivers/peripheral/syspm/cy_syspm.h **** #endif
1078:Generated_Source\PSoC6\pdl\drivers/peripheral/syspm/cy_syspm.h **** 
1079:Generated_Source\PSoC6\pdl\drivers/peripheral/syspm/cy_syspm.h **** /*******************************************************************************
1080:Generated_Source\PSoC6\pdl\drivers/peripheral/syspm/cy_syspm.h **** *       Register Constants
1081:Generated_Source\PSoC6\pdl\drivers/peripheral/syspm/cy_syspm.h **** *******************************************************************************/
1082:Generated_Source\PSoC6\pdl\drivers/peripheral/syspm/cy_syspm.h **** 
1083:Generated_Source\PSoC6\pdl\drivers/peripheral/syspm/cy_syspm.h **** /**
1084:Generated_Source\PSoC6\pdl\drivers/peripheral/syspm/cy_syspm.h **** * \addtogroup group_syspm_macros
1085:Generated_Source\PSoC6\pdl\drivers/peripheral/syspm/cy_syspm.h **** * \{
1086:Generated_Source\PSoC6\pdl\drivers/peripheral/syspm/cy_syspm.h **** */
1087:Generated_Source\PSoC6\pdl\drivers/peripheral/syspm/cy_syspm.h **** 
1088:Generated_Source\PSoC6\pdl\drivers/peripheral/syspm/cy_syspm.h **** /** Driver major version */
ARM GAS  C:\Users\Finik\AppData\Local\Temp\ccXrCYub.s 			page 84


1089:Generated_Source\PSoC6\pdl\drivers/peripheral/syspm/cy_syspm.h **** #define CY_SYSPM_DRV_VERSION_MAJOR       4
1090:Generated_Source\PSoC6\pdl\drivers/peripheral/syspm/cy_syspm.h **** 
1091:Generated_Source\PSoC6\pdl\drivers/peripheral/syspm/cy_syspm.h **** /** Driver minor version */
1092:Generated_Source\PSoC6\pdl\drivers/peripheral/syspm/cy_syspm.h **** #define CY_SYSPM_DRV_VERSION_MINOR       0
1093:Generated_Source\PSoC6\pdl\drivers/peripheral/syspm/cy_syspm.h **** 
1094:Generated_Source\PSoC6\pdl\drivers/peripheral/syspm/cy_syspm.h **** /** SysPm driver identifier */
1095:Generated_Source\PSoC6\pdl\drivers/peripheral/syspm/cy_syspm.h **** #define CY_SYSPM_ID                      (CY_PDL_DRV_ID(0x10U))
1096:Generated_Source\PSoC6\pdl\drivers/peripheral/syspm/cy_syspm.h **** 
1097:Generated_Source\PSoC6\pdl\drivers/peripheral/syspm/cy_syspm.h **** 
1098:Generated_Source\PSoC6\pdl\drivers/peripheral/syspm/cy_syspm.h **** /*******************************************************************************
1099:Generated_Source\PSoC6\pdl\drivers/peripheral/syspm/cy_syspm.h **** *       Internal Defines
1100:Generated_Source\PSoC6\pdl\drivers/peripheral/syspm/cy_syspm.h **** *******************************************************************************/
1101:Generated_Source\PSoC6\pdl\drivers/peripheral/syspm/cy_syspm.h **** 
1102:Generated_Source\PSoC6\pdl\drivers/peripheral/syspm/cy_syspm.h **** /** \cond INTERNAL */
1103:Generated_Source\PSoC6\pdl\drivers/peripheral/syspm/cy_syspm.h **** 
1104:Generated_Source\PSoC6\pdl\drivers/peripheral/syspm/cy_syspm.h **** /* Macro to validate parameters in Cy_SysPm_SetHibernateWakeupSource() and for Cy_SysPm_ClearHibern
1105:Generated_Source\PSoC6\pdl\drivers/peripheral/syspm/cy_syspm.h **** #define CY_SYSPM_IS_WAKE_UP_SOURCE_VALID(wakeupSource)   (0UL == ((wakeupSource) & \
1106:Generated_Source\PSoC6\pdl\drivers/peripheral/syspm/cy_syspm.h ****                                                          ((uint32_t) ~(CY_SYSPM_HIB_WAKEUP_SOURSE_M
1107:Generated_Source\PSoC6\pdl\drivers/peripheral/syspm/cy_syspm.h **** 
1108:Generated_Source\PSoC6\pdl\drivers/peripheral/syspm/cy_syspm.h **** /* Macro to validate parameters in Cy_SysPm_PmicDisable() function */
1109:Generated_Source\PSoC6\pdl\drivers/peripheral/syspm/cy_syspm.h **** #define CY_SYSPM_IS_POLARITY_VALID(polarity)            (((polarity) == CY_SYSPM_PMIC_POLARITY_LOW)
1110:Generated_Source\PSoC6\pdl\drivers/peripheral/syspm/cy_syspm.h ****                                                          ((polarity) == CY_SYSPM_PMIC_POLARITY_HIGH
1111:Generated_Source\PSoC6\pdl\drivers/peripheral/syspm/cy_syspm.h **** 
1112:Generated_Source\PSoC6\pdl\drivers/peripheral/syspm/cy_syspm.h **** /* Macro to validate parameters in Cy_SysPm_BuckSetVoltage1() function */
1113:Generated_Source\PSoC6\pdl\drivers/peripheral/syspm/cy_syspm.h **** #define CY_SYSPM_IS_BUCK_VOLTAGE1_VALID(voltage)        (((voltage) == CY_SYSPM_BUCK_OUT1_VOLTAGE_0
1114:Generated_Source\PSoC6\pdl\drivers/peripheral/syspm/cy_syspm.h ****                                                          ((voltage) == CY_SYSPM_BUCK_OUT1_VOLTAGE_1
1115:Generated_Source\PSoC6\pdl\drivers/peripheral/syspm/cy_syspm.h **** 
1116:Generated_Source\PSoC6\pdl\drivers/peripheral/syspm/cy_syspm.h **** /* Macro to validate parameters in Cy_SysPm_BuckSetVoltage2() function */
1117:Generated_Source\PSoC6\pdl\drivers/peripheral/syspm/cy_syspm.h **** #define CY_SYSPM_IS_BUCK_VOLTAGE2_VALID(voltage)        (((voltage) == CY_SYSPM_BUCK_OUT2_VOLTAGE_1
1118:Generated_Source\PSoC6\pdl\drivers/peripheral/syspm/cy_syspm.h ****                                                          ((voltage) == CY_SYSPM_BUCK_OUT2_VOLTAGE_1
1119:Generated_Source\PSoC6\pdl\drivers/peripheral/syspm/cy_syspm.h ****                                                          ((voltage) == CY_SYSPM_BUCK_OUT2_VOLTAGE_1
1120:Generated_Source\PSoC6\pdl\drivers/peripheral/syspm/cy_syspm.h ****                                                          ((voltage) == CY_SYSPM_BUCK_OUT2_VOLTAGE_1
1121:Generated_Source\PSoC6\pdl\drivers/peripheral/syspm/cy_syspm.h ****                                                          ((voltage) == CY_SYSPM_BUCK_OUT2_VOLTAGE_1
1122:Generated_Source\PSoC6\pdl\drivers/peripheral/syspm/cy_syspm.h ****                                                          ((voltage) == CY_SYSPM_BUCK_OUT2_VOLTAGE_1
1123:Generated_Source\PSoC6\pdl\drivers/peripheral/syspm/cy_syspm.h ****                                                          ((voltage) == CY_SYSPM_BUCK_OUT2_VOLTAGE_1
1124:Generated_Source\PSoC6\pdl\drivers/peripheral/syspm/cy_syspm.h ****                                                          ((voltage) == CY_SYSPM_BUCK_OUT2_VOLTAGE_1
1125:Generated_Source\PSoC6\pdl\drivers/peripheral/syspm/cy_syspm.h **** 
1126:Generated_Source\PSoC6\pdl\drivers/peripheral/syspm/cy_syspm.h **** /* Macro to validate parameters in Cy_SysPm_BuckIsOutputEnabled() function */
1127:Generated_Source\PSoC6\pdl\drivers/peripheral/syspm/cy_syspm.h **** #define CY_SYSPM_IS_BUCK_OUTPUT_VALID(output)           (((output) == CY_SYSPM_BUCK_VBUCK_1) || \
1128:Generated_Source\PSoC6\pdl\drivers/peripheral/syspm/cy_syspm.h ****                                                          ((output) == CY_SYSPM_BUCK_VRF))
1129:Generated_Source\PSoC6\pdl\drivers/peripheral/syspm/cy_syspm.h **** 
1130:Generated_Source\PSoC6\pdl\drivers/peripheral/syspm/cy_syspm.h **** /* Macro to validate parameters in Cy_SysPm_LdoSetVoltage() function */
1131:Generated_Source\PSoC6\pdl\drivers/peripheral/syspm/cy_syspm.h **** #define CY_SYSPM_IS_LDO_VOLTAGE_VALID(voltage)          (((voltage) == CY_SYSPM_LDO_VOLTAGE_0_9V) |
1132:Generated_Source\PSoC6\pdl\drivers/peripheral/syspm/cy_syspm.h ****                                                          ((voltage) == CY_SYSPM_LDO_VOLTAGE_1_1V))
1133:Generated_Source\PSoC6\pdl\drivers/peripheral/syspm/cy_syspm.h **** 
1134:Generated_Source\PSoC6\pdl\drivers/peripheral/syspm/cy_syspm.h **** /* Macro to validate parameters in Cy_SysPm_ExecuteCallback() function */
1135:Generated_Source\PSoC6\pdl\drivers/peripheral/syspm/cy_syspm.h **** #define CY_SYSPM_IS_CALLBACK_TYPE_VALID(type)           (((type) == CY_SYSPM_SLEEP) || \
1136:Generated_Source\PSoC6\pdl\drivers/peripheral/syspm/cy_syspm.h ****                                                          ((type) == CY_SYSPM_DEEPSLEEP) || \
1137:Generated_Source\PSoC6\pdl\drivers/peripheral/syspm/cy_syspm.h ****                                                          ((type) == CY_SYSPM_HIBERNATE) || \
1138:Generated_Source\PSoC6\pdl\drivers/peripheral/syspm/cy_syspm.h ****                                                          ((type) == CY_SYSPM_ULP) || \
1139:Generated_Source\PSoC6\pdl\drivers/peripheral/syspm/cy_syspm.h ****                                                          ((type) == CY_SYSPM_LP))
1140:Generated_Source\PSoC6\pdl\drivers/peripheral/syspm/cy_syspm.h **** 
1141:Generated_Source\PSoC6\pdl\drivers/peripheral/syspm/cy_syspm.h **** /* Macro to validate parameters in Cy_SysPm_ExecuteCallback() function */
1142:Generated_Source\PSoC6\pdl\drivers/peripheral/syspm/cy_syspm.h **** #define CY_SYSPM_IS_CALLBACK_MODE_VALID(mode)           (((mode) == CY_SYSPM_CHECK_READY) || \
1143:Generated_Source\PSoC6\pdl\drivers/peripheral/syspm/cy_syspm.h ****                                                          ((mode) == CY_SYSPM_CHECK_FAIL) || \
1144:Generated_Source\PSoC6\pdl\drivers/peripheral/syspm/cy_syspm.h ****                                                          ((mode) == CY_SYSPM_BEFORE_TRANSITION) || 
1145:Generated_Source\PSoC6\pdl\drivers/peripheral/syspm/cy_syspm.h ****                                                          ((mode) == CY_SYSPM_AFTER_TRANSITION))
ARM GAS  C:\Users\Finik\AppData\Local\Temp\ccXrCYub.s 			page 85


1146:Generated_Source\PSoC6\pdl\drivers/peripheral/syspm/cy_syspm.h **** 
1147:Generated_Source\PSoC6\pdl\drivers/peripheral/syspm/cy_syspm.h **** /* Macro to validate parameters in Cy_SysPm_CpuEnterSleep() and for Cy_SysPm_CpuEnterDeepSleep() fu
1148:Generated_Source\PSoC6\pdl\drivers/peripheral/syspm/cy_syspm.h **** #define CY_SYSPM_IS_WAIT_FOR_VALID(waitFor)             (((waitFor) == CY_SYSPM_WAIT_FOR_INTERRUPT)
1149:Generated_Source\PSoC6\pdl\drivers/peripheral/syspm/cy_syspm.h ****                                                          ((waitFor) == CY_SYSPM_WAIT_FOR_EVENT))
1150:Generated_Source\PSoC6\pdl\drivers/peripheral/syspm/cy_syspm.h **** 
1151:Generated_Source\PSoC6\pdl\drivers/peripheral/syspm/cy_syspm.h **** /* Macro to validate parameters in Cy_SysPm_BackupSetSupply() function */
1152:Generated_Source\PSoC6\pdl\drivers/peripheral/syspm/cy_syspm.h **** #define CY_SYSPM_IS_VDDBACKUP_VALID(vddBackControl)      (((vddBackControl) == CY_SYSPM_VDDBACKUP_D
1153:Generated_Source\PSoC6\pdl\drivers/peripheral/syspm/cy_syspm.h ****                                                           ((vddBackControl) == CY_SYSPM_VDDBACKUP_V
1154:Generated_Source\PSoC6\pdl\drivers/peripheral/syspm/cy_syspm.h ****                                                           
1155:Generated_Source\PSoC6\pdl\drivers/peripheral/syspm/cy_syspm.h **** /* Macro to validate parameters in Cy_SysPm_BackupSuperCapCharge() function */
1156:Generated_Source\PSoC6\pdl\drivers/peripheral/syspm/cy_syspm.h **** #define CY_SYSPM_IS_SC_CHARGE_KEY_VALID(key)            (((key) == CY_SYSPM_SC_CHARGE_ENABLE) || \
1157:Generated_Source\PSoC6\pdl\drivers/peripheral/syspm/cy_syspm.h ****                                                          ((key) == CY_SYSPM_SC_CHARGE_DISABLE))
1158:Generated_Source\PSoC6\pdl\drivers/peripheral/syspm/cy_syspm.h **** 
1159:Generated_Source\PSoC6\pdl\drivers/peripheral/syspm/cy_syspm.h **** /* Macro to validate parameters in Cy_SysPm_LdoSetMode() function */
1160:Generated_Source\PSoC6\pdl\drivers/peripheral/syspm/cy_syspm.h **** #define CY_SYSPM_IS_LDO_MODE_VALID(key)            (((mode) == CY_SYSPM_LDO_MODE_DISABLED) || \
1161:Generated_Source\PSoC6\pdl\drivers/peripheral/syspm/cy_syspm.h ****                                                     ((mode) == CY_SYSPM_LDO_MODE_NORMAL) || \
1162:Generated_Source\PSoC6\pdl\drivers/peripheral/syspm/cy_syspm.h ****                                                     ((mode) == CY_SYSPM_LDO_MODE_MIN))
1163:Generated_Source\PSoC6\pdl\drivers/peripheral/syspm/cy_syspm.h **** 
1164:Generated_Source\PSoC6\pdl\drivers/peripheral/syspm/cy_syspm.h **** /* Macro to validate parameters in Cy_SysPm_WriteVoltageBitForFlash() function */
1165:Generated_Source\PSoC6\pdl\drivers/peripheral/syspm/cy_syspm.h **** #define CY_SYSPM_IS_BIT_FOR_FLASH_VALID(value)     (((value) == CY_SYSPM_FLASH_VOLTAGE_BIT_ULP) || 
1166:Generated_Source\PSoC6\pdl\drivers/peripheral/syspm/cy_syspm.h ****                                                     ((value) == CY_SYSPM_FLASH_VOLTAGE_BIT_LP))
1167:Generated_Source\PSoC6\pdl\drivers/peripheral/syspm/cy_syspm.h **** 
1168:Generated_Source\PSoC6\pdl\drivers/peripheral/syspm/cy_syspm.h **** /** The internal define of the unlock value for the PMIC functions */
1169:Generated_Source\PSoC6\pdl\drivers/peripheral/syspm/cy_syspm.h **** #define CY_SYSPM_PMIC_UNLOCK_KEY                    (0x3AU)
1170:Generated_Source\PSoC6\pdl\drivers/peripheral/syspm/cy_syspm.h **** 
1171:Generated_Source\PSoC6\pdl\drivers/peripheral/syspm/cy_syspm.h **** /** The internal define of the first wakeup pin bit used in the
1172:Generated_Source\PSoC6\pdl\drivers/peripheral/syspm/cy_syspm.h **** * Cy_SysPm_SetHibernateWakeupSource() function
1173:Generated_Source\PSoC6\pdl\drivers/peripheral/syspm/cy_syspm.h **** */
1174:Generated_Source\PSoC6\pdl\drivers/peripheral/syspm/cy_syspm.h **** #define CY_SYSPM_HIB_WAKEUP_PIN0_POS                (1UL)
1175:Generated_Source\PSoC6\pdl\drivers/peripheral/syspm/cy_syspm.h **** 
1176:Generated_Source\PSoC6\pdl\drivers/peripheral/syspm/cy_syspm.h **** /** The internal define of the second wakeup pin bit 
1177:Generated_Source\PSoC6\pdl\drivers/peripheral/syspm/cy_syspm.h **** * used in the Cy_SysPm_SetHibernateWakeupSource() function
1178:Generated_Source\PSoC6\pdl\drivers/peripheral/syspm/cy_syspm.h **** */
1179:Generated_Source\PSoC6\pdl\drivers/peripheral/syspm/cy_syspm.h **** #define CY_SYSPM_HIB_WAKEUP_PIN1_POS                (2UL)
1180:Generated_Source\PSoC6\pdl\drivers/peripheral/syspm/cy_syspm.h **** 
1181:Generated_Source\PSoC6\pdl\drivers/peripheral/syspm/cy_syspm.h **** /**
1182:Generated_Source\PSoC6\pdl\drivers/peripheral/syspm/cy_syspm.h **** * The internal define of the first LPComparator bit 
1183:Generated_Source\PSoC6\pdl\drivers/peripheral/syspm/cy_syspm.h **** * used in the Cy_SysPm_SetHibernateWakeupSource() function
1184:Generated_Source\PSoC6\pdl\drivers/peripheral/syspm/cy_syspm.h **** */
1185:Generated_Source\PSoC6\pdl\drivers/peripheral/syspm/cy_syspm.h **** #define CY_SYSPM_HIB_WAKEUP_LPCOMP0_POS             (4UL)
1186:Generated_Source\PSoC6\pdl\drivers/peripheral/syspm/cy_syspm.h **** 
1187:Generated_Source\PSoC6\pdl\drivers/peripheral/syspm/cy_syspm.h **** /**
1188:Generated_Source\PSoC6\pdl\drivers/peripheral/syspm/cy_syspm.h **** * The internal define for the second LPComparator bit 
1189:Generated_Source\PSoC6\pdl\drivers/peripheral/syspm/cy_syspm.h **** * used in the Cy_SysPm_SetHibernateWakeupSource() function
1190:Generated_Source\PSoC6\pdl\drivers/peripheral/syspm/cy_syspm.h **** */
1191:Generated_Source\PSoC6\pdl\drivers/peripheral/syspm/cy_syspm.h **** #define CY_SYSPM_HIB_WAKEUP_LPCOMP1_POS             (8UL)
1192:Generated_Source\PSoC6\pdl\drivers/peripheral/syspm/cy_syspm.h **** 
1193:Generated_Source\PSoC6\pdl\drivers/peripheral/syspm/cy_syspm.h **** /**
1194:Generated_Source\PSoC6\pdl\drivers/peripheral/syspm/cy_syspm.h **** * The internal define of the first LPComparator value 
1195:Generated_Source\PSoC6\pdl\drivers/peripheral/syspm/cy_syspm.h **** * used in the Cy_SysPm_SetHibernateWakeupSource() function
1196:Generated_Source\PSoC6\pdl\drivers/peripheral/syspm/cy_syspm.h **** */
1197:Generated_Source\PSoC6\pdl\drivers/peripheral/syspm/cy_syspm.h **** #define CY_SYSPM_HIB_WAKEUP_LPCOMP0_MASK    (_VAL2FLD(SRSS_PWR_HIBERNATE_MASK_HIBPIN, CY_SYSPM_HIB_
1198:Generated_Source\PSoC6\pdl\drivers/peripheral/syspm/cy_syspm.h **** 
1199:Generated_Source\PSoC6\pdl\drivers/peripheral/syspm/cy_syspm.h **** /**
1200:Generated_Source\PSoC6\pdl\drivers/peripheral/syspm/cy_syspm.h **** * The internal define of the second LPComparator value 
1201:Generated_Source\PSoC6\pdl\drivers/peripheral/syspm/cy_syspm.h **** * used in the Cy_SysPm_SetHibernateWakeupSource() function
1202:Generated_Source\PSoC6\pdl\drivers/peripheral/syspm/cy_syspm.h **** */
ARM GAS  C:\Users\Finik\AppData\Local\Temp\ccXrCYub.s 			page 86


1203:Generated_Source\PSoC6\pdl\drivers/peripheral/syspm/cy_syspm.h **** #define CY_SYSPM_HIB_WAKEUP_LPCOMP1_MASK    (_VAL2FLD(SRSS_PWR_HIBERNATE_MASK_HIBPIN, CY_SYSPM_HIB_
1204:Generated_Source\PSoC6\pdl\drivers/peripheral/syspm/cy_syspm.h **** 
1205:Generated_Source\PSoC6\pdl\drivers/peripheral/syspm/cy_syspm.h **** /**
1206:Generated_Source\PSoC6\pdl\drivers/peripheral/syspm/cy_syspm.h **** * The internal define of the first wake-up pin value 
1207:Generated_Source\PSoC6\pdl\drivers/peripheral/syspm/cy_syspm.h **** * used in the Cy_SysPm_SetHibernateWakeupSource() function
1208:Generated_Source\PSoC6\pdl\drivers/peripheral/syspm/cy_syspm.h **** */
1209:Generated_Source\PSoC6\pdl\drivers/peripheral/syspm/cy_syspm.h **** #define CY_SYSPM_HIB_WAKEUP_PIN0_MASK    (_VAL2FLD(SRSS_PWR_HIBERNATE_MASK_HIBPIN, CY_SYSPM_HIB_WAK
1210:Generated_Source\PSoC6\pdl\drivers/peripheral/syspm/cy_syspm.h **** 
1211:Generated_Source\PSoC6\pdl\drivers/peripheral/syspm/cy_syspm.h **** /**
1212:Generated_Source\PSoC6\pdl\drivers/peripheral/syspm/cy_syspm.h **** * The internal define of the second wake-up pin value used 
1213:Generated_Source\PSoC6\pdl\drivers/peripheral/syspm/cy_syspm.h **** * in the Cy_SysPm_SetHibernateWakeupSource() function
1214:Generated_Source\PSoC6\pdl\drivers/peripheral/syspm/cy_syspm.h **** */
1215:Generated_Source\PSoC6\pdl\drivers/peripheral/syspm/cy_syspm.h **** #define CY_SYSPM_HIB_WAKEUP_PIN1_MASK    (_VAL2FLD(SRSS_PWR_HIBERNATE_MASK_HIBPIN, CY_SYSPM_HIB_WAK
1216:Generated_Source\PSoC6\pdl\drivers/peripheral/syspm/cy_syspm.h **** 
1217:Generated_Source\PSoC6\pdl\drivers/peripheral/syspm/cy_syspm.h **** /** The internal define for the first LPComparator polarity configuration */
1218:Generated_Source\PSoC6\pdl\drivers/peripheral/syspm/cy_syspm.h **** #define CY_SYSPM_HIB_WAKEUP_LPCOMP0_POLARITY_HIGH_MASK    \
1219:Generated_Source\PSoC6\pdl\drivers/peripheral/syspm/cy_syspm.h ****                                   (_VAL2FLD(SRSS_PWR_HIBERNATE_POLARITY_HIBPIN, CY_SYSPM_HIB_WAKEUP
1220:Generated_Source\PSoC6\pdl\drivers/peripheral/syspm/cy_syspm.h **** 
1221:Generated_Source\PSoC6\pdl\drivers/peripheral/syspm/cy_syspm.h **** /** The internal define for the second LPComparator polarity configuration */
1222:Generated_Source\PSoC6\pdl\drivers/peripheral/syspm/cy_syspm.h **** #define CY_SYSPM_HIB_WAKEUP_LPCOMP1_POLARITY_HIGH_MASK    \
1223:Generated_Source\PSoC6\pdl\drivers/peripheral/syspm/cy_syspm.h ****                                   (_VAL2FLD(SRSS_PWR_HIBERNATE_POLARITY_HIBPIN, CY_SYSPM_HIB_WAKEUP
1224:Generated_Source\PSoC6\pdl\drivers/peripheral/syspm/cy_syspm.h **** 
1225:Generated_Source\PSoC6\pdl\drivers/peripheral/syspm/cy_syspm.h **** /** The internal define for the first wake-up pin polarity configuration */
1226:Generated_Source\PSoC6\pdl\drivers/peripheral/syspm/cy_syspm.h **** #define CY_SYSPM_HIB_WAKEUP_PIN0_POLARITY_HIGH_MASK    \
1227:Generated_Source\PSoC6\pdl\drivers/peripheral/syspm/cy_syspm.h ****                                   (_VAL2FLD(SRSS_PWR_HIBERNATE_POLARITY_HIBPIN, CY_SYSPM_HIB_WAKEUP
1228:Generated_Source\PSoC6\pdl\drivers/peripheral/syspm/cy_syspm.h **** 
1229:Generated_Source\PSoC6\pdl\drivers/peripheral/syspm/cy_syspm.h **** /** The internal define for the second wake-up pin polarity configuration */
1230:Generated_Source\PSoC6\pdl\drivers/peripheral/syspm/cy_syspm.h **** #define CY_SYSPM_HIB_WAKEUP_PIN1_POLARITY_HIGH_MASK    \
1231:Generated_Source\PSoC6\pdl\drivers/peripheral/syspm/cy_syspm.h ****                                   (_VAL2FLD(SRSS_PWR_HIBERNATE_POLARITY_HIBPIN, CY_SYSPM_HIB_WAKEUP
1232:Generated_Source\PSoC6\pdl\drivers/peripheral/syspm/cy_syspm.h **** 
1233:Generated_Source\PSoC6\pdl\drivers/peripheral/syspm/cy_syspm.h **** /* Internal macro of all possible wakeup sources from hibernate power mode */
1234:Generated_Source\PSoC6\pdl\drivers/peripheral/syspm/cy_syspm.h **** #define CY_SYSPM_HIB_WAKEUP_SOURSE_MASK    (CY_SYSPM_HIBERNATE_LPCOMP0_HIGH | CY_SYSPM_HIBERNATE_LP
1235:Generated_Source\PSoC6\pdl\drivers/peripheral/syspm/cy_syspm.h ****                                             CY_SYSPM_HIBERNATE_RTC_ALARM    | CY_SYSPM_HIBERNATE_WD
1236:Generated_Source\PSoC6\pdl\drivers/peripheral/syspm/cy_syspm.h ****                                             CY_SYSPM_HIBERNATE_PIN0_HIGH    | CY_SYSPM_HIBERNATE_PI
1237:Generated_Source\PSoC6\pdl\drivers/peripheral/syspm/cy_syspm.h **** 
1238:Generated_Source\PSoC6\pdl\drivers/peripheral/syspm/cy_syspm.h **** /* The mask for low power modes the power circuits (POR/BOD, Bandgap 
1239:Generated_Source\PSoC6\pdl\drivers/peripheral/syspm/cy_syspm.h **** *  reference, Reference buffer, Current reference) when active core regulator is
1240:Generated_Source\PSoC6\pdl\drivers/peripheral/syspm/cy_syspm.h **** *  LDO
1241:Generated_Source\PSoC6\pdl\drivers/peripheral/syspm/cy_syspm.h **** */
1242:Generated_Source\PSoC6\pdl\drivers/peripheral/syspm/cy_syspm.h **** #define CY_SYSPM_PWR_CIRCUITS_LPMODE_ACTIVE_LDO_MASK    (SRSS_PWR_CTL_LINREG_LPMODE_Msk | CY_SYSPM_
1243:Generated_Source\PSoC6\pdl\drivers/peripheral/syspm/cy_syspm.h **** 
1244:Generated_Source\PSoC6\pdl\drivers/peripheral/syspm/cy_syspm.h **** /* The mask for low power modes the power circuits (POR/BOD, Bandgap 
1245:Generated_Source\PSoC6\pdl\drivers/peripheral/syspm/cy_syspm.h **** *  reference, Reference buffer, Current reference) when active core regulator is
1246:Generated_Source\PSoC6\pdl\drivers/peripheral/syspm/cy_syspm.h **** *  Buck
1247:Generated_Source\PSoC6\pdl\drivers/peripheral/syspm/cy_syspm.h **** */
1248:Generated_Source\PSoC6\pdl\drivers/peripheral/syspm/cy_syspm.h **** #define CY_SYSPM_PWR_CIRCUITS_LPMODE_ACTIVE_BUCK_MASK    (SRSS_PWR_CTL_PORBOD_LPMODE_Msk |\
1249:Generated_Source\PSoC6\pdl\drivers/peripheral/syspm/cy_syspm.h ****                                                           SRSS_PWR_CTL_ACT_REF_DIS_Msk |\
1250:Generated_Source\PSoC6\pdl\drivers/peripheral/syspm/cy_syspm.h ****                                                           SRSS_PWR_CTL_VREFBUF_LPMODE_Msk |\
1251:Generated_Source\PSoC6\pdl\drivers/peripheral/syspm/cy_syspm.h ****                                                           SRSS_PWR_CTL_IREF_LPMODE_Msk)
1252:Generated_Source\PSoC6\pdl\drivers/peripheral/syspm/cy_syspm.h **** 
1253:Generated_Source\PSoC6\pdl\drivers/peripheral/syspm/cy_syspm.h **** /** \endcond */
1254:Generated_Source\PSoC6\pdl\drivers/peripheral/syspm/cy_syspm.h **** 
1255:Generated_Source\PSoC6\pdl\drivers/peripheral/syspm/cy_syspm.h **** /**
1256:Generated_Source\PSoC6\pdl\drivers/peripheral/syspm/cy_syspm.h **** * \defgroup group_syspm_return_status The Power Mode Status Defines
1257:Generated_Source\PSoC6\pdl\drivers/peripheral/syspm/cy_syspm.h **** * \{
1258:Generated_Source\PSoC6\pdl\drivers/peripheral/syspm/cy_syspm.h **** * Defines for the CPU and system power modes status.
1259:Generated_Source\PSoC6\pdl\drivers/peripheral/syspm/cy_syspm.h **** */
ARM GAS  C:\Users\Finik\AppData\Local\Temp\ccXrCYub.s 			page 87


1260:Generated_Source\PSoC6\pdl\drivers/peripheral/syspm/cy_syspm.h **** 
1261:Generated_Source\PSoC6\pdl\drivers/peripheral/syspm/cy_syspm.h **** /** The CM4 is in CPU Active mode */
1262:Generated_Source\PSoC6\pdl\drivers/peripheral/syspm/cy_syspm.h **** #define CY_SYSPM_STATUS_CM4_ACTIVE       (0x01U)
1263:Generated_Source\PSoC6\pdl\drivers/peripheral/syspm/cy_syspm.h **** 
1264:Generated_Source\PSoC6\pdl\drivers/peripheral/syspm/cy_syspm.h **** /** The CM4 is in CPU Sleep mode */
1265:Generated_Source\PSoC6\pdl\drivers/peripheral/syspm/cy_syspm.h **** #define CY_SYSPM_STATUS_CM4_SLEEP        (0x02U)
1266:Generated_Source\PSoC6\pdl\drivers/peripheral/syspm/cy_syspm.h **** 
1267:Generated_Source\PSoC6\pdl\drivers/peripheral/syspm/cy_syspm.h **** /** The CM4 is in CPU Deep Sleep mode */
1268:Generated_Source\PSoC6\pdl\drivers/peripheral/syspm/cy_syspm.h **** #define CY_SYSPM_STATUS_CM4_DEEPSLEEP    (0x04U)
1269:Generated_Source\PSoC6\pdl\drivers/peripheral/syspm/cy_syspm.h **** 
1270:Generated_Source\PSoC6\pdl\drivers/peripheral/syspm/cy_syspm.h **** /** The CM0p is CPU Active mode */
1271:Generated_Source\PSoC6\pdl\drivers/peripheral/syspm/cy_syspm.h **** #define CY_SYSPM_STATUS_CM0_ACTIVE       ((uint32_t) 0x01U << 8U)
1272:Generated_Source\PSoC6\pdl\drivers/peripheral/syspm/cy_syspm.h **** 
1273:Generated_Source\PSoC6\pdl\drivers/peripheral/syspm/cy_syspm.h **** /** The CM0p is in CPU Sleep mode */
1274:Generated_Source\PSoC6\pdl\drivers/peripheral/syspm/cy_syspm.h **** #define CY_SYSPM_STATUS_CM0_SLEEP        ((uint32_t) 0x02U << 8U)
1275:Generated_Source\PSoC6\pdl\drivers/peripheral/syspm/cy_syspm.h **** 
1276:Generated_Source\PSoC6\pdl\drivers/peripheral/syspm/cy_syspm.h **** /** The CM0p is in CPU Deep Sleep mode */
1277:Generated_Source\PSoC6\pdl\drivers/peripheral/syspm/cy_syspm.h **** #define CY_SYSPM_STATUS_CM0_DEEPSLEEP    ((uint32_t) 0x04U << 8U)
1278:Generated_Source\PSoC6\pdl\drivers/peripheral/syspm/cy_syspm.h **** 
1279:Generated_Source\PSoC6\pdl\drivers/peripheral/syspm/cy_syspm.h **** /** The system is Low Power mode */
1280:Generated_Source\PSoC6\pdl\drivers/peripheral/syspm/cy_syspm.h **** #define CY_SYSPM_STATUS_SYSTEM_LP        (0x80U)
1281:Generated_Source\PSoC6\pdl\drivers/peripheral/syspm/cy_syspm.h **** 
1282:Generated_Source\PSoC6\pdl\drivers/peripheral/syspm/cy_syspm.h **** /** The system is in Ultra Low Power mode */
1283:Generated_Source\PSoC6\pdl\drivers/peripheral/syspm/cy_syspm.h **** #define CY_SYSPM_STATUS_SYSTEM_ULP       ((uint32_t) 0x08U << 8U)
1284:Generated_Source\PSoC6\pdl\drivers/peripheral/syspm/cy_syspm.h **** 
1285:Generated_Source\PSoC6\pdl\drivers/peripheral/syspm/cy_syspm.h **** /** \} group_syspm_return_status */
1286:Generated_Source\PSoC6\pdl\drivers/peripheral/syspm/cy_syspm.h **** 
1287:Generated_Source\PSoC6\pdl\drivers/peripheral/syspm/cy_syspm.h **** /** \} group_syspm_macros */
1288:Generated_Source\PSoC6\pdl\drivers/peripheral/syspm/cy_syspm.h **** 
1289:Generated_Source\PSoC6\pdl\drivers/peripheral/syspm/cy_syspm.h **** /*******************************************************************************
1290:Generated_Source\PSoC6\pdl\drivers/peripheral/syspm/cy_syspm.h **** *       Configuration Structures
1291:Generated_Source\PSoC6\pdl\drivers/peripheral/syspm/cy_syspm.h **** *******************************************************************************/
1292:Generated_Source\PSoC6\pdl\drivers/peripheral/syspm/cy_syspm.h **** 
1293:Generated_Source\PSoC6\pdl\drivers/peripheral/syspm/cy_syspm.h **** /**
1294:Generated_Source\PSoC6\pdl\drivers/peripheral/syspm/cy_syspm.h **** * \addtogroup group_syspm_data_enumerates
1295:Generated_Source\PSoC6\pdl\drivers/peripheral/syspm/cy_syspm.h **** * \{
1296:Generated_Source\PSoC6\pdl\drivers/peripheral/syspm/cy_syspm.h **** */
1297:Generated_Source\PSoC6\pdl\drivers/peripheral/syspm/cy_syspm.h **** 
1298:Generated_Source\PSoC6\pdl\drivers/peripheral/syspm/cy_syspm.h **** /** The SysPm function return value status definitions. */
1299:Generated_Source\PSoC6\pdl\drivers/peripheral/syspm/cy_syspm.h **** typedef enum
1300:Generated_Source\PSoC6\pdl\drivers/peripheral/syspm/cy_syspm.h **** {
1301:Generated_Source\PSoC6\pdl\drivers/peripheral/syspm/cy_syspm.h ****     CY_SYSPM_SUCCESS        = 0x0U,                                         /**< Successful. */
1302:Generated_Source\PSoC6\pdl\drivers/peripheral/syspm/cy_syspm.h ****     CY_SYSPM_BAD_PARAM      = CY_SYSPM_ID | CY_PDL_STATUS_ERROR | 0x01U,    /**< One or more invali
1303:Generated_Source\PSoC6\pdl\drivers/peripheral/syspm/cy_syspm.h ****     CY_SYSPM_TIMEOUT        = CY_SYSPM_ID | CY_PDL_STATUS_ERROR | 0x02U,    /**< A time-out occurre
1304:Generated_Source\PSoC6\pdl\drivers/peripheral/syspm/cy_syspm.h ****     CY_SYSPM_INVALID_STATE  = CY_SYSPM_ID | CY_PDL_STATUS_ERROR | 0x03U,    /**< The operation is n
1305:Generated_Source\PSoC6\pdl\drivers/peripheral/syspm/cy_syspm.h ****                                                                                  improper state. */
1306:Generated_Source\PSoC6\pdl\drivers/peripheral/syspm/cy_syspm.h ****     CY_SYSPM_CANCELED       = CY_SYSPM_ID | CY_PDL_STATUS_ERROR | 0x04U,    /**< Operation canceled
1307:Generated_Source\PSoC6\pdl\drivers/peripheral/syspm/cy_syspm.h ****     CY_SYSPM_FAIL           = CY_SYSPM_ID | CY_PDL_STATUS_ERROR | 0xFFU     /**< Unknown failure. *
1308:Generated_Source\PSoC6\pdl\drivers/peripheral/syspm/cy_syspm.h **** } cy_en_syspm_status_t;
1309:Generated_Source\PSoC6\pdl\drivers/peripheral/syspm/cy_syspm.h **** 
1310:Generated_Source\PSoC6\pdl\drivers/peripheral/syspm/cy_syspm.h **** /**
1311:Generated_Source\PSoC6\pdl\drivers/peripheral/syspm/cy_syspm.h **** * This enumeration is used to initialize the functions wait action. The wait actions can be - 
1312:Generated_Source\PSoC6\pdl\drivers/peripheral/syspm/cy_syspm.h **** * an interrupt or an event. Refer to the CMSIS for WFE and WFI instruction explanations.
1313:Generated_Source\PSoC6\pdl\drivers/peripheral/syspm/cy_syspm.h **** */
1314:Generated_Source\PSoC6\pdl\drivers/peripheral/syspm/cy_syspm.h **** typedef enum
1315:Generated_Source\PSoC6\pdl\drivers/peripheral/syspm/cy_syspm.h **** {
1316:Generated_Source\PSoC6\pdl\drivers/peripheral/syspm/cy_syspm.h ****     CY_SYSPM_WAIT_FOR_INTERRUPT,    /**< Wait for an interrupt. */
ARM GAS  C:\Users\Finik\AppData\Local\Temp\ccXrCYub.s 			page 88


1317:Generated_Source\PSoC6\pdl\drivers/peripheral/syspm/cy_syspm.h ****     CY_SYSPM_WAIT_FOR_EVENT         /**< Wait for an event. */
1318:Generated_Source\PSoC6\pdl\drivers/peripheral/syspm/cy_syspm.h **** } cy_en_syspm_waitfor_t;
1319:Generated_Source\PSoC6\pdl\drivers/peripheral/syspm/cy_syspm.h **** 
1320:Generated_Source\PSoC6\pdl\drivers/peripheral/syspm/cy_syspm.h **** /** This enumeration is used to configure wakeup sources for the System Hibernate 
1321:Generated_Source\PSoC6\pdl\drivers/peripheral/syspm/cy_syspm.h **** *   power mode.
1322:Generated_Source\PSoC6\pdl\drivers/peripheral/syspm/cy_syspm.h **** */
1323:Generated_Source\PSoC6\pdl\drivers/peripheral/syspm/cy_syspm.h **** typedef enum
1324:Generated_Source\PSoC6\pdl\drivers/peripheral/syspm/cy_syspm.h **** {
1325:Generated_Source\PSoC6\pdl\drivers/peripheral/syspm/cy_syspm.h ****     /** Wake on a low logic level for the LPComp0. */
1326:Generated_Source\PSoC6\pdl\drivers/peripheral/syspm/cy_syspm.h ****     CY_SYSPM_HIBERNATE_LPCOMP0_LOW  = CY_SYSPM_HIB_WAKEUP_LPCOMP0_MASK,
1327:Generated_Source\PSoC6\pdl\drivers/peripheral/syspm/cy_syspm.h **** 
1328:Generated_Source\PSoC6\pdl\drivers/peripheral/syspm/cy_syspm.h ****     /** Wake on a high logic level for the LPComp0. */
1329:Generated_Source\PSoC6\pdl\drivers/peripheral/syspm/cy_syspm.h ****     CY_SYSPM_HIBERNATE_LPCOMP0_HIGH = CY_SYSPM_HIB_WAKEUP_LPCOMP0_MASK | CY_SYSPM_HIB_WAKEUP_LPCOMP
1330:Generated_Source\PSoC6\pdl\drivers/peripheral/syspm/cy_syspm.h ****     
1331:Generated_Source\PSoC6\pdl\drivers/peripheral/syspm/cy_syspm.h ****     /** Wake on a low logic level for the LPComp1. */
1332:Generated_Source\PSoC6\pdl\drivers/peripheral/syspm/cy_syspm.h ****     CY_SYSPM_HIBERNATE_LPCOMP1_LOW  = CY_SYSPM_HIB_WAKEUP_LPCOMP1_MASK,
1333:Generated_Source\PSoC6\pdl\drivers/peripheral/syspm/cy_syspm.h ****     
1334:Generated_Source\PSoC6\pdl\drivers/peripheral/syspm/cy_syspm.h ****     /** Wake on a high logic level for the LPComp1. */
1335:Generated_Source\PSoC6\pdl\drivers/peripheral/syspm/cy_syspm.h ****     CY_SYSPM_HIBERNATE_LPCOMP1_HIGH = CY_SYSPM_HIB_WAKEUP_LPCOMP1_MASK | CY_SYSPM_HIB_WAKEUP_LPCOMP
1336:Generated_Source\PSoC6\pdl\drivers/peripheral/syspm/cy_syspm.h **** 
1337:Generated_Source\PSoC6\pdl\drivers/peripheral/syspm/cy_syspm.h ****     /** Configure the RTC alarm as wakeup source. */
1338:Generated_Source\PSoC6\pdl\drivers/peripheral/syspm/cy_syspm.h ****     CY_SYSPM_HIBERNATE_RTC_ALARM = SRSS_PWR_HIBERNATE_MASK_HIBALARM_Msk,
1339:Generated_Source\PSoC6\pdl\drivers/peripheral/syspm/cy_syspm.h ****     
1340:Generated_Source\PSoC6\pdl\drivers/peripheral/syspm/cy_syspm.h ****     /** Configure the WDT interrupt as wakeup source. */
1341:Generated_Source\PSoC6\pdl\drivers/peripheral/syspm/cy_syspm.h ****     CY_SYSPM_HIBERNATE_WDT = SRSS_PWR_HIBERNATE_MASK_HIBWDT_Msk,
1342:Generated_Source\PSoC6\pdl\drivers/peripheral/syspm/cy_syspm.h **** 
1343:Generated_Source\PSoC6\pdl\drivers/peripheral/syspm/cy_syspm.h ****     /** Configure a low logic level for the first wakeup-pin. See device datasheet for specific pin
1344:Generated_Source\PSoC6\pdl\drivers/peripheral/syspm/cy_syspm.h ****     CY_SYSPM_HIBERNATE_PIN0_LOW  = CY_SYSPM_HIB_WAKEUP_PIN0_MASK,
1345:Generated_Source\PSoC6\pdl\drivers/peripheral/syspm/cy_syspm.h ****     
1346:Generated_Source\PSoC6\pdl\drivers/peripheral/syspm/cy_syspm.h ****     /** Configure a high logic level for the first wakeup-pin. See device datasheet for specific pi
1347:Generated_Source\PSoC6\pdl\drivers/peripheral/syspm/cy_syspm.h ****     CY_SYSPM_HIBERNATE_PIN0_HIGH = CY_SYSPM_HIB_WAKEUP_PIN0_MASK | CY_SYSPM_HIB_WAKEUP_PIN0_POLARIT
1348:Generated_Source\PSoC6\pdl\drivers/peripheral/syspm/cy_syspm.h **** 
1349:Generated_Source\PSoC6\pdl\drivers/peripheral/syspm/cy_syspm.h ****     /** Configure a low logic level for the second wakeup-pin. See device datasheet for specific pi
1350:Generated_Source\PSoC6\pdl\drivers/peripheral/syspm/cy_syspm.h ****     CY_SYSPM_HIBERNATE_PIN1_LOW  = CY_SYSPM_HIB_WAKEUP_PIN1_MASK,
1351:Generated_Source\PSoC6\pdl\drivers/peripheral/syspm/cy_syspm.h **** 
1352:Generated_Source\PSoC6\pdl\drivers/peripheral/syspm/cy_syspm.h ****     /** Configure a high logic level for the second wakeup-pin. See device datasheet for specific p
1353:Generated_Source\PSoC6\pdl\drivers/peripheral/syspm/cy_syspm.h ****     CY_SYSPM_HIBERNATE_PIN1_HIGH = CY_SYSPM_HIB_WAKEUP_PIN1_MASK | CY_SYSPM_HIB_WAKEUP_PIN1_POLARIT
1354:Generated_Source\PSoC6\pdl\drivers/peripheral/syspm/cy_syspm.h **** } cy_en_syspm_hibernate_wakeup_source_t;
1355:Generated_Source\PSoC6\pdl\drivers/peripheral/syspm/cy_syspm.h **** 
1356:Generated_Source\PSoC6\pdl\drivers/peripheral/syspm/cy_syspm.h **** /** This enumeration is used to select LDO regulator output voltage. */
1357:Generated_Source\PSoC6\pdl\drivers/peripheral/syspm/cy_syspm.h **** typedef enum
1358:Generated_Source\PSoC6\pdl\drivers/peripheral/syspm/cy_syspm.h **** {
1359:Generated_Source\PSoC6\pdl\drivers/peripheral/syspm/cy_syspm.h ****     CY_SYSPM_LDO_VOLTAGE_ULP  = 0U,    /**< System ULP nominal LDO voltage. 
1360:Generated_Source\PSoC6\pdl\drivers/peripheral/syspm/cy_syspm.h ****                                             See device datasheet for specific voltage. */
1361:Generated_Source\PSoC6\pdl\drivers/peripheral/syspm/cy_syspm.h ****     CY_SYSPM_LDO_VOLTAGE_LP   = 1U,    /**< System LP nominal LDO voltage.
1362:Generated_Source\PSoC6\pdl\drivers/peripheral/syspm/cy_syspm.h ****                                             See device datasheet for specific voltage. */
1363:Generated_Source\PSoC6\pdl\drivers/peripheral/syspm/cy_syspm.h ****     CY_SYSPM_LDO_VOLTAGE_0_9V = 0U,    /**< 0.9 V nominal LDO voltage */
1364:Generated_Source\PSoC6\pdl\drivers/peripheral/syspm/cy_syspm.h ****     CY_SYSPM_LDO_VOLTAGE_1_1V = 1U     /**< 1.1 V nominal LDO voltage */
1365:Generated_Source\PSoC6\pdl\drivers/peripheral/syspm/cy_syspm.h **** } cy_en_syspm_ldo_voltage_t;
1366:Generated_Source\PSoC6\pdl\drivers/peripheral/syspm/cy_syspm.h **** 
1367:Generated_Source\PSoC6\pdl\drivers/peripheral/syspm/cy_syspm.h **** /** This enumeration is used to select the LDO regulator operating mode. */
1368:Generated_Source\PSoC6\pdl\drivers/peripheral/syspm/cy_syspm.h **** typedef enum
1369:Generated_Source\PSoC6\pdl\drivers/peripheral/syspm/cy_syspm.h **** {
1370:Generated_Source\PSoC6\pdl\drivers/peripheral/syspm/cy_syspm.h ****     CY_SYSPM_LDO_MODE_DISABLED = 0U,    /**< Disables the LDO. */
1371:Generated_Source\PSoC6\pdl\drivers/peripheral/syspm/cy_syspm.h ****     CY_SYSPM_LDO_MODE_NORMAL   = 1U,    /**< Sets normal current mode. See device datasheet for 
1372:Generated_Source\PSoC6\pdl\drivers/peripheral/syspm/cy_syspm.h ****                                              specific maximum current limit. */
1373:Generated_Source\PSoC6\pdl\drivers/peripheral/syspm/cy_syspm.h ****     CY_SYSPM_LDO_MODE_MIN      = 2U     /**< Sets minimum current mode. See device datasheet for 
ARM GAS  C:\Users\Finik\AppData\Local\Temp\ccXrCYub.s 			page 89


1374:Generated_Source\PSoC6\pdl\drivers/peripheral/syspm/cy_syspm.h ****                                              specific  current limit.  */
1375:Generated_Source\PSoC6\pdl\drivers/peripheral/syspm/cy_syspm.h **** } cy_en_syspm_ldo_mode_t;
1376:Generated_Source\PSoC6\pdl\drivers/peripheral/syspm/cy_syspm.h **** 
1377:Generated_Source\PSoC6\pdl\drivers/peripheral/syspm/cy_syspm.h **** /**
1378:Generated_Source\PSoC6\pdl\drivers/peripheral/syspm/cy_syspm.h **** *  This enumeration is used to select the output voltage for the Buck regulator output 1.
1379:Generated_Source\PSoC6\pdl\drivers/peripheral/syspm/cy_syspm.h **** */
1380:Generated_Source\PSoC6\pdl\drivers/peripheral/syspm/cy_syspm.h **** typedef enum
1381:Generated_Source\PSoC6\pdl\drivers/peripheral/syspm/cy_syspm.h **** {
1382:Generated_Source\PSoC6\pdl\drivers/peripheral/syspm/cy_syspm.h ****     CY_SYSPM_BUCK_OUT1_VOLTAGE_ULP  = 0x02U,    /**< System ULP nominal Buck voltage. 
1383:Generated_Source\PSoC6\pdl\drivers/peripheral/syspm/cy_syspm.h ****                                                      See device datasheet for specific voltage. */
1384:Generated_Source\PSoC6\pdl\drivers/peripheral/syspm/cy_syspm.h ****     CY_SYSPM_BUCK_OUT1_VOLTAGE_LP   = 0x05U,    /**< LP nominal Buck voltage. 
1385:Generated_Source\PSoC6\pdl\drivers/peripheral/syspm/cy_syspm.h ****                                                      See device datasheet for specific voltage. */
1386:Generated_Source\PSoC6\pdl\drivers/peripheral/syspm/cy_syspm.h ****     CY_SYSPM_BUCK_OUT1_VOLTAGE_0_9V = 0x02U,    /**< 0.9 V nominal Buck voltage */
1387:Generated_Source\PSoC6\pdl\drivers/peripheral/syspm/cy_syspm.h ****     CY_SYSPM_BUCK_OUT1_VOLTAGE_1_1V = 0x05U     /**< 1.1 V nominal Buck voltage */
1388:Generated_Source\PSoC6\pdl\drivers/peripheral/syspm/cy_syspm.h **** } cy_en_syspm_buck_voltage1_t;
1389:Generated_Source\PSoC6\pdl\drivers/peripheral/syspm/cy_syspm.h **** 
1390:Generated_Source\PSoC6\pdl\drivers/peripheral/syspm/cy_syspm.h **** /** This enumeration is used to select the Buck regulator outputs. */
1391:Generated_Source\PSoC6\pdl\drivers/peripheral/syspm/cy_syspm.h **** typedef enum
1392:Generated_Source\PSoC6\pdl\drivers/peripheral/syspm/cy_syspm.h **** {
1393:Generated_Source\PSoC6\pdl\drivers/peripheral/syspm/cy_syspm.h ****     CY_SYSPM_BUCK_VBUCK_1 = 0x0U,    /**< Buck output 1 Voltage (Vbuck1). Typically used to 
1394:Generated_Source\PSoC6\pdl\drivers/peripheral/syspm/cy_syspm.h ****                                           supply the PSoC digital core logic. */
1395:Generated_Source\PSoC6\pdl\drivers/peripheral/syspm/cy_syspm.h ****     CY_SYSPM_BUCK_VRF                /**< Buck out 2 Voltage (Vbuckrf). Typically used to 
1396:Generated_Source\PSoC6\pdl\drivers/peripheral/syspm/cy_syspm.h ****                                           supply the BLE radio logic. */
1397:Generated_Source\PSoC6\pdl\drivers/peripheral/syspm/cy_syspm.h **** } cy_en_syspm_buck_out_t;
1398:Generated_Source\PSoC6\pdl\drivers/peripheral/syspm/cy_syspm.h **** 
1399:Generated_Source\PSoC6\pdl\drivers/peripheral/syspm/cy_syspm.h **** /**
1400:Generated_Source\PSoC6\pdl\drivers/peripheral/syspm/cy_syspm.h **** * This enumeration is used to select the output voltage for the Buck regulator
1401:Generated_Source\PSoC6\pdl\drivers/peripheral/syspm/cy_syspm.h **** * output 2, which can source the BLE radio.
1402:Generated_Source\PSoC6\pdl\drivers/peripheral/syspm/cy_syspm.h **** */
1403:Generated_Source\PSoC6\pdl\drivers/peripheral/syspm/cy_syspm.h **** typedef enum
1404:Generated_Source\PSoC6\pdl\drivers/peripheral/syspm/cy_syspm.h **** {
1405:Generated_Source\PSoC6\pdl\drivers/peripheral/syspm/cy_syspm.h ****     CY_SYSPM_BUCK_OUT2_VOLTAGE_1_15V = 0U,    /**< 1.15 V nominal voltage. */
1406:Generated_Source\PSoC6\pdl\drivers/peripheral/syspm/cy_syspm.h ****     CY_SYSPM_BUCK_OUT2_VOLTAGE_1_2V  = 1U,    /**< 1.20 V nominal voltage. */
1407:Generated_Source\PSoC6\pdl\drivers/peripheral/syspm/cy_syspm.h ****     CY_SYSPM_BUCK_OUT2_VOLTAGE_1_25V = 2U,    /**< 1.25 V nominal voltage. */
1408:Generated_Source\PSoC6\pdl\drivers/peripheral/syspm/cy_syspm.h ****     CY_SYSPM_BUCK_OUT2_VOLTAGE_1_3V  = 3U,    /**< 1.3 V nominal voltage.  */
1409:Generated_Source\PSoC6\pdl\drivers/peripheral/syspm/cy_syspm.h ****     CY_SYSPM_BUCK_OUT2_VOLTAGE_1_35V = 4U,    /**< 1.35 V nominal voltage. */
1410:Generated_Source\PSoC6\pdl\drivers/peripheral/syspm/cy_syspm.h ****     CY_SYSPM_BUCK_OUT2_VOLTAGE_1_4V  = 5U,    /**< 1.4 V nominal voltage. */
1411:Generated_Source\PSoC6\pdl\drivers/peripheral/syspm/cy_syspm.h ****     CY_SYSPM_BUCK_OUT2_VOLTAGE_1_45V = 6U,    /**< 1.45 V nominal voltage. */
1412:Generated_Source\PSoC6\pdl\drivers/peripheral/syspm/cy_syspm.h ****     CY_SYSPM_BUCK_OUT2_VOLTAGE_1_5V  = 7U     /**< 1.5 V nominal voltage. */
1413:Generated_Source\PSoC6\pdl\drivers/peripheral/syspm/cy_syspm.h **** } cy_en_syspm_buck_voltage2_t;
1414:Generated_Source\PSoC6\pdl\drivers/peripheral/syspm/cy_syspm.h **** 
1415:Generated_Source\PSoC6\pdl\drivers/peripheral/syspm/cy_syspm.h **** /**
1416:Generated_Source\PSoC6\pdl\drivers/peripheral/syspm/cy_syspm.h **** * This enumeration is used to set the polarity for the PMIC input. The PMIC output is 
1417:Generated_Source\PSoC6\pdl\drivers/peripheral/syspm/cy_syspm.h **** * automatically enabled when the configured polarity of the PMIC input and the logic level
1418:Generated_Source\PSoC6\pdl\drivers/peripheral/syspm/cy_syspm.h **** * driven to the pmic_wakeup_in pin match.
1419:Generated_Source\PSoC6\pdl\drivers/peripheral/syspm/cy_syspm.h **** *
1420:Generated_Source\PSoC6\pdl\drivers/peripheral/syspm/cy_syspm.h **** * \warning 
1421:Generated_Source\PSoC6\pdl\drivers/peripheral/syspm/cy_syspm.h **** * Do not use CY_SYSPM_PMIC_POLARITY_LOW as it is not supported by hardware.
1422:Generated_Source\PSoC6\pdl\drivers/peripheral/syspm/cy_syspm.h **** */
1423:Generated_Source\PSoC6\pdl\drivers/peripheral/syspm/cy_syspm.h **** typedef enum
1424:Generated_Source\PSoC6\pdl\drivers/peripheral/syspm/cy_syspm.h **** {
1425:Generated_Source\PSoC6\pdl\drivers/peripheral/syspm/cy_syspm.h ****     CY_SYSPM_PMIC_POLARITY_LOW   = 0U,    /**< Set active low logic level for the PMIC input. */
1426:Generated_Source\PSoC6\pdl\drivers/peripheral/syspm/cy_syspm.h ****     CY_SYSPM_PMIC_POLARITY_HIGH  = 1U     /**< Set active high logic level for the PMIC input. */
1427:Generated_Source\PSoC6\pdl\drivers/peripheral/syspm/cy_syspm.h **** } cy_en_syspm_pmic_wakeup_polarity_t;
1428:Generated_Source\PSoC6\pdl\drivers/peripheral/syspm/cy_syspm.h **** 
1429:Generated_Source\PSoC6\pdl\drivers/peripheral/syspm/cy_syspm.h **** /** This enumeration selects Vbackup or Vddd to supply Vddbackup. */
1430:Generated_Source\PSoC6\pdl\drivers/peripheral/syspm/cy_syspm.h **** typedef enum
ARM GAS  C:\Users\Finik\AppData\Local\Temp\ccXrCYub.s 			page 90


1431:Generated_Source\PSoC6\pdl\drivers/peripheral/syspm/cy_syspm.h **** {
1432:Generated_Source\PSoC6\pdl\drivers/peripheral/syspm/cy_syspm.h ****     CY_SYSPM_VDDBACKUP_DEFAULT         = 0U,    /**< Logic automatically selects Vddd if present or
1433:Generated_Source\PSoC6\pdl\drivers/peripheral/syspm/cy_syspm.h ****                                                      Vbackup if Vddd is not present to supply Vddba
1434:Generated_Source\PSoC6\pdl\drivers/peripheral/syspm/cy_syspm.h ****     CY_SYSPM_VDDBACKUP_VBACKUP         = 2U     /**< Sets only Vbackup to supply Vddbackup */
1435:Generated_Source\PSoC6\pdl\drivers/peripheral/syspm/cy_syspm.h **** } cy_en_syspm_vddbackup_control_t;
1436:Generated_Source\PSoC6\pdl\drivers/peripheral/syspm/cy_syspm.h **** 
1437:Generated_Source\PSoC6\pdl\drivers/peripheral/syspm/cy_syspm.h **** /** This enumeration enables supercapacitor charging. */
1438:Generated_Source\PSoC6\pdl\drivers/peripheral/syspm/cy_syspm.h **** typedef enum
1439:Generated_Source\PSoC6\pdl\drivers/peripheral/syspm/cy_syspm.h **** {
1440:Generated_Source\PSoC6\pdl\drivers/peripheral/syspm/cy_syspm.h ****     CY_SYSPM_SC_CHARGE_ENABLE     = 0x3CU,    /**< Enables supercapacitor charging */
1441:Generated_Source\PSoC6\pdl\drivers/peripheral/syspm/cy_syspm.h ****     CY_SYSPM_SC_CHARGE_DISABLE    = 0x00U     /**< Disables supercapacitor charging */
1442:Generated_Source\PSoC6\pdl\drivers/peripheral/syspm/cy_syspm.h **** } cy_en_syspm_sc_charge_key_t;
1443:Generated_Source\PSoC6\pdl\drivers/peripheral/syspm/cy_syspm.h **** 
1444:Generated_Source\PSoC6\pdl\drivers/peripheral/syspm/cy_syspm.h **** /** This enumeration configures the flash voltage bit for different system power modes. */
1445:Generated_Source\PSoC6\pdl\drivers/peripheral/syspm/cy_syspm.h **** typedef enum
1446:Generated_Source\PSoC6\pdl\drivers/peripheral/syspm/cy_syspm.h **** {
1447:Generated_Source\PSoC6\pdl\drivers/peripheral/syspm/cy_syspm.h ****     CY_SYSPM_FLASH_VOLTAGE_BIT_LP  = 0U,    /**< Set the flash voltage bit for system LP mode */
1448:Generated_Source\PSoC6\pdl\drivers/peripheral/syspm/cy_syspm.h ****     CY_SYSPM_FLASH_VOLTAGE_BIT_ULP = 1U,    /**< Set the flash voltage bit for system ULP mode */
1449:Generated_Source\PSoC6\pdl\drivers/peripheral/syspm/cy_syspm.h **** } cy_en_syspm_flash_voltage_bit_t;
1450:Generated_Source\PSoC6\pdl\drivers/peripheral/syspm/cy_syspm.h **** 
1451:Generated_Source\PSoC6\pdl\drivers/peripheral/syspm/cy_syspm.h **** /**
1452:Generated_Source\PSoC6\pdl\drivers/peripheral/syspm/cy_syspm.h **** * This enumeration is used to select the low power mode for which the
1453:Generated_Source\PSoC6\pdl\drivers/peripheral/syspm/cy_syspm.h **** * appropriate registered callback handler will be executed. For example,
1454:Generated_Source\PSoC6\pdl\drivers/peripheral/syspm/cy_syspm.h **** * the registered callback of the type CY_SYSPM_SLEEP will be executed while
1455:Generated_Source\PSoC6\pdl\drivers/peripheral/syspm/cy_syspm.h **** * switching into the Sleep power mode.
1456:Generated_Source\PSoC6\pdl\drivers/peripheral/syspm/cy_syspm.h **** */
1457:Generated_Source\PSoC6\pdl\drivers/peripheral/syspm/cy_syspm.h **** typedef enum
1458:Generated_Source\PSoC6\pdl\drivers/peripheral/syspm/cy_syspm.h **** {
1459:Generated_Source\PSoC6\pdl\drivers/peripheral/syspm/cy_syspm.h ****     CY_SYSPM_SLEEP      = 0U,    /**< The Sleep enum callback type */
1460:Generated_Source\PSoC6\pdl\drivers/peripheral/syspm/cy_syspm.h ****     CY_SYSPM_DEEPSLEEP  = 1U,    /**< The Deep Sleep enum callback type */
1461:Generated_Source\PSoC6\pdl\drivers/peripheral/syspm/cy_syspm.h ****     CY_SYSPM_HIBERNATE  = 2U,    /**< The Hibernate enum callback type */
1462:Generated_Source\PSoC6\pdl\drivers/peripheral/syspm/cy_syspm.h ****     CY_SYSPM_LP         = 3U,    /**< The Low Power enum callback type */
1463:Generated_Source\PSoC6\pdl\drivers/peripheral/syspm/cy_syspm.h ****     CY_SYSPM_ULP        = 4U     /**< The Ultra Low Power enum callback type */
1464:Generated_Source\PSoC6\pdl\drivers/peripheral/syspm/cy_syspm.h **** } cy_en_syspm_callback_type_t;
1465:Generated_Source\PSoC6\pdl\drivers/peripheral/syspm/cy_syspm.h **** 
1466:Generated_Source\PSoC6\pdl\drivers/peripheral/syspm/cy_syspm.h **** /** This enumeration specifies the associated callback mode. This enum defines the callback mode. *
1467:Generated_Source\PSoC6\pdl\drivers/peripheral/syspm/cy_syspm.h **** typedef enum
1468:Generated_Source\PSoC6\pdl\drivers/peripheral/syspm/cy_syspm.h **** {
1469:Generated_Source\PSoC6\pdl\drivers/peripheral/syspm/cy_syspm.h ****     CY_SYSPM_CHECK_READY        = 0x01U,    /**< Callbacks with this mode are executed before enter
1470:Generated_Source\PSoC6\pdl\drivers/peripheral/syspm/cy_syspm.h ****                                                  low power mode. The purpose of his callback functi
1471:Generated_Source\PSoC6\pdl\drivers/peripheral/syspm/cy_syspm.h ****                                                  if the device is ready to enter the low power mode
1472:Generated_Source\PSoC6\pdl\drivers/peripheral/syspm/cy_syspm.h ****     CY_SYSPM_CHECK_FAIL         = 0x02U,    /**< Callbacks with this mode are executed after the CY
1473:Generated_Source\PSoC6\pdl\drivers/peripheral/syspm/cy_syspm.h ****                                                  callbacks execution returns CY_SYSPM_FAIL. 
1474:Generated_Source\PSoC6\pdl\drivers/peripheral/syspm/cy_syspm.h ****                                                  The callback with the CY_SYSPM_CHECK_FAIL mode sho
1475:Generated_Source\PSoC6\pdl\drivers/peripheral/syspm/cy_syspm.h ****                                                  actions performed in the previously executed callb
1476:Generated_Source\PSoC6\pdl\drivers/peripheral/syspm/cy_syspm.h ****                                                  CY_SYSPM_CHECK_READY */
1477:Generated_Source\PSoC6\pdl\drivers/peripheral/syspm/cy_syspm.h ****     CY_SYSPM_BEFORE_TRANSITION  = 0x04U,    /**< Callbacks with this mode are executed after the CY
1478:Generated_Source\PSoC6\pdl\drivers/peripheral/syspm/cy_syspm.h ****                                                  callbacks execution returns CY_SYSPM_SUCCESS.
1479:Generated_Source\PSoC6\pdl\drivers/peripheral/syspm/cy_syspm.h ****                                                  Performs the actions to be done before entering in
1480:Generated_Source\PSoC6\pdl\drivers/peripheral/syspm/cy_syspm.h ****                                                  low power mode. */
1481:Generated_Source\PSoC6\pdl\drivers/peripheral/syspm/cy_syspm.h ****     CY_SYSPM_AFTER_TRANSITION   = 0x08U     /**< Performs the actions to be done after exiting the 
1482:Generated_Source\PSoC6\pdl\drivers/peripheral/syspm/cy_syspm.h ****                                                  if entered. */
1483:Generated_Source\PSoC6\pdl\drivers/peripheral/syspm/cy_syspm.h **** } cy_en_syspm_callback_mode_t;
1484:Generated_Source\PSoC6\pdl\drivers/peripheral/syspm/cy_syspm.h **** 
1485:Generated_Source\PSoC6\pdl\drivers/peripheral/syspm/cy_syspm.h **** /** \} group_syspm_data_enumerates */
1486:Generated_Source\PSoC6\pdl\drivers/peripheral/syspm/cy_syspm.h **** 
1487:Generated_Source\PSoC6\pdl\drivers/peripheral/syspm/cy_syspm.h **** /**
ARM GAS  C:\Users\Finik\AppData\Local\Temp\ccXrCYub.s 			page 91


1488:Generated_Source\PSoC6\pdl\drivers/peripheral/syspm/cy_syspm.h **** * \addtogroup group_syspm_macros
1489:Generated_Source\PSoC6\pdl\drivers/peripheral/syspm/cy_syspm.h **** * \{
1490:Generated_Source\PSoC6\pdl\drivers/peripheral/syspm/cy_syspm.h **** */
1491:Generated_Source\PSoC6\pdl\drivers/peripheral/syspm/cy_syspm.h **** /**
1492:Generated_Source\PSoC6\pdl\drivers/peripheral/syspm/cy_syspm.h **** * \defgroup group_syspm_skip_callback_modes Defines to skip the callbacks modes
1493:Generated_Source\PSoC6\pdl\drivers/peripheral/syspm/cy_syspm.h **** * \{
1494:Generated_Source\PSoC6\pdl\drivers/peripheral/syspm/cy_syspm.h **** * Defines for the SysPm callbacks modes that can be skipped during execution.
1495:Generated_Source\PSoC6\pdl\drivers/peripheral/syspm/cy_syspm.h **** * For more information about callbacks modes, refer 
1496:Generated_Source\PSoC6\pdl\drivers/peripheral/syspm/cy_syspm.h **** * to \ref cy_en_syspm_callback_mode_t.
1497:Generated_Source\PSoC6\pdl\drivers/peripheral/syspm/cy_syspm.h **** */
1498:Generated_Source\PSoC6\pdl\drivers/peripheral/syspm/cy_syspm.h **** #define CY_SYSPM_SKIP_CHECK_READY                   (0x01U)   /**< Define to skip check ready mode 
1499:Generated_Source\PSoC6\pdl\drivers/peripheral/syspm/cy_syspm.h **** #define CY_SYSPM_SKIP_CHECK_FAIL                    (0x02U)   /**< Define to skip check fail mode i
1500:Generated_Source\PSoC6\pdl\drivers/peripheral/syspm/cy_syspm.h **** #define CY_SYSPM_SKIP_BEFORE_TRANSITION             (0x04U)   /**< Define to skip before transition
1501:Generated_Source\PSoC6\pdl\drivers/peripheral/syspm/cy_syspm.h **** #define CY_SYSPM_SKIP_AFTER_TRANSITION              (0x08U)   /**< Define to skip after transition 
1502:Generated_Source\PSoC6\pdl\drivers/peripheral/syspm/cy_syspm.h **** /** \} group_syspm_skip_callback_modes */
1503:Generated_Source\PSoC6\pdl\drivers/peripheral/syspm/cy_syspm.h **** /** \} group_syspm_macros */
1504:Generated_Source\PSoC6\pdl\drivers/peripheral/syspm/cy_syspm.h **** 
1505:Generated_Source\PSoC6\pdl\drivers/peripheral/syspm/cy_syspm.h **** /**
1506:Generated_Source\PSoC6\pdl\drivers/peripheral/syspm/cy_syspm.h **** * \addtogroup group_syspm_data_structures
1507:Generated_Source\PSoC6\pdl\drivers/peripheral/syspm/cy_syspm.h **** * \{
1508:Generated_Source\PSoC6\pdl\drivers/peripheral/syspm/cy_syspm.h **** */
1509:Generated_Source\PSoC6\pdl\drivers/peripheral/syspm/cy_syspm.h **** 
1510:Generated_Source\PSoC6\pdl\drivers/peripheral/syspm/cy_syspm.h **** /** The structure contains syspm callback parameters */
1511:Generated_Source\PSoC6\pdl\drivers/peripheral/syspm/cy_syspm.h **** typedef struct
1512:Generated_Source\PSoC6\pdl\drivers/peripheral/syspm/cy_syspm.h **** {
1513:Generated_Source\PSoC6\pdl\drivers/peripheral/syspm/cy_syspm.h ****     void *base;         /**< Base address of a HW instance, matches name of the driver in
1514:Generated_Source\PSoC6\pdl\drivers/peripheral/syspm/cy_syspm.h ****                              the API for the base address. Can be undefined if not required. Base a
1515:Generated_Source\PSoC6\pdl\drivers/peripheral/syspm/cy_syspm.h ****                              required for the SysPm driver as the device has only one set of power 
1516:Generated_Source\PSoC6\pdl\drivers/peripheral/syspm/cy_syspm.h ****     void *context;      /**< Context for the handler function. This item can be 
1517:Generated_Source\PSoC6\pdl\drivers/peripheral/syspm/cy_syspm.h ****                              skipped if not required. Can be undefined if not required. */
1518:Generated_Source\PSoC6\pdl\drivers/peripheral/syspm/cy_syspm.h **** 
1519:Generated_Source\PSoC6\pdl\drivers/peripheral/syspm/cy_syspm.h **** } cy_stc_syspm_callback_params_t;
1520:Generated_Source\PSoC6\pdl\drivers/peripheral/syspm/cy_syspm.h **** 
1521:Generated_Source\PSoC6\pdl\drivers/peripheral/syspm/cy_syspm.h **** /** The type for syspm callbacks */
1522:Generated_Source\PSoC6\pdl\drivers/peripheral/syspm/cy_syspm.h **** typedef cy_en_syspm_status_t (*Cy_SysPmCallback) (cy_stc_syspm_callback_params_t *callbackParams, c
1523:Generated_Source\PSoC6\pdl\drivers/peripheral/syspm/cy_syspm.h **** 
1524:Generated_Source\PSoC6\pdl\drivers/peripheral/syspm/cy_syspm.h **** /** Structure with syspm callback configuration elements */
1525:Generated_Source\PSoC6\pdl\drivers/peripheral/syspm/cy_syspm.h **** typedef struct cy_stc_syspm_callback
1526:Generated_Source\PSoC6\pdl\drivers/peripheral/syspm/cy_syspm.h **** {
1527:Generated_Source\PSoC6\pdl\drivers/peripheral/syspm/cy_syspm.h ****     Cy_SysPmCallback callback;                         /**< The callback handler function. */
1528:Generated_Source\PSoC6\pdl\drivers/peripheral/syspm/cy_syspm.h ****     cy_en_syspm_callback_type_t type;                  /**< The callback type, see \ref cy_en_syspm
1529:Generated_Source\PSoC6\pdl\drivers/peripheral/syspm/cy_syspm.h ****     uint32_t skipMode;                                 /**< The mask of modes to be skipped during 
1530:Generated_Source\PSoC6\pdl\drivers/peripheral/syspm/cy_syspm.h ****                                                             execution, see \ref group_syspm_skip_ca
1531:Generated_Source\PSoC6\pdl\drivers/peripheral/syspm/cy_syspm.h ****                                                             corresponding callback mode won't execu
1532:Generated_Source\PSoC6\pdl\drivers/peripheral/syspm/cy_syspm.h ****                                                             appropriate define is set. These values
1533:Generated_Source\PSoC6\pdl\drivers/peripheral/syspm/cy_syspm.h ****                                                             If all modes are required to be execute
1534:Generated_Source\PSoC6\pdl\drivers/peripheral/syspm/cy_syspm.h ****                                                             should be equal to zero. Skipping unnee
1535:Generated_Source\PSoC6\pdl\drivers/peripheral/syspm/cy_syspm.h ****                                                             power mode transitions by skipping unne
1536:Generated_Source\PSoC6\pdl\drivers/peripheral/syspm/cy_syspm.h **** 
1537:Generated_Source\PSoC6\pdl\drivers/peripheral/syspm/cy_syspm.h ****     cy_stc_syspm_callback_params_t *callbackParams;    /**< The address of a cy_stc_syspm_callback_
1538:Generated_Source\PSoC6\pdl\drivers/peripheral/syspm/cy_syspm.h ****                                                             the callback is executed with these par
1539:Generated_Source\PSoC6\pdl\drivers/peripheral/syspm/cy_syspm.h **** 
1540:Generated_Source\PSoC6\pdl\drivers/peripheral/syspm/cy_syspm.h ****     struct cy_stc_syspm_callback *prevItm;             /**< The previous list item. This element sh
1541:Generated_Source\PSoC6\pdl\drivers/peripheral/syspm/cy_syspm.h ****                                                             defined, or defined as NULL. It is for 
1542:Generated_Source\PSoC6\pdl\drivers/peripheral/syspm/cy_syspm.h ****                                                             usage to link this structure to the nex
1543:Generated_Source\PSoC6\pdl\drivers/peripheral/syspm/cy_syspm.h ****                                                             structure. It will be updated during ca
1544:Generated_Source\PSoC6\pdl\drivers/peripheral/syspm/cy_syspm.h ****                                                             registration. Do not modify this elemen
ARM GAS  C:\Users\Finik\AppData\Local\Temp\ccXrCYub.s 			page 92


1545:Generated_Source\PSoC6\pdl\drivers/peripheral/syspm/cy_syspm.h ****                                                             
1546:Generated_Source\PSoC6\pdl\drivers/peripheral/syspm/cy_syspm.h ****     struct cy_stc_syspm_callback *nextItm;             /**< The next list item. This element should
1547:Generated_Source\PSoC6\pdl\drivers/peripheral/syspm/cy_syspm.h ****                                                             defined, or defined as NULL. It is for 
1548:Generated_Source\PSoC6\pdl\drivers/peripheral/syspm/cy_syspm.h ****                                                             link this structure to the previous reg
1549:Generated_Source\PSoC6\pdl\drivers/peripheral/syspm/cy_syspm.h ****                                                             It will be updated during callback regi
1550:Generated_Source\PSoC6\pdl\drivers/peripheral/syspm/cy_syspm.h ****                                                             modify this element at run-time. */
1551:Generated_Source\PSoC6\pdl\drivers/peripheral/syspm/cy_syspm.h **** } cy_stc_syspm_callback_t;
1552:Generated_Source\PSoC6\pdl\drivers/peripheral/syspm/cy_syspm.h **** 
1553:Generated_Source\PSoC6\pdl\drivers/peripheral/syspm/cy_syspm.h **** /** This internal structure stores non-retained registers in the system Deep Sleep
1554:Generated_Source\PSoC6\pdl\drivers/peripheral/syspm/cy_syspm.h **** *   power mode. On wakeup from system Deep Sleep, these registers are restored.
1555:Generated_Source\PSoC6\pdl\drivers/peripheral/syspm/cy_syspm.h **** */
1556:Generated_Source\PSoC6\pdl\drivers/peripheral/syspm/cy_syspm.h **** typedef struct
1557:Generated_Source\PSoC6\pdl\drivers/peripheral/syspm/cy_syspm.h **** {
1558:Generated_Source\PSoC6\pdl\drivers/peripheral/syspm/cy_syspm.h ****     uint32_t CY_SYSPM_UDB_UDBIF_BANK_CTL_REG;    /**< UDB interface control register */
1559:Generated_Source\PSoC6\pdl\drivers/peripheral/syspm/cy_syspm.h **** 
1560:Generated_Source\PSoC6\pdl\drivers/peripheral/syspm/cy_syspm.h ****     uint32_t CY_SYSPM_UDB_BCTL_MDCLK_EN_REG;    /**< UDB bank MDCLK_EN register */
1561:Generated_Source\PSoC6\pdl\drivers/peripheral/syspm/cy_syspm.h ****     uint32_t CY_SYSPM_UDB_BCTL_MBCLK_EN_REG;    /**< UDB bank MBCLK_EN register */
1562:Generated_Source\PSoC6\pdl\drivers/peripheral/syspm/cy_syspm.h ****     uint32_t CY_SYSPM_UDB_BCTL_BOTSEL_L_REG;    /**< UDB bank BOTSEL_L register */
1563:Generated_Source\PSoC6\pdl\drivers/peripheral/syspm/cy_syspm.h ****     uint32_t CY_SYSPM_UDB_BCTL_BOTSEL_U_REG;    /**< UDB bank BOTSEL_U register */
1564:Generated_Source\PSoC6\pdl\drivers/peripheral/syspm/cy_syspm.h ****     uint32_t CY_SYSPM_UDB_BCTL_QCLK_EN0_REG;    /**< UDB bank QCLK_EN0 register */
1565:Generated_Source\PSoC6\pdl\drivers/peripheral/syspm/cy_syspm.h ****     uint32_t CY_SYSPM_UDB_BCTL_QCLK_EN1_REG;    /**< UDB bank QCLK_EN1 register */
1566:Generated_Source\PSoC6\pdl\drivers/peripheral/syspm/cy_syspm.h ****     uint32_t CY_SYSPM_UDB_BCTL_QCLK_EN2_REG;    /**< UDB bank QCLK_EN2 register */
1567:Generated_Source\PSoC6\pdl\drivers/peripheral/syspm/cy_syspm.h **** } cy_stc_syspm_backup_regs_t;
1568:Generated_Source\PSoC6\pdl\drivers/peripheral/syspm/cy_syspm.h **** /** \} group_syspm_data_structures */
1569:Generated_Source\PSoC6\pdl\drivers/peripheral/syspm/cy_syspm.h **** 
1570:Generated_Source\PSoC6\pdl\drivers/peripheral/syspm/cy_syspm.h **** /**
1571:Generated_Source\PSoC6\pdl\drivers/peripheral/syspm/cy_syspm.h **** * \addtogroup group_syspm_functions
1572:Generated_Source\PSoC6\pdl\drivers/peripheral/syspm/cy_syspm.h **** * \{
1573:Generated_Source\PSoC6\pdl\drivers/peripheral/syspm/cy_syspm.h **** */
1574:Generated_Source\PSoC6\pdl\drivers/peripheral/syspm/cy_syspm.h **** 
1575:Generated_Source\PSoC6\pdl\drivers/peripheral/syspm/cy_syspm.h **** /**
1576:Generated_Source\PSoC6\pdl\drivers/peripheral/syspm/cy_syspm.h **** * \addtogroup group_syspm_functions_general
1577:Generated_Source\PSoC6\pdl\drivers/peripheral/syspm/cy_syspm.h **** * \{
1578:Generated_Source\PSoC6\pdl\drivers/peripheral/syspm/cy_syspm.h **** */
1579:Generated_Source\PSoC6\pdl\drivers/peripheral/syspm/cy_syspm.h **** cy_en_syspm_status_t Cy_SysPm_WriteVoltageBitForFlash(cy_en_syspm_flash_voltage_bit_t value);
1580:Generated_Source\PSoC6\pdl\drivers/peripheral/syspm/cy_syspm.h **** void Cy_SysPm_SaveRegisters(cy_stc_syspm_backup_regs_t *regs);
1581:Generated_Source\PSoC6\pdl\drivers/peripheral/syspm/cy_syspm.h **** void Cy_SysPm_RestoreRegisters(cy_stc_syspm_backup_regs_t const *regs);
1582:Generated_Source\PSoC6\pdl\drivers/peripheral/syspm/cy_syspm.h **** /** \} group_syspm_functions_general */
1583:Generated_Source\PSoC6\pdl\drivers/peripheral/syspm/cy_syspm.h **** 
1584:Generated_Source\PSoC6\pdl\drivers/peripheral/syspm/cy_syspm.h **** 
1585:Generated_Source\PSoC6\pdl\drivers/peripheral/syspm/cy_syspm.h **** /**
1586:Generated_Source\PSoC6\pdl\drivers/peripheral/syspm/cy_syspm.h **** * \addtogroup group_syspm_functions_power_status
1587:Generated_Source\PSoC6\pdl\drivers/peripheral/syspm/cy_syspm.h **** * \{
1588:Generated_Source\PSoC6\pdl\drivers/peripheral/syspm/cy_syspm.h **** */
1589:Generated_Source\PSoC6\pdl\drivers/peripheral/syspm/cy_syspm.h **** 
1590:Generated_Source\PSoC6\pdl\drivers/peripheral/syspm/cy_syspm.h **** __STATIC_INLINE bool Cy_SysPm_Cm4IsActive(void);
1591:Generated_Source\PSoC6\pdl\drivers/peripheral/syspm/cy_syspm.h **** __STATIC_INLINE bool Cy_SysPm_Cm4IsSleep(void);
1592:Generated_Source\PSoC6\pdl\drivers/peripheral/syspm/cy_syspm.h **** __STATIC_INLINE bool Cy_SysPm_Cm4IsDeepSleep(void);
1593:Generated_Source\PSoC6\pdl\drivers/peripheral/syspm/cy_syspm.h **** 
1594:Generated_Source\PSoC6\pdl\drivers/peripheral/syspm/cy_syspm.h **** __STATIC_INLINE bool Cy_SysPm_Cm0IsActive(void);
1595:Generated_Source\PSoC6\pdl\drivers/peripheral/syspm/cy_syspm.h **** __STATIC_INLINE bool Cy_SysPm_Cm0IsSleep(void);
1596:Generated_Source\PSoC6\pdl\drivers/peripheral/syspm/cy_syspm.h **** __STATIC_INLINE bool Cy_SysPm_Cm0IsDeepSleep(void);
1597:Generated_Source\PSoC6\pdl\drivers/peripheral/syspm/cy_syspm.h **** __STATIC_INLINE bool Cy_SysPm_IsSystemLp(void);
1598:Generated_Source\PSoC6\pdl\drivers/peripheral/syspm/cy_syspm.h **** __STATIC_INLINE bool Cy_SysPm_IsSystemUlp(void);
1599:Generated_Source\PSoC6\pdl\drivers/peripheral/syspm/cy_syspm.h **** 
1600:Generated_Source\PSoC6\pdl\drivers/peripheral/syspm/cy_syspm.h **** uint32_t Cy_SysPm_ReadStatus(void);
1601:Generated_Source\PSoC6\pdl\drivers/peripheral/syspm/cy_syspm.h **** /** \} group_syspm_functions_power_status */
ARM GAS  C:\Users\Finik\AppData\Local\Temp\ccXrCYub.s 			page 93


1602:Generated_Source\PSoC6\pdl\drivers/peripheral/syspm/cy_syspm.h **** 
1603:Generated_Source\PSoC6\pdl\drivers/peripheral/syspm/cy_syspm.h **** /**
1604:Generated_Source\PSoC6\pdl\drivers/peripheral/syspm/cy_syspm.h **** * \addtogroup group_syspm_functions_power
1605:Generated_Source\PSoC6\pdl\drivers/peripheral/syspm/cy_syspm.h **** * \{
1606:Generated_Source\PSoC6\pdl\drivers/peripheral/syspm/cy_syspm.h **** */
1607:Generated_Source\PSoC6\pdl\drivers/peripheral/syspm/cy_syspm.h **** cy_en_syspm_status_t Cy_SysPm_CpuEnterSleep(cy_en_syspm_waitfor_t waitFor);
1608:Generated_Source\PSoC6\pdl\drivers/peripheral/syspm/cy_syspm.h **** cy_en_syspm_status_t Cy_SysPm_CpuEnterDeepSleep(cy_en_syspm_waitfor_t waitFor);
1609:Generated_Source\PSoC6\pdl\drivers/peripheral/syspm/cy_syspm.h **** cy_en_syspm_status_t Cy_SysPm_SystemEnterLp(void);
1610:Generated_Source\PSoC6\pdl\drivers/peripheral/syspm/cy_syspm.h **** cy_en_syspm_status_t Cy_SysPm_SystemEnterUlp(void);
1611:Generated_Source\PSoC6\pdl\drivers/peripheral/syspm/cy_syspm.h **** cy_en_syspm_status_t Cy_SysPm_SystemEnterHibernate(void);
1612:Generated_Source\PSoC6\pdl\drivers/peripheral/syspm/cy_syspm.h **** 
1613:Generated_Source\PSoC6\pdl\drivers/peripheral/syspm/cy_syspm.h **** void Cy_SysPm_SetHibernateWakeupSource(uint32_t wakeupSource);
1614:Generated_Source\PSoC6\pdl\drivers/peripheral/syspm/cy_syspm.h **** void Cy_SysPm_ClearHibernateWakeupSource(uint32_t wakeupSource);
1615:Generated_Source\PSoC6\pdl\drivers/peripheral/syspm/cy_syspm.h **** 
1616:Generated_Source\PSoC6\pdl\drivers/peripheral/syspm/cy_syspm.h **** cy_en_syspm_status_t Cy_SysPm_SystemSetMinRegulatorCurrent(void);
1617:Generated_Source\PSoC6\pdl\drivers/peripheral/syspm/cy_syspm.h **** cy_en_syspm_status_t Cy_SysPm_SystemSetNormalRegulatorCurrent(void);
1618:Generated_Source\PSoC6\pdl\drivers/peripheral/syspm/cy_syspm.h **** __STATIC_INLINE bool Cy_SysPm_SystemIsMinRegulatorCurrentSet(void);
1619:Generated_Source\PSoC6\pdl\drivers/peripheral/syspm/cy_syspm.h **** 
1620:Generated_Source\PSoC6\pdl\drivers/peripheral/syspm/cy_syspm.h **** void Cy_SysPm_CpuSleepOnExit(bool enable);
1621:Generated_Source\PSoC6\pdl\drivers/peripheral/syspm/cy_syspm.h **** 
1622:Generated_Source\PSoC6\pdl\drivers/peripheral/syspm/cy_syspm.h **** __STATIC_INLINE void Cy_SysPm_CpuSendWakeupEvent(void);
1623:Generated_Source\PSoC6\pdl\drivers/peripheral/syspm/cy_syspm.h **** /** \} group_syspm_functions_power */
1624:Generated_Source\PSoC6\pdl\drivers/peripheral/syspm/cy_syspm.h **** 
1625:Generated_Source\PSoC6\pdl\drivers/peripheral/syspm/cy_syspm.h **** /**
1626:Generated_Source\PSoC6\pdl\drivers/peripheral/syspm/cy_syspm.h **** * \addtogroup group_syspm_functions_iofreeze
1627:Generated_Source\PSoC6\pdl\drivers/peripheral/syspm/cy_syspm.h **** * \{
1628:Generated_Source\PSoC6\pdl\drivers/peripheral/syspm/cy_syspm.h **** */
1629:Generated_Source\PSoC6\pdl\drivers/peripheral/syspm/cy_syspm.h **** 
1630:Generated_Source\PSoC6\pdl\drivers/peripheral/syspm/cy_syspm.h **** void Cy_SysPm_IoUnfreeze(void);
1631:Generated_Source\PSoC6\pdl\drivers/peripheral/syspm/cy_syspm.h **** __STATIC_INLINE bool Cy_SysPm_IoIsFrozen(void);
1632:Generated_Source\PSoC6\pdl\drivers/peripheral/syspm/cy_syspm.h **** /** \} group_syspm_functions_iofreeze */
1633:Generated_Source\PSoC6\pdl\drivers/peripheral/syspm/cy_syspm.h **** 
1634:Generated_Source\PSoC6\pdl\drivers/peripheral/syspm/cy_syspm.h **** /**
1635:Generated_Source\PSoC6\pdl\drivers/peripheral/syspm/cy_syspm.h **** * \addtogroup group_syspm_functions_ldo
1636:Generated_Source\PSoC6\pdl\drivers/peripheral/syspm/cy_syspm.h **** * \{
1637:Generated_Source\PSoC6\pdl\drivers/peripheral/syspm/cy_syspm.h **** */
1638:Generated_Source\PSoC6\pdl\drivers/peripheral/syspm/cy_syspm.h **** cy_en_syspm_status_t Cy_SysPm_LdoSetVoltage(cy_en_syspm_ldo_voltage_t voltage);
1639:Generated_Source\PSoC6\pdl\drivers/peripheral/syspm/cy_syspm.h **** __STATIC_INLINE cy_en_syspm_ldo_voltage_t Cy_SysPm_LdoGetVoltage(void);
1640:Generated_Source\PSoC6\pdl\drivers/peripheral/syspm/cy_syspm.h **** __STATIC_INLINE bool Cy_SysPm_LdoIsEnabled(void);
1641:Generated_Source\PSoC6\pdl\drivers/peripheral/syspm/cy_syspm.h **** cy_en_syspm_status_t Cy_SysPm_LdoSetMode(cy_en_syspm_ldo_mode_t mode);
1642:Generated_Source\PSoC6\pdl\drivers/peripheral/syspm/cy_syspm.h **** cy_en_syspm_ldo_mode_t Cy_SysPm_LdoGetMode(void);
1643:Generated_Source\PSoC6\pdl\drivers/peripheral/syspm/cy_syspm.h **** /** \} group_syspm_functions_ldo */
1644:Generated_Source\PSoC6\pdl\drivers/peripheral/syspm/cy_syspm.h **** 
1645:Generated_Source\PSoC6\pdl\drivers/peripheral/syspm/cy_syspm.h **** /**
1646:Generated_Source\PSoC6\pdl\drivers/peripheral/syspm/cy_syspm.h **** * \addtogroup group_syspm_functions_pmic
1647:Generated_Source\PSoC6\pdl\drivers/peripheral/syspm/cy_syspm.h **** * \{
1648:Generated_Source\PSoC6\pdl\drivers/peripheral/syspm/cy_syspm.h **** */
1649:Generated_Source\PSoC6\pdl\drivers/peripheral/syspm/cy_syspm.h **** __STATIC_INLINE void Cy_SysPm_PmicEnable(void);
1650:Generated_Source\PSoC6\pdl\drivers/peripheral/syspm/cy_syspm.h **** __STATIC_INLINE void Cy_SysPm_PmicDisable(cy_en_syspm_pmic_wakeup_polarity_t polarity); 
1651:Generated_Source\PSoC6\pdl\drivers/peripheral/syspm/cy_syspm.h **** __STATIC_INLINE bool Cy_SysPm_PmicIsEnabled(void);
1652:Generated_Source\PSoC6\pdl\drivers/peripheral/syspm/cy_syspm.h **** __STATIC_INLINE void Cy_SysPm_PmicAlwaysEnable(void);
1653:Generated_Source\PSoC6\pdl\drivers/peripheral/syspm/cy_syspm.h **** __STATIC_INLINE void Cy_SysPm_PmicEnableOutput(void);
1654:Generated_Source\PSoC6\pdl\drivers/peripheral/syspm/cy_syspm.h **** __STATIC_INLINE void Cy_SysPm_PmicDisableOutput(void); 
1655:Generated_Source\PSoC6\pdl\drivers/peripheral/syspm/cy_syspm.h **** __STATIC_INLINE bool Cy_SysPm_PmicIsOutputEnabled(void);
1656:Generated_Source\PSoC6\pdl\drivers/peripheral/syspm/cy_syspm.h **** __STATIC_INLINE void Cy_SysPm_PmicLock(void);
1657:Generated_Source\PSoC6\pdl\drivers/peripheral/syspm/cy_syspm.h **** __STATIC_INLINE void Cy_SysPm_PmicUnlock(void);
1658:Generated_Source\PSoC6\pdl\drivers/peripheral/syspm/cy_syspm.h **** __STATIC_INLINE bool Cy_SysPm_PmicIsLocked(void);
ARM GAS  C:\Users\Finik\AppData\Local\Temp\ccXrCYub.s 			page 94


1659:Generated_Source\PSoC6\pdl\drivers/peripheral/syspm/cy_syspm.h **** /** \} group_syspm_functions_pmic */
1660:Generated_Source\PSoC6\pdl\drivers/peripheral/syspm/cy_syspm.h **** 
1661:Generated_Source\PSoC6\pdl\drivers/peripheral/syspm/cy_syspm.h **** /**
1662:Generated_Source\PSoC6\pdl\drivers/peripheral/syspm/cy_syspm.h **** * \addtogroup group_syspm_functions_backup
1663:Generated_Source\PSoC6\pdl\drivers/peripheral/syspm/cy_syspm.h **** * \{
1664:Generated_Source\PSoC6\pdl\drivers/peripheral/syspm/cy_syspm.h **** */
1665:Generated_Source\PSoC6\pdl\drivers/peripheral/syspm/cy_syspm.h **** __STATIC_INLINE void Cy_SysPm_BackupSetSupply(cy_en_syspm_vddbackup_control_t vddBackControl);
1666:Generated_Source\PSoC6\pdl\drivers/peripheral/syspm/cy_syspm.h **** __STATIC_INLINE cy_en_syspm_vddbackup_control_t Cy_SysPm_BackupGetSupply(void);
1667:Generated_Source\PSoC6\pdl\drivers/peripheral/syspm/cy_syspm.h **** __STATIC_INLINE void Cy_SysPm_BackupEnableVoltageMeasurement(void);
1668:Generated_Source\PSoC6\pdl\drivers/peripheral/syspm/cy_syspm.h **** __STATIC_INLINE void Cy_SysPm_BackupDisableVoltageMeasurement(void);
1669:Generated_Source\PSoC6\pdl\drivers/peripheral/syspm/cy_syspm.h **** __STATIC_INLINE void Cy_SysPm_BackupSuperCapCharge(cy_en_syspm_sc_charge_key_t key);
1670:Generated_Source\PSoC6\pdl\drivers/peripheral/syspm/cy_syspm.h **** /** \} group_syspm_functions_backup */
1671:Generated_Source\PSoC6\pdl\drivers/peripheral/syspm/cy_syspm.h **** 
1672:Generated_Source\PSoC6\pdl\drivers/peripheral/syspm/cy_syspm.h **** /**
1673:Generated_Source\PSoC6\pdl\drivers/peripheral/syspm/cy_syspm.h **** * \addtogroup group_syspm_functions_buck
1674:Generated_Source\PSoC6\pdl\drivers/peripheral/syspm/cy_syspm.h **** * \{
1675:Generated_Source\PSoC6\pdl\drivers/peripheral/syspm/cy_syspm.h **** */
1676:Generated_Source\PSoC6\pdl\drivers/peripheral/syspm/cy_syspm.h **** cy_en_syspm_status_t Cy_SysPm_BuckEnable(cy_en_syspm_buck_voltage1_t voltage);
1677:Generated_Source\PSoC6\pdl\drivers/peripheral/syspm/cy_syspm.h **** __STATIC_INLINE bool Cy_SysPm_BuckIsEnabled(void);
1678:Generated_Source\PSoC6\pdl\drivers/peripheral/syspm/cy_syspm.h **** cy_en_syspm_status_t Cy_SysPm_BuckSetVoltage1(cy_en_syspm_buck_voltage1_t voltage);
1679:Generated_Source\PSoC6\pdl\drivers/peripheral/syspm/cy_syspm.h **** __STATIC_INLINE cy_en_syspm_buck_voltage1_t Cy_SysPm_BuckGetVoltage1(void);
1680:Generated_Source\PSoC6\pdl\drivers/peripheral/syspm/cy_syspm.h **** void Cy_SysPm_BuckSetVoltage2(cy_en_syspm_buck_voltage2_t voltage, bool waitToSettle);
1681:Generated_Source\PSoC6\pdl\drivers/peripheral/syspm/cy_syspm.h **** __STATIC_INLINE cy_en_syspm_buck_voltage2_t Cy_SysPm_BuckGetVoltage2(void);
1682:Generated_Source\PSoC6\pdl\drivers/peripheral/syspm/cy_syspm.h **** void Cy_SysPm_BuckEnableVoltage2(void);
1683:Generated_Source\PSoC6\pdl\drivers/peripheral/syspm/cy_syspm.h **** __STATIC_INLINE void Cy_SysPm_BuckDisableVoltage2(void);
1684:Generated_Source\PSoC6\pdl\drivers/peripheral/syspm/cy_syspm.h **** __STATIC_INLINE void Cy_SysPm_BuckSetVoltage2HwControl(bool hwControl);
1685:Generated_Source\PSoC6\pdl\drivers/peripheral/syspm/cy_syspm.h **** __STATIC_INLINE bool Cy_SysPm_BuckIsVoltage2HwControlled(void);
1686:Generated_Source\PSoC6\pdl\drivers/peripheral/syspm/cy_syspm.h **** bool Cy_SysPm_BuckIsOutputEnabled(cy_en_syspm_buck_out_t output);
1687:Generated_Source\PSoC6\pdl\drivers/peripheral/syspm/cy_syspm.h **** /** \} group_syspm_functions_buck */
1688:Generated_Source\PSoC6\pdl\drivers/peripheral/syspm/cy_syspm.h **** 
1689:Generated_Source\PSoC6\pdl\drivers/peripheral/syspm/cy_syspm.h **** /**
1690:Generated_Source\PSoC6\pdl\drivers/peripheral/syspm/cy_syspm.h **** * \addtogroup group_syspm_functions_callback
1691:Generated_Source\PSoC6\pdl\drivers/peripheral/syspm/cy_syspm.h **** * \{
1692:Generated_Source\PSoC6\pdl\drivers/peripheral/syspm/cy_syspm.h **** */
1693:Generated_Source\PSoC6\pdl\drivers/peripheral/syspm/cy_syspm.h **** bool Cy_SysPm_RegisterCallback(cy_stc_syspm_callback_t *handler);
1694:Generated_Source\PSoC6\pdl\drivers/peripheral/syspm/cy_syspm.h **** bool Cy_SysPm_UnregisterCallback(cy_stc_syspm_callback_t const *handler);
1695:Generated_Source\PSoC6\pdl\drivers/peripheral/syspm/cy_syspm.h **** cy_en_syspm_status_t Cy_SysPm_ExecuteCallback(cy_en_syspm_callback_type_t type, cy_en_syspm_callbac
1696:Generated_Source\PSoC6\pdl\drivers/peripheral/syspm/cy_syspm.h **** /** \} group_syspm_functions_callback */
1697:Generated_Source\PSoC6\pdl\drivers/peripheral/syspm/cy_syspm.h **** 
1698:Generated_Source\PSoC6\pdl\drivers/peripheral/syspm/cy_syspm.h **** 
1699:Generated_Source\PSoC6\pdl\drivers/peripheral/syspm/cy_syspm.h **** /**
1700:Generated_Source\PSoC6\pdl\drivers/peripheral/syspm/cy_syspm.h **** * \addtogroup group_syspm_functions_power_status
1701:Generated_Source\PSoC6\pdl\drivers/peripheral/syspm/cy_syspm.h **** * \{
1702:Generated_Source\PSoC6\pdl\drivers/peripheral/syspm/cy_syspm.h **** */
1703:Generated_Source\PSoC6\pdl\drivers/peripheral/syspm/cy_syspm.h **** /*******************************************************************************
1704:Generated_Source\PSoC6\pdl\drivers/peripheral/syspm/cy_syspm.h **** * Function Name: Cy_SysPm_Cm4IsActive
1705:Generated_Source\PSoC6\pdl\drivers/peripheral/syspm/cy_syspm.h **** ****************************************************************************//**
1706:Generated_Source\PSoC6\pdl\drivers/peripheral/syspm/cy_syspm.h **** *
1707:Generated_Source\PSoC6\pdl\drivers/peripheral/syspm/cy_syspm.h **** * Checks if CM4 is in CPU Active mode.
1708:Generated_Source\PSoC6\pdl\drivers/peripheral/syspm/cy_syspm.h **** *
1709:Generated_Source\PSoC6\pdl\drivers/peripheral/syspm/cy_syspm.h **** * \return
1710:Generated_Source\PSoC6\pdl\drivers/peripheral/syspm/cy_syspm.h **** * - True if CM4 is in CPU Active mode.
1711:Generated_Source\PSoC6\pdl\drivers/peripheral/syspm/cy_syspm.h **** * - False if the CM4 is not in CPU Active mode.
1712:Generated_Source\PSoC6\pdl\drivers/peripheral/syspm/cy_syspm.h **** *
1713:Generated_Source\PSoC6\pdl\drivers/peripheral/syspm/cy_syspm.h **** * \funcusage
1714:Generated_Source\PSoC6\pdl\drivers/peripheral/syspm/cy_syspm.h **** * \snippet syspm/4.0/snippet/main.c snippet_Cy_SysPm_Cm4IsActive
1715:Generated_Source\PSoC6\pdl\drivers/peripheral/syspm/cy_syspm.h **** *
ARM GAS  C:\Users\Finik\AppData\Local\Temp\ccXrCYub.s 			page 95


1716:Generated_Source\PSoC6\pdl\drivers/peripheral/syspm/cy_syspm.h **** *******************************************************************************/
1717:Generated_Source\PSoC6\pdl\drivers/peripheral/syspm/cy_syspm.h **** __STATIC_INLINE bool Cy_SysPm_Cm4IsActive(void)
1718:Generated_Source\PSoC6\pdl\drivers/peripheral/syspm/cy_syspm.h **** {
1719:Generated_Source\PSoC6\pdl\drivers/peripheral/syspm/cy_syspm.h ****     return ((Cy_SysPm_ReadStatus() & CY_SYSPM_STATUS_CM4_ACTIVE) != 0U);
1720:Generated_Source\PSoC6\pdl\drivers/peripheral/syspm/cy_syspm.h **** }
1721:Generated_Source\PSoC6\pdl\drivers/peripheral/syspm/cy_syspm.h **** 
1722:Generated_Source\PSoC6\pdl\drivers/peripheral/syspm/cy_syspm.h **** 
1723:Generated_Source\PSoC6\pdl\drivers/peripheral/syspm/cy_syspm.h **** /*******************************************************************************
1724:Generated_Source\PSoC6\pdl\drivers/peripheral/syspm/cy_syspm.h **** * Function Name: Cy_SysPm_Cm4IsSleep
1725:Generated_Source\PSoC6\pdl\drivers/peripheral/syspm/cy_syspm.h **** ****************************************************************************//**
1726:Generated_Source\PSoC6\pdl\drivers/peripheral/syspm/cy_syspm.h **** *
1727:Generated_Source\PSoC6\pdl\drivers/peripheral/syspm/cy_syspm.h **** * Checks if the CM4 is in CPU Sleep mode.
1728:Generated_Source\PSoC6\pdl\drivers/peripheral/syspm/cy_syspm.h **** *
1729:Generated_Source\PSoC6\pdl\drivers/peripheral/syspm/cy_syspm.h **** * \return
1730:Generated_Source\PSoC6\pdl\drivers/peripheral/syspm/cy_syspm.h **** * - True if the CM4 is in CPU Sleep mode.
1731:Generated_Source\PSoC6\pdl\drivers/peripheral/syspm/cy_syspm.h **** * - False if the CM4 is not in CPU Sleep mode.
1732:Generated_Source\PSoC6\pdl\drivers/peripheral/syspm/cy_syspm.h **** *
1733:Generated_Source\PSoC6\pdl\drivers/peripheral/syspm/cy_syspm.h **** * \funcusage
1734:Generated_Source\PSoC6\pdl\drivers/peripheral/syspm/cy_syspm.h **** * \snippet syspm/4.0/snippet/main.c snippet_Cy_SysPm_Cm4IsSleep
1735:Generated_Source\PSoC6\pdl\drivers/peripheral/syspm/cy_syspm.h **** *
1736:Generated_Source\PSoC6\pdl\drivers/peripheral/syspm/cy_syspm.h **** *******************************************************************************/
1737:Generated_Source\PSoC6\pdl\drivers/peripheral/syspm/cy_syspm.h **** __STATIC_INLINE bool Cy_SysPm_Cm4IsSleep(void)
1738:Generated_Source\PSoC6\pdl\drivers/peripheral/syspm/cy_syspm.h **** {
1739:Generated_Source\PSoC6\pdl\drivers/peripheral/syspm/cy_syspm.h ****     return ((Cy_SysPm_ReadStatus() & CY_SYSPM_STATUS_CM4_SLEEP) != 0U);
1740:Generated_Source\PSoC6\pdl\drivers/peripheral/syspm/cy_syspm.h **** }
1741:Generated_Source\PSoC6\pdl\drivers/peripheral/syspm/cy_syspm.h **** 
1742:Generated_Source\PSoC6\pdl\drivers/peripheral/syspm/cy_syspm.h **** 
1743:Generated_Source\PSoC6\pdl\drivers/peripheral/syspm/cy_syspm.h **** /*******************************************************************************
1744:Generated_Source\PSoC6\pdl\drivers/peripheral/syspm/cy_syspm.h **** * Function Name: Cy_SysPm_Cm4IsDeepSleep
1745:Generated_Source\PSoC6\pdl\drivers/peripheral/syspm/cy_syspm.h **** ****************************************************************************//**
1746:Generated_Source\PSoC6\pdl\drivers/peripheral/syspm/cy_syspm.h **** *
1747:Generated_Source\PSoC6\pdl\drivers/peripheral/syspm/cy_syspm.h **** * Checks if the CM4 is in the CPU Deep Sleep mode.
1748:Generated_Source\PSoC6\pdl\drivers/peripheral/syspm/cy_syspm.h **** *
1749:Generated_Source\PSoC6\pdl\drivers/peripheral/syspm/cy_syspm.h **** * \return
1750:Generated_Source\PSoC6\pdl\drivers/peripheral/syspm/cy_syspm.h **** * - True if CM4 is in CPU Deep Sleep mode.
1751:Generated_Source\PSoC6\pdl\drivers/peripheral/syspm/cy_syspm.h **** * - False if the CM4 is not CPU in Deep Sleep mode.
1752:Generated_Source\PSoC6\pdl\drivers/peripheral/syspm/cy_syspm.h **** *
1753:Generated_Source\PSoC6\pdl\drivers/peripheral/syspm/cy_syspm.h **** * \funcusage
1754:Generated_Source\PSoC6\pdl\drivers/peripheral/syspm/cy_syspm.h **** * \snippet syspm/4.0/snippet/main.c snippet_Cy_SysPm_Cm4IsDeepSleep
1755:Generated_Source\PSoC6\pdl\drivers/peripheral/syspm/cy_syspm.h **** *
1756:Generated_Source\PSoC6\pdl\drivers/peripheral/syspm/cy_syspm.h **** *******************************************************************************/
1757:Generated_Source\PSoC6\pdl\drivers/peripheral/syspm/cy_syspm.h **** __STATIC_INLINE bool Cy_SysPm_Cm4IsDeepSleep(void)
1758:Generated_Source\PSoC6\pdl\drivers/peripheral/syspm/cy_syspm.h **** {
1759:Generated_Source\PSoC6\pdl\drivers/peripheral/syspm/cy_syspm.h ****     return ((Cy_SysPm_ReadStatus() & CY_SYSPM_STATUS_CM4_DEEPSLEEP) != 0U);
1760:Generated_Source\PSoC6\pdl\drivers/peripheral/syspm/cy_syspm.h **** }
1761:Generated_Source\PSoC6\pdl\drivers/peripheral/syspm/cy_syspm.h **** 
1762:Generated_Source\PSoC6\pdl\drivers/peripheral/syspm/cy_syspm.h **** 
1763:Generated_Source\PSoC6\pdl\drivers/peripheral/syspm/cy_syspm.h **** /*******************************************************************************
1764:Generated_Source\PSoC6\pdl\drivers/peripheral/syspm/cy_syspm.h **** * Function Name: Cy_SysPm_Cm0IsActive
1765:Generated_Source\PSoC6\pdl\drivers/peripheral/syspm/cy_syspm.h **** ****************************************************************************//**
1766:Generated_Source\PSoC6\pdl\drivers/peripheral/syspm/cy_syspm.h **** *
1767:Generated_Source\PSoC6\pdl\drivers/peripheral/syspm/cy_syspm.h **** * Checks if the CM0+ is in CPU Active mode.
1768:Generated_Source\PSoC6\pdl\drivers/peripheral/syspm/cy_syspm.h **** *
1769:Generated_Source\PSoC6\pdl\drivers/peripheral/syspm/cy_syspm.h **** * \return
1770:Generated_Source\PSoC6\pdl\drivers/peripheral/syspm/cy_syspm.h **** * - True if the CM0+ is in CPU Sleep mode.
1771:Generated_Source\PSoC6\pdl\drivers/peripheral/syspm/cy_syspm.h **** * - False if the CM0+ is not in CPU Sleep mode.
1772:Generated_Source\PSoC6\pdl\drivers/peripheral/syspm/cy_syspm.h **** *
ARM GAS  C:\Users\Finik\AppData\Local\Temp\ccXrCYub.s 			page 96


1773:Generated_Source\PSoC6\pdl\drivers/peripheral/syspm/cy_syspm.h **** * \funcusage
1774:Generated_Source\PSoC6\pdl\drivers/peripheral/syspm/cy_syspm.h **** * \snippet syspm/4.0/snippet/main.c snippet_Cy_SysPm_Cm0IsActive
1775:Generated_Source\PSoC6\pdl\drivers/peripheral/syspm/cy_syspm.h **** *
1776:Generated_Source\PSoC6\pdl\drivers/peripheral/syspm/cy_syspm.h **** *******************************************************************************/
1777:Generated_Source\PSoC6\pdl\drivers/peripheral/syspm/cy_syspm.h **** __STATIC_INLINE bool Cy_SysPm_Cm0IsActive(void)
1778:Generated_Source\PSoC6\pdl\drivers/peripheral/syspm/cy_syspm.h **** {
1779:Generated_Source\PSoC6\pdl\drivers/peripheral/syspm/cy_syspm.h ****     return ((Cy_SysPm_ReadStatus() & CY_SYSPM_STATUS_CM0_ACTIVE) != 0U);
1780:Generated_Source\PSoC6\pdl\drivers/peripheral/syspm/cy_syspm.h **** }
1781:Generated_Source\PSoC6\pdl\drivers/peripheral/syspm/cy_syspm.h **** 
1782:Generated_Source\PSoC6\pdl\drivers/peripheral/syspm/cy_syspm.h **** 
1783:Generated_Source\PSoC6\pdl\drivers/peripheral/syspm/cy_syspm.h **** /*******************************************************************************
1784:Generated_Source\PSoC6\pdl\drivers/peripheral/syspm/cy_syspm.h **** * Function Name: Cy_SysPm_Cm0IsSleep
1785:Generated_Source\PSoC6\pdl\drivers/peripheral/syspm/cy_syspm.h **** ****************************************************************************//**
1786:Generated_Source\PSoC6\pdl\drivers/peripheral/syspm/cy_syspm.h **** *
1787:Generated_Source\PSoC6\pdl\drivers/peripheral/syspm/cy_syspm.h **** * Checks if the CM0+ is in CPU Sleep mode.
1788:Generated_Source\PSoC6\pdl\drivers/peripheral/syspm/cy_syspm.h **** *
1789:Generated_Source\PSoC6\pdl\drivers/peripheral/syspm/cy_syspm.h **** * \return
1790:Generated_Source\PSoC6\pdl\drivers/peripheral/syspm/cy_syspm.h **** * - True if the CM0+ is in CPU Sleep mode.
1791:Generated_Source\PSoC6\pdl\drivers/peripheral/syspm/cy_syspm.h **** * - False if the CM0+ is not in CPU Sleep mode.
1792:Generated_Source\PSoC6\pdl\drivers/peripheral/syspm/cy_syspm.h **** *
1793:Generated_Source\PSoC6\pdl\drivers/peripheral/syspm/cy_syspm.h **** * \funcusage
1794:Generated_Source\PSoC6\pdl\drivers/peripheral/syspm/cy_syspm.h **** * \snippet syspm/4.0/snippet/main.c snippet_Cy_SysPm_Cm0IsSleep
1795:Generated_Source\PSoC6\pdl\drivers/peripheral/syspm/cy_syspm.h **** *
1796:Generated_Source\PSoC6\pdl\drivers/peripheral/syspm/cy_syspm.h **** *******************************************************************************/
1797:Generated_Source\PSoC6\pdl\drivers/peripheral/syspm/cy_syspm.h **** __STATIC_INLINE bool Cy_SysPm_Cm0IsSleep(void)
1798:Generated_Source\PSoC6\pdl\drivers/peripheral/syspm/cy_syspm.h **** {
1799:Generated_Source\PSoC6\pdl\drivers/peripheral/syspm/cy_syspm.h ****     return((Cy_SysPm_ReadStatus() & CY_SYSPM_STATUS_CM0_SLEEP) != 0U);
1800:Generated_Source\PSoC6\pdl\drivers/peripheral/syspm/cy_syspm.h **** }
1801:Generated_Source\PSoC6\pdl\drivers/peripheral/syspm/cy_syspm.h **** 
1802:Generated_Source\PSoC6\pdl\drivers/peripheral/syspm/cy_syspm.h **** 
1803:Generated_Source\PSoC6\pdl\drivers/peripheral/syspm/cy_syspm.h **** /*******************************************************************************
1804:Generated_Source\PSoC6\pdl\drivers/peripheral/syspm/cy_syspm.h **** * Function Name: Cy_SysPm_Cm0IsDeepSleep
1805:Generated_Source\PSoC6\pdl\drivers/peripheral/syspm/cy_syspm.h **** ****************************************************************************//**
1806:Generated_Source\PSoC6\pdl\drivers/peripheral/syspm/cy_syspm.h **** *
1807:Generated_Source\PSoC6\pdl\drivers/peripheral/syspm/cy_syspm.h **** * Checks if the CM0+ is in CPU Deep Sleep mode.
1808:Generated_Source\PSoC6\pdl\drivers/peripheral/syspm/cy_syspm.h **** *
1809:Generated_Source\PSoC6\pdl\drivers/peripheral/syspm/cy_syspm.h **** * \return
1810:Generated_Source\PSoC6\pdl\drivers/peripheral/syspm/cy_syspm.h **** * - True if the CM0+ is in CPU Deep Sleep mode
1811:Generated_Source\PSoC6\pdl\drivers/peripheral/syspm/cy_syspm.h **** * - False if the CM0+ is not in CPU Deep Sleep mode
1812:Generated_Source\PSoC6\pdl\drivers/peripheral/syspm/cy_syspm.h **** *
1813:Generated_Source\PSoC6\pdl\drivers/peripheral/syspm/cy_syspm.h **** * \funcusage
1814:Generated_Source\PSoC6\pdl\drivers/peripheral/syspm/cy_syspm.h **** * \snippet syspm/4.0/snippet/main.c snippet_Cy_SysPm_Cm0IsDeepSleep
1815:Generated_Source\PSoC6\pdl\drivers/peripheral/syspm/cy_syspm.h **** *
1816:Generated_Source\PSoC6\pdl\drivers/peripheral/syspm/cy_syspm.h **** *******************************************************************************/
1817:Generated_Source\PSoC6\pdl\drivers/peripheral/syspm/cy_syspm.h **** __STATIC_INLINE bool Cy_SysPm_Cm0IsDeepSleep(void)
1818:Generated_Source\PSoC6\pdl\drivers/peripheral/syspm/cy_syspm.h **** {
1819:Generated_Source\PSoC6\pdl\drivers/peripheral/syspm/cy_syspm.h ****     return((Cy_SysPm_ReadStatus() & CY_SYSPM_STATUS_CM0_DEEPSLEEP) != 0U);
1820:Generated_Source\PSoC6\pdl\drivers/peripheral/syspm/cy_syspm.h **** }
1821:Generated_Source\PSoC6\pdl\drivers/peripheral/syspm/cy_syspm.h **** 
1822:Generated_Source\PSoC6\pdl\drivers/peripheral/syspm/cy_syspm.h **** 
1823:Generated_Source\PSoC6\pdl\drivers/peripheral/syspm/cy_syspm.h **** /*******************************************************************************
1824:Generated_Source\PSoC6\pdl\drivers/peripheral/syspm/cy_syspm.h **** * Function Name: Cy_SysPm_IsSystemLp
1825:Generated_Source\PSoC6\pdl\drivers/peripheral/syspm/cy_syspm.h **** ****************************************************************************//**
1826:Generated_Source\PSoC6\pdl\drivers/peripheral/syspm/cy_syspm.h **** *
1827:Generated_Source\PSoC6\pdl\drivers/peripheral/syspm/cy_syspm.h **** * Checks if the system is in LP mode.
1828:Generated_Source\PSoC6\pdl\drivers/peripheral/syspm/cy_syspm.h **** *
1829:Generated_Source\PSoC6\pdl\drivers/peripheral/syspm/cy_syspm.h **** * \return
ARM GAS  C:\Users\Finik\AppData\Local\Temp\ccXrCYub.s 			page 97


1830:Generated_Source\PSoC6\pdl\drivers/peripheral/syspm/cy_syspm.h **** * - True the system is in LP mode.
1831:Generated_Source\PSoC6\pdl\drivers/peripheral/syspm/cy_syspm.h **** * - False the system is not in LP mode.
1832:Generated_Source\PSoC6\pdl\drivers/peripheral/syspm/cy_syspm.h **** *
1833:Generated_Source\PSoC6\pdl\drivers/peripheral/syspm/cy_syspm.h **** * \funcusage
1834:Generated_Source\PSoC6\pdl\drivers/peripheral/syspm/cy_syspm.h **** * \snippet syspm/4.0/snippet/main.c snippet_Cy_SysPm_IsSystemLp
1835:Generated_Source\PSoC6\pdl\drivers/peripheral/syspm/cy_syspm.h **** *
1836:Generated_Source\PSoC6\pdl\drivers/peripheral/syspm/cy_syspm.h **** *******************************************************************************/
1837:Generated_Source\PSoC6\pdl\drivers/peripheral/syspm/cy_syspm.h **** __STATIC_INLINE bool Cy_SysPm_IsSystemLp(void)
1838:Generated_Source\PSoC6\pdl\drivers/peripheral/syspm/cy_syspm.h **** {
1839:Generated_Source\PSoC6\pdl\drivers/peripheral/syspm/cy_syspm.h ****     return((Cy_SysPm_ReadStatus() & CY_SYSPM_STATUS_SYSTEM_LP) != 0U);
1840:Generated_Source\PSoC6\pdl\drivers/peripheral/syspm/cy_syspm.h **** }
1841:Generated_Source\PSoC6\pdl\drivers/peripheral/syspm/cy_syspm.h **** 
1842:Generated_Source\PSoC6\pdl\drivers/peripheral/syspm/cy_syspm.h **** 
1843:Generated_Source\PSoC6\pdl\drivers/peripheral/syspm/cy_syspm.h **** /*******************************************************************************
1844:Generated_Source\PSoC6\pdl\drivers/peripheral/syspm/cy_syspm.h **** * Function Name: Cy_SysPm_IsSystemUlp
1845:Generated_Source\PSoC6\pdl\drivers/peripheral/syspm/cy_syspm.h **** ****************************************************************************//**
1846:Generated_Source\PSoC6\pdl\drivers/peripheral/syspm/cy_syspm.h **** *
1847:Generated_Source\PSoC6\pdl\drivers/peripheral/syspm/cy_syspm.h **** * Checks if the system is in ULP mode.
1848:Generated_Source\PSoC6\pdl\drivers/peripheral/syspm/cy_syspm.h **** *
1849:Generated_Source\PSoC6\pdl\drivers/peripheral/syspm/cy_syspm.h **** * \return
1850:Generated_Source\PSoC6\pdl\drivers/peripheral/syspm/cy_syspm.h **** * - True the system is in ULP mode.
1851:Generated_Source\PSoC6\pdl\drivers/peripheral/syspm/cy_syspm.h **** * - False the system is is not ULP mode.
1852:Generated_Source\PSoC6\pdl\drivers/peripheral/syspm/cy_syspm.h **** *
1853:Generated_Source\PSoC6\pdl\drivers/peripheral/syspm/cy_syspm.h **** * \funcusage
1854:Generated_Source\PSoC6\pdl\drivers/peripheral/syspm/cy_syspm.h **** * \snippet syspm/4.0/snippet/main.c snippet_Cy_SysPm_IsSystemUlp
1855:Generated_Source\PSoC6\pdl\drivers/peripheral/syspm/cy_syspm.h **** *
1856:Generated_Source\PSoC6\pdl\drivers/peripheral/syspm/cy_syspm.h **** *******************************************************************************/
1857:Generated_Source\PSoC6\pdl\drivers/peripheral/syspm/cy_syspm.h **** __STATIC_INLINE bool Cy_SysPm_IsSystemUlp(void)
1858:Generated_Source\PSoC6\pdl\drivers/peripheral/syspm/cy_syspm.h **** {
1859:Generated_Source\PSoC6\pdl\drivers/peripheral/syspm/cy_syspm.h ****     return((Cy_SysPm_ReadStatus() & CY_SYSPM_STATUS_SYSTEM_ULP) != 0U);
1860:Generated_Source\PSoC6\pdl\drivers/peripheral/syspm/cy_syspm.h **** }
1861:Generated_Source\PSoC6\pdl\drivers/peripheral/syspm/cy_syspm.h **** /** \} group_syspm_functions_power_status */
1862:Generated_Source\PSoC6\pdl\drivers/peripheral/syspm/cy_syspm.h **** 
1863:Generated_Source\PSoC6\pdl\drivers/peripheral/syspm/cy_syspm.h **** 
1864:Generated_Source\PSoC6\pdl\drivers/peripheral/syspm/cy_syspm.h **** /**
1865:Generated_Source\PSoC6\pdl\drivers/peripheral/syspm/cy_syspm.h **** * \addtogroup group_syspm_functions_power
1866:Generated_Source\PSoC6\pdl\drivers/peripheral/syspm/cy_syspm.h **** * \{
1867:Generated_Source\PSoC6\pdl\drivers/peripheral/syspm/cy_syspm.h **** */
1868:Generated_Source\PSoC6\pdl\drivers/peripheral/syspm/cy_syspm.h **** /*******************************************************************************
1869:Generated_Source\PSoC6\pdl\drivers/peripheral/syspm/cy_syspm.h **** * Function Name: Cy_SysPm_CpuSendWakeupEvent
1870:Generated_Source\PSoC6\pdl\drivers/peripheral/syspm/cy_syspm.h **** ****************************************************************************//**
1871:Generated_Source\PSoC6\pdl\drivers/peripheral/syspm/cy_syspm.h **** *
1872:Generated_Source\PSoC6\pdl\drivers/peripheral/syspm/cy_syspm.h **** * Sends the SEV (Send Event) ARM instruction to the system.
1873:Generated_Source\PSoC6\pdl\drivers/peripheral/syspm/cy_syspm.h **** *
1874:Generated_Source\PSoC6\pdl\drivers/peripheral/syspm/cy_syspm.h **** * \funcusage
1875:Generated_Source\PSoC6\pdl\drivers/peripheral/syspm/cy_syspm.h **** * \snippet syspm/4.0/snippet/main.c snippet_Cy_SysPm_CpuSendWakeupEvent
1876:Generated_Source\PSoC6\pdl\drivers/peripheral/syspm/cy_syspm.h **** *
1877:Generated_Source\PSoC6\pdl\drivers/peripheral/syspm/cy_syspm.h **** *******************************************************************************/
1878:Generated_Source\PSoC6\pdl\drivers/peripheral/syspm/cy_syspm.h **** __STATIC_INLINE void Cy_SysPm_CpuSendWakeupEvent(void)
1879:Generated_Source\PSoC6\pdl\drivers/peripheral/syspm/cy_syspm.h **** {
1880:Generated_Source\PSoC6\pdl\drivers/peripheral/syspm/cy_syspm.h ****     __SEV();
1881:Generated_Source\PSoC6\pdl\drivers/peripheral/syspm/cy_syspm.h **** }
1882:Generated_Source\PSoC6\pdl\drivers/peripheral/syspm/cy_syspm.h **** 
1883:Generated_Source\PSoC6\pdl\drivers/peripheral/syspm/cy_syspm.h **** 
1884:Generated_Source\PSoC6\pdl\drivers/peripheral/syspm/cy_syspm.h **** /*******************************************************************************
1885:Generated_Source\PSoC6\pdl\drivers/peripheral/syspm/cy_syspm.h **** * Function Name: Cy_SysPm_SystemIsMinRegulatorCurrentSet
1886:Generated_Source\PSoC6\pdl\drivers/peripheral/syspm/cy_syspm.h **** ****************************************************************************//**
ARM GAS  C:\Users\Finik\AppData\Local\Temp\ccXrCYub.s 			page 98


1887:Generated_Source\PSoC6\pdl\drivers/peripheral/syspm/cy_syspm.h **** *
1888:Generated_Source\PSoC6\pdl\drivers/peripheral/syspm/cy_syspm.h **** * Check whether the system regulator is set to minimal current mode.
1889:Generated_Source\PSoC6\pdl\drivers/peripheral/syspm/cy_syspm.h **** *
1890:Generated_Source\PSoC6\pdl\drivers/peripheral/syspm/cy_syspm.h **** * \return
1891:Generated_Source\PSoC6\pdl\drivers/peripheral/syspm/cy_syspm.h **** * - True - system is in regulator minimum current mode.
1892:Generated_Source\PSoC6\pdl\drivers/peripheral/syspm/cy_syspm.h **** * - False - system is in normal regulator current mode.
1893:Generated_Source\PSoC6\pdl\drivers/peripheral/syspm/cy_syspm.h **** *
1894:Generated_Source\PSoC6\pdl\drivers/peripheral/syspm/cy_syspm.h **** * \funcusage
1895:Generated_Source\PSoC6\pdl\drivers/peripheral/syspm/cy_syspm.h **** * \snippet syspm/4.0/snippet/main.c snippet_Cy_SysPm_SystemSetNormalRegulatorCurrent
1896:Generated_Source\PSoC6\pdl\drivers/peripheral/syspm/cy_syspm.h **** *
1897:Generated_Source\PSoC6\pdl\drivers/peripheral/syspm/cy_syspm.h **** *******************************************************************************/
1898:Generated_Source\PSoC6\pdl\drivers/peripheral/syspm/cy_syspm.h **** __STATIC_INLINE bool Cy_SysPm_SystemIsMinRegulatorCurrentSet(void)
1899:Generated_Source\PSoC6\pdl\drivers/peripheral/syspm/cy_syspm.h **** {
1900:Generated_Source\PSoC6\pdl\drivers/peripheral/syspm/cy_syspm.h ****     uint32_t regMask = Cy_SysPm_LdoIsEnabled() ? CY_SYSPM_PWR_CIRCUITS_LPMODE_ACTIVE_LDO_MASK : CY_
1901:Generated_Source\PSoC6\pdl\drivers/peripheral/syspm/cy_syspm.h **** 
1902:Generated_Source\PSoC6\pdl\drivers/peripheral/syspm/cy_syspm.h ****     return ((SRSS_PWR_CTL & regMask) == regMask);
1903:Generated_Source\PSoC6\pdl\drivers/peripheral/syspm/cy_syspm.h **** }
1904:Generated_Source\PSoC6\pdl\drivers/peripheral/syspm/cy_syspm.h **** /** \} group_syspm_functions_power */
1905:Generated_Source\PSoC6\pdl\drivers/peripheral/syspm/cy_syspm.h **** 
1906:Generated_Source\PSoC6\pdl\drivers/peripheral/syspm/cy_syspm.h **** 
1907:Generated_Source\PSoC6\pdl\drivers/peripheral/syspm/cy_syspm.h **** /**
1908:Generated_Source\PSoC6\pdl\drivers/peripheral/syspm/cy_syspm.h **** * \addtogroup group_syspm_functions_buck
1909:Generated_Source\PSoC6\pdl\drivers/peripheral/syspm/cy_syspm.h **** * \{
1910:Generated_Source\PSoC6\pdl\drivers/peripheral/syspm/cy_syspm.h **** */
1911:Generated_Source\PSoC6\pdl\drivers/peripheral/syspm/cy_syspm.h **** /*******************************************************************************
1912:Generated_Source\PSoC6\pdl\drivers/peripheral/syspm/cy_syspm.h **** * Function Name: Cy_SysPm_BuckIsEnabled
1913:Generated_Source\PSoC6\pdl\drivers/peripheral/syspm/cy_syspm.h **** ****************************************************************************//**
1914:Generated_Source\PSoC6\pdl\drivers/peripheral/syspm/cy_syspm.h **** *
1915:Generated_Source\PSoC6\pdl\drivers/peripheral/syspm/cy_syspm.h **** * Get the current status of the Buck regulator.
1916:Generated_Source\PSoC6\pdl\drivers/peripheral/syspm/cy_syspm.h **** *
1917:Generated_Source\PSoC6\pdl\drivers/peripheral/syspm/cy_syspm.h **** * \return
1918:Generated_Source\PSoC6\pdl\drivers/peripheral/syspm/cy_syspm.h **** * - True if the Buck regulator is enabled.
1919:Generated_Source\PSoC6\pdl\drivers/peripheral/syspm/cy_syspm.h **** * - False if it is disabled.
1920:Generated_Source\PSoC6\pdl\drivers/peripheral/syspm/cy_syspm.h **** *
1921:Generated_Source\PSoC6\pdl\drivers/peripheral/syspm/cy_syspm.h **** * \funcusage
1922:Generated_Source\PSoC6\pdl\drivers/peripheral/syspm/cy_syspm.h **** * \snippet syspm/4.0/snippet/main.c snippet_Cy_SysPm_VoltageRegulator
1923:Generated_Source\PSoC6\pdl\drivers/peripheral/syspm/cy_syspm.h **** *
1924:Generated_Source\PSoC6\pdl\drivers/peripheral/syspm/cy_syspm.h **** *******************************************************************************/
1925:Generated_Source\PSoC6\pdl\drivers/peripheral/syspm/cy_syspm.h **** __STATIC_INLINE bool Cy_SysPm_BuckIsEnabled(void)
1926:Generated_Source\PSoC6\pdl\drivers/peripheral/syspm/cy_syspm.h **** {
1927:Generated_Source\PSoC6\pdl\drivers/peripheral/syspm/cy_syspm.h ****     return (0U != _FLD2VAL(SRSS_PWR_BUCK_CTL_BUCK_EN, SRSS_PWR_BUCK_CTL));
1928:Generated_Source\PSoC6\pdl\drivers/peripheral/syspm/cy_syspm.h **** }
1929:Generated_Source\PSoC6\pdl\drivers/peripheral/syspm/cy_syspm.h **** 
1930:Generated_Source\PSoC6\pdl\drivers/peripheral/syspm/cy_syspm.h **** /*******************************************************************************
1931:Generated_Source\PSoC6\pdl\drivers/peripheral/syspm/cy_syspm.h **** * Function Name: Cy_SysPm_BuckGetVoltage1
1932:Generated_Source\PSoC6\pdl\drivers/peripheral/syspm/cy_syspm.h **** ****************************************************************************//**
1933:Generated_Source\PSoC6\pdl\drivers/peripheral/syspm/cy_syspm.h **** *
1934:Generated_Source\PSoC6\pdl\drivers/peripheral/syspm/cy_syspm.h **** * Gets the current nominal output 1 voltage (Vccbuck1) of 
1935:Generated_Source\PSoC6\pdl\drivers/peripheral/syspm/cy_syspm.h **** * the Buck regulator.
1936:Generated_Source\PSoC6\pdl\drivers/peripheral/syspm/cy_syspm.h **** *
1937:Generated_Source\PSoC6\pdl\drivers/peripheral/syspm/cy_syspm.h **** * \note The actual device output 1 voltage (Vccbuck1) can be different from
1938:Generated_Source\PSoC6\pdl\drivers/peripheral/syspm/cy_syspm.h **** * the nominal voltage because the actual voltage value depends on conditions 
1939:Generated_Source\PSoC6\pdl\drivers/peripheral/syspm/cy_syspm.h **** * including load current.
1940:Generated_Source\PSoC6\pdl\drivers/peripheral/syspm/cy_syspm.h **** *
1941:Generated_Source\PSoC6\pdl\drivers/peripheral/syspm/cy_syspm.h **** * \return
1942:Generated_Source\PSoC6\pdl\drivers/peripheral/syspm/cy_syspm.h **** * The nominal output voltage 1 (Vccbuck1) of the Buck regulator.
1943:Generated_Source\PSoC6\pdl\drivers/peripheral/syspm/cy_syspm.h **** * See \ref cy_en_syspm_buck_voltage1_t.
ARM GAS  C:\Users\Finik\AppData\Local\Temp\ccXrCYub.s 			page 99


1944:Generated_Source\PSoC6\pdl\drivers/peripheral/syspm/cy_syspm.h **** *
1945:Generated_Source\PSoC6\pdl\drivers/peripheral/syspm/cy_syspm.h **** * \funcusage
1946:Generated_Source\PSoC6\pdl\drivers/peripheral/syspm/cy_syspm.h **** * \snippet syspm/4.0/snippet/main.c snippet_Cy_SysPm_VoltageRegulator
1947:Generated_Source\PSoC6\pdl\drivers/peripheral/syspm/cy_syspm.h **** *
1948:Generated_Source\PSoC6\pdl\drivers/peripheral/syspm/cy_syspm.h **** *******************************************************************************/
1949:Generated_Source\PSoC6\pdl\drivers/peripheral/syspm/cy_syspm.h **** __STATIC_INLINE cy_en_syspm_buck_voltage1_t Cy_SysPm_BuckGetVoltage1(void)
1950:Generated_Source\PSoC6\pdl\drivers/peripheral/syspm/cy_syspm.h **** {
1951:Generated_Source\PSoC6\pdl\drivers/peripheral/syspm/cy_syspm.h ****     uint32_t retVal;
1952:Generated_Source\PSoC6\pdl\drivers/peripheral/syspm/cy_syspm.h ****     retVal = _FLD2VAL(SRSS_PWR_BUCK_CTL_BUCK_OUT1_SEL, SRSS_PWR_BUCK_CTL);
1953:Generated_Source\PSoC6\pdl\drivers/peripheral/syspm/cy_syspm.h **** 
1954:Generated_Source\PSoC6\pdl\drivers/peripheral/syspm/cy_syspm.h ****     return ((cy_en_syspm_buck_voltage1_t) retVal);
1955:Generated_Source\PSoC6\pdl\drivers/peripheral/syspm/cy_syspm.h **** }
1956:Generated_Source\PSoC6\pdl\drivers/peripheral/syspm/cy_syspm.h **** 
1957:Generated_Source\PSoC6\pdl\drivers/peripheral/syspm/cy_syspm.h **** 
1958:Generated_Source\PSoC6\pdl\drivers/peripheral/syspm/cy_syspm.h **** /*******************************************************************************
1959:Generated_Source\PSoC6\pdl\drivers/peripheral/syspm/cy_syspm.h **** * Function Name: Cy_SysPm_BuckGetVoltage2
1960:Generated_Source\PSoC6\pdl\drivers/peripheral/syspm/cy_syspm.h **** ****************************************************************************//**
1961:Generated_Source\PSoC6\pdl\drivers/peripheral/syspm/cy_syspm.h **** *
1962:Generated_Source\PSoC6\pdl\drivers/peripheral/syspm/cy_syspm.h **** * Gets the current output 2 nominal voltage (Vbuckrf) of the SIMO 
1963:Generated_Source\PSoC6\pdl\drivers/peripheral/syspm/cy_syspm.h **** * Buck regulator.
1964:Generated_Source\PSoC6\pdl\drivers/peripheral/syspm/cy_syspm.h **** *
1965:Generated_Source\PSoC6\pdl\drivers/peripheral/syspm/cy_syspm.h **** * \note The actual device output 2 voltage (Vbuckrf) can be different from the 
1966:Generated_Source\PSoC6\pdl\drivers/peripheral/syspm/cy_syspm.h **** * nominal voltage because the actual voltage value depends on conditions 
1967:Generated_Source\PSoC6\pdl\drivers/peripheral/syspm/cy_syspm.h **** * including load current.
1968:Generated_Source\PSoC6\pdl\drivers/peripheral/syspm/cy_syspm.h **** *
1969:Generated_Source\PSoC6\pdl\drivers/peripheral/syspm/cy_syspm.h **** * \return
1970:Generated_Source\PSoC6\pdl\drivers/peripheral/syspm/cy_syspm.h **** * The nominal output voltage of the Buck SIMO regulator output 2 
1971:Generated_Source\PSoC6\pdl\drivers/peripheral/syspm/cy_syspm.h **** * voltage (Vbuckrf). See \ref cy_en_syspm_buck_voltage2_t.
1972:Generated_Source\PSoC6\pdl\drivers/peripheral/syspm/cy_syspm.h **** *
1973:Generated_Source\PSoC6\pdl\drivers/peripheral/syspm/cy_syspm.h **** * \note
1974:Generated_Source\PSoC6\pdl\drivers/peripheral/syspm/cy_syspm.h **** * Function returns zero for devices without a SIMO Buck regulator.
1975:Generated_Source\PSoC6\pdl\drivers/peripheral/syspm/cy_syspm.h **** * Refer to the device datasheet about information on whether device contains 
1976:Generated_Source\PSoC6\pdl\drivers/peripheral/syspm/cy_syspm.h **** * a SIMO Buck.
1977:Generated_Source\PSoC6\pdl\drivers/peripheral/syspm/cy_syspm.h **** *
1978:Generated_Source\PSoC6\pdl\drivers/peripheral/syspm/cy_syspm.h **** * \funcusage
1979:Generated_Source\PSoC6\pdl\drivers/peripheral/syspm/cy_syspm.h **** * \snippet syspm/4.0/snippet/main.c snippet_Cy_SysPm_BuckGetVoltage2
1980:Generated_Source\PSoC6\pdl\drivers/peripheral/syspm/cy_syspm.h **** *
1981:Generated_Source\PSoC6\pdl\drivers/peripheral/syspm/cy_syspm.h **** *******************************************************************************/
1982:Generated_Source\PSoC6\pdl\drivers/peripheral/syspm/cy_syspm.h **** __STATIC_INLINE cy_en_syspm_buck_voltage2_t Cy_SysPm_BuckGetVoltage2(void)
1983:Generated_Source\PSoC6\pdl\drivers/peripheral/syspm/cy_syspm.h **** {
1984:Generated_Source\PSoC6\pdl\drivers/peripheral/syspm/cy_syspm.h ****     uint32_t retVal = 0UL;
1985:Generated_Source\PSoC6\pdl\drivers/peripheral/syspm/cy_syspm.h **** 
1986:Generated_Source\PSoC6\pdl\drivers/peripheral/syspm/cy_syspm.h ****     if (0U != cy_device->sysPmSimoPresent)
1987:Generated_Source\PSoC6\pdl\drivers/peripheral/syspm/cy_syspm.h ****     {
1988:Generated_Source\PSoC6\pdl\drivers/peripheral/syspm/cy_syspm.h ****         retVal = _FLD2VAL(SRSS_PWR_BUCK_CTL2_BUCK_OUT2_SEL, SRSS_PWR_BUCK_CTL2);
1989:Generated_Source\PSoC6\pdl\drivers/peripheral/syspm/cy_syspm.h ****     }
1990:Generated_Source\PSoC6\pdl\drivers/peripheral/syspm/cy_syspm.h **** 
1991:Generated_Source\PSoC6\pdl\drivers/peripheral/syspm/cy_syspm.h ****     return ((cy_en_syspm_buck_voltage2_t) retVal);
1992:Generated_Source\PSoC6\pdl\drivers/peripheral/syspm/cy_syspm.h **** }
1993:Generated_Source\PSoC6\pdl\drivers/peripheral/syspm/cy_syspm.h **** 
1994:Generated_Source\PSoC6\pdl\drivers/peripheral/syspm/cy_syspm.h **** 
1995:Generated_Source\PSoC6\pdl\drivers/peripheral/syspm/cy_syspm.h **** /*******************************************************************************
1996:Generated_Source\PSoC6\pdl\drivers/peripheral/syspm/cy_syspm.h **** * Function Name: Cy_SysPm_BuckDisableVoltage2
1997:Generated_Source\PSoC6\pdl\drivers/peripheral/syspm/cy_syspm.h **** ****************************************************************************//**
1998:Generated_Source\PSoC6\pdl\drivers/peripheral/syspm/cy_syspm.h **** *
1999:Generated_Source\PSoC6\pdl\drivers/peripheral/syspm/cy_syspm.h **** * Disables the output 2 voltage (Vbuckrf) of the SIMO Buck regulator. The 
2000:Generated_Source\PSoC6\pdl\drivers/peripheral/syspm/cy_syspm.h **** * output 2 voltage (Vbuckrf) of the Buck regulator is typically used to supply 
ARM GAS  C:\Users\Finik\AppData\Local\Temp\ccXrCYub.s 			page 100


2001:Generated_Source\PSoC6\pdl\drivers/peripheral/syspm/cy_syspm.h **** * the BLE radio.
2002:Generated_Source\PSoC6\pdl\drivers/peripheral/syspm/cy_syspm.h **** *
2003:Generated_Source\PSoC6\pdl\drivers/peripheral/syspm/cy_syspm.h **** * \note The function does not have effect, if the Buck regulator is
2004:Generated_Source\PSoC6\pdl\drivers/peripheral/syspm/cy_syspm.h **** * switched off.
2005:Generated_Source\PSoC6\pdl\drivers/peripheral/syspm/cy_syspm.h **** *
2006:Generated_Source\PSoC6\pdl\drivers/peripheral/syspm/cy_syspm.h **** * \note If you are switching the voltage supply source for BLE radio, ensure 
2007:Generated_Source\PSoC6\pdl\drivers/peripheral/syspm/cy_syspm.h **** * that the new voltage supply for the BLE HW block is settled 
2008:Generated_Source\PSoC6\pdl\drivers/peripheral/syspm/cy_syspm.h **** * and is stable before calling the Cy_SysPm_BuckDisableVoltage2() function.
2009:Generated_Source\PSoC6\pdl\drivers/peripheral/syspm/cy_syspm.h **** *
2010:Generated_Source\PSoC6\pdl\drivers/peripheral/syspm/cy_syspm.h **** * This function is applicable for devices with the SIMO Buck regulator.
2011:Generated_Source\PSoC6\pdl\drivers/peripheral/syspm/cy_syspm.h **** * Refer to the device datasheet for information about whether the device 
2012:Generated_Source\PSoC6\pdl\drivers/peripheral/syspm/cy_syspm.h **** * contains a SIMO Buck.
2013:Generated_Source\PSoC6\pdl\drivers/peripheral/syspm/cy_syspm.h **** *
2014:Generated_Source\PSoC6\pdl\drivers/peripheral/syspm/cy_syspm.h **** * \funcusage
2015:Generated_Source\PSoC6\pdl\drivers/peripheral/syspm/cy_syspm.h **** * \snippet syspm/4.0/snippet/main.c snippet_Cy_SysPm_BuckDisableVoltage2
2016:Generated_Source\PSoC6\pdl\drivers/peripheral/syspm/cy_syspm.h **** *
2017:Generated_Source\PSoC6\pdl\drivers/peripheral/syspm/cy_syspm.h **** *******************************************************************************/
2018:Generated_Source\PSoC6\pdl\drivers/peripheral/syspm/cy_syspm.h **** __STATIC_INLINE void Cy_SysPm_BuckDisableVoltage2(void)
2019:Generated_Source\PSoC6\pdl\drivers/peripheral/syspm/cy_syspm.h **** {
2020:Generated_Source\PSoC6\pdl\drivers/peripheral/syspm/cy_syspm.h ****     if (0U != cy_device->sysPmSimoPresent)
2021:Generated_Source\PSoC6\pdl\drivers/peripheral/syspm/cy_syspm.h ****     {
2022:Generated_Source\PSoC6\pdl\drivers/peripheral/syspm/cy_syspm.h ****         /* Disable the Vbuck2 output */
2023:Generated_Source\PSoC6\pdl\drivers/peripheral/syspm/cy_syspm.h ****         SRSS_PWR_BUCK_CTL2 &= (uint32_t) ~_VAL2FLD(SRSS_PWR_BUCK_CTL2_BUCK_OUT2_EN, 1U);
2024:Generated_Source\PSoC6\pdl\drivers/peripheral/syspm/cy_syspm.h ****     }
2025:Generated_Source\PSoC6\pdl\drivers/peripheral/syspm/cy_syspm.h **** }
2026:Generated_Source\PSoC6\pdl\drivers/peripheral/syspm/cy_syspm.h **** 
2027:Generated_Source\PSoC6\pdl\drivers/peripheral/syspm/cy_syspm.h **** 
2028:Generated_Source\PSoC6\pdl\drivers/peripheral/syspm/cy_syspm.h **** /*******************************************************************************
2029:Generated_Source\PSoC6\pdl\drivers/peripheral/syspm/cy_syspm.h **** * Function Name: Cy_SysPm_BuckSetVoltage2HwControl
2030:Generated_Source\PSoC6\pdl\drivers/peripheral/syspm/cy_syspm.h **** ****************************************************************************//**
2031:Generated_Source\PSoC6\pdl\drivers/peripheral/syspm/cy_syspm.h **** *
2032:Generated_Source\PSoC6\pdl\drivers/peripheral/syspm/cy_syspm.h **** * Sets the hardware control for SIMO Buck output 2 (Vbuckrf).
2033:Generated_Source\PSoC6\pdl\drivers/peripheral/syspm/cy_syspm.h **** *
2034:Generated_Source\PSoC6\pdl\drivers/peripheral/syspm/cy_syspm.h **** * When hardware control is enabled for the Vbuckrf output, the firmware 
2035:Generated_Source\PSoC6\pdl\drivers/peripheral/syspm/cy_syspm.h **** * controlled enable register setting is ignored and the hardware signal is used 
2036:Generated_Source\PSoC6\pdl\drivers/peripheral/syspm/cy_syspm.h **** * instead. If the product has supporting hardware like BLE radio, it can 
2037:Generated_Source\PSoC6\pdl\drivers/peripheral/syspm/cy_syspm.h **** * directly control the enable signal for Vbuckrf.
2038:Generated_Source\PSoC6\pdl\drivers/peripheral/syspm/cy_syspm.h **** *
2039:Generated_Source\PSoC6\pdl\drivers/peripheral/syspm/cy_syspm.h **** * \param hwControl
2040:Generated_Source\PSoC6\pdl\drivers/peripheral/syspm/cy_syspm.h **** * Enables/disables hardware control for the SIMO Buck output 2.
2041:Generated_Source\PSoC6\pdl\drivers/peripheral/syspm/cy_syspm.h **** *
2042:Generated_Source\PSoC6\pdl\drivers/peripheral/syspm/cy_syspm.h **** * Function does not have an effect if SIMO Buck regulator is disabled.
2043:Generated_Source\PSoC6\pdl\drivers/peripheral/syspm/cy_syspm.h **** *
2044:Generated_Source\PSoC6\pdl\drivers/peripheral/syspm/cy_syspm.h **** * The function is applicable for devices with the SIMO Buck regulator.
2045:Generated_Source\PSoC6\pdl\drivers/peripheral/syspm/cy_syspm.h **** * Refer to the device datasheet for information about whether the device 
2046:Generated_Source\PSoC6\pdl\drivers/peripheral/syspm/cy_syspm.h **** * contains a SIMO Buck.
2047:Generated_Source\PSoC6\pdl\drivers/peripheral/syspm/cy_syspm.h **** *
2048:Generated_Source\PSoC6\pdl\drivers/peripheral/syspm/cy_syspm.h **** * \funcusage
2049:Generated_Source\PSoC6\pdl\drivers/peripheral/syspm/cy_syspm.h **** * \snippet syspm/4.0/snippet/main.c snippet_Cy_SysPm_BuckSetVoltage2HwControl
2050:Generated_Source\PSoC6\pdl\drivers/peripheral/syspm/cy_syspm.h **** *
2051:Generated_Source\PSoC6\pdl\drivers/peripheral/syspm/cy_syspm.h **** *******************************************************************************/
2052:Generated_Source\PSoC6\pdl\drivers/peripheral/syspm/cy_syspm.h **** __STATIC_INLINE void Cy_SysPm_BuckSetVoltage2HwControl(bool hwControl)
2053:Generated_Source\PSoC6\pdl\drivers/peripheral/syspm/cy_syspm.h **** {
2054:Generated_Source\PSoC6\pdl\drivers/peripheral/syspm/cy_syspm.h ****     bool isBuckEnabled = Cy_SysPm_BuckIsEnabled();
2055:Generated_Source\PSoC6\pdl\drivers/peripheral/syspm/cy_syspm.h ****     
2056:Generated_Source\PSoC6\pdl\drivers/peripheral/syspm/cy_syspm.h ****     if ((0U != cy_device->sysPmSimoPresent) && isBuckEnabled)
2057:Generated_Source\PSoC6\pdl\drivers/peripheral/syspm/cy_syspm.h ****     {
ARM GAS  C:\Users\Finik\AppData\Local\Temp\ccXrCYub.s 			page 101


2058:Generated_Source\PSoC6\pdl\drivers/peripheral/syspm/cy_syspm.h ****         if(hwControl)
2059:Generated_Source\PSoC6\pdl\drivers/peripheral/syspm/cy_syspm.h ****         {
2060:Generated_Source\PSoC6\pdl\drivers/peripheral/syspm/cy_syspm.h ****             SRSS_PWR_BUCK_CTL2 |= _VAL2FLD(SRSS_PWR_BUCK_CTL2_BUCK_OUT2_HW_SEL, 1U);
2061:Generated_Source\PSoC6\pdl\drivers/peripheral/syspm/cy_syspm.h ****         }
2062:Generated_Source\PSoC6\pdl\drivers/peripheral/syspm/cy_syspm.h ****         else
2063:Generated_Source\PSoC6\pdl\drivers/peripheral/syspm/cy_syspm.h ****         {
2064:Generated_Source\PSoC6\pdl\drivers/peripheral/syspm/cy_syspm.h ****             SRSS_PWR_BUCK_CTL2 &= (uint32_t) ~_VAL2FLD(SRSS_PWR_BUCK_CTL2_BUCK_OUT2_HW_SEL, 1U);
2065:Generated_Source\PSoC6\pdl\drivers/peripheral/syspm/cy_syspm.h ****         }
2066:Generated_Source\PSoC6\pdl\drivers/peripheral/syspm/cy_syspm.h ****     }
2067:Generated_Source\PSoC6\pdl\drivers/peripheral/syspm/cy_syspm.h **** }
2068:Generated_Source\PSoC6\pdl\drivers/peripheral/syspm/cy_syspm.h **** 
2069:Generated_Source\PSoC6\pdl\drivers/peripheral/syspm/cy_syspm.h **** 
2070:Generated_Source\PSoC6\pdl\drivers/peripheral/syspm/cy_syspm.h **** /*******************************************************************************
2071:Generated_Source\PSoC6\pdl\drivers/peripheral/syspm/cy_syspm.h **** * Function Name: Cy_SysPm_BuckIsVoltage2HwControlled
2072:Generated_Source\PSoC6\pdl\drivers/peripheral/syspm/cy_syspm.h **** ****************************************************************************//**
2073:Generated_Source\PSoC6\pdl\drivers/peripheral/syspm/cy_syspm.h **** *
2074:Generated_Source\PSoC6\pdl\drivers/peripheral/syspm/cy_syspm.h **** * Returns the hardware control state for Buck output 2 (Vbuckrf).
2075:Generated_Source\PSoC6\pdl\drivers/peripheral/syspm/cy_syspm.h **** *
2076:Generated_Source\PSoC6\pdl\drivers/peripheral/syspm/cy_syspm.h **** * When hardware control is enabled for the Vbuckrf output, the firmware 
2077:Generated_Source\PSoC6\pdl\drivers/peripheral/syspm/cy_syspm.h **** * controlled enable register setting is ignored and the hardware signal is used 
2078:Generated_Source\PSoC6\pdl\drivers/peripheral/syspm/cy_syspm.h **** * instead. If the product has supporting hardware like BLE radio, it can 
2079:Generated_Source\PSoC6\pdl\drivers/peripheral/syspm/cy_syspm.h **** * directly control the enable signal for Vbuckrf.
2080:Generated_Source\PSoC6\pdl\drivers/peripheral/syspm/cy_syspm.h **** *
2081:Generated_Source\PSoC6\pdl\drivers/peripheral/syspm/cy_syspm.h **** * \return
2082:Generated_Source\PSoC6\pdl\drivers/peripheral/syspm/cy_syspm.h **** * - True if HW control is set.
2083:Generated_Source\PSoC6\pdl\drivers/peripheral/syspm/cy_syspm.h **** * - False if FW control is set for the Buck output 2.
2084:Generated_Source\PSoC6\pdl\drivers/peripheral/syspm/cy_syspm.h **** *
2085:Generated_Source\PSoC6\pdl\drivers/peripheral/syspm/cy_syspm.h **** * The function is applicable for devices with the SIMO Buck regulator.
2086:Generated_Source\PSoC6\pdl\drivers/peripheral/syspm/cy_syspm.h **** * Refer to device datasheet about information if device contains 
2087:Generated_Source\PSoC6\pdl\drivers/peripheral/syspm/cy_syspm.h **** * SIMO Buck.
2088:Generated_Source\PSoC6\pdl\drivers/peripheral/syspm/cy_syspm.h **** *
2089:Generated_Source\PSoC6\pdl\drivers/peripheral/syspm/cy_syspm.h **** * \funcusage
2090:Generated_Source\PSoC6\pdl\drivers/peripheral/syspm/cy_syspm.h **** * \snippet syspm/4.0/snippet/main.c snippet_Cy_SysPm_BuckIsVoltage2HwControlled
2091:Generated_Source\PSoC6\pdl\drivers/peripheral/syspm/cy_syspm.h **** *
2092:Generated_Source\PSoC6\pdl\drivers/peripheral/syspm/cy_syspm.h **** *******************************************************************************/
2093:Generated_Source\PSoC6\pdl\drivers/peripheral/syspm/cy_syspm.h **** __STATIC_INLINE bool Cy_SysPm_BuckIsVoltage2HwControlled(void)
2094:Generated_Source\PSoC6\pdl\drivers/peripheral/syspm/cy_syspm.h **** {
2095:Generated_Source\PSoC6\pdl\drivers/peripheral/syspm/cy_syspm.h ****     bool retVal = false;
2096:Generated_Source\PSoC6\pdl\drivers/peripheral/syspm/cy_syspm.h **** 
2097:Generated_Source\PSoC6\pdl\drivers/peripheral/syspm/cy_syspm.h ****     if (0U != cy_device->sysPmSimoPresent)
2098:Generated_Source\PSoC6\pdl\drivers/peripheral/syspm/cy_syspm.h ****     {
2099:Generated_Source\PSoC6\pdl\drivers/peripheral/syspm/cy_syspm.h ****         retVal = (0U != _FLD2VAL(SRSS_PWR_BUCK_CTL2_BUCK_OUT2_HW_SEL, SRSS_PWR_BUCK_CTL2));
2100:Generated_Source\PSoC6\pdl\drivers/peripheral/syspm/cy_syspm.h ****     }
2101:Generated_Source\PSoC6\pdl\drivers/peripheral/syspm/cy_syspm.h **** 
2102:Generated_Source\PSoC6\pdl\drivers/peripheral/syspm/cy_syspm.h ****     return retVal;
2103:Generated_Source\PSoC6\pdl\drivers/peripheral/syspm/cy_syspm.h **** }
2104:Generated_Source\PSoC6\pdl\drivers/peripheral/syspm/cy_syspm.h **** /** \} group_syspm_functions_buck */
2105:Generated_Source\PSoC6\pdl\drivers/peripheral/syspm/cy_syspm.h **** 
2106:Generated_Source\PSoC6\pdl\drivers/peripheral/syspm/cy_syspm.h **** 
2107:Generated_Source\PSoC6\pdl\drivers/peripheral/syspm/cy_syspm.h **** /**
2108:Generated_Source\PSoC6\pdl\drivers/peripheral/syspm/cy_syspm.h **** * \addtogroup group_syspm_functions_ldo
2109:Generated_Source\PSoC6\pdl\drivers/peripheral/syspm/cy_syspm.h **** * \{
2110:Generated_Source\PSoC6\pdl\drivers/peripheral/syspm/cy_syspm.h **** */
2111:Generated_Source\PSoC6\pdl\drivers/peripheral/syspm/cy_syspm.h **** /*******************************************************************************
2112:Generated_Source\PSoC6\pdl\drivers/peripheral/syspm/cy_syspm.h **** * Function Name: Cy_SysPm_LdoGetVoltage
2113:Generated_Source\PSoC6\pdl\drivers/peripheral/syspm/cy_syspm.h **** ****************************************************************************//**
2114:Generated_Source\PSoC6\pdl\drivers/peripheral/syspm/cy_syspm.h **** *
ARM GAS  C:\Users\Finik\AppData\Local\Temp\ccXrCYub.s 			page 102


2115:Generated_Source\PSoC6\pdl\drivers/peripheral/syspm/cy_syspm.h **** * Gets the current output voltage value of the core LDO regulator.
2116:Generated_Source\PSoC6\pdl\drivers/peripheral/syspm/cy_syspm.h **** *
2117:Generated_Source\PSoC6\pdl\drivers/peripheral/syspm/cy_syspm.h **** * \note The actual device Vccd voltage can be different from the 
2118:Generated_Source\PSoC6\pdl\drivers/peripheral/syspm/cy_syspm.h **** * nominal voltage because the actual voltage value depends on conditions 
2119:Generated_Source\PSoC6\pdl\drivers/peripheral/syspm/cy_syspm.h **** * including the load current.
2120:Generated_Source\PSoC6\pdl\drivers/peripheral/syspm/cy_syspm.h **** *
2121:Generated_Source\PSoC6\pdl\drivers/peripheral/syspm/cy_syspm.h **** * \return
2122:Generated_Source\PSoC6\pdl\drivers/peripheral/syspm/cy_syspm.h **** * The nominal output voltage of the LDO. See \ref cy_en_syspm_ldo_voltage_t.
2123:Generated_Source\PSoC6\pdl\drivers/peripheral/syspm/cy_syspm.h **** *
2124:Generated_Source\PSoC6\pdl\drivers/peripheral/syspm/cy_syspm.h **** * \funcusage
2125:Generated_Source\PSoC6\pdl\drivers/peripheral/syspm/cy_syspm.h **** * \snippet syspm/4.0/snippet/main.c snippet_Cy_SysPm_VoltageRegulator
2126:Generated_Source\PSoC6\pdl\drivers/peripheral/syspm/cy_syspm.h **** *
2127:Generated_Source\PSoC6\pdl\drivers/peripheral/syspm/cy_syspm.h **** *******************************************************************************/
2128:Generated_Source\PSoC6\pdl\drivers/peripheral/syspm/cy_syspm.h **** __STATIC_INLINE cy_en_syspm_ldo_voltage_t Cy_SysPm_LdoGetVoltage(void)
2129:Generated_Source\PSoC6\pdl\drivers/peripheral/syspm/cy_syspm.h **** {
2130:Generated_Source\PSoC6\pdl\drivers/peripheral/syspm/cy_syspm.h ****     uint32_t curVoltage;
2131:Generated_Source\PSoC6\pdl\drivers/peripheral/syspm/cy_syspm.h **** 
2132:Generated_Source\PSoC6\pdl\drivers/peripheral/syspm/cy_syspm.h ****     curVoltage = _FLD2VAL(SRSS_PWR_TRIM_PWRSYS_CTL_ACT_REG_TRIM, SRSS_PWR_TRIM_PWRSYS_CTL);
2133:Generated_Source\PSoC6\pdl\drivers/peripheral/syspm/cy_syspm.h **** 
2134:Generated_Source\PSoC6\pdl\drivers/peripheral/syspm/cy_syspm.h ****     return ((curVoltage == (SFLASH_LDO_0P9V_TRIM)) ? CY_SYSPM_LDO_VOLTAGE_ULP : CY_SYSPM_LDO_VOLTAG
2135:Generated_Source\PSoC6\pdl\drivers/peripheral/syspm/cy_syspm.h **** }
2136:Generated_Source\PSoC6\pdl\drivers/peripheral/syspm/cy_syspm.h **** 
2137:Generated_Source\PSoC6\pdl\drivers/peripheral/syspm/cy_syspm.h **** 
2138:Generated_Source\PSoC6\pdl\drivers/peripheral/syspm/cy_syspm.h **** /*******************************************************************************
2139:Generated_Source\PSoC6\pdl\drivers/peripheral/syspm/cy_syspm.h **** * Function Name: Cy_SysPm_LdoIsEnabled
2140:Generated_Source\PSoC6\pdl\drivers/peripheral/syspm/cy_syspm.h **** ****************************************************************************//**
2141:Generated_Source\PSoC6\pdl\drivers/peripheral/syspm/cy_syspm.h **** *
2142:Generated_Source\PSoC6\pdl\drivers/peripheral/syspm/cy_syspm.h **** * Reads the current status of the core LDO regulator.
2143:Generated_Source\PSoC6\pdl\drivers/peripheral/syspm/cy_syspm.h **** *
2144:Generated_Source\PSoC6\pdl\drivers/peripheral/syspm/cy_syspm.h **** * \return
2145:Generated_Source\PSoC6\pdl\drivers/peripheral/syspm/cy_syspm.h **** * - True means the LDO is enabled. 
2146:Generated_Source\PSoC6\pdl\drivers/peripheral/syspm/cy_syspm.h **** * - False means it is disabled.
2147:Generated_Source\PSoC6\pdl\drivers/peripheral/syspm/cy_syspm.h **** *
2148:Generated_Source\PSoC6\pdl\drivers/peripheral/syspm/cy_syspm.h **** * \funcusage
2149:Generated_Source\PSoC6\pdl\drivers/peripheral/syspm/cy_syspm.h **** * \snippet syspm/4.0/snippet/main.c snippet_Cy_SysPm_VoltageRegulator
2150:Generated_Source\PSoC6\pdl\drivers/peripheral/syspm/cy_syspm.h **** *
2151:Generated_Source\PSoC6\pdl\drivers/peripheral/syspm/cy_syspm.h **** *******************************************************************************/
2152:Generated_Source\PSoC6\pdl\drivers/peripheral/syspm/cy_syspm.h **** __STATIC_INLINE bool Cy_SysPm_LdoIsEnabled(void)
2153:Generated_Source\PSoC6\pdl\drivers/peripheral/syspm/cy_syspm.h **** {
2154:Generated_Source\PSoC6\pdl\drivers/peripheral/syspm/cy_syspm.h ****     return ((0U != _FLD2VAL(SRSS_PWR_CTL_LINREG_DIS, SRSS_PWR_CTL)) ? false : true);
2155:Generated_Source\PSoC6\pdl\drivers/peripheral/syspm/cy_syspm.h **** }
2156:Generated_Source\PSoC6\pdl\drivers/peripheral/syspm/cy_syspm.h **** /** \} group_syspm_functions_ldo */
2157:Generated_Source\PSoC6\pdl\drivers/peripheral/syspm/cy_syspm.h **** 
2158:Generated_Source\PSoC6\pdl\drivers/peripheral/syspm/cy_syspm.h **** 
2159:Generated_Source\PSoC6\pdl\drivers/peripheral/syspm/cy_syspm.h **** /**
2160:Generated_Source\PSoC6\pdl\drivers/peripheral/syspm/cy_syspm.h **** * \addtogroup group_syspm_functions_iofreeze
2161:Generated_Source\PSoC6\pdl\drivers/peripheral/syspm/cy_syspm.h **** * \{
2162:Generated_Source\PSoC6\pdl\drivers/peripheral/syspm/cy_syspm.h **** */
2163:Generated_Source\PSoC6\pdl\drivers/peripheral/syspm/cy_syspm.h **** /*******************************************************************************
2164:Generated_Source\PSoC6\pdl\drivers/peripheral/syspm/cy_syspm.h **** * Function Name: Cy_SysPm_IoIsFrozen
2165:Generated_Source\PSoC6\pdl\drivers/peripheral/syspm/cy_syspm.h **** ****************************************************************************//**
2166:Generated_Source\PSoC6\pdl\drivers/peripheral/syspm/cy_syspm.h **** *
2167:Generated_Source\PSoC6\pdl\drivers/peripheral/syspm/cy_syspm.h **** * Checks whether IOs are frozen.
2168:Generated_Source\PSoC6\pdl\drivers/peripheral/syspm/cy_syspm.h **** *
2169:Generated_Source\PSoC6\pdl\drivers/peripheral/syspm/cy_syspm.h **** * \return 
2170:Generated_Source\PSoC6\pdl\drivers/peripheral/syspm/cy_syspm.h **** * - True if IOs are frozen.
2171:Generated_Source\PSoC6\pdl\drivers/peripheral/syspm/cy_syspm.h **** * - False if IOs are unfrozen.
ARM GAS  C:\Users\Finik\AppData\Local\Temp\ccXrCYub.s 			page 103


2172:Generated_Source\PSoC6\pdl\drivers/peripheral/syspm/cy_syspm.h **** *
2173:Generated_Source\PSoC6\pdl\drivers/peripheral/syspm/cy_syspm.h **** * \funcusage
2174:Generated_Source\PSoC6\pdl\drivers/peripheral/syspm/cy_syspm.h **** * \snippet syspm/4.0/snippet/main.c snippet_Cy_SysPm_IoUnfreeze
2175:Generated_Source\PSoC6\pdl\drivers/peripheral/syspm/cy_syspm.h **** *
2176:Generated_Source\PSoC6\pdl\drivers/peripheral/syspm/cy_syspm.h **** *******************************************************************************/
2177:Generated_Source\PSoC6\pdl\drivers/peripheral/syspm/cy_syspm.h **** __STATIC_INLINE bool Cy_SysPm_IoIsFrozen(void)
2178:Generated_Source\PSoC6\pdl\drivers/peripheral/syspm/cy_syspm.h **** {
2179:Generated_Source\PSoC6\pdl\drivers/peripheral/syspm/cy_syspm.h ****     return (0U != _FLD2VAL(SRSS_PWR_HIBERNATE_FREEZE, SRSS_PWR_HIBERNATE));
2180:Generated_Source\PSoC6\pdl\drivers/peripheral/syspm/cy_syspm.h **** }
2181:Generated_Source\PSoC6\pdl\drivers/peripheral/syspm/cy_syspm.h **** /** \} group_syspm_functions_iofreeze */
2182:Generated_Source\PSoC6\pdl\drivers/peripheral/syspm/cy_syspm.h **** 
2183:Generated_Source\PSoC6\pdl\drivers/peripheral/syspm/cy_syspm.h **** /**
2184:Generated_Source\PSoC6\pdl\drivers/peripheral/syspm/cy_syspm.h **** * \addtogroup group_syspm_functions_pmic
2185:Generated_Source\PSoC6\pdl\drivers/peripheral/syspm/cy_syspm.h **** * \{
2186:Generated_Source\PSoC6\pdl\drivers/peripheral/syspm/cy_syspm.h **** */
2187:Generated_Source\PSoC6\pdl\drivers/peripheral/syspm/cy_syspm.h **** 
2188:Generated_Source\PSoC6\pdl\drivers/peripheral/syspm/cy_syspm.h **** 
2189:Generated_Source\PSoC6\pdl\drivers/peripheral/syspm/cy_syspm.h **** /*******************************************************************************
2190:Generated_Source\PSoC6\pdl\drivers/peripheral/syspm/cy_syspm.h **** * Function Name: Cy_SysPm_PmicEnable
2191:Generated_Source\PSoC6\pdl\drivers/peripheral/syspm/cy_syspm.h **** ****************************************************************************//**
2192:Generated_Source\PSoC6\pdl\drivers/peripheral/syspm/cy_syspm.h **** *
2193:Generated_Source\PSoC6\pdl\drivers/peripheral/syspm/cy_syspm.h **** * Enable the external PMIC controller that supplies Vddd (if present).
2194:Generated_Source\PSoC6\pdl\drivers/peripheral/syspm/cy_syspm.h **** *
2195:Generated_Source\PSoC6\pdl\drivers/peripheral/syspm/cy_syspm.h **** * For information about the PMIC controller input and output pins and their 
2196:Generated_Source\PSoC6\pdl\drivers/peripheral/syspm/cy_syspm.h **** * assignment in specific devices, refer to the appropriate device TRM.
2197:Generated_Source\PSoC6\pdl\drivers/peripheral/syspm/cy_syspm.h **** * 
2198:Generated_Source\PSoC6\pdl\drivers/peripheral/syspm/cy_syspm.h **** * This function is not effective when the PMIC controller is locked. Call 
2199:Generated_Source\PSoC6\pdl\drivers/peripheral/syspm/cy_syspm.h **** * Cy_SysPm_PmicUnlock() before enabling the PMIC.
2200:Generated_Source\PSoC6\pdl\drivers/peripheral/syspm/cy_syspm.h **** *
2201:Generated_Source\PSoC6\pdl\drivers/peripheral/syspm/cy_syspm.h **** * \funcusage
2202:Generated_Source\PSoC6\pdl\drivers/peripheral/syspm/cy_syspm.h **** * \snippet syspm/4.0/snippet/main.c snippet_Cy_SysPm_PmicEnable
2203:Generated_Source\PSoC6\pdl\drivers/peripheral/syspm/cy_syspm.h **** *
2204:Generated_Source\PSoC6\pdl\drivers/peripheral/syspm/cy_syspm.h **** *******************************************************************************/
2205:Generated_Source\PSoC6\pdl\drivers/peripheral/syspm/cy_syspm.h **** __STATIC_INLINE void Cy_SysPm_PmicEnable(void)
2206:Generated_Source\PSoC6\pdl\drivers/peripheral/syspm/cy_syspm.h **** {
2207:Generated_Source\PSoC6\pdl\drivers/peripheral/syspm/cy_syspm.h ****     if (CY_SYSPM_PMIC_UNLOCK_KEY == _FLD2VAL(BACKUP_PMIC_CTL_UNLOCK, BACKUP_PMIC_CTL))
2208:Generated_Source\PSoC6\pdl\drivers/peripheral/syspm/cy_syspm.h ****     {
2209:Generated_Source\PSoC6\pdl\drivers/peripheral/syspm/cy_syspm.h ****         BACKUP_PMIC_CTL =
2210:Generated_Source\PSoC6\pdl\drivers/peripheral/syspm/cy_syspm.h ****         _VAL2FLD(BACKUP_PMIC_CTL_UNLOCK, CY_SYSPM_PMIC_UNLOCK_KEY) |
2211:Generated_Source\PSoC6\pdl\drivers/peripheral/syspm/cy_syspm.h ****         _VAL2FLD(BACKUP_PMIC_CTL_PMIC_EN_OUTEN, 1U) |
2212:Generated_Source\PSoC6\pdl\drivers/peripheral/syspm/cy_syspm.h ****         _VAL2FLD(BACKUP_PMIC_CTL_PMIC_EN, 1U);
2213:Generated_Source\PSoC6\pdl\drivers/peripheral/syspm/cy_syspm.h ****     }
2214:Generated_Source\PSoC6\pdl\drivers/peripheral/syspm/cy_syspm.h **** }
2215:Generated_Source\PSoC6\pdl\drivers/peripheral/syspm/cy_syspm.h **** 
2216:Generated_Source\PSoC6\pdl\drivers/peripheral/syspm/cy_syspm.h **** 
2217:Generated_Source\PSoC6\pdl\drivers/peripheral/syspm/cy_syspm.h **** /*******************************************************************************
2218:Generated_Source\PSoC6\pdl\drivers/peripheral/syspm/cy_syspm.h **** * Function Name: Cy_SysPm_PmicDisable
2219:Generated_Source\PSoC6\pdl\drivers/peripheral/syspm/cy_syspm.h **** ****************************************************************************//**
2220:Generated_Source\PSoC6\pdl\drivers/peripheral/syspm/cy_syspm.h **** *
2221:Generated_Source\PSoC6\pdl\drivers/peripheral/syspm/cy_syspm.h **** * Disable the external PMIC controller that supplies Vddd (if present).
2222:Generated_Source\PSoC6\pdl\drivers/peripheral/syspm/cy_syspm.h **** * This function does not affect the PMIC controller output pin. The PMIC 
2223:Generated_Source\PSoC6\pdl\drivers/peripheral/syspm/cy_syspm.h **** * controller input pin has programmable polarity to 
2224:Generated_Source\PSoC6\pdl\drivers/peripheral/syspm/cy_syspm.h **** * enable the external PMIC using different input polarities. The PMIC controller
2225:Generated_Source\PSoC6\pdl\drivers/peripheral/syspm/cy_syspm.h **** * is automatically enabled when the input pin polarity and configured polarity 
2226:Generated_Source\PSoC6\pdl\drivers/peripheral/syspm/cy_syspm.h **** * match. This function is not effective when the active level of PMIC controller
2227:Generated_Source\PSoC6\pdl\drivers/peripheral/syspm/cy_syspm.h **** * input pin is equal to the configured PMIC controller polarity.
2228:Generated_Source\PSoC6\pdl\drivers/peripheral/syspm/cy_syspm.h **** *
ARM GAS  C:\Users\Finik\AppData\Local\Temp\ccXrCYub.s 			page 104


2229:Generated_Source\PSoC6\pdl\drivers/peripheral/syspm/cy_syspm.h **** * The function is not effective when the PMIC controller is locked. Call 
2230:Generated_Source\PSoC6\pdl\drivers/peripheral/syspm/cy_syspm.h **** * Cy_SysPm_PmicUnlock() before enabling the PMIC controller.
2231:Generated_Source\PSoC6\pdl\drivers/peripheral/syspm/cy_syspm.h **** *
2232:Generated_Source\PSoC6\pdl\drivers/peripheral/syspm/cy_syspm.h **** * \param polarity
2233:Generated_Source\PSoC6\pdl\drivers/peripheral/syspm/cy_syspm.h **** * Configures the PMIC controller wakeup input pin to be active low or active 
2234:Generated_Source\PSoC6\pdl\drivers/peripheral/syspm/cy_syspm.h **** * high. The PMIC will be automatically enabled when the set polarity and the 
2235:Generated_Source\PSoC6\pdl\drivers/peripheral/syspm/cy_syspm.h **** * active level of PMIC input pin match. 
2236:Generated_Source\PSoC6\pdl\drivers/peripheral/syspm/cy_syspm.h **** * See \ref cy_en_syspm_pmic_wakeup_polarity_t.
2237:Generated_Source\PSoC6\pdl\drivers/peripheral/syspm/cy_syspm.h **** *
2238:Generated_Source\PSoC6\pdl\drivers/peripheral/syspm/cy_syspm.h **** * The PMIC controller will be enabled automatically by any of RTC alarm or 
2239:Generated_Source\PSoC6\pdl\drivers/peripheral/syspm/cy_syspm.h **** * PMIC wakeup events, regardless of the PMIC controller lock state.
2240:Generated_Source\PSoC6\pdl\drivers/peripheral/syspm/cy_syspm.h **** *
2241:Generated_Source\PSoC6\pdl\drivers/peripheral/syspm/cy_syspm.h **** * \note
2242:Generated_Source\PSoC6\pdl\drivers/peripheral/syspm/cy_syspm.h **** * Before disabling the PMIC controller, ensure that PMIC input and PMIC output 
2243:Generated_Source\PSoC6\pdl\drivers/peripheral/syspm/cy_syspm.h **** * pins are configured correctly to enable expected PMIC operation.
2244:Generated_Source\PSoC6\pdl\drivers/peripheral/syspm/cy_syspm.h **** *
2245:Generated_Source\PSoC6\pdl\drivers/peripheral/syspm/cy_syspm.h **** * \warning
2246:Generated_Source\PSoC6\pdl\drivers/peripheral/syspm/cy_syspm.h **** * The PMIC is enabled automatically when you call Cy_SysPm_PmicLock(). 
2247:Generated_Source\PSoC6\pdl\drivers/peripheral/syspm/cy_syspm.h **** * To keep the external PMIC disabled, the PMIC controller must remain unlocked.
2248:Generated_Source\PSoC6\pdl\drivers/peripheral/syspm/cy_syspm.h **** *
2249:Generated_Source\PSoC6\pdl\drivers/peripheral/syspm/cy_syspm.h **** * \warning 
2250:Generated_Source\PSoC6\pdl\drivers/peripheral/syspm/cy_syspm.h **** * Do not call Cy_SysPm_PmicDisable(CY_SYSPM_PMIC_POLARITY_LOW) because this 
2251:Generated_Source\PSoC6\pdl\drivers/peripheral/syspm/cy_syspm.h **** * is not supported by hardware.
2252:Generated_Source\PSoC6\pdl\drivers/peripheral/syspm/cy_syspm.h **** *
2253:Generated_Source\PSoC6\pdl\drivers/peripheral/syspm/cy_syspm.h **** * For information about the PMIC controller input and output pins and their 
2254:Generated_Source\PSoC6\pdl\drivers/peripheral/syspm/cy_syspm.h **** * assignment in the specific devices, refer to the appropriate 
2255:Generated_Source\PSoC6\pdl\drivers/peripheral/syspm/cy_syspm.h **** * device TRM.
2256:Generated_Source\PSoC6\pdl\drivers/peripheral/syspm/cy_syspm.h **** *
2257:Generated_Source\PSoC6\pdl\drivers/peripheral/syspm/cy_syspm.h **** * \funcusage
2258:Generated_Source\PSoC6\pdl\drivers/peripheral/syspm/cy_syspm.h **** * \snippet syspm/4.0/snippet/main.c snippet_Cy_SysPm_PmicDisable
2259:Generated_Source\PSoC6\pdl\drivers/peripheral/syspm/cy_syspm.h **** *
2260:Generated_Source\PSoC6\pdl\drivers/peripheral/syspm/cy_syspm.h **** *******************************************************************************/
2261:Generated_Source\PSoC6\pdl\drivers/peripheral/syspm/cy_syspm.h **** __STATIC_INLINE void Cy_SysPm_PmicDisable(cy_en_syspm_pmic_wakeup_polarity_t polarity)
2262:Generated_Source\PSoC6\pdl\drivers/peripheral/syspm/cy_syspm.h **** {
2263:Generated_Source\PSoC6\pdl\drivers/peripheral/syspm/cy_syspm.h ****     CY_ASSERT_L3(CY_SYSPM_IS_POLARITY_VALID(polarity));
2264:Generated_Source\PSoC6\pdl\drivers/peripheral/syspm/cy_syspm.h ****     
2265:Generated_Source\PSoC6\pdl\drivers/peripheral/syspm/cy_syspm.h ****     if (CY_SYSPM_PMIC_UNLOCK_KEY == _FLD2VAL(BACKUP_PMIC_CTL_UNLOCK, BACKUP_PMIC_CTL))
2266:Generated_Source\PSoC6\pdl\drivers/peripheral/syspm/cy_syspm.h ****     {
2267:Generated_Source\PSoC6\pdl\drivers/peripheral/syspm/cy_syspm.h ****         BACKUP_PMIC_CTL = 
2268:Generated_Source\PSoC6\pdl\drivers/peripheral/syspm/cy_syspm.h ****         (_VAL2FLD(BACKUP_PMIC_CTL_UNLOCK, CY_SYSPM_PMIC_UNLOCK_KEY) | 
2269:Generated_Source\PSoC6\pdl\drivers/peripheral/syspm/cy_syspm.h ****          _CLR_SET_FLD32U(BACKUP_PMIC_CTL, BACKUP_PMIC_CTL_POLARITY, (uint32_t) polarity)) &
2270:Generated_Source\PSoC6\pdl\drivers/peripheral/syspm/cy_syspm.h ****         ((uint32_t) ~ _VAL2FLD(BACKUP_PMIC_CTL_PMIC_EN, 1U));
2271:Generated_Source\PSoC6\pdl\drivers/peripheral/syspm/cy_syspm.h ****     }
2272:Generated_Source\PSoC6\pdl\drivers/peripheral/syspm/cy_syspm.h **** }
2273:Generated_Source\PSoC6\pdl\drivers/peripheral/syspm/cy_syspm.h **** 
2274:Generated_Source\PSoC6\pdl\drivers/peripheral/syspm/cy_syspm.h **** 
2275:Generated_Source\PSoC6\pdl\drivers/peripheral/syspm/cy_syspm.h **** /*******************************************************************************
2276:Generated_Source\PSoC6\pdl\drivers/peripheral/syspm/cy_syspm.h **** * Function Name: Cy_SysPm_PmicAlwaysEnable
2277:Generated_Source\PSoC6\pdl\drivers/peripheral/syspm/cy_syspm.h **** ****************************************************************************//**
2278:Generated_Source\PSoC6\pdl\drivers/peripheral/syspm/cy_syspm.h **** *
2279:Generated_Source\PSoC6\pdl\drivers/peripheral/syspm/cy_syspm.h **** * Enable the external PMIC controller that supplies Vddd (if present) and force 
2280:Generated_Source\PSoC6\pdl\drivers/peripheral/syspm/cy_syspm.h **** * active. This is a Write once API. It ensures that the PMIC controller cannot 
2281:Generated_Source\PSoC6\pdl\drivers/peripheral/syspm/cy_syspm.h **** * be disabled or polarity changed until a next device reset.
2282:Generated_Source\PSoC6\pdl\drivers/peripheral/syspm/cy_syspm.h **** * 
2283:Generated_Source\PSoC6\pdl\drivers/peripheral/syspm/cy_syspm.h **** * For information about the PMIC controller input and output pins and their 
2284:Generated_Source\PSoC6\pdl\drivers/peripheral/syspm/cy_syspm.h **** * assignment in the specific devices, refer to the appropriate device TRM.
2285:Generated_Source\PSoC6\pdl\drivers/peripheral/syspm/cy_syspm.h **** *
ARM GAS  C:\Users\Finik\AppData\Local\Temp\ccXrCYub.s 			page 105


2286:Generated_Source\PSoC6\pdl\drivers/peripheral/syspm/cy_syspm.h **** * \funcusage
2287:Generated_Source\PSoC6\pdl\drivers/peripheral/syspm/cy_syspm.h **** * \snippet syspm/4.0/snippet/main.c snippet_Cy_SysPm_PmicAlwaysEnable
2288:Generated_Source\PSoC6\pdl\drivers/peripheral/syspm/cy_syspm.h **** *
2289:Generated_Source\PSoC6\pdl\drivers/peripheral/syspm/cy_syspm.h **** *******************************************************************************/
2290:Generated_Source\PSoC6\pdl\drivers/peripheral/syspm/cy_syspm.h **** __STATIC_INLINE void Cy_SysPm_PmicAlwaysEnable(void)
2291:Generated_Source\PSoC6\pdl\drivers/peripheral/syspm/cy_syspm.h **** {
2292:Generated_Source\PSoC6\pdl\drivers/peripheral/syspm/cy_syspm.h ****     BACKUP_PMIC_CTL |= _VAL2FLD(BACKUP_PMIC_CTL_PMIC_ALWAYSEN, 1U);
2293:Generated_Source\PSoC6\pdl\drivers/peripheral/syspm/cy_syspm.h **** }
2294:Generated_Source\PSoC6\pdl\drivers/peripheral/syspm/cy_syspm.h **** 
2295:Generated_Source\PSoC6\pdl\drivers/peripheral/syspm/cy_syspm.h **** 
2296:Generated_Source\PSoC6\pdl\drivers/peripheral/syspm/cy_syspm.h **** /*******************************************************************************
2297:Generated_Source\PSoC6\pdl\drivers/peripheral/syspm/cy_syspm.h **** * Function Name: Cy_SysPm_PmicEnableOutput
2298:Generated_Source\PSoC6\pdl\drivers/peripheral/syspm/cy_syspm.h **** ****************************************************************************//**
2299:Generated_Source\PSoC6\pdl\drivers/peripheral/syspm/cy_syspm.h **** *
2300:Generated_Source\PSoC6\pdl\drivers/peripheral/syspm/cy_syspm.h **** * Enables the PMIC controller output pin. 
2301:Generated_Source\PSoC6\pdl\drivers/peripheral/syspm/cy_syspm.h **** *
2302:Generated_Source\PSoC6\pdl\drivers/peripheral/syspm/cy_syspm.h **** * The function is not effective when the PMIC controller is locked. Call 
2303:Generated_Source\PSoC6\pdl\drivers/peripheral/syspm/cy_syspm.h **** * Cy_SysPm_PmicUnlock() before enabling the PMIC controller.
2304:Generated_Source\PSoC6\pdl\drivers/peripheral/syspm/cy_syspm.h **** *
2305:Generated_Source\PSoC6\pdl\drivers/peripheral/syspm/cy_syspm.h **** * For information about the PMIC controller output pin and its assignment in 
2306:Generated_Source\PSoC6\pdl\drivers/peripheral/syspm/cy_syspm.h **** * specific devices, refer to the appropriate device TRM.
2307:Generated_Source\PSoC6\pdl\drivers/peripheral/syspm/cy_syspm.h **** *
2308:Generated_Source\PSoC6\pdl\drivers/peripheral/syspm/cy_syspm.h **** * \funcusage
2309:Generated_Source\PSoC6\pdl\drivers/peripheral/syspm/cy_syspm.h **** * \snippet syspm/4.0/snippet/main.c snippet_Cy_SysPm_PmicEnableOutput
2310:Generated_Source\PSoC6\pdl\drivers/peripheral/syspm/cy_syspm.h **** *
2311:Generated_Source\PSoC6\pdl\drivers/peripheral/syspm/cy_syspm.h **** *******************************************************************************/
2312:Generated_Source\PSoC6\pdl\drivers/peripheral/syspm/cy_syspm.h **** __STATIC_INLINE void Cy_SysPm_PmicEnableOutput(void)
2313:Generated_Source\PSoC6\pdl\drivers/peripheral/syspm/cy_syspm.h **** {
2314:Generated_Source\PSoC6\pdl\drivers/peripheral/syspm/cy_syspm.h ****     if (CY_SYSPM_PMIC_UNLOCK_KEY == _FLD2VAL(BACKUP_PMIC_CTL_UNLOCK, BACKUP_PMIC_CTL))
2315:Generated_Source\PSoC6\pdl\drivers/peripheral/syspm/cy_syspm.h ****     {
2316:Generated_Source\PSoC6\pdl\drivers/peripheral/syspm/cy_syspm.h ****         BACKUP_PMIC_CTL |=
2317:Generated_Source\PSoC6\pdl\drivers/peripheral/syspm/cy_syspm.h ****         _VAL2FLD(BACKUP_PMIC_CTL_UNLOCK, CY_SYSPM_PMIC_UNLOCK_KEY) | _VAL2FLD(BACKUP_PMIC_CTL_PMIC_
2318:Generated_Source\PSoC6\pdl\drivers/peripheral/syspm/cy_syspm.h ****     }
2319:Generated_Source\PSoC6\pdl\drivers/peripheral/syspm/cy_syspm.h **** }
2320:Generated_Source\PSoC6\pdl\drivers/peripheral/syspm/cy_syspm.h **** 
2321:Generated_Source\PSoC6\pdl\drivers/peripheral/syspm/cy_syspm.h **** 
2322:Generated_Source\PSoC6\pdl\drivers/peripheral/syspm/cy_syspm.h **** /*******************************************************************************
2323:Generated_Source\PSoC6\pdl\drivers/peripheral/syspm/cy_syspm.h **** * Function Name: Cy_SysPm_PmicDisableOutput
2324:Generated_Source\PSoC6\pdl\drivers/peripheral/syspm/cy_syspm.h **** ****************************************************************************//**
2325:Generated_Source\PSoC6\pdl\drivers/peripheral/syspm/cy_syspm.h **** *
2326:Generated_Source\PSoC6\pdl\drivers/peripheral/syspm/cy_syspm.h **** * Disables the PMIC controller output pin. 
2327:Generated_Source\PSoC6\pdl\drivers/peripheral/syspm/cy_syspm.h **** *
2328:Generated_Source\PSoC6\pdl\drivers/peripheral/syspm/cy_syspm.h **** * When the PMIC controller output pin is disabled and is unlocked, the PMIC 
2329:Generated_Source\PSoC6\pdl\drivers/peripheral/syspm/cy_syspm.h **** * controller output pin can be used for the another purpose.
2330:Generated_Source\PSoC6\pdl\drivers/peripheral/syspm/cy_syspm.h **** *
2331:Generated_Source\PSoC6\pdl\drivers/peripheral/syspm/cy_syspm.h **** * The function has no effect when the PMIC is locked. Call 
2332:Generated_Source\PSoC6\pdl\drivers/peripheral/syspm/cy_syspm.h **** * Cy_SysPm_PmicUnlock() before enabling the PMIC.
2333:Generated_Source\PSoC6\pdl\drivers/peripheral/syspm/cy_syspm.h **** *
2334:Generated_Source\PSoC6\pdl\drivers/peripheral/syspm/cy_syspm.h **** * For information about the PMIC controller output pin and its assignment in 
2335:Generated_Source\PSoC6\pdl\drivers/peripheral/syspm/cy_syspm.h **** * specific devices, refer to the appropriate device TRM.
2336:Generated_Source\PSoC6\pdl\drivers/peripheral/syspm/cy_syspm.h **** *
2337:Generated_Source\PSoC6\pdl\drivers/peripheral/syspm/cy_syspm.h **** * \note
2338:Generated_Source\PSoC6\pdl\drivers/peripheral/syspm/cy_syspm.h **** * After the PMIC controller output is disabled, the PMIC output pin returns to 
2339:Generated_Source\PSoC6\pdl\drivers/peripheral/syspm/cy_syspm.h **** * its GPIO configured state. 
2340:Generated_Source\PSoC6\pdl\drivers/peripheral/syspm/cy_syspm.h **** *
2341:Generated_Source\PSoC6\pdl\drivers/peripheral/syspm/cy_syspm.h **** * \warning
2342:Generated_Source\PSoC6\pdl\drivers/peripheral/syspm/cy_syspm.h **** * The PMIC controller output is enabled automatically when you call 
ARM GAS  C:\Users\Finik\AppData\Local\Temp\ccXrCYub.s 			page 106


2343:Generated_Source\PSoC6\pdl\drivers/peripheral/syspm/cy_syspm.h **** * Cy_SysPm_PmicLock(). To keep the PMIC controller output disabled, the PMIC
2344:Generated_Source\PSoC6\pdl\drivers/peripheral/syspm/cy_syspm.h **** * controller must remain unlocked.
2345:Generated_Source\PSoC6\pdl\drivers/peripheral/syspm/cy_syspm.h **** *
2346:Generated_Source\PSoC6\pdl\drivers/peripheral/syspm/cy_syspm.h **** * \funcusage
2347:Generated_Source\PSoC6\pdl\drivers/peripheral/syspm/cy_syspm.h **** * \snippet syspm/4.0/snippet/main.c snippet_Cy_SysPm_PmicDisableOutput
2348:Generated_Source\PSoC6\pdl\drivers/peripheral/syspm/cy_syspm.h **** *
2349:Generated_Source\PSoC6\pdl\drivers/peripheral/syspm/cy_syspm.h **** *******************************************************************************/
2350:Generated_Source\PSoC6\pdl\drivers/peripheral/syspm/cy_syspm.h **** __STATIC_INLINE void Cy_SysPm_PmicDisableOutput(void)
2351:Generated_Source\PSoC6\pdl\drivers/peripheral/syspm/cy_syspm.h **** {
2352:Generated_Source\PSoC6\pdl\drivers/peripheral/syspm/cy_syspm.h ****     if (CY_SYSPM_PMIC_UNLOCK_KEY == _FLD2VAL(BACKUP_PMIC_CTL_UNLOCK, BACKUP_PMIC_CTL))
2353:Generated_Source\PSoC6\pdl\drivers/peripheral/syspm/cy_syspm.h ****     {
2354:Generated_Source\PSoC6\pdl\drivers/peripheral/syspm/cy_syspm.h ****         BACKUP_PMIC_CTL = 
2355:Generated_Source\PSoC6\pdl\drivers/peripheral/syspm/cy_syspm.h ****         (BACKUP_PMIC_CTL | _VAL2FLD(BACKUP_PMIC_CTL_UNLOCK, CY_SYSPM_PMIC_UNLOCK_KEY)) &
2356:Generated_Source\PSoC6\pdl\drivers/peripheral/syspm/cy_syspm.h ****         ((uint32_t) ~ _VAL2FLD(BACKUP_PMIC_CTL_PMIC_EN_OUTEN, 1U));
2357:Generated_Source\PSoC6\pdl\drivers/peripheral/syspm/cy_syspm.h ****     } 
2358:Generated_Source\PSoC6\pdl\drivers/peripheral/syspm/cy_syspm.h **** }
2359:Generated_Source\PSoC6\pdl\drivers/peripheral/syspm/cy_syspm.h **** 
2360:Generated_Source\PSoC6\pdl\drivers/peripheral/syspm/cy_syspm.h **** 
2361:Generated_Source\PSoC6\pdl\drivers/peripheral/syspm/cy_syspm.h **** /*******************************************************************************
2362:Generated_Source\PSoC6\pdl\drivers/peripheral/syspm/cy_syspm.h **** * Function Name: Cy_SysPm_PmicLock
2363:Generated_Source\PSoC6\pdl\drivers/peripheral/syspm/cy_syspm.h **** ****************************************************************************//**
2364:Generated_Source\PSoC6\pdl\drivers/peripheral/syspm/cy_syspm.h **** *
2365:Generated_Source\PSoC6\pdl\drivers/peripheral/syspm/cy_syspm.h **** * Locks the PMIC control controller register so that no changes can be made. 
2366:Generated_Source\PSoC6\pdl\drivers/peripheral/syspm/cy_syspm.h **** * The changes are related to PMIC enabling/disabling and PMIC output pin 
2367:Generated_Source\PSoC6\pdl\drivers/peripheral/syspm/cy_syspm.h **** * enabling/disabling.
2368:Generated_Source\PSoC6\pdl\drivers/peripheral/syspm/cy_syspm.h **** *
2369:Generated_Source\PSoC6\pdl\drivers/peripheral/syspm/cy_syspm.h **** * \warning
2370:Generated_Source\PSoC6\pdl\drivers/peripheral/syspm/cy_syspm.h **** * The PMIC controller and/or the PMIC output are enabled automatically when 
2371:Generated_Source\PSoC6\pdl\drivers/peripheral/syspm/cy_syspm.h **** * you call Cy_SysPm_PmicLock(). To keep the PMIC or PMIC controller output 
2372:Generated_Source\PSoC6\pdl\drivers/peripheral/syspm/cy_syspm.h **** * disabled, the PMIC controller must remain unlocked.
2373:Generated_Source\PSoC6\pdl\drivers/peripheral/syspm/cy_syspm.h **** *
2374:Generated_Source\PSoC6\pdl\drivers/peripheral/syspm/cy_syspm.h **** * \funcusage
2375:Generated_Source\PSoC6\pdl\drivers/peripheral/syspm/cy_syspm.h **** * \snippet syspm/4.0/snippet/main.c snippet_Cy_SysPm_PmicLock
2376:Generated_Source\PSoC6\pdl\drivers/peripheral/syspm/cy_syspm.h **** *
2377:Generated_Source\PSoC6\pdl\drivers/peripheral/syspm/cy_syspm.h **** *******************************************************************************/
2378:Generated_Source\PSoC6\pdl\drivers/peripheral/syspm/cy_syspm.h **** __STATIC_INLINE void Cy_SysPm_PmicLock(void)
2379:Generated_Source\PSoC6\pdl\drivers/peripheral/syspm/cy_syspm.h **** {
2380:Generated_Source\PSoC6\pdl\drivers/peripheral/syspm/cy_syspm.h ****     BACKUP_PMIC_CTL = _CLR_SET_FLD32U(BACKUP_PMIC_CTL, BACKUP_PMIC_CTL_UNLOCK, 0U);
2381:Generated_Source\PSoC6\pdl\drivers/peripheral/syspm/cy_syspm.h **** }
2382:Generated_Source\PSoC6\pdl\drivers/peripheral/syspm/cy_syspm.h **** 
2383:Generated_Source\PSoC6\pdl\drivers/peripheral/syspm/cy_syspm.h **** 
2384:Generated_Source\PSoC6\pdl\drivers/peripheral/syspm/cy_syspm.h **** /*******************************************************************************
2385:Generated_Source\PSoC6\pdl\drivers/peripheral/syspm/cy_syspm.h **** * Function Name: Cy_SysPm_PmicUnlock
2386:Generated_Source\PSoC6\pdl\drivers/peripheral/syspm/cy_syspm.h **** ****************************************************************************//**
2387:Generated_Source\PSoC6\pdl\drivers/peripheral/syspm/cy_syspm.h **** *
2388:Generated_Source\PSoC6\pdl\drivers/peripheral/syspm/cy_syspm.h **** * Unlocks the PMIC control register so that changes can be made. The changes are
2389:Generated_Source\PSoC6\pdl\drivers/peripheral/syspm/cy_syspm.h **** * related to the PMIC controller enabling/disabling and PMIC output pin 
2390:Generated_Source\PSoC6\pdl\drivers/peripheral/syspm/cy_syspm.h **** * enabling/disabling.
2391:Generated_Source\PSoC6\pdl\drivers/peripheral/syspm/cy_syspm.h **** *
2392:Generated_Source\PSoC6\pdl\drivers/peripheral/syspm/cy_syspm.h **** * \warning
2393:Generated_Source\PSoC6\pdl\drivers/peripheral/syspm/cy_syspm.h **** * The PMIC controller and/or the PMIC output are enabled automatically when 
2394:Generated_Source\PSoC6\pdl\drivers/peripheral/syspm/cy_syspm.h **** * you call Cy_SysPm_PmicLock(). To keep the PMIC controller or PMIC output 
2395:Generated_Source\PSoC6\pdl\drivers/peripheral/syspm/cy_syspm.h **** * disabled, the PMIC must remain unlocked.
2396:Generated_Source\PSoC6\pdl\drivers/peripheral/syspm/cy_syspm.h **** *
2397:Generated_Source\PSoC6\pdl\drivers/peripheral/syspm/cy_syspm.h **** * \funcusage
2398:Generated_Source\PSoC6\pdl\drivers/peripheral/syspm/cy_syspm.h **** * \snippet syspm/4.0/snippet/main.c snippet_Cy_SysPm_PmicEnable
2399:Generated_Source\PSoC6\pdl\drivers/peripheral/syspm/cy_syspm.h **** *
ARM GAS  C:\Users\Finik\AppData\Local\Temp\ccXrCYub.s 			page 107


2400:Generated_Source\PSoC6\pdl\drivers/peripheral/syspm/cy_syspm.h **** *******************************************************************************/
2401:Generated_Source\PSoC6\pdl\drivers/peripheral/syspm/cy_syspm.h **** __STATIC_INLINE void Cy_SysPm_PmicUnlock(void)
2402:Generated_Source\PSoC6\pdl\drivers/peripheral/syspm/cy_syspm.h **** {
2403:Generated_Source\PSoC6\pdl\drivers/peripheral/syspm/cy_syspm.h ****     BACKUP_PMIC_CTL = _CLR_SET_FLD32U(BACKUP_PMIC_CTL, BACKUP_PMIC_CTL_UNLOCK, CY_SYSPM_PMIC_UNLOCK
 554              		.loc 3 2403 0
 555 0044 224A     		ldr	r2, .L19+8
 556 0046 516C     		ldr	r1, [r2, #68]
 557 0048 224B     		ldr	r3, .L19+12
 558 004a 0B40     		ands	r3, r1
 559 004c E821     		movs	r1, #232
 560 004e 8901     		lsls	r1, r1, #6
 561 0050 0B43     		orrs	r3, r1
 562 0052 5364     		str	r3, [r2, #68]
 563              	.LBE132:
 564              	.LBE131:
 565              	.LBB133:
 566              	.LBB134:
2352:Generated_Source\PSoC6\pdl\drivers/peripheral/syspm/cy_syspm.h ****     {
 567              		.loc 3 2352 0
 568 0054 536C     		ldr	r3, [r2, #68]
 569 0056 1B0A     		lsrs	r3, r3, #8
 570 0058 FF22     		movs	r2, #255
 571 005a 1340     		ands	r3, r2
 572 005c 3A2B     		cmp	r3, #58
 573 005e 07D1     		bne	.L18
2355:Generated_Source\PSoC6\pdl\drivers/peripheral/syspm/cy_syspm.h ****         ((uint32_t) ~ _VAL2FLD(BACKUP_PMIC_CTL_PMIC_EN_OUTEN, 1U));
 574              		.loc 3 2355 0
 575 0060 1B4A     		ldr	r2, .L19+8
 576 0062 516C     		ldr	r1, [r2, #68]
 577 0064 1C4B     		ldr	r3, .L19+16
 578 0066 0B40     		ands	r3, r1
 579 0068 E821     		movs	r1, #232
 580 006a 8901     		lsls	r1, r1, #6
 581 006c 0B43     		orrs	r3, r1
2354:Generated_Source\PSoC6\pdl\drivers/peripheral/syspm/cy_syspm.h ****         (BACKUP_PMIC_CTL | _VAL2FLD(BACKUP_PMIC_CTL_UNLOCK, CY_SYSPM_PMIC_UNLOCK_KEY)) &
 582              		.loc 3 2354 0
 583 006e 5364     		str	r3, [r2, #68]
 584              	.L18:
 585              	.LBE134:
 586              	.LBE133:
 279:Generated_Source\PSoC6/cyfitter_cfg.c **** 
 280:Generated_Source\PSoC6/cyfitter_cfg.c **** 	/* PMIC Control */
 281:Generated_Source\PSoC6/cyfitter_cfg.c **** 	Cy_SysPm_UnlockPmic();
 282:Generated_Source\PSoC6/cyfitter_cfg.c **** 	Cy_SysPm_DisablePmicOutput();
 283:Generated_Source\PSoC6/cyfitter_cfg.c **** 
 284:Generated_Source\PSoC6/cyfitter_cfg.c **** 	/* Perform Trigger Mux configuration */
 285:Generated_Source\PSoC6/cyfitter_cfg.c **** 	(void)Cy_TrigMux_Connect(TRIG14_IN_PASS_TR_CTDAC_EMPTY, TRIG14_OUT_TR_GROUP0_INPUT50, CY_TR_MUX_TR
 587              		.loc 1 285 0
 588 0070 0023     		movs	r3, #0
 589 0072 0022     		movs	r2, #0
 590 0074 1949     		ldr	r1, .L19+20
 591 0076 1A48     		ldr	r0, .L19+24
 592 0078 FFF7FEFF 		bl	Cy_TrigMux_Connect
 593              	.LVL41:
 286:Generated_Source\PSoC6/cyfitter_cfg.c **** 	(void)Cy_TrigMux_Connect(TRIG0_IN_TR_GROUP14_OUTPUT7, TRIG0_OUT_CPUSS_DW0_TR_IN0, CY_TR_MUX_TR_INV
 594              		.loc 1 286 0
 595 007c 0123     		movs	r3, #1
ARM GAS  C:\Users\Finik\AppData\Local\Temp\ccXrCYub.s 			page 108


 596 007e 0022     		movs	r2, #0
 597 0080 8021     		movs	r1, #128
 598 0082 C905     		lsls	r1, r1, #23
 599 0084 3220     		movs	r0, #50
 600 0086 FFF7FEFF 		bl	Cy_TrigMux_Connect
 601              	.LVL42:
 287:Generated_Source\PSoC6/cyfitter_cfg.c **** 
 288:Generated_Source\PSoC6/cyfitter_cfg.c **** 	/* Clock */
 289:Generated_Source\PSoC6/cyfitter_cfg.c **** 	ClockInit();
 602              		.loc 1 289 0
 603 008a FFF7FEFF 		bl	ClockInit
 604              	.LVL43:
 605              	.LBB135:
 290:Generated_Source\PSoC6/cyfitter_cfg.c **** 
 291:Generated_Source\PSoC6/cyfitter_cfg.c **** 	/* Port6 configuration */
 292:Generated_Source\PSoC6/cyfitter_cfg.c **** 	{
 293:Generated_Source\PSoC6/cyfitter_cfg.c **** 	    const cy_stc_gpio_prt_config_t port6_cfg =
 606              		.loc 1 293 0
 607 008e 01AC     		add	r4, sp, #4
 608 0090 2200     		movs	r2, r4
 609 0092 144B     		ldr	r3, .L19+28
 610 0094 1433     		adds	r3, r3, #20
 611 0096 23CB     		ldmia	r3!, {r0, r1, r5}
 612 0098 23C2     		stmia	r2!, {r0, r1, r5}
 613 009a 23CB     		ldmia	r3!, {r0, r1, r5}
 614 009c 23C2     		stmia	r2!, {r0, r1, r5}
 615 009e 23CB     		ldmia	r3!, {r0, r1, r5}
 616 00a0 23C2     		stmia	r2!, {r0, r1, r5}
 294:Generated_Source\PSoC6/cyfitter_cfg.c **** 	    {
 295:Generated_Source\PSoC6/cyfitter_cfg.c **** 	        .out        = 0x00000000u,
 296:Generated_Source\PSoC6/cyfitter_cfg.c **** 	        .intrMask   = 0x00000000u,
 297:Generated_Source\PSoC6/cyfitter_cfg.c **** 	        .intrCfg    = 0x00000000u,
 298:Generated_Source\PSoC6/cyfitter_cfg.c **** 	        .cfg        = 0xBA000000u,
 299:Generated_Source\PSoC6/cyfitter_cfg.c **** 	        .cfgIn      = 0x00000000u,
 300:Generated_Source\PSoC6/cyfitter_cfg.c **** 	        .cfgOut     = 0x00000000u,
 301:Generated_Source\PSoC6/cyfitter_cfg.c **** 	        .cfgSIO     = 0x00000000u,
 302:Generated_Source\PSoC6/cyfitter_cfg.c **** 	        .sel0Active = 0x00000000u,
 303:Generated_Source\PSoC6/cyfitter_cfg.c **** 	        .sel1Active = 0x1D1D0000u,
 304:Generated_Source\PSoC6/cyfitter_cfg.c **** 	    };
 305:Generated_Source\PSoC6/cyfitter_cfg.c **** 	    (void)Cy_GPIO_Port_Init(GPIO_PRT6, &port6_cfg);
 617              		.loc 1 305 0
 618 00a2 2100     		movs	r1, r4
 619 00a4 1048     		ldr	r0, .L19+32
 620 00a6 FFF7FEFF 		bl	Cy_GPIO_Port_Init
 621              	.LVL44:
 622              	.LBE135:
 623              	.LBB136:
 306:Generated_Source\PSoC6/cyfitter_cfg.c **** 	}
 307:Generated_Source\PSoC6/cyfitter_cfg.c **** 
 308:Generated_Source\PSoC6/cyfitter_cfg.c **** 	/* Port9 configuration */
 309:Generated_Source\PSoC6/cyfitter_cfg.c **** 	{
 310:Generated_Source\PSoC6/cyfitter_cfg.c **** 	    const cy_stc_gpio_prt_config_t port9_cfg =
 624              		.loc 1 310 0
 625 00aa 2422     		movs	r2, #36
 626 00ac 0021     		movs	r1, #0
 627 00ae 2000     		movs	r0, r4
 628 00b0 FFF7FEFF 		bl	memset
ARM GAS  C:\Users\Finik\AppData\Local\Temp\ccXrCYub.s 			page 109


 629              	.LVL45:
 630 00b4 4023     		movs	r3, #64
 631 00b6 0193     		str	r3, [sp, #4]
 311:Generated_Source\PSoC6/cyfitter_cfg.c **** 	    {
 312:Generated_Source\PSoC6/cyfitter_cfg.c **** 	        .out        = 0x00000040u,
 313:Generated_Source\PSoC6/cyfitter_cfg.c **** 	        .intrMask   = 0x00000000u,
 314:Generated_Source\PSoC6/cyfitter_cfg.c **** 	        .intrCfg    = 0x00000000u,
 315:Generated_Source\PSoC6/cyfitter_cfg.c **** 	        .cfg        = 0x00000000u,
 316:Generated_Source\PSoC6/cyfitter_cfg.c **** 	        .cfgIn      = 0x00000000u,
 317:Generated_Source\PSoC6/cyfitter_cfg.c **** 	        .cfgOut     = 0x00000000u,
 318:Generated_Source\PSoC6/cyfitter_cfg.c **** 	        .cfgSIO     = 0x00000000u,
 319:Generated_Source\PSoC6/cyfitter_cfg.c **** 	        .sel0Active = 0x00000000u,
 320:Generated_Source\PSoC6/cyfitter_cfg.c **** 	        .sel1Active = 0x00000000u,
 321:Generated_Source\PSoC6/cyfitter_cfg.c **** 	    };
 322:Generated_Source\PSoC6/cyfitter_cfg.c **** 	    (void)Cy_GPIO_Port_Init(GPIO_PRT9, &port9_cfg);
 632              		.loc 1 322 0
 633 00b8 2100     		movs	r1, r4
 634 00ba 0C48     		ldr	r0, .L19+36
 635 00bc FFF7FEFF 		bl	Cy_GPIO_Port_Init
 636              	.LVL46:
 637              	.LBE136:
 323:Generated_Source\PSoC6/cyfitter_cfg.c **** 	}
 324:Generated_Source\PSoC6/cyfitter_cfg.c **** 
 325:Generated_Source\PSoC6/cyfitter_cfg.c **** 
 326:Generated_Source\PSoC6/cyfitter_cfg.c **** 	/* Perform basic analog initialization to defaults */
 327:Generated_Source\PSoC6/cyfitter_cfg.c **** 	AnalogSetDefault();
 638              		.loc 1 327 0
 639 00c0 FFF7FEFF 		bl	AnalogSetDefault
 640              	.LVL47:
 328:Generated_Source\PSoC6/cyfitter_cfg.c **** 
 329:Generated_Source\PSoC6/cyfitter_cfg.c **** }
 641              		.loc 1 329 0
 642 00c4 0BB0     		add	sp, sp, #44
 643              		@ sp needed
 644 00c6 30BD     		pop	{r4, r5, pc}
 645              	.L20:
 646              		.align	2
 647              	.L19:
 648 00c8 00002640 		.word	1076232192
 649 00cc 0C050000 		.word	1292
 650 00d0 00002740 		.word	1076297728
 651 00d4 FF00FFFF 		.word	-65281
 652 00d8 FFC5FFDF 		.word	-536885761
 653 00dc 070E0040 		.word	1073745415
 654 00e0 160E0000 		.word	3606
 655 00e4 00000000 		.word	.LANCHOR0
 656 00e8 00033240 		.word	1077019392
 657 00ec 80043240 		.word	1077019776
 658              		.cfi_endproc
 659              	.LFE190:
 660              		.size	Cy_SystemInit, .-Cy_SystemInit
 661              		.section	.rodata
 662              		.align	2
 663              		.set	.LANCHOR0,. + 0
 664              	.LC1:
 665 0000 F4010000 		.word	500
 666 0004 1400     		.short	20
ARM GAS  C:\Users\Finik\AppData\Local\Temp\ccXrCYub.s 			page 110


 667 0006 04       		.byte	4
 668 0007 01       		.byte	1
 669 0008 0A00     		.short	10
 670 000a 09       		.byte	9
 671 000b 05       		.byte	5
 672 000c 0800     		.short	8
 673 000e 00       		.byte	0
 674 000f 00       		.space	1
 675 0010 6301     		.short	355
 676 0012 0000     		.space	2
 677              	.LC0:
 678 0014 00000000 		.word	0
 679 0018 00000000 		.word	0
 680 001c 00000000 		.word	0
 681 0020 000000BA 		.word	-1174405120
 682 0024 00000000 		.word	0
 683 0028 00000000 		.word	0
 684 002c 00000000 		.word	0
 685 0030 00000000 		.word	0
 686 0034 00001D1D 		.word	488439808
 687              		.text
 688              	.Letext0:
 689              		.file 4 "d:\\psoc creator\\4.4\\psoc creator\\import\\gnu\\arm\\5.4.1\\arm-none-eabi\\include\\mac
 690              		.file 5 "d:\\psoc creator\\4.4\\psoc creator\\import\\gnu\\arm\\5.4.1\\arm-none-eabi\\include\\sys
 691              		.file 6 "Generated_Source\\PSoC6\\pdl\\devices/psoc6/include/psoc6_01_config.h"
 692              		.file 7 "Generated_Source\\PSoC6\\pdl\\devices/psoc6/include/ip/cyip_peri.h"
 693              		.file 8 "Generated_Source\\PSoC6\\pdl\\devices/psoc6/include/ip/cyip_srss.h"
 694              		.file 9 "Generated_Source\\PSoC6\\pdl\\devices/psoc6/include/ip/cyip_backup.h"
 695              		.file 10 "Generated_Source\\PSoC6\\pdl\\devices/psoc6/include/ip/cyip_gpio.h"
 696              		.file 11 "Generated_Source\\PSoC6\\pdl\\drivers/peripheral/device/cy_device.h"
 697              		.file 12 "Generated_Source\\PSoC6\\pdl\\drivers/peripheral/syslib/cy_syslib.h"
 698              		.file 13 "Generated_Source\\PSoC6\\pdl\\drivers/peripheral/gpio/cy_gpio.h"
 699              		.file 14 "Generated_Source\\PSoC6\\pdl\\drivers/peripheral/systick/cy_systick.h"
 700              		.file 15 "Generated_Source\\PSoC6\\pdl\\drivers/peripheral/trigmux/cy_trigmux.h"
 701              		.section	.debug_info,"",%progbits
 702              	.Ldebug_info0:
 703 0000 0B260000 		.4byte	0x260b
 704 0004 0400     		.2byte	0x4
 705 0006 00000000 		.4byte	.Ldebug_abbrev0
 706 000a 04       		.byte	0x4
 707 000b 01       		.uleb128 0x1
 708 000c 08080000 		.4byte	.LASF658
 709 0010 0C       		.byte	0xc
 710 0011 B62D0000 		.4byte	.LASF659
 711 0015 9A080000 		.4byte	.LASF660
 712 0019 00000000 		.4byte	.Ldebug_ranges0+0
 713 001d 00000000 		.4byte	0
 714 0021 00000000 		.4byte	.Ldebug_line0
 715 0025 02       		.uleb128 0x2
 716 0026 04       		.byte	0x4
 717 0027 05       		.byte	0x5
 718 0028 696E7400 		.ascii	"int\000"
 719 002c 03       		.uleb128 0x3
 720 002d 04       		.byte	0x4
 721 002e 07       		.byte	0x7
 722 002f 991F0000 		.4byte	.LASF0
 723 0033 03       		.uleb128 0x3
ARM GAS  C:\Users\Finik\AppData\Local\Temp\ccXrCYub.s 			page 111


 724 0034 08       		.byte	0x8
 725 0035 05       		.byte	0x5
 726 0036 371B0000 		.4byte	.LASF1
 727 003a 03       		.uleb128 0x3
 728 003b 08       		.byte	0x8
 729 003c 04       		.byte	0x4
 730 003d 0B250000 		.4byte	.LASF2
 731 0041 03       		.uleb128 0x3
 732 0042 01       		.byte	0x1
 733 0043 06       		.byte	0x6
 734 0044 F52E0000 		.4byte	.LASF3
 735 0048 04       		.uleb128 0x4
 736 0049 A1050000 		.4byte	.LASF5
 737 004d 04       		.byte	0x4
 738 004e 1D       		.byte	0x1d
 739 004f 53000000 		.4byte	0x53
 740 0053 03       		.uleb128 0x3
 741 0054 01       		.byte	0x1
 742 0055 08       		.byte	0x8
 743 0056 89230000 		.4byte	.LASF4
 744 005a 04       		.uleb128 0x4
 745 005b 9A2A0000 		.4byte	.LASF6
 746 005f 04       		.byte	0x4
 747 0060 29       		.byte	0x29
 748 0061 65000000 		.4byte	0x65
 749 0065 03       		.uleb128 0x3
 750 0066 02       		.byte	0x2
 751 0067 05       		.byte	0x5
 752 0068 1B2D0000 		.4byte	.LASF7
 753 006c 04       		.uleb128 0x4
 754 006d BE100000 		.4byte	.LASF8
 755 0071 04       		.byte	0x4
 756 0072 2B       		.byte	0x2b
 757 0073 77000000 		.4byte	0x77
 758 0077 03       		.uleb128 0x3
 759 0078 02       		.byte	0x2
 760 0079 07       		.byte	0x7
 761 007a 43310000 		.4byte	.LASF9
 762 007e 03       		.uleb128 0x3
 763 007f 04       		.byte	0x4
 764 0080 05       		.byte	0x5
 765 0081 F6060000 		.4byte	.LASF10
 766 0085 04       		.uleb128 0x4
 767 0086 031B0000 		.4byte	.LASF11
 768 008a 04       		.byte	0x4
 769 008b 41       		.byte	0x41
 770 008c 90000000 		.4byte	0x90
 771 0090 03       		.uleb128 0x3
 772 0091 04       		.byte	0x4
 773 0092 07       		.byte	0x7
 774 0093 AD170000 		.4byte	.LASF12
 775 0097 03       		.uleb128 0x3
 776 0098 08       		.byte	0x8
 777 0099 07       		.byte	0x7
 778 009a BC260000 		.4byte	.LASF13
 779 009e 03       		.uleb128 0x3
 780 009f 04       		.byte	0x4
ARM GAS  C:\Users\Finik\AppData\Local\Temp\ccXrCYub.s 			page 112


 781 00a0 07       		.byte	0x7
 782 00a1 BA000000 		.4byte	.LASF14
 783 00a5 03       		.uleb128 0x3
 784 00a6 01       		.byte	0x1
 785 00a7 08       		.byte	0x8
 786 00a8 2F100000 		.4byte	.LASF15
 787 00ac 04       		.uleb128 0x4
 788 00ad F5090000 		.4byte	.LASF16
 789 00b1 05       		.byte	0x5
 790 00b2 18       		.byte	0x18
 791 00b3 48000000 		.4byte	0x48
 792 00b7 04       		.uleb128 0x4
 793 00b8 AE2D0000 		.4byte	.LASF17
 794 00bc 05       		.byte	0x5
 795 00bd 20       		.byte	0x20
 796 00be 5A000000 		.4byte	0x5a
 797 00c2 04       		.uleb128 0x4
 798 00c3 F7260000 		.4byte	.LASF18
 799 00c7 05       		.byte	0x5
 800 00c8 24       		.byte	0x24
 801 00c9 6C000000 		.4byte	0x6c
 802 00cd 04       		.uleb128 0x4
 803 00ce ED2F0000 		.4byte	.LASF19
 804 00d2 05       		.byte	0x5
 805 00d3 30       		.byte	0x30
 806 00d4 85000000 		.4byte	0x85
 807 00d8 05       		.uleb128 0x5
 808 00d9 CD000000 		.4byte	0xcd
 809 00dd 06       		.uleb128 0x6
 810 00de D8000000 		.4byte	0xd8
 811 00e2 07       		.uleb128 0x7
 812 00e3 01       		.byte	0x1
 813 00e4 53000000 		.4byte	0x53
 814 00e8 06       		.byte	0x6
 815 00e9 18       		.byte	0x18
 816 00ea 51020000 		.4byte	0x251
 817 00ee 08       		.uleb128 0x8
 818 00ef 30170000 		.4byte	.LASF20
 819 00f3 00       		.byte	0
 820 00f4 08       		.uleb128 0x8
 821 00f5 B22B0000 		.4byte	.LASF21
 822 00f9 01       		.byte	0x1
 823 00fa 08       		.uleb128 0x8
 824 00fb 782D0000 		.4byte	.LASF22
 825 00ff 02       		.byte	0x2
 826 0100 08       		.uleb128 0x8
 827 0101 992F0000 		.4byte	.LASF23
 828 0105 03       		.byte	0x3
 829 0106 08       		.uleb128 0x8
 830 0107 D5300000 		.4byte	.LASF24
 831 010b 04       		.byte	0x4
 832 010c 08       		.uleb128 0x8
 833 010d 23340000 		.4byte	.LASF25
 834 0111 05       		.byte	0x5
 835 0112 08       		.uleb128 0x8
 836 0113 CA000000 		.4byte	.LASF26
 837 0117 06       		.byte	0x6
ARM GAS  C:\Users\Finik\AppData\Local\Temp\ccXrCYub.s 			page 113


 838 0118 08       		.uleb128 0x8
 839 0119 14030000 		.4byte	.LASF27
 840 011d 07       		.byte	0x7
 841 011e 08       		.uleb128 0x8
 842 011f 91050000 		.4byte	.LASF28
 843 0123 08       		.byte	0x8
 844 0124 08       		.uleb128 0x8
 845 0125 451B0000 		.4byte	.LASF29
 846 0129 09       		.byte	0x9
 847 012a 08       		.uleb128 0x8
 848 012b 561B0000 		.4byte	.LASF30
 849 012f 0A       		.byte	0xa
 850 0130 08       		.uleb128 0x8
 851 0131 671B0000 		.4byte	.LASF31
 852 0135 0B       		.byte	0xb
 853 0136 08       		.uleb128 0x8
 854 0137 781B0000 		.4byte	.LASF32
 855 013b 0C       		.byte	0xc
 856 013c 08       		.uleb128 0x8
 857 013d 891B0000 		.4byte	.LASF33
 858 0141 0D       		.byte	0xd
 859 0142 08       		.uleb128 0x8
 860 0143 9A1B0000 		.4byte	.LASF34
 861 0147 0E       		.byte	0xe
 862 0148 08       		.uleb128 0x8
 863 0149 AB1B0000 		.4byte	.LASF35
 864 014d 0F       		.byte	0xf
 865 014e 08       		.uleb128 0x8
 866 014f BC1B0000 		.4byte	.LASF36
 867 0153 10       		.byte	0x10
 868 0154 08       		.uleb128 0x8
 869 0155 3F000000 		.4byte	.LASF37
 870 0159 11       		.byte	0x11
 871 015a 08       		.uleb128 0x8
 872 015b 0F150000 		.4byte	.LASF38
 873 015f 12       		.byte	0x12
 874 0160 08       		.uleb128 0x8
 875 0161 A2190000 		.4byte	.LASF39
 876 0165 13       		.byte	0x13
 877 0166 08       		.uleb128 0x8
 878 0167 B6190000 		.4byte	.LASF40
 879 016b 14       		.byte	0x14
 880 016c 08       		.uleb128 0x8
 881 016d 2A2C0000 		.4byte	.LASF41
 882 0171 15       		.byte	0x15
 883 0172 08       		.uleb128 0x8
 884 0173 CF190000 		.4byte	.LASF42
 885 0177 16       		.byte	0x16
 886 0178 08       		.uleb128 0x8
 887 0179 26060000 		.4byte	.LASF43
 888 017d 17       		.byte	0x17
 889 017e 08       		.uleb128 0x8
 890 017f E8190000 		.4byte	.LASF44
 891 0183 18       		.byte	0x18
 892 0184 08       		.uleb128 0x8
 893 0185 FC190000 		.4byte	.LASF45
 894 0189 19       		.byte	0x19
ARM GAS  C:\Users\Finik\AppData\Local\Temp\ccXrCYub.s 			page 114


 895 018a 08       		.uleb128 0x8
 896 018b 101A0000 		.4byte	.LASF46
 897 018f 1A       		.byte	0x1a
 898 0190 08       		.uleb128 0x8
 899 0191 6F250000 		.4byte	.LASF47
 900 0195 1B       		.byte	0x1b
 901 0196 08       		.uleb128 0x8
 902 0197 83250000 		.4byte	.LASF48
 903 019b 1C       		.byte	0x1c
 904 019c 08       		.uleb128 0x8
 905 019d 97250000 		.4byte	.LASF49
 906 01a1 1D       		.byte	0x1d
 907 01a2 08       		.uleb128 0x8
 908 01a3 AB250000 		.4byte	.LASF50
 909 01a7 1E       		.byte	0x1e
 910 01a8 08       		.uleb128 0x8
 911 01a9 BF250000 		.4byte	.LASF51
 912 01ad 1F       		.byte	0x1f
 913 01ae 08       		.uleb128 0x8
 914 01af D3250000 		.4byte	.LASF52
 915 01b3 20       		.byte	0x20
 916 01b4 08       		.uleb128 0x8
 917 01b5 E7250000 		.4byte	.LASF53
 918 01b9 21       		.byte	0x21
 919 01ba 08       		.uleb128 0x8
 920 01bb FB250000 		.4byte	.LASF54
 921 01bf 22       		.byte	0x22
 922 01c0 08       		.uleb128 0x8
 923 01c1 0F260000 		.4byte	.LASF55
 924 01c5 23       		.byte	0x23
 925 01c6 08       		.uleb128 0x8
 926 01c7 23260000 		.4byte	.LASF56
 927 01cb 24       		.byte	0x24
 928 01cc 08       		.uleb128 0x8
 929 01cd E10D0000 		.4byte	.LASF57
 930 01d1 25       		.byte	0x25
 931 01d2 08       		.uleb128 0x8
 932 01d3 000E0000 		.4byte	.LASF58
 933 01d7 26       		.byte	0x26
 934 01d8 08       		.uleb128 0x8
 935 01d9 1D0E0000 		.4byte	.LASF59
 936 01dd 27       		.byte	0x27
 937 01de 08       		.uleb128 0x8
 938 01df 320E0000 		.4byte	.LASF60
 939 01e3 28       		.byte	0x28
 940 01e4 08       		.uleb128 0x8
 941 01e5 980A0000 		.4byte	.LASF61
 942 01e9 29       		.byte	0x29
 943 01ea 08       		.uleb128 0x8
 944 01eb 33110000 		.4byte	.LASF62
 945 01ef 2A       		.byte	0x2a
 946 01f0 08       		.uleb128 0x8
 947 01f1 48110000 		.4byte	.LASF63
 948 01f5 2B       		.byte	0x2b
 949 01f6 08       		.uleb128 0x8
 950 01f7 64110000 		.4byte	.LASF64
 951 01fb 2C       		.byte	0x2c
ARM GAS  C:\Users\Finik\AppData\Local\Temp\ccXrCYub.s 			page 115


 952 01fc 08       		.uleb128 0x8
 953 01fd 49140000 		.4byte	.LASF65
 954 0201 2D       		.byte	0x2d
 955 0202 08       		.uleb128 0x8
 956 0203 5E140000 		.4byte	.LASF66
 957 0207 2E       		.byte	0x2e
 958 0208 08       		.uleb128 0x8
 959 0209 611A0000 		.4byte	.LASF67
 960 020d 2F       		.byte	0x2f
 961 020e 08       		.uleb128 0x8
 962 020f 8C0D0000 		.4byte	.LASF68
 963 0213 30       		.byte	0x30
 964 0214 08       		.uleb128 0x8
 965 0215 A10D0000 		.4byte	.LASF69
 966 0219 31       		.byte	0x31
 967 021a 08       		.uleb128 0x8
 968 021b B60D0000 		.4byte	.LASF70
 969 021f 32       		.byte	0x32
 970 0220 08       		.uleb128 0x8
 971 0221 49270000 		.4byte	.LASF71
 972 0225 33       		.byte	0x33
 973 0226 08       		.uleb128 0x8
 974 0227 012F0000 		.4byte	.LASF72
 975 022b 34       		.byte	0x34
 976 022c 08       		.uleb128 0x8
 977 022d 6C040000 		.4byte	.LASF73
 978 0231 35       		.byte	0x35
 979 0232 08       		.uleb128 0x8
 980 0233 ED210000 		.4byte	.LASF74
 981 0237 36       		.byte	0x36
 982 0238 08       		.uleb128 0x8
 983 0239 99140000 		.4byte	.LASF75
 984 023d 37       		.byte	0x37
 985 023e 08       		.uleb128 0x8
 986 023f 97230000 		.4byte	.LASF76
 987 0243 38       		.byte	0x38
 988 0244 08       		.uleb128 0x8
 989 0245 33020000 		.4byte	.LASF77
 990 0249 39       		.byte	0x39
 991 024a 08       		.uleb128 0x8
 992 024b 3A060000 		.4byte	.LASF78
 993 024f 3A       		.byte	0x3a
 994 0250 00       		.byte	0
 995 0251 04       		.uleb128 0x4
 996 0252 FD090000 		.4byte	.LASF79
 997 0256 06       		.byte	0x6
 998 0257 54       		.byte	0x54
 999 0258 E2000000 		.4byte	0xe2
 1000 025c 07       		.uleb128 0x7
 1001 025d 01       		.byte	0x1
 1002 025e 53000000 		.4byte	0x53
 1003 0262 06       		.byte	0x6
 1004 0263 5D       		.byte	0x5d
 1005 0264 9B030000 		.4byte	0x39b
 1006 0268 08       		.uleb128 0x8
 1007 0269 E2080000 		.4byte	.LASF80
 1008 026d 00       		.byte	0
ARM GAS  C:\Users\Finik\AppData\Local\Temp\ccXrCYub.s 			page 116


 1009 026e 08       		.uleb128 0x8
 1010 026f 23150000 		.4byte	.LASF81
 1011 0273 01       		.byte	0x1
 1012 0274 08       		.uleb128 0x8
 1013 0275 3F150000 		.4byte	.LASF82
 1014 0279 02       		.byte	0x2
 1015 027a 08       		.uleb128 0x8
 1016 027b 7D260000 		.4byte	.LASF83
 1017 027f 03       		.byte	0x3
 1018 0280 08       		.uleb128 0x8
 1019 0281 6F150000 		.4byte	.LASF84
 1020 0285 04       		.byte	0x4
 1021 0286 08       		.uleb128 0x8
 1022 0287 8B150000 		.4byte	.LASF85
 1023 028b 05       		.byte	0x5
 1024 028c 08       		.uleb128 0x8
 1025 028d A7150000 		.4byte	.LASF86
 1026 0291 06       		.byte	0x6
 1027 0292 08       		.uleb128 0x8
 1028 0293 C3150000 		.4byte	.LASF87
 1029 0297 07       		.byte	0x7
 1030 0298 08       		.uleb128 0x8
 1031 0299 00000000 		.4byte	.LASF88
 1032 029d 08       		.byte	0x8
 1033 029e 08       		.uleb128 0x8
 1034 029f D5200000 		.4byte	.LASF89
 1035 02a3 09       		.byte	0x9
 1036 02a4 08       		.uleb128 0x8
 1037 02a5 F1200000 		.4byte	.LASF90
 1038 02a9 0A       		.byte	0xa
 1039 02aa 08       		.uleb128 0x8
 1040 02ab 0D210000 		.4byte	.LASF91
 1041 02af 0B       		.byte	0xb
 1042 02b0 08       		.uleb128 0x8
 1043 02b1 29210000 		.4byte	.LASF92
 1044 02b5 0C       		.byte	0xc
 1045 02b6 08       		.uleb128 0x8
 1046 02b7 45210000 		.4byte	.LASF93
 1047 02bb 0D       		.byte	0xd
 1048 02bc 08       		.uleb128 0x8
 1049 02bd 61210000 		.4byte	.LASF94
 1050 02c1 0E       		.byte	0xe
 1051 02c2 08       		.uleb128 0x8
 1052 02c3 7D210000 		.4byte	.LASF95
 1053 02c7 0F       		.byte	0xf
 1054 02c8 08       		.uleb128 0x8
 1055 02c9 99210000 		.4byte	.LASF96
 1056 02cd 10       		.byte	0x10
 1057 02ce 08       		.uleb128 0x8
 1058 02cf B5210000 		.4byte	.LASF97
 1059 02d3 11       		.byte	0x11
 1060 02d4 08       		.uleb128 0x8
 1061 02d5 D1210000 		.4byte	.LASF98
 1062 02d9 12       		.byte	0x12
 1063 02da 08       		.uleb128 0x8
 1064 02db 53170000 		.4byte	.LASF99
 1065 02df 13       		.byte	0x13
ARM GAS  C:\Users\Finik\AppData\Local\Temp\ccXrCYub.s 			page 117


 1066 02e0 08       		.uleb128 0x8
 1067 02e1 10320000 		.4byte	.LASF100
 1068 02e5 14       		.byte	0x14
 1069 02e6 08       		.uleb128 0x8
 1070 02e7 2D320000 		.4byte	.LASF101
 1071 02eb 15       		.byte	0x15
 1072 02ec 08       		.uleb128 0x8
 1073 02ed 252F0000 		.4byte	.LASF102
 1074 02f1 16       		.byte	0x16
 1075 02f2 08       		.uleb128 0x8
 1076 02f3 58320000 		.4byte	.LASF103
 1077 02f7 17       		.byte	0x17
 1078 02f8 08       		.uleb128 0x8
 1079 02f9 75320000 		.4byte	.LASF104
 1080 02fd 18       		.byte	0x18
 1081 02fe 08       		.uleb128 0x8
 1082 02ff 252D0000 		.4byte	.LASF105
 1083 0303 19       		.byte	0x19
 1084 0304 08       		.uleb128 0x8
 1085 0305 412D0000 		.4byte	.LASF106
 1086 0309 1A       		.byte	0x1a
 1087 030a 08       		.uleb128 0x8
 1088 030b 37010000 		.4byte	.LASF107
 1089 030f 1B       		.byte	0x1b
 1090 0310 08       		.uleb128 0x8
 1091 0311 6D060000 		.4byte	.LASF108
 1092 0315 1C       		.byte	0x1c
 1093 0316 08       		.uleb128 0x8
 1094 0317 89060000 		.4byte	.LASF109
 1095 031b 1D       		.byte	0x1d
 1096 031c 08       		.uleb128 0x8
 1097 031d A5060000 		.4byte	.LASF110
 1098 0321 1E       		.byte	0x1e
 1099 0322 08       		.uleb128 0x8
 1100 0323 DA060000 		.4byte	.LASF111
 1101 0327 1F       		.byte	0x1f
 1102 0328 08       		.uleb128 0x8
 1103 0329 A7010000 		.4byte	.LASF112
 1104 032d 20       		.byte	0x20
 1105 032e 08       		.uleb128 0x8
 1106 032f C3010000 		.4byte	.LASF113
 1107 0333 21       		.byte	0x21
 1108 0334 08       		.uleb128 0x8
 1109 0335 DF010000 		.4byte	.LASF114
 1110 0339 22       		.byte	0x22
 1111 033a 08       		.uleb128 0x8
 1112 033b FB010000 		.4byte	.LASF115
 1113 033f 23       		.byte	0x23
 1114 0340 08       		.uleb128 0x8
 1115 0341 17020000 		.4byte	.LASF116
 1116 0345 24       		.byte	0x24
 1117 0346 08       		.uleb128 0x8
 1118 0347 A61F0000 		.4byte	.LASF117
 1119 034b 25       		.byte	0x25
 1120 034c 08       		.uleb128 0x8
 1121 034d C31F0000 		.4byte	.LASF118
 1122 0351 26       		.byte	0x26
ARM GAS  C:\Users\Finik\AppData\Local\Temp\ccXrCYub.s 			page 118


 1123 0352 08       		.uleb128 0x8
 1124 0353 E01F0000 		.4byte	.LASF119
 1125 0357 27       		.byte	0x27
 1126 0358 08       		.uleb128 0x8
 1127 0359 FD1F0000 		.4byte	.LASF120
 1128 035d 28       		.byte	0x28
 1129 035e 08       		.uleb128 0x8
 1130 035f 1A200000 		.4byte	.LASF121
 1131 0363 29       		.byte	0x29
 1132 0364 08       		.uleb128 0x8
 1133 0365 37200000 		.4byte	.LASF122
 1134 0369 2A       		.byte	0x2a
 1135 036a 08       		.uleb128 0x8
 1136 036b 5E0E0000 		.4byte	.LASF123
 1137 036f 2B       		.byte	0x2b
 1138 0370 08       		.uleb128 0x8
 1139 0371 7A0E0000 		.4byte	.LASF124
 1140 0375 2C       		.byte	0x2c
 1141 0376 08       		.uleb128 0x8
 1142 0377 960E0000 		.4byte	.LASF125
 1143 037b 2D       		.byte	0x2d
 1144 037c 08       		.uleb128 0x8
 1145 037d B20E0000 		.4byte	.LASF126
 1146 0381 2E       		.byte	0x2e
 1147 0382 08       		.uleb128 0x8
 1148 0383 CE0E0000 		.4byte	.LASF127
 1149 0387 2F       		.byte	0x2f
 1150 0388 08       		.uleb128 0x8
 1151 0389 EA0E0000 		.4byte	.LASF128
 1152 038d 30       		.byte	0x30
 1153 038e 08       		.uleb128 0x8
 1154 038f 61260000 		.4byte	.LASF129
 1155 0393 31       		.byte	0x31
 1156 0394 08       		.uleb128 0x8
 1157 0395 99260000 		.4byte	.LASF130
 1158 0399 32       		.byte	0x32
 1159 039a 00       		.byte	0
 1160 039b 09       		.uleb128 0x9
 1161 039c 02       		.byte	0x2
 1162 039d 77000000 		.4byte	0x77
 1163 03a1 06       		.byte	0x6
 1164 03a2 1803     		.2byte	0x318
 1165 03a4 B3040000 		.4byte	0x4b3
 1166 03a8 0A       		.uleb128 0xa
 1167 03a9 9C2E0000 		.4byte	.LASF131
 1168 03ad 000E     		.2byte	0xe00
 1169 03af 0A       		.uleb128 0xa
 1170 03b0 0B0B0000 		.4byte	.LASF132
 1171 03b4 010E     		.2byte	0xe01
 1172 03b6 0A       		.uleb128 0xa
 1173 03b7 210B0000 		.4byte	.LASF133
 1174 03bb 020E     		.2byte	0xe02
 1175 03bd 0A       		.uleb128 0xa
 1176 03be 370B0000 		.4byte	.LASF134
 1177 03c2 030E     		.2byte	0xe03
 1178 03c4 0A       		.uleb128 0xa
 1179 03c5 31180000 		.4byte	.LASF135
ARM GAS  C:\Users\Finik\AppData\Local\Temp\ccXrCYub.s 			page 119


 1180 03c9 040E     		.2byte	0xe04
 1181 03cb 0A       		.uleb128 0xa
 1182 03cc 630B0000 		.4byte	.LASF136
 1183 03d0 050E     		.2byte	0xe05
 1184 03d2 0A       		.uleb128 0xa
 1185 03d3 790B0000 		.4byte	.LASF137
 1186 03d7 060E     		.2byte	0xe06
 1187 03d9 0A       		.uleb128 0xa
 1188 03da 37240000 		.4byte	.LASF138
 1189 03de 070E     		.2byte	0xe07
 1190 03e0 0A       		.uleb128 0xa
 1191 03e1 9E0B0000 		.4byte	.LASF139
 1192 03e5 080E     		.2byte	0xe08
 1193 03e7 0A       		.uleb128 0xa
 1194 03e8 B40B0000 		.4byte	.LASF140
 1195 03ec 090E     		.2byte	0xe09
 1196 03ee 0A       		.uleb128 0xa
 1197 03ef 4E180000 		.4byte	.LASF141
 1198 03f3 0A0E     		.2byte	0xe0a
 1199 03f5 0A       		.uleb128 0xa
 1200 03f6 470A0000 		.4byte	.LASF142
 1201 03fa 0B0E     		.2byte	0xe0b
 1202 03fc 0A       		.uleb128 0xa
 1203 03fd 810A0000 		.4byte	.LASF143
 1204 0401 0C0E     		.2byte	0xe0c
 1205 0403 0A       		.uleb128 0xa
 1206 0404 AD0A0000 		.4byte	.LASF144
 1207 0408 0D0E     		.2byte	0xe0d
 1208 040a 0A       		.uleb128 0xa
 1209 040b DB0A0000 		.4byte	.LASF145
 1210 040f 0E0E     		.2byte	0xe0e
 1211 0411 0A       		.uleb128 0xa
 1212 0412 C40A0000 		.4byte	.LASF146
 1213 0416 0F0E     		.2byte	0xe0f
 1214 0418 0A       		.uleb128 0xa
 1215 0419 260A0000 		.4byte	.LASF147
 1216 041d 100E     		.2byte	0xe10
 1217 041f 0A       		.uleb128 0xa
 1218 0420 C7290000 		.4byte	.LASF148
 1219 0424 110E     		.2byte	0xe11
 1220 0426 0A       		.uleb128 0xa
 1221 0427 E1290000 		.4byte	.LASF149
 1222 042b 120E     		.2byte	0xe12
 1223 042d 0A       		.uleb128 0xa
 1224 042e 93090000 		.4byte	.LASF150
 1225 0432 130E     		.2byte	0xe13
 1226 0434 0A       		.uleb128 0xa
 1227 0435 AF090000 		.4byte	.LASF151
 1228 0439 140E     		.2byte	0xe14
 1229 043b 0A       		.uleb128 0xa
 1230 043c EE140000 		.4byte	.LASF152
 1231 0440 150E     		.2byte	0xe15
 1232 0442 0A       		.uleb128 0xa
 1233 0443 3C1F0000 		.4byte	.LASF153
 1234 0447 160E     		.2byte	0xe16
 1235 0449 0A       		.uleb128 0xa
 1236 044a B3330000 		.4byte	.LASF154
ARM GAS  C:\Users\Finik\AppData\Local\Temp\ccXrCYub.s 			page 120


 1237 044e 170E     		.2byte	0xe17
 1238 0450 0A       		.uleb128 0xa
 1239 0451 CF330000 		.4byte	.LASF155
 1240 0455 180E     		.2byte	0xe18
 1241 0457 0A       		.uleb128 0xa
 1242 0458 7E140000 		.4byte	.LASF156
 1243 045c 190E     		.2byte	0xe19
 1244 045e 0A       		.uleb128 0xa
 1245 045f CD020000 		.4byte	.LASF157
 1246 0463 1A0E     		.2byte	0xe1a
 1247 0465 0A       		.uleb128 0xa
 1248 0466 72200000 		.4byte	.LASF158
 1249 046a 1B0E     		.2byte	0xe1b
 1250 046c 0A       		.uleb128 0xa
 1251 046d 492C0000 		.4byte	.LASF159
 1252 0471 1C0E     		.2byte	0xe1c
 1253 0473 0A       		.uleb128 0xa
 1254 0474 1C000000 		.4byte	.LASF160
 1255 0478 1D0E     		.2byte	0xe1d
 1256 047a 0A       		.uleb128 0xa
 1257 047b 5E0A0000 		.4byte	.LASF161
 1258 047f 1E0E     		.2byte	0xe1e
 1259 0481 0A       		.uleb128 0xa
 1260 0482 1E350000 		.4byte	.LASF162
 1261 0486 1F0E     		.2byte	0xe1f
 1262 0488 0A       		.uleb128 0xa
 1263 0489 14240000 		.4byte	.LASF163
 1264 048d 200E     		.2byte	0xe20
 1265 048f 0A       		.uleb128 0xa
 1266 0490 E62D0000 		.4byte	.LASF164
 1267 0494 210E     		.2byte	0xe21
 1268 0496 0A       		.uleb128 0xa
 1269 0497 07280000 		.4byte	.LASF165
 1270 049b 220E     		.2byte	0xe22
 1271 049d 0A       		.uleb128 0xa
 1272 049e 56310000 		.4byte	.LASF166
 1273 04a2 230E     		.2byte	0xe23
 1274 04a4 0A       		.uleb128 0xa
 1275 04a5 79110000 		.4byte	.LASF167
 1276 04a9 240E     		.2byte	0xe24
 1277 04ab 0A       		.uleb128 0xa
 1278 04ac 93110000 		.4byte	.LASF168
 1279 04b0 250E     		.2byte	0xe25
 1280 04b2 00       		.byte	0
 1281 04b3 09       		.uleb128 0x9
 1282 04b4 04       		.byte	0x4
 1283 04b5 2C000000 		.4byte	0x2c
 1284 04b9 06       		.byte	0x6
 1285 04ba 4403     		.2byte	0x344
 1286 04bc 51050000 		.4byte	0x551
 1287 04c0 0B       		.uleb128 0xb
 1288 04c1 11220000 		.4byte	.LASF169
 1289 04c5 00000040 		.4byte	0x40000000
 1290 04c9 0B       		.uleb128 0xb
 1291 04ca 2C220000 		.4byte	.LASF170
 1292 04ce 01000040 		.4byte	0x40000001
 1293 04d2 0B       		.uleb128 0xb
ARM GAS  C:\Users\Finik\AppData\Local\Temp\ccXrCYub.s 			page 121


 1294 04d3 47220000 		.4byte	.LASF171
 1295 04d7 02000040 		.4byte	0x40000002
 1296 04db 0B       		.uleb128 0xb
 1297 04dc 62220000 		.4byte	.LASF172
 1298 04e0 03000040 		.4byte	0x40000003
 1299 04e4 0B       		.uleb128 0xb
 1300 04e5 7D220000 		.4byte	.LASF173
 1301 04e9 04000040 		.4byte	0x40000004
 1302 04ed 0B       		.uleb128 0xb
 1303 04ee 98220000 		.4byte	.LASF174
 1304 04f2 05000040 		.4byte	0x40000005
 1305 04f6 0B       		.uleb128 0xb
 1306 04f7 B3220000 		.4byte	.LASF175
 1307 04fb 06000040 		.4byte	0x40000006
 1308 04ff 0B       		.uleb128 0xb
 1309 0500 CE220000 		.4byte	.LASF176
 1310 0504 07000040 		.4byte	0x40000007
 1311 0508 0B       		.uleb128 0xb
 1312 0509 E9220000 		.4byte	.LASF177
 1313 050d 08000040 		.4byte	0x40000008
 1314 0511 0B       		.uleb128 0xb
 1315 0512 04230000 		.4byte	.LASF178
 1316 0516 09000040 		.4byte	0x40000009
 1317 051a 0B       		.uleb128 0xb
 1318 051b E9110000 		.4byte	.LASF179
 1319 051f 0A000040 		.4byte	0x4000000a
 1320 0523 0B       		.uleb128 0xb
 1321 0524 05120000 		.4byte	.LASF180
 1322 0528 0B000040 		.4byte	0x4000000b
 1323 052c 0B       		.uleb128 0xb
 1324 052d 21120000 		.4byte	.LASF181
 1325 0531 0C000040 		.4byte	0x4000000c
 1326 0535 0B       		.uleb128 0xb
 1327 0536 3D120000 		.4byte	.LASF182
 1328 053a 0D000040 		.4byte	0x4000000d
 1329 053e 0B       		.uleb128 0xb
 1330 053f 59120000 		.4byte	.LASF183
 1331 0543 0E000040 		.4byte	0x4000000e
 1332 0547 0B       		.uleb128 0xb
 1333 0548 75120000 		.4byte	.LASF184
 1334 054c 0F000040 		.4byte	0x4000000f
 1335 0550 00       		.byte	0
 1336 0551 09       		.uleb128 0x9
 1337 0552 04       		.byte	0x4
 1338 0553 2C000000 		.4byte	0x2c
 1339 0557 06       		.byte	0x6
 1340 0558 2105     		.2byte	0x521
 1341 055a E7070000 		.4byte	0x7e7
 1342 055e 0B       		.uleb128 0xb
 1343 055f A1030000 		.4byte	.LASF185
 1344 0563 000E0040 		.4byte	0x40000e00
 1345 0567 0B       		.uleb128 0xb
 1346 0568 B4120000 		.4byte	.LASF186
 1347 056c 000E0040 		.4byte	0x40000e00
 1348 0570 0B       		.uleb128 0xb
 1349 0571 BE030000 		.4byte	.LASF187
 1350 0575 010E0040 		.4byte	0x40000e01
ARM GAS  C:\Users\Finik\AppData\Local\Temp\ccXrCYub.s 			page 122


 1351 0579 0B       		.uleb128 0xb
 1352 057a D1120000 		.4byte	.LASF188
 1353 057e 010E0040 		.4byte	0x40000e01
 1354 0582 0B       		.uleb128 0xb
 1355 0583 DB030000 		.4byte	.LASF189
 1356 0587 020E0040 		.4byte	0x40000e02
 1357 058b 0B       		.uleb128 0xb
 1358 058c EE120000 		.4byte	.LASF190
 1359 0590 020E0040 		.4byte	0x40000e02
 1360 0594 0B       		.uleb128 0xb
 1361 0595 F8030000 		.4byte	.LASF191
 1362 0599 030E0040 		.4byte	0x40000e03
 1363 059d 0B       		.uleb128 0xb
 1364 059e 0B130000 		.4byte	.LASF192
 1365 05a2 030E0040 		.4byte	0x40000e03
 1366 05a6 0B       		.uleb128 0xb
 1367 05a7 15040000 		.4byte	.LASF193
 1368 05ab 040E0040 		.4byte	0x40000e04
 1369 05af 0B       		.uleb128 0xb
 1370 05b0 28130000 		.4byte	.LASF194
 1371 05b4 040E0040 		.4byte	0x40000e04
 1372 05b8 0B       		.uleb128 0xb
 1373 05b9 32040000 		.4byte	.LASF195
 1374 05bd 050E0040 		.4byte	0x40000e05
 1375 05c1 0B       		.uleb128 0xb
 1376 05c2 45130000 		.4byte	.LASF196
 1377 05c6 050E0040 		.4byte	0x40000e05
 1378 05ca 0B       		.uleb128 0xb
 1379 05cb 4F040000 		.4byte	.LASF197
 1380 05cf 060E0040 		.4byte	0x40000e06
 1381 05d3 0B       		.uleb128 0xb
 1382 05d4 62130000 		.4byte	.LASF198
 1383 05d8 060E0040 		.4byte	0x40000e06
 1384 05dc 0B       		.uleb128 0xb
 1385 05dd AB050000 		.4byte	.LASF199
 1386 05e1 070E0040 		.4byte	0x40000e07
 1387 05e5 0B       		.uleb128 0xb
 1388 05e6 1F140000 		.4byte	.LASF200
 1389 05ea 070E0040 		.4byte	0x40000e07
 1390 05ee 0B       		.uleb128 0xb
 1391 05ef FE040000 		.4byte	.LASF201
 1392 05f3 080E0040 		.4byte	0x40000e08
 1393 05f7 0B       		.uleb128 0xb
 1394 05f8 2A280000 		.4byte	.LASF202
 1395 05fc 080E0040 		.4byte	0x40000e08
 1396 0600 0B       		.uleb128 0xb
 1397 0601 9E320000 		.4byte	.LASF203
 1398 0605 080E0040 		.4byte	0x40000e08
 1399 0609 0B       		.uleb128 0xb
 1400 060a 77070000 		.4byte	.LASF204
 1401 060e 080E0040 		.4byte	0x40000e08
 1402 0612 0B       		.uleb128 0xb
 1403 0613 52160000 		.4byte	.LASF205
 1404 0617 080E0040 		.4byte	0x40000e08
 1405 061b 0B       		.uleb128 0xb
 1406 061c AA180000 		.4byte	.LASF206
 1407 0620 080E0040 		.4byte	0x40000e08
ARM GAS  C:\Users\Finik\AppData\Local\Temp\ccXrCYub.s 			page 123


 1408 0624 0B       		.uleb128 0xb
 1409 0625 8E1C0000 		.4byte	.LASF207
 1410 0629 080E0040 		.4byte	0x40000e08
 1411 062d 0B       		.uleb128 0xb
 1412 062e 1B050000 		.4byte	.LASF208
 1413 0632 090E0040 		.4byte	0x40000e09
 1414 0636 0B       		.uleb128 0xb
 1415 0637 47280000 		.4byte	.LASF209
 1416 063b 090E0040 		.4byte	0x40000e09
 1417 063f 0B       		.uleb128 0xb
 1418 0640 051F0000 		.4byte	.LASF210
 1419 0644 090E0040 		.4byte	0x40000e09
 1420 0648 0B       		.uleb128 0xb
 1421 0649 94070000 		.4byte	.LASF211
 1422 064d 090E0040 		.4byte	0x40000e09
 1423 0651 0B       		.uleb128 0xb
 1424 0652 6F160000 		.4byte	.LASF212
 1425 0656 090E0040 		.4byte	0x40000e09
 1426 065a 0B       		.uleb128 0xb
 1427 065b 2E230000 		.4byte	.LASF213
 1428 065f 090E0040 		.4byte	0x40000e09
 1429 0663 0B       		.uleb128 0xb
 1430 0664 AB1C0000 		.4byte	.LASF214
 1431 0668 090E0040 		.4byte	0x40000e09
 1432 066c 0B       		.uleb128 0xb
 1433 066d F91B0000 		.4byte	.LASF215
 1434 0671 0A0E0040 		.4byte	0x40000e0a
 1435 0675 0B       		.uleb128 0xb
 1436 0676 64280000 		.4byte	.LASF216
 1437 067a 0A0E0040 		.4byte	0x40000e0a
 1438 067e 0B       		.uleb128 0xb
 1439 067f C5320000 		.4byte	.LASF217
 1440 0683 0A0E0040 		.4byte	0x40000e0a
 1441 0687 0B       		.uleb128 0xb
 1442 0688 B1070000 		.4byte	.LASF218
 1443 068c 0A0E0040 		.4byte	0x40000e0a
 1444 0690 0B       		.uleb128 0xb
 1445 0691 8C160000 		.4byte	.LASF219
 1446 0695 0A0E0040 		.4byte	0x40000e0a
 1447 0699 0B       		.uleb128 0xb
 1448 069a D60B0000 		.4byte	.LASF220
 1449 069e 0A0E0040 		.4byte	0x40000e0a
 1450 06a2 0B       		.uleb128 0xb
 1451 06a3 C81C0000 		.4byte	.LASF221
 1452 06a7 0A0E0040 		.4byte	0x40000e0a
 1453 06ab 0B       		.uleb128 0xb
 1454 06ac 161C0000 		.4byte	.LASF222
 1455 06b0 0B0E0040 		.4byte	0x40000e0b
 1456 06b4 0B       		.uleb128 0xb
 1457 06b5 81280000 		.4byte	.LASF223
 1458 06b9 0B0E0040 		.4byte	0x40000e0b
 1459 06bd 0B       		.uleb128 0xb
 1460 06be E2320000 		.4byte	.LASF224
 1461 06c2 0B0E0040 		.4byte	0x40000e0b
 1462 06c6 0B       		.uleb128 0xb
 1463 06c7 CE070000 		.4byte	.LASF225
 1464 06cb 0B0E0040 		.4byte	0x40000e0b
ARM GAS  C:\Users\Finik\AppData\Local\Temp\ccXrCYub.s 			page 124


 1465 06cf 0B       		.uleb128 0xb
 1466 06d0 A9160000 		.4byte	.LASF226
 1467 06d4 0B0E0040 		.4byte	0x40000e0b
 1468 06d8 0B       		.uleb128 0xb
 1469 06d9 5B230000 		.4byte	.LASF227
 1470 06dd 0B0E0040 		.4byte	0x40000e0b
 1471 06e1 0B       		.uleb128 0xb
 1472 06e2 E51C0000 		.4byte	.LASF228
 1473 06e6 0B0E0040 		.4byte	0x40000e0b
 1474 06ea 0B       		.uleb128 0xb
 1475 06eb 331C0000 		.4byte	.LASF229
 1476 06ef 0C0E0040 		.4byte	0x40000e0c
 1477 06f3 0B       		.uleb128 0xb
 1478 06f4 94310000 		.4byte	.LASF230
 1479 06f8 0C0E0040 		.4byte	0x40000e0c
 1480 06fc 0B       		.uleb128 0xb
 1481 06fd FF320000 		.4byte	.LASF231
 1482 0701 0C0E0040 		.4byte	0x40000e0c
 1483 0705 0B       		.uleb128 0xb
 1484 0706 EB070000 		.4byte	.LASF232
 1485 070a 0C0E0040 		.4byte	0x40000e0c
 1486 070e 0B       		.uleb128 0xb
 1487 070f C6160000 		.4byte	.LASF233
 1488 0713 0C0E0040 		.4byte	0x40000e0c
 1489 0717 0B       		.uleb128 0xb
 1490 0718 F30B0000 		.4byte	.LASF234
 1491 071c 0C0E0040 		.4byte	0x40000e0c
 1492 0720 0B       		.uleb128 0xb
 1493 0721 021D0000 		.4byte	.LASF235
 1494 0725 0C0E0040 		.4byte	0x40000e0c
 1495 0729 0B       		.uleb128 0xb
 1496 072a CE1D0000 		.4byte	.LASF236
 1497 072e 0D0E0040 		.4byte	0x40000e0d
 1498 0732 0B       		.uleb128 0xb
 1499 0733 D02A0000 		.4byte	.LASF237
 1500 0737 0D0E0040 		.4byte	0x40000e0d
 1501 073b 0B       		.uleb128 0xb
 1502 073c 59340000 		.4byte	.LASF238
 1503 0740 0D0E0040 		.4byte	0x40000e0d
 1504 0744 0B       		.uleb128 0xb
 1505 0745 3C090000 		.4byte	.LASF239
 1506 0749 0D0E0040 		.4byte	0x40000e0d
 1507 074d 0B       		.uleb128 0xb
 1508 074e DA170000 		.4byte	.LASF240
 1509 0752 0D0E0040 		.4byte	0x40000e0d
 1510 0756 0B       		.uleb128 0xb
 1511 0757 B4240000 		.4byte	.LASF241
 1512 075b 0D0E0040 		.4byte	0x40000e0d
 1513 075f 0B       		.uleb128 0xb
 1514 0760 251E0000 		.4byte	.LASF242
 1515 0764 0D0E0040 		.4byte	0x40000e0d
 1516 0768 0B       		.uleb128 0xb
 1517 0769 EB1D0000 		.4byte	.LASF243
 1518 076d 0E0E0040 		.4byte	0x40000e0e
 1519 0771 0B       		.uleb128 0xb
 1520 0772 ED2A0000 		.4byte	.LASF244
 1521 0776 0E0E0040 		.4byte	0x40000e0e
ARM GAS  C:\Users\Finik\AppData\Local\Temp\ccXrCYub.s 			page 125


 1522 077a 0B       		.uleb128 0xb
 1523 077b EB2C0000 		.4byte	.LASF245
 1524 077f 0E0E0040 		.4byte	0x40000e0e
 1525 0783 0B       		.uleb128 0xb
 1526 0784 59090000 		.4byte	.LASF246
 1527 0788 0E0E0040 		.4byte	0x40000e0e
 1528 078c 0B       		.uleb128 0xb
 1529 078d F7170000 		.4byte	.LASF247
 1530 0791 0E0E0040 		.4byte	0x40000e0e
 1531 0795 0B       		.uleb128 0xb
 1532 0796 D1240000 		.4byte	.LASF248
 1533 079a 0E0E0040 		.4byte	0x40000e0e
 1534 079e 0B       		.uleb128 0xb
 1535 079f 421E0000 		.4byte	.LASF249
 1536 07a3 0E0E0040 		.4byte	0x40000e0e
 1537 07a7 0B       		.uleb128 0xb
 1538 07a8 081E0000 		.4byte	.LASF250
 1539 07ac 0F0E0040 		.4byte	0x40000e0f
 1540 07b0 0B       		.uleb128 0xb
 1541 07b1 0A2B0000 		.4byte	.LASF251
 1542 07b5 0F0E0040 		.4byte	0x40000e0f
 1543 07b9 0B       		.uleb128 0xb
 1544 07ba 38250000 		.4byte	.LASF252
 1545 07be 0F0E0040 		.4byte	0x40000e0f
 1546 07c2 0B       		.uleb128 0xb
 1547 07c3 76090000 		.4byte	.LASF253
 1548 07c7 0F0E0040 		.4byte	0x40000e0f
 1549 07cb 0B       		.uleb128 0xb
 1550 07cc 14180000 		.4byte	.LASF254
 1551 07d0 0F0E0040 		.4byte	0x40000e0f
 1552 07d4 0B       		.uleb128 0xb
 1553 07d5 EE240000 		.4byte	.LASF255
 1554 07d9 0F0E0040 		.4byte	0x40000e0f
 1555 07dd 0B       		.uleb128 0xb
 1556 07de 5F1E0000 		.4byte	.LASF256
 1557 07e2 0F0E0040 		.4byte	0x40000e0f
 1558 07e6 00       		.byte	0
 1559 07e7 09       		.uleb128 0x9
 1560 07e8 01       		.byte	0x1
 1561 07e9 53000000 		.4byte	0x53
 1562 07ed 06       		.byte	0x6
 1563 07ee 6E05     		.2byte	0x56e
 1564 07f0 01080000 		.4byte	0x801
 1565 07f4 08       		.uleb128 0x8
 1566 07f5 54030000 		.4byte	.LASF257
 1567 07f9 00       		.byte	0
 1568 07fa 08       		.uleb128 0x8
 1569 07fb F3180000 		.4byte	.LASF258
 1570 07ff 01       		.byte	0x1
 1571 0800 00       		.byte	0
 1572 0801 0C       		.uleb128 0xc
 1573 0802 DD000000 		.4byte	0xdd
 1574 0806 11080000 		.4byte	0x811
 1575 080a 0D       		.uleb128 0xd
 1576 080b 9E000000 		.4byte	0x9e
 1577 080f 01       		.byte	0x1
 1578 0810 00       		.byte	0
ARM GAS  C:\Users\Finik\AppData\Local\Temp\ccXrCYub.s 			page 126


 1579 0811 0C       		.uleb128 0xc
 1580 0812 DD000000 		.4byte	0xdd
 1581 0816 21080000 		.4byte	0x821
 1582 081a 0D       		.uleb128 0xd
 1583 081b 9E000000 		.4byte	0x9e
 1584 081f 07       		.byte	0x7
 1585 0820 00       		.byte	0
 1586 0821 0C       		.uleb128 0xc
 1587 0822 D8000000 		.4byte	0xd8
 1588 0826 31080000 		.4byte	0x831
 1589 082a 0D       		.uleb128 0xd
 1590 082b 9E000000 		.4byte	0x9e
 1591 082f 7F       		.byte	0x7f
 1592 0830 00       		.byte	0
 1593 0831 0C       		.uleb128 0xc
 1594 0832 D8000000 		.4byte	0xd8
 1595 0836 41080000 		.4byte	0x841
 1596 083a 0D       		.uleb128 0xd
 1597 083b 9E000000 		.4byte	0x9e
 1598 083f 0F       		.byte	0xf
 1599 0840 00       		.byte	0
 1600 0841 0C       		.uleb128 0xc
 1601 0842 DD000000 		.4byte	0xdd
 1602 0846 51080000 		.4byte	0x851
 1603 084a 0D       		.uleb128 0xd
 1604 084b 9E000000 		.4byte	0x9e
 1605 084f 06       		.byte	0x6
 1606 0850 00       		.byte	0
 1607 0851 0C       		.uleb128 0xc
 1608 0852 DD000000 		.4byte	0xdd
 1609 0856 61080000 		.4byte	0x861
 1610 085a 0D       		.uleb128 0xd
 1611 085b 9E000000 		.4byte	0x9e
 1612 085f 2F       		.byte	0x2f
 1613 0860 00       		.byte	0
 1614 0861 0E       		.uleb128 0xe
 1615 0862 40       		.byte	0x40
 1616 0863 07       		.byte	0x7
 1617 0864 27       		.byte	0x27
 1618 0865 A6080000 		.4byte	0x8a6
 1619 0869 0F       		.uleb128 0xf
 1620 086a 00270000 		.4byte	.LASF259
 1621 086e 07       		.byte	0x7
 1622 086f 28       		.byte	0x28
 1623 0870 D8000000 		.4byte	0xd8
 1624 0874 00       		.byte	0
 1625 0875 0F       		.uleb128 0xf
 1626 0876 88050000 		.4byte	.LASF260
 1627 087a 07       		.byte	0x7
 1628 087b 29       		.byte	0x29
 1629 087c AB080000 		.4byte	0x8ab
 1630 0880 04       		.byte	0x4
 1631 0881 0F       		.uleb128 0xf
 1632 0882 D3260000 		.4byte	.LASF261
 1633 0886 07       		.byte	0x7
 1634 0887 2A       		.byte	0x2a
 1635 0888 D8000000 		.4byte	0xd8
ARM GAS  C:\Users\Finik\AppData\Local\Temp\ccXrCYub.s 			page 127


 1636 088c 20       		.byte	0x20
 1637 088d 0F       		.uleb128 0xf
 1638 088e 92320000 		.4byte	.LASF262
 1639 0892 07       		.byte	0x7
 1640 0893 2B       		.byte	0x2b
 1641 0894 D8000000 		.4byte	0xd8
 1642 0898 24       		.byte	0x24
 1643 0899 0F       		.uleb128 0xf
 1644 089a 290C0000 		.4byte	.LASF263
 1645 089e 07       		.byte	0x7
 1646 089f 2C       		.byte	0x2c
 1647 08a0 C5080000 		.4byte	0x8c5
 1648 08a4 28       		.byte	0x28
 1649 08a5 00       		.byte	0
 1650 08a6 05       		.uleb128 0x5
 1651 08a7 41080000 		.4byte	0x841
 1652 08ab 06       		.uleb128 0x6
 1653 08ac A6080000 		.4byte	0x8a6
 1654 08b0 0C       		.uleb128 0xc
 1655 08b1 DD000000 		.4byte	0xdd
 1656 08b5 C0080000 		.4byte	0x8c0
 1657 08b9 0D       		.uleb128 0xd
 1658 08ba 9E000000 		.4byte	0x9e
 1659 08be 05       		.byte	0x5
 1660 08bf 00       		.byte	0
 1661 08c0 05       		.uleb128 0x5
 1662 08c1 B0080000 		.4byte	0x8b0
 1663 08c5 06       		.uleb128 0x6
 1664 08c6 C0080000 		.4byte	0x8c0
 1665 08ca 04       		.uleb128 0x4
 1666 08cb F9050000 		.4byte	.LASF264
 1667 08cf 07       		.byte	0x7
 1668 08d0 2D       		.byte	0x2d
 1669 08d1 61080000 		.4byte	0x861
 1670 08d5 10       		.uleb128 0x10
 1671 08d6 0002     		.2byte	0x200
 1672 08d8 07       		.byte	0x7
 1673 08d9 32       		.byte	0x32
 1674 08da EB080000 		.4byte	0x8eb
 1675 08de 0F       		.uleb128 0xf
 1676 08df AF020000 		.4byte	.LASF265
 1677 08e3 07       		.byte	0x7
 1678 08e4 33       		.byte	0x33
 1679 08e5 EB080000 		.4byte	0x8eb
 1680 08e9 00       		.byte	0
 1681 08ea 00       		.byte	0
 1682 08eb 05       		.uleb128 0x5
 1683 08ec 21080000 		.4byte	0x821
 1684 08f0 04       		.uleb128 0x4
 1685 08f1 02100000 		.4byte	.LASF266
 1686 08f5 07       		.byte	0x7
 1687 08f6 34       		.byte	0x34
 1688 08f7 D5080000 		.4byte	0x8d5
 1689 08fb 0E       		.uleb128 0xe
 1690 08fc 40       		.byte	0x40
 1691 08fd 07       		.byte	0x7
 1692 08fe 39       		.byte	0x39
ARM GAS  C:\Users\Finik\AppData\Local\Temp\ccXrCYub.s 			page 128


 1693 08ff 4C090000 		.4byte	0x94c
 1694 0903 0F       		.uleb128 0xf
 1695 0904 15100000 		.4byte	.LASF267
 1696 0908 07       		.byte	0x7
 1697 0909 3A       		.byte	0x3a
 1698 090a D8000000 		.4byte	0xd8
 1699 090e 00       		.byte	0
 1700 090f 0F       		.uleb128 0xf
 1701 0910 07220000 		.4byte	.LASF268
 1702 0914 07       		.byte	0x7
 1703 0915 3B       		.byte	0x3b
 1704 0916 D8000000 		.4byte	0xd8
 1705 091a 04       		.byte	0x4
 1706 091b 0F       		.uleb128 0xf
 1707 091c 88050000 		.4byte	.LASF260
 1708 0920 07       		.byte	0x7
 1709 0921 3C       		.byte	0x3c
 1710 0922 51090000 		.4byte	0x951
 1711 0926 08       		.byte	0x8
 1712 0927 0F       		.uleb128 0xf
 1713 0928 1B100000 		.4byte	.LASF269
 1714 092c 07       		.byte	0x7
 1715 092d 3D       		.byte	0x3d
 1716 092e DD000000 		.4byte	0xdd
 1717 0932 20       		.byte	0x20
 1718 0933 0F       		.uleb128 0xf
 1719 0934 0C220000 		.4byte	.LASF270
 1720 0938 07       		.byte	0x7
 1721 0939 3E       		.byte	0x3e
 1722 093a D8000000 		.4byte	0xd8
 1723 093e 24       		.byte	0x24
 1724 093f 0F       		.uleb128 0xf
 1725 0940 290C0000 		.4byte	.LASF263
 1726 0944 07       		.byte	0x7
 1727 0945 3F       		.byte	0x3f
 1728 0946 5B090000 		.4byte	0x95b
 1729 094a 28       		.byte	0x28
 1730 094b 00       		.byte	0
 1731 094c 05       		.uleb128 0x5
 1732 094d B0080000 		.4byte	0x8b0
 1733 0951 06       		.uleb128 0x6
 1734 0952 4C090000 		.4byte	0x94c
 1735 0956 05       		.uleb128 0x5
 1736 0957 B0080000 		.4byte	0x8b0
 1737 095b 06       		.uleb128 0x6
 1738 095c 56090000 		.4byte	0x956
 1739 0960 04       		.uleb128 0x4
 1740 0961 BD1E0000 		.4byte	.LASF271
 1741 0965 07       		.byte	0x7
 1742 0966 40       		.byte	0x40
 1743 0967 FB080000 		.4byte	0x8fb
 1744 096b 0E       		.uleb128 0xe
 1745 096c 40       		.byte	0x40
 1746 096d 07       		.byte	0x7
 1747 096e 45       		.byte	0x45
 1748 096f BC090000 		.4byte	0x9bc
 1749 0973 0F       		.uleb128 0xf
ARM GAS  C:\Users\Finik\AppData\Local\Temp\ccXrCYub.s 			page 129


 1750 0974 15100000 		.4byte	.LASF267
 1751 0978 07       		.byte	0x7
 1752 0979 46       		.byte	0x46
 1753 097a DD000000 		.4byte	0xdd
 1754 097e 00       		.byte	0
 1755 097f 0F       		.uleb128 0xf
 1756 0980 07220000 		.4byte	.LASF268
 1757 0984 07       		.byte	0x7
 1758 0985 47       		.byte	0x47
 1759 0986 D8000000 		.4byte	0xd8
 1760 098a 04       		.byte	0x4
 1761 098b 0F       		.uleb128 0xf
 1762 098c 88050000 		.4byte	.LASF260
 1763 0990 07       		.byte	0x7
 1764 0991 48       		.byte	0x48
 1765 0992 C1090000 		.4byte	0x9c1
 1766 0996 08       		.byte	0x8
 1767 0997 0F       		.uleb128 0xf
 1768 0998 1B100000 		.4byte	.LASF269
 1769 099c 07       		.byte	0x7
 1770 099d 49       		.byte	0x49
 1771 099e DD000000 		.4byte	0xdd
 1772 09a2 20       		.byte	0x20
 1773 09a3 0F       		.uleb128 0xf
 1774 09a4 0C220000 		.4byte	.LASF270
 1775 09a8 07       		.byte	0x7
 1776 09a9 4A       		.byte	0x4a
 1777 09aa D8000000 		.4byte	0xd8
 1778 09ae 24       		.byte	0x24
 1779 09af 0F       		.uleb128 0xf
 1780 09b0 290C0000 		.4byte	.LASF263
 1781 09b4 07       		.byte	0x7
 1782 09b5 4B       		.byte	0x4b
 1783 09b6 CB090000 		.4byte	0x9cb
 1784 09ba 28       		.byte	0x28
 1785 09bb 00       		.byte	0
 1786 09bc 05       		.uleb128 0x5
 1787 09bd B0080000 		.4byte	0x8b0
 1788 09c1 06       		.uleb128 0x6
 1789 09c2 BC090000 		.4byte	0x9bc
 1790 09c6 05       		.uleb128 0x5
 1791 09c7 B0080000 		.4byte	0x8b0
 1792 09cb 06       		.uleb128 0x6
 1793 09cc C6090000 		.4byte	0x9c6
 1794 09d0 04       		.uleb128 0x4
 1795 09d1 CD1B0000 		.4byte	.LASF272
 1796 09d5 07       		.byte	0x7
 1797 09d6 4C       		.byte	0x4c
 1798 09d7 6B090000 		.4byte	0x96b
 1799 09db 10       		.uleb128 0x10
 1800 09dc 0054     		.2byte	0x5400
 1801 09de 07       		.byte	0x7
 1802 09df 69       		.byte	0x69
 1803 09e0 B30A0000 		.4byte	0xab3
 1804 09e4 11       		.uleb128 0x11
 1805 09e5 475200   		.ascii	"GR\000"
 1806 09e8 07       		.byte	0x7
ARM GAS  C:\Users\Finik\AppData\Local\Temp\ccXrCYub.s 			page 130


 1807 09e9 6A       		.byte	0x6a
 1808 09ea B30A0000 		.4byte	0xab3
 1809 09ee 00       		.byte	0
 1810 09ef 12       		.uleb128 0x12
 1811 09f0 132D0000 		.4byte	.LASF273
 1812 09f4 07       		.byte	0x7
 1813 09f5 6B       		.byte	0x6b
 1814 09f6 D8000000 		.4byte	0xd8
 1815 09fa 0004     		.2byte	0x400
 1816 09fc 12       		.uleb128 0x12
 1817 09fd 88050000 		.4byte	.LASF260
 1818 0a01 07       		.byte	0x7
 1819 0a02 6C       		.byte	0x6c
 1820 0a03 D80A0000 		.4byte	0xad8
 1821 0a07 0404     		.2byte	0x404
 1822 0a09 12       		.uleb128 0x12
 1823 0a0a 4A1A0000 		.4byte	.LASF274
 1824 0a0e 07       		.byte	0x7
 1825 0a0f 6D       		.byte	0x6d
 1826 0a10 ED0A0000 		.4byte	0xaed
 1827 0a14 0008     		.2byte	0x800
 1828 0a16 12       		.uleb128 0x12
 1829 0a17 3E2C0000 		.4byte	.LASF275
 1830 0a1b 07       		.byte	0x7
 1831 0a1c 6E       		.byte	0x6e
 1832 0a1d F20A0000 		.4byte	0xaf2
 1833 0a21 0009     		.2byte	0x900
 1834 0a23 12       		.uleb128 0x12
 1835 0a24 A7130000 		.4byte	.LASF276
 1836 0a28 07       		.byte	0x7
 1837 0a29 6F       		.byte	0x6f
 1838 0a2a F70A0000 		.4byte	0xaf7
 1839 0a2e 000A     		.2byte	0xa00
 1840 0a30 12       		.uleb128 0x12
 1841 0a31 D02E0000 		.4byte	.LASF277
 1842 0a35 07       		.byte	0x7
 1843 0a36 70       		.byte	0x70
 1844 0a37 0C0B0000 		.4byte	0xb0c
 1845 0a3b 000B     		.2byte	0xb00
 1846 0a3d 12       		.uleb128 0x12
 1847 0a3e 290C0000 		.4byte	.LASF263
 1848 0a42 07       		.byte	0x7
 1849 0a43 71       		.byte	0x71
 1850 0a44 DD000000 		.4byte	0xdd
 1851 0a48 FC0B     		.2byte	0xbfc
 1852 0a4a 12       		.uleb128 0x12
 1853 0a4b 00270000 		.4byte	.LASF259
 1854 0a4f 07       		.byte	0x7
 1855 0a50 72       		.byte	0x72
 1856 0a51 110B0000 		.4byte	0xb11
 1857 0a55 000C     		.2byte	0xc00
 1858 0a57 12       		.uleb128 0x12
 1859 0a58 330C0000 		.4byte	.LASF278
 1860 0a5c 07       		.byte	0x7
 1861 0a5d 73       		.byte	0x73
 1862 0a5e 2B0B0000 		.4byte	0xb2b
 1863 0a62 000E     		.2byte	0xe00
ARM GAS  C:\Users\Finik\AppData\Local\Temp\ccXrCYub.s 			page 131


 1864 0a64 12       		.uleb128 0x12
 1865 0a65 66060000 		.4byte	.LASF279
 1866 0a69 07       		.byte	0x7
 1867 0a6a 74       		.byte	0x74
 1868 0a6b D8000000 		.4byte	0xd8
 1869 0a6f 0010     		.2byte	0x1000
 1870 0a71 12       		.uleb128 0x12
 1871 0a72 3D0C0000 		.4byte	.LASF280
 1872 0a76 07       		.byte	0x7
 1873 0a77 75       		.byte	0x75
 1874 0a78 460B0000 		.4byte	0xb46
 1875 0a7c 0410     		.2byte	0x1004
 1876 0a7e 12       		.uleb128 0x12
 1877 0a7f FD1A0000 		.4byte	.LASF281
 1878 0a83 07       		.byte	0x7
 1879 0a84 76       		.byte	0x76
 1880 0a85 4B0B0000 		.4byte	0xb4b
 1881 0a89 0020     		.2byte	0x2000
 1882 0a8b 12       		.uleb128 0x12
 1883 0a8c 08150000 		.4byte	.LASF282
 1884 0a90 07       		.byte	0x7
 1885 0a91 77       		.byte	0x77
 1886 0a92 5B0B0000 		.4byte	0xb5b
 1887 0a96 0040     		.2byte	0x4000
 1888 0a98 12       		.uleb128 0x12
 1889 0a99 470C0000 		.4byte	.LASF283
 1890 0a9d 07       		.byte	0x7
 1891 0a9e 78       		.byte	0x78
 1892 0a9f 810B0000 		.4byte	0xb81
 1893 0aa3 0048     		.2byte	0x4800
 1894 0aa5 12       		.uleb128 0x12
 1895 0aa6 ED160000 		.4byte	.LASF284
 1896 0aaa 07       		.byte	0x7
 1897 0aab 79       		.byte	0x79
 1898 0aac 860B0000 		.4byte	0xb86
 1899 0ab0 0050     		.2byte	0x5000
 1900 0ab2 00       		.byte	0
 1901 0ab3 0C       		.uleb128 0xc
 1902 0ab4 CA080000 		.4byte	0x8ca
 1903 0ab8 C30A0000 		.4byte	0xac3
 1904 0abc 0D       		.uleb128 0xd
 1905 0abd 9E000000 		.4byte	0x9e
 1906 0ac1 0F       		.byte	0xf
 1907 0ac2 00       		.byte	0
 1908 0ac3 0C       		.uleb128 0xc
 1909 0ac4 DD000000 		.4byte	0xdd
 1910 0ac8 D30A0000 		.4byte	0xad3
 1911 0acc 0D       		.uleb128 0xd
 1912 0acd 9E000000 		.4byte	0x9e
 1913 0ad1 FE       		.byte	0xfe
 1914 0ad2 00       		.byte	0
 1915 0ad3 05       		.uleb128 0x5
 1916 0ad4 C30A0000 		.4byte	0xac3
 1917 0ad8 06       		.uleb128 0x6
 1918 0ad9 D30A0000 		.4byte	0xad3
 1919 0add 0C       		.uleb128 0xc
 1920 0ade D8000000 		.4byte	0xd8
ARM GAS  C:\Users\Finik\AppData\Local\Temp\ccXrCYub.s 			page 132


 1921 0ae2 ED0A0000 		.4byte	0xaed
 1922 0ae6 0D       		.uleb128 0xd
 1923 0ae7 9E000000 		.4byte	0x9e
 1924 0aeb 3F       		.byte	0x3f
 1925 0aec 00       		.byte	0
 1926 0aed 05       		.uleb128 0x5
 1927 0aee DD0A0000 		.4byte	0xadd
 1928 0af2 05       		.uleb128 0x5
 1929 0af3 DD0A0000 		.4byte	0xadd
 1930 0af7 05       		.uleb128 0x5
 1931 0af8 DD0A0000 		.4byte	0xadd
 1932 0afc 0C       		.uleb128 0xc
 1933 0afd D8000000 		.4byte	0xd8
 1934 0b01 0C0B0000 		.4byte	0xb0c
 1935 0b05 0D       		.uleb128 0xd
 1936 0b06 9E000000 		.4byte	0x9e
 1937 0b0a 3E       		.byte	0x3e
 1938 0b0b 00       		.byte	0
 1939 0b0c 05       		.uleb128 0x5
 1940 0b0d FC0A0000 		.4byte	0xafc
 1941 0b11 05       		.uleb128 0x5
 1942 0b12 21080000 		.4byte	0x821
 1943 0b16 0C       		.uleb128 0xc
 1944 0b17 DD000000 		.4byte	0xdd
 1945 0b1b 260B0000 		.4byte	0xb26
 1946 0b1f 0D       		.uleb128 0xd
 1947 0b20 9E000000 		.4byte	0x9e
 1948 0b24 7F       		.byte	0x7f
 1949 0b25 00       		.byte	0
 1950 0b26 05       		.uleb128 0x5
 1951 0b27 160B0000 		.4byte	0xb16
 1952 0b2b 06       		.uleb128 0x6
 1953 0b2c 260B0000 		.4byte	0xb26
 1954 0b30 0C       		.uleb128 0xc
 1955 0b31 DD000000 		.4byte	0xdd
 1956 0b35 410B0000 		.4byte	0xb41
 1957 0b39 13       		.uleb128 0x13
 1958 0b3a 9E000000 		.4byte	0x9e
 1959 0b3e FE03     		.2byte	0x3fe
 1960 0b40 00       		.byte	0
 1961 0b41 05       		.uleb128 0x5
 1962 0b42 300B0000 		.4byte	0xb30
 1963 0b46 06       		.uleb128 0x6
 1964 0b47 410B0000 		.4byte	0xb41
 1965 0b4b 0C       		.uleb128 0xc
 1966 0b4c F0080000 		.4byte	0x8f0
 1967 0b50 5B0B0000 		.4byte	0xb5b
 1968 0b54 0D       		.uleb128 0xd
 1969 0b55 9E000000 		.4byte	0x9e
 1970 0b59 0F       		.byte	0xf
 1971 0b5a 00       		.byte	0
 1972 0b5b 0C       		.uleb128 0xc
 1973 0b5c 60090000 		.4byte	0x960
 1974 0b60 6B0B0000 		.4byte	0xb6b
 1975 0b64 0D       		.uleb128 0xd
 1976 0b65 9E000000 		.4byte	0x9e
 1977 0b69 1F       		.byte	0x1f
ARM GAS  C:\Users\Finik\AppData\Local\Temp\ccXrCYub.s 			page 133


 1978 0b6a 00       		.byte	0
 1979 0b6b 0C       		.uleb128 0xc
 1980 0b6c DD000000 		.4byte	0xdd
 1981 0b70 7C0B0000 		.4byte	0xb7c
 1982 0b74 13       		.uleb128 0x13
 1983 0b75 9E000000 		.4byte	0x9e
 1984 0b79 FF01     		.2byte	0x1ff
 1985 0b7b 00       		.byte	0
 1986 0b7c 05       		.uleb128 0x5
 1987 0b7d 6B0B0000 		.4byte	0xb6b
 1988 0b81 06       		.uleb128 0x6
 1989 0b82 7C0B0000 		.4byte	0xb7c
 1990 0b86 0C       		.uleb128 0xc
 1991 0b87 D0090000 		.4byte	0x9d0
 1992 0b8b 960B0000 		.4byte	0xb96
 1993 0b8f 0D       		.uleb128 0xd
 1994 0b90 9E000000 		.4byte	0x9e
 1995 0b94 0F       		.byte	0xf
 1996 0b95 00       		.byte	0
 1997 0b96 04       		.uleb128 0x4
 1998 0b97 E11B0000 		.4byte	.LASF285
 1999 0b9b 07       		.byte	0x7
 2000 0b9c 7B       		.byte	0x7b
 2001 0b9d DB090000 		.4byte	0x9db
 2002 0ba1 0C       		.uleb128 0xc
 2003 0ba2 DD000000 		.4byte	0xdd
 2004 0ba6 B10B0000 		.4byte	0xbb1
 2005 0baa 0D       		.uleb128 0xd
 2006 0bab 9E000000 		.4byte	0x9e
 2007 0baf 04       		.byte	0x4
 2008 0bb0 00       		.byte	0
 2009 0bb1 0C       		.uleb128 0xc
 2010 0bb2 DD000000 		.4byte	0xdd
 2011 0bb6 C10B0000 		.4byte	0xbc1
 2012 0bba 0D       		.uleb128 0xd
 2013 0bbb 9E000000 		.4byte	0x9e
 2014 0bbf 0F       		.byte	0xf
 2015 0bc0 00       		.byte	0
 2016 0bc1 0C       		.uleb128 0xc
 2017 0bc2 DD000000 		.4byte	0xdd
 2018 0bc6 D10B0000 		.4byte	0xbd1
 2019 0bca 0D       		.uleb128 0xd
 2020 0bcb 9E000000 		.4byte	0x9e
 2021 0bcf 1A       		.byte	0x1a
 2022 0bd0 00       		.byte	0
 2023 0bd1 0C       		.uleb128 0xc
 2024 0bd2 DD000000 		.4byte	0xdd
 2025 0bd6 E10B0000 		.4byte	0xbe1
 2026 0bda 0D       		.uleb128 0xd
 2027 0bdb 9E000000 		.4byte	0x9e
 2028 0bdf 1C       		.byte	0x1c
 2029 0be0 00       		.byte	0
 2030 0be1 0E       		.uleb128 0xe
 2031 0be2 40       		.byte	0x40
 2032 0be3 08       		.byte	0x8
 2033 0be4 22       		.byte	0x22
 2034 0be5 7A0C0000 		.4byte	0xc7a
ARM GAS  C:\Users\Finik\AppData\Local\Temp\ccXrCYub.s 			page 134


 2035 0be9 0F       		.uleb128 0xf
 2036 0bea 88050000 		.4byte	.LASF260
 2037 0bee 08       		.byte	0x8
 2038 0bef 23       		.byte	0x23
 2039 0bf0 DD000000 		.4byte	0xdd
 2040 0bf4 00       		.byte	0
 2041 0bf5 0F       		.uleb128 0xf
 2042 0bf6 DD2E0000 		.4byte	.LASF286
 2043 0bfa 08       		.byte	0x8
 2044 0bfb 24       		.byte	0x24
 2045 0bfc D8000000 		.4byte	0xd8
 2046 0c00 04       		.byte	0x4
 2047 0c01 0F       		.uleb128 0xf
 2048 0c02 F71E0000 		.4byte	.LASF287
 2049 0c06 08       		.byte	0x8
 2050 0c07 25       		.byte	0x25
 2051 0c08 D8000000 		.4byte	0xd8
 2052 0c0c 08       		.byte	0x8
 2053 0c0d 0F       		.uleb128 0xf
 2054 0c0e 58100000 		.4byte	.LASF288
 2055 0c12 08       		.byte	0x8
 2056 0c13 26       		.byte	0x26
 2057 0c14 D8000000 		.4byte	0xd8
 2058 0c18 0C       		.byte	0xc
 2059 0c19 0F       		.uleb128 0xf
 2060 0c1a 7A020000 		.4byte	.LASF289
 2061 0c1e 08       		.byte	0x8
 2062 0c1f 27       		.byte	0x27
 2063 0c20 D8000000 		.4byte	0xd8
 2064 0c24 10       		.byte	0x10
 2065 0c25 0F       		.uleb128 0xf
 2066 0c26 8A2C0000 		.4byte	.LASF290
 2067 0c2a 08       		.byte	0x8
 2068 0c2b 28       		.byte	0x28
 2069 0c2c D8000000 		.4byte	0xd8
 2070 0c30 14       		.byte	0x14
 2071 0c31 0F       		.uleb128 0xf
 2072 0c32 73140000 		.4byte	.LASF291
 2073 0c36 08       		.byte	0x8
 2074 0c37 29       		.byte	0x29
 2075 0c38 D8000000 		.4byte	0xd8
 2076 0c3c 18       		.byte	0x18
 2077 0c3d 0F       		.uleb128 0xf
 2078 0c3e 78100000 		.4byte	.LASF292
 2079 0c42 08       		.byte	0x8
 2080 0c43 2A       		.byte	0x2a
 2081 0c44 D8000000 		.4byte	0xd8
 2082 0c48 1C       		.byte	0x1c
 2083 0c49 0F       		.uleb128 0xf
 2084 0c4a 7D030000 		.4byte	.LASF293
 2085 0c4e 08       		.byte	0x8
 2086 0c4f 2B       		.byte	0x2b
 2087 0c50 D8000000 		.4byte	0xd8
 2088 0c54 20       		.byte	0x20
 2089 0c55 0F       		.uleb128 0xf
 2090 0c56 A2120000 		.4byte	.LASF294
 2091 0c5a 08       		.byte	0x8
ARM GAS  C:\Users\Finik\AppData\Local\Temp\ccXrCYub.s 			page 135


 2092 0c5b 2C       		.byte	0x2c
 2093 0c5c DD000000 		.4byte	0xdd
 2094 0c60 24       		.byte	0x24
 2095 0c61 0F       		.uleb128 0xf
 2096 0c62 EE1B0000 		.4byte	.LASF295
 2097 0c66 08       		.byte	0x8
 2098 0c67 2D       		.byte	0x2d
 2099 0c68 D8000000 		.4byte	0xd8
 2100 0c6c 28       		.byte	0x28
 2101 0c6d 0F       		.uleb128 0xf
 2102 0c6e 290C0000 		.4byte	.LASF263
 2103 0c72 08       		.byte	0x8
 2104 0c73 2E       		.byte	0x2e
 2105 0c74 7F0C0000 		.4byte	0xc7f
 2106 0c78 2C       		.byte	0x2c
 2107 0c79 00       		.byte	0
 2108 0c7a 05       		.uleb128 0x5
 2109 0c7b A10B0000 		.4byte	0xba1
 2110 0c7f 06       		.uleb128 0x6
 2111 0c80 7A0C0000 		.4byte	0xc7a
 2112 0c84 04       		.uleb128 0x4
 2113 0c85 882D0000 		.4byte	.LASF296
 2114 0c89 08       		.byte	0x8
 2115 0c8a 2F       		.byte	0x2f
 2116 0c8b E10B0000 		.4byte	0xbe1
 2117 0c8f 10       		.uleb128 0x10
 2118 0c90 30FF     		.2byte	0xff30
 2119 0c92 08       		.byte	0x8
 2120 0c93 34       		.byte	0x34
 2121 0c94 03100000 		.4byte	0x1003
 2122 0c98 0F       		.uleb128 0xf
 2123 0c99 150E0000 		.4byte	.LASF297
 2124 0c9d 08       		.byte	0x8
 2125 0c9e 35       		.byte	0x35
 2126 0c9f D8000000 		.4byte	0xd8
 2127 0ca3 00       		.byte	0
 2128 0ca4 0F       		.uleb128 0xf
 2129 0ca5 FD160000 		.4byte	.LASF298
 2130 0ca9 08       		.byte	0x8
 2131 0caa 36       		.byte	0x36
 2132 0cab D8000000 		.4byte	0xd8
 2133 0caf 04       		.byte	0x4
 2134 0cb0 0F       		.uleb128 0xf
 2135 0cb1 C8040000 		.4byte	.LASF299
 2136 0cb5 08       		.byte	0x8
 2137 0cb6 37       		.byte	0x37
 2138 0cb7 D8000000 		.4byte	0xd8
 2139 0cbb 08       		.byte	0x8
 2140 0cbc 0F       		.uleb128 0xf
 2141 0cbd 88050000 		.4byte	.LASF260
 2142 0cc1 08       		.byte	0x8
 2143 0cc2 38       		.byte	0x38
 2144 0cc3 08100000 		.4byte	0x1008
 2145 0cc7 0C       		.byte	0xc
 2146 0cc8 0F       		.uleb128 0xf
 2147 0cc9 9B000000 		.4byte	.LASF300
 2148 0ccd 08       		.byte	0x8
ARM GAS  C:\Users\Finik\AppData\Local\Temp\ccXrCYub.s 			page 136


 2149 0cce 39       		.byte	0x39
 2150 0ccf D8000000 		.4byte	0xd8
 2151 0cd3 14       		.byte	0x14
 2152 0cd4 0F       		.uleb128 0xf
 2153 0cd5 B9280000 		.4byte	.LASF301
 2154 0cd9 08       		.byte	0x8
 2155 0cda 3A       		.byte	0x3a
 2156 0cdb D8000000 		.4byte	0xd8
 2157 0cdf 18       		.byte	0x18
 2158 0ce0 0F       		.uleb128 0xf
 2159 0ce1 EA310000 		.4byte	.LASF302
 2160 0ce5 08       		.byte	0x8
 2161 0ce6 3B       		.byte	0x3b
 2162 0ce7 DD000000 		.4byte	0xdd
 2163 0ceb 1C       		.byte	0x1c
 2164 0cec 0F       		.uleb128 0xf
 2165 0ced 290C0000 		.4byte	.LASF263
 2166 0cf1 08       		.byte	0x8
 2167 0cf2 3C       		.byte	0x3c
 2168 0cf3 22100000 		.4byte	0x1022
 2169 0cf7 20       		.byte	0x20
 2170 0cf8 0F       		.uleb128 0xf
 2171 0cf9 761A0000 		.4byte	.LASF303
 2172 0cfd 08       		.byte	0x8
 2173 0cfe 3D       		.byte	0x3d
 2174 0cff 27100000 		.4byte	0x1027
 2175 0d03 80       		.byte	0x80
 2176 0d04 0F       		.uleb128 0xf
 2177 0d05 330C0000 		.4byte	.LASF278
 2178 0d09 08       		.byte	0x8
 2179 0d0a 3E       		.byte	0x3e
 2180 0d0b 31100000 		.4byte	0x1031
 2181 0d0f C0       		.byte	0xc0
 2182 0d10 12       		.uleb128 0x12
 2183 0d11 86340000 		.4byte	.LASF304
 2184 0d15 08       		.byte	0x8
 2185 0d16 3F       		.byte	0x3f
 2186 0d17 D8000000 		.4byte	0xd8
 2187 0d1b 8001     		.2byte	0x180
 2188 0d1d 12       		.uleb128 0x12
 2189 0d1e 142C0000 		.4byte	.LASF305
 2190 0d22 08       		.byte	0x8
 2191 0d23 40       		.byte	0x40
 2192 0d24 D8000000 		.4byte	0xd8
 2193 0d28 8401     		.2byte	0x184
 2194 0d2a 12       		.uleb128 0x12
 2195 0d2b DC2D0000 		.4byte	.LASF306
 2196 0d2f 08       		.byte	0x8
 2197 0d30 41       		.byte	0x41
 2198 0d31 D8000000 		.4byte	0xd8
 2199 0d35 8801     		.2byte	0x188
 2200 0d37 12       		.uleb128 0x12
 2201 0d38 3D0C0000 		.4byte	.LASF280
 2202 0d3c 08       		.byte	0x8
 2203 0d3d 42       		.byte	0x42
 2204 0d3e 3B100000 		.4byte	0x103b
 2205 0d42 8C01     		.2byte	0x18c
ARM GAS  C:\Users\Finik\AppData\Local\Temp\ccXrCYub.s 			page 137


 2206 0d44 12       		.uleb128 0x12
 2207 0d45 D22C0000 		.4byte	.LASF307
 2208 0d49 08       		.byte	0x8
 2209 0d4a 43       		.byte	0x43
 2210 0d4b 40100000 		.4byte	0x1040
 2211 0d4f 0002     		.2byte	0x200
 2212 0d51 12       		.uleb128 0x12
 2213 0d52 60250000 		.4byte	.LASF308
 2214 0d56 08       		.byte	0x8
 2215 0d57 44       		.byte	0x44
 2216 0d58 50100000 		.4byte	0x1050
 2217 0d5c 0003     		.2byte	0x300
 2218 0d5e 12       		.uleb128 0x12
 2219 0d5f 0F140000 		.4byte	.LASF309
 2220 0d63 08       		.byte	0x8
 2221 0d64 45       		.byte	0x45
 2222 0d65 55100000 		.4byte	0x1055
 2223 0d69 4003     		.2byte	0x340
 2224 0d6b 12       		.uleb128 0x12
 2225 0d6c 4B230000 		.4byte	.LASF310
 2226 0d70 08       		.byte	0x8
 2227 0d71 46       		.byte	0x46
 2228 0d72 5A100000 		.4byte	0x105a
 2229 0d76 8003     		.2byte	0x380
 2230 0d78 12       		.uleb128 0x12
 2231 0d79 470C0000 		.4byte	.LASF283
 2232 0d7d 08       		.byte	0x8
 2233 0d7e 47       		.byte	0x47
 2234 0d7f 74100000 		.4byte	0x1074
 2235 0d83 C003     		.2byte	0x3c0
 2236 0d85 12       		.uleb128 0x12
 2237 0d86 A2170000 		.4byte	.LASF311
 2238 0d8a 08       		.byte	0x8
 2239 0d8b 48       		.byte	0x48
 2240 0d8c D8000000 		.4byte	0xd8
 2241 0d90 0005     		.2byte	0x500
 2242 0d92 12       		.uleb128 0x12
 2243 0d93 8B1F0000 		.4byte	.LASF312
 2244 0d97 08       		.byte	0x8
 2245 0d98 49       		.byte	0x49
 2246 0d99 D8000000 		.4byte	0xd8
 2247 0d9d 0405     		.2byte	0x504
 2248 0d9f 12       		.uleb128 0x12
 2249 0da0 510C0000 		.4byte	.LASF313
 2250 0da4 08       		.byte	0x8
 2251 0da5 4A       		.byte	0x4a
 2252 0da6 DD000000 		.4byte	0xdd
 2253 0daa 0805     		.2byte	0x508
 2254 0dac 12       		.uleb128 0x12
 2255 0dad F62F0000 		.4byte	.LASF314
 2256 0db1 08       		.byte	0x8
 2257 0db2 4B       		.byte	0x4b
 2258 0db3 D8000000 		.4byte	0xd8
 2259 0db7 0C05     		.2byte	0x50c
 2260 0db9 12       		.uleb128 0x12
 2261 0dba 17250000 		.4byte	.LASF315
 2262 0dbe 08       		.byte	0x8
ARM GAS  C:\Users\Finik\AppData\Local\Temp\ccXrCYub.s 			page 138


 2263 0dbf 4C       		.byte	0x4c
 2264 0dc0 D8000000 		.4byte	0xd8
 2265 0dc4 1005     		.2byte	0x510
 2266 0dc6 12       		.uleb128 0x12
 2267 0dc7 76340000 		.4byte	.LASF316
 2268 0dcb 08       		.byte	0x8
 2269 0dcc 4D       		.byte	0x4d
 2270 0dcd D8000000 		.4byte	0xd8
 2271 0dd1 1405     		.2byte	0x514
 2272 0dd3 12       		.uleb128 0x12
 2273 0dd4 4D240000 		.4byte	.LASF317
 2274 0dd8 08       		.byte	0x8
 2275 0dd9 4E       		.byte	0x4e
 2276 0dda D8000000 		.4byte	0xd8
 2277 0dde 1805     		.2byte	0x518
 2278 0de0 12       		.uleb128 0x12
 2279 0de1 23170000 		.4byte	.LASF318
 2280 0de5 08       		.byte	0x8
 2281 0de6 4F       		.byte	0x4f
 2282 0de7 D8000000 		.4byte	0xd8
 2283 0deb 1C05     		.2byte	0x51c
 2284 0ded 12       		.uleb128 0x12
 2285 0dee 3C140000 		.4byte	.LASF319
 2286 0df2 08       		.byte	0x8
 2287 0df3 50       		.byte	0x50
 2288 0df4 DD000000 		.4byte	0xdd
 2289 0df8 2005     		.2byte	0x520
 2290 0dfa 12       		.uleb128 0x12
 2291 0dfb 5B0C0000 		.4byte	.LASF320
 2292 0dff 08       		.byte	0x8
 2293 0e00 51       		.byte	0x51
 2294 0e01 7E100000 		.4byte	0x107e
 2295 0e05 2405     		.2byte	0x524
 2296 0e07 12       		.uleb128 0x12
 2297 0e08 A5240000 		.4byte	.LASF321
 2298 0e0c 08       		.byte	0x8
 2299 0e0d 52       		.byte	0x52
 2300 0e0e D8000000 		.4byte	0xd8
 2301 0e12 2C05     		.2byte	0x52c
 2302 0e14 12       		.uleb128 0x12
 2303 0e15 D11E0000 		.4byte	.LASF322
 2304 0e19 08       		.byte	0x8
 2305 0e1a 53       		.byte	0x53
 2306 0e1b DD000000 		.4byte	0xdd
 2307 0e1f 3005     		.2byte	0x530
 2308 0e21 12       		.uleb128 0x12
 2309 0e22 650C0000 		.4byte	.LASF323
 2310 0e26 08       		.byte	0x8
 2311 0e27 54       		.byte	0x54
 2312 0e28 88100000 		.4byte	0x1088
 2313 0e2c 3405     		.2byte	0x534
 2314 0e2e 12       		.uleb128 0x12
 2315 0e2f 92330000 		.4byte	.LASF324
 2316 0e33 08       		.byte	0x8
 2317 0e34 55       		.byte	0x55
 2318 0e35 D8000000 		.4byte	0xd8
 2319 0e39 3C05     		.2byte	0x53c
ARM GAS  C:\Users\Finik\AppData\Local\Temp\ccXrCYub.s 			page 139


 2320 0e3b 12       		.uleb128 0x12
 2321 0e3c 6F0C0000 		.4byte	.LASF325
 2322 0e40 08       		.byte	0x8
 2323 0e41 56       		.byte	0x56
 2324 0e42 92100000 		.4byte	0x1092
 2325 0e46 4005     		.2byte	0x540
 2326 0e48 12       		.uleb128 0x12
 2327 0e49 8F0B0000 		.4byte	.LASF326
 2328 0e4d 08       		.byte	0x8
 2329 0e4e 57       		.byte	0x57
 2330 0e4f D8000000 		.4byte	0xd8
 2331 0e53 8005     		.2byte	0x580
 2332 0e55 12       		.uleb128 0x12
 2333 0e56 62190000 		.4byte	.LASF327
 2334 0e5a 08       		.byte	0x8
 2335 0e5b 58       		.byte	0x58
 2336 0e5c D8000000 		.4byte	0xd8
 2337 0e60 8405     		.2byte	0x584
 2338 0e62 12       		.uleb128 0x12
 2339 0e63 6D240000 		.4byte	.LASF328
 2340 0e67 08       		.byte	0x8
 2341 0e68 59       		.byte	0x59
 2342 0e69 D8000000 		.4byte	0xd8
 2343 0e6d 8805     		.2byte	0x588
 2344 0e6f 12       		.uleb128 0x12
 2345 0e70 682D0000 		.4byte	.LASF329
 2346 0e74 08       		.byte	0x8
 2347 0e75 5A       		.byte	0x5a
 2348 0e76 D8000000 		.4byte	0xd8
 2349 0e7a 8C05     		.2byte	0x58c
 2350 0e7c 12       		.uleb128 0x12
 2351 0e7d 5A1F0000 		.4byte	.LASF330
 2352 0e81 08       		.byte	0x8
 2353 0e82 5B       		.byte	0x5b
 2354 0e83 D8000000 		.4byte	0xd8
 2355 0e87 9005     		.2byte	0x590
 2356 0e89 12       		.uleb128 0x12
 2357 0e8a 790C0000 		.4byte	.LASF331
 2358 0e8e 08       		.byte	0x8
 2359 0e8f 5C       		.byte	0x5c
 2360 0e90 9C100000 		.4byte	0x109c
 2361 0e94 9405     		.2byte	0x594
 2362 0e96 12       		.uleb128 0x12
 2363 0e97 751D0000 		.4byte	.LASF332
 2364 0e9b 08       		.byte	0x8
 2365 0e9c 5D       		.byte	0x5d
 2366 0e9d B1100000 		.4byte	0x10b1
 2367 0ea1 0006     		.2byte	0x600
 2368 0ea3 12       		.uleb128 0x12
 2369 0ea4 58270000 		.4byte	.LASF333
 2370 0ea8 08       		.byte	0x8
 2371 0ea9 5E       		.byte	0x5e
 2372 0eaa DD000000 		.4byte	0xdd
 2373 0eae 3C06     		.2byte	0x63c
 2374 0eb0 12       		.uleb128 0x12
 2375 0eb1 482B0000 		.4byte	.LASF334
 2376 0eb5 08       		.byte	0x8
ARM GAS  C:\Users\Finik\AppData\Local\Temp\ccXrCYub.s 			page 140


 2377 0eb6 5F       		.byte	0x5f
 2378 0eb7 B6100000 		.4byte	0x10b6
 2379 0ebb 4006     		.2byte	0x640
 2380 0ebd 12       		.uleb128 0x12
 2381 0ebe 63270000 		.4byte	.LASF335
 2382 0ec2 08       		.byte	0x8
 2383 0ec3 60       		.byte	0x60
 2384 0ec4 D0100000 		.4byte	0x10d0
 2385 0ec8 7C06     		.2byte	0x67c
 2386 0eca 12       		.uleb128 0x12
 2387 0ecb BA020000 		.4byte	.LASF336
 2388 0ecf 08       		.byte	0x8
 2389 0ed0 61       		.byte	0x61
 2390 0ed1 D8000000 		.4byte	0xd8
 2391 0ed5 0007     		.2byte	0x700
 2392 0ed7 12       		.uleb128 0x12
 2393 0ed8 2E090000 		.4byte	.LASF337
 2394 0edc 08       		.byte	0x8
 2395 0edd 62       		.byte	0x62
 2396 0ede D8000000 		.4byte	0xd8
 2397 0ee2 0407     		.2byte	0x704
 2398 0ee4 12       		.uleb128 0x12
 2399 0ee5 1F230000 		.4byte	.LASF338
 2400 0ee9 08       		.byte	0x8
 2401 0eea 63       		.byte	0x63
 2402 0eeb D8000000 		.4byte	0xd8
 2403 0eef 0807     		.2byte	0x708
 2404 0ef1 12       		.uleb128 0x12
 2405 0ef2 78230000 		.4byte	.LASF339
 2406 0ef6 08       		.byte	0x8
 2407 0ef7 64       		.byte	0x64
 2408 0ef8 DD000000 		.4byte	0xdd
 2409 0efc 0C07     		.2byte	0x70c
 2410 0efe 12       		.uleb128 0x12
 2411 0eff 05350000 		.4byte	.LASF340
 2412 0f03 08       		.byte	0x8
 2413 0f04 65       		.byte	0x65
 2414 0f05 D8000000 		.4byte	0xd8
 2415 0f09 1007     		.2byte	0x710
 2416 0f0b 12       		.uleb128 0x12
 2417 0f0c 6E270000 		.4byte	.LASF341
 2418 0f10 08       		.byte	0x8
 2419 0f11 66       		.byte	0x66
 2420 0f12 EA100000 		.4byte	0x10ea
 2421 0f16 1407     		.2byte	0x714
 2422 0f18 12       		.uleb128 0x12
 2423 0f19 B1200000 		.4byte	.LASF342
 2424 0f1d 08       		.byte	0x8
 2425 0f1e 67       		.byte	0x67
 2426 0f1f D8000000 		.4byte	0xd8
 2427 0f23 0008     		.2byte	0x800
 2428 0f25 12       		.uleb128 0x12
 2429 0f26 40170000 		.4byte	.LASF343
 2430 0f2a 08       		.byte	0x8
 2431 0f2b 68       		.byte	0x68
 2432 0f2c D8000000 		.4byte	0xd8
 2433 0f30 0408     		.2byte	0x804
ARM GAS  C:\Users\Finik\AppData\Local\Temp\ccXrCYub.s 			page 141


 2434 0f32 12       		.uleb128 0x12
 2435 0f33 79270000 		.4byte	.LASF344
 2436 0f37 08       		.byte	0x8
 2437 0f38 69       		.byte	0x69
 2438 0f39 05110000 		.4byte	0x1105
 2439 0f3d 0808     		.2byte	0x808
 2440 0f3f 12       		.uleb128 0x12
 2441 0f40 B6290000 		.4byte	.LASF345
 2442 0f44 08       		.byte	0x8
 2443 0f45 6A       		.byte	0x6a
 2444 0f46 D8000000 		.4byte	0xd8
 2445 0f4a 007F     		.2byte	0x7f00
 2446 0f4c 12       		.uleb128 0x12
 2447 0f4d 72190000 		.4byte	.LASF346
 2448 0f51 08       		.byte	0x8
 2449 0f52 6B       		.byte	0x6b
 2450 0f53 D8000000 		.4byte	0xd8
 2451 0f57 047F     		.2byte	0x7f04
 2452 0f59 12       		.uleb128 0x12
 2453 0f5a 48070000 		.4byte	.LASF347
 2454 0f5e 08       		.byte	0x8
 2455 0f5f 6C       		.byte	0x6c
 2456 0f60 D8000000 		.4byte	0xd8
 2457 0f64 087F     		.2byte	0x7f08
 2458 0f66 12       		.uleb128 0x12
 2459 0f67 EF2B0000 		.4byte	.LASF348
 2460 0f6b 08       		.byte	0x8
 2461 0f6c 6D       		.byte	0x6d
 2462 0f6d D8000000 		.4byte	0xd8
 2463 0f71 0C7F     		.2byte	0x7f0c
 2464 0f73 12       		.uleb128 0x12
 2465 0f74 84270000 		.4byte	.LASF349
 2466 0f78 08       		.byte	0x8
 2467 0f79 6E       		.byte	0x6e
 2468 0f7a 0F110000 		.4byte	0x110f
 2469 0f7e 107F     		.2byte	0x7f10
 2470 0f80 12       		.uleb128 0x12
 2471 0f81 21300000 		.4byte	.LASF350
 2472 0f85 08       		.byte	0x8
 2473 0f86 6F       		.byte	0x6f
 2474 0f87 D8000000 		.4byte	0xd8
 2475 0f8b 307F     		.2byte	0x7f30
 2476 0f8d 12       		.uleb128 0x12
 2477 0f8e 8F270000 		.4byte	.LASF351
 2478 0f92 08       		.byte	0x8
 2479 0f93 70       		.byte	0x70
 2480 0f94 2A110000 		.4byte	0x112a
 2481 0f98 347F     		.2byte	0x7f34
 2482 0f9a 12       		.uleb128 0x12
 2483 0f9b 9D2D0000 		.4byte	.LASF352
 2484 0f9f 08       		.byte	0x8
 2485 0fa0 71       		.byte	0x71
 2486 0fa1 D8000000 		.4byte	0xd8
 2487 0fa5 10FF     		.2byte	0xff10
 2488 0fa7 12       		.uleb128 0x12
 2489 0fa8 9A270000 		.4byte	.LASF353
 2490 0fac 08       		.byte	0x8
ARM GAS  C:\Users\Finik\AppData\Local\Temp\ccXrCYub.s 			page 142


 2491 0fad 72       		.byte	0x72
 2492 0fae DD000000 		.4byte	0xdd
 2493 0fb2 14FF     		.2byte	0xff14
 2494 0fb4 12       		.uleb128 0x12
 2495 0fb5 A2330000 		.4byte	.LASF354
 2496 0fb9 08       		.byte	0x8
 2497 0fba 73       		.byte	0x73
 2498 0fbb D8000000 		.4byte	0xd8
 2499 0fbf 18FF     		.2byte	0xff18
 2500 0fc1 12       		.uleb128 0x12
 2501 0fc2 6A1C0000 		.4byte	.LASF355
 2502 0fc6 08       		.byte	0x8
 2503 0fc7 74       		.byte	0x74
 2504 0fc8 D8000000 		.4byte	0xd8
 2505 0fcc 1CFF     		.2byte	0xff1c
 2506 0fce 12       		.uleb128 0x12
 2507 0fcf 470E0000 		.4byte	.LASF356
 2508 0fd3 08       		.byte	0x8
 2509 0fd4 75       		.byte	0x75
 2510 0fd5 D8000000 		.4byte	0xd8
 2511 0fd9 20FF     		.2byte	0xff20
 2512 0fdb 12       		.uleb128 0x12
 2513 0fdc 95130000 		.4byte	.LASF357
 2514 0fe0 08       		.byte	0x8
 2515 0fe1 76       		.byte	0x76
 2516 0fe2 D8000000 		.4byte	0xd8
 2517 0fe6 24FF     		.2byte	0xff24
 2518 0fe8 12       		.uleb128 0x12
 2519 0fe9 81010000 		.4byte	.LASF358
 2520 0fed 08       		.byte	0x8
 2521 0fee 77       		.byte	0x77
 2522 0fef D8000000 		.4byte	0xd8
 2523 0ff3 28FF     		.2byte	0xff28
 2524 0ff5 12       		.uleb128 0x12
 2525 0ff6 94010000 		.4byte	.LASF359
 2526 0ffa 08       		.byte	0x8
 2527 0ffb 78       		.byte	0x78
 2528 0ffc D8000000 		.4byte	0xd8
 2529 1000 2CFF     		.2byte	0xff2c
 2530 1002 00       		.byte	0
 2531 1003 05       		.uleb128 0x5
 2532 1004 01080000 		.4byte	0x801
 2533 1008 06       		.uleb128 0x6
 2534 1009 03100000 		.4byte	0x1003
 2535 100d 0C       		.uleb128 0xc
 2536 100e DD000000 		.4byte	0xdd
 2537 1012 1D100000 		.4byte	0x101d
 2538 1016 0D       		.uleb128 0xd
 2539 1017 9E000000 		.4byte	0x9e
 2540 101b 17       		.byte	0x17
 2541 101c 00       		.byte	0
 2542 101d 05       		.uleb128 0x5
 2543 101e 0D100000 		.4byte	0x100d
 2544 1022 06       		.uleb128 0x6
 2545 1023 1D100000 		.4byte	0x101d
 2546 1027 05       		.uleb128 0x5
 2547 1028 31080000 		.4byte	0x831
ARM GAS  C:\Users\Finik\AppData\Local\Temp\ccXrCYub.s 			page 143


 2548 102c 05       		.uleb128 0x5
 2549 102d 51080000 		.4byte	0x851
 2550 1031 06       		.uleb128 0x6
 2551 1032 2C100000 		.4byte	0x102c
 2552 1036 05       		.uleb128 0x5
 2553 1037 D10B0000 		.4byte	0xbd1
 2554 103b 06       		.uleb128 0x6
 2555 103c 36100000 		.4byte	0x1036
 2556 1040 0C       		.uleb128 0xc
 2557 1041 840C0000 		.4byte	0xc84
 2558 1045 50100000 		.4byte	0x1050
 2559 1049 0D       		.uleb128 0xd
 2560 104a 9E000000 		.4byte	0x9e
 2561 104e 03       		.byte	0x3
 2562 104f 00       		.byte	0
 2563 1050 05       		.uleb128 0x5
 2564 1051 31080000 		.4byte	0x831
 2565 1055 05       		.uleb128 0x5
 2566 1056 31080000 		.4byte	0x831
 2567 105a 05       		.uleb128 0x5
 2568 105b 31080000 		.4byte	0x831
 2569 105f 0C       		.uleb128 0xc
 2570 1060 DD000000 		.4byte	0xdd
 2571 1064 6F100000 		.4byte	0x106f
 2572 1068 0D       		.uleb128 0xd
 2573 1069 9E000000 		.4byte	0x9e
 2574 106d 4F       		.byte	0x4f
 2575 106e 00       		.byte	0
 2576 106f 05       		.uleb128 0x5
 2577 1070 5F100000 		.4byte	0x105f
 2578 1074 06       		.uleb128 0x6
 2579 1075 6F100000 		.4byte	0x106f
 2580 1079 05       		.uleb128 0x5
 2581 107a 01080000 		.4byte	0x801
 2582 107e 06       		.uleb128 0x6
 2583 107f 79100000 		.4byte	0x1079
 2584 1083 05       		.uleb128 0x5
 2585 1084 01080000 		.4byte	0x801
 2586 1088 06       		.uleb128 0x6
 2587 1089 83100000 		.4byte	0x1083
 2588 108d 05       		.uleb128 0x5
 2589 108e B10B0000 		.4byte	0xbb1
 2590 1092 06       		.uleb128 0x6
 2591 1093 8D100000 		.4byte	0x108d
 2592 1097 05       		.uleb128 0x5
 2593 1098 C10B0000 		.4byte	0xbc1
 2594 109c 06       		.uleb128 0x6
 2595 109d 97100000 		.4byte	0x1097
 2596 10a1 0C       		.uleb128 0xc
 2597 10a2 D8000000 		.4byte	0xd8
 2598 10a6 B1100000 		.4byte	0x10b1
 2599 10aa 0D       		.uleb128 0xd
 2600 10ab 9E000000 		.4byte	0x9e
 2601 10af 0E       		.byte	0xe
 2602 10b0 00       		.byte	0
 2603 10b1 05       		.uleb128 0x5
 2604 10b2 A1100000 		.4byte	0x10a1
ARM GAS  C:\Users\Finik\AppData\Local\Temp\ccXrCYub.s 			page 144


 2605 10b6 05       		.uleb128 0x5
 2606 10b7 A1100000 		.4byte	0x10a1
 2607 10bb 0C       		.uleb128 0xc
 2608 10bc DD000000 		.4byte	0xdd
 2609 10c0 CB100000 		.4byte	0x10cb
 2610 10c4 0D       		.uleb128 0xd
 2611 10c5 9E000000 		.4byte	0x9e
 2612 10c9 20       		.byte	0x20
 2613 10ca 00       		.byte	0
 2614 10cb 05       		.uleb128 0x5
 2615 10cc BB100000 		.4byte	0x10bb
 2616 10d0 06       		.uleb128 0x6
 2617 10d1 CB100000 		.4byte	0x10cb
 2618 10d5 0C       		.uleb128 0xc
 2619 10d6 DD000000 		.4byte	0xdd
 2620 10da E5100000 		.4byte	0x10e5
 2621 10de 0D       		.uleb128 0xd
 2622 10df 9E000000 		.4byte	0x9e
 2623 10e3 3A       		.byte	0x3a
 2624 10e4 00       		.byte	0
 2625 10e5 05       		.uleb128 0x5
 2626 10e6 D5100000 		.4byte	0x10d5
 2627 10ea 06       		.uleb128 0x6
 2628 10eb E5100000 		.4byte	0x10e5
 2629 10ef 0C       		.uleb128 0xc
 2630 10f0 DD000000 		.4byte	0xdd
 2631 10f4 00110000 		.4byte	0x1100
 2632 10f8 13       		.uleb128 0x13
 2633 10f9 9E000000 		.4byte	0x9e
 2634 10fd BD1D     		.2byte	0x1dbd
 2635 10ff 00       		.byte	0
 2636 1100 05       		.uleb128 0x5
 2637 1101 EF100000 		.4byte	0x10ef
 2638 1105 06       		.uleb128 0x6
 2639 1106 00110000 		.4byte	0x1100
 2640 110a 05       		.uleb128 0x5
 2641 110b 11080000 		.4byte	0x811
 2642 110f 06       		.uleb128 0x6
 2643 1110 0A110000 		.4byte	0x110a
 2644 1114 0C       		.uleb128 0xc
 2645 1115 DD000000 		.4byte	0xdd
 2646 1119 25110000 		.4byte	0x1125
 2647 111d 13       		.uleb128 0x13
 2648 111e 9E000000 		.4byte	0x9e
 2649 1122 F61F     		.2byte	0x1ff6
 2650 1124 00       		.byte	0
 2651 1125 05       		.uleb128 0x5
 2652 1126 14110000 		.4byte	0x1114
 2653 112a 06       		.uleb128 0x6
 2654 112b 25110000 		.4byte	0x1125
 2655 112f 04       		.uleb128 0x4
 2656 1130 C32E0000 		.4byte	.LASF360
 2657 1134 08       		.byte	0x8
 2658 1135 79       		.byte	0x79
 2659 1136 8F0C0000 		.4byte	0xc8f
 2660 113a 10       		.uleb128 0x10
 2661 113b 04FF     		.2byte	0xff04
ARM GAS  C:\Users\Finik\AppData\Local\Temp\ccXrCYub.s 			page 145


 2662 113d 09       		.byte	0x9
 2663 113e 21       		.byte	0x21
 2664 113f 5B120000 		.4byte	0x125b
 2665 1143 11       		.uleb128 0x11
 2666 1144 43544C00 		.ascii	"CTL\000"
 2667 1148 09       		.byte	0x9
 2668 1149 22       		.byte	0x22
 2669 114a D8000000 		.4byte	0xd8
 2670 114e 00       		.byte	0
 2671 114f 0F       		.uleb128 0xf
 2672 1150 88050000 		.4byte	.LASF260
 2673 1154 09       		.byte	0x9
 2674 1155 23       		.byte	0x23
 2675 1156 DD000000 		.4byte	0xdd
 2676 115a 04       		.byte	0x4
 2677 115b 0F       		.uleb128 0xf
 2678 115c 64100000 		.4byte	.LASF361
 2679 1160 09       		.byte	0x9
 2680 1161 24       		.byte	0x24
 2681 1162 D8000000 		.4byte	0xd8
 2682 1166 08       		.byte	0x8
 2683 1167 0F       		.uleb128 0xf
 2684 1168 4B170000 		.4byte	.LASF362
 2685 116c 09       		.byte	0x9
 2686 116d 25       		.byte	0x25
 2687 116e D8000000 		.4byte	0xd8
 2688 1172 0C       		.byte	0xc
 2689 1173 0F       		.uleb128 0xf
 2690 1174 272B0000 		.4byte	.LASF363
 2691 1178 09       		.byte	0x9
 2692 1179 26       		.byte	0x26
 2693 117a DD000000 		.4byte	0xdd
 2694 117e 10       		.byte	0x10
 2695 117f 0F       		.uleb128 0xf
 2696 1180 69200000 		.4byte	.LASF364
 2697 1184 09       		.byte	0x9
 2698 1185 27       		.byte	0x27
 2699 1186 D8000000 		.4byte	0xd8
 2700 118a 14       		.byte	0x14
 2701 118b 0F       		.uleb128 0xf
 2702 118c 7F050000 		.4byte	.LASF365
 2703 1190 09       		.byte	0x9
 2704 1191 28       		.byte	0x28
 2705 1192 D8000000 		.4byte	0xd8
 2706 1196 18       		.byte	0x18
 2707 1197 0F       		.uleb128 0xf
 2708 1198 C22B0000 		.4byte	.LASF366
 2709 119c 09       		.byte	0x9
 2710 119d 29       		.byte	0x29
 2711 119e D8000000 		.4byte	0xd8
 2712 11a2 1C       		.byte	0x1c
 2713 11a3 0F       		.uleb128 0xf
 2714 11a4 91120000 		.4byte	.LASF367
 2715 11a8 09       		.byte	0x9
 2716 11a9 2A       		.byte	0x2a
 2717 11aa D8000000 		.4byte	0xd8
 2718 11ae 20       		.byte	0x20
ARM GAS  C:\Users\Finik\AppData\Local\Temp\ccXrCYub.s 			page 146


 2719 11af 0F       		.uleb128 0xf
 2720 11b0 E3160000 		.4byte	.LASF368
 2721 11b4 09       		.byte	0x9
 2722 11b5 2B       		.byte	0x2b
 2723 11b6 D8000000 		.4byte	0xd8
 2724 11ba 24       		.byte	0x24
 2725 11bb 0F       		.uleb128 0xf
 2726 11bc FC300000 		.4byte	.LASF369
 2727 11c0 09       		.byte	0x9
 2728 11c1 2C       		.byte	0x2c
 2729 11c2 D8000000 		.4byte	0xd8
 2730 11c6 28       		.byte	0x28
 2731 11c7 0F       		.uleb128 0xf
 2732 11c8 E3190000 		.4byte	.LASF370
 2733 11cc 09       		.byte	0x9
 2734 11cd 2D       		.byte	0x2d
 2735 11ce D8000000 		.4byte	0xd8
 2736 11d2 2C       		.byte	0x2c
 2737 11d3 0F       		.uleb128 0xf
 2738 11d4 26250000 		.4byte	.LASF371
 2739 11d8 09       		.byte	0x9
 2740 11d9 2E       		.byte	0x2e
 2741 11da D8000000 		.4byte	0xd8
 2742 11de 30       		.byte	0x30
 2743 11df 0F       		.uleb128 0xf
 2744 11e0 70180000 		.4byte	.LASF372
 2745 11e4 09       		.byte	0x9
 2746 11e5 2F       		.byte	0x2f
 2747 11e6 D8000000 		.4byte	0xd8
 2748 11ea 34       		.byte	0x34
 2749 11eb 0F       		.uleb128 0xf
 2750 11ec 08030000 		.4byte	.LASF373
 2751 11f0 09       		.byte	0x9
 2752 11f1 30       		.byte	0x30
 2753 11f2 DD000000 		.4byte	0xdd
 2754 11f6 38       		.byte	0x38
 2755 11f7 0F       		.uleb128 0xf
 2756 11f8 D81A0000 		.4byte	.LASF374
 2757 11fc 09       		.byte	0x9
 2758 11fd 31       		.byte	0x31
 2759 11fe DD000000 		.4byte	0xdd
 2760 1202 3C       		.byte	0x3c
 2761 1203 0F       		.uleb128 0xf
 2762 1204 A4180000 		.4byte	.LASF375
 2763 1208 09       		.byte	0x9
 2764 1209 32       		.byte	0x32
 2765 120a DD000000 		.4byte	0xdd
 2766 120e 40       		.byte	0x40
 2767 120f 0F       		.uleb128 0xf
 2768 1210 150C0000 		.4byte	.LASF376
 2769 1214 09       		.byte	0x9
 2770 1215 33       		.byte	0x33
 2771 1216 D8000000 		.4byte	0xd8
 2772 121a 44       		.byte	0x44
 2773 121b 0F       		.uleb128 0xf
 2774 121c A42A0000 		.4byte	.LASF377
 2775 1220 09       		.byte	0x9
ARM GAS  C:\Users\Finik\AppData\Local\Temp\ccXrCYub.s 			page 147


 2776 1221 34       		.byte	0x34
 2777 1222 D8000000 		.4byte	0xd8
 2778 1226 48       		.byte	0x48
 2779 1227 0F       		.uleb128 0xf
 2780 1228 290C0000 		.4byte	.LASF263
 2781 122c 09       		.byte	0x9
 2782 122d 35       		.byte	0x35
 2783 122e 71120000 		.4byte	0x1271
 2784 1232 4C       		.byte	0x4c
 2785 1233 12       		.uleb128 0x12
 2786 1234 100C0000 		.4byte	.LASF378
 2787 1238 09       		.byte	0x9
 2788 1239 36       		.byte	0x36
 2789 123a 76120000 		.4byte	0x1276
 2790 123e 0010     		.2byte	0x1000
 2791 1240 12       		.uleb128 0x12
 2792 1241 330C0000 		.4byte	.LASF278
 2793 1245 09       		.byte	0x9
 2794 1246 37       		.byte	0x37
 2795 1247 91120000 		.4byte	0x1291
 2796 124b 0011     		.2byte	0x1100
 2797 124d 12       		.uleb128 0x12
 2798 124e CA190000 		.4byte	.LASF379
 2799 1252 09       		.byte	0x9
 2800 1253 38       		.byte	0x38
 2801 1254 D8000000 		.4byte	0xd8
 2802 1258 00FF     		.2byte	0xff00
 2803 125a 00       		.byte	0
 2804 125b 0C       		.uleb128 0xc
 2805 125c DD000000 		.4byte	0xdd
 2806 1260 6C120000 		.4byte	0x126c
 2807 1264 13       		.uleb128 0x13
 2808 1265 9E000000 		.4byte	0x9e
 2809 1269 EC03     		.2byte	0x3ec
 2810 126b 00       		.byte	0
 2811 126c 05       		.uleb128 0x5
 2812 126d 5B120000 		.4byte	0x125b
 2813 1271 06       		.uleb128 0x6
 2814 1272 6C120000 		.4byte	0x126c
 2815 1276 05       		.uleb128 0x5
 2816 1277 DD0A0000 		.4byte	0xadd
 2817 127b 0C       		.uleb128 0xc
 2818 127c DD000000 		.4byte	0xdd
 2819 1280 8C120000 		.4byte	0x128c
 2820 1284 13       		.uleb128 0x13
 2821 1285 9E000000 		.4byte	0x9e
 2822 1289 7F3B     		.2byte	0x3b7f
 2823 128b 00       		.byte	0
 2824 128c 05       		.uleb128 0x5
 2825 128d 7B120000 		.4byte	0x127b
 2826 1291 06       		.uleb128 0x6
 2827 1292 8C120000 		.4byte	0x128c
 2828 1296 04       		.uleb128 0x4
 2829 1297 2D1A0000 		.4byte	.LASF380
 2830 129b 09       		.byte	0x9
 2831 129c 39       		.byte	0x39
 2832 129d 3A110000 		.4byte	0x113a
ARM GAS  C:\Users\Finik\AppData\Local\Temp\ccXrCYub.s 			page 148


 2833 12a1 0E       		.uleb128 0xe
 2834 12a2 80       		.byte	0x80
 2835 12a3 0A       		.byte	0xa
 2836 12a4 22       		.byte	0x22
 2837 12a5 75130000 		.4byte	0x1375
 2838 12a9 11       		.uleb128 0x11
 2839 12aa 4F555400 		.ascii	"OUT\000"
 2840 12ae 0A       		.byte	0xa
 2841 12af 23       		.byte	0x23
 2842 12b0 D8000000 		.4byte	0xd8
 2843 12b4 00       		.byte	0
 2844 12b5 0F       		.uleb128 0xf
 2845 12b6 67030000 		.4byte	.LASF381
 2846 12ba 0A       		.byte	0xa
 2847 12bb 24       		.byte	0x24
 2848 12bc D8000000 		.4byte	0xd8
 2849 12c0 04       		.byte	0x4
 2850 12c1 0F       		.uleb128 0xf
 2851 12c2 3B030000 		.4byte	.LASF382
 2852 12c6 0A       		.byte	0xa
 2853 12c7 25       		.byte	0x25
 2854 12c8 D8000000 		.4byte	0xd8
 2855 12cc 08       		.byte	0x8
 2856 12cd 0F       		.uleb128 0xf
 2857 12ce B7140000 		.4byte	.LASF383
 2858 12d2 0A       		.byte	0xa
 2859 12d3 26       		.byte	0x26
 2860 12d4 D8000000 		.4byte	0xd8
 2861 12d8 0C       		.byte	0xc
 2862 12d9 11       		.uleb128 0x11
 2863 12da 494E00   		.ascii	"IN\000"
 2864 12dd 0A       		.byte	0xa
 2865 12de 27       		.byte	0x27
 2866 12df DD000000 		.4byte	0xdd
 2867 12e3 10       		.byte	0x10
 2868 12e4 0F       		.uleb128 0xf
 2869 12e5 E3190000 		.4byte	.LASF370
 2870 12e9 0A       		.byte	0xa
 2871 12ea 28       		.byte	0x28
 2872 12eb D8000000 		.4byte	0xd8
 2873 12ef 14       		.byte	0x14
 2874 12f0 0F       		.uleb128 0xf
 2875 12f1 70180000 		.4byte	.LASF372
 2876 12f5 0A       		.byte	0xa
 2877 12f6 29       		.byte	0x29
 2878 12f7 D8000000 		.4byte	0xd8
 2879 12fb 18       		.byte	0x18
 2880 12fc 0F       		.uleb128 0xf
 2881 12fd 08030000 		.4byte	.LASF373
 2882 1301 0A       		.byte	0xa
 2883 1302 2A       		.byte	0x2a
 2884 1303 DD000000 		.4byte	0xdd
 2885 1307 1C       		.byte	0x1c
 2886 1308 0F       		.uleb128 0xf
 2887 1309 26250000 		.4byte	.LASF371
 2888 130d 0A       		.byte	0xa
 2889 130e 2B       		.byte	0x2b
ARM GAS  C:\Users\Finik\AppData\Local\Temp\ccXrCYub.s 			page 149


 2890 130f D8000000 		.4byte	0xd8
 2891 1313 20       		.byte	0x20
 2892 1314 0F       		.uleb128 0xf
 2893 1315 241A0000 		.4byte	.LASF384
 2894 1319 0A       		.byte	0xa
 2895 131a 2C       		.byte	0x2c
 2896 131b D8000000 		.4byte	0xd8
 2897 131f 24       		.byte	0x24
 2898 1320 11       		.uleb128 0x11
 2899 1321 43464700 		.ascii	"CFG\000"
 2900 1325 0A       		.byte	0xa
 2901 1326 2D       		.byte	0x2d
 2902 1327 D8000000 		.4byte	0xd8
 2903 132b 28       		.byte	0x28
 2904 132c 0F       		.uleb128 0xf
 2905 132d 9B120000 		.4byte	.LASF385
 2906 1331 0A       		.byte	0xa
 2907 1332 2E       		.byte	0x2e
 2908 1333 D8000000 		.4byte	0xd8
 2909 1337 2C       		.byte	0x2c
 2910 1338 0F       		.uleb128 0xf
 2911 1339 AF140000 		.4byte	.LASF386
 2912 133d 0A       		.byte	0xa
 2913 133e 2F       		.byte	0x2f
 2914 133f D8000000 		.4byte	0xd8
 2915 1343 30       		.byte	0x30
 2916 1344 0F       		.uleb128 0xf
 2917 1345 812B0000 		.4byte	.LASF387
 2918 1349 0A       		.byte	0xa
 2919 134a 30       		.byte	0x30
 2920 134b D8000000 		.4byte	0xd8
 2921 134f 34       		.byte	0x34
 2922 1350 0F       		.uleb128 0xf
 2923 1351 88050000 		.4byte	.LASF260
 2924 1355 0A       		.byte	0xa
 2925 1356 31       		.byte	0x31
 2926 1357 DD000000 		.4byte	0xdd
 2927 135b 38       		.byte	0x38
 2928 135c 0F       		.uleb128 0xf
 2929 135d 08090000 		.4byte	.LASF388
 2930 1361 0A       		.byte	0xa
 2931 1362 32       		.byte	0x32
 2932 1363 D8000000 		.4byte	0xd8
 2933 1367 3C       		.byte	0x3c
 2934 1368 0F       		.uleb128 0xf
 2935 1369 290C0000 		.4byte	.LASF263
 2936 136d 0A       		.byte	0xa
 2937 136e 33       		.byte	0x33
 2938 136f 7A130000 		.4byte	0x137a
 2939 1373 40       		.byte	0x40
 2940 1374 00       		.byte	0
 2941 1375 05       		.uleb128 0x5
 2942 1376 B10B0000 		.4byte	0xbb1
 2943 137a 06       		.uleb128 0x6
 2944 137b 75130000 		.4byte	0x1375
 2945 137f 04       		.uleb128 0x4
 2946 1380 B7040000 		.4byte	.LASF389
ARM GAS  C:\Users\Finik\AppData\Local\Temp\ccXrCYub.s 			page 150


 2947 1384 0A       		.byte	0xa
 2948 1385 34       		.byte	0x34
 2949 1386 A1120000 		.4byte	0x12a1
 2950 138a 10       		.uleb128 0x10
 2951 138b 2440     		.2byte	0x4024
 2952 138d 0A       		.byte	0xa
 2953 138e 39       		.byte	0x39
 2954 138f 15140000 		.4byte	0x1415
 2955 1393 11       		.uleb128 0x11
 2956 1394 50525400 		.ascii	"PRT\000"
 2957 1398 0A       		.byte	0xa
 2958 1399 3A       		.byte	0x3a
 2959 139a 15140000 		.4byte	0x1415
 2960 139e 00       		.byte	0
 2961 139f 12       		.uleb128 0x12
 2962 13a0 FF060000 		.4byte	.LASF390
 2963 13a4 0A       		.byte	0xa
 2964 13a5 3B       		.byte	0x3b
 2965 13a6 DD000000 		.4byte	0xdd
 2966 13aa 0040     		.2byte	0x4000
 2967 13ac 12       		.uleb128 0x12
 2968 13ad 0B070000 		.4byte	.LASF391
 2969 13b1 0A       		.byte	0xa
 2970 13b2 3C       		.byte	0x3c
 2971 13b3 DD000000 		.4byte	0xdd
 2972 13b7 0440     		.2byte	0x4004
 2973 13b9 12       		.uleb128 0x12
 2974 13ba 17070000 		.4byte	.LASF392
 2975 13be 0A       		.byte	0xa
 2976 13bf 3D       		.byte	0x3d
 2977 13c0 DD000000 		.4byte	0xdd
 2978 13c4 0840     		.2byte	0x4008
 2979 13c6 12       		.uleb128 0x12
 2980 13c7 23070000 		.4byte	.LASF393
 2981 13cb 0A       		.byte	0xa
 2982 13cc 3E       		.byte	0x3e
 2983 13cd DD000000 		.4byte	0xdd
 2984 13d1 0C40     		.2byte	0x400c
 2985 13d3 12       		.uleb128 0x12
 2986 13d4 EA2E0000 		.4byte	.LASF394
 2987 13d8 0A       		.byte	0xa
 2988 13d9 3F       		.byte	0x3f
 2989 13da DD000000 		.4byte	0xdd
 2990 13de 1040     		.2byte	0x4010
 2991 13e0 12       		.uleb128 0x12
 2992 13e1 7D240000 		.4byte	.LASF395
 2993 13e5 0A       		.byte	0xa
 2994 13e6 40       		.byte	0x40
 2995 13e7 D8000000 		.4byte	0xd8
 2996 13eb 1440     		.2byte	0x4014
 2997 13ed 12       		.uleb128 0x12
 2998 13ee 87130000 		.4byte	.LASF396
 2999 13f2 0A       		.byte	0xa
 3000 13f3 41       		.byte	0x41
 3001 13f4 D8000000 		.4byte	0xd8
 3002 13f8 1840     		.2byte	0x4018
 3003 13fa 12       		.uleb128 0x12
ARM GAS  C:\Users\Finik\AppData\Local\Temp\ccXrCYub.s 			page 151


 3004 13fb 07160000 		.4byte	.LASF397
 3005 13ff 0A       		.byte	0xa
 3006 1400 42       		.byte	0x42
 3007 1401 DD000000 		.4byte	0xdd
 3008 1405 1C40     		.2byte	0x401c
 3009 1407 12       		.uleb128 0x12
 3010 1408 FB290000 		.4byte	.LASF398
 3011 140c 0A       		.byte	0xa
 3012 140d 43       		.byte	0x43
 3013 140e D8000000 		.4byte	0xd8
 3014 1412 2040     		.2byte	0x4020
 3015 1414 00       		.byte	0
 3016 1415 0C       		.uleb128 0xc
 3017 1416 7F130000 		.4byte	0x137f
 3018 141a 25140000 		.4byte	0x1425
 3019 141e 0D       		.uleb128 0xd
 3020 141f 9E000000 		.4byte	0x9e
 3021 1423 7F       		.byte	0x7f
 3022 1424 00       		.byte	0
 3023 1425 04       		.uleb128 0x4
 3024 1426 6B100000 		.4byte	.LASF399
 3025 142a 0A       		.byte	0xa
 3026 142b 44       		.byte	0x44
 3027 142c 8A130000 		.4byte	0x138a
 3028 1430 14       		.uleb128 0x14
 3029 1431 3D0A0000 		.4byte	.LASF400
 3030 1435 06       		.byte	0x6
 3031 1436 2806     		.2byte	0x628
 3032 1438 2F110000 		.4byte	0x112f
 3033 143c 14       		.uleb128 0x14
 3034 143d 1D160000 		.4byte	.LASF401
 3035 1441 06       		.byte	0x6
 3036 1442 2906     		.2byte	0x629
 3037 1444 96120000 		.4byte	0x1296
 3038 1448 14       		.uleb128 0x14
 3039 1449 1C2C0000 		.4byte	.LASF402
 3040 144d 06       		.byte	0x6
 3041 144e 3106     		.2byte	0x631
 3042 1450 7F130000 		.4byte	0x137f
 3043 1454 14       		.uleb128 0x14
 3044 1455 33340000 		.4byte	.LASF403
 3045 1459 06       		.byte	0x6
 3046 145a 3206     		.2byte	0x632
 3047 145c 25140000 		.4byte	0x1425
 3048 1460 0E       		.uleb128 0xe
 3049 1461 B8       		.byte	0xb8
 3050 1462 0B       		.byte	0xb
 3051 1463 34       		.byte	0x34
 3052 1464 71180000 		.4byte	0x1871
 3053 1468 0F       		.uleb128 0xf
 3054 1469 DF1A0000 		.4byte	.LASF404
 3055 146d 0B       		.byte	0xb
 3056 146e 37       		.byte	0x37
 3057 146f CD000000 		.4byte	0xcd
 3058 1473 00       		.byte	0
 3059 1474 0F       		.uleb128 0xf
 3060 1475 1E0C0000 		.4byte	.LASF405
ARM GAS  C:\Users\Finik\AppData\Local\Temp\ccXrCYub.s 			page 152


 3061 1479 0B       		.byte	0xb
 3062 147a 38       		.byte	0x38
 3063 147b CD000000 		.4byte	0xcd
 3064 147f 04       		.byte	0x4
 3065 1480 0F       		.uleb128 0xf
 3066 1481 F4160000 		.4byte	.LASF406
 3067 1485 0B       		.byte	0xb
 3068 1486 39       		.byte	0x39
 3069 1487 CD000000 		.4byte	0xcd
 3070 148b 08       		.byte	0x8
 3071 148c 0F       		.uleb128 0xf
 3072 148d 7F130000 		.4byte	.LASF407
 3073 1491 0B       		.byte	0xb
 3074 1492 3A       		.byte	0x3a
 3075 1493 CD000000 		.4byte	0xcd
 3076 1497 0C       		.byte	0xc
 3077 1498 0F       		.uleb128 0xf
 3078 1499 E91A0000 		.4byte	.LASF408
 3079 149d 0B       		.byte	0xb
 3080 149e 3B       		.byte	0x3b
 3081 149f CD000000 		.4byte	0xcd
 3082 14a3 10       		.byte	0x10
 3083 14a4 0F       		.uleb128 0xf
 3084 14a5 47020000 		.4byte	.LASF409
 3085 14a9 0B       		.byte	0xb
 3086 14aa 3C       		.byte	0x3c
 3087 14ab CD000000 		.4byte	0xcd
 3088 14af 14       		.byte	0x14
 3089 14b0 0F       		.uleb128 0xf
 3090 14b1 A92B0000 		.4byte	.LASF410
 3091 14b5 0B       		.byte	0xb
 3092 14b6 3D       		.byte	0x3d
 3093 14b7 CD000000 		.4byte	0xcd
 3094 14bb 18       		.byte	0x18
 3095 14bc 0F       		.uleb128 0xf
 3096 14bd C4020000 		.4byte	.LASF411
 3097 14c1 0B       		.byte	0xb
 3098 14c2 3E       		.byte	0x3e
 3099 14c3 CD000000 		.4byte	0xcd
 3100 14c7 1C       		.byte	0x1c
 3101 14c8 0F       		.uleb128 0xf
 3102 14c9 F4300000 		.4byte	.LASF412
 3103 14cd 0B       		.byte	0xb
 3104 14ce 3F       		.byte	0x3f
 3105 14cf CD000000 		.4byte	0xcd
 3106 14d3 20       		.byte	0x20
 3107 14d4 0F       		.uleb128 0xf
 3108 14d5 64000000 		.4byte	.LASF413
 3109 14d9 0B       		.byte	0xb
 3110 14da 40       		.byte	0x40
 3111 14db CD000000 		.4byte	0xcd
 3112 14df 24       		.byte	0x24
 3113 14e0 0F       		.uleb128 0xf
 3114 14e1 E6180000 		.4byte	.LASF414
 3115 14e5 0B       		.byte	0xb
 3116 14e6 43       		.byte	0x43
 3117 14e7 AC000000 		.4byte	0xac
ARM GAS  C:\Users\Finik\AppData\Local\Temp\ccXrCYub.s 			page 153


 3118 14eb 28       		.byte	0x28
 3119 14ec 0F       		.uleb128 0xf
 3120 14ed 671D0000 		.4byte	.LASF415
 3121 14f1 0B       		.byte	0xb
 3122 14f2 44       		.byte	0x44
 3123 14f3 AC000000 		.4byte	0xac
 3124 14f7 29       		.byte	0x29
 3125 14f8 0F       		.uleb128 0xf
 3126 14f9 6C2B0000 		.4byte	.LASF416
 3127 14fd 0B       		.byte	0xb
 3128 14fe 45       		.byte	0x45
 3129 14ff AC000000 		.4byte	0xac
 3130 1503 2A       		.byte	0x2a
 3131 1504 0F       		.uleb128 0xf
 3132 1505 7D1F0000 		.4byte	.LASF417
 3133 1509 0B       		.byte	0xb
 3134 150a 46       		.byte	0x46
 3135 150b AC000000 		.4byte	0xac
 3136 150f 2B       		.byte	0x2b
 3137 1510 0F       		.uleb128 0xf
 3138 1511 572F0000 		.4byte	.LASF418
 3139 1515 0B       		.byte	0xb
 3140 1516 47       		.byte	0x47
 3141 1517 AC000000 		.4byte	0xac
 3142 151b 2C       		.byte	0x2c
 3143 151c 0F       		.uleb128 0xf
 3144 151d F8340000 		.4byte	.LASF419
 3145 1521 0B       		.byte	0xb
 3146 1522 48       		.byte	0x48
 3147 1523 AC000000 		.4byte	0xac
 3148 1527 2D       		.byte	0x2d
 3149 1528 0F       		.uleb128 0xf
 3150 1529 F21A0000 		.4byte	.LASF420
 3151 152d 0B       		.byte	0xb
 3152 152e 49       		.byte	0x49
 3153 152f AC000000 		.4byte	0xac
 3154 1533 2E       		.byte	0x2e
 3155 1534 0F       		.uleb128 0xf
 3156 1535 DF2C0000 		.4byte	.LASF421
 3157 1539 0B       		.byte	0xb
 3158 153a 4A       		.byte	0x4a
 3159 153b AC000000 		.4byte	0xac
 3160 153f 2F       		.byte	0x2f
 3161 1540 0F       		.uleb128 0xf
 3162 1541 59070000 		.4byte	.LASF422
 3163 1545 0B       		.byte	0xb
 3164 1546 4B       		.byte	0x4b
 3165 1547 AC000000 		.4byte	0xac
 3166 154b 30       		.byte	0x30
 3167 154c 0F       		.uleb128 0xf
 3168 154d B21E0000 		.4byte	.LASF423
 3169 1551 0B       		.byte	0xb
 3170 1552 4E       		.byte	0x4e
 3171 1553 AC000000 		.4byte	0xac
 3172 1557 31       		.byte	0x31
 3173 1558 0F       		.uleb128 0xf
 3174 1559 C8230000 		.4byte	.LASF424
ARM GAS  C:\Users\Finik\AppData\Local\Temp\ccXrCYub.s 			page 154


 3175 155d 0B       		.byte	0xb
 3176 155e 4F       		.byte	0x4f
 3177 155f AC000000 		.4byte	0xac
 3178 1563 32       		.byte	0x32
 3179 1564 0F       		.uleb128 0xf
 3180 1565 082A0000 		.4byte	.LASF425
 3181 1569 0B       		.byte	0xb
 3182 156a 50       		.byte	0x50
 3183 156b AC000000 		.4byte	0xac
 3184 156f 33       		.byte	0x33
 3185 1570 0F       		.uleb128 0xf
 3186 1571 38270000 		.4byte	.LASF426
 3187 1575 0B       		.byte	0xb
 3188 1576 51       		.byte	0x51
 3189 1577 AC000000 		.4byte	0xac
 3190 157b 34       		.byte	0x34
 3191 157c 0F       		.uleb128 0xf
 3192 157d EE130000 		.4byte	.LASF427
 3193 1581 0B       		.byte	0xb
 3194 1582 52       		.byte	0x52
 3195 1583 B7000000 		.4byte	0xb7
 3196 1587 36       		.byte	0x36
 3197 1588 0F       		.uleb128 0xf
 3198 1589 1E190000 		.4byte	.LASF428
 3199 158d 0B       		.byte	0xb
 3200 158e 53       		.byte	0x53
 3201 158f B7000000 		.4byte	0xb7
 3202 1593 38       		.byte	0x38
 3203 1594 0F       		.uleb128 0xf
 3204 1595 29160000 		.4byte	.LASF429
 3205 1599 0B       		.byte	0xb
 3206 159a 54       		.byte	0x54
 3207 159b B7000000 		.4byte	0xb7
 3208 159f 3A       		.byte	0x3a
 3209 15a0 0F       		.uleb128 0xf
 3210 15a1 F8150000 		.4byte	.LASF430
 3211 15a5 0B       		.byte	0xb
 3212 15a6 55       		.byte	0x55
 3213 15a7 AC000000 		.4byte	0xac
 3214 15ab 3C       		.byte	0x3c
 3215 15ac 0F       		.uleb128 0xf
 3216 15ad 55250000 		.4byte	.LASF431
 3217 15b1 0B       		.byte	0xb
 3218 15b2 56       		.byte	0x56
 3219 15b3 AC000000 		.4byte	0xac
 3220 15b7 3D       		.byte	0x3d
 3221 15b8 0F       		.uleb128 0xf
 3222 15b9 6F030000 		.4byte	.LASF432
 3223 15bd 0B       		.byte	0xb
 3224 15be 57       		.byte	0x57
 3225 15bf AC000000 		.4byte	0xac
 3226 15c3 3E       		.byte	0x3e
 3227 15c4 0F       		.uleb128 0xf
 3228 15c5 CB090000 		.4byte	.LASF433
 3229 15c9 0B       		.byte	0xb
 3230 15ca 58       		.byte	0x58
 3231 15cb AC000000 		.4byte	0xac
ARM GAS  C:\Users\Finik\AppData\Local\Temp\ccXrCYub.s 			page 155


 3232 15cf 3F       		.byte	0x3f
 3233 15d0 0F       		.uleb128 0xf
 3234 15d1 541A0000 		.4byte	.LASF434
 3235 15d5 0B       		.byte	0xb
 3236 15d6 59       		.byte	0x59
 3237 15d7 AC000000 		.4byte	0xac
 3238 15db 40       		.byte	0x40
 3239 15dc 0F       		.uleb128 0xf
 3240 15dd 271B0000 		.4byte	.LASF435
 3241 15e1 0B       		.byte	0xb
 3242 15e2 5A       		.byte	0x5a
 3243 15e3 AC000000 		.4byte	0xac
 3244 15e7 41       		.byte	0x41
 3245 15e8 0F       		.uleb128 0xf
 3246 15e9 64180000 		.4byte	.LASF436
 3247 15ed 0B       		.byte	0xb
 3248 15ee 5B       		.byte	0x5b
 3249 15ef AC000000 		.4byte	0xac
 3250 15f3 42       		.byte	0x42
 3251 15f4 0F       		.uleb128 0xf
 3252 15f5 C22F0000 		.4byte	.LASF437
 3253 15f9 0B       		.byte	0xb
 3254 15fa 5C       		.byte	0x5c
 3255 15fb AC000000 		.4byte	0xac
 3256 15ff 43       		.byte	0x43
 3257 1600 0F       		.uleb128 0xf
 3258 1601 DE2B0000 		.4byte	.LASF438
 3259 1605 0B       		.byte	0xb
 3260 1606 5D       		.byte	0x5d
 3261 1607 AC000000 		.4byte	0xac
 3262 160b 44       		.byte	0x44
 3263 160c 0F       		.uleb128 0xf
 3264 160d CC2B0000 		.4byte	.LASF439
 3265 1611 0B       		.byte	0xb
 3266 1612 5E       		.byte	0x5e
 3267 1613 CD000000 		.4byte	0xcd
 3268 1617 48       		.byte	0x48
 3269 1618 0F       		.uleb128 0xf
 3270 1619 53010000 		.4byte	.LASF440
 3271 161d 0B       		.byte	0xb
 3272 161e 5F       		.byte	0x5f
 3273 161f CD000000 		.4byte	0xcd
 3274 1623 4C       		.byte	0x4c
 3275 1624 0F       		.uleb128 0xf
 3276 1625 941D0000 		.4byte	.LASF441
 3277 1629 0B       		.byte	0xb
 3278 162a 60       		.byte	0x60
 3279 162b AC000000 		.4byte	0xac
 3280 162f 50       		.byte	0x50
 3281 1630 0F       		.uleb128 0xf
 3282 1631 B12E0000 		.4byte	.LASF442
 3283 1635 0B       		.byte	0xb
 3284 1636 61       		.byte	0x61
 3285 1637 AC000000 		.4byte	0xac
 3286 163b 51       		.byte	0x51
 3287 163c 0F       		.uleb128 0xf
 3288 163d 841D0000 		.4byte	.LASF443
ARM GAS  C:\Users\Finik\AppData\Local\Temp\ccXrCYub.s 			page 156


 3289 1641 0B       		.byte	0xb
 3290 1642 62       		.byte	0x62
 3291 1643 AC000000 		.4byte	0xac
 3292 1647 52       		.byte	0x52
 3293 1648 0F       		.uleb128 0xf
 3294 1649 A8000000 		.4byte	.LASF444
 3295 164d 0B       		.byte	0xb
 3296 164e 63       		.byte	0x63
 3297 164f AC000000 		.4byte	0xac
 3298 1653 53       		.byte	0x53
 3299 1654 0F       		.uleb128 0xf
 3300 1655 5D240000 		.4byte	.LASF445
 3301 1659 0B       		.byte	0xb
 3302 165a 64       		.byte	0x64
 3303 165b AC000000 		.4byte	0xac
 3304 165f 54       		.byte	0x54
 3305 1660 0F       		.uleb128 0xf
 3306 1661 E4340000 		.4byte	.LASF446
 3307 1665 0B       		.byte	0xb
 3308 1666 65       		.byte	0x65
 3309 1667 AC000000 		.4byte	0xac
 3310 166b 55       		.byte	0x55
 3311 166c 0F       		.uleb128 0xf
 3312 166d 092E0000 		.4byte	.LASF447
 3313 1671 0B       		.byte	0xb
 3314 1672 66       		.byte	0x66
 3315 1673 AC000000 		.4byte	0xac
 3316 1677 56       		.byte	0x56
 3317 1678 0F       		.uleb128 0xf
 3318 1679 6C2C0000 		.4byte	.LASF448
 3319 167d 0B       		.byte	0xb
 3320 167e 67       		.byte	0x67
 3321 167f AC000000 		.4byte	0xac
 3322 1683 57       		.byte	0x57
 3323 1684 0F       		.uleb128 0xf
 3324 1685 A51D0000 		.4byte	.LASF449
 3325 1689 0B       		.byte	0xb
 3326 168a 68       		.byte	0x68
 3327 168b AC000000 		.4byte	0xac
 3328 168f 58       		.byte	0x58
 3329 1690 0F       		.uleb128 0xf
 3330 1691 5B150000 		.4byte	.LASF450
 3331 1695 0B       		.byte	0xb
 3332 1696 69       		.byte	0x69
 3333 1697 AC000000 		.4byte	0xac
 3334 169b 59       		.byte	0x59
 3335 169c 0F       		.uleb128 0xf
 3336 169d 13350000 		.4byte	.LASF451
 3337 16a1 0B       		.byte	0xb
 3338 16a2 6E       		.byte	0x6e
 3339 16a3 C2000000 		.4byte	0xc2
 3340 16a7 5A       		.byte	0x5a
 3341 16a8 0F       		.uleb128 0xf
 3342 16a9 41190000 		.4byte	.LASF452
 3343 16ad 0B       		.byte	0xb
 3344 16ae 6F       		.byte	0x6f
 3345 16af C2000000 		.4byte	0xc2
ARM GAS  C:\Users\Finik\AppData\Local\Temp\ccXrCYub.s 			page 157


 3346 16b3 5C       		.byte	0x5c
 3347 16b4 0F       		.uleb128 0xf
 3348 16b5 E5300000 		.4byte	.LASF453
 3349 16b9 0B       		.byte	0xb
 3350 16ba 70       		.byte	0x70
 3351 16bb AC000000 		.4byte	0xac
 3352 16bf 5E       		.byte	0x5e
 3353 16c0 0F       		.uleb128 0xf
 3354 16c1 2D310000 		.4byte	.LASF454
 3355 16c5 0B       		.byte	0xb
 3356 16c6 71       		.byte	0x71
 3357 16c7 AC000000 		.4byte	0xac
 3358 16cb 5F       		.byte	0x5f
 3359 16cc 0F       		.uleb128 0xf
 3360 16cd ED040000 		.4byte	.LASF455
 3361 16d1 0B       		.byte	0xb
 3362 16d2 72       		.byte	0x72
 3363 16d3 AC000000 		.4byte	0xac
 3364 16d7 60       		.byte	0x60
 3365 16d8 0F       		.uleb128 0xf
 3366 16d9 F1230000 		.4byte	.LASF456
 3367 16dd 0B       		.byte	0xb
 3368 16de 73       		.byte	0x73
 3369 16df CD000000 		.4byte	0xcd
 3370 16e3 64       		.byte	0x64
 3371 16e4 0F       		.uleb128 0xf
 3372 16e5 1C330000 		.4byte	.LASF457
 3373 16e9 0B       		.byte	0xb
 3374 16ea 76       		.byte	0x76
 3375 16eb C2000000 		.4byte	0xc2
 3376 16ef 68       		.byte	0x68
 3377 16f0 0F       		.uleb128 0xf
 3378 16f1 65070000 		.4byte	.LASF458
 3379 16f5 0B       		.byte	0xb
 3380 16f6 77       		.byte	0x77
 3381 16f7 C2000000 		.4byte	0xc2
 3382 16fb 6A       		.byte	0x6a
 3383 16fc 0F       		.uleb128 0xf
 3384 16fd DF130000 		.4byte	.LASF459
 3385 1701 0B       		.byte	0xb
 3386 1702 78       		.byte	0x78
 3387 1703 C2000000 		.4byte	0xc2
 3388 1707 6C       		.byte	0x6c
 3389 1708 0F       		.uleb128 0xf
 3390 1709 D5080000 		.4byte	.LASF460
 3391 170d 0B       		.byte	0xb
 3392 170e 79       		.byte	0x79
 3393 170f C2000000 		.4byte	0xc2
 3394 1713 6E       		.byte	0x6e
 3395 1714 0F       		.uleb128 0xf
 3396 1715 342B0000 		.4byte	.LASF461
 3397 1719 0B       		.byte	0xb
 3398 171a 7B       		.byte	0x7b
 3399 171b AC000000 		.4byte	0xac
 3400 171f 70       		.byte	0x70
 3401 1720 0F       		.uleb128 0xf
 3402 1721 AC1A0000 		.4byte	.LASF462
ARM GAS  C:\Users\Finik\AppData\Local\Temp\ccXrCYub.s 			page 158


 3403 1725 0B       		.byte	0xb
 3404 1726 7C       		.byte	0x7c
 3405 1727 AC000000 		.4byte	0xac
 3406 172b 71       		.byte	0x71
 3407 172c 0F       		.uleb128 0xf
 3408 172d 4D0B0000 		.4byte	.LASF463
 3409 1731 0B       		.byte	0xb
 3410 1732 7D       		.byte	0x7d
 3411 1733 AC000000 		.4byte	0xac
 3412 1737 72       		.byte	0x72
 3413 1738 0F       		.uleb128 0xf
 3414 1739 F9310000 		.4byte	.LASF464
 3415 173d 0B       		.byte	0xb
 3416 173e 7E       		.byte	0x7e
 3417 173f AC000000 		.4byte	0xac
 3418 1743 73       		.byte	0x73
 3419 1744 0F       		.uleb128 0xf
 3420 1745 06310000 		.4byte	.LASF465
 3421 1749 0B       		.byte	0xb
 3422 174a 80       		.byte	0x80
 3423 174b C2000000 		.4byte	0xc2
 3424 174f 74       		.byte	0x74
 3425 1750 0F       		.uleb128 0xf
 3426 1751 831A0000 		.4byte	.LASF466
 3427 1755 0B       		.byte	0xb
 3428 1756 81       		.byte	0x81
 3429 1757 C2000000 		.4byte	0xc2
 3430 175b 76       		.byte	0x76
 3431 175c 0F       		.uleb128 0xf
 3432 175d B91D0000 		.4byte	.LASF467
 3433 1761 0B       		.byte	0xb
 3434 1762 82       		.byte	0x82
 3435 1763 C2000000 		.4byte	0xc2
 3436 1767 78       		.byte	0x78
 3437 1768 0F       		.uleb128 0xf
 3438 1769 7B170000 		.4byte	.LASF468
 3439 176d 0B       		.byte	0xb
 3440 176e 83       		.byte	0x83
 3441 176f C2000000 		.4byte	0xc2
 3442 1773 7A       		.byte	0x7a
 3443 1774 0F       		.uleb128 0xf
 3444 1775 54200000 		.4byte	.LASF469
 3445 1779 0B       		.byte	0xb
 3446 177a 86       		.byte	0x86
 3447 177b AC000000 		.4byte	0xac
 3448 177f 7C       		.byte	0x7c
 3449 1780 0F       		.uleb128 0xf
 3450 1781 43030000 		.4byte	.LASF470
 3451 1785 0B       		.byte	0xb
 3452 1786 87       		.byte	0x87
 3453 1787 AC000000 		.4byte	0xac
 3454 178b 7D       		.byte	0x7d
 3455 178c 0F       		.uleb128 0xf
 3456 178d 52050000 		.4byte	.LASF471
 3457 1791 0B       		.byte	0xb
 3458 1792 88       		.byte	0x88
 3459 1793 AC000000 		.4byte	0xac
ARM GAS  C:\Users\Finik\AppData\Local\Temp\ccXrCYub.s 			page 159


 3460 1797 7E       		.byte	0x7e
 3461 1798 0F       		.uleb128 0xf
 3462 1799 531D0000 		.4byte	.LASF472
 3463 179d 0B       		.byte	0xb
 3464 179e 89       		.byte	0x89
 3465 179f AC000000 		.4byte	0xac
 3466 17a3 7F       		.byte	0x7f
 3467 17a4 0F       		.uleb128 0xf
 3468 17a5 632F0000 		.4byte	.LASF473
 3469 17a9 0B       		.byte	0xb
 3470 17aa 8A       		.byte	0x8a
 3471 17ab AC000000 		.4byte	0xac
 3472 17af 80       		.byte	0x80
 3473 17b0 0F       		.uleb128 0xf
 3474 17b1 B4130000 		.4byte	.LASF474
 3475 17b5 0B       		.byte	0xb
 3476 17b6 8D       		.byte	0x8d
 3477 17b7 CD000000 		.4byte	0xcd
 3478 17bb 84       		.byte	0x84
 3479 17bc 0F       		.uleb128 0xf
 3480 17bd 9F290000 		.4byte	.LASF475
 3481 17c1 0B       		.byte	0xb
 3482 17c2 8E       		.byte	0x8e
 3483 17c3 CD000000 		.4byte	0xcd
 3484 17c7 88       		.byte	0x88
 3485 17c8 0F       		.uleb128 0xf
 3486 17c9 18310000 		.4byte	.LASF476
 3487 17cd 0B       		.byte	0xb
 3488 17ce 8F       		.byte	0x8f
 3489 17cf CD000000 		.4byte	0xcd
 3490 17d3 8C       		.byte	0x8c
 3491 17d4 0F       		.uleb128 0xf
 3492 17d5 86000000 		.4byte	.LASF477
 3493 17d9 0B       		.byte	0xb
 3494 17da 90       		.byte	0x90
 3495 17db CD000000 		.4byte	0xcd
 3496 17df 90       		.byte	0x90
 3497 17e0 0F       		.uleb128 0xf
 3498 17e1 D9140000 		.4byte	.LASF478
 3499 17e5 0B       		.byte	0xb
 3500 17e6 91       		.byte	0x91
 3501 17e7 CD000000 		.4byte	0xcd
 3502 17eb 94       		.byte	0x94
 3503 17ec 0F       		.uleb128 0xf
 3504 17ed CB0D0000 		.4byte	.LASF479
 3505 17f1 0B       		.byte	0xb
 3506 17f2 92       		.byte	0x92
 3507 17f3 CD000000 		.4byte	0xcd
 3508 17f7 98       		.byte	0x98
 3509 17f8 0F       		.uleb128 0xf
 3510 17f9 9C1E0000 		.4byte	.LASF480
 3511 17fd 0B       		.byte	0xb
 3512 17fe 93       		.byte	0x93
 3513 17ff CD000000 		.4byte	0xcd
 3514 1803 9C       		.byte	0x9c
 3515 1804 0F       		.uleb128 0xf
 3516 1805 961A0000 		.4byte	.LASF481
ARM GAS  C:\Users\Finik\AppData\Local\Temp\ccXrCYub.s 			page 160


 3517 1809 0B       		.byte	0xb
 3518 180a 94       		.byte	0x94
 3519 180b CD000000 		.4byte	0xcd
 3520 180f A0       		.byte	0xa0
 3521 1810 0F       		.uleb128 0xf
 3522 1811 4C260000 		.4byte	.LASF482
 3523 1815 0B       		.byte	0xb
 3524 1816 95       		.byte	0x95
 3525 1817 C2000000 		.4byte	0xc2
 3526 181b A4       		.byte	0xa4
 3527 181c 0F       		.uleb128 0xf
 3528 181d 37260000 		.4byte	.LASF483
 3529 1821 0B       		.byte	0xb
 3530 1822 96       		.byte	0x96
 3531 1823 C2000000 		.4byte	0xc2
 3532 1827 A6       		.byte	0xa6
 3533 1828 0F       		.uleb128 0xf
 3534 1829 CA0B0000 		.4byte	.LASF484
 3535 182d 0B       		.byte	0xb
 3536 182e 97       		.byte	0x97
 3537 182f C2000000 		.4byte	0xc2
 3538 1833 A8       		.byte	0xa8
 3539 1834 0F       		.uleb128 0xf
 3540 1835 312A0000 		.4byte	.LASF485
 3541 1839 0B       		.byte	0xb
 3542 183a 98       		.byte	0x98
 3543 183b C2000000 		.4byte	0xc2
 3544 183f AA       		.byte	0xaa
 3545 1840 0F       		.uleb128 0xf
 3546 1841 3C1A0000 		.4byte	.LASF486
 3547 1845 0B       		.byte	0xb
 3548 1846 99       		.byte	0x99
 3549 1847 C2000000 		.4byte	0xc2
 3550 184b AC       		.byte	0xac
 3551 184c 0F       		.uleb128 0xf
 3552 184d 96180000 		.4byte	.LASF487
 3553 1851 0B       		.byte	0xb
 3554 1852 9A       		.byte	0x9a
 3555 1853 C2000000 		.4byte	0xc2
 3556 1857 AE       		.byte	0xae
 3557 1858 0F       		.uleb128 0xf
 3558 1859 4A320000 		.4byte	.LASF488
 3559 185d 0B       		.byte	0xb
 3560 185e 9D       		.byte	0x9d
 3561 185f C2000000 		.4byte	0xc2
 3562 1863 B0       		.byte	0xb0
 3563 1864 0F       		.uleb128 0xf
 3564 1865 FB130000 		.4byte	.LASF489
 3565 1869 0B       		.byte	0xb
 3566 186a 9E       		.byte	0x9e
 3567 186b CD000000 		.4byte	0xcd
 3568 186f B4       		.byte	0xb4
 3569 1870 00       		.byte	0
 3570 1871 04       		.uleb128 0x4
 3571 1872 7E1C0000 		.4byte	.LASF490
 3572 1876 0B       		.byte	0xb
 3573 1877 9F       		.byte	0x9f
ARM GAS  C:\Users\Finik\AppData\Local\Temp\ccXrCYub.s 			page 161


 3574 1878 60140000 		.4byte	0x1460
 3575 187c 14       		.uleb128 0x14
 3576 187d B5260000 		.4byte	.LASF491
 3577 1881 0C       		.byte	0xc
 3578 1882 F601     		.2byte	0x1f6
 3579 1884 A5000000 		.4byte	0xa5
 3580 1888 03       		.uleb128 0x3
 3581 1889 04       		.byte	0x4
 3582 188a 04       		.byte	0x4
 3583 188b 881E0000 		.4byte	.LASF492
 3584 188f 03       		.uleb128 0x3
 3585 1890 08       		.byte	0x8
 3586 1891 04       		.byte	0x4
 3587 1892 4C1D0000 		.4byte	.LASF493
 3588 1896 14       		.uleb128 0x14
 3589 1897 942C0000 		.4byte	.LASF494
 3590 189b 0C       		.byte	0xc
 3591 189c EA03     		.2byte	0x3ea
 3592 189e AC000000 		.4byte	0xac
 3593 18a2 0E       		.uleb128 0xe
 3594 18a3 24       		.byte	0x24
 3595 18a4 0D       		.byte	0xd
 3596 18a5 EF       		.byte	0xef
 3597 18a6 17190000 		.4byte	0x1917
 3598 18aa 11       		.uleb128 0x11
 3599 18ab 6F757400 		.ascii	"out\000"
 3600 18af 0D       		.byte	0xd
 3601 18b0 F1       		.byte	0xf1
 3602 18b1 CD000000 		.4byte	0xcd
 3603 18b5 00       		.byte	0
 3604 18b6 0F       		.uleb128 0xf
 3605 18b7 0B2C0000 		.4byte	.LASF495
 3606 18bb 0D       		.byte	0xd
 3607 18bc F2       		.byte	0xf2
 3608 18bd CD000000 		.4byte	0xcd
 3609 18c1 04       		.byte	0x4
 3610 18c2 0F       		.uleb128 0xf
 3611 18c3 492E0000 		.4byte	.LASF496
 3612 18c7 0D       		.byte	0xd
 3613 18c8 F3       		.byte	0xf3
 3614 18c9 CD000000 		.4byte	0xcd
 3615 18cd 08       		.byte	0x8
 3616 18ce 11       		.uleb128 0x11
 3617 18cf 63666700 		.ascii	"cfg\000"
 3618 18d3 0D       		.byte	0xd
 3619 18d4 F4       		.byte	0xf4
 3620 18d5 CD000000 		.4byte	0xcd
 3621 18d9 0C       		.byte	0xc
 3622 18da 0F       		.uleb128 0xf
 3623 18db 8C330000 		.4byte	.LASF497
 3624 18df 0D       		.byte	0xd
 3625 18e0 F5       		.byte	0xf5
 3626 18e1 CD000000 		.4byte	0xcd
 3627 18e5 10       		.byte	0x10
 3628 18e6 0F       		.uleb128 0xf
 3629 18e7 DA260000 		.4byte	.LASF498
 3630 18eb 0D       		.byte	0xd
ARM GAS  C:\Users\Finik\AppData\Local\Temp\ccXrCYub.s 			page 162


 3631 18ec F6       		.byte	0xf6
 3632 18ed CD000000 		.4byte	0xcd
 3633 18f1 14       		.byte	0x14
 3634 18f2 0F       		.uleb128 0xf
 3635 18f3 1D2E0000 		.4byte	.LASF499
 3636 18f7 0D       		.byte	0xd
 3637 18f8 F7       		.byte	0xf7
 3638 18f9 CD000000 		.4byte	0xcd
 3639 18fd 18       		.byte	0x18
 3640 18fe 0F       		.uleb128 0xf
 3641 18ff 762B0000 		.4byte	.LASF500
 3642 1903 0D       		.byte	0xd
 3643 1904 F8       		.byte	0xf8
 3644 1905 CD000000 		.4byte	0xcd
 3645 1909 1C       		.byte	0x1c
 3646 190a 0F       		.uleb128 0xf
 3647 190b 082D0000 		.4byte	.LASF501
 3648 190f 0D       		.byte	0xd
 3649 1910 F9       		.byte	0xf9
 3650 1911 CD000000 		.4byte	0xcd
 3651 1915 20       		.byte	0x20
 3652 1916 00       		.byte	0
 3653 1917 04       		.uleb128 0x4
 3654 1918 51020000 		.4byte	.LASF502
 3655 191c 0D       		.byte	0xd
 3656 191d FA       		.byte	0xfa
 3657 191e A2180000 		.4byte	0x18a2
 3658 1922 09       		.uleb128 0x9
 3659 1923 01       		.byte	0x1
 3660 1924 53000000 		.4byte	0x53
 3661 1928 03       		.byte	0x3
 3662 1929 4E05     		.2byte	0x54e
 3663 192b 48190000 		.4byte	0x1948
 3664 192f 08       		.uleb128 0x8
 3665 1930 1A110000 		.4byte	.LASF503
 3666 1934 00       		.byte	0
 3667 1935 08       		.uleb128 0x8
 3668 1936 29190000 		.4byte	.LASF504
 3669 193a 01       		.byte	0x1
 3670 193b 08       		.uleb128 0x8
 3671 193c 65050000 		.4byte	.LASF505
 3672 1940 00       		.byte	0
 3673 1941 08       		.uleb128 0x8
 3674 1942 BF140000 		.4byte	.LASF506
 3675 1946 01       		.byte	0x1
 3676 1947 00       		.byte	0
 3677 1948 09       		.uleb128 0x9
 3678 1949 04       		.byte	0x4
 3679 194a 2C000000 		.4byte	0x2c
 3680 194e 02       		.byte	0x2
 3681 194f 5C02     		.2byte	0x25c
 3682 1951 77190000 		.4byte	0x1977
 3683 1955 08       		.uleb128 0x8
 3684 1956 F6080000 		.4byte	.LASF507
 3685 195a 00       		.byte	0
 3686 195b 0B       		.uleb128 0xb
 3687 195c 87040000 		.4byte	.LASF508
ARM GAS  C:\Users\Finik\AppData\Local\Temp\ccXrCYub.s 			page 163


 3688 1960 01004A00 		.4byte	0x4a0001
 3689 1964 0B       		.uleb128 0xb
 3690 1965 90170000 		.4byte	.LASF509
 3691 1969 02004A00 		.4byte	0x4a0002
 3692 196d 0B       		.uleb128 0xb
 3693 196e 1F1D0000 		.4byte	.LASF510
 3694 1972 03004A00 		.4byte	0x4a0003
 3695 1976 00       		.byte	0
 3696 1977 14       		.uleb128 0x14
 3697 1978 33300000 		.4byte	.LASF511
 3698 197c 02       		.byte	0x2
 3699 197d 6102     		.2byte	0x261
 3700 197f 48190000 		.4byte	0x1948
 3701 1983 09       		.uleb128 0x9
 3702 1984 02       		.byte	0x2
 3703 1985 77000000 		.4byte	0x77
 3704 1989 02       		.byte	0x2
 3705 198a BE02     		.2byte	0x2be
 3706 198c D2190000 		.4byte	0x19d2
 3707 1990 08       		.uleb128 0x8
 3708 1991 A92F0000 		.4byte	.LASF512
 3709 1995 00       		.byte	0
 3710 1996 08       		.uleb128 0x8
 3711 1997 05190000 		.4byte	.LASF513
 3712 199b 01       		.byte	0x1
 3713 199c 08       		.uleb128 0x8
 3714 199d 812A0000 		.4byte	.LASF514
 3715 19a1 02       		.byte	0x2
 3716 19a2 08       		.uleb128 0x8
 3717 19a3 87100000 		.4byte	.LASF515
 3718 19a7 03       		.byte	0x3
 3719 19a8 08       		.uleb128 0x8
 3720 19a9 70330000 		.4byte	.LASF516
 3721 19ad 04       		.byte	0x4
 3722 19ae 0A       		.uleb128 0xa
 3723 19af 0E1B0000 		.4byte	.LASF517
 3724 19b3 0001     		.2byte	0x100
 3725 19b5 0A       		.uleb128 0xa
 3726 19b6 672E0000 		.4byte	.LASF518
 3727 19ba 1001     		.2byte	0x110
 3728 19bc 0A       		.uleb128 0xa
 3729 19bd C1060000 		.4byte	.LASF519
 3730 19c1 1101     		.2byte	0x111
 3731 19c3 0A       		.uleb128 0xa
 3732 19c4 BF170000 		.4byte	.LASF520
 3733 19c8 1201     		.2byte	0x112
 3734 19ca 0A       		.uleb128 0xa
 3735 19cb 38050000 		.4byte	.LASF521
 3736 19cf 1301     		.2byte	0x113
 3737 19d1 00       		.byte	0
 3738 19d2 09       		.uleb128 0x9
 3739 19d3 01       		.byte	0x1
 3740 19d4 53000000 		.4byte	0x53
 3741 19d8 02       		.byte	0x2
 3742 19d9 E802     		.2byte	0x2e8
 3743 19db F8190000 		.4byte	0x19f8
 3744 19df 08       		.uleb128 0x8
ARM GAS  C:\Users\Finik\AppData\Local\Temp\ccXrCYub.s 			page 164


 3745 19e0 9A2C0000 		.4byte	.LASF522
 3746 19e4 00       		.byte	0
 3747 19e5 08       		.uleb128 0x8
 3748 19e6 CB110000 		.4byte	.LASF523
 3749 19ea 01       		.byte	0x1
 3750 19eb 08       		.uleb128 0x8
 3751 19ec B1310000 		.4byte	.LASF524
 3752 19f0 02       		.byte	0x2
 3753 19f1 08       		.uleb128 0x8
 3754 19f2 C7180000 		.4byte	.LASF525
 3755 19f6 03       		.byte	0x3
 3756 19f7 00       		.byte	0
 3757 19f8 14       		.uleb128 0x14
 3758 19f9 0A0A0000 		.4byte	.LASF526
 3759 19fd 02       		.byte	0x2
 3760 19fe ED02     		.2byte	0x2ed
 3761 1a00 D2190000 		.4byte	0x19d2
 3762 1a04 09       		.uleb128 0x9
 3763 1a05 01       		.byte	0x1
 3764 1a06 53000000 		.4byte	0x53
 3765 1a0a 02       		.byte	0x2
 3766 1a0b F302     		.2byte	0x2f3
 3767 1a0d 301A0000 		.4byte	0x1a30
 3768 1a11 08       		.uleb128 0x8
 3769 1a12 C9100000 		.4byte	.LASF527
 3770 1a16 00       		.byte	0
 3771 1a17 08       		.uleb128 0x8
 3772 1a18 E2100000 		.4byte	.LASF528
 3773 1a1c 01       		.byte	0x1
 3774 1a1d 08       		.uleb128 0x8
 3775 1a1e F20A0000 		.4byte	.LASF529
 3776 1a22 02       		.byte	0x2
 3777 1a23 08       		.uleb128 0x8
 3778 1a24 01110000 		.4byte	.LASF530
 3779 1a28 03       		.byte	0x3
 3780 1a29 08       		.uleb128 0x8
 3781 1a2a DF150000 		.4byte	.LASF531
 3782 1a2e 04       		.byte	0x4
 3783 1a2f 00       		.byte	0
 3784 1a30 14       		.uleb128 0x14
 3785 1a31 24030000 		.4byte	.LASF532
 3786 1a35 02       		.byte	0x2
 3787 1a36 F902     		.2byte	0x2f9
 3788 1a38 041A0000 		.4byte	0x1a04
 3789 1a3c 15       		.uleb128 0x15
 3790 1a3d 14       		.byte	0x14
 3791 1a3e 02       		.byte	0x2
 3792 1a3f 0203     		.2byte	0x302
 3793 1a41 C81A0000 		.4byte	0x1ac8
 3794 1a45 16       		.uleb128 0x16
 3795 1a46 86240000 		.4byte	.LASF533
 3796 1a4a 02       		.byte	0x2
 3797 1a4b 0403     		.2byte	0x304
 3798 1a4d CD000000 		.4byte	0xcd
 3799 1a51 00       		.byte	0
 3800 1a52 16       		.uleb128 0x16
 3801 1a53 AA2A0000 		.4byte	.LASF534
ARM GAS  C:\Users\Finik\AppData\Local\Temp\ccXrCYub.s 			page 165


 3802 1a57 02       		.byte	0x2
 3803 1a58 0503     		.2byte	0x305
 3804 1a5a C2000000 		.4byte	0xc2
 3805 1a5e 04       		.byte	0x4
 3806 1a5f 16       		.uleb128 0x16
 3807 1a60 2F250000 		.4byte	.LASF535
 3808 1a64 02       		.byte	0x2
 3809 1a65 0603     		.2byte	0x306
 3810 1a67 301A0000 		.4byte	0x1a30
 3811 1a6b 06       		.byte	0x6
 3812 1a6c 16       		.uleb128 0x16
 3813 1a6d 6A020000 		.4byte	.LASF536
 3814 1a71 02       		.byte	0x2
 3815 1a72 0703     		.2byte	0x307
 3816 1a74 C81A0000 		.4byte	0x1ac8
 3817 1a78 07       		.byte	0x7
 3818 1a79 16       		.uleb128 0x16
 3819 1a7a 8E1E0000 		.4byte	.LASF537
 3820 1a7e 02       		.byte	0x2
 3821 1a7f 0803     		.2byte	0x308
 3822 1a81 C2000000 		.4byte	0xc2
 3823 1a85 08       		.byte	0x8
 3824 1a86 16       		.uleb128 0x16
 3825 1a87 17160000 		.4byte	.LASF538
 3826 1a8b 02       		.byte	0x2
 3827 1a8c 0903     		.2byte	0x309
 3828 1a8e AC000000 		.4byte	0xac
 3829 1a92 0A       		.byte	0xa
 3830 1a93 16       		.uleb128 0x16
 3831 1a94 FB100000 		.4byte	.LASF539
 3832 1a98 02       		.byte	0x2
 3833 1a99 0A03     		.2byte	0x30a
 3834 1a9b AC000000 		.4byte	0xac
 3835 1a9f 0B       		.byte	0xb
 3836 1aa0 16       		.uleb128 0x16
 3837 1aa1 A1020000 		.4byte	.LASF540
 3838 1aa5 02       		.byte	0x2
 3839 1aa6 0B03     		.2byte	0x30b
 3840 1aa8 C2000000 		.4byte	0xc2
 3841 1aac 0C       		.byte	0xc
 3842 1aad 16       		.uleb128 0x16
 3843 1aae 70170000 		.4byte	.LASF541
 3844 1ab2 02       		.byte	0x2
 3845 1ab3 0C03     		.2byte	0x30c
 3846 1ab5 F8190000 		.4byte	0x19f8
 3847 1ab9 0E       		.byte	0xe
 3848 1aba 16       		.uleb128 0x16
 3849 1abb 5F2A0000 		.4byte	.LASF542
 3850 1abf 02       		.byte	0x2
 3851 1ac0 0D03     		.2byte	0x30d
 3852 1ac2 C2000000 		.4byte	0xc2
 3853 1ac6 10       		.byte	0x10
 3854 1ac7 00       		.byte	0
 3855 1ac8 03       		.uleb128 0x3
 3856 1ac9 01       		.byte	0x1
 3857 1aca 02       		.byte	0x2
 3858 1acb 580E0000 		.4byte	.LASF543
ARM GAS  C:\Users\Finik\AppData\Local\Temp\ccXrCYub.s 			page 166


 3859 1acf 14       		.uleb128 0x14
 3860 1ad0 2E2E0000 		.4byte	.LASF544
 3861 1ad4 02       		.byte	0x2
 3862 1ad5 0E03     		.2byte	0x30e
 3863 1ad7 3C1A0000 		.4byte	0x1a3c
 3864 1adb 09       		.uleb128 0x9
 3865 1adc 01       		.byte	0x1
 3866 1add 53000000 		.4byte	0x53
 3867 1ae1 02       		.byte	0x2
 3868 1ae2 AC05     		.2byte	0x5ac
 3869 1ae4 491B0000 		.4byte	0x1b49
 3870 1ae8 08       		.uleb128 0x8
 3871 1ae9 060F0000 		.4byte	.LASF545
 3872 1aed 00       		.byte	0
 3873 1aee 08       		.uleb128 0x8
 3874 1aef 220F0000 		.4byte	.LASF546
 3875 1af3 01       		.byte	0x1
 3876 1af4 08       		.uleb128 0x8
 3877 1af5 3E0F0000 		.4byte	.LASF547
 3878 1af9 02       		.byte	0x2
 3879 1afa 08       		.uleb128 0x8
 3880 1afb 5A0F0000 		.4byte	.LASF548
 3881 1aff 03       		.byte	0x3
 3882 1b00 08       		.uleb128 0x8
 3883 1b01 760F0000 		.4byte	.LASF549
 3884 1b05 04       		.byte	0x4
 3885 1b06 08       		.uleb128 0x8
 3886 1b07 920F0000 		.4byte	.LASF550
 3887 1b0b 05       		.byte	0x5
 3888 1b0c 08       		.uleb128 0x8
 3889 1b0d AE0F0000 		.4byte	.LASF551
 3890 1b11 06       		.byte	0x6
 3891 1b12 08       		.uleb128 0x8
 3892 1b13 CA0F0000 		.4byte	.LASF552
 3893 1b17 07       		.byte	0x7
 3894 1b18 08       		.uleb128 0x8
 3895 1b19 E60F0000 		.4byte	.LASF553
 3896 1b1d 08       		.byte	0x8
 3897 1b1e 08       		.uleb128 0x8
 3898 1b1f 95200000 		.4byte	.LASF554
 3899 1b23 09       		.byte	0x9
 3900 1b24 08       		.uleb128 0x8
 3901 1b25 DE0C0000 		.4byte	.LASF555
 3902 1b29 0A       		.byte	0xa
 3903 1b2a 08       		.uleb128 0x8
 3904 1b2b FB0C0000 		.4byte	.LASF556
 3905 1b2f 0B       		.byte	0xb
 3906 1b30 08       		.uleb128 0x8
 3907 1b31 180D0000 		.4byte	.LASF557
 3908 1b35 0C       		.byte	0xc
 3909 1b36 08       		.uleb128 0x8
 3910 1b37 350D0000 		.4byte	.LASF558
 3911 1b3b 0D       		.byte	0xd
 3912 1b3c 08       		.uleb128 0x8
 3913 1b3d 520D0000 		.4byte	.LASF559
 3914 1b41 0E       		.byte	0xe
 3915 1b42 08       		.uleb128 0x8
ARM GAS  C:\Users\Finik\AppData\Local\Temp\ccXrCYub.s 			page 167


 3916 1b43 6F0D0000 		.4byte	.LASF560
 3917 1b47 0F       		.byte	0xf
 3918 1b48 00       		.byte	0
 3919 1b49 14       		.uleb128 0x14
 3920 1b4a 682A0000 		.4byte	.LASF561
 3921 1b4e 02       		.byte	0x2
 3922 1b4f BD05     		.2byte	0x5bd
 3923 1b51 DB1A0000 		.4byte	0x1adb
 3924 1b55 09       		.uleb128 0x9
 3925 1b56 01       		.byte	0x1
 3926 1b57 53000000 		.4byte	0x53
 3927 1b5b 02       		.byte	0x2
 3928 1b5c C505     		.2byte	0x5c5
 3929 1b5e 7B1B0000 		.4byte	0x1b7b
 3930 1b62 08       		.uleb128 0x8
 3931 1b63 501C0000 		.4byte	.LASF562
 3932 1b67 00       		.byte	0
 3933 1b68 08       		.uleb128 0x8
 3934 1b69 EB330000 		.4byte	.LASF563
 3935 1b6d 01       		.byte	0x1
 3936 1b6e 08       		.uleb128 0x8
 3937 1b6f 07340000 		.4byte	.LASF564
 3938 1b73 02       		.byte	0x2
 3939 1b74 08       		.uleb128 0x8
 3940 1b75 3D340000 		.4byte	.LASF565
 3941 1b79 03       		.byte	0x3
 3942 1b7a 00       		.byte	0
 3943 1b7b 14       		.uleb128 0x14
 3944 1b7c BE270000 		.4byte	.LASF566
 3945 1b80 02       		.byte	0x2
 3946 1b81 CA05     		.2byte	0x5ca
 3947 1b83 551B0000 		.4byte	0x1b55
 3948 1b87 09       		.uleb128 0x9
 3949 1b88 01       		.byte	0x1
 3950 1b89 53000000 		.4byte	0x53
 3951 1b8d 02       		.byte	0x2
 3952 1b8e 2107     		.2byte	0x721
 3953 1b90 AD1B0000 		.4byte	0x1bad
 3954 1b94 08       		.uleb128 0x8
 3955 1b95 8D030000 		.4byte	.LASF567
 3956 1b99 00       		.byte	0
 3957 1b9a 08       		.uleb128 0x8
 3958 1b9b 371D0000 		.4byte	.LASF568
 3959 1b9f 01       		.byte	0x1
 3960 1ba0 08       		.uleb128 0x8
 3961 1ba1 8E240000 		.4byte	.LASF569
 3962 1ba5 02       		.byte	0x2
 3963 1ba6 08       		.uleb128 0x8
 3964 1ba7 A50C0000 		.4byte	.LASF570
 3965 1bab 03       		.byte	0x3
 3966 1bac 00       		.byte	0
 3967 1bad 14       		.uleb128 0x14
 3968 1bae 512E0000 		.4byte	.LASF571
 3969 1bb2 02       		.byte	0x2
 3970 1bb3 2607     		.2byte	0x726
 3971 1bb5 871B0000 		.4byte	0x1b87
 3972 1bb9 09       		.uleb128 0x9
ARM GAS  C:\Users\Finik\AppData\Local\Temp\ccXrCYub.s 			page 168


 3973 1bba 01       		.byte	0x1
 3974 1bbb 53000000 		.4byte	0x53
 3975 1bbf 02       		.byte	0x2
 3976 1bc0 2B09     		.2byte	0x92b
 3977 1bc2 DF1B0000 		.4byte	0x1bdf
 3978 1bc6 08       		.uleb128 0x8
 3979 1bc7 C11A0000 		.4byte	.LASF572
 3980 1bcb 00       		.byte	0
 3981 1bcc 08       		.uleb128 0x8
 3982 1bcd 6F000000 		.4byte	.LASF573
 3983 1bd1 01       		.byte	0x1
 3984 1bd2 08       		.uleb128 0x8
 3985 1bd3 EE270000 		.4byte	.LASF574
 3986 1bd7 02       		.byte	0x2
 3987 1bd8 08       		.uleb128 0x8
 3988 1bd9 0B170000 		.4byte	.LASF575
 3989 1bdd 03       		.byte	0x3
 3990 1bde 00       		.byte	0
 3991 1bdf 14       		.uleb128 0x14
 3992 1be0 2F070000 		.4byte	.LASF576
 3993 1be4 02       		.byte	0x2
 3994 1be5 3009     		.2byte	0x930
 3995 1be7 B91B0000 		.4byte	0x1bb9
 3996 1beb 09       		.uleb128 0x9
 3997 1bec 02       		.byte	0x2
 3998 1bed 77000000 		.4byte	0x77
 3999 1bf1 02       		.byte	0x2
 4000 1bf2 6E09     		.2byte	0x96e
 4001 1bf4 1A1C0000 		.4byte	0x1c1a
 4002 1bf8 08       		.uleb128 0x8
 4003 1bf9 BB200000 		.4byte	.LASF577
 4004 1bfd 00       		.byte	0
 4005 1bfe 08       		.uleb128 0x8
 4006 1bff E8020000 		.4byte	.LASF578
 4007 1c03 01       		.byte	0x1
 4008 1c04 0A       		.uleb128 0xa
 4009 1c05 DA000000 		.4byte	.LASF579
 4010 1c09 0101     		.2byte	0x101
 4011 1c0b 0A       		.uleb128 0xa
 4012 1c0c F9000000 		.4byte	.LASF580
 4013 1c10 0102     		.2byte	0x201
 4014 1c12 0A       		.uleb128 0xa
 4015 1c13 18010000 		.4byte	.LASF581
 4016 1c17 0103     		.2byte	0x301
 4017 1c19 00       		.byte	0
 4018 1c1a 14       		.uleb128 0x14
 4019 1c1b 802E0000 		.4byte	.LASF582
 4020 1c1f 02       		.byte	0x2
 4021 1c20 7409     		.2byte	0x974
 4022 1c22 EB1B0000 		.4byte	0x1beb
 4023 1c26 09       		.uleb128 0x9
 4024 1c27 01       		.byte	0x1
 4025 1c28 53000000 		.4byte	0x53
 4026 1c2c 02       		.byte	0x2
 4027 1c2d 020A     		.2byte	0xa02
 4028 1c2f 941C0000 		.4byte	0x1c94
 4029 1c33 08       		.uleb128 0x8
ARM GAS  C:\Users\Finik\AppData\Local\Temp\ccXrCYub.s 			page 169


 4030 1c34 9E280000 		.4byte	.LASF583
 4031 1c38 00       		.byte	0
 4032 1c39 08       		.uleb128 0x8
 4033 1c3a CF310000 		.4byte	.LASF584
 4034 1c3e 01       		.byte	0x1
 4035 1c3f 08       		.uleb128 0x8
 4036 1c40 C7280000 		.4byte	.LASF585
 4037 1c44 02       		.byte	0x2
 4038 1c45 08       		.uleb128 0x8
 4039 1c46 E2280000 		.4byte	.LASF586
 4040 1c4a 03       		.byte	0x3
 4041 1c4b 08       		.uleb128 0x8
 4042 1c4c FD280000 		.4byte	.LASF587
 4043 1c50 04       		.byte	0x4
 4044 1c51 08       		.uleb128 0x8
 4045 1c52 18290000 		.4byte	.LASF588
 4046 1c56 05       		.byte	0x5
 4047 1c57 08       		.uleb128 0x8
 4048 1c58 33290000 		.4byte	.LASF589
 4049 1c5c 06       		.byte	0x6
 4050 1c5d 08       		.uleb128 0x8
 4051 1c5e 4E290000 		.4byte	.LASF590
 4052 1c62 07       		.byte	0x7
 4053 1c63 08       		.uleb128 0x8
 4054 1c64 69290000 		.4byte	.LASF591
 4055 1c68 08       		.byte	0x8
 4056 1c69 08       		.uleb128 0x8
 4057 1c6a 84290000 		.4byte	.LASF592
 4058 1c6e 09       		.byte	0x9
 4059 1c6f 08       		.uleb128 0x8
 4060 1c70 7A180000 		.4byte	.LASF593
 4061 1c74 0A       		.byte	0xa
 4062 1c75 08       		.uleb128 0x8
 4063 1c76 49300000 		.4byte	.LASF594
 4064 1c7a 0B       		.byte	0xb
 4065 1c7b 08       		.uleb128 0x8
 4066 1c7c 65300000 		.4byte	.LASF595
 4067 1c80 0C       		.byte	0xc
 4068 1c81 08       		.uleb128 0x8
 4069 1c82 81300000 		.4byte	.LASF596
 4070 1c86 0D       		.byte	0xd
 4071 1c87 08       		.uleb128 0x8
 4072 1c88 9D300000 		.4byte	.LASF597
 4073 1c8c 0E       		.byte	0xe
 4074 1c8d 08       		.uleb128 0x8
 4075 1c8e B9300000 		.4byte	.LASF598
 4076 1c92 0F       		.byte	0xf
 4077 1c93 00       		.byte	0
 4078 1c94 14       		.uleb128 0x14
 4079 1c95 DE050000 		.4byte	.LASF599
 4080 1c99 02       		.byte	0x2
 4081 1c9a 130A     		.2byte	0xa13
 4082 1c9c 261C0000 		.4byte	0x1c26
 4083 1ca0 09       		.uleb128 0x9
 4084 1ca1 01       		.byte	0x1
 4085 1ca2 53000000 		.4byte	0x53
 4086 1ca6 02       		.byte	0x2
ARM GAS  C:\Users\Finik\AppData\Local\Temp\ccXrCYub.s 			page 170


 4087 1ca7 1B0A     		.2byte	0xa1b
 4088 1ca9 CC1C0000 		.4byte	0x1ccc
 4089 1cad 08       		.uleb128 0x8
 4090 1cae C8050000 		.4byte	.LASF600
 4091 1cb2 00       		.byte	0
 4092 1cb3 08       		.uleb128 0x8
 4093 1cb4 102F0000 		.4byte	.LASF601
 4094 1cb8 01       		.byte	0x1
 4095 1cb9 08       		.uleb128 0x8
 4096 1cba 422F0000 		.4byte	.LASF602
 4097 1cbe 02       		.byte	0x2
 4098 1cbf 08       		.uleb128 0x8
 4099 1cc0 842F0000 		.4byte	.LASF603
 4100 1cc4 03       		.byte	0x3
 4101 1cc5 08       		.uleb128 0x8
 4102 1cc6 E1260000 		.4byte	.LASF604
 4103 1cca 04       		.byte	0x4
 4104 1ccb 00       		.byte	0
 4105 1ccc 14       		.uleb128 0x14
 4106 1ccd B1230000 		.4byte	.LASF605
 4107 1cd1 02       		.byte	0x2
 4108 1cd2 210A     		.2byte	0xa21
 4109 1cd4 A01C0000 		.4byte	0x1ca0
 4110 1cd8 09       		.uleb128 0x9
 4111 1cd9 01       		.byte	0x1
 4112 1cda 53000000 		.4byte	0x53
 4113 1cde 02       		.byte	0x2
 4114 1cdf B20A     		.2byte	0xab2
 4115 1ce1 F21C0000 		.4byte	0x1cf2
 4116 1ce5 08       		.uleb128 0x8
 4117 1ce6 51060000 		.4byte	.LASF606
 4118 1cea 00       		.byte	0
 4119 1ceb 08       		.uleb128 0x8
 4120 1cec E01E0000 		.4byte	.LASF607
 4121 1cf0 01       		.byte	0x1
 4122 1cf1 00       		.byte	0
 4123 1cf2 14       		.uleb128 0x14
 4124 1cf3 221F0000 		.4byte	.LASF608
 4125 1cf7 02       		.byte	0x2
 4126 1cf8 B50A     		.2byte	0xab5
 4127 1cfa D81C0000 		.4byte	0x1cd8
 4128 1cfe 07       		.uleb128 0x7
 4129 1cff 01       		.byte	0x1
 4130 1d00 53000000 		.4byte	0x53
 4131 1d04 0E       		.byte	0xe
 4132 1d05 7B       		.byte	0x7b
 4133 1d06 291D0000 		.4byte	0x1d29
 4134 1d0a 08       		.uleb128 0x8
 4135 1d0b B12A0000 		.4byte	.LASF609
 4136 1d0f 00       		.byte	0
 4137 1d10 08       		.uleb128 0x8
 4138 1d11 61010000 		.4byte	.LASF610
 4139 1d15 01       		.byte	0x1
 4140 1d16 08       		.uleb128 0x8
 4141 1d17 CD2F0000 		.4byte	.LASF611
 4142 1d1b 02       		.byte	0x2
 4143 1d1c 08       		.uleb128 0x8
ARM GAS  C:\Users\Finik\AppData\Local\Temp\ccXrCYub.s 			page 171


 4144 1d1d BC0C0000 		.4byte	.LASF612
 4145 1d21 03       		.byte	0x3
 4146 1d22 08       		.uleb128 0x8
 4147 1d23 892B0000 		.4byte	.LASF613
 4148 1d27 04       		.byte	0x4
 4149 1d28 00       		.byte	0
 4150 1d29 17       		.uleb128 0x17
 4151 1d2a B5110000 		.4byte	.LASF614
 4152 1d2e 02       		.byte	0x2
 4153 1d2f 0606     		.2byte	0x606
 4154 1d31 77190000 		.4byte	0x1977
 4155 1d35 03       		.byte	0x3
 4156 1d36 531D0000 		.4byte	0x1d53
 4157 1d3a 18       		.uleb128 0x18
 4158 1d3b 2E2B0000 		.4byte	.LASF616
 4159 1d3f 02       		.byte	0x2
 4160 1d40 0606     		.2byte	0x606
 4161 1d42 CD000000 		.4byte	0xcd
 4162 1d46 19       		.uleb128 0x19
 4163 1d47 C3000000 		.4byte	.LASF618
 4164 1d4b 02       		.byte	0x2
 4165 1d4c 0806     		.2byte	0x608
 4166 1d4e 77190000 		.4byte	0x1977
 4167 1d52 00       		.byte	0
 4168 1d53 17       		.uleb128 0x17
 4169 1d54 8B0C0000 		.4byte	.LASF615
 4170 1d58 02       		.byte	0x2
 4171 1d59 8606     		.2byte	0x686
 4172 1d5b 77190000 		.4byte	0x1977
 4173 1d5f 03       		.byte	0x3
 4174 1d60 891D0000 		.4byte	0x1d89
 4175 1d64 18       		.uleb128 0x18
 4176 1d65 2E2B0000 		.4byte	.LASF616
 4177 1d69 02       		.byte	0x2
 4178 1d6a 8606     		.2byte	0x686
 4179 1d6c CD000000 		.4byte	0xcd
 4180 1d70 18       		.uleb128 0x18
 4181 1d71 AD110000 		.4byte	.LASF617
 4182 1d75 02       		.byte	0x2
 4183 1d76 8606     		.2byte	0x686
 4184 1d78 7B1B0000 		.4byte	0x1b7b
 4185 1d7c 19       		.uleb128 0x19
 4186 1d7d C3000000 		.4byte	.LASF618
 4187 1d81 02       		.byte	0x2
 4188 1d82 8806     		.2byte	0x688
 4189 1d84 77190000 		.4byte	0x1977
 4190 1d88 00       		.byte	0
 4191 1d89 17       		.uleb128 0x17
 4192 1d8a D5270000 		.4byte	.LASF619
 4193 1d8e 02       		.byte	0x2
 4194 1d8f 4906     		.2byte	0x649
 4195 1d91 77190000 		.4byte	0x1977
 4196 1d95 03       		.byte	0x3
 4197 1d96 BF1D0000 		.4byte	0x1dbf
 4198 1d9a 18       		.uleb128 0x18
 4199 1d9b 2E2B0000 		.4byte	.LASF616
 4200 1d9f 02       		.byte	0x2
ARM GAS  C:\Users\Finik\AppData\Local\Temp\ccXrCYub.s 			page 172


 4201 1da0 4906     		.2byte	0x649
 4202 1da2 CD000000 		.4byte	0xcd
 4203 1da6 18       		.uleb128 0x18
 4204 1da7 5D110000 		.4byte	.LASF620
 4205 1dab 02       		.byte	0x2
 4206 1dac 4906     		.2byte	0x649
 4207 1dae 491B0000 		.4byte	0x1b49
 4208 1db2 19       		.uleb128 0x19
 4209 1db3 C3000000 		.4byte	.LASF618
 4210 1db7 02       		.byte	0x2
 4211 1db8 4B06     		.2byte	0x64b
 4212 1dba 77190000 		.4byte	0x1977
 4213 1dbe 00       		.byte	0
 4214 1dbf 1A       		.uleb128 0x1a
 4215 1dc0 05300000 		.4byte	.LASF621
 4216 1dc4 02       		.byte	0x2
 4217 1dc5 0609     		.2byte	0x906
 4218 1dc7 03       		.byte	0x3
 4219 1dc8 D91D0000 		.4byte	0x1dd9
 4220 1dcc 18       		.uleb128 0x18
 4221 1dcd AD110000 		.4byte	.LASF617
 4222 1dd1 02       		.byte	0x2
 4223 1dd2 0609     		.2byte	0x906
 4224 1dd4 AC000000 		.4byte	0xac
 4225 1dd8 00       		.byte	0
 4226 1dd9 1A       		.uleb128 0x1a
 4227 1dda C8340000 		.4byte	.LASF622
 4228 1dde 02       		.byte	0x2
 4229 1ddf FF06     		.2byte	0x6ff
 4230 1de1 03       		.byte	0x3
 4231 1de2 F31D0000 		.4byte	0x1df3
 4232 1de6 18       		.uleb128 0x18
 4233 1de7 AD110000 		.4byte	.LASF617
 4234 1deb 02       		.byte	0x2
 4235 1dec FF06     		.2byte	0x6ff
 4236 1dee AC000000 		.4byte	0xac
 4237 1df2 00       		.byte	0
 4238 1df3 1A       		.uleb128 0x1a
 4239 1df4 9B040000 		.4byte	.LASF623
 4240 1df8 02       		.byte	0x2
 4241 1df9 CA06     		.2byte	0x6ca
 4242 1dfb 03       		.byte	0x3
 4243 1dfc 0D1E0000 		.4byte	0x1e0d
 4244 1e00 18       		.uleb128 0x18
 4245 1e01 AD110000 		.4byte	.LASF617
 4246 1e05 02       		.byte	0x2
 4247 1e06 CA06     		.2byte	0x6ca
 4248 1e08 AC000000 		.4byte	0xac
 4249 1e0c 00       		.byte	0
 4250 1e0d 1A       		.uleb128 0x1a
 4251 1e0e 57330000 		.4byte	.LASF624
 4252 1e12 02       		.byte	0x2
 4253 1e13 4809     		.2byte	0x948
 4254 1e15 03       		.byte	0x3
 4255 1e16 271E0000 		.4byte	0x1e27
 4256 1e1a 18       		.uleb128 0x18
 4257 1e1b 5D110000 		.4byte	.LASF620
ARM GAS  C:\Users\Finik\AppData\Local\Temp\ccXrCYub.s 			page 173


 4258 1e1f 02       		.byte	0x2
 4259 1e20 4809     		.2byte	0x948
 4260 1e22 DF1B0000 		.4byte	0x1bdf
 4261 1e26 00       		.byte	0
 4262 1e27 17       		.uleb128 0x17
 4263 1e28 B72C0000 		.4byte	.LASF625
 4264 1e2c 02       		.byte	0x2
 4265 1e2d 5207     		.2byte	0x752
 4266 1e2f 77190000 		.4byte	0x1977
 4267 1e33 03       		.byte	0x3
 4268 1e34 691E0000 		.4byte	0x1e69
 4269 1e38 18       		.uleb128 0x18
 4270 1e39 7C1E0000 		.4byte	.LASF626
 4271 1e3d 02       		.byte	0x2
 4272 1e3e 5207     		.2byte	0x752
 4273 1e40 AD1B0000 		.4byte	0x1bad
 4274 1e44 18       		.uleb128 0x18
 4275 1e45 5D2D0000 		.4byte	.LASF627
 4276 1e49 02       		.byte	0x2
 4277 1e4a 5307     		.2byte	0x753
 4278 1e4c CD000000 		.4byte	0xcd
 4279 1e50 18       		.uleb128 0x18
 4280 1e51 772F0000 		.4byte	.LASF628
 4281 1e55 02       		.byte	0x2
 4282 1e56 5307     		.2byte	0x753
 4283 1e58 CD000000 		.4byte	0xcd
 4284 1e5c 19       		.uleb128 0x19
 4285 1e5d C3000000 		.4byte	.LASF618
 4286 1e61 02       		.byte	0x2
 4287 1e62 5507     		.2byte	0x755
 4288 1e64 77190000 		.4byte	0x1977
 4289 1e68 00       		.byte	0
 4290 1e69 17       		.uleb128 0x17
 4291 1e6a 8E340000 		.4byte	.LASF629
 4292 1e6e 02       		.byte	0x2
 4293 1e6f 0E08     		.2byte	0x80e
 4294 1e71 77190000 		.4byte	0x1977
 4295 1e75 03       		.byte	0x3
 4296 1e76 AB1E0000 		.4byte	0x1eab
 4297 1e7a 18       		.uleb128 0x18
 4298 1e7b 830C0000 		.4byte	.LASF630
 4299 1e7f 02       		.byte	0x2
 4300 1e80 0E08     		.2byte	0x80e
 4301 1e82 51020000 		.4byte	0x251
 4302 1e86 18       		.uleb128 0x18
 4303 1e87 7C1E0000 		.4byte	.LASF626
 4304 1e8b 02       		.byte	0x2
 4305 1e8c 0F08     		.2byte	0x80f
 4306 1e8e AD1B0000 		.4byte	0x1bad
 4307 1e92 18       		.uleb128 0x18
 4308 1e93 5D2D0000 		.4byte	.LASF627
 4309 1e97 02       		.byte	0x2
 4310 1e98 0F08     		.2byte	0x80f
 4311 1e9a CD000000 		.4byte	0xcd
 4312 1e9e 19       		.uleb128 0x19
 4313 1e9f C3000000 		.4byte	.LASF618
 4314 1ea3 02       		.byte	0x2
ARM GAS  C:\Users\Finik\AppData\Local\Temp\ccXrCYub.s 			page 174


 4315 1ea4 1108     		.2byte	0x811
 4316 1ea6 77190000 		.4byte	0x1977
 4317 1eaa 00       		.byte	0
 4318 1eab 1A       		.uleb128 0x1a
 4319 1eac A5270000 		.4byte	.LASF631
 4320 1eb0 02       		.byte	0x2
 4321 1eb1 2704     		.2byte	0x427
 4322 1eb3 03       		.byte	0x3
 4323 1eb4 C41E0000 		.4byte	0x1ec4
 4324 1eb8 1B       		.uleb128 0x1b
 4325 1eb9 6F6E00   		.ascii	"on\000"
 4326 1ebc 02       		.byte	0x2
 4327 1ebd 2704     		.2byte	0x427
 4328 1ebf C81A0000 		.4byte	0x1ac8
 4329 1ec3 00       		.byte	0
 4330 1ec4 1C       		.uleb128 0x1c
 4331 1ec5 3E160000 		.4byte	.LASF633
 4332 1ec9 02       		.byte	0x2
 4333 1eca F403     		.2byte	0x3f4
 4334 1ecc 03       		.byte	0x3
 4335 1ecd 1A       		.uleb128 0x1a
 4336 1ece 87020000 		.4byte	.LASF632
 4337 1ed2 02       		.byte	0x2
 4338 1ed3 D00A     		.2byte	0xad0
 4339 1ed5 03       		.byte	0x3
 4340 1ed6 E71E0000 		.4byte	0x1ee7
 4341 1eda 18       		.uleb128 0x18
 4342 1edb 5D110000 		.4byte	.LASF620
 4343 1edf 02       		.byte	0x2
 4344 1ee0 D00A     		.2byte	0xad0
 4345 1ee2 F21C0000 		.4byte	0x1cf2
 4346 1ee6 00       		.byte	0
 4347 1ee7 1C       		.uleb128 0x1c
 4348 1ee8 4A190000 		.4byte	.LASF634
 4349 1eec 02       		.byte	0x2
 4350 1eed 8F0A     		.2byte	0xa8f
 4351 1eef 03       		.byte	0x3
 4352 1ef0 1A       		.uleb128 0x1a
 4353 1ef1 A2100000 		.4byte	.LASF635
 4354 1ef5 02       		.byte	0x2
 4355 1ef6 6D0A     		.2byte	0xa6d
 4356 1ef8 03       		.byte	0x3
 4357 1ef9 0A1F0000 		.4byte	0x1f0a
 4358 1efd 18       		.uleb128 0x18
 4359 1efe AD110000 		.4byte	.LASF617
 4360 1f02 02       		.byte	0x2
 4361 1f03 6D0A     		.2byte	0xa6d
 4362 1f05 CC1C0000 		.4byte	0x1ccc
 4363 1f09 00       		.byte	0
 4364 1f0a 1A       		.uleb128 0x1a
 4365 1f0b 1D270000 		.4byte	.LASF636
 4366 1f0f 02       		.byte	0x2
 4367 1f10 470A     		.2byte	0xa47
 4368 1f12 03       		.byte	0x3
 4369 1f13 241F0000 		.4byte	0x1f24
 4370 1f17 18       		.uleb128 0x18
 4371 1f18 5D110000 		.4byte	.LASF620
ARM GAS  C:\Users\Finik\AppData\Local\Temp\ccXrCYub.s 			page 175


 4372 1f1c 02       		.byte	0x2
 4373 1f1d 470A     		.2byte	0xa47
 4374 1f1f 941C0000 		.4byte	0x1c94
 4375 1f23 00       		.byte	0
 4376 1f24 1C       		.uleb128 0x1c
 4377 1f25 D4040000 		.4byte	.LASF637
 4378 1f29 02       		.byte	0x2
 4379 1f2a DF09     		.2byte	0x9df
 4380 1f2c 03       		.byte	0x3
 4381 1f2d 1A       		.uleb128 0x1a
 4382 1f2e 142A0000 		.4byte	.LASF638
 4383 1f32 02       		.byte	0x2
 4384 1f33 BE09     		.2byte	0x9be
 4385 1f35 03       		.byte	0x3
 4386 1f36 471F0000 		.4byte	0x1f47
 4387 1f3a 18       		.uleb128 0x18
 4388 1f3b AD110000 		.4byte	.LASF617
 4389 1f3f 02       		.byte	0x2
 4390 1f40 BE09     		.2byte	0x9be
 4391 1f42 AC000000 		.4byte	0xac
 4392 1f46 00       		.byte	0
 4393 1f47 1A       		.uleb128 0x1a
 4394 1f48 AC340000 		.4byte	.LASF639
 4395 1f4c 02       		.byte	0x2
 4396 1f4d 9509     		.2byte	0x995
 4397 1f4f 03       		.byte	0x3
 4398 1f50 611F0000 		.4byte	0x1f61
 4399 1f54 18       		.uleb128 0x18
 4400 1f55 5D110000 		.4byte	.LASF620
 4401 1f59 02       		.byte	0x2
 4402 1f5a 9509     		.2byte	0x995
 4403 1f5c 1A1C0000 		.4byte	0x1c1a
 4404 1f60 00       		.byte	0
 4405 1f61 17       		.uleb128 0x17
 4406 1f62 572B0000 		.4byte	.LASF640
 4407 1f66 02       		.byte	0x2
 4408 1f67 0B04     		.2byte	0x40b
 4409 1f69 77190000 		.4byte	0x1977
 4410 1f6d 03       		.byte	0x3
 4411 1f6e 7F1F0000 		.4byte	0x1f7f
 4412 1f72 19       		.uleb128 0x19
 4413 1f73 C3000000 		.4byte	.LASF618
 4414 1f77 02       		.byte	0x2
 4415 1f78 0D04     		.2byte	0x40d
 4416 1f7a 77190000 		.4byte	0x1977
 4417 1f7e 00       		.byte	0
 4418 1f7f 1C       		.uleb128 0x1c
 4419 1f80 79310000 		.4byte	.LASF641
 4420 1f84 03       		.byte	0x3
 4421 1f85 2E09     		.2byte	0x92e
 4422 1f87 03       		.byte	0x3
 4423 1f88 1C       		.uleb128 0x1c
 4424 1f89 CB130000 		.4byte	.LASF642
 4425 1f8d 03       		.byte	0x3
 4426 1f8e 6109     		.2byte	0x961
 4427 1f90 03       		.byte	0x3
 4428 1f91 1D       		.uleb128 0x1d
ARM GAS  C:\Users\Finik\AppData\Local\Temp\ccXrCYub.s 			page 176


 4429 1f92 43330000 		.4byte	.LASF661
 4430 1f96 01       		.byte	0x1
 4431 1f97 83       		.byte	0x83
 4432 1f98 00000000 		.4byte	.LFB187
 4433 1f9c 02000000 		.4byte	.LFE187-.LFB187
 4434 1fa0 01       		.uleb128 0x1
 4435 1fa1 9C       		.byte	0x9c
 4436 1fa2 B41F0000 		.4byte	0x1fb4
 4437 1fa6 1E       		.uleb128 0x1e
 4438 1fa7 F60D0000 		.4byte	.LASF662
 4439 1fab 01       		.byte	0x1
 4440 1fac 83       		.byte	0x83
 4441 1fad 96180000 		.4byte	0x1896
 4442 1fb1 01       		.uleb128 0x1
 4443 1fb2 50       		.byte	0x50
 4444 1fb3 00       		.byte	0
 4445 1fb4 1F       		.uleb128 0x1f
 4446 1fb5 53000000 		.4byte	.LASF663
 4447 1fb9 01       		.byte	0x1
 4448 1fba F0       		.byte	0xf0
 4449 1fbb 00000000 		.4byte	.LFB189
 4450 1fbf 10000000 		.4byte	.LFE189-.LFB189
 4451 1fc3 01       		.uleb128 0x1
 4452 1fc4 9C       		.byte	0x9c
 4453 1fc5 17       		.uleb128 0x17
 4454 1fc6 D7090000 		.4byte	.LASF643
 4455 1fca 02       		.byte	0x2
 4456 1fcb 4908     		.2byte	0x849
 4457 1fcd 77190000 		.4byte	0x1977
 4458 1fd1 03       		.byte	0x3
 4459 1fd2 FB1F0000 		.4byte	0x1ffb
 4460 1fd6 18       		.uleb128 0x18
 4461 1fd7 7C1E0000 		.4byte	.LASF626
 4462 1fdb 02       		.byte	0x2
 4463 1fdc 4908     		.2byte	0x849
 4464 1fde AD1B0000 		.4byte	0x1bad
 4465 1fe2 18       		.uleb128 0x18
 4466 1fe3 5D2D0000 		.4byte	.LASF627
 4467 1fe7 02       		.byte	0x2
 4468 1fe8 4908     		.2byte	0x849
 4469 1fea CD000000 		.4byte	0xcd
 4470 1fee 19       		.uleb128 0x19
 4471 1fef C3000000 		.4byte	.LASF618
 4472 1ff3 02       		.byte	0x2
 4473 1ff4 4B08     		.2byte	0x84b
 4474 1ff6 77190000 		.4byte	0x1977
 4475 1ffa 00       		.byte	0
 4476 1ffb 20       		.uleb128 0x20
 4477 1ffc 242E0000 		.4byte	.LASF664
 4478 2000 01       		.byte	0x1
 4479 2001 95       		.byte	0x95
 4480 2002 00000000 		.4byte	.LFB188
 4481 2006 FC010000 		.4byte	.LFE188-.LFB188
 4482 200a 01       		.uleb128 0x1
 4483 200b 9C       		.byte	0x9c
 4484 200c D7230000 		.4byte	0x23d7
 4485 2010 21       		.uleb128 0x21
ARM GAS  C:\Users\Finik\AppData\Local\Temp\ccXrCYub.s 			page 177


 4486 2011 47180000 		.4byte	.LASF644
 4487 2015 01       		.byte	0x1
 4488 2016 97       		.byte	0x97
 4489 2017 CD000000 		.4byte	0xcd
 4490 201b 00000000 		.4byte	.LLST0
 4491 201f 22       		.uleb128 0x22
 4492 2020 0D1E0000 		.4byte	0x1e0d
 4493 2024 04000000 		.4byte	.LBB88
 4494 2028 0E000000 		.4byte	.LBE88-.LBB88
 4495 202c 01       		.byte	0x1
 4496 202d 9A       		.byte	0x9a
 4497 202e 3C200000 		.4byte	0x203c
 4498 2032 23       		.uleb128 0x23
 4499 2033 1A1E0000 		.4byte	0x1e1a
 4500 2037 34000000 		.4byte	.LLST1
 4501 203b 00       		.byte	0
 4502 203c 22       		.uleb128 0x22
 4503 203d F31D0000 		.4byte	0x1df3
 4504 2041 12000000 		.4byte	.LBB90
 4505 2045 14000000 		.4byte	.LBE90-.LBB90
 4506 2049 01       		.byte	0x1
 4507 204a 9D       		.byte	0x9d
 4508 204b 59200000 		.4byte	0x2059
 4509 204f 23       		.uleb128 0x23
 4510 2050 001E0000 		.4byte	0x1e00
 4511 2054 48000000 		.4byte	.LLST2
 4512 2058 00       		.byte	0
 4513 2059 22       		.uleb128 0x22
 4514 205a D91D0000 		.4byte	0x1dd9
 4515 205e 26000000 		.4byte	.LBB92
 4516 2062 18000000 		.4byte	.LBE92-.LBB92
 4517 2066 01       		.byte	0x1
 4518 2067 9E       		.byte	0x9e
 4519 2068 76200000 		.4byte	0x2076
 4520 206c 23       		.uleb128 0x23
 4521 206d E61D0000 		.4byte	0x1de6
 4522 2071 5C000000 		.4byte	.LLST3
 4523 2075 00       		.byte	0
 4524 2076 22       		.uleb128 0x22
 4525 2077 BF1D0000 		.4byte	0x1dbf
 4526 207b 3E000000 		.4byte	.LBB94
 4527 207f 0E000000 		.4byte	.LBE94-.LBB94
 4528 2083 01       		.byte	0x1
 4529 2084 9F       		.byte	0x9f
 4530 2085 93200000 		.4byte	0x2093
 4531 2089 23       		.uleb128 0x23
 4532 208a CC1D0000 		.4byte	0x1dcc
 4533 208e 70000000 		.4byte	.LLST4
 4534 2092 00       		.byte	0
 4535 2093 22       		.uleb128 0x22
 4536 2094 891D0000 		.4byte	0x1d89
 4537 2098 4C000000 		.4byte	.LBB96
 4538 209c 18000000 		.4byte	.LBE96-.LBB96
 4539 20a0 01       		.byte	0x1
 4540 20a1 A2       		.byte	0xa2
 4541 20a2 CC200000 		.4byte	0x20cc
 4542 20a6 23       		.uleb128 0x23
ARM GAS  C:\Users\Finik\AppData\Local\Temp\ccXrCYub.s 			page 178


 4543 20a7 A61D0000 		.4byte	0x1da6
 4544 20ab 84000000 		.4byte	.LLST5
 4545 20af 23       		.uleb128 0x23
 4546 20b0 9A1D0000 		.4byte	0x1d9a
 4547 20b4 84000000 		.4byte	.LLST5
 4548 20b8 24       		.uleb128 0x24
 4549 20b9 4C000000 		.4byte	.LBB97
 4550 20bd 18000000 		.4byte	.LBE97-.LBB97
 4551 20c1 25       		.uleb128 0x25
 4552 20c2 B21D0000 		.4byte	0x1db2
 4553 20c6 98000000 		.4byte	.LLST7
 4554 20ca 00       		.byte	0
 4555 20cb 00       		.byte	0
 4556 20cc 22       		.uleb128 0x22
 4557 20cd 531D0000 		.4byte	0x1d53
 4558 20d1 64000000 		.4byte	.LBB98
 4559 20d5 16000000 		.4byte	.LBE98-.LBB98
 4560 20d9 01       		.byte	0x1
 4561 20da A3       		.byte	0xa3
 4562 20db 05210000 		.4byte	0x2105
 4563 20df 23       		.uleb128 0x23
 4564 20e0 701D0000 		.4byte	0x1d70
 4565 20e4 B0000000 		.4byte	.LLST8
 4566 20e8 23       		.uleb128 0x23
 4567 20e9 641D0000 		.4byte	0x1d64
 4568 20ed B0000000 		.4byte	.LLST8
 4569 20f1 24       		.uleb128 0x24
 4570 20f2 64000000 		.4byte	.LBB99
 4571 20f6 16000000 		.4byte	.LBE99-.LBB99
 4572 20fa 25       		.uleb128 0x25
 4573 20fb 7C1D0000 		.4byte	0x1d7c
 4574 20ff C4000000 		.4byte	.LLST10
 4575 2103 00       		.byte	0
 4576 2104 00       		.byte	0
 4577 2105 22       		.uleb128 0x22
 4578 2106 291D0000 		.4byte	0x1d29
 4579 210a 7A000000 		.4byte	.LBB100
 4580 210e 18000000 		.4byte	.LBE100-.LBB100
 4581 2112 01       		.byte	0x1
 4582 2113 A4       		.byte	0xa4
 4583 2114 35210000 		.4byte	0x2135
 4584 2118 23       		.uleb128 0x23
 4585 2119 3A1D0000 		.4byte	0x1d3a
 4586 211d DC000000 		.4byte	.LLST11
 4587 2121 24       		.uleb128 0x24
 4588 2122 7A000000 		.4byte	.LBB101
 4589 2126 18000000 		.4byte	.LBE101-.LBB101
 4590 212a 25       		.uleb128 0x25
 4591 212b 461D0000 		.4byte	0x1d46
 4592 212f F0000000 		.4byte	.LLST12
 4593 2133 00       		.byte	0
 4594 2134 00       		.byte	0
 4595 2135 26       		.uleb128 0x26
 4596 2136 BA000000 		.4byte	.LBB102
 4597 213a 1E000000 		.4byte	.LBE102-.LBB102
 4598 213e 74210000 		.4byte	0x2174
 4599 2142 27       		.uleb128 0x27
ARM GAS  C:\Users\Finik\AppData\Local\Temp\ccXrCYub.s 			page 179


 4600 2143 BB320000 		.4byte	.LASF645
 4601 2147 01       		.byte	0x1
 4602 2148 AD       		.byte	0xad
 4603 2149 D7230000 		.4byte	0x23d7
 4604 214d 02       		.uleb128 0x2
 4605 214e 91       		.byte	0x91
 4606 214f 5C       		.sleb128 -36
 4607 2150 28       		.uleb128 0x28
 4608 2151 CE000000 		.4byte	.LVL14
 4609 2155 8E250000 		.4byte	0x258e
 4610 2159 64210000 		.4byte	0x2164
 4611 215d 29       		.uleb128 0x29
 4612 215e 01       		.uleb128 0x1
 4613 215f 50       		.byte	0x50
 4614 2160 02       		.uleb128 0x2
 4615 2161 91       		.byte	0x91
 4616 2162 5C       		.sleb128 -36
 4617 2163 00       		.byte	0
 4618 2164 2A       		.uleb128 0x2a
 4619 2165 D8000000 		.4byte	.LVL16
 4620 2169 911F0000 		.4byte	0x1f91
 4621 216d 29       		.uleb128 0x29
 4622 216e 01       		.uleb128 0x1
 4623 216f 50       		.byte	0x50
 4624 2170 01       		.uleb128 0x1
 4625 2171 34       		.byte	0x34
 4626 2172 00       		.byte	0
 4627 2173 00       		.byte	0
 4628 2174 22       		.uleb128 0x22
 4629 2175 471F0000 		.4byte	0x1f47
 4630 2179 F6000000 		.4byte	.LBB103
 4631 217d 0C000000 		.4byte	.LBE103-.LBB103
 4632 2181 01       		.byte	0x1
 4633 2182 C8       		.byte	0xc8
 4634 2183 91210000 		.4byte	0x2191
 4635 2187 23       		.uleb128 0x23
 4636 2188 541F0000 		.4byte	0x1f54
 4637 218c 08010000 		.4byte	.LLST13
 4638 2190 00       		.byte	0
 4639 2191 22       		.uleb128 0x22
 4640 2192 2D1F0000 		.4byte	0x1f2d
 4641 2196 02010000 		.4byte	.LBB105
 4642 219a 08000000 		.4byte	.LBE105-.LBB105
 4643 219e 01       		.byte	0x1
 4644 219f C9       		.byte	0xc9
 4645 21a0 AE210000 		.4byte	0x21ae
 4646 21a4 23       		.uleb128 0x23
 4647 21a5 3A1F0000 		.4byte	0x1f3a
 4648 21a9 1C010000 		.4byte	.LLST14
 4649 21ad 00       		.byte	0
 4650 21ae 2B       		.uleb128 0x2b
 4651 21af 241F0000 		.4byte	0x1f24
 4652 21b3 0A010000 		.4byte	.LBB107
 4653 21b7 0A000000 		.4byte	.LBE107-.LBB107
 4654 21bb 01       		.byte	0x1
 4655 21bc CA       		.byte	0xca
 4656 21bd 22       		.uleb128 0x22
ARM GAS  C:\Users\Finik\AppData\Local\Temp\ccXrCYub.s 			page 180


 4657 21be 0A1F0000 		.4byte	0x1f0a
 4658 21c2 14010000 		.4byte	.LBB109
 4659 21c6 0A000000 		.4byte	.LBE109-.LBB109
 4660 21ca 01       		.byte	0x1
 4661 21cb CB       		.byte	0xcb
 4662 21cc DA210000 		.4byte	0x21da
 4663 21d0 23       		.uleb128 0x23
 4664 21d1 171F0000 		.4byte	0x1f17
 4665 21d5 30010000 		.4byte	.LLST15
 4666 21d9 00       		.byte	0
 4667 21da 22       		.uleb128 0x22
 4668 21db F01E0000 		.4byte	0x1ef0
 4669 21df 1E010000 		.4byte	.LBB111
 4670 21e3 0E000000 		.4byte	.LBE111-.LBB111
 4671 21e7 01       		.byte	0x1
 4672 21e8 CC       		.byte	0xcc
 4673 21e9 F7210000 		.4byte	0x21f7
 4674 21ed 23       		.uleb128 0x23
 4675 21ee FD1E0000 		.4byte	0x1efd
 4676 21f2 44010000 		.4byte	.LLST16
 4677 21f6 00       		.byte	0
 4678 21f7 2B       		.uleb128 0x2b
 4679 21f8 E71E0000 		.4byte	0x1ee7
 4680 21fc 2C010000 		.4byte	.LBB113
 4681 2200 0A000000 		.4byte	.LBE113-.LBB113
 4682 2204 01       		.byte	0x1
 4683 2205 CD       		.byte	0xcd
 4684 2206 22       		.uleb128 0x22
 4685 2207 CD1E0000 		.4byte	0x1ecd
 4686 220b 36010000 		.4byte	.LBB115
 4687 220f 10000000 		.4byte	.LBE115-.LBB115
 4688 2213 01       		.byte	0x1
 4689 2214 CE       		.byte	0xce
 4690 2215 23220000 		.4byte	0x2223
 4691 2219 23       		.uleb128 0x23
 4692 221a DA1E0000 		.4byte	0x1eda
 4693 221e 58010000 		.4byte	.LLST17
 4694 2222 00       		.byte	0
 4695 2223 2B       		.uleb128 0x2b
 4696 2224 C41E0000 		.4byte	0x1ec4
 4697 2228 4C010000 		.4byte	.LBB117
 4698 222c 08000000 		.4byte	.LBE117-.LBB117
 4699 2230 01       		.byte	0x1
 4700 2231 D0       		.byte	0xd0
 4701 2232 22       		.uleb128 0x22
 4702 2233 AB1E0000 		.4byte	0x1eab
 4703 2237 54010000 		.4byte	.LBB119
 4704 223b 0A000000 		.4byte	.LBE119-.LBB119
 4705 223f 01       		.byte	0x1
 4706 2240 D1       		.byte	0xd1
 4707 2241 4F220000 		.4byte	0x224f
 4708 2245 23       		.uleb128 0x23
 4709 2246 B81E0000 		.4byte	0x1eb8
 4710 224a 6C010000 		.4byte	.LLST18
 4711 224e 00       		.byte	0
 4712 224f 22       		.uleb128 0x22
 4713 2250 691E0000 		.4byte	0x1e69
ARM GAS  C:\Users\Finik\AppData\Local\Temp\ccXrCYub.s 			page 181


 4714 2254 66010000 		.4byte	.LBB121
 4715 2258 14000000 		.4byte	.LBE121-.LBB121
 4716 225c 01       		.byte	0x1
 4717 225d D7       		.byte	0xd7
 4718 225e 91220000 		.4byte	0x2291
 4719 2262 23       		.uleb128 0x23
 4720 2263 921E0000 		.4byte	0x1e92
 4721 2267 80010000 		.4byte	.LLST19
 4722 226b 23       		.uleb128 0x23
 4723 226c 861E0000 		.4byte	0x1e86
 4724 2270 80010000 		.4byte	.LLST19
 4725 2274 23       		.uleb128 0x23
 4726 2275 7A1E0000 		.4byte	0x1e7a
 4727 2279 94010000 		.4byte	.LLST21
 4728 227d 24       		.uleb128 0x24
 4729 227e 66010000 		.4byte	.LBB122
 4730 2282 14000000 		.4byte	.LBE122-.LBB122
 4731 2286 25       		.uleb128 0x25
 4732 2287 9E1E0000 		.4byte	0x1e9e
 4733 228b A9010000 		.4byte	.LLST22
 4734 228f 00       		.byte	0
 4735 2290 00       		.byte	0
 4736 2291 22       		.uleb128 0x22
 4737 2292 271E0000 		.4byte	0x1e27
 4738 2296 7A010000 		.4byte	.LBB123
 4739 229a 16000000 		.4byte	.LBE123-.LBB123
 4740 229e 01       		.byte	0x1
 4741 229f D8       		.byte	0xd8
 4742 22a0 D3220000 		.4byte	0x22d3
 4743 22a4 23       		.uleb128 0x23
 4744 22a5 501E0000 		.4byte	0x1e50
 4745 22a9 C1010000 		.4byte	.LLST23
 4746 22ad 23       		.uleb128 0x23
 4747 22ae 441E0000 		.4byte	0x1e44
 4748 22b2 D6010000 		.4byte	.LLST24
 4749 22b6 23       		.uleb128 0x23
 4750 22b7 381E0000 		.4byte	0x1e38
 4751 22bb D6010000 		.4byte	.LLST24
 4752 22bf 24       		.uleb128 0x24
 4753 22c0 7A010000 		.4byte	.LBB124
 4754 22c4 16000000 		.4byte	.LBE124-.LBB124
 4755 22c8 25       		.uleb128 0x25
 4756 22c9 5C1E0000 		.4byte	0x1e5c
 4757 22cd EA010000 		.4byte	.LLST26
 4758 22d1 00       		.byte	0
 4759 22d2 00       		.byte	0
 4760 22d3 22       		.uleb128 0x22
 4761 22d4 C51F0000 		.4byte	0x1fc5
 4762 22d8 90010000 		.4byte	.LBB125
 4763 22dc 2C000000 		.4byte	.LBE125-.LBB125
 4764 22e0 01       		.byte	0x1
 4765 22e1 D9       		.byte	0xd9
 4766 22e2 0C230000 		.4byte	0x230c
 4767 22e6 23       		.uleb128 0x23
 4768 22e7 E21F0000 		.4byte	0x1fe2
 4769 22eb 02020000 		.4byte	.LLST27
 4770 22ef 23       		.uleb128 0x23
ARM GAS  C:\Users\Finik\AppData\Local\Temp\ccXrCYub.s 			page 182


 4771 22f0 D61F0000 		.4byte	0x1fd6
 4772 22f4 02020000 		.4byte	.LLST27
 4773 22f8 24       		.uleb128 0x24
 4774 22f9 90010000 		.4byte	.LBB126
 4775 22fd 2C000000 		.4byte	.LBE126-.LBB126
 4776 2301 25       		.uleb128 0x25
 4777 2302 EE1F0000 		.4byte	0x1fee
 4778 2306 16020000 		.4byte	.LLST29
 4779 230a 00       		.byte	0
 4780 230b 00       		.byte	0
 4781 230c 28       		.uleb128 0x28
 4782 230d 9A000000 		.4byte	.LVL9
 4783 2311 9A250000 		.4byte	0x259a
 4784 2315 24230000 		.4byte	0x2324
 4785 2319 29       		.uleb128 0x29
 4786 231a 01       		.uleb128 0x1
 4787 231b 50       		.byte	0x50
 4788 231c 01       		.uleb128 0x1
 4789 231d 31       		.byte	0x31
 4790 231e 29       		.uleb128 0x29
 4791 231f 01       		.uleb128 0x1
 4792 2320 51       		.byte	0x51
 4793 2321 01       		.uleb128 0x1
 4794 2322 30       		.byte	0x30
 4795 2323 00       		.byte	0
 4796 2324 28       		.uleb128 0x28
 4797 2325 A2000000 		.4byte	.LVL10
 4798 2329 9A250000 		.4byte	0x259a
 4799 232d 3C230000 		.4byte	0x233c
 4800 2331 29       		.uleb128 0x29
 4801 2332 01       		.uleb128 0x1
 4802 2333 50       		.byte	0x50
 4803 2334 01       		.uleb128 0x1
 4804 2335 32       		.byte	0x32
 4805 2336 29       		.uleb128 0x29
 4806 2337 01       		.uleb128 0x1
 4807 2338 51       		.byte	0x51
 4808 2339 01       		.uleb128 0x1
 4809 233a 30       		.byte	0x30
 4810 233b 00       		.byte	0
 4811 233c 28       		.uleb128 0x28
 4812 233d AA000000 		.4byte	.LVL11
 4813 2341 9A250000 		.4byte	0x259a
 4814 2345 54230000 		.4byte	0x2354
 4815 2349 29       		.uleb128 0x29
 4816 234a 01       		.uleb128 0x1
 4817 234b 50       		.byte	0x50
 4818 234c 01       		.uleb128 0x1
 4819 234d 33       		.byte	0x33
 4820 234e 29       		.uleb128 0x29
 4821 234f 01       		.uleb128 0x1
 4822 2350 51       		.byte	0x51
 4823 2351 01       		.uleb128 0x1
 4824 2352 30       		.byte	0x30
 4825 2353 00       		.byte	0
 4826 2354 28       		.uleb128 0x28
 4827 2355 B2000000 		.4byte	.LVL12
ARM GAS  C:\Users\Finik\AppData\Local\Temp\ccXrCYub.s 			page 183


 4828 2359 9A250000 		.4byte	0x259a
 4829 235d 6C230000 		.4byte	0x236c
 4830 2361 29       		.uleb128 0x29
 4831 2362 01       		.uleb128 0x1
 4832 2363 50       		.byte	0x50
 4833 2364 01       		.uleb128 0x1
 4834 2365 34       		.byte	0x34
 4835 2366 29       		.uleb128 0x29
 4836 2367 01       		.uleb128 0x1
 4837 2368 51       		.byte	0x51
 4838 2369 01       		.uleb128 0x1
 4839 236a 30       		.byte	0x30
 4840 236b 00       		.byte	0
 4841 236c 28       		.uleb128 0x28
 4842 236d BA000000 		.4byte	.LVL13
 4843 2371 9A250000 		.4byte	0x259a
 4844 2375 84230000 		.4byte	0x2384
 4845 2379 29       		.uleb128 0x29
 4846 237a 01       		.uleb128 0x1
 4847 237b 50       		.byte	0x50
 4848 237c 01       		.uleb128 0x1
 4849 237d 30       		.byte	0x30
 4850 237e 29       		.uleb128 0x29
 4851 237f 01       		.uleb128 0x1
 4852 2380 51       		.byte	0x51
 4853 2381 01       		.uleb128 0x1
 4854 2382 30       		.byte	0x30
 4855 2383 00       		.byte	0
 4856 2384 28       		.uleb128 0x28
 4857 2385 EC000000 		.4byte	.LVL18
 4858 2389 A6250000 		.4byte	0x25a6
 4859 238d 9B230000 		.4byte	0x239b
 4860 2391 29       		.uleb128 0x29
 4861 2392 01       		.uleb128 0x1
 4862 2393 50       		.byte	0x50
 4863 2394 05       		.uleb128 0x5
 4864 2395 0C       		.byte	0xc
 4865 2396 400D0300 		.4byte	0x30d40
 4866 239a 00       		.byte	0
 4867 239b 28       		.uleb128 0x28
 4868 239c F6000000 		.4byte	.LVL20
 4869 23a0 911F0000 		.4byte	0x1f91
 4870 23a4 AE230000 		.4byte	0x23ae
 4871 23a8 29       		.uleb128 0x29
 4872 23a9 01       		.uleb128 0x1
 4873 23aa 50       		.byte	0x50
 4874 23ab 01       		.uleb128 0x1
 4875 23ac 34       		.byte	0x34
 4876 23ad 00       		.byte	0
 4877 23ae 28       		.uleb128 0x28
 4878 23af 4C010000 		.4byte	.LVL29
 4879 23b3 B2250000 		.4byte	0x25b2
 4880 23b7 C1230000 		.4byte	0x23c1
 4881 23bb 29       		.uleb128 0x29
 4882 23bc 01       		.uleb128 0x1
 4883 23bd 50       		.byte	0x50
 4884 23be 01       		.uleb128 0x1
ARM GAS  C:\Users\Finik\AppData\Local\Temp\ccXrCYub.s 			page 184


 4885 23bf 30       		.byte	0x30
 4886 23c0 00       		.byte	0
 4887 23c1 2A       		.uleb128 0x2a
 4888 23c2 66010000 		.4byte	.LVL32
 4889 23c6 BD250000 		.4byte	0x25bd
 4890 23ca 29       		.uleb128 0x29
 4891 23cb 01       		.uleb128 0x1
 4892 23cc 50       		.byte	0x50
 4893 23cd 01       		.uleb128 0x1
 4894 23ce 30       		.byte	0x30
 4895 23cf 29       		.uleb128 0x29
 4896 23d0 01       		.uleb128 0x1
 4897 23d1 51       		.byte	0x51
 4898 23d2 02       		.uleb128 0x2
 4899 23d3 08       		.byte	0x8
 4900 23d4 64       		.byte	0x64
 4901 23d5 00       		.byte	0
 4902 23d6 00       		.byte	0
 4903 23d7 06       		.uleb128 0x6
 4904 23d8 CF1A0000 		.4byte	0x1acf
 4905 23dc 2C       		.uleb128 0x2c
 4906 23dd 21100000 		.4byte	.LASF665
 4907 23e1 01       		.byte	0x1
 4908 23e2 0901     		.2byte	0x109
 4909 23e4 00000000 		.4byte	.LFB190
 4910 23e8 F0000000 		.4byte	.LFE190-.LFB190
 4911 23ec 01       		.uleb128 0x1
 4912 23ed 9C       		.byte	0x9c
 4913 23ee 73250000 		.4byte	0x2573
 4914 23f2 2D       		.uleb128 0x2d
 4915 23f3 611F0000 		.4byte	0x1f61
 4916 23f7 18000000 		.4byte	.LBB127
 4917 23fb 18000000 		.4byte	.LBE127-.LBB127
 4918 23ff 01       		.byte	0x1
 4919 2400 1101     		.2byte	0x111
 4920 2402 1A240000 		.4byte	0x241a
 4921 2406 24       		.uleb128 0x24
 4922 2407 18000000 		.4byte	.LBB128
 4923 240b 18000000 		.4byte	.LBE128-.LBB128
 4924 240f 25       		.uleb128 0x25
 4925 2410 721F0000 		.4byte	0x1f72
 4926 2414 2E020000 		.4byte	.LLST30
 4927 2418 00       		.byte	0
 4928 2419 00       		.byte	0
 4929 241a 2E       		.uleb128 0x2e
 4930 241b C41E0000 		.4byte	0x1ec4
 4931 241f 30000000 		.4byte	.LBB129
 4932 2423 0E000000 		.4byte	.LBE129-.LBB129
 4933 2427 01       		.byte	0x1
 4934 2428 1201     		.2byte	0x112
 4935 242a 2E       		.uleb128 0x2e
 4936 242b 881F0000 		.4byte	0x1f88
 4937 242f 44000000 		.4byte	.LBB131
 4938 2433 10000000 		.4byte	.LBE131-.LBB131
 4939 2437 01       		.byte	0x1
 4940 2438 1901     		.2byte	0x119
 4941 243a 2E       		.uleb128 0x2e
ARM GAS  C:\Users\Finik\AppData\Local\Temp\ccXrCYub.s 			page 185


 4942 243b 7F1F0000 		.4byte	0x1f7f
 4943 243f 54000000 		.4byte	.LBB133
 4944 2443 1C000000 		.4byte	.LBE133-.LBB133
 4945 2447 01       		.byte	0x1
 4946 2448 1A01     		.2byte	0x11a
 4947 244a 26       		.uleb128 0x26
 4948 244b 8E000000 		.4byte	.LBB135
 4949 244f 1C000000 		.4byte	.LBE135-.LBB135
 4950 2453 80240000 		.4byte	0x2480
 4951 2457 2F       		.uleb128 0x2f
 4952 2458 34100000 		.4byte	.LASF646
 4953 245c 01       		.byte	0x1
 4954 245d 2501     		.2byte	0x125
 4955 245f 73250000 		.4byte	0x2573
 4956 2463 02       		.uleb128 0x2
 4957 2464 91       		.byte	0x91
 4958 2465 4C       		.sleb128 -52
 4959 2466 2A       		.uleb128 0x2a
 4960 2467 AA000000 		.4byte	.LVL44
 4961 246b C9250000 		.4byte	0x25c9
 4962 246f 29       		.uleb128 0x29
 4963 2470 01       		.uleb128 0x1
 4964 2471 50       		.byte	0x50
 4965 2472 05       		.uleb128 0x5
 4966 2473 0C       		.byte	0xc
 4967 2474 00033240 		.4byte	0x40320300
 4968 2478 29       		.uleb128 0x29
 4969 2479 01       		.uleb128 0x1
 4970 247a 51       		.byte	0x51
 4971 247b 02       		.uleb128 0x2
 4972 247c 74       		.byte	0x74
 4973 247d 00       		.sleb128 0
 4974 247e 00       		.byte	0
 4975 247f 00       		.byte	0
 4976 2480 26       		.uleb128 0x26
 4977 2481 AA000000 		.4byte	.LBB136
 4978 2485 16000000 		.4byte	.LBE136-.LBB136
 4979 2489 D5240000 		.4byte	0x24d5
 4980 248d 2F       		.uleb128 0x2f
 4981 248e 802C0000 		.4byte	.LASF647
 4982 2492 01       		.byte	0x1
 4983 2493 3601     		.2byte	0x136
 4984 2495 73250000 		.4byte	0x2573
 4985 2499 02       		.uleb128 0x2
 4986 249a 91       		.byte	0x91
 4987 249b 4C       		.sleb128 -52
 4988 249c 28       		.uleb128 0x28
 4989 249d B4000000 		.4byte	.LVL45
 4990 24a1 D5250000 		.4byte	0x25d5
 4991 24a5 BB240000 		.4byte	0x24bb
 4992 24a9 29       		.uleb128 0x29
 4993 24aa 01       		.uleb128 0x1
 4994 24ab 50       		.byte	0x50
 4995 24ac 02       		.uleb128 0x2
 4996 24ad 74       		.byte	0x74
 4997 24ae 00       		.sleb128 0
 4998 24af 29       		.uleb128 0x29
ARM GAS  C:\Users\Finik\AppData\Local\Temp\ccXrCYub.s 			page 186


 4999 24b0 01       		.uleb128 0x1
 5000 24b1 51       		.byte	0x51
 5001 24b2 01       		.uleb128 0x1
 5002 24b3 30       		.byte	0x30
 5003 24b4 29       		.uleb128 0x29
 5004 24b5 01       		.uleb128 0x1
 5005 24b6 52       		.byte	0x52
 5006 24b7 02       		.uleb128 0x2
 5007 24b8 08       		.byte	0x8
 5008 24b9 24       		.byte	0x24
 5009 24ba 00       		.byte	0
 5010 24bb 2A       		.uleb128 0x2a
 5011 24bc C0000000 		.4byte	.LVL46
 5012 24c0 C9250000 		.4byte	0x25c9
 5013 24c4 29       		.uleb128 0x29
 5014 24c5 01       		.uleb128 0x1
 5015 24c6 50       		.byte	0x50
 5016 24c7 05       		.uleb128 0x5
 5017 24c8 0C       		.byte	0xc
 5018 24c9 80043240 		.4byte	0x40320480
 5019 24cd 29       		.uleb128 0x29
 5020 24ce 01       		.uleb128 0x1
 5021 24cf 51       		.byte	0x51
 5022 24d0 02       		.uleb128 0x2
 5023 24d1 74       		.byte	0x74
 5024 24d2 00       		.sleb128 0
 5025 24d3 00       		.byte	0
 5026 24d4 00       		.byte	0
 5027 24d5 28       		.uleb128 0x28
 5028 24d6 0C000000 		.4byte	.LVL36
 5029 24da BD250000 		.4byte	0x25bd
 5030 24de EE240000 		.4byte	0x24ee
 5031 24e2 29       		.uleb128 0x29
 5032 24e3 01       		.uleb128 0x1
 5033 24e4 50       		.byte	0x50
 5034 24e5 01       		.uleb128 0x1
 5035 24e6 30       		.byte	0x30
 5036 24e7 29       		.uleb128 0x29
 5037 24e8 01       		.uleb128 0x1
 5038 24e9 51       		.byte	0x51
 5039 24ea 02       		.uleb128 0x2
 5040 24eb 08       		.byte	0x8
 5041 24ec 96       		.byte	0x96
 5042 24ed 00       		.byte	0
 5043 24ee 30       		.uleb128 0x30
 5044 24ef 10000000 		.4byte	.LVL37
 5045 24f3 DE250000 		.4byte	0x25de
 5046 24f7 30       		.uleb128 0x30
 5047 24f8 18000000 		.4byte	.LVL38
 5048 24fc EA250000 		.4byte	0x25ea
 5049 2500 28       		.uleb128 0x28
 5050 2501 44000000 		.4byte	.LVL40
 5051 2505 F6250000 		.4byte	0x25f6
 5052 2509 13250000 		.4byte	0x2513
 5053 250d 29       		.uleb128 0x29
 5054 250e 01       		.uleb128 0x1
 5055 250f 50       		.byte	0x50
ARM GAS  C:\Users\Finik\AppData\Local\Temp\ccXrCYub.s 			page 187


 5056 2510 01       		.uleb128 0x1
 5057 2511 31       		.byte	0x31
 5058 2512 00       		.byte	0
 5059 2513 28       		.uleb128 0x28
 5060 2514 7C000000 		.4byte	.LVL41
 5061 2518 02260000 		.4byte	0x2602
 5062 251c 3B250000 		.4byte	0x253b
 5063 2520 29       		.uleb128 0x29
 5064 2521 01       		.uleb128 0x1
 5065 2522 50       		.byte	0x50
 5066 2523 03       		.uleb128 0x3
 5067 2524 0A       		.byte	0xa
 5068 2525 160E     		.2byte	0xe16
 5069 2527 29       		.uleb128 0x29
 5070 2528 01       		.uleb128 0x1
 5071 2529 51       		.byte	0x51
 5072 252a 05       		.uleb128 0x5
 5073 252b 0C       		.byte	0xc
 5074 252c 070E0040 		.4byte	0x40000e07
 5075 2530 29       		.uleb128 0x29
 5076 2531 01       		.uleb128 0x1
 5077 2532 52       		.byte	0x52
 5078 2533 01       		.uleb128 0x1
 5079 2534 30       		.byte	0x30
 5080 2535 29       		.uleb128 0x29
 5081 2536 01       		.uleb128 0x1
 5082 2537 53       		.byte	0x53
 5083 2538 01       		.uleb128 0x1
 5084 2539 30       		.byte	0x30
 5085 253a 00       		.byte	0
 5086 253b 28       		.uleb128 0x28
 5087 253c 8A000000 		.4byte	.LVL42
 5088 2540 02260000 		.4byte	0x2602
 5089 2544 60250000 		.4byte	0x2560
 5090 2548 29       		.uleb128 0x29
 5091 2549 01       		.uleb128 0x1
 5092 254a 50       		.byte	0x50
 5093 254b 02       		.uleb128 0x2
 5094 254c 08       		.byte	0x8
 5095 254d 32       		.byte	0x32
 5096 254e 29       		.uleb128 0x29
 5097 254f 01       		.uleb128 0x1
 5098 2550 51       		.byte	0x51
 5099 2551 03       		.uleb128 0x3
 5100 2552 40       		.byte	0x40
 5101 2553 4A       		.byte	0x4a
 5102 2554 24       		.byte	0x24
 5103 2555 29       		.uleb128 0x29
 5104 2556 01       		.uleb128 0x1
 5105 2557 52       		.byte	0x52
 5106 2558 01       		.uleb128 0x1
 5107 2559 30       		.byte	0x30
 5108 255a 29       		.uleb128 0x29
 5109 255b 01       		.uleb128 0x1
 5110 255c 53       		.byte	0x53
 5111 255d 01       		.uleb128 0x1
 5112 255e 31       		.byte	0x31
ARM GAS  C:\Users\Finik\AppData\Local\Temp\ccXrCYub.s 			page 188


 5113 255f 00       		.byte	0
 5114 2560 30       		.uleb128 0x30
 5115 2561 8E000000 		.4byte	.LVL43
 5116 2565 FB1F0000 		.4byte	0x1ffb
 5117 2569 30       		.uleb128 0x30
 5118 256a C4000000 		.4byte	.LVL47
 5119 256e B41F0000 		.4byte	0x1fb4
 5120 2572 00       		.byte	0
 5121 2573 06       		.uleb128 0x6
 5122 2574 17190000 		.4byte	0x1917
 5123 2578 31       		.uleb128 0x31
 5124 2579 012C0000 		.4byte	.LASF666
 5125 257d 0B       		.byte	0xb
 5126 257e A7       		.byte	0xa7
 5127 257f 83250000 		.4byte	0x2583
 5128 2583 32       		.uleb128 0x32
 5129 2584 04       		.byte	0x4
 5130 2585 89250000 		.4byte	0x2589
 5131 2589 06       		.uleb128 0x6
 5132 258a 71180000 		.4byte	0x1871
 5133 258e 33       		.uleb128 0x33
 5134 258f 09060000 		.4byte	.LASF648
 5135 2593 09060000 		.4byte	.LASF648
 5136 2597 02       		.byte	0x2
 5137 2598 1603     		.2byte	0x316
 5138 259a 33       		.uleb128 0x33
 5139 259b D6230000 		.4byte	.LASF649
 5140 259f D6230000 		.4byte	.LASF649
 5141 25a3 02       		.byte	0x2
 5142 25a4 D802     		.2byte	0x2d8
 5143 25a6 33       		.uleb128 0x33
 5144 25a7 691F0000 		.4byte	.LASF650
 5145 25ab 691F0000 		.4byte	.LASF650
 5146 25af 02       		.byte	0x2
 5147 25b0 1803     		.2byte	0x318
 5148 25b2 34       		.uleb128 0x34
 5149 25b3 3E100000 		.4byte	.LASF651
 5150 25b7 3E100000 		.4byte	.LASF651
 5151 25bb 0E       		.byte	0xe
 5152 25bc 90       		.byte	0x90
 5153 25bd 33       		.uleb128 0x33
 5154 25be 16090000 		.4byte	.LASF652
 5155 25c2 16090000 		.4byte	.LASF652
 5156 25c6 0C       		.byte	0xc
 5157 25c7 A003     		.2byte	0x3a0
 5158 25c9 33       		.uleb128 0x33
 5159 25ca 02240000 		.4byte	.LASF653
 5160 25ce 02240000 		.4byte	.LASF653
 5161 25d2 0D       		.byte	0xd
 5162 25d3 1702     		.2byte	0x217
 5163 25d5 35       		.uleb128 0x35
 5164 25d6 3F2A0000 		.4byte	.LASF667
 5165 25da 3F2A0000 		.4byte	.LASF667
 5166 25de 33       		.uleb128 0x33
 5167 25df 462A0000 		.4byte	.LASF654
 5168 25e3 462A0000 		.4byte	.LASF654
 5169 25e7 0C       		.byte	0xc
ARM GAS  C:\Users\Finik\AppData\Local\Temp\ccXrCYub.s 			page 189


 5170 25e8 9603     		.2byte	0x396
 5171 25ea 33       		.uleb128 0x33
 5172 25eb 86190000 		.4byte	.LASF655
 5173 25ef 86190000 		.4byte	.LASF655
 5174 25f3 0C       		.byte	0xc
 5175 25f4 9503     		.2byte	0x395
 5176 25f6 33       		.uleb128 0x33
 5177 25f7 2C330000 		.4byte	.LASF656
 5178 25fb 2C330000 		.4byte	.LASF656
 5179 25ff 03       		.byte	0x3
 5180 2600 6606     		.2byte	0x666
 5181 2602 33       		.uleb128 0x33
 5182 2603 0A270000 		.4byte	.LASF657
 5183 2607 0A270000 		.4byte	.LASF657
 5184 260b 0F       		.byte	0xf
 5185 260c 2001     		.2byte	0x120
 5186 260e 00       		.byte	0
 5187              		.section	.debug_abbrev,"",%progbits
 5188              	.Ldebug_abbrev0:
 5189 0000 01       		.uleb128 0x1
 5190 0001 11       		.uleb128 0x11
 5191 0002 01       		.byte	0x1
 5192 0003 25       		.uleb128 0x25
 5193 0004 0E       		.uleb128 0xe
 5194 0005 13       		.uleb128 0x13
 5195 0006 0B       		.uleb128 0xb
 5196 0007 03       		.uleb128 0x3
 5197 0008 0E       		.uleb128 0xe
 5198 0009 1B       		.uleb128 0x1b
 5199 000a 0E       		.uleb128 0xe
 5200 000b 55       		.uleb128 0x55
 5201 000c 17       		.uleb128 0x17
 5202 000d 11       		.uleb128 0x11
 5203 000e 01       		.uleb128 0x1
 5204 000f 10       		.uleb128 0x10
 5205 0010 17       		.uleb128 0x17
 5206 0011 00       		.byte	0
 5207 0012 00       		.byte	0
 5208 0013 02       		.uleb128 0x2
 5209 0014 24       		.uleb128 0x24
 5210 0015 00       		.byte	0
 5211 0016 0B       		.uleb128 0xb
 5212 0017 0B       		.uleb128 0xb
 5213 0018 3E       		.uleb128 0x3e
 5214 0019 0B       		.uleb128 0xb
 5215 001a 03       		.uleb128 0x3
 5216 001b 08       		.uleb128 0x8
 5217 001c 00       		.byte	0
 5218 001d 00       		.byte	0
 5219 001e 03       		.uleb128 0x3
 5220 001f 24       		.uleb128 0x24
 5221 0020 00       		.byte	0
 5222 0021 0B       		.uleb128 0xb
 5223 0022 0B       		.uleb128 0xb
 5224 0023 3E       		.uleb128 0x3e
 5225 0024 0B       		.uleb128 0xb
 5226 0025 03       		.uleb128 0x3
ARM GAS  C:\Users\Finik\AppData\Local\Temp\ccXrCYub.s 			page 190


 5227 0026 0E       		.uleb128 0xe
 5228 0027 00       		.byte	0
 5229 0028 00       		.byte	0
 5230 0029 04       		.uleb128 0x4
 5231 002a 16       		.uleb128 0x16
 5232 002b 00       		.byte	0
 5233 002c 03       		.uleb128 0x3
 5234 002d 0E       		.uleb128 0xe
 5235 002e 3A       		.uleb128 0x3a
 5236 002f 0B       		.uleb128 0xb
 5237 0030 3B       		.uleb128 0x3b
 5238 0031 0B       		.uleb128 0xb
 5239 0032 49       		.uleb128 0x49
 5240 0033 13       		.uleb128 0x13
 5241 0034 00       		.byte	0
 5242 0035 00       		.byte	0
 5243 0036 05       		.uleb128 0x5
 5244 0037 35       		.uleb128 0x35
 5245 0038 00       		.byte	0
 5246 0039 49       		.uleb128 0x49
 5247 003a 13       		.uleb128 0x13
 5248 003b 00       		.byte	0
 5249 003c 00       		.byte	0
 5250 003d 06       		.uleb128 0x6
 5251 003e 26       		.uleb128 0x26
 5252 003f 00       		.byte	0
 5253 0040 49       		.uleb128 0x49
 5254 0041 13       		.uleb128 0x13
 5255 0042 00       		.byte	0
 5256 0043 00       		.byte	0
 5257 0044 07       		.uleb128 0x7
 5258 0045 04       		.uleb128 0x4
 5259 0046 01       		.byte	0x1
 5260 0047 0B       		.uleb128 0xb
 5261 0048 0B       		.uleb128 0xb
 5262 0049 49       		.uleb128 0x49
 5263 004a 13       		.uleb128 0x13
 5264 004b 3A       		.uleb128 0x3a
 5265 004c 0B       		.uleb128 0xb
 5266 004d 3B       		.uleb128 0x3b
 5267 004e 0B       		.uleb128 0xb
 5268 004f 01       		.uleb128 0x1
 5269 0050 13       		.uleb128 0x13
 5270 0051 00       		.byte	0
 5271 0052 00       		.byte	0
 5272 0053 08       		.uleb128 0x8
 5273 0054 28       		.uleb128 0x28
 5274 0055 00       		.byte	0
 5275 0056 03       		.uleb128 0x3
 5276 0057 0E       		.uleb128 0xe
 5277 0058 1C       		.uleb128 0x1c
 5278 0059 0B       		.uleb128 0xb
 5279 005a 00       		.byte	0
 5280 005b 00       		.byte	0
 5281 005c 09       		.uleb128 0x9
 5282 005d 04       		.uleb128 0x4
 5283 005e 01       		.byte	0x1
ARM GAS  C:\Users\Finik\AppData\Local\Temp\ccXrCYub.s 			page 191


 5284 005f 0B       		.uleb128 0xb
 5285 0060 0B       		.uleb128 0xb
 5286 0061 49       		.uleb128 0x49
 5287 0062 13       		.uleb128 0x13
 5288 0063 3A       		.uleb128 0x3a
 5289 0064 0B       		.uleb128 0xb
 5290 0065 3B       		.uleb128 0x3b
 5291 0066 05       		.uleb128 0x5
 5292 0067 01       		.uleb128 0x1
 5293 0068 13       		.uleb128 0x13
 5294 0069 00       		.byte	0
 5295 006a 00       		.byte	0
 5296 006b 0A       		.uleb128 0xa
 5297 006c 28       		.uleb128 0x28
 5298 006d 00       		.byte	0
 5299 006e 03       		.uleb128 0x3
 5300 006f 0E       		.uleb128 0xe
 5301 0070 1C       		.uleb128 0x1c
 5302 0071 05       		.uleb128 0x5
 5303 0072 00       		.byte	0
 5304 0073 00       		.byte	0
 5305 0074 0B       		.uleb128 0xb
 5306 0075 28       		.uleb128 0x28
 5307 0076 00       		.byte	0
 5308 0077 03       		.uleb128 0x3
 5309 0078 0E       		.uleb128 0xe
 5310 0079 1C       		.uleb128 0x1c
 5311 007a 06       		.uleb128 0x6
 5312 007b 00       		.byte	0
 5313 007c 00       		.byte	0
 5314 007d 0C       		.uleb128 0xc
 5315 007e 01       		.uleb128 0x1
 5316 007f 01       		.byte	0x1
 5317 0080 49       		.uleb128 0x49
 5318 0081 13       		.uleb128 0x13
 5319 0082 01       		.uleb128 0x1
 5320 0083 13       		.uleb128 0x13
 5321 0084 00       		.byte	0
 5322 0085 00       		.byte	0
 5323 0086 0D       		.uleb128 0xd
 5324 0087 21       		.uleb128 0x21
 5325 0088 00       		.byte	0
 5326 0089 49       		.uleb128 0x49
 5327 008a 13       		.uleb128 0x13
 5328 008b 2F       		.uleb128 0x2f
 5329 008c 0B       		.uleb128 0xb
 5330 008d 00       		.byte	0
 5331 008e 00       		.byte	0
 5332 008f 0E       		.uleb128 0xe
 5333 0090 13       		.uleb128 0x13
 5334 0091 01       		.byte	0x1
 5335 0092 0B       		.uleb128 0xb
 5336 0093 0B       		.uleb128 0xb
 5337 0094 3A       		.uleb128 0x3a
 5338 0095 0B       		.uleb128 0xb
 5339 0096 3B       		.uleb128 0x3b
 5340 0097 0B       		.uleb128 0xb
ARM GAS  C:\Users\Finik\AppData\Local\Temp\ccXrCYub.s 			page 192


 5341 0098 01       		.uleb128 0x1
 5342 0099 13       		.uleb128 0x13
 5343 009a 00       		.byte	0
 5344 009b 00       		.byte	0
 5345 009c 0F       		.uleb128 0xf
 5346 009d 0D       		.uleb128 0xd
 5347 009e 00       		.byte	0
 5348 009f 03       		.uleb128 0x3
 5349 00a0 0E       		.uleb128 0xe
 5350 00a1 3A       		.uleb128 0x3a
 5351 00a2 0B       		.uleb128 0xb
 5352 00a3 3B       		.uleb128 0x3b
 5353 00a4 0B       		.uleb128 0xb
 5354 00a5 49       		.uleb128 0x49
 5355 00a6 13       		.uleb128 0x13
 5356 00a7 38       		.uleb128 0x38
 5357 00a8 0B       		.uleb128 0xb
 5358 00a9 00       		.byte	0
 5359 00aa 00       		.byte	0
 5360 00ab 10       		.uleb128 0x10
 5361 00ac 13       		.uleb128 0x13
 5362 00ad 01       		.byte	0x1
 5363 00ae 0B       		.uleb128 0xb
 5364 00af 05       		.uleb128 0x5
 5365 00b0 3A       		.uleb128 0x3a
 5366 00b1 0B       		.uleb128 0xb
 5367 00b2 3B       		.uleb128 0x3b
 5368 00b3 0B       		.uleb128 0xb
 5369 00b4 01       		.uleb128 0x1
 5370 00b5 13       		.uleb128 0x13
 5371 00b6 00       		.byte	0
 5372 00b7 00       		.byte	0
 5373 00b8 11       		.uleb128 0x11
 5374 00b9 0D       		.uleb128 0xd
 5375 00ba 00       		.byte	0
 5376 00bb 03       		.uleb128 0x3
 5377 00bc 08       		.uleb128 0x8
 5378 00bd 3A       		.uleb128 0x3a
 5379 00be 0B       		.uleb128 0xb
 5380 00bf 3B       		.uleb128 0x3b
 5381 00c0 0B       		.uleb128 0xb
 5382 00c1 49       		.uleb128 0x49
 5383 00c2 13       		.uleb128 0x13
 5384 00c3 38       		.uleb128 0x38
 5385 00c4 0B       		.uleb128 0xb
 5386 00c5 00       		.byte	0
 5387 00c6 00       		.byte	0
 5388 00c7 12       		.uleb128 0x12
 5389 00c8 0D       		.uleb128 0xd
 5390 00c9 00       		.byte	0
 5391 00ca 03       		.uleb128 0x3
 5392 00cb 0E       		.uleb128 0xe
 5393 00cc 3A       		.uleb128 0x3a
 5394 00cd 0B       		.uleb128 0xb
 5395 00ce 3B       		.uleb128 0x3b
 5396 00cf 0B       		.uleb128 0xb
 5397 00d0 49       		.uleb128 0x49
ARM GAS  C:\Users\Finik\AppData\Local\Temp\ccXrCYub.s 			page 193


 5398 00d1 13       		.uleb128 0x13
 5399 00d2 38       		.uleb128 0x38
 5400 00d3 05       		.uleb128 0x5
 5401 00d4 00       		.byte	0
 5402 00d5 00       		.byte	0
 5403 00d6 13       		.uleb128 0x13
 5404 00d7 21       		.uleb128 0x21
 5405 00d8 00       		.byte	0
 5406 00d9 49       		.uleb128 0x49
 5407 00da 13       		.uleb128 0x13
 5408 00db 2F       		.uleb128 0x2f
 5409 00dc 05       		.uleb128 0x5
 5410 00dd 00       		.byte	0
 5411 00de 00       		.byte	0
 5412 00df 14       		.uleb128 0x14
 5413 00e0 16       		.uleb128 0x16
 5414 00e1 00       		.byte	0
 5415 00e2 03       		.uleb128 0x3
 5416 00e3 0E       		.uleb128 0xe
 5417 00e4 3A       		.uleb128 0x3a
 5418 00e5 0B       		.uleb128 0xb
 5419 00e6 3B       		.uleb128 0x3b
 5420 00e7 05       		.uleb128 0x5
 5421 00e8 49       		.uleb128 0x49
 5422 00e9 13       		.uleb128 0x13
 5423 00ea 00       		.byte	0
 5424 00eb 00       		.byte	0
 5425 00ec 15       		.uleb128 0x15
 5426 00ed 13       		.uleb128 0x13
 5427 00ee 01       		.byte	0x1
 5428 00ef 0B       		.uleb128 0xb
 5429 00f0 0B       		.uleb128 0xb
 5430 00f1 3A       		.uleb128 0x3a
 5431 00f2 0B       		.uleb128 0xb
 5432 00f3 3B       		.uleb128 0x3b
 5433 00f4 05       		.uleb128 0x5
 5434 00f5 01       		.uleb128 0x1
 5435 00f6 13       		.uleb128 0x13
 5436 00f7 00       		.byte	0
 5437 00f8 00       		.byte	0
 5438 00f9 16       		.uleb128 0x16
 5439 00fa 0D       		.uleb128 0xd
 5440 00fb 00       		.byte	0
 5441 00fc 03       		.uleb128 0x3
 5442 00fd 0E       		.uleb128 0xe
 5443 00fe 3A       		.uleb128 0x3a
 5444 00ff 0B       		.uleb128 0xb
 5445 0100 3B       		.uleb128 0x3b
 5446 0101 05       		.uleb128 0x5
 5447 0102 49       		.uleb128 0x49
 5448 0103 13       		.uleb128 0x13
 5449 0104 38       		.uleb128 0x38
 5450 0105 0B       		.uleb128 0xb
 5451 0106 00       		.byte	0
 5452 0107 00       		.byte	0
 5453 0108 17       		.uleb128 0x17
 5454 0109 2E       		.uleb128 0x2e
ARM GAS  C:\Users\Finik\AppData\Local\Temp\ccXrCYub.s 			page 194


 5455 010a 01       		.byte	0x1
 5456 010b 03       		.uleb128 0x3
 5457 010c 0E       		.uleb128 0xe
 5458 010d 3A       		.uleb128 0x3a
 5459 010e 0B       		.uleb128 0xb
 5460 010f 3B       		.uleb128 0x3b
 5461 0110 05       		.uleb128 0x5
 5462 0111 27       		.uleb128 0x27
 5463 0112 19       		.uleb128 0x19
 5464 0113 49       		.uleb128 0x49
 5465 0114 13       		.uleb128 0x13
 5466 0115 20       		.uleb128 0x20
 5467 0116 0B       		.uleb128 0xb
 5468 0117 01       		.uleb128 0x1
 5469 0118 13       		.uleb128 0x13
 5470 0119 00       		.byte	0
 5471 011a 00       		.byte	0
 5472 011b 18       		.uleb128 0x18
 5473 011c 05       		.uleb128 0x5
 5474 011d 00       		.byte	0
 5475 011e 03       		.uleb128 0x3
 5476 011f 0E       		.uleb128 0xe
 5477 0120 3A       		.uleb128 0x3a
 5478 0121 0B       		.uleb128 0xb
 5479 0122 3B       		.uleb128 0x3b
 5480 0123 05       		.uleb128 0x5
 5481 0124 49       		.uleb128 0x49
 5482 0125 13       		.uleb128 0x13
 5483 0126 00       		.byte	0
 5484 0127 00       		.byte	0
 5485 0128 19       		.uleb128 0x19
 5486 0129 34       		.uleb128 0x34
 5487 012a 00       		.byte	0
 5488 012b 03       		.uleb128 0x3
 5489 012c 0E       		.uleb128 0xe
 5490 012d 3A       		.uleb128 0x3a
 5491 012e 0B       		.uleb128 0xb
 5492 012f 3B       		.uleb128 0x3b
 5493 0130 05       		.uleb128 0x5
 5494 0131 49       		.uleb128 0x49
 5495 0132 13       		.uleb128 0x13
 5496 0133 00       		.byte	0
 5497 0134 00       		.byte	0
 5498 0135 1A       		.uleb128 0x1a
 5499 0136 2E       		.uleb128 0x2e
 5500 0137 01       		.byte	0x1
 5501 0138 03       		.uleb128 0x3
 5502 0139 0E       		.uleb128 0xe
 5503 013a 3A       		.uleb128 0x3a
 5504 013b 0B       		.uleb128 0xb
 5505 013c 3B       		.uleb128 0x3b
 5506 013d 05       		.uleb128 0x5
 5507 013e 27       		.uleb128 0x27
 5508 013f 19       		.uleb128 0x19
 5509 0140 20       		.uleb128 0x20
 5510 0141 0B       		.uleb128 0xb
 5511 0142 01       		.uleb128 0x1
ARM GAS  C:\Users\Finik\AppData\Local\Temp\ccXrCYub.s 			page 195


 5512 0143 13       		.uleb128 0x13
 5513 0144 00       		.byte	0
 5514 0145 00       		.byte	0
 5515 0146 1B       		.uleb128 0x1b
 5516 0147 05       		.uleb128 0x5
 5517 0148 00       		.byte	0
 5518 0149 03       		.uleb128 0x3
 5519 014a 08       		.uleb128 0x8
 5520 014b 3A       		.uleb128 0x3a
 5521 014c 0B       		.uleb128 0xb
 5522 014d 3B       		.uleb128 0x3b
 5523 014e 05       		.uleb128 0x5
 5524 014f 49       		.uleb128 0x49
 5525 0150 13       		.uleb128 0x13
 5526 0151 00       		.byte	0
 5527 0152 00       		.byte	0
 5528 0153 1C       		.uleb128 0x1c
 5529 0154 2E       		.uleb128 0x2e
 5530 0155 00       		.byte	0
 5531 0156 03       		.uleb128 0x3
 5532 0157 0E       		.uleb128 0xe
 5533 0158 3A       		.uleb128 0x3a
 5534 0159 0B       		.uleb128 0xb
 5535 015a 3B       		.uleb128 0x3b
 5536 015b 05       		.uleb128 0x5
 5537 015c 27       		.uleb128 0x27
 5538 015d 19       		.uleb128 0x19
 5539 015e 20       		.uleb128 0x20
 5540 015f 0B       		.uleb128 0xb
 5541 0160 00       		.byte	0
 5542 0161 00       		.byte	0
 5543 0162 1D       		.uleb128 0x1d
 5544 0163 2E       		.uleb128 0x2e
 5545 0164 01       		.byte	0x1
 5546 0165 03       		.uleb128 0x3
 5547 0166 0E       		.uleb128 0xe
 5548 0167 3A       		.uleb128 0x3a
 5549 0168 0B       		.uleb128 0xb
 5550 0169 3B       		.uleb128 0x3b
 5551 016a 0B       		.uleb128 0xb
 5552 016b 27       		.uleb128 0x27
 5553 016c 19       		.uleb128 0x19
 5554 016d 8701     		.uleb128 0x87
 5555 016f 19       		.uleb128 0x19
 5556 0170 11       		.uleb128 0x11
 5557 0171 01       		.uleb128 0x1
 5558 0172 12       		.uleb128 0x12
 5559 0173 06       		.uleb128 0x6
 5560 0174 40       		.uleb128 0x40
 5561 0175 18       		.uleb128 0x18
 5562 0176 9742     		.uleb128 0x2117
 5563 0178 19       		.uleb128 0x19
 5564 0179 01       		.uleb128 0x1
 5565 017a 13       		.uleb128 0x13
 5566 017b 00       		.byte	0
 5567 017c 00       		.byte	0
 5568 017d 1E       		.uleb128 0x1e
ARM GAS  C:\Users\Finik\AppData\Local\Temp\ccXrCYub.s 			page 196


 5569 017e 05       		.uleb128 0x5
 5570 017f 00       		.byte	0
 5571 0180 03       		.uleb128 0x3
 5572 0181 0E       		.uleb128 0xe
 5573 0182 3A       		.uleb128 0x3a
 5574 0183 0B       		.uleb128 0xb
 5575 0184 3B       		.uleb128 0x3b
 5576 0185 0B       		.uleb128 0xb
 5577 0186 49       		.uleb128 0x49
 5578 0187 13       		.uleb128 0x13
 5579 0188 02       		.uleb128 0x2
 5580 0189 18       		.uleb128 0x18
 5581 018a 00       		.byte	0
 5582 018b 00       		.byte	0
 5583 018c 1F       		.uleb128 0x1f
 5584 018d 2E       		.uleb128 0x2e
 5585 018e 00       		.byte	0
 5586 018f 03       		.uleb128 0x3
 5587 0190 0E       		.uleb128 0xe
 5588 0191 3A       		.uleb128 0x3a
 5589 0192 0B       		.uleb128 0xb
 5590 0193 3B       		.uleb128 0x3b
 5591 0194 0B       		.uleb128 0xb
 5592 0195 27       		.uleb128 0x27
 5593 0196 19       		.uleb128 0x19
 5594 0197 11       		.uleb128 0x11
 5595 0198 01       		.uleb128 0x1
 5596 0199 12       		.uleb128 0x12
 5597 019a 06       		.uleb128 0x6
 5598 019b 40       		.uleb128 0x40
 5599 019c 18       		.uleb128 0x18
 5600 019d 9742     		.uleb128 0x2117
 5601 019f 19       		.uleb128 0x19
 5602 01a0 00       		.byte	0
 5603 01a1 00       		.byte	0
 5604 01a2 20       		.uleb128 0x20
 5605 01a3 2E       		.uleb128 0x2e
 5606 01a4 01       		.byte	0x1
 5607 01a5 03       		.uleb128 0x3
 5608 01a6 0E       		.uleb128 0xe
 5609 01a7 3A       		.uleb128 0x3a
 5610 01a8 0B       		.uleb128 0xb
 5611 01a9 3B       		.uleb128 0x3b
 5612 01aa 0B       		.uleb128 0xb
 5613 01ab 27       		.uleb128 0x27
 5614 01ac 19       		.uleb128 0x19
 5615 01ad 11       		.uleb128 0x11
 5616 01ae 01       		.uleb128 0x1
 5617 01af 12       		.uleb128 0x12
 5618 01b0 06       		.uleb128 0x6
 5619 01b1 40       		.uleb128 0x40
 5620 01b2 18       		.uleb128 0x18
 5621 01b3 9742     		.uleb128 0x2117
 5622 01b5 19       		.uleb128 0x19
 5623 01b6 01       		.uleb128 0x1
 5624 01b7 13       		.uleb128 0x13
 5625 01b8 00       		.byte	0
ARM GAS  C:\Users\Finik\AppData\Local\Temp\ccXrCYub.s 			page 197


 5626 01b9 00       		.byte	0
 5627 01ba 21       		.uleb128 0x21
 5628 01bb 34       		.uleb128 0x34
 5629 01bc 00       		.byte	0
 5630 01bd 03       		.uleb128 0x3
 5631 01be 0E       		.uleb128 0xe
 5632 01bf 3A       		.uleb128 0x3a
 5633 01c0 0B       		.uleb128 0xb
 5634 01c1 3B       		.uleb128 0x3b
 5635 01c2 0B       		.uleb128 0xb
 5636 01c3 49       		.uleb128 0x49
 5637 01c4 13       		.uleb128 0x13
 5638 01c5 02       		.uleb128 0x2
 5639 01c6 17       		.uleb128 0x17
 5640 01c7 00       		.byte	0
 5641 01c8 00       		.byte	0
 5642 01c9 22       		.uleb128 0x22
 5643 01ca 1D       		.uleb128 0x1d
 5644 01cb 01       		.byte	0x1
 5645 01cc 31       		.uleb128 0x31
 5646 01cd 13       		.uleb128 0x13
 5647 01ce 11       		.uleb128 0x11
 5648 01cf 01       		.uleb128 0x1
 5649 01d0 12       		.uleb128 0x12
 5650 01d1 06       		.uleb128 0x6
 5651 01d2 58       		.uleb128 0x58
 5652 01d3 0B       		.uleb128 0xb
 5653 01d4 59       		.uleb128 0x59
 5654 01d5 0B       		.uleb128 0xb
 5655 01d6 01       		.uleb128 0x1
 5656 01d7 13       		.uleb128 0x13
 5657 01d8 00       		.byte	0
 5658 01d9 00       		.byte	0
 5659 01da 23       		.uleb128 0x23
 5660 01db 05       		.uleb128 0x5
 5661 01dc 00       		.byte	0
 5662 01dd 31       		.uleb128 0x31
 5663 01de 13       		.uleb128 0x13
 5664 01df 02       		.uleb128 0x2
 5665 01e0 17       		.uleb128 0x17
 5666 01e1 00       		.byte	0
 5667 01e2 00       		.byte	0
 5668 01e3 24       		.uleb128 0x24
 5669 01e4 0B       		.uleb128 0xb
 5670 01e5 01       		.byte	0x1
 5671 01e6 11       		.uleb128 0x11
 5672 01e7 01       		.uleb128 0x1
 5673 01e8 12       		.uleb128 0x12
 5674 01e9 06       		.uleb128 0x6
 5675 01ea 00       		.byte	0
 5676 01eb 00       		.byte	0
 5677 01ec 25       		.uleb128 0x25
 5678 01ed 34       		.uleb128 0x34
 5679 01ee 00       		.byte	0
 5680 01ef 31       		.uleb128 0x31
 5681 01f0 13       		.uleb128 0x13
 5682 01f1 02       		.uleb128 0x2
ARM GAS  C:\Users\Finik\AppData\Local\Temp\ccXrCYub.s 			page 198


 5683 01f2 17       		.uleb128 0x17
 5684 01f3 00       		.byte	0
 5685 01f4 00       		.byte	0
 5686 01f5 26       		.uleb128 0x26
 5687 01f6 0B       		.uleb128 0xb
 5688 01f7 01       		.byte	0x1
 5689 01f8 11       		.uleb128 0x11
 5690 01f9 01       		.uleb128 0x1
 5691 01fa 12       		.uleb128 0x12
 5692 01fb 06       		.uleb128 0x6
 5693 01fc 01       		.uleb128 0x1
 5694 01fd 13       		.uleb128 0x13
 5695 01fe 00       		.byte	0
 5696 01ff 00       		.byte	0
 5697 0200 27       		.uleb128 0x27
 5698 0201 34       		.uleb128 0x34
 5699 0202 00       		.byte	0
 5700 0203 03       		.uleb128 0x3
 5701 0204 0E       		.uleb128 0xe
 5702 0205 3A       		.uleb128 0x3a
 5703 0206 0B       		.uleb128 0xb
 5704 0207 3B       		.uleb128 0x3b
 5705 0208 0B       		.uleb128 0xb
 5706 0209 49       		.uleb128 0x49
 5707 020a 13       		.uleb128 0x13
 5708 020b 02       		.uleb128 0x2
 5709 020c 18       		.uleb128 0x18
 5710 020d 00       		.byte	0
 5711 020e 00       		.byte	0
 5712 020f 28       		.uleb128 0x28
 5713 0210 898201   		.uleb128 0x4109
 5714 0213 01       		.byte	0x1
 5715 0214 11       		.uleb128 0x11
 5716 0215 01       		.uleb128 0x1
 5717 0216 31       		.uleb128 0x31
 5718 0217 13       		.uleb128 0x13
 5719 0218 01       		.uleb128 0x1
 5720 0219 13       		.uleb128 0x13
 5721 021a 00       		.byte	0
 5722 021b 00       		.byte	0
 5723 021c 29       		.uleb128 0x29
 5724 021d 8A8201   		.uleb128 0x410a
 5725 0220 00       		.byte	0
 5726 0221 02       		.uleb128 0x2
 5727 0222 18       		.uleb128 0x18
 5728 0223 9142     		.uleb128 0x2111
 5729 0225 18       		.uleb128 0x18
 5730 0226 00       		.byte	0
 5731 0227 00       		.byte	0
 5732 0228 2A       		.uleb128 0x2a
 5733 0229 898201   		.uleb128 0x4109
 5734 022c 01       		.byte	0x1
 5735 022d 11       		.uleb128 0x11
 5736 022e 01       		.uleb128 0x1
 5737 022f 31       		.uleb128 0x31
 5738 0230 13       		.uleb128 0x13
 5739 0231 00       		.byte	0
ARM GAS  C:\Users\Finik\AppData\Local\Temp\ccXrCYub.s 			page 199


 5740 0232 00       		.byte	0
 5741 0233 2B       		.uleb128 0x2b
 5742 0234 1D       		.uleb128 0x1d
 5743 0235 00       		.byte	0
 5744 0236 31       		.uleb128 0x31
 5745 0237 13       		.uleb128 0x13
 5746 0238 11       		.uleb128 0x11
 5747 0239 01       		.uleb128 0x1
 5748 023a 12       		.uleb128 0x12
 5749 023b 06       		.uleb128 0x6
 5750 023c 58       		.uleb128 0x58
 5751 023d 0B       		.uleb128 0xb
 5752 023e 59       		.uleb128 0x59
 5753 023f 0B       		.uleb128 0xb
 5754 0240 00       		.byte	0
 5755 0241 00       		.byte	0
 5756 0242 2C       		.uleb128 0x2c
 5757 0243 2E       		.uleb128 0x2e
 5758 0244 01       		.byte	0x1
 5759 0245 3F       		.uleb128 0x3f
 5760 0246 19       		.uleb128 0x19
 5761 0247 03       		.uleb128 0x3
 5762 0248 0E       		.uleb128 0xe
 5763 0249 3A       		.uleb128 0x3a
 5764 024a 0B       		.uleb128 0xb
 5765 024b 3B       		.uleb128 0x3b
 5766 024c 05       		.uleb128 0x5
 5767 024d 27       		.uleb128 0x27
 5768 024e 19       		.uleb128 0x19
 5769 024f 11       		.uleb128 0x11
 5770 0250 01       		.uleb128 0x1
 5771 0251 12       		.uleb128 0x12
 5772 0252 06       		.uleb128 0x6
 5773 0253 40       		.uleb128 0x40
 5774 0254 18       		.uleb128 0x18
 5775 0255 9742     		.uleb128 0x2117
 5776 0257 19       		.uleb128 0x19
 5777 0258 01       		.uleb128 0x1
 5778 0259 13       		.uleb128 0x13
 5779 025a 00       		.byte	0
 5780 025b 00       		.byte	0
 5781 025c 2D       		.uleb128 0x2d
 5782 025d 1D       		.uleb128 0x1d
 5783 025e 01       		.byte	0x1
 5784 025f 31       		.uleb128 0x31
 5785 0260 13       		.uleb128 0x13
 5786 0261 11       		.uleb128 0x11
 5787 0262 01       		.uleb128 0x1
 5788 0263 12       		.uleb128 0x12
 5789 0264 06       		.uleb128 0x6
 5790 0265 58       		.uleb128 0x58
 5791 0266 0B       		.uleb128 0xb
 5792 0267 59       		.uleb128 0x59
 5793 0268 05       		.uleb128 0x5
 5794 0269 01       		.uleb128 0x1
 5795 026a 13       		.uleb128 0x13
 5796 026b 00       		.byte	0
ARM GAS  C:\Users\Finik\AppData\Local\Temp\ccXrCYub.s 			page 200


 5797 026c 00       		.byte	0
 5798 026d 2E       		.uleb128 0x2e
 5799 026e 1D       		.uleb128 0x1d
 5800 026f 00       		.byte	0
 5801 0270 31       		.uleb128 0x31
 5802 0271 13       		.uleb128 0x13
 5803 0272 11       		.uleb128 0x11
 5804 0273 01       		.uleb128 0x1
 5805 0274 12       		.uleb128 0x12
 5806 0275 06       		.uleb128 0x6
 5807 0276 58       		.uleb128 0x58
 5808 0277 0B       		.uleb128 0xb
 5809 0278 59       		.uleb128 0x59
 5810 0279 05       		.uleb128 0x5
 5811 027a 00       		.byte	0
 5812 027b 00       		.byte	0
 5813 027c 2F       		.uleb128 0x2f
 5814 027d 34       		.uleb128 0x34
 5815 027e 00       		.byte	0
 5816 027f 03       		.uleb128 0x3
 5817 0280 0E       		.uleb128 0xe
 5818 0281 3A       		.uleb128 0x3a
 5819 0282 0B       		.uleb128 0xb
 5820 0283 3B       		.uleb128 0x3b
 5821 0284 05       		.uleb128 0x5
 5822 0285 49       		.uleb128 0x49
 5823 0286 13       		.uleb128 0x13
 5824 0287 02       		.uleb128 0x2
 5825 0288 18       		.uleb128 0x18
 5826 0289 00       		.byte	0
 5827 028a 00       		.byte	0
 5828 028b 30       		.uleb128 0x30
 5829 028c 898201   		.uleb128 0x4109
 5830 028f 00       		.byte	0
 5831 0290 11       		.uleb128 0x11
 5832 0291 01       		.uleb128 0x1
 5833 0292 31       		.uleb128 0x31
 5834 0293 13       		.uleb128 0x13
 5835 0294 00       		.byte	0
 5836 0295 00       		.byte	0
 5837 0296 31       		.uleb128 0x31
 5838 0297 34       		.uleb128 0x34
 5839 0298 00       		.byte	0
 5840 0299 03       		.uleb128 0x3
 5841 029a 0E       		.uleb128 0xe
 5842 029b 3A       		.uleb128 0x3a
 5843 029c 0B       		.uleb128 0xb
 5844 029d 3B       		.uleb128 0x3b
 5845 029e 0B       		.uleb128 0xb
 5846 029f 49       		.uleb128 0x49
 5847 02a0 13       		.uleb128 0x13
 5848 02a1 3F       		.uleb128 0x3f
 5849 02a2 19       		.uleb128 0x19
 5850 02a3 3C       		.uleb128 0x3c
 5851 02a4 19       		.uleb128 0x19
 5852 02a5 00       		.byte	0
 5853 02a6 00       		.byte	0
ARM GAS  C:\Users\Finik\AppData\Local\Temp\ccXrCYub.s 			page 201


 5854 02a7 32       		.uleb128 0x32
 5855 02a8 0F       		.uleb128 0xf
 5856 02a9 00       		.byte	0
 5857 02aa 0B       		.uleb128 0xb
 5858 02ab 0B       		.uleb128 0xb
 5859 02ac 49       		.uleb128 0x49
 5860 02ad 13       		.uleb128 0x13
 5861 02ae 00       		.byte	0
 5862 02af 00       		.byte	0
 5863 02b0 33       		.uleb128 0x33
 5864 02b1 2E       		.uleb128 0x2e
 5865 02b2 00       		.byte	0
 5866 02b3 3F       		.uleb128 0x3f
 5867 02b4 19       		.uleb128 0x19
 5868 02b5 3C       		.uleb128 0x3c
 5869 02b6 19       		.uleb128 0x19
 5870 02b7 6E       		.uleb128 0x6e
 5871 02b8 0E       		.uleb128 0xe
 5872 02b9 03       		.uleb128 0x3
 5873 02ba 0E       		.uleb128 0xe
 5874 02bb 3A       		.uleb128 0x3a
 5875 02bc 0B       		.uleb128 0xb
 5876 02bd 3B       		.uleb128 0x3b
 5877 02be 05       		.uleb128 0x5
 5878 02bf 00       		.byte	0
 5879 02c0 00       		.byte	0
 5880 02c1 34       		.uleb128 0x34
 5881 02c2 2E       		.uleb128 0x2e
 5882 02c3 00       		.byte	0
 5883 02c4 3F       		.uleb128 0x3f
 5884 02c5 19       		.uleb128 0x19
 5885 02c6 3C       		.uleb128 0x3c
 5886 02c7 19       		.uleb128 0x19
 5887 02c8 6E       		.uleb128 0x6e
 5888 02c9 0E       		.uleb128 0xe
 5889 02ca 03       		.uleb128 0x3
 5890 02cb 0E       		.uleb128 0xe
 5891 02cc 3A       		.uleb128 0x3a
 5892 02cd 0B       		.uleb128 0xb
 5893 02ce 3B       		.uleb128 0x3b
 5894 02cf 0B       		.uleb128 0xb
 5895 02d0 00       		.byte	0
 5896 02d1 00       		.byte	0
 5897 02d2 35       		.uleb128 0x35
 5898 02d3 2E       		.uleb128 0x2e
 5899 02d4 00       		.byte	0
 5900 02d5 3F       		.uleb128 0x3f
 5901 02d6 19       		.uleb128 0x19
 5902 02d7 3C       		.uleb128 0x3c
 5903 02d8 19       		.uleb128 0x19
 5904 02d9 6E       		.uleb128 0x6e
 5905 02da 0E       		.uleb128 0xe
 5906 02db 03       		.uleb128 0x3
 5907 02dc 0E       		.uleb128 0xe
 5908 02dd 00       		.byte	0
 5909 02de 00       		.byte	0
 5910 02df 00       		.byte	0
ARM GAS  C:\Users\Finik\AppData\Local\Temp\ccXrCYub.s 			page 202


 5911              		.section	.debug_loc,"",%progbits
 5912              	.Ldebug_loc0:
 5913              	.LLST0:
 5914 0000 CE000000 		.4byte	.LVL14
 5915 0004 D4000000 		.4byte	.LVL15
 5916 0008 0100     		.2byte	0x1
 5917 000a 50       		.byte	0x50
 5918 000b D8000000 		.4byte	.LVL16
 5919 000f E0000000 		.4byte	.LVL17
 5920 0013 0100     		.2byte	0x1
 5921 0015 50       		.byte	0x50
 5922 0016 EC000000 		.4byte	.LVL18
 5923 001a F2000000 		.4byte	.LVL19
 5924 001e 0100     		.2byte	0x1
 5925 0020 50       		.byte	0x50
 5926 0021 F6000000 		.4byte	.LVL20
 5927 0025 48010000 		.4byte	.LVL28
 5928 0029 0100     		.2byte	0x1
 5929 002b 50       		.byte	0x50
 5930 002c 00000000 		.4byte	0
 5931 0030 00000000 		.4byte	0
 5932              	.LLST1:
 5933 0034 04000000 		.4byte	.LVL1
 5934 0038 12000000 		.4byte	.LVL2
 5935 003c 0200     		.2byte	0x2
 5936 003e 30       		.byte	0x30
 5937 003f 9F       		.byte	0x9f
 5938 0040 00000000 		.4byte	0
 5939 0044 00000000 		.4byte	0
 5940              	.LLST2:
 5941 0048 12000000 		.4byte	.LVL2
 5942 004c 26000000 		.4byte	.LVL3
 5943 0050 0200     		.2byte	0x2
 5944 0052 30       		.byte	0x30
 5945 0053 9F       		.byte	0x9f
 5946 0054 00000000 		.4byte	0
 5947 0058 00000000 		.4byte	0
 5948              	.LLST3:
 5949 005c 26000000 		.4byte	.LVL3
 5950 0060 3E000000 		.4byte	.LVL4
 5951 0064 0200     		.2byte	0x2
 5952 0066 31       		.byte	0x31
 5953 0067 9F       		.byte	0x9f
 5954 0068 00000000 		.4byte	0
 5955 006c 00000000 		.4byte	0
 5956              	.LLST4:
 5957 0070 3E000000 		.4byte	.LVL4
 5958 0074 4C000000 		.4byte	.LVL5
 5959 0078 0200     		.2byte	0x2
 5960 007a 30       		.byte	0x30
 5961 007b 9F       		.byte	0x9f
 5962 007c 00000000 		.4byte	0
 5963 0080 00000000 		.4byte	0
 5964              	.LLST5:
 5965 0084 4C000000 		.4byte	.LVL5
 5966 0088 64000000 		.4byte	.LVL6
 5967 008c 0200     		.2byte	0x2
ARM GAS  C:\Users\Finik\AppData\Local\Temp\ccXrCYub.s 			page 203


 5968 008e 30       		.byte	0x30
 5969 008f 9F       		.byte	0x9f
 5970 0090 00000000 		.4byte	0
 5971 0094 00000000 		.4byte	0
 5972              	.LLST7:
 5973 0098 4C000000 		.4byte	.LVL5
 5974 009c 64000000 		.4byte	.LVL6
 5975 00a0 0600     		.2byte	0x6
 5976 00a2 0C       		.byte	0xc
 5977 00a3 01004A00 		.4byte	0x4a0001
 5978 00a7 9F       		.byte	0x9f
 5979 00a8 00000000 		.4byte	0
 5980 00ac 00000000 		.4byte	0
 5981              	.LLST8:
 5982 00b0 64000000 		.4byte	.LVL6
 5983 00b4 7A000000 		.4byte	.LVL7
 5984 00b8 0200     		.2byte	0x2
 5985 00ba 30       		.byte	0x30
 5986 00bb 9F       		.byte	0x9f
 5987 00bc 00000000 		.4byte	0
 5988 00c0 00000000 		.4byte	0
 5989              	.LLST10:
 5990 00c4 64000000 		.4byte	.LVL6
 5991 00c8 7A000000 		.4byte	.LVL7
 5992 00cc 0600     		.2byte	0x6
 5993 00ce 0C       		.byte	0xc
 5994 00cf 01004A00 		.4byte	0x4a0001
 5995 00d3 9F       		.byte	0x9f
 5996 00d4 00000000 		.4byte	0
 5997 00d8 00000000 		.4byte	0
 5998              	.LLST11:
 5999 00dc 7A000000 		.4byte	.LVL7
 6000 00e0 92000000 		.4byte	.LVL8
 6001 00e4 0200     		.2byte	0x2
 6002 00e6 30       		.byte	0x30
 6003 00e7 9F       		.byte	0x9f
 6004 00e8 00000000 		.4byte	0
 6005 00ec 00000000 		.4byte	0
 6006              	.LLST12:
 6007 00f0 7A000000 		.4byte	.LVL7
 6008 00f4 92000000 		.4byte	.LVL8
 6009 00f8 0600     		.2byte	0x6
 6010 00fa 0C       		.byte	0xc
 6011 00fb 01004A00 		.4byte	0x4a0001
 6012 00ff 9F       		.byte	0x9f
 6013 0100 00000000 		.4byte	0
 6014 0104 00000000 		.4byte	0
 6015              	.LLST13:
 6016 0108 F6000000 		.4byte	.LVL20
 6017 010c 02010000 		.4byte	.LVL21
 6018 0110 0200     		.2byte	0x2
 6019 0112 30       		.byte	0x30
 6020 0113 9F       		.byte	0x9f
 6021 0114 00000000 		.4byte	0
 6022 0118 00000000 		.4byte	0
 6023              	.LLST14:
 6024 011c 02010000 		.4byte	.LVL21
ARM GAS  C:\Users\Finik\AppData\Local\Temp\ccXrCYub.s 			page 204


 6025 0120 0A010000 		.4byte	.LVL22
 6026 0124 0200     		.2byte	0x2
 6027 0126 30       		.byte	0x30
 6028 0127 9F       		.byte	0x9f
 6029 0128 00000000 		.4byte	0
 6030 012c 00000000 		.4byte	0
 6031              	.LLST15:
 6032 0130 14010000 		.4byte	.LVL23
 6033 0134 1E010000 		.4byte	.LVL24
 6034 0138 0200     		.2byte	0x2
 6035 013a 30       		.byte	0x30
 6036 013b 9F       		.byte	0x9f
 6037 013c 00000000 		.4byte	0
 6038 0140 00000000 		.4byte	0
 6039              	.LLST16:
 6040 0144 1E010000 		.4byte	.LVL24
 6041 0148 2C010000 		.4byte	.LVL25
 6042 014c 0200     		.2byte	0x2
 6043 014e 32       		.byte	0x32
 6044 014f 9F       		.byte	0x9f
 6045 0150 00000000 		.4byte	0
 6046 0154 00000000 		.4byte	0
 6047              	.LLST17:
 6048 0158 36010000 		.4byte	.LVL26
 6049 015c 46010000 		.4byte	.LVL27
 6050 0160 0200     		.2byte	0x2
 6051 0162 31       		.byte	0x31
 6052 0163 9F       		.byte	0x9f
 6053 0164 00000000 		.4byte	0
 6054 0168 00000000 		.4byte	0
 6055              	.LLST18:
 6056 016c 54010000 		.4byte	.LVL30
 6057 0170 5E010000 		.4byte	.LVL31
 6058 0174 0200     		.2byte	0x2
 6059 0176 31       		.byte	0x31
 6060 0177 9F       		.byte	0x9f
 6061 0178 00000000 		.4byte	0
 6062 017c 00000000 		.4byte	0
 6063              	.LLST19:
 6064 0180 66010000 		.4byte	.LVL32
 6065 0184 7A010000 		.4byte	.LVL33
 6066 0188 0200     		.2byte	0x2
 6067 018a 30       		.byte	0x30
 6068 018b 9F       		.byte	0x9f
 6069 018c 00000000 		.4byte	0
 6070 0190 00000000 		.4byte	0
 6071              	.LLST21:
 6072 0194 66010000 		.4byte	.LVL32
 6073 0198 7A010000 		.4byte	.LVL33
 6074 019c 0300     		.2byte	0x3
 6075 019e 08       		.byte	0x8
 6076 019f 37       		.byte	0x37
 6077 01a0 9F       		.byte	0x9f
 6078 01a1 00000000 		.4byte	0
 6079 01a5 00000000 		.4byte	0
 6080              	.LLST22:
 6081 01a9 66010000 		.4byte	.LVL32
ARM GAS  C:\Users\Finik\AppData\Local\Temp\ccXrCYub.s 			page 205


 6082 01ad 7A010000 		.4byte	.LVL33
 6083 01b1 0600     		.2byte	0x6
 6084 01b3 0C       		.byte	0xc
 6085 01b4 01004A00 		.4byte	0x4a0001
 6086 01b8 9F       		.byte	0x9f
 6087 01b9 00000000 		.4byte	0
 6088 01bd 00000000 		.4byte	0
 6089              	.LLST23:
 6090 01c1 7A010000 		.4byte	.LVL33
 6091 01c5 90010000 		.4byte	.LVL34
 6092 01c9 0300     		.2byte	0x3
 6093 01cb 08       		.byte	0x8
 6094 01cc 63       		.byte	0x63
 6095 01cd 9F       		.byte	0x9f
 6096 01ce 00000000 		.4byte	0
 6097 01d2 00000000 		.4byte	0
 6098              	.LLST24:
 6099 01d6 7A010000 		.4byte	.LVL33
 6100 01da 90010000 		.4byte	.LVL34
 6101 01de 0200     		.2byte	0x2
 6102 01e0 30       		.byte	0x30
 6103 01e1 9F       		.byte	0x9f
 6104 01e2 00000000 		.4byte	0
 6105 01e6 00000000 		.4byte	0
 6106              	.LLST26:
 6107 01ea 7A010000 		.4byte	.LVL33
 6108 01ee 90010000 		.4byte	.LVL34
 6109 01f2 0600     		.2byte	0x6
 6110 01f4 0C       		.byte	0xc
 6111 01f5 01004A00 		.4byte	0x4a0001
 6112 01f9 9F       		.byte	0x9f
 6113 01fa 00000000 		.4byte	0
 6114 01fe 00000000 		.4byte	0
 6115              	.LLST27:
 6116 0202 90010000 		.4byte	.LVL34
 6117 0206 BC010000 		.4byte	.LVL35
 6118 020a 0200     		.2byte	0x2
 6119 020c 30       		.byte	0x30
 6120 020d 9F       		.byte	0x9f
 6121 020e 00000000 		.4byte	0
 6122 0212 00000000 		.4byte	0
 6123              	.LLST29:
 6124 0216 90010000 		.4byte	.LVL34
 6125 021a BC010000 		.4byte	.LVL35
 6126 021e 0600     		.2byte	0x6
 6127 0220 0C       		.byte	0xc
 6128 0221 01004A00 		.4byte	0x4a0001
 6129 0225 9F       		.byte	0x9f
 6130 0226 00000000 		.4byte	0
 6131 022a 00000000 		.4byte	0
 6132              	.LLST30:
 6133 022e 18000000 		.4byte	.LVL38
 6134 0232 30000000 		.4byte	.LVL39
 6135 0236 0600     		.2byte	0x6
 6136 0238 0C       		.byte	0xc
 6137 0239 03004A00 		.4byte	0x4a0003
 6138 023d 9F       		.byte	0x9f
ARM GAS  C:\Users\Finik\AppData\Local\Temp\ccXrCYub.s 			page 206


 6139 023e 00000000 		.4byte	0
 6140 0242 00000000 		.4byte	0
 6141              		.section	.debug_aranges,"",%progbits
 6142 0000 34000000 		.4byte	0x34
 6143 0004 0200     		.2byte	0x2
 6144 0006 00000000 		.4byte	.Ldebug_info0
 6145 000a 04       		.byte	0x4
 6146 000b 00       		.byte	0
 6147 000c 0000     		.2byte	0
 6148 000e 0000     		.2byte	0
 6149 0010 00000000 		.4byte	.LFB187
 6150 0014 02000000 		.4byte	.LFE187-.LFB187
 6151 0018 00000000 		.4byte	.LFB189
 6152 001c 10000000 		.4byte	.LFE189-.LFB189
 6153 0020 00000000 		.4byte	.LFB188
 6154 0024 FC010000 		.4byte	.LFE188-.LFB188
 6155 0028 00000000 		.4byte	.LFB190
 6156 002c F0000000 		.4byte	.LFE190-.LFB190
 6157 0030 00000000 		.4byte	0
 6158 0034 00000000 		.4byte	0
 6159              		.section	.debug_ranges,"",%progbits
 6160              	.Ldebug_ranges0:
 6161 0000 00000000 		.4byte	.LFB187
 6162 0004 02000000 		.4byte	.LFE187
 6163 0008 00000000 		.4byte	.LFB189
 6164 000c 10000000 		.4byte	.LFE189
 6165 0010 00000000 		.4byte	.LFB188
 6166 0014 FC010000 		.4byte	.LFE188
 6167 0018 00000000 		.4byte	.LFB190
 6168 001c F0000000 		.4byte	.LFE190
 6169 0020 00000000 		.4byte	0
 6170 0024 00000000 		.4byte	0
 6171              		.section	.debug_line,"",%progbits
 6172              	.Ldebug_line0:
 6173 0000 88040000 		.section	.debug_str,"MS",%progbits,1
 6173      02009303 
 6173      00000201 
 6173      FB0E0D00 
 6173      01010101 
 6174              	.LASF88:
 6175 0000 54524947 		.ascii	"TRIG0_IN_TR_GROUP10_OUTPUT7\000"
 6175      305F494E 
 6175      5F54525F 
 6175      47524F55 
 6175      5031305F 
 6176              	.LASF160:
 6177 001c 54524947 		.ascii	"TRIG14_IN_SCB2_TR_I2C_SCL_FILTERED\000"
 6177      31345F49 
 6177      4E5F5343 
 6177      42325F54 
 6177      525F4932 
 6178              	.LASF37:
 6179 003f 50434C4B 		.ascii	"PCLK_SMARTIO8_CLOCK\000"
 6179      5F534D41 
 6179      5254494F 
 6179      385F434C 
 6179      4F434B00 
ARM GAS  C:\Users\Finik\AppData\Local\Temp\ccXrCYub.s 			page 207


 6180              	.LASF663:
 6181 0053 416E616C 		.ascii	"AnalogSetDefault\000"
 6181      6F675365 
 6181      74446566 
 6181      61756C74 
 6181      00
 6182              	.LASF413:
 6183 0064 63727970 		.ascii	"cryptoBase\000"
 6183      746F4261 
 6183      736500
 6184              	.LASF573:
 6185 006f 43595F53 		.ascii	"CY_SYSCLK_CLKLF_IN_WCO\000"
 6185      5953434C 
 6185      4B5F434C 
 6185      4B4C465F 
 6185      494E5F57 
 6186              	.LASF477:
 6187 0086 63707573 		.ascii	"cpussCm0StatusOffset\000"
 6187      73436D30 
 6187      53746174 
 6187      75734F66 
 6187      66736574 
 6188              	.LASF300:
 6189 009b 5057525F 		.ascii	"PWR_BUCK_CTL\000"
 6189      4255434B 
 6189      5F43544C 
 6189      00
 6190              	.LASF444:
 6191 00a8 666C6173 		.ascii	"flashProgramDelay\000"
 6191      6850726F 
 6191      6772616D 
 6191      44656C61 
 6191      7900
 6192              	.LASF14:
 6193 00ba 73697A65 		.ascii	"sizetype\000"
 6193      74797065 
 6193      00
 6194              	.LASF618:
 6195 00c3 72657456 		.ascii	"retVal\000"
 6195      616C00
 6196              	.LASF26:
 6197 00ca 50434C4B 		.ascii	"PCLK_SCB6_CLOCK\000"
 6197      5F534342 
 6197      365F434C 
 6197      4F434B00 
 6198              	.LASF579:
 6199 00da 43595F53 		.ascii	"CY_SYSCLK_CLKTIMER_IN_HF0_DIV2\000"
 6199      5953434C 
 6199      4B5F434C 
 6199      4B54494D 
 6199      45525F49 
 6200              	.LASF580:
 6201 00f9 43595F53 		.ascii	"CY_SYSCLK_CLKTIMER_IN_HF0_DIV4\000"
 6201      5953434C 
 6201      4B5F434C 
 6201      4B54494D 
 6201      45525F49 
ARM GAS  C:\Users\Finik\AppData\Local\Temp\ccXrCYub.s 			page 208


 6202              	.LASF581:
 6203 0118 43595F53 		.ascii	"CY_SYSCLK_CLKTIMER_IN_HF0_DIV8\000"
 6203      5953434C 
 6203      4B5F434C 
 6203      4B54494D 
 6203      45525F49 
 6204              	.LASF107:
 6205 0137 54524947 		.ascii	"TRIG0_IN_TR_GROUP13_OUTPUT0\000"
 6205      305F494E 
 6205      5F54525F 
 6205      47524F55 
 6205      5031335F 
 6206              	.LASF440:
 6207 0153 63727970 		.ascii	"cryptoMemSize\000"
 6207      746F4D65 
 6207      6D53697A 
 6207      6500
 6208              	.LASF610:
 6209 0161 43595F53 		.ascii	"CY_SYSTICK_CLOCK_SOURCE_CLK_IMO\000"
 6209      59535449 
 6209      434B5F43 
 6209      4C4F434B 
 6209      5F534F55 
 6210              	.LASF358:
 6211 0181 434C4B5F 		.ascii	"CLK_TRIM_PILO_CTL2\000"
 6211      5452494D 
 6211      5F50494C 
 6211      4F5F4354 
 6211      4C3200
 6212              	.LASF359:
 6213 0194 434C4B5F 		.ascii	"CLK_TRIM_PILO_CTL3\000"
 6213      5452494D 
 6213      5F50494C 
 6213      4F5F4354 
 6213      4C3300
 6214              	.LASF112:
 6215 01a7 54524947 		.ascii	"TRIG0_IN_TR_GROUP13_OUTPUT5\000"
 6215      305F494E 
 6215      5F54525F 
 6215      47524F55 
 6215      5031335F 
 6216              	.LASF113:
 6217 01c3 54524947 		.ascii	"TRIG0_IN_TR_GROUP13_OUTPUT6\000"
 6217      305F494E 
 6217      5F54525F 
 6217      47524F55 
 6217      5031335F 
 6218              	.LASF114:
 6219 01df 54524947 		.ascii	"TRIG0_IN_TR_GROUP13_OUTPUT7\000"
 6219      305F494E 
 6219      5F54525F 
 6219      47524F55 
 6219      5031335F 
 6220              	.LASF115:
 6221 01fb 54524947 		.ascii	"TRIG0_IN_TR_GROUP13_OUTPUT8\000"
 6221      305F494E 
 6221      5F54525F 
ARM GAS  C:\Users\Finik\AppData\Local\Temp\ccXrCYub.s 			page 209


 6221      47524F55 
 6221      5031335F 
 6222              	.LASF116:
 6223 0217 54524947 		.ascii	"TRIG0_IN_TR_GROUP13_OUTPUT9\000"
 6223      305F494E 
 6223      5F54525F 
 6223      47524F55 
 6223      5031335F 
 6224              	.LASF77:
 6225 0233 50434C4B 		.ascii	"PCLK_PASS_CLOCK_SAR\000"
 6225      5F504153 
 6225      535F434C 
 6225      4F434B5F 
 6225      53415200 
 6226              	.LASF409:
 6227 0247 6873696F 		.ascii	"hsiomBase\000"
 6227      6D426173 
 6227      6500
 6228              	.LASF502:
 6229 0251 63795F73 		.ascii	"cy_stc_gpio_prt_config_t\000"
 6229      74635F67 
 6229      70696F5F 
 6229      7072745F 
 6229      636F6E66 
 6230              	.LASF536:
 6231 026a 656E6162 		.ascii	"enableOutputDiv\000"
 6231      6C654F75 
 6231      74707574 
 6231      44697600 
 6232              	.LASF289:
 6233 027a 4D435744 		.ascii	"MCWDT_CONFIG\000"
 6233      545F434F 
 6233      4E464947 
 6233      00
 6234              	.LASF632:
 6235 0287 43795F53 		.ascii	"Cy_SysClk_ClkBakSetSource\000"
 6235      7973436C 
 6235      6B5F436C 
 6235      6B42616B 
 6235      53657453 
 6236              	.LASF540:
 6237 02a1 73657474 		.ascii	"settlingCount\000"
 6237      6C696E67 
 6237      436F756E 
 6237      7400
 6238              	.LASF265:
 6239 02af 54525F4F 		.ascii	"TR_OUT_CTL\000"
 6239      55545F43 
 6239      544C00
 6240              	.LASF336:
 6241 02ba 53525353 		.ascii	"SRSS_INTR\000"
 6241      5F494E54 
 6241      5200
 6242              	.LASF411:
 6243 02c4 70617373 		.ascii	"passBase\000"
 6243      42617365 
 6243      00
ARM GAS  C:\Users\Finik\AppData\Local\Temp\ccXrCYub.s 			page 210


 6244              	.LASF157:
 6245 02cd 54524947 		.ascii	"TRIG14_IN_LPCOMP_DSI_COMP1\000"
 6245      31345F49 
 6245      4E5F4C50 
 6245      434F4D50 
 6245      5F445349 
 6246              	.LASF578:
 6247 02e8 43595F53 		.ascii	"CY_SYSCLK_CLKTIMER_IN_HF0_NODIV\000"
 6247      5953434C 
 6247      4B5F434C 
 6247      4B54494D 
 6247      45525F49 
 6248              	.LASF373:
 6249 0308 494E5452 		.ascii	"INTR_MASKED\000"
 6249      5F4D4153 
 6249      4B454400 
 6250              	.LASF27:
 6251 0314 50434C4B 		.ascii	"PCLK_SCB7_CLOCK\000"
 6251      5F534342 
 6251      375F434C 
 6251      4F434B00 
 6252              	.LASF532:
 6253 0324 63795F65 		.ascii	"cy_en_fll_cco_ranges_t\000"
 6253      6E5F666C 
 6253      6C5F6363 
 6253      6F5F7261 
 6253      6E676573 
 6254              	.LASF382:
 6255 033b 4F55545F 		.ascii	"OUT_SET\000"
 6255      53455400 
 6256              	.LASF470:
 6257 0343 6770696F 		.ascii	"gpioPrtCfgOffset\000"
 6257      50727443 
 6257      66674F66 
 6257      66736574 
 6257      00
 6258              	.LASF257:
 6259 0354 54524947 		.ascii	"TRIGGER_TYPE_LEVEL\000"
 6259      4745525F 
 6259      54595045 
 6259      5F4C4556 
 6259      454C00
 6260              	.LASF381:
 6261 0367 4F55545F 		.ascii	"OUT_CLR\000"
 6261      434C5200 
 6262              	.LASF432:
 6263 036f 73727373 		.ascii	"srssNumHfroot\000"
 6263      4E756D48 
 6263      66726F6F 
 6263      7400
 6264              	.LASF293:
 6265 037d 4D435744 		.ascii	"MCWDT_INTR_MASK\000"
 6265      545F494E 
 6265      54525F4D 
 6265      41534B00 
 6266              	.LASF567:
 6267 038d 43595F53 		.ascii	"CY_SYSCLK_DIV_8_BIT\000"
ARM GAS  C:\Users\Finik\AppData\Local\Temp\ccXrCYub.s 			page 211


 6267      5953434C 
 6267      4B5F4449 
 6267      565F385F 
 6267      42495400 
 6268              	.LASF185:
 6269 03a1 54524947 		.ascii	"TRIG14_OUT_TR_GROUP0_INPUT43\000"
 6269      31345F4F 
 6269      55545F54 
 6269      525F4752 
 6269      4F555030 
 6270              	.LASF187:
 6271 03be 54524947 		.ascii	"TRIG14_OUT_TR_GROUP0_INPUT44\000"
 6271      31345F4F 
 6271      55545F54 
 6271      525F4752 
 6271      4F555030 
 6272              	.LASF189:
 6273 03db 54524947 		.ascii	"TRIG14_OUT_TR_GROUP0_INPUT45\000"
 6273      31345F4F 
 6273      55545F54 
 6273      525F4752 
 6273      4F555030 
 6274              	.LASF191:
 6275 03f8 54524947 		.ascii	"TRIG14_OUT_TR_GROUP0_INPUT46\000"
 6275      31345F4F 
 6275      55545F54 
 6275      525F4752 
 6275      4F555030 
 6276              	.LASF193:
 6277 0415 54524947 		.ascii	"TRIG14_OUT_TR_GROUP0_INPUT47\000"
 6277      31345F4F 
 6277      55545F54 
 6277      525F4752 
 6277      4F555030 
 6278              	.LASF195:
 6279 0432 54524947 		.ascii	"TRIG14_OUT_TR_GROUP0_INPUT48\000"
 6279      31345F4F 
 6279      55545F54 
 6279      525F4752 
 6279      4F555030 
 6280              	.LASF197:
 6281 044f 54524947 		.ascii	"TRIG14_OUT_TR_GROUP0_INPUT49\000"
 6281      31345F4F 
 6281      55545F54 
 6281      525F4752 
 6281      4F555030 
 6282              	.LASF73:
 6283 046c 50434C4B 		.ascii	"PCLK_PROFILE_CLOCK_PROFILE\000"
 6283      5F50524F 
 6283      46494C45 
 6283      5F434C4F 
 6283      434B5F50 
 6284              	.LASF508:
 6285 0487 43595F53 		.ascii	"CY_SYSCLK_BAD_PARAM\000"
 6285      5953434C 
 6285      4B5F4241 
 6285      445F5041 
ARM GAS  C:\Users\Finik\AppData\Local\Temp\ccXrCYub.s 			page 212


 6285      52414D00 
 6286              	.LASF623:
 6287 049b 43795F53 		.ascii	"Cy_SysClk_ClkFastSetDivider\000"
 6287      7973436C 
 6287      6B5F436C 
 6287      6B466173 
 6287      74536574 
 6288              	.LASF389:
 6289 04b7 4750494F 		.ascii	"GPIO_PRT_V1_Type\000"
 6289      5F505254 
 6289      5F56315F 
 6289      54797065 
 6289      00
 6290              	.LASF299:
 6291 04c8 5057525F 		.ascii	"PWR_LVD_CTL\000"
 6291      4C56445F 
 6291      43544C00 
 6292              	.LASF637:
 6293 04d4 43795F53 		.ascii	"Cy_SysClk_ClkTimerEnable\000"
 6293      7973436C 
 6293      6B5F436C 
 6293      6B54696D 
 6293      6572456E 
 6294              	.LASF455:
 6295 04ed 64775374 		.ascii	"dwStatusChIdxPos\000"
 6295      61747573 
 6295      43684964 
 6295      78506F73 
 6295      00
 6296              	.LASF201:
 6297 04fe 54524947 		.ascii	"TRIG14_OUT_TR_GROUP2_INPUT35\000"
 6297      31345F4F 
 6297      55545F54 
 6297      525F4752 
 6297      4F555032 
 6298              	.LASF208:
 6299 051b 54524947 		.ascii	"TRIG14_OUT_TR_GROUP2_INPUT36\000"
 6299      31345F4F 
 6299      55545F54 
 6299      525F4752 
 6299      4F555032 
 6300              	.LASF521:
 6301 0538 43595F53 		.ascii	"CY_SYSCLK_CLKPATH_IN_PILO\000"
 6301      5953434C 
 6301      4B5F434C 
 6301      4B504154 
 6301      485F494E 
 6302              	.LASF471:
 6303 0552 6770696F 		.ascii	"gpioPrtCfgInOffset\000"
 6303      50727443 
 6303      6667496E 
 6303      4F666673 
 6303      657400
 6304              	.LASF505:
 6305 0565 43595F53 		.ascii	"CY_SYSPM_LDO_VOLTAGE_0_9V\000"
 6305      5953504D 
 6305      5F4C444F 
ARM GAS  C:\Users\Finik\AppData\Local\Temp\ccXrCYub.s 			page 213


 6305      5F564F4C 
 6305      54414745 
 6306              	.LASF365:
 6307 057f 5254435F 		.ascii	"RTC_DATE\000"
 6307      44415445 
 6307      00
 6308              	.LASF260:
 6309 0588 52455345 		.ascii	"RESERVED\000"
 6309      52564544 
 6309      00
 6310              	.LASF28:
 6311 0591 50434C4B 		.ascii	"PCLK_SCB8_CLOCK\000"
 6311      5F534342 
 6311      385F434C 
 6311      4F434B00 
 6312              	.LASF5:
 6313 05a1 5F5F7569 		.ascii	"__uint8_t\000"
 6313      6E74385F 
 6313      7400
 6314              	.LASF199:
 6315 05ab 54524947 		.ascii	"TRIG14_OUT_TR_GROUP0_INPUT50\000"
 6315      31345F4F 
 6315      55545F54 
 6315      525F4752 
 6315      4F555030 
 6316              	.LASF600:
 6317 05c8 43595F53 		.ascii	"CY_SYSCLK_PUMP_NO_DIV\000"
 6317      5953434C 
 6317      4B5F5055 
 6317      4D505F4E 
 6317      4F5F4449 
 6318              	.LASF599:
 6319 05de 63795F65 		.ascii	"cy_en_clkpump_in_sources_t\000"
 6319      6E5F636C 
 6319      6B70756D 
 6319      705F696E 
 6319      5F736F75 
 6320              	.LASF264:
 6321 05f9 50455249 		.ascii	"PERI_GR_V1_Type\000"
 6321      5F47525F 
 6321      56315F54 
 6321      79706500 
 6322              	.LASF648:
 6323 0609 43795F53 		.ascii	"Cy_SysClk_FllManualConfigure\000"
 6323      7973436C 
 6323      6B5F466C 
 6323      6C4D616E 
 6323      75616C43 
 6324              	.LASF43:
 6325 0626 50434C4B 		.ascii	"PCLK_TCPWM0_CLOCKS4\000"
 6325      5F544350 
 6325      574D305F 
 6325      434C4F43 
 6325      4B533400 
 6326              	.LASF78:
 6327 063a 50434C4B 		.ascii	"PCLK_USB_CLOCK_DEV_BRS\000"
 6327      5F555342 
ARM GAS  C:\Users\Finik\AppData\Local\Temp\ccXrCYub.s 			page 214


 6327      5F434C4F 
 6327      434B5F44 
 6327      45565F42 
 6328              	.LASF606:
 6329 0651 43595F53 		.ascii	"CY_SYSCLK_BAK_IN_WCO\000"
 6329      5953434C 
 6329      4B5F4241 
 6329      4B5F494E 
 6329      5F57434F 
 6330              	.LASF279:
 6331 0666 54525F43 		.ascii	"TR_CMD\000"
 6331      4D4400
 6332              	.LASF108:
 6333 066d 54524947 		.ascii	"TRIG0_IN_TR_GROUP13_OUTPUT1\000"
 6333      305F494E 
 6333      5F54525F 
 6333      47524F55 
 6333      5031335F 
 6334              	.LASF109:
 6335 0689 54524947 		.ascii	"TRIG0_IN_TR_GROUP13_OUTPUT2\000"
 6335      305F494E 
 6335      5F54525F 
 6335      47524F55 
 6335      5031335F 
 6336              	.LASF110:
 6337 06a5 54524947 		.ascii	"TRIG0_IN_TR_GROUP13_OUTPUT3\000"
 6337      305F494E 
 6337      5F54525F 
 6337      47524F55 
 6337      5031335F 
 6338              	.LASF519:
 6339 06c1 43595F53 		.ascii	"CY_SYSCLK_CLKPATH_IN_WCO\000"
 6339      5953434C 
 6339      4B5F434C 
 6339      4B504154 
 6339      485F494E 
 6340              	.LASF111:
 6341 06da 54524947 		.ascii	"TRIG0_IN_TR_GROUP13_OUTPUT4\000"
 6341      305F494E 
 6341      5F54525F 
 6341      47524F55 
 6341      5031335F 
 6342              	.LASF10:
 6343 06f6 6C6F6E67 		.ascii	"long int\000"
 6343      20696E74 
 6343      00
 6344              	.LASF390:
 6345 06ff 494E5452 		.ascii	"INTR_CAUSE0\000"
 6345      5F434155 
 6345      53453000 
 6346              	.LASF391:
 6347 070b 494E5452 		.ascii	"INTR_CAUSE1\000"
 6347      5F434155 
 6347      53453100 
 6348              	.LASF392:
 6349 0717 494E5452 		.ascii	"INTR_CAUSE2\000"
 6349      5F434155 
ARM GAS  C:\Users\Finik\AppData\Local\Temp\ccXrCYub.s 			page 215


 6349      53453200 
 6350              	.LASF393:
 6351 0723 494E5452 		.ascii	"INTR_CAUSE3\000"
 6351      5F434155 
 6351      53453300 
 6352              	.LASF576:
 6353 072f 63795F65 		.ascii	"cy_en_clklf_in_sources_t\000"
 6353      6E5F636C 
 6353      6B6C665F 
 6353      696E5F73 
 6353      6F757263 
 6354              	.LASF347:
 6355 0748 434C4B5F 		.ascii	"CLK_TRIM_CCO_CTL\000"
 6355      5452494D 
 6355      5F43434F 
 6355      5F43544C 
 6355      00
 6356              	.LASF422:
 6357 0759 70726F74 		.ascii	"protVersion\000"
 6357      56657273 
 6357      696F6E00 
 6358              	.LASF458:
 6359 0765 70657269 		.ascii	"periTrCmdGrSelMsk\000"
 6359      5472436D 
 6359      64477253 
 6359      656C4D73 
 6359      6B00
 6360              	.LASF204:
 6361 0777 54524947 		.ascii	"TRIG14_OUT_TR_GROUP5_INPUT35\000"
 6361      31345F4F 
 6361      55545F54 
 6361      525F4752 
 6361      4F555035 
 6362              	.LASF211:
 6363 0794 54524947 		.ascii	"TRIG14_OUT_TR_GROUP5_INPUT36\000"
 6363      31345F4F 
 6363      55545F54 
 6363      525F4752 
 6363      4F555035 
 6364              	.LASF218:
 6365 07b1 54524947 		.ascii	"TRIG14_OUT_TR_GROUP5_INPUT37\000"
 6365      31345F4F 
 6365      55545F54 
 6365      525F4752 
 6365      4F555035 
 6366              	.LASF225:
 6367 07ce 54524947 		.ascii	"TRIG14_OUT_TR_GROUP5_INPUT38\000"
 6367      31345F4F 
 6367      55545F54 
 6367      525F4752 
 6367      4F555035 
 6368              	.LASF232:
 6369 07eb 54524947 		.ascii	"TRIG14_OUT_TR_GROUP5_INPUT39\000"
 6369      31345F4F 
 6369      55545F54 
 6369      525F4752 
 6369      4F555035 
ARM GAS  C:\Users\Finik\AppData\Local\Temp\ccXrCYub.s 			page 216


 6370              	.LASF658:
 6371 0808 474E5520 		.ascii	"GNU C11 5.4.1 20160609 (release) [ARM/embedded-5-br"
 6371      43313120 
 6371      352E342E 
 6371      31203230 
 6371      31363036 
 6372 083b 616E6368 		.ascii	"anch revision 237715] -mcpu=cortex-m0plus -mthumb -"
 6372      20726576 
 6372      6973696F 
 6372      6E203233 
 6372      37373135 
 6373 086e 67202D4F 		.ascii	"g -Og -ffunction-sections -ffat-lto-objects\000"
 6373      67202D66 
 6373      66756E63 
 6373      74696F6E 
 6373      2D736563 
 6374              	.LASF660:
 6375 089a 433A5C55 		.ascii	"C:\\Users\\Finik\\Desktop\\uni_labs_4\\Neiro\\Embed"
 6375      73657273 
 6375      5C46696E 
 6375      696B5C44 
 6375      65736B74 
 6376 08c7 5C50726F 		.ascii	"\\Proj_7.cydsn\000"
 6376      6A5F372E 
 6376      63796473 
 6376      6E00
 6377              	.LASF460:
 6378 08d5 70657269 		.ascii	"periTrGrSize\000"
 6378      54724772 
 6378      53697A65 
 6378      00
 6379              	.LASF80:
 6380 08e2 54524947 		.ascii	"TRIG0_IN_CPUSS_ZERO\000"
 6380      305F494E 
 6380      5F435055 
 6380      53535F5A 
 6380      45524F00 
 6381              	.LASF507:
 6382 08f6 43595F53 		.ascii	"CY_SYSCLK_SUCCESS\000"
 6382      5953434C 
 6382      4B5F5355 
 6382      43434553 
 6382      5300
 6383              	.LASF388:
 6384 0908 4346475F 		.ascii	"CFG_IN_GPIO5V\000"
 6384      494E5F47 
 6384      50494F35 
 6384      5600
 6385              	.LASF652:
 6386 0916 43795F53 		.ascii	"Cy_SysLib_SetWaitStates\000"
 6386      79734C69 
 6386      625F5365 
 6386      74576169 
 6386      74537461 
 6387              	.LASF337:
 6388 092e 53525353 		.ascii	"SRSS_INTR_SET\000"
 6388      5F494E54 
ARM GAS  C:\Users\Finik\AppData\Local\Temp\ccXrCYub.s 			page 217


 6388      525F5345 
 6388      5400
 6389              	.LASF239:
 6390 093c 54524947 		.ascii	"TRIG14_OUT_TR_GROUP5_INPUT40\000"
 6390      31345F4F 
 6390      55545F54 
 6390      525F4752 
 6390      4F555035 
 6391              	.LASF246:
 6392 0959 54524947 		.ascii	"TRIG14_OUT_TR_GROUP5_INPUT41\000"
 6392      31345F4F 
 6392      55545F54 
 6392      525F4752 
 6392      4F555035 
 6393              	.LASF253:
 6394 0976 54524947 		.ascii	"TRIG14_OUT_TR_GROUP5_INPUT42\000"
 6394      31345F4F 
 6394      55545F54 
 6394      525F4752 
 6394      4F555035 
 6395              	.LASF150:
 6396 0993 54524947 		.ascii	"TRIG14_IN_CPUSS_CTI_TR_OUT0\000"
 6396      31345F49 
 6396      4E5F4350 
 6396      5553535F 
 6396      4354495F 
 6397              	.LASF151:
 6398 09af 54524947 		.ascii	"TRIG14_IN_CPUSS_CTI_TR_OUT1\000"
 6398      31345F49 
 6398      4E5F4350 
 6398      5553535F 
 6398      4354495F 
 6399              	.LASF433:
 6400 09cb 70657269 		.ascii	"periClockNr\000"
 6400      436C6F63 
 6400      6B4E7200 
 6401              	.LASF643:
 6402 09d7 43795F53 		.ascii	"Cy_SysClk_PeriphEnableDivider\000"
 6402      7973436C 
 6402      6B5F5065 
 6402      72697068 
 6402      456E6162 
 6403              	.LASF16:
 6404 09f5 75696E74 		.ascii	"uint8_t\000"
 6404      385F7400 
 6405              	.LASF79:
 6406 09fd 656E5F63 		.ascii	"en_clk_dst_t\000"
 6406      6C6B5F64 
 6406      73745F74 
 6406      00
 6407              	.LASF526:
 6408 0a0a 63795F65 		.ascii	"cy_en_fll_pll_output_mode_t\000"
 6408      6E5F666C 
 6408      6C5F706C 
 6408      6C5F6F75 
 6408      74707574 
 6409              	.LASF147:
ARM GAS  C:\Users\Finik\AppData\Local\Temp\ccXrCYub.s 			page 218


 6410 0a26 54524947 		.ascii	"TRIG14_IN_UDB_TR_UDB15\000"
 6410      31345F49 
 6410      4E5F5544 
 6410      425F5452 
 6410      5F554442 
 6411              	.LASF400:
 6412 0a3d 53525353 		.ascii	"SRSS_Type\000"
 6412      5F547970 
 6412      6500
 6413              	.LASF142:
 6414 0a47 54524947 		.ascii	"TRIG14_IN_UDB_TR_UDB10\000"
 6414      31345F49 
 6414      4E5F5544 
 6414      425F5452 
 6414      5F554442 
 6415              	.LASF161:
 6416 0a5e 54524947 		.ascii	"TRIG14_IN_SCB3_TR_I2C_SCL_FILTERED\000"
 6416      31345F49 
 6416      4E5F5343 
 6416      42335F54 
 6416      525F4932 
 6417              	.LASF143:
 6418 0a81 54524947 		.ascii	"TRIG14_IN_UDB_TR_UDB11\000"
 6418      31345F49 
 6418      4E5F5544 
 6418      425F5452 
 6418      5F554442 
 6419              	.LASF61:
 6420 0a98 50434C4B 		.ascii	"PCLK_TCPWM1_CLOCKS14\000"
 6420      5F544350 
 6420      574D315F 
 6420      434C4F43 
 6420      4B533134 
 6421              	.LASF144:
 6422 0aad 54524947 		.ascii	"TRIG14_IN_UDB_TR_UDB12\000"
 6422      31345F49 
 6422      4E5F5544 
 6422      425F5452 
 6422      5F554442 
 6423              	.LASF146:
 6424 0ac4 54524947 		.ascii	"TRIG14_IN_UDB_TR_UDB14\000"
 6424      31345F49 
 6424      4E5F5544 
 6424      425F5452 
 6424      5F554442 
 6425              	.LASF145:
 6426 0adb 54524947 		.ascii	"TRIG14_IN_UDB_TR_UDB13\000"
 6426      31345F49 
 6426      4E5F5544 
 6426      425F5452 
 6426      5F554442 
 6427              	.LASF529:
 6428 0af2 43595F53 		.ascii	"CY_SYSCLK_FLL_CCO_RANGE2\000"
 6428      5953434C 
 6428      4B5F464C 
 6428      4C5F4343 
 6428      4F5F5241 
ARM GAS  C:\Users\Finik\AppData\Local\Temp\ccXrCYub.s 			page 219


 6429              	.LASF132:
 6430 0b0b 54524947 		.ascii	"TRIG14_IN_UDB_TR_UDB0\000"
 6430      31345F49 
 6430      4E5F5544 
 6430      425F5452 
 6430      5F554442 
 6431              	.LASF133:
 6432 0b21 54524947 		.ascii	"TRIG14_IN_UDB_TR_UDB1\000"
 6432      31345F49 
 6432      4E5F5544 
 6432      425F5452 
 6432      5F554442 
 6433              	.LASF134:
 6434 0b37 54524947 		.ascii	"TRIG14_IN_UDB_TR_UDB2\000"
 6434      31345F49 
 6434      4E5F5544 
 6434      425F5452 
 6434      5F554442 
 6435              	.LASF463:
 6436 0b4d 70657269 		.ascii	"periDivCmdPaDivSelPos\000"
 6436      44697643 
 6436      6D645061 
 6436      44697653 
 6436      656C506F 
 6437              	.LASF136:
 6438 0b63 54524947 		.ascii	"TRIG14_IN_UDB_TR_UDB4\000"
 6438      31345F49 
 6438      4E5F5544 
 6438      425F5452 
 6438      5F554442 
 6439              	.LASF137:
 6440 0b79 54524947 		.ascii	"TRIG14_IN_UDB_TR_UDB5\000"
 6440      31345F49 
 6440      4E5F5544 
 6440      425F5452 
 6440      5F554442 
 6441              	.LASF326:
 6442 0b8f 434C4B5F 		.ascii	"CLK_FLL_CONFIG\000"
 6442      464C4C5F 
 6442      434F4E46 
 6442      494700
 6443              	.LASF139:
 6444 0b9e 54524947 		.ascii	"TRIG14_IN_UDB_TR_UDB7\000"
 6444      31345F49 
 6444      4E5F5544 
 6444      425F5452 
 6444      5F554442 
 6445              	.LASF140:
 6446 0bb4 54524947 		.ascii	"TRIG14_IN_UDB_TR_UDB8\000"
 6446      31345F49 
 6446      4E5F5544 
 6446      425F5452 
 6446      5F554442 
 6447              	.LASF484:
 6448 0bca 63707573 		.ascii	"cpussRomCtl\000"
 6448      73526F6D 
 6448      43746C00 
ARM GAS  C:\Users\Finik\AppData\Local\Temp\ccXrCYub.s 			page 220


 6449              	.LASF220:
 6450 0bd6 54524947 		.ascii	"TRIG14_OUT_TR_GROUP7_INPUT37\000"
 6450      31345F4F 
 6450      55545F54 
 6450      525F4752 
 6450      4F555037 
 6451              	.LASF234:
 6452 0bf3 54524947 		.ascii	"TRIG14_OUT_TR_GROUP7_INPUT39\000"
 6452      31345F4F 
 6452      55545F54 
 6452      525F4752 
 6452      4F555037 
 6453              	.LASF378:
 6454 0c10 42524547 		.ascii	"BREG\000"
 6454      00
 6455              	.LASF376:
 6456 0c15 504D4943 		.ascii	"PMIC_CTL\000"
 6456      5F43544C 
 6456      00
 6457              	.LASF405:
 6458 0c1e 666C6173 		.ascii	"flashcBase\000"
 6458      68634261 
 6458      736500
 6459              	.LASF263:
 6460 0c29 52455345 		.ascii	"RESERVED1\000"
 6460      52564544 
 6460      3100
 6461              	.LASF278:
 6462 0c33 52455345 		.ascii	"RESERVED2\000"
 6462      52564544 
 6462      3200
 6463              	.LASF280:
 6464 0c3d 52455345 		.ascii	"RESERVED3\000"
 6464      52564544 
 6464      3300
 6465              	.LASF283:
 6466 0c47 52455345 		.ascii	"RESERVED4\000"
 6466      52564544 
 6466      3400
 6467              	.LASF313:
 6468 0c51 52455345 		.ascii	"RESERVED5\000"
 6468      52564544 
 6468      3500
 6469              	.LASF320:
 6470 0c5b 52455345 		.ascii	"RESERVED6\000"
 6470      52564544 
 6470      3600
 6471              	.LASF323:
 6472 0c65 52455345 		.ascii	"RESERVED7\000"
 6472      52564544 
 6472      3700
 6473              	.LASF325:
 6474 0c6f 52455345 		.ascii	"RESERVED8\000"
 6474      52564544 
 6474      3800
 6475              	.LASF331:
 6476 0c79 52455345 		.ascii	"RESERVED9\000"
ARM GAS  C:\Users\Finik\AppData\Local\Temp\ccXrCYub.s 			page 221


 6476      52564544 
 6476      3900
 6477              	.LASF630:
 6478 0c83 6970426C 		.ascii	"ipBlock\000"
 6478      6F636B00 
 6479              	.LASF615:
 6480 0c8b 43795F53 		.ascii	"Cy_SysClk_ClkHfSetDivider\000"
 6480      7973436C 
 6480      6B5F436C 
 6480      6B486653 
 6480      65744469 
 6481              	.LASF570:
 6482 0ca5 43595F53 		.ascii	"CY_SYSCLK_DIV_24_5_BIT\000"
 6482      5953434C 
 6482      4B5F4449 
 6482      565F3234 
 6482      5F355F42 
 6483              	.LASF612:
 6484 0cbc 43595F53 		.ascii	"CY_SYSTICK_CLOCK_SOURCE_CLK_TIMER\000"
 6484      59535449 
 6484      434B5F43 
 6484      4C4F434B 
 6484      5F534F55 
 6485              	.LASF555:
 6486 0cde 43595F53 		.ascii	"CY_SYSCLK_CLKHF_IN_CLKPATH10\000"
 6486      5953434C 
 6486      4B5F434C 
 6486      4B48465F 
 6486      494E5F43 
 6487              	.LASF556:
 6488 0cfb 43595F53 		.ascii	"CY_SYSCLK_CLKHF_IN_CLKPATH11\000"
 6488      5953434C 
 6488      4B5F434C 
 6488      4B48465F 
 6488      494E5F43 
 6489              	.LASF557:
 6490 0d18 43595F53 		.ascii	"CY_SYSCLK_CLKHF_IN_CLKPATH12\000"
 6490      5953434C 
 6490      4B5F434C 
 6490      4B48465F 
 6490      494E5F43 
 6491              	.LASF558:
 6492 0d35 43595F53 		.ascii	"CY_SYSCLK_CLKHF_IN_CLKPATH13\000"
 6492      5953434C 
 6492      4B5F434C 
 6492      4B48465F 
 6492      494E5F43 
 6493              	.LASF559:
 6494 0d52 43595F53 		.ascii	"CY_SYSCLK_CLKHF_IN_CLKPATH14\000"
 6494      5953434C 
 6494      4B5F434C 
 6494      4B48465F 
 6494      494E5F43 
 6495              	.LASF560:
 6496 0d6f 43595F53 		.ascii	"CY_SYSCLK_CLKHF_IN_CLKPATH15\000"
 6496      5953434C 
 6496      4B5F434C 
ARM GAS  C:\Users\Finik\AppData\Local\Temp\ccXrCYub.s 			page 222


 6496      4B48465F 
 6496      494E5F43 
 6497              	.LASF68:
 6498 0d8c 50434C4B 		.ascii	"PCLK_TCPWM1_CLOCKS21\000"
 6498      5F544350 
 6498      574D315F 
 6498      434C4F43 
 6498      4B533231 
 6499              	.LASF69:
 6500 0da1 50434C4B 		.ascii	"PCLK_TCPWM1_CLOCKS22\000"
 6500      5F544350 
 6500      574D315F 
 6500      434C4F43 
 6500      4B533232 
 6501              	.LASF70:
 6502 0db6 50434C4B 		.ascii	"PCLK_TCPWM1_CLOCKS23\000"
 6502      5F544350 
 6502      574D315F 
 6502      434C4F43 
 6502      4B533233 
 6503              	.LASF479:
 6504 0dcb 63707573 		.ascii	"cpussTrimRamCtlOffset\000"
 6504      73547269 
 6504      6D52616D 
 6504      43746C4F 
 6504      66667365 
 6505              	.LASF57:
 6506 0de1 50434C4B 		.ascii	"PCLK_TCPWM1_CLOCKS10\000"
 6506      5F544350 
 6506      574D315F 
 6506      434C4F43 
 6506      4B533130 
 6507              	.LASF662:
 6508 0df6 6572726F 		.ascii	"errorCode\000"
 6508      72436F64 
 6508      6500
 6509              	.LASF58:
 6510 0e00 50434C4B 		.ascii	"PCLK_TCPWM1_CLOCKS11\000"
 6510      5F544350 
 6510      574D315F 
 6510      434C4F43 
 6510      4B533131 
 6511              	.LASF297:
 6512 0e15 5057525F 		.ascii	"PWR_CTL\000"
 6512      43544C00 
 6513              	.LASF59:
 6514 0e1d 50434C4B 		.ascii	"PCLK_TCPWM1_CLOCKS12\000"
 6514      5F544350 
 6514      574D315F 
 6514      434C4F43 
 6514      4B533132 
 6515              	.LASF60:
 6516 0e32 50434C4B 		.ascii	"PCLK_TCPWM1_CLOCKS13\000"
 6516      5F544350 
 6516      574D315F 
 6516      434C4F43 
 6516      4B533133 
ARM GAS  C:\Users\Finik\AppData\Local\Temp\ccXrCYub.s 			page 223


 6517              	.LASF356:
 6518 0e47 434C4B5F 		.ascii	"CLK_TRIM_ECO_CTL\000"
 6518      5452494D 
 6518      5F45434F 
 6518      5F43544C 
 6518      00
 6519              	.LASF543:
 6520 0e58 5F426F6F 		.ascii	"_Bool\000"
 6520      6C00
 6521              	.LASF123:
 6522 0e5e 54524947 		.ascii	"TRIG0_IN_TR_GROUP14_OUTPUT0\000"
 6522      305F494E 
 6522      5F54525F 
 6522      47524F55 
 6522      5031345F 
 6523              	.LASF124:
 6524 0e7a 54524947 		.ascii	"TRIG0_IN_TR_GROUP14_OUTPUT1\000"
 6524      305F494E 
 6524      5F54525F 
 6524      47524F55 
 6524      5031345F 
 6525              	.LASF125:
 6526 0e96 54524947 		.ascii	"TRIG0_IN_TR_GROUP14_OUTPUT2\000"
 6526      305F494E 
 6526      5F54525F 
 6526      47524F55 
 6526      5031345F 
 6527              	.LASF126:
 6528 0eb2 54524947 		.ascii	"TRIG0_IN_TR_GROUP14_OUTPUT3\000"
 6528      305F494E 
 6528      5F54525F 
 6528      47524F55 
 6528      5031345F 
 6529              	.LASF127:
 6530 0ece 54524947 		.ascii	"TRIG0_IN_TR_GROUP14_OUTPUT4\000"
 6530      305F494E 
 6530      5F54525F 
 6530      47524F55 
 6530      5031345F 
 6531              	.LASF128:
 6532 0eea 54524947 		.ascii	"TRIG0_IN_TR_GROUP14_OUTPUT5\000"
 6532      305F494E 
 6532      5F54525F 
 6532      47524F55 
 6532      5031345F 
 6533              	.LASF545:
 6534 0f06 43595F53 		.ascii	"CY_SYSCLK_CLKHF_IN_CLKPATH0\000"
 6534      5953434C 
 6534      4B5F434C 
 6534      4B48465F 
 6534      494E5F43 
 6535              	.LASF546:
 6536 0f22 43595F53 		.ascii	"CY_SYSCLK_CLKHF_IN_CLKPATH1\000"
 6536      5953434C 
 6536      4B5F434C 
 6536      4B48465F 
 6536      494E5F43 
ARM GAS  C:\Users\Finik\AppData\Local\Temp\ccXrCYub.s 			page 224


 6537              	.LASF547:
 6538 0f3e 43595F53 		.ascii	"CY_SYSCLK_CLKHF_IN_CLKPATH2\000"
 6538      5953434C 
 6538      4B5F434C 
 6538      4B48465F 
 6538      494E5F43 
 6539              	.LASF548:
 6540 0f5a 43595F53 		.ascii	"CY_SYSCLK_CLKHF_IN_CLKPATH3\000"
 6540      5953434C 
 6540      4B5F434C 
 6540      4B48465F 
 6540      494E5F43 
 6541              	.LASF549:
 6542 0f76 43595F53 		.ascii	"CY_SYSCLK_CLKHF_IN_CLKPATH4\000"
 6542      5953434C 
 6542      4B5F434C 
 6542      4B48465F 
 6542      494E5F43 
 6543              	.LASF550:
 6544 0f92 43595F53 		.ascii	"CY_SYSCLK_CLKHF_IN_CLKPATH5\000"
 6544      5953434C 
 6544      4B5F434C 
 6544      4B48465F 
 6544      494E5F43 
 6545              	.LASF551:
 6546 0fae 43595F53 		.ascii	"CY_SYSCLK_CLKHF_IN_CLKPATH6\000"
 6546      5953434C 
 6546      4B5F434C 
 6546      4B48465F 
 6546      494E5F43 
 6547              	.LASF552:
 6548 0fca 43595F53 		.ascii	"CY_SYSCLK_CLKHF_IN_CLKPATH7\000"
 6548      5953434C 
 6548      4B5F434C 
 6548      4B48465F 
 6548      494E5F43 
 6549              	.LASF553:
 6550 0fe6 43595F53 		.ascii	"CY_SYSCLK_CLKHF_IN_CLKPATH8\000"
 6550      5953434C 
 6550      4B5F434C 
 6550      4B48465F 
 6550      494E5F43 
 6551              	.LASF266:
 6552 1002 50455249 		.ascii	"PERI_TR_GR_V1_Type\000"
 6552      5F54525F 
 6552      47525F56 
 6552      315F5479 
 6552      706500
 6553              	.LASF267:
 6554 1015 41444452 		.ascii	"ADDR0\000"
 6554      3000
 6555              	.LASF269:
 6556 101b 41444452 		.ascii	"ADDR1\000"
 6556      3100
 6557              	.LASF665:
 6558 1021 43795F53 		.ascii	"Cy_SystemInit\000"
 6558      79737465 
ARM GAS  C:\Users\Finik\AppData\Local\Temp\ccXrCYub.s 			page 225


 6558      6D496E69 
 6558      7400
 6559              	.LASF15:
 6560 102f 63686172 		.ascii	"char\000"
 6560      00
 6561              	.LASF646:
 6562 1034 706F7274 		.ascii	"port6_cfg\000"
 6562      365F6366 
 6562      6700
 6563              	.LASF651:
 6564 103e 43795F53 		.ascii	"Cy_SysTick_SetClockSource\000"
 6564      79735469 
 6564      636B5F53 
 6564      6574436C 
 6564      6F636B53 
 6565              	.LASF288:
 6566 1058 4D435744 		.ascii	"MCWDT_MATCH\000"
 6566      545F4D41 
 6566      54434800 
 6567              	.LASF361:
 6568 1064 5254435F 		.ascii	"RTC_RW\000"
 6568      525700
 6569              	.LASF399:
 6570 106b 4750494F 		.ascii	"GPIO_V1_Type\000"
 6570      5F56315F 
 6570      54797065 
 6570      00
 6571              	.LASF292:
 6572 1078 4D435744 		.ascii	"MCWDT_INTR_SET\000"
 6572      545F494E 
 6572      54525F53 
 6572      455400
 6573              	.LASF515:
 6574 1087 43595F53 		.ascii	"CY_SYSCLK_CLKPATH_IN_ALTHF\000"
 6574      5953434C 
 6574      4B5F434C 
 6574      4B504154 
 6574      485F494E 
 6575              	.LASF635:
 6576 10a2 43795F53 		.ascii	"Cy_SysClk_ClkPumpSetDivider\000"
 6576      7973436C 
 6576      6B5F436C 
 6576      6B50756D 
 6576      70536574 
 6577              	.LASF8:
 6578 10be 5F5F7569 		.ascii	"__uint16_t\000"
 6578      6E743136 
 6578      5F7400
 6579              	.LASF527:
 6580 10c9 43595F53 		.ascii	"CY_SYSCLK_FLL_CCO_RANGE0\000"
 6580      5953434C 
 6580      4B5F464C 
 6580      4C5F4343 
 6580      4F5F5241 
 6581              	.LASF528:
 6582 10e2 43595F53 		.ascii	"CY_SYSCLK_FLL_CCO_RANGE1\000"
 6582      5953434C 
ARM GAS  C:\Users\Finik\AppData\Local\Temp\ccXrCYub.s 			page 226


 6582      4B5F464C 
 6582      4C5F4343 
 6582      4F5F5241 
 6583              	.LASF539:
 6584 10fb 70676169 		.ascii	"pgain\000"
 6584      6E00
 6585              	.LASF530:
 6586 1101 43595F53 		.ascii	"CY_SYSCLK_FLL_CCO_RANGE3\000"
 6586      5953434C 
 6586      4B5F464C 
 6586      4C5F4343 
 6586      4F5F5241 
 6587              	.LASF503:
 6588 111a 43595F53 		.ascii	"CY_SYSPM_LDO_VOLTAGE_ULP\000"
 6588      5953504D 
 6588      5F4C444F 
 6588      5F564F4C 
 6588      54414745 
 6589              	.LASF62:
 6590 1133 50434C4B 		.ascii	"PCLK_TCPWM1_CLOCKS15\000"
 6590      5F544350 
 6590      574D315F 
 6590      434C4F43 
 6590      4B533135 
 6591              	.LASF63:
 6592 1148 50434C4B 		.ascii	"PCLK_TCPWM1_CLOCKS16\000"
 6592      5F544350 
 6592      574D315F 
 6592      434C4F43 
 6592      4B533136 
 6593              	.LASF620:
 6594 115d 736F7572 		.ascii	"source\000"
 6594      636500
 6595              	.LASF64:
 6596 1164 50434C4B 		.ascii	"PCLK_TCPWM1_CLOCKS17\000"
 6596      5F544350 
 6596      574D315F 
 6596      434C4F43 
 6596      4B533137 
 6597              	.LASF167:
 6598 1179 54524947 		.ascii	"TRIG14_IN_CPUSS_TR_FAULT0\000"
 6598      31345F49 
 6598      4E5F4350 
 6598      5553535F 
 6598      54525F46 
 6599              	.LASF168:
 6600 1193 54524947 		.ascii	"TRIG14_IN_CPUSS_TR_FAULT1\000"
 6600      31345F49 
 6600      4E5F4350 
 6600      5553535F 
 6600      54525F46 
 6601              	.LASF617:
 6602 11ad 64697669 		.ascii	"divider\000"
 6602      64657200 
 6603              	.LASF614:
 6604 11b5 43795F53 		.ascii	"Cy_SysClk_ClkHfEnable\000"
 6604      7973436C 
ARM GAS  C:\Users\Finik\AppData\Local\Temp\ccXrCYub.s 			page 227


 6604      6B5F436C 
 6604      6B486645 
 6604      6E61626C 
 6605              	.LASF523:
 6606 11cb 43595F53 		.ascii	"CY_SYSCLK_FLLPLL_OUTPUT_AUTO1\000"
 6606      5953434C 
 6606      4B5F464C 
 6606      4C504C4C 
 6606      5F4F5554 
 6607              	.LASF179:
 6608 11e9 54524947 		.ascii	"TRIG0_OUT_CPUSS_DW0_TR_IN10\000"
 6608      305F4F55 
 6608      545F4350 
 6608      5553535F 
 6608      4457305F 
 6609              	.LASF180:
 6610 1205 54524947 		.ascii	"TRIG0_OUT_CPUSS_DW0_TR_IN11\000"
 6610      305F4F55 
 6610      545F4350 
 6610      5553535F 
 6610      4457305F 
 6611              	.LASF181:
 6612 1221 54524947 		.ascii	"TRIG0_OUT_CPUSS_DW0_TR_IN12\000"
 6612      305F4F55 
 6612      545F4350 
 6612      5553535F 
 6612      4457305F 
 6613              	.LASF182:
 6614 123d 54524947 		.ascii	"TRIG0_OUT_CPUSS_DW0_TR_IN13\000"
 6614      305F4F55 
 6614      545F4350 
 6614      5553535F 
 6614      4457305F 
 6615              	.LASF183:
 6616 1259 54524947 		.ascii	"TRIG0_OUT_CPUSS_DW0_TR_IN14\000"
 6616      305F4F55 
 6616      545F4350 
 6616      5553535F 
 6616      4457305F 
 6617              	.LASF184:
 6618 1275 54524947 		.ascii	"TRIG0_OUT_CPUSS_DW0_TR_IN15\000"
 6618      305F4F55 
 6618      545F4350 
 6618      5553535F 
 6618      4457305F 
 6619              	.LASF367:
 6620 1291 414C4D31 		.ascii	"ALM1_DATE\000"
 6620      5F444154 
 6620      4500
 6621              	.LASF385:
 6622 129b 4346475F 		.ascii	"CFG_IN\000"
 6622      494E00
 6623              	.LASF294:
 6624 12a2 4D435744 		.ascii	"MCWDT_INTR_MASKED\000"
 6624      545F494E 
 6624      54525F4D 
 6624      41534B45 
ARM GAS  C:\Users\Finik\AppData\Local\Temp\ccXrCYub.s 			page 228


 6624      4400
 6625              	.LASF186:
 6626 12b4 54524947 		.ascii	"TRIG14_OUT_TR_GROUP1_INPUT43\000"
 6626      31345F4F 
 6626      55545F54 
 6626      525F4752 
 6626      4F555031 
 6627              	.LASF188:
 6628 12d1 54524947 		.ascii	"TRIG14_OUT_TR_GROUP1_INPUT44\000"
 6628      31345F4F 
 6628      55545F54 
 6628      525F4752 
 6628      4F555031 
 6629              	.LASF190:
 6630 12ee 54524947 		.ascii	"TRIG14_OUT_TR_GROUP1_INPUT45\000"
 6630      31345F4F 
 6630      55545F54 
 6630      525F4752 
 6630      4F555031 
 6631              	.LASF192:
 6632 130b 54524947 		.ascii	"TRIG14_OUT_TR_GROUP1_INPUT46\000"
 6632      31345F4F 
 6632      55545F54 
 6632      525F4752 
 6632      4F555031 
 6633              	.LASF194:
 6634 1328 54524947 		.ascii	"TRIG14_OUT_TR_GROUP1_INPUT47\000"
 6634      31345F4F 
 6634      55545F54 
 6634      525F4752 
 6634      4F555031 
 6635              	.LASF196:
 6636 1345 54524947 		.ascii	"TRIG14_OUT_TR_GROUP1_INPUT48\000"
 6636      31345F4F 
 6636      55545F54 
 6636      525F4752 
 6636      4F555031 
 6637              	.LASF198:
 6638 1362 54524947 		.ascii	"TRIG14_OUT_TR_GROUP1_INPUT49\000"
 6638      31345F4F 
 6638      55545F54 
 6638      525F4752 
 6638      4F555031 
 6639              	.LASF407:
 6640 137f 75646242 		.ascii	"udbBase\000"
 6640      61736500 
 6641              	.LASF396:
 6642 1387 5644445F 		.ascii	"VDD_INTR_MASK\000"
 6642      494E5452 
 6642      5F4D4153 
 6642      4B00
 6643              	.LASF357:
 6644 1395 434C4B5F 		.ascii	"CLK_TRIM_PILO_CTL\000"
 6644      5452494D 
 6644      5F50494C 
 6644      4F5F4354 
 6644      4C00
ARM GAS  C:\Users\Finik\AppData\Local\Temp\ccXrCYub.s 			page 229


 6645              	.LASF276:
 6646 13a7 4449565F 		.ascii	"DIV_16_5_CTL\000"
 6646      31365F35 
 6646      5F43544C 
 6646      00
 6647              	.LASF474:
 6648 13b4 63707573 		.ascii	"cpussCm0ClockCtlOffset\000"
 6648      73436D30 
 6648      436C6F63 
 6648      6B43746C 
 6648      4F666673 
 6649              	.LASF642:
 6650 13cb 43795F53 		.ascii	"Cy_SysPm_PmicUnlock\000"
 6650      7973506D 
 6650      5F506D69 
 6650      63556E6C 
 6650      6F636B00 
 6651              	.LASF459:
 6652 13df 70657269 		.ascii	"periTrGrOffset\000"
 6652      54724772 
 6652      4F666673 
 6652      657400
 6653              	.LASF427:
 6654 13ee 63707573 		.ascii	"cpussIpc0Irq\000"
 6654      73497063 
 6654      30497271 
 6654      00
 6655              	.LASF489:
 6656 13fb 6970634C 		.ascii	"ipcLockStatusOffset\000"
 6656      6F636B53 
 6656      74617475 
 6656      734F6666 
 6656      73657400 
 6657              	.LASF309:
 6658 140f 434C4B5F 		.ascii	"CLK_PATH_SELECT\000"
 6658      50415448 
 6658      5F53454C 
 6658      45435400 
 6659              	.LASF200:
 6660 141f 54524947 		.ascii	"TRIG14_OUT_TR_GROUP1_INPUT50\000"
 6660      31345F4F 
 6660      55545F54 
 6660      525F4752 
 6660      4F555031 
 6661              	.LASF319:
 6662 143c 434C4B5F 		.ascii	"CLK_CAL_CNT2\000"
 6662      43414C5F 
 6662      434E5432 
 6662      00
 6663              	.LASF65:
 6664 1449 50434C4B 		.ascii	"PCLK_TCPWM1_CLOCKS18\000"
 6664      5F544350 
 6664      574D315F 
 6664      434C4F43 
 6664      4B533138 
 6665              	.LASF66:
 6666 145e 50434C4B 		.ascii	"PCLK_TCPWM1_CLOCKS19\000"
ARM GAS  C:\Users\Finik\AppData\Local\Temp\ccXrCYub.s 			page 230


 6666      5F544350 
 6666      574D315F 
 6666      434C4F43 
 6666      4B533139 
 6667              	.LASF291:
 6668 1473 4D435744 		.ascii	"MCWDT_INTR\000"
 6668      545F494E 
 6668      545200
 6669              	.LASF156:
 6670 147e 54524947 		.ascii	"TRIG14_IN_LPCOMP_DSI_COMP0\000"
 6670      31345F49 
 6670      4E5F4C50 
 6670      434F4D50 
 6670      5F445349 
 6671              	.LASF75:
 6672 1499 50434C4B 		.ascii	"PCLK_PASS_CLOCK_CTDAC\000"
 6672      5F504153 
 6672      535F434C 
 6672      4F434B5F 
 6672      43544441 
 6673              	.LASF386:
 6674 14af 4346475F 		.ascii	"CFG_OUT\000"
 6674      4F555400 
 6675              	.LASF383:
 6676 14b7 4F55545F 		.ascii	"OUT_INV\000"
 6676      494E5600 
 6677              	.LASF506:
 6678 14bf 43595F53 		.ascii	"CY_SYSPM_LDO_VOLTAGE_1_1V\000"
 6678      5953504D 
 6678      5F4C444F 
 6678      5F564F4C 
 6678      54414745 
 6679              	.LASF478:
 6680 14d9 63707573 		.ascii	"cpussCm4PwrCtlOffset\000"
 6680      73436D34 
 6680      50777243 
 6680      746C4F66 
 6680      66736574 
 6681              	.LASF152:
 6682 14ee 54524947 		.ascii	"TRIG14_IN_PASS_TR_SAR_OUT\000"
 6682      31345F49 
 6682      4E5F5041 
 6682      53535F54 
 6682      525F5341 
 6683              	.LASF282:
 6684 1508 5050555F 		.ascii	"PPU_PR\000"
 6684      505200
 6685              	.LASF38:
 6686 150f 50434C4B 		.ascii	"PCLK_SMARTIO9_CLOCK\000"
 6686      5F534D41 
 6686      5254494F 
 6686      395F434C 
 6686      4F434B00 
 6687              	.LASF81:
 6688 1523 54524947 		.ascii	"TRIG0_IN_TR_GROUP10_OUTPUT0\000"
 6688      305F494E 
 6688      5F54525F 
ARM GAS  C:\Users\Finik\AppData\Local\Temp\ccXrCYub.s 			page 231


 6688      47524F55 
 6688      5031305F 
 6689              	.LASF82:
 6690 153f 54524947 		.ascii	"TRIG0_IN_TR_GROUP10_OUTPUT1\000"
 6690      305F494E 
 6690      5F54525F 
 6690      47524F55 
 6690      5031305F 
 6691              	.LASF450:
 6692 155b 666C6173 		.ascii	"flashCtlMainWs4Freq\000"
 6692      6843746C 
 6692      4D61696E 
 6692      57733446 
 6692      72657100 
 6693              	.LASF84:
 6694 156f 54524947 		.ascii	"TRIG0_IN_TR_GROUP10_OUTPUT3\000"
 6694      305F494E 
 6694      5F54525F 
 6694      47524F55 
 6694      5031305F 
 6695              	.LASF85:
 6696 158b 54524947 		.ascii	"TRIG0_IN_TR_GROUP10_OUTPUT4\000"
 6696      305F494E 
 6696      5F54525F 
 6696      47524F55 
 6696      5031305F 
 6697              	.LASF86:
 6698 15a7 54524947 		.ascii	"TRIG0_IN_TR_GROUP10_OUTPUT5\000"
 6698      305F494E 
 6698      5F54525F 
 6698      47524F55 
 6698      5031305F 
 6699              	.LASF87:
 6700 15c3 54524947 		.ascii	"TRIG0_IN_TR_GROUP10_OUTPUT6\000"
 6700      305F494E 
 6700      5F54525F 
 6700      47524F55 
 6700      5031305F 
 6701              	.LASF531:
 6702 15df 43595F53 		.ascii	"CY_SYSCLK_FLL_CCO_RANGE4\000"
 6702      5953434C 
 6702      4B5F464C 
 6702      4C5F4343 
 6702      4F5F5241 
 6703              	.LASF430:
 6704 15f8 73727373 		.ascii	"srssNumClkpath\000"
 6704      4E756D43 
 6704      6C6B7061 
 6704      746800
 6705              	.LASF397:
 6706 1607 5644445F 		.ascii	"VDD_INTR_MASKED\000"
 6706      494E5452 
 6706      5F4D4153 
 6706      4B454400 
 6707              	.LASF538:
 6708 1617 69676169 		.ascii	"igain\000"
 6708      6E00
ARM GAS  C:\Users\Finik\AppData\Local\Temp\ccXrCYub.s 			page 232


 6709              	.LASF401:
 6710 161d 4241434B 		.ascii	"BACKUP_Type\000"
 6710      55505F54 
 6710      79706500 
 6711              	.LASF429:
 6712 1629 63707573 		.ascii	"cpussNotConnectedIrq\000"
 6712      734E6F74 
 6712      436F6E6E 
 6712      65637465 
 6712      64497271 
 6713              	.LASF633:
 6714 163e 43795F53 		.ascii	"Cy_SysClk_IloEnable\000"
 6714      7973436C 
 6714      6B5F496C 
 6714      6F456E61 
 6714      626C6500 
 6715              	.LASF205:
 6716 1652 54524947 		.ascii	"TRIG14_OUT_TR_GROUP6_INPUT35\000"
 6716      31345F4F 
 6716      55545F54 
 6716      525F4752 
 6716      4F555036 
 6717              	.LASF212:
 6718 166f 54524947 		.ascii	"TRIG14_OUT_TR_GROUP6_INPUT36\000"
 6718      31345F4F 
 6718      55545F54 
 6718      525F4752 
 6718      4F555036 
 6719              	.LASF219:
 6720 168c 54524947 		.ascii	"TRIG14_OUT_TR_GROUP6_INPUT37\000"
 6720      31345F4F 
 6720      55545F54 
 6720      525F4752 
 6720      4F555036 
 6721              	.LASF226:
 6722 16a9 54524947 		.ascii	"TRIG14_OUT_TR_GROUP6_INPUT38\000"
 6722      31345F4F 
 6722      55545F54 
 6722      525F4752 
 6722      4F555036 
 6723              	.LASF233:
 6724 16c6 54524947 		.ascii	"TRIG14_OUT_TR_GROUP6_INPUT39\000"
 6724      31345F4F 
 6724      55545F54 
 6724      525F4752 
 6724      4F555036 
 6725              	.LASF368:
 6726 16e3 414C4D32 		.ascii	"ALM2_TIME\000"
 6726      5F54494D 
 6726      4500
 6727              	.LASF284:
 6728 16ed 5050555F 		.ascii	"PPU_GR\000"
 6728      475200
 6729              	.LASF406:
 6730 16f4 70657269 		.ascii	"periBase\000"
 6730      42617365 
 6730      00
ARM GAS  C:\Users\Finik\AppData\Local\Temp\ccXrCYub.s 			page 233


 6731              	.LASF298:
 6732 16fd 5057525F 		.ascii	"PWR_HIBERNATE\000"
 6732      48494245 
 6732      524E4154 
 6732      4500
 6733              	.LASF575:
 6734 170b 43595F53 		.ascii	"CY_SYSCLK_CLKLF_IN_PILO\000"
 6734      5953434C 
 6734      4B5F434C 
 6734      4B4C465F 
 6734      494E5F50 
 6735              	.LASF318:
 6736 1723 434C4B5F 		.ascii	"CLK_CAL_CNT1\000"
 6736      43414C5F 
 6736      434E5431 
 6736      00
 6737              	.LASF20:
 6738 1730 50434C4B 		.ascii	"PCLK_SCB0_CLOCK\000"
 6738      5F534342 
 6738      305F434C 
 6738      4F434B00 
 6739              	.LASF343:
 6740 1740 5245535F 		.ascii	"RES_CAUSE2\000"
 6740      43415553 
 6740      453200
 6741              	.LASF362:
 6742 174b 43414C5F 		.ascii	"CAL_CTL\000"
 6742      43544C00 
 6743              	.LASF99:
 6744 1753 54524947 		.ascii	"TRIG0_IN_TR_GROUP11_OUTPUT10\000"
 6744      305F494E 
 6744      5F54525F 
 6744      47524F55 
 6744      5031315F 
 6745              	.LASF541:
 6746 1770 6F757470 		.ascii	"outputMode\000"
 6746      75744D6F 
 6746      646500
 6747              	.LASF468:
 6748 177b 70657269 		.ascii	"periDiv24_5CtlOffset\000"
 6748      44697632 
 6748      345F3543 
 6748      746C4F66 
 6748      66736574 
 6749              	.LASF509:
 6750 1790 43595F53 		.ascii	"CY_SYSCLK_TIMEOUT\000"
 6750      5953434C 
 6750      4B5F5449 
 6750      4D454F55 
 6750      5400
 6751              	.LASF311:
 6752 17a2 434C4B5F 		.ascii	"CLK_SELECT\000"
 6752      53454C45 
 6752      435400
 6753              	.LASF12:
 6754 17ad 6C6F6E67 		.ascii	"long unsigned int\000"
 6754      20756E73 
ARM GAS  C:\Users\Finik\AppData\Local\Temp\ccXrCYub.s 			page 234


 6754      69676E65 
 6754      6420696E 
 6754      7400
 6755              	.LASF520:
 6756 17bf 43595F53 		.ascii	"CY_SYSCLK_CLKPATH_IN_ALTLF\000"
 6756      5953434C 
 6756      4B5F434C 
 6756      4B504154 
 6756      485F494E 
 6757              	.LASF240:
 6758 17da 54524947 		.ascii	"TRIG14_OUT_TR_GROUP6_INPUT40\000"
 6758      31345F4F 
 6758      55545F54 
 6758      525F4752 
 6758      4F555036 
 6759              	.LASF247:
 6760 17f7 54524947 		.ascii	"TRIG14_OUT_TR_GROUP6_INPUT41\000"
 6760      31345F4F 
 6760      55545F54 
 6760      525F4752 
 6760      4F555036 
 6761              	.LASF254:
 6762 1814 54524947 		.ascii	"TRIG14_OUT_TR_GROUP6_INPUT42\000"
 6762      31345F4F 
 6762      55545F54 
 6762      525F4752 
 6762      4F555036 
 6763              	.LASF135:
 6764 1831 54524947 		.ascii	"TRIG14_IN_UDB_TR_UDB3\000"
 6764      31345F49 
 6764      4E5F5544 
 6764      425F5452 
 6764      5F554442 
 6765              	.LASF644:
 6766 1847 73746174 		.ascii	"status\000"
 6766      757300
 6767              	.LASF141:
 6768 184e 54524947 		.ascii	"TRIG14_IN_UDB_TR_UDB9\000"
 6768      31345F49 
 6768      4E5F5544 
 6768      425F5452 
 6768      5F554442 
 6769              	.LASF436:
 6770 1864 65704D6F 		.ascii	"epMonitorNr\000"
 6770      6E69746F 
 6770      724E7200 
 6771              	.LASF372:
 6772 1870 494E5452 		.ascii	"INTR_MASK\000"
 6772      5F4D4153 
 6772      4B00
 6773              	.LASF593:
 6774 187a 43595F53 		.ascii	"CY_SYSCLK_PUMP_IN_CLKPATH10\000"
 6774      5953434C 
 6774      4B5F5055 
 6774      4D505F49 
 6774      4E5F434C 
 6775              	.LASF487:
ARM GAS  C:\Users\Finik\AppData\Local\Temp\ccXrCYub.s 			page 235


 6776 1896 63707573 		.ascii	"cpussRam2Ctl0\000"
 6776      7352616D 
 6776      3243746C 
 6776      3000
 6777              	.LASF375:
 6778 18a4 5449434B 		.ascii	"TICKS\000"
 6778      5300
 6779              	.LASF206:
 6780 18aa 54524947 		.ascii	"TRIG14_OUT_TR_GROUP7_INPUT35\000"
 6780      31345F4F 
 6780      55545F54 
 6780      525F4752 
 6780      4F555037 
 6781              	.LASF525:
 6782 18c7 43595F53 		.ascii	"CY_SYSCLK_FLLPLL_OUTPUT_OUTPUT\000"
 6782      5953434C 
 6782      4B5F464C 
 6782      4C504C4C 
 6782      5F4F5554 
 6783              	.LASF414:
 6784 18e6 63707573 		.ascii	"cpussVersion\000"
 6784      73566572 
 6784      73696F6E 
 6784      00
 6785              	.LASF258:
 6786 18f3 54524947 		.ascii	"TRIGGER_TYPE_EDGE\000"
 6786      4745525F 
 6786      54595045 
 6786      5F454447 
 6786      4500
 6787              	.LASF513:
 6788 1905 43595F53 		.ascii	"CY_SYSCLK_CLKPATH_IN_EXT\000"
 6788      5953434C 
 6788      4B5F434C 
 6788      4B504154 
 6788      485F494E 
 6789              	.LASF428:
 6790 191e 63707573 		.ascii	"cpussFmIrq\000"
 6790      73466D49 
 6790      727100
 6791              	.LASF504:
 6792 1929 43595F53 		.ascii	"CY_SYSPM_LDO_VOLTAGE_LP\000"
 6792      5953504D 
 6792      5F4C444F 
 6792      5F564F4C 
 6792      54414745 
 6793              	.LASF452:
 6794 1941 64774368 		.ascii	"dwChSize\000"
 6794      53697A65 
 6794      00
 6795              	.LASF634:
 6796 194a 43795F53 		.ascii	"Cy_SysClk_ClkPumpEnable\000"
 6796      7973436C 
 6796      6B5F436C 
 6796      6B50756D 
 6796      70456E61 
 6797              	.LASF327:
ARM GAS  C:\Users\Finik\AppData\Local\Temp\ccXrCYub.s 			page 236


 6798 1962 434C4B5F 		.ascii	"CLK_FLL_CONFIG2\000"
 6798      464C4C5F 
 6798      434F4E46 
 6798      49473200 
 6799              	.LASF346:
 6800 1972 5057525F 		.ascii	"PWR_TRIM_BODOVP_CTL\000"
 6800      5452494D 
 6800      5F424F44 
 6800      4F56505F 
 6800      43544C00 
 6801              	.LASF655:
 6802 1986 43795F53 		.ascii	"Cy_SysLib_ResetBackupDomain\000"
 6802      79734C69 
 6802      625F5265 
 6802      73657442 
 6802      61636B75 
 6803              	.LASF39:
 6804 19a2 50434C4B 		.ascii	"PCLK_TCPWM0_CLOCKS0\000"
 6804      5F544350 
 6804      574D305F 
 6804      434C4F43 
 6804      4B533000 
 6805              	.LASF40:
 6806 19b6 50434C4B 		.ascii	"PCLK_TCPWM0_CLOCKS1\000"
 6806      5F544350 
 6806      574D305F 
 6806      434C4F43 
 6806      4B533100 
 6807              	.LASF379:
 6808 19ca 5452494D 		.ascii	"TRIM\000"
 6808      00
 6809              	.LASF42:
 6810 19cf 50434C4B 		.ascii	"PCLK_TCPWM0_CLOCKS3\000"
 6810      5F544350 
 6810      574D305F 
 6810      434C4F43 
 6810      4B533300 
 6811              	.LASF370:
 6812 19e3 494E5452 		.ascii	"INTR\000"
 6812      00
 6813              	.LASF44:
 6814 19e8 50434C4B 		.ascii	"PCLK_TCPWM0_CLOCKS5\000"
 6814      5F544350 
 6814      574D305F 
 6814      434C4F43 
 6814      4B533500 
 6815              	.LASF45:
 6816 19fc 50434C4B 		.ascii	"PCLK_TCPWM0_CLOCKS6\000"
 6816      5F544350 
 6816      574D305F 
 6816      434C4F43 
 6816      4B533600 
 6817              	.LASF46:
 6818 1a10 50434C4B 		.ascii	"PCLK_TCPWM0_CLOCKS7\000"
 6818      5F544350 
 6818      574D305F 
 6818      434C4F43 
ARM GAS  C:\Users\Finik\AppData\Local\Temp\ccXrCYub.s 			page 237


 6818      4B533700 
 6819              	.LASF384:
 6820 1a24 494E5452 		.ascii	"INTR_CFG\000"
 6820      5F434647 
 6820      00
 6821              	.LASF380:
 6822 1a2d 4241434B 		.ascii	"BACKUP_V1_Type\000"
 6822      55505F56 
 6822      315F5479 
 6822      706500
 6823              	.LASF486:
 6824 1a3c 63707573 		.ascii	"cpussRam1Ctl0\000"
 6824      7352616D 
 6824      3143746C 
 6824      3000
 6825              	.LASF274:
 6826 1a4a 4449565F 		.ascii	"DIV_8_CTL\000"
 6826      385F4354 
 6826      4C00
 6827              	.LASF434:
 6828 1a54 736D6966 		.ascii	"smifDeviceNr\000"
 6828      44657669 
 6828      63654E72 
 6828      00
 6829              	.LASF67:
 6830 1a61 50434C4B 		.ascii	"PCLK_TCPWM1_CLOCKS20\000"
 6830      5F544350 
 6830      574D315F 
 6830      434C4F43 
 6830      4B533230 
 6831              	.LASF303:
 6832 1a76 5057525F 		.ascii	"PWR_HIB_DATA\000"
 6832      4849425F 
 6832      44415441 
 6832      00
 6833              	.LASF466:
 6834 1a83 70657269 		.ascii	"periDiv16CtlOffset\000"
 6834      44697631 
 6834      3643746C 
 6834      4F666673 
 6834      657400
 6835              	.LASF481:
 6836 1a96 63707573 		.ascii	"cpussSysTickCtlOffset\000"
 6836      73537973 
 6836      5469636B 
 6836      43746C4F 
 6836      66667365 
 6837              	.LASF462:
 6838 1aac 70657269 		.ascii	"periDivCmdTypeSelPos\000"
 6838      44697643 
 6838      6D645479 
 6838      70655365 
 6838      6C506F73 
 6839              	.LASF572:
 6840 1ac1 43595F53 		.ascii	"CY_SYSCLK_CLKLF_IN_ILO\000"
 6840      5953434C 
 6840      4B5F434C 
ARM GAS  C:\Users\Finik\AppData\Local\Temp\ccXrCYub.s 			page 238


 6840      4B4C465F 
 6840      494E5F49 
 6841              	.LASF374:
 6842 1ad8 4F534343 		.ascii	"OSCCNT\000"
 6842      4E5400
 6843              	.LASF404:
 6844 1adf 63707573 		.ascii	"cpussBase\000"
 6844      73426173 
 6844      6500
 6845              	.LASF408:
 6846 1ae9 70726F74 		.ascii	"protBase\000"
 6846      42617365 
 6846      00
 6847              	.LASF420:
 6848 1af2 69706356 		.ascii	"ipcVersion\000"
 6848      65727369 
 6848      6F6E00
 6849              	.LASF281:
 6850 1afd 54525F47 		.ascii	"TR_GR\000"
 6850      5200
 6851              	.LASF11:
 6852 1b03 5F5F7569 		.ascii	"__uint32_t\000"
 6852      6E743332 
 6852      5F7400
 6853              	.LASF517:
 6854 1b0e 43595F53 		.ascii	"CY_SYSCLK_CLKPATH_IN_DSI\000"
 6854      5953434C 
 6854      4B5F434C 
 6854      4B504154 
 6854      485F494E 
 6855              	.LASF435:
 6856 1b27 70617373 		.ascii	"passSarChannels\000"
 6856      53617243 
 6856      68616E6E 
 6856      656C7300 
 6857              	.LASF1:
 6858 1b37 6C6F6E67 		.ascii	"long long int\000"
 6858      206C6F6E 
 6858      6720696E 
 6858      7400
 6859              	.LASF29:
 6860 1b45 50434C4B 		.ascii	"PCLK_UDB_CLOCKS0\000"
 6860      5F554442 
 6860      5F434C4F 
 6860      434B5330 
 6860      00
 6861              	.LASF30:
 6862 1b56 50434C4B 		.ascii	"PCLK_UDB_CLOCKS1\000"
 6862      5F554442 
 6862      5F434C4F 
 6862      434B5331 
 6862      00
 6863              	.LASF31:
 6864 1b67 50434C4B 		.ascii	"PCLK_UDB_CLOCKS2\000"
 6864      5F554442 
 6864      5F434C4F 
 6864      434B5332 
ARM GAS  C:\Users\Finik\AppData\Local\Temp\ccXrCYub.s 			page 239


 6864      00
 6865              	.LASF32:
 6866 1b78 50434C4B 		.ascii	"PCLK_UDB_CLOCKS3\000"
 6866      5F554442 
 6866      5F434C4F 
 6866      434B5333 
 6866      00
 6867              	.LASF33:
 6868 1b89 50434C4B 		.ascii	"PCLK_UDB_CLOCKS4\000"
 6868      5F554442 
 6868      5F434C4F 
 6868      434B5334 
 6868      00
 6869              	.LASF34:
 6870 1b9a 50434C4B 		.ascii	"PCLK_UDB_CLOCKS5\000"
 6870      5F554442 
 6870      5F434C4F 
 6870      434B5335 
 6870      00
 6871              	.LASF35:
 6872 1bab 50434C4B 		.ascii	"PCLK_UDB_CLOCKS6\000"
 6872      5F554442 
 6872      5F434C4F 
 6872      434B5336 
 6872      00
 6873              	.LASF36:
 6874 1bbc 50434C4B 		.ascii	"PCLK_UDB_CLOCKS7\000"
 6874      5F554442 
 6874      5F434C4F 
 6874      434B5337 
 6874      00
 6875              	.LASF272:
 6876 1bcd 50455249 		.ascii	"PERI_PPU_GR_V1_Type\000"
 6876      5F505055 
 6876      5F47525F 
 6876      56315F54 
 6876      79706500 
 6877              	.LASF285:
 6878 1be1 50455249 		.ascii	"PERI_V1_Type\000"
 6878      5F56315F 
 6878      54797065 
 6878      00
 6879              	.LASF295:
 6880 1bee 4D435744 		.ascii	"MCWDT_LOCK\000"
 6880      545F4C4F 
 6880      434B00
 6881              	.LASF215:
 6882 1bf9 54524947 		.ascii	"TRIG14_OUT_TR_GROUP2_INPUT37\000"
 6882      31345F4F 
 6882      55545F54 
 6882      525F4752 
 6882      4F555032 
 6883              	.LASF222:
 6884 1c16 54524947 		.ascii	"TRIG14_OUT_TR_GROUP2_INPUT38\000"
 6884      31345F4F 
 6884      55545F54 
 6884      525F4752 
ARM GAS  C:\Users\Finik\AppData\Local\Temp\ccXrCYub.s 			page 240


 6884      4F555032 
 6885              	.LASF229:
 6886 1c33 54524947 		.ascii	"TRIG14_OUT_TR_GROUP2_INPUT39\000"
 6886      31345F4F 
 6886      55545F54 
 6886      525F4752 
 6886      4F555032 
 6887              	.LASF562:
 6888 1c50 43595F53 		.ascii	"CY_SYSCLK_CLKHF_NO_DIVIDE\000"
 6888      5953434C 
 6888      4B5F434C 
 6888      4B48465F 
 6888      4E4F5F44 
 6889              	.LASF355:
 6890 1c6a 5057525F 		.ascii	"PWR_TRIM_PWRSYS_CTL\000"
 6890      5452494D 
 6890      5F505752 
 6890      5359535F 
 6890      43544C00 
 6891              	.LASF490:
 6892 1c7e 63795F73 		.ascii	"cy_stc_device_t\000"
 6892      74635F64 
 6892      65766963 
 6892      655F7400 
 6893              	.LASF207:
 6894 1c8e 54524947 		.ascii	"TRIG14_OUT_TR_GROUP8_INPUT35\000"
 6894      31345F4F 
 6894      55545F54 
 6894      525F4752 
 6894      4F555038 
 6895              	.LASF214:
 6896 1cab 54524947 		.ascii	"TRIG14_OUT_TR_GROUP8_INPUT36\000"
 6896      31345F4F 
 6896      55545F54 
 6896      525F4752 
 6896      4F555038 
 6897              	.LASF221:
 6898 1cc8 54524947 		.ascii	"TRIG14_OUT_TR_GROUP8_INPUT37\000"
 6898      31345F4F 
 6898      55545F54 
 6898      525F4752 
 6898      4F555038 
 6899              	.LASF228:
 6900 1ce5 54524947 		.ascii	"TRIG14_OUT_TR_GROUP8_INPUT38\000"
 6900      31345F4F 
 6900      55545F54 
 6900      525F4752 
 6900      4F555038 
 6901              	.LASF235:
 6902 1d02 54524947 		.ascii	"TRIG14_OUT_TR_GROUP8_INPUT39\000"
 6902      31345F4F 
 6902      55545F54 
 6902      525F4752 
 6902      4F555038 
 6903              	.LASF510:
 6904 1d1f 43595F53 		.ascii	"CY_SYSCLK_INVALID_STATE\000"
 6904      5953434C 
ARM GAS  C:\Users\Finik\AppData\Local\Temp\ccXrCYub.s 			page 241


 6904      4B5F494E 
 6904      56414C49 
 6904      445F5354 
 6905              	.LASF568:
 6906 1d37 43595F53 		.ascii	"CY_SYSCLK_DIV_16_BIT\000"
 6906      5953434C 
 6906      4B5F4449 
 6906      565F3136 
 6906      5F424954 
 6907              	.LASF493:
 6908 1d4c 646F7562 		.ascii	"double\000"
 6908      6C6500
 6909              	.LASF472:
 6910 1d53 6770696F 		.ascii	"gpioPrtCfgOutOffset\000"
 6910      50727443 
 6910      66674F75 
 6910      744F6666 
 6910      73657400 
 6911              	.LASF415:
 6912 1d67 63727970 		.ascii	"cryptoVersion\000"
 6912      746F5665 
 6912      7273696F 
 6912      6E00
 6913              	.LASF332:
 6914 1d75 434C4B5F 		.ascii	"CLK_PLL_CONFIG\000"
 6914      504C4C5F 
 6914      434F4E46 
 6914      494700
 6915              	.LASF443:
 6916 1d84 666C6173 		.ascii	"flashWriteDelay\000"
 6916      68577269 
 6916      74654465 
 6916      6C617900 
 6917              	.LASF441:
 6918 1d94 666C6173 		.ascii	"flashRwwRequired\000"
 6918      68527777 
 6918      52657175 
 6918      69726564 
 6918      00
 6919              	.LASF449:
 6920 1da5 666C6173 		.ascii	"flashCtlMainWs3Freq\000"
 6920      6843746C 
 6920      4D61696E 
 6920      57733346 
 6920      72657100 
 6921              	.LASF467:
 6922 1db9 70657269 		.ascii	"periDiv16_5CtlOffset\000"
 6922      44697631 
 6922      365F3543 
 6922      746C4F66 
 6922      66736574 
 6923              	.LASF236:
 6924 1dce 54524947 		.ascii	"TRIG14_OUT_TR_GROUP2_INPUT40\000"
 6924      31345F4F 
 6924      55545F54 
 6924      525F4752 
 6924      4F555032 
ARM GAS  C:\Users\Finik\AppData\Local\Temp\ccXrCYub.s 			page 242


 6925              	.LASF243:
 6926 1deb 54524947 		.ascii	"TRIG14_OUT_TR_GROUP2_INPUT41\000"
 6926      31345F4F 
 6926      55545F54 
 6926      525F4752 
 6926      4F555032 
 6927              	.LASF250:
 6928 1e08 54524947 		.ascii	"TRIG14_OUT_TR_GROUP2_INPUT42\000"
 6928      31345F4F 
 6928      55545F54 
 6928      525F4752 
 6928      4F555032 
 6929              	.LASF242:
 6930 1e25 54524947 		.ascii	"TRIG14_OUT_TR_GROUP8_INPUT40\000"
 6930      31345F4F 
 6930      55545F54 
 6930      525F4752 
 6930      4F555038 
 6931              	.LASF249:
 6932 1e42 54524947 		.ascii	"TRIG14_OUT_TR_GROUP8_INPUT41\000"
 6932      31345F4F 
 6932      55545F54 
 6932      525F4752 
 6932      4F555038 
 6933              	.LASF256:
 6934 1e5f 54524947 		.ascii	"TRIG14_OUT_TR_GROUP8_INPUT42\000"
 6934      31345F4F 
 6934      55545F54 
 6934      525F4752 
 6934      4F555038 
 6935              	.LASF626:
 6936 1e7c 64697669 		.ascii	"dividerType\000"
 6936      64657254 
 6936      79706500 
 6937              	.LASF492:
 6938 1e88 666C6F61 		.ascii	"float\000"
 6938      7400
 6939              	.LASF537:
 6940 1e8e 6C6F636B 		.ascii	"lockTolerance\000"
 6940      546F6C65 
 6940      72616E63 
 6940      6500
 6941              	.LASF480:
 6942 1e9c 63707573 		.ascii	"cpussTrimRomCtlOffset\000"
 6942      73547269 
 6942      6D526F6D 
 6942      43746C4F 
 6942      66667365 
 6943              	.LASF423:
 6944 1eb2 63707573 		.ascii	"cpussIpcNr\000"
 6944      73497063 
 6944      4E7200
 6945              	.LASF271:
 6946 1ebd 50455249 		.ascii	"PERI_PPU_PR_V1_Type\000"
 6946      5F505055 
 6946      5F50525F 
 6946      56315F54 
ARM GAS  C:\Users\Finik\AppData\Local\Temp\ccXrCYub.s 			page 243


 6946      79706500 
 6947              	.LASF322:
 6948 1ed1 434C4B5F 		.ascii	"CLK_ECO_STATUS\000"
 6948      45434F5F 
 6948      53544154 
 6948      555300
 6949              	.LASF607:
 6950 1ee0 43595F53 		.ascii	"CY_SYSCLK_BAK_IN_CLKLF\000"
 6950      5953434C 
 6950      4B5F4241 
 6950      4B5F494E 
 6950      5F434C4B 
 6951              	.LASF287:
 6952 1ef7 4D435744 		.ascii	"MCWDT_CNTHIGH\000"
 6952      545F434E 
 6952      54484947 
 6952      4800
 6953              	.LASF210:
 6954 1f05 54524947 		.ascii	"TRIG14_OUT_TR_GROUP4_INPUT36\000"
 6954      31345F4F 
 6954      55545F54 
 6954      525F4752 
 6954      4F555034 
 6955              	.LASF608:
 6956 1f22 63795F65 		.ascii	"cy_en_clkbak_in_sources_t\000"
 6956      6E5F636C 
 6956      6B62616B 
 6956      5F696E5F 
 6956      736F7572 
 6957              	.LASF153:
 6958 1f3c 54524947 		.ascii	"TRIG14_IN_PASS_TR_CTDAC_EMPTY\000"
 6958      31345F49 
 6958      4E5F5041 
 6958      53535F54 
 6958      525F4354 
 6959              	.LASF330:
 6960 1f5a 434C4B5F 		.ascii	"CLK_FLL_STATUS\000"
 6960      464C4C5F 
 6960      53544154 
 6960      555300
 6961              	.LASF650:
 6962 1f69 43795F53 		.ascii	"Cy_SysClk_FllEnable\000"
 6962      7973436C 
 6962      6B5F466C 
 6962      6C456E61 
 6962      626C6500 
 6963              	.LASF417:
 6964 1f7d 666C6173 		.ascii	"flashcVersion\000"
 6964      68635665 
 6964      7273696F 
 6964      6E00
 6965              	.LASF312:
 6966 1f8b 434C4B5F 		.ascii	"CLK_TIMER_CTL\000"
 6966      54494D45 
 6966      525F4354 
 6966      4C00
 6967              	.LASF0:
ARM GAS  C:\Users\Finik\AppData\Local\Temp\ccXrCYub.s 			page 244


 6968 1f99 756E7369 		.ascii	"unsigned int\000"
 6968      676E6564 
 6968      20696E74 
 6968      00
 6969              	.LASF117:
 6970 1fa6 54524947 		.ascii	"TRIG0_IN_TR_GROUP13_OUTPUT10\000"
 6970      305F494E 
 6970      5F54525F 
 6970      47524F55 
 6970      5031335F 
 6971              	.LASF118:
 6972 1fc3 54524947 		.ascii	"TRIG0_IN_TR_GROUP13_OUTPUT11\000"
 6972      305F494E 
 6972      5F54525F 
 6972      47524F55 
 6972      5031335F 
 6973              	.LASF119:
 6974 1fe0 54524947 		.ascii	"TRIG0_IN_TR_GROUP13_OUTPUT12\000"
 6974      305F494E 
 6974      5F54525F 
 6974      47524F55 
 6974      5031335F 
 6975              	.LASF120:
 6976 1ffd 54524947 		.ascii	"TRIG0_IN_TR_GROUP13_OUTPUT13\000"
 6976      305F494E 
 6976      5F54525F 
 6976      47524F55 
 6976      5031335F 
 6977              	.LASF121:
 6978 201a 54524947 		.ascii	"TRIG0_IN_TR_GROUP13_OUTPUT14\000"
 6978      305F494E 
 6978      5F54525F 
 6978      47524F55 
 6978      5031335F 
 6979              	.LASF122:
 6980 2037 54524947 		.ascii	"TRIG0_IN_TR_GROUP13_OUTPUT15\000"
 6980      305F494E 
 6980      5F54525F 
 6980      47524F55 
 6980      5031335F 
 6981              	.LASF469:
 6982 2054 6770696F 		.ascii	"gpioPrtIntrCfgOffset\000"
 6982      50727449 
 6982      6E747243 
 6982      66674F66 
 6982      66736574 
 6983              	.LASF364:
 6984 2069 5254435F 		.ascii	"RTC_TIME\000"
 6984      54494D45 
 6984      00
 6985              	.LASF158:
 6986 2072 54524947 		.ascii	"TRIG14_IN_SCB0_TR_I2C_SCL_FILTERED\000"
 6986      31345F49 
 6986      4E5F5343 
 6986      42305F54 
 6986      525F4932 
 6987              	.LASF554:
ARM GAS  C:\Users\Finik\AppData\Local\Temp\ccXrCYub.s 			page 245


 6988 2095 43595F53 		.ascii	"CY_SYSCLK_CLKHF_IN_CLKPATH9\000"
 6988      5953434C 
 6988      4B5F434C 
 6988      4B48465F 
 6988      494E5F43 
 6989              	.LASF342:
 6990 20b1 5245535F 		.ascii	"RES_CAUSE\000"
 6990      43415553 
 6990      4500
 6991              	.LASF577:
 6992 20bb 43595F53 		.ascii	"CY_SYSCLK_CLKTIMER_IN_IMO\000"
 6992      5953434C 
 6992      4B5F434C 
 6992      4B54494D 
 6992      45525F49 
 6993              	.LASF89:
 6994 20d5 54524947 		.ascii	"TRIG0_IN_TR_GROUP11_OUTPUT0\000"
 6994      305F494E 
 6994      5F54525F 
 6994      47524F55 
 6994      5031315F 
 6995              	.LASF90:
 6996 20f1 54524947 		.ascii	"TRIG0_IN_TR_GROUP11_OUTPUT1\000"
 6996      305F494E 
 6996      5F54525F 
 6996      47524F55 
 6996      5031315F 
 6997              	.LASF91:
 6998 210d 54524947 		.ascii	"TRIG0_IN_TR_GROUP11_OUTPUT2\000"
 6998      305F494E 
 6998      5F54525F 
 6998      47524F55 
 6998      5031315F 
 6999              	.LASF92:
 7000 2129 54524947 		.ascii	"TRIG0_IN_TR_GROUP11_OUTPUT3\000"
 7000      305F494E 
 7000      5F54525F 
 7000      47524F55 
 7000      5031315F 
 7001              	.LASF93:
 7002 2145 54524947 		.ascii	"TRIG0_IN_TR_GROUP11_OUTPUT4\000"
 7002      305F494E 
 7002      5F54525F 
 7002      47524F55 
 7002      5031315F 
 7003              	.LASF94:
 7004 2161 54524947 		.ascii	"TRIG0_IN_TR_GROUP11_OUTPUT5\000"
 7004      305F494E 
 7004      5F54525F 
 7004      47524F55 
 7004      5031315F 
 7005              	.LASF95:
 7006 217d 54524947 		.ascii	"TRIG0_IN_TR_GROUP11_OUTPUT6\000"
 7006      305F494E 
 7006      5F54525F 
 7006      47524F55 
 7006      5031315F 
ARM GAS  C:\Users\Finik\AppData\Local\Temp\ccXrCYub.s 			page 246


 7007              	.LASF96:
 7008 2199 54524947 		.ascii	"TRIG0_IN_TR_GROUP11_OUTPUT7\000"
 7008      305F494E 
 7008      5F54525F 
 7008      47524F55 
 7008      5031315F 
 7009              	.LASF97:
 7010 21b5 54524947 		.ascii	"TRIG0_IN_TR_GROUP11_OUTPUT8\000"
 7010      305F494E 
 7010      5F54525F 
 7010      47524F55 
 7010      5031315F 
 7011              	.LASF98:
 7012 21d1 54524947 		.ascii	"TRIG0_IN_TR_GROUP11_OUTPUT9\000"
 7012      305F494E 
 7012      5F54525F 
 7012      47524F55 
 7012      5031315F 
 7013              	.LASF74:
 7014 21ed 50434C4B 		.ascii	"PCLK_CPUSS_CLOCK_TRACE_IN\000"
 7014      5F435055 
 7014      53535F43 
 7014      4C4F434B 
 7014      5F545241 
 7015              	.LASF268:
 7016 2207 41545430 		.ascii	"ATT0\000"
 7016      00
 7017              	.LASF270:
 7018 220c 41545431 		.ascii	"ATT1\000"
 7018      00
 7019              	.LASF169:
 7020 2211 54524947 		.ascii	"TRIG0_OUT_CPUSS_DW0_TR_IN0\000"
 7020      305F4F55 
 7020      545F4350 
 7020      5553535F 
 7020      4457305F 
 7021              	.LASF170:
 7022 222c 54524947 		.ascii	"TRIG0_OUT_CPUSS_DW0_TR_IN1\000"
 7022      305F4F55 
 7022      545F4350 
 7022      5553535F 
 7022      4457305F 
 7023              	.LASF171:
 7024 2247 54524947 		.ascii	"TRIG0_OUT_CPUSS_DW0_TR_IN2\000"
 7024      305F4F55 
 7024      545F4350 
 7024      5553535F 
 7024      4457305F 
 7025              	.LASF172:
 7026 2262 54524947 		.ascii	"TRIG0_OUT_CPUSS_DW0_TR_IN3\000"
 7026      305F4F55 
 7026      545F4350 
 7026      5553535F 
 7026      4457305F 
 7027              	.LASF173:
 7028 227d 54524947 		.ascii	"TRIG0_OUT_CPUSS_DW0_TR_IN4\000"
 7028      305F4F55 
ARM GAS  C:\Users\Finik\AppData\Local\Temp\ccXrCYub.s 			page 247


 7028      545F4350 
 7028      5553535F 
 7028      4457305F 
 7029              	.LASF174:
 7030 2298 54524947 		.ascii	"TRIG0_OUT_CPUSS_DW0_TR_IN5\000"
 7030      305F4F55 
 7030      545F4350 
 7030      5553535F 
 7030      4457305F 
 7031              	.LASF175:
 7032 22b3 54524947 		.ascii	"TRIG0_OUT_CPUSS_DW0_TR_IN6\000"
 7032      305F4F55 
 7032      545F4350 
 7032      5553535F 
 7032      4457305F 
 7033              	.LASF176:
 7034 22ce 54524947 		.ascii	"TRIG0_OUT_CPUSS_DW0_TR_IN7\000"
 7034      305F4F55 
 7034      545F4350 
 7034      5553535F 
 7034      4457305F 
 7035              	.LASF177:
 7036 22e9 54524947 		.ascii	"TRIG0_OUT_CPUSS_DW0_TR_IN8\000"
 7036      305F4F55 
 7036      545F4350 
 7036      5553535F 
 7036      4457305F 
 7037              	.LASF178:
 7038 2304 54524947 		.ascii	"TRIG0_OUT_CPUSS_DW0_TR_IN9\000"
 7038      305F4F55 
 7038      545F4350 
 7038      5553535F 
 7038      4457305F 
 7039              	.LASF338:
 7040 231f 53525353 		.ascii	"SRSS_INTR_MASK\000"
 7040      5F494E54 
 7040      525F4D41 
 7040      534B00
 7041              	.LASF213:
 7042 232e 54524947 		.ascii	"TRIG14_OUT_TR_GROUP7_INPUT36\000"
 7042      31345F4F 
 7042      55545F54 
 7042      525F4752 
 7042      4F555037 
 7043              	.LASF310:
 7044 234b 434C4B5F 		.ascii	"CLK_ROOT_SELECT\000"
 7044      524F4F54 
 7044      5F53454C 
 7044      45435400 
 7045              	.LASF227:
 7046 235b 54524947 		.ascii	"TRIG14_OUT_TR_GROUP7_INPUT38\000"
 7046      31345F4F 
 7046      55545F54 
 7046      525F4752 
 7046      4F555037 
 7047              	.LASF339:
 7048 2378 53525353 		.ascii	"SRSS_INTR_MASKED\000"
ARM GAS  C:\Users\Finik\AppData\Local\Temp\ccXrCYub.s 			page 248


 7048      5F494E54 
 7048      525F4D41 
 7048      534B4544 
 7048      00
 7049              	.LASF4:
 7050 2389 756E7369 		.ascii	"unsigned char\000"
 7050      676E6564 
 7050      20636861 
 7050      7200
 7051              	.LASF76:
 7052 2397 50434C4B 		.ascii	"PCLK_PASS_CLOCK_PUMP_PERI\000"
 7052      5F504153 
 7052      535F434C 
 7052      4F434B5F 
 7052      50554D50 
 7053              	.LASF605:
 7054 23b1 63795F65 		.ascii	"cy_en_clkpump_divide_t\000"
 7054      6E5F636C 
 7054      6B70756D 
 7054      705F6469 
 7054      76696465 
 7055              	.LASF424:
 7056 23c8 63707573 		.ascii	"cpussIpcIrqNr\000"
 7056      73497063 
 7056      4972714E 
 7056      7200
 7057              	.LASF649:
 7058 23d6 43795F53 		.ascii	"Cy_SysClk_ClkPathSetSource\000"
 7058      7973436C 
 7058      6B5F436C 
 7058      6B506174 
 7058      68536574 
 7059              	.LASF456:
 7060 23f1 64775374 		.ascii	"dwStatusChIdxMsk\000"
 7060      61747573 
 7060      43684964 
 7060      784D736B 
 7060      00
 7061              	.LASF653:
 7062 2402 43795F47 		.ascii	"Cy_GPIO_Port_Init\000"
 7062      50494F5F 
 7062      506F7274 
 7062      5F496E69 
 7062      7400
 7063              	.LASF163:
 7064 2414 54524947 		.ascii	"TRIG14_IN_SCB5_TR_I2C_SCL_FILTERED\000"
 7064      31345F49 
 7064      4E5F5343 
 7064      42355F54 
 7064      525F4932 
 7065              	.LASF138:
 7066 2437 54524947 		.ascii	"TRIG14_IN_UDB_TR_UDB6\000"
 7066      31345F49 
 7066      4E5F5544 
 7066      425F5452 
 7066      5F554442 
 7067              	.LASF317:
ARM GAS  C:\Users\Finik\AppData\Local\Temp\ccXrCYub.s 			page 249


 7068 244d 434C4B5F 		.ascii	"CLK_OUTPUT_SLOW\000"
 7068      4F555450 
 7068      55545F53 
 7068      4C4F5700 
 7069              	.LASF445:
 7070 245d 666C6173 		.ascii	"flashEraseDelay\000"
 7070      68457261 
 7070      73654465 
 7070      6C617900 
 7071              	.LASF328:
 7072 246d 434C4B5F 		.ascii	"CLK_FLL_CONFIG3\000"
 7072      464C4C5F 
 7072      434F4E46 
 7072      49473300 
 7073              	.LASF395:
 7074 247d 5644445F 		.ascii	"VDD_INTR\000"
 7074      494E5452 
 7074      00
 7075              	.LASF533:
 7076 2486 666C6C4D 		.ascii	"fllMult\000"
 7076      756C7400 
 7077              	.LASF569:
 7078 248e 43595F53 		.ascii	"CY_SYSCLK_DIV_16_5_BIT\000"
 7078      5953434C 
 7078      4B5F4449 
 7078      565F3136 
 7078      5F355F42 
 7079              	.LASF321:
 7080 24a5 434C4B5F 		.ascii	"CLK_ECO_CONFIG\000"
 7080      45434F5F 
 7080      434F4E46 
 7080      494700
 7081              	.LASF241:
 7082 24b4 54524947 		.ascii	"TRIG14_OUT_TR_GROUP7_INPUT40\000"
 7082      31345F4F 
 7082      55545F54 
 7082      525F4752 
 7082      4F555037 
 7083              	.LASF248:
 7084 24d1 54524947 		.ascii	"TRIG14_OUT_TR_GROUP7_INPUT41\000"
 7084      31345F4F 
 7084      55545F54 
 7084      525F4752 
 7084      4F555037 
 7085              	.LASF255:
 7086 24ee 54524947 		.ascii	"TRIG14_OUT_TR_GROUP7_INPUT42\000"
 7086      31345F4F 
 7086      55545F54 
 7086      525F4752 
 7086      4F555037 
 7087              	.LASF2:
 7088 250b 6C6F6E67 		.ascii	"long double\000"
 7088      20646F75 
 7088      626C6500 
 7089              	.LASF315:
 7090 2517 434C4B5F 		.ascii	"CLK_IMO_CONFIG\000"
 7090      494D4F5F 
ARM GAS  C:\Users\Finik\AppData\Local\Temp\ccXrCYub.s 			page 250


 7090      434F4E46 
 7090      494700
 7091              	.LASF371:
 7092 2526 494E5452 		.ascii	"INTR_SET\000"
 7092      5F534554 
 7092      00
 7093              	.LASF535:
 7094 252f 63636F52 		.ascii	"ccoRange\000"
 7094      616E6765 
 7094      00
 7095              	.LASF252:
 7096 2538 54524947 		.ascii	"TRIG14_OUT_TR_GROUP4_INPUT42\000"
 7096      31345F4F 
 7096      55545F54 
 7096      525F4752 
 7096      4F555034 
 7097              	.LASF431:
 7098 2555 73727373 		.ascii	"srssNumPll\000"
 7098      4E756D50 
 7098      6C6C00
 7099              	.LASF308:
 7100 2560 434C4B5F 		.ascii	"CLK_DSI_SELECT\000"
 7100      4453495F 
 7100      53454C45 
 7100      435400
 7101              	.LASF47:
 7102 256f 50434C4B 		.ascii	"PCLK_TCPWM1_CLOCKS0\000"
 7102      5F544350 
 7102      574D315F 
 7102      434C4F43 
 7102      4B533000 
 7103              	.LASF48:
 7104 2583 50434C4B 		.ascii	"PCLK_TCPWM1_CLOCKS1\000"
 7104      5F544350 
 7104      574D315F 
 7104      434C4F43 
 7104      4B533100 
 7105              	.LASF49:
 7106 2597 50434C4B 		.ascii	"PCLK_TCPWM1_CLOCKS2\000"
 7106      5F544350 
 7106      574D315F 
 7106      434C4F43 
 7106      4B533200 
 7107              	.LASF50:
 7108 25ab 50434C4B 		.ascii	"PCLK_TCPWM1_CLOCKS3\000"
 7108      5F544350 
 7108      574D315F 
 7108      434C4F43 
 7108      4B533300 
 7109              	.LASF51:
 7110 25bf 50434C4B 		.ascii	"PCLK_TCPWM1_CLOCKS4\000"
 7110      5F544350 
 7110      574D315F 
 7110      434C4F43 
 7110      4B533400 
 7111              	.LASF52:
 7112 25d3 50434C4B 		.ascii	"PCLK_TCPWM1_CLOCKS5\000"
ARM GAS  C:\Users\Finik\AppData\Local\Temp\ccXrCYub.s 			page 251


 7112      5F544350 
 7112      574D315F 
 7112      434C4F43 
 7112      4B533500 
 7113              	.LASF53:
 7114 25e7 50434C4B 		.ascii	"PCLK_TCPWM1_CLOCKS6\000"
 7114      5F544350 
 7114      574D315F 
 7114      434C4F43 
 7114      4B533600 
 7115              	.LASF54:
 7116 25fb 50434C4B 		.ascii	"PCLK_TCPWM1_CLOCKS7\000"
 7116      5F544350 
 7116      574D315F 
 7116      434C4F43 
 7116      4B533700 
 7117              	.LASF55:
 7118 260f 50434C4B 		.ascii	"PCLK_TCPWM1_CLOCKS8\000"
 7118      5F544350 
 7118      574D315F 
 7118      434C4F43 
 7118      4B533800 
 7119              	.LASF56:
 7120 2623 50434C4B 		.ascii	"PCLK_TCPWM1_CLOCKS9\000"
 7120      5F544350 
 7120      574D315F 
 7120      434C4F43 
 7120      4B533900 
 7121              	.LASF483:
 7122 2637 63707573 		.ascii	"cpussCm4NmiCtlOffset\000"
 7122      73436D34 
 7122      4E6D6943 
 7122      746C4F66 
 7122      66736574 
 7123              	.LASF482:
 7124 264c 63707573 		.ascii	"cpussCm0NmiCtlOffset\000"
 7124      73436D30 
 7124      4E6D6943 
 7124      746C4F66 
 7124      66736574 
 7125              	.LASF129:
 7126 2661 54524947 		.ascii	"TRIG0_IN_TR_GROUP14_OUTPUT6\000"
 7126      305F494E 
 7126      5F54525F 
 7126      47524F55 
 7126      5031345F 
 7127              	.LASF83:
 7128 267d 54524947 		.ascii	"TRIG0_IN_TR_GROUP10_OUTPUT2\000"
 7128      305F494E 
 7128      5F54525F 
 7128      47524F55 
 7128      5031305F 
 7129              	.LASF130:
 7130 2699 54524947 		.ascii	"TRIG0_IN_TR_GROUP14_OUTPUT7\000"
 7130      305F494E 
 7130      5F54525F 
 7130      47524F55 
ARM GAS  C:\Users\Finik\AppData\Local\Temp\ccXrCYub.s 			page 252


 7130      5031345F 
 7131              	.LASF491:
 7132 26b5 63686172 		.ascii	"char_t\000"
 7132      5F7400
 7133              	.LASF13:
 7134 26bc 6C6F6E67 		.ascii	"long long unsigned int\000"
 7134      206C6F6E 
 7134      6720756E 
 7134      7369676E 
 7134      65642069 
 7135              	.LASF261:
 7136 26d3 534C5F43 		.ascii	"SL_CTL\000"
 7136      544C00
 7137              	.LASF498:
 7138 26da 6366674F 		.ascii	"cfgOut\000"
 7138      757400
 7139              	.LASF604:
 7140 26e1 43595F53 		.ascii	"CY_SYSCLK_PUMP_DIV_16\000"
 7140      5953434C 
 7140      4B5F5055 
 7140      4D505F44 
 7140      49565F31 
 7141              	.LASF18:
 7142 26f7 75696E74 		.ascii	"uint16_t\000"
 7142      31365F74 
 7142      00
 7143              	.LASF259:
 7144 2700 434C4F43 		.ascii	"CLOCK_CTL\000"
 7144      4B5F4354 
 7144      4C00
 7145              	.LASF657:
 7146 270a 43795F54 		.ascii	"Cy_TrigMux_Connect\000"
 7146      7269674D 
 7146      75785F43 
 7146      6F6E6E65 
 7146      637400
 7147              	.LASF636:
 7148 271d 43795F53 		.ascii	"Cy_SysClk_ClkPumpSetSource\000"
 7148      7973436C 
 7148      6B5F436C 
 7148      6B50756D 
 7148      70536574 
 7149              	.LASF426:
 7150 2738 63707573 		.ascii	"cpussFlashPaSize\000"
 7150      73466C61 
 7150      73685061 
 7150      53697A65 
 7150      00
 7151              	.LASF71:
 7152 2749 50434C4B 		.ascii	"PCLK_CSD_CLOCK\000"
 7152      5F435344 
 7152      5F434C4F 
 7152      434B00
 7153              	.LASF333:
 7154 2758 52455345 		.ascii	"RESERVED10\000"
 7154      52564544 
 7154      313000
ARM GAS  C:\Users\Finik\AppData\Local\Temp\ccXrCYub.s 			page 253


 7155              	.LASF335:
 7156 2763 52455345 		.ascii	"RESERVED11\000"
 7156      52564544 
 7156      313100
 7157              	.LASF341:
 7158 276e 52455345 		.ascii	"RESERVED12\000"
 7158      52564544 
 7158      313200
 7159              	.LASF344:
 7160 2779 52455345 		.ascii	"RESERVED13\000"
 7160      52564544 
 7160      313300
 7161              	.LASF349:
 7162 2784 52455345 		.ascii	"RESERVED14\000"
 7162      52564544 
 7162      313400
 7163              	.LASF351:
 7164 278f 52455345 		.ascii	"RESERVED15\000"
 7164      52564544 
 7164      313500
 7165              	.LASF353:
 7166 279a 52455345 		.ascii	"RESERVED16\000"
 7166      52564544 
 7166      313600
 7167              	.LASF631:
 7168 27a5 43795F53 		.ascii	"Cy_SysClk_IloHibernateOn\000"
 7168      7973436C 
 7168      6B5F496C 
 7168      6F486962 
 7168      65726E61 
 7169              	.LASF566:
 7170 27be 63795F65 		.ascii	"cy_en_clkhf_dividers_t\000"
 7170      6E5F636C 
 7170      6B68665F 
 7170      64697669 
 7170      64657273 
 7171              	.LASF619:
 7172 27d5 43795F53 		.ascii	"Cy_SysClk_ClkHfSetSource\000"
 7172      7973436C 
 7172      6B5F436C 
 7172      6B486653 
 7172      6574536F 
 7173              	.LASF574:
 7174 27ee 43595F53 		.ascii	"CY_SYSCLK_CLKLF_IN_ALTLF\000"
 7174      5953434C 
 7174      4B5F434C 
 7174      4B4C465F 
 7174      494E5F41 
 7175              	.LASF165:
 7176 2807 54524947 		.ascii	"TRIG14_IN_SCB7_TR_I2C_SCL_FILTERED\000"
 7176      31345F49 
 7176      4E5F5343 
 7176      42375F54 
 7176      525F4932 
 7177              	.LASF202:
 7178 282a 54524947 		.ascii	"TRIG14_OUT_TR_GROUP3_INPUT35\000"
 7178      31345F4F 
ARM GAS  C:\Users\Finik\AppData\Local\Temp\ccXrCYub.s 			page 254


 7178      55545F54 
 7178      525F4752 
 7178      4F555033 
 7179              	.LASF209:
 7180 2847 54524947 		.ascii	"TRIG14_OUT_TR_GROUP3_INPUT36\000"
 7180      31345F4F 
 7180      55545F54 
 7180      525F4752 
 7180      4F555033 
 7181              	.LASF216:
 7182 2864 54524947 		.ascii	"TRIG14_OUT_TR_GROUP3_INPUT37\000"
 7182      31345F4F 
 7182      55545F54 
 7182      525F4752 
 7182      4F555033 
 7183              	.LASF223:
 7184 2881 54524947 		.ascii	"TRIG14_OUT_TR_GROUP3_INPUT38\000"
 7184      31345F4F 
 7184      55545F54 
 7184      525F4752 
 7184      4F555033 
 7185              	.LASF583:
 7186 289e 43595F53 		.ascii	"CY_SYSCLK_PUMP_IN_CLKPATH0\000"
 7186      5953434C 
 7186      4B5F5055 
 7186      4D505F49 
 7186      4E5F434C 
 7187              	.LASF301:
 7188 28b9 5057525F 		.ascii	"PWR_BUCK_CTL2\000"
 7188      4255434B 
 7188      5F43544C 
 7188      3200
 7189              	.LASF585:
 7190 28c7 43595F53 		.ascii	"CY_SYSCLK_PUMP_IN_CLKPATH2\000"
 7190      5953434C 
 7190      4B5F5055 
 7190      4D505F49 
 7190      4E5F434C 
 7191              	.LASF586:
 7192 28e2 43595F53 		.ascii	"CY_SYSCLK_PUMP_IN_CLKPATH3\000"
 7192      5953434C 
 7192      4B5F5055 
 7192      4D505F49 
 7192      4E5F434C 
 7193              	.LASF587:
 7194 28fd 43595F53 		.ascii	"CY_SYSCLK_PUMP_IN_CLKPATH4\000"
 7194      5953434C 
 7194      4B5F5055 
 7194      4D505F49 
 7194      4E5F434C 
 7195              	.LASF588:
 7196 2918 43595F53 		.ascii	"CY_SYSCLK_PUMP_IN_CLKPATH5\000"
 7196      5953434C 
 7196      4B5F5055 
 7196      4D505F49 
 7196      4E5F434C 
 7197              	.LASF589:
ARM GAS  C:\Users\Finik\AppData\Local\Temp\ccXrCYub.s 			page 255


 7198 2933 43595F53 		.ascii	"CY_SYSCLK_PUMP_IN_CLKPATH6\000"
 7198      5953434C 
 7198      4B5F5055 
 7198      4D505F49 
 7198      4E5F434C 
 7199              	.LASF590:
 7200 294e 43595F53 		.ascii	"CY_SYSCLK_PUMP_IN_CLKPATH7\000"
 7200      5953434C 
 7200      4B5F5055 
 7200      4D505F49 
 7200      4E5F434C 
 7201              	.LASF591:
 7202 2969 43595F53 		.ascii	"CY_SYSCLK_PUMP_IN_CLKPATH8\000"
 7202      5953434C 
 7202      4B5F5055 
 7202      4D505F49 
 7202      4E5F434C 
 7203              	.LASF592:
 7204 2984 43595F53 		.ascii	"CY_SYSCLK_PUMP_IN_CLKPATH9\000"
 7204      5953434C 
 7204      4B5F5055 
 7204      4D505F49 
 7204      4E5F434C 
 7205              	.LASF475:
 7206 299f 63707573 		.ascii	"cpussCm4ClockCtlOffset\000"
 7206      73436D34 
 7206      436C6F63 
 7206      6B43746C 
 7206      4F666673 
 7207              	.LASF345:
 7208 29b6 5057525F 		.ascii	"PWR_TRIM_REF_CTL\000"
 7208      5452494D 
 7208      5F524546 
 7208      5F43544C 
 7208      00
 7209              	.LASF148:
 7210 29c7 54524947 		.ascii	"TRIG14_IN_UDB_DSI_OUT_TR0\000"
 7210      31345F49 
 7210      4E5F5544 
 7210      425F4453 
 7210      495F4F55 
 7211              	.LASF149:
 7212 29e1 54524947 		.ascii	"TRIG14_IN_UDB_DSI_OUT_TR1\000"
 7212      31345F49 
 7212      4E5F5544 
 7212      425F4453 
 7212      495F4F55 
 7213              	.LASF398:
 7214 29fb 5644445F 		.ascii	"VDD_INTR_SET\000"
 7214      494E5452 
 7214      5F534554 
 7214      00
 7215              	.LASF425:
 7216 2a08 63707573 		.ascii	"cpussDwChNr\000"
 7216      73447743 
 7216      684E7200 
 7217              	.LASF638:
ARM GAS  C:\Users\Finik\AppData\Local\Temp\ccXrCYub.s 			page 256


 7218 2a14 43795F53 		.ascii	"Cy_SysClk_ClkTimerSetDivider\000"
 7218      7973436C 
 7218      6B5F436C 
 7218      6B54696D 
 7218      65725365 
 7219              	.LASF485:
 7220 2a31 63707573 		.ascii	"cpussRam0Ctl0\000"
 7220      7352616D 
 7220      3043746C 
 7220      3000
 7221              	.LASF667:
 7222 2a3f 6D656D73 		.ascii	"memset\000"
 7222      657400
 7223              	.LASF654:
 7224 2a46 43795F53 		.ascii	"Cy_SysLib_GetResetReason\000"
 7224      79734C69 
 7224      625F4765 
 7224      74526573 
 7224      65745265 
 7225              	.LASF542:
 7226 2a5f 63636F5F 		.ascii	"cco_Freq\000"
 7226      46726571 
 7226      00
 7227              	.LASF561:
 7228 2a68 63795F65 		.ascii	"cy_en_clkhf_in_sources_t\000"
 7228      6E5F636C 
 7228      6B68665F 
 7228      696E5F73 
 7228      6F757263 
 7229              	.LASF514:
 7230 2a81 43595F53 		.ascii	"CY_SYSCLK_CLKPATH_IN_ECO\000"
 7230      5953434C 
 7230      4B5F434C 
 7230      4B504154 
 7230      485F494E 
 7231              	.LASF6:
 7232 2a9a 5F5F696E 		.ascii	"__int16_t\000"
 7232      7431365F 
 7232      7400
 7233              	.LASF377:
 7234 2aa4 52455345 		.ascii	"RESET\000"
 7234      5400
 7235              	.LASF534:
 7236 2aaa 72656644 		.ascii	"refDiv\000"
 7236      697600
 7237              	.LASF609:
 7238 2ab1 43595F53 		.ascii	"CY_SYSTICK_CLOCK_SOURCE_CLK_LF\000"
 7238      59535449 
 7238      434B5F43 
 7238      4C4F434B 
 7238      5F534F55 
 7239              	.LASF237:
 7240 2ad0 54524947 		.ascii	"TRIG14_OUT_TR_GROUP3_INPUT40\000"
 7240      31345F4F 
 7240      55545F54 
 7240      525F4752 
 7240      4F555033 
ARM GAS  C:\Users\Finik\AppData\Local\Temp\ccXrCYub.s 			page 257


 7241              	.LASF244:
 7242 2aed 54524947 		.ascii	"TRIG14_OUT_TR_GROUP3_INPUT41\000"
 7242      31345F4F 
 7242      55545F54 
 7242      525F4752 
 7242      4F555033 
 7243              	.LASF251:
 7244 2b0a 54524947 		.ascii	"TRIG14_OUT_TR_GROUP3_INPUT42\000"
 7244      31345F4F 
 7244      55545F54 
 7244      525F4752 
 7244      4F555033 
 7245              	.LASF363:
 7246 2b27 53544154 		.ascii	"STATUS\000"
 7246      555300
 7247              	.LASF616:
 7248 2b2e 636C6B48 		.ascii	"clkHf\000"
 7248      6600
 7249              	.LASF461:
 7250 2b34 70657269 		.ascii	"periDivCmdDivSelMsk\000"
 7250      44697643 
 7250      6D644469 
 7250      7653656C 
 7250      4D736B00 
 7251              	.LASF334:
 7252 2b48 434C4B5F 		.ascii	"CLK_PLL_STATUS\000"
 7252      504C4C5F 
 7252      53544154 
 7252      555300
 7253              	.LASF640:
 7254 2b57 43795F53 		.ascii	"Cy_SysClk_IloDisable\000"
 7254      7973436C 
 7254      6B5F496C 
 7254      6F446973 
 7254      61626C65 
 7255              	.LASF416:
 7256 2b6c 64775665 		.ascii	"dwVersion\000"
 7256      7273696F 
 7256      6E00
 7257              	.LASF500:
 7258 2b76 73656C30 		.ascii	"sel0Active\000"
 7258      41637469 
 7258      766500
 7259              	.LASF387:
 7260 2b81 4346475F 		.ascii	"CFG_SIO\000"
 7260      53494F00 
 7261              	.LASF613:
 7262 2b89 43595F53 		.ascii	"CY_SYSTICK_CLOCK_SOURCE_CLK_CPU\000"
 7262      59535449 
 7262      434B5F43 
 7262      4C4F434B 
 7262      5F534F55 
 7263              	.LASF410:
 7264 2ba9 6770696F 		.ascii	"gpioBase\000"
 7264      42617365 
 7264      00
 7265              	.LASF21:
ARM GAS  C:\Users\Finik\AppData\Local\Temp\ccXrCYub.s 			page 258


 7266 2bb2 50434C4B 		.ascii	"PCLK_SCB1_CLOCK\000"
 7266      5F534342 
 7266      315F434C 
 7266      4F434B00 
 7267              	.LASF366:
 7268 2bc2 414C4D31 		.ascii	"ALM1_TIME\000"
 7268      5F54494D 
 7268      4500
 7269              	.LASF439:
 7270 2bcc 70726F74 		.ascii	"protBusMasterMask\000"
 7270      4275734D 
 7270      61737465 
 7270      724D6173 
 7270      6B00
 7271              	.LASF438:
 7272 2bde 73797350 		.ascii	"sysPmSimoPresent\000"
 7272      6D53696D 
 7272      6F507265 
 7272      73656E74 
 7272      00
 7273              	.LASF348:
 7274 2bef 434C4B5F 		.ascii	"CLK_TRIM_CCO_CTL2\000"
 7274      5452494D 
 7274      5F43434F 
 7274      5F43544C 
 7274      3200
 7275              	.LASF666:
 7276 2c01 63795F64 		.ascii	"cy_device\000"
 7276      65766963 
 7276      6500
 7277              	.LASF495:
 7278 2c0b 696E7472 		.ascii	"intrMask\000"
 7278      4D61736B 
 7278      00
 7279              	.LASF305:
 7280 2c14 5744545F 		.ascii	"WDT_CNT\000"
 7280      434E5400 
 7281              	.LASF402:
 7282 2c1c 4750494F 		.ascii	"GPIO_PRT_Type\000"
 7282      5F505254 
 7282      5F547970 
 7282      6500
 7283              	.LASF41:
 7284 2c2a 50434C4B 		.ascii	"PCLK_TCPWM0_CLOCKS2\000"
 7284      5F544350 
 7284      574D305F 
 7284      434C4F43 
 7284      4B533200 
 7285              	.LASF275:
 7286 2c3e 4449565F 		.ascii	"DIV_16_CTL\000"
 7286      31365F43 
 7286      544C00
 7287              	.LASF159:
 7288 2c49 54524947 		.ascii	"TRIG14_IN_SCB1_TR_I2C_SCL_FILTERED\000"
 7288      31345F49 
 7288      4E5F5343 
 7288      42315F54 
ARM GAS  C:\Users\Finik\AppData\Local\Temp\ccXrCYub.s 			page 259


 7288      525F4932 
 7289              	.LASF448:
 7290 2c6c 666C6173 		.ascii	"flashCtlMainWs2Freq\000"
 7290      6843746C 
 7290      4D61696E 
 7290      57733246 
 7290      72657100 
 7291              	.LASF647:
 7292 2c80 706F7274 		.ascii	"port9_cfg\000"
 7292      395F6366 
 7292      6700
 7293              	.LASF290:
 7294 2c8a 4D435744 		.ascii	"MCWDT_CTL\000"
 7294      545F4354 
 7294      4C00
 7295              	.LASF494:
 7296 2c94 75696E74 		.ascii	"uint8\000"
 7296      3800
 7297              	.LASF522:
 7298 2c9a 43595F53 		.ascii	"CY_SYSCLK_FLLPLL_OUTPUT_AUTO\000"
 7298      5953434C 
 7298      4B5F464C 
 7298      4C504C4C 
 7298      5F4F5554 
 7299              	.LASF625:
 7300 2cb7 43795F53 		.ascii	"Cy_SysClk_PeriphSetDivider\000"
 7300      7973436C 
 7300      6B5F5065 
 7300      72697068 
 7300      53657444 
 7301              	.LASF307:
 7302 2cd2 4D435744 		.ascii	"MCWDT_STRUCT\000"
 7302      545F5354 
 7302      52554354 
 7302      00
 7303              	.LASF421:
 7304 2cdf 70657269 		.ascii	"periVersion\000"
 7304      56657273 
 7304      696F6E00 
 7305              	.LASF245:
 7306 2ceb 54524947 		.ascii	"TRIG14_OUT_TR_GROUP4_INPUT41\000"
 7306      31345F4F 
 7306      55545F54 
 7306      525F4752 
 7306      4F555034 
 7307              	.LASF501:
 7308 2d08 73656C31 		.ascii	"sel1Active\000"
 7308      41637469 
 7308      766500
 7309              	.LASF273:
 7310 2d13 4449565F 		.ascii	"DIV_CMD\000"
 7310      434D4400 
 7311              	.LASF7:
 7312 2d1b 73686F72 		.ascii	"short int\000"
 7312      7420696E 
 7312      7400
 7313              	.LASF105:
ARM GAS  C:\Users\Finik\AppData\Local\Temp\ccXrCYub.s 			page 260


 7314 2d25 54524947 		.ascii	"TRIG0_IN_TR_GROUP12_OUTPUT8\000"
 7314      305F494E 
 7314      5F54525F 
 7314      47524F55 
 7314      5031325F 
 7315              	.LASF106:
 7316 2d41 54524947 		.ascii	"TRIG0_IN_TR_GROUP12_OUTPUT9\000"
 7316      305F494E 
 7316      5F54525F 
 7316      47524F55 
 7316      5031325F 
 7317              	.LASF627:
 7318 2d5d 64697669 		.ascii	"dividerNum\000"
 7318      6465724E 
 7318      756D00
 7319              	.LASF329:
 7320 2d68 434C4B5F 		.ascii	"CLK_FLL_CONFIG4\000"
 7320      464C4C5F 
 7320      434F4E46 
 7320      49473400 
 7321              	.LASF22:
 7322 2d78 50434C4B 		.ascii	"PCLK_SCB2_CLOCK\000"
 7322      5F534342 
 7322      325F434C 
 7322      4F434B00 
 7323              	.LASF296:
 7324 2d88 4D435744 		.ascii	"MCWDT_STRUCT_V1_Type\000"
 7324      545F5354 
 7324      52554354 
 7324      5F56315F 
 7324      54797065 
 7325              	.LASF352:
 7326 2d9d 5057525F 		.ascii	"PWR_TRIM_LVD_CTL\000"
 7326      5452494D 
 7326      5F4C5644 
 7326      5F43544C 
 7326      00
 7327              	.LASF17:
 7328 2dae 696E7431 		.ascii	"int16_t\000"
 7328      365F7400 
 7329              	.LASF659:
 7330 2db6 47656E65 		.ascii	"Generated_Source\\PSoC6\\cyfitter_cfg.c\000"
 7330      72617465 
 7330      645F536F 
 7330      75726365 
 7330      5C50536F 
 7331              	.LASF306:
 7332 2ddc 5744545F 		.ascii	"WDT_MATCH\000"
 7332      4D415443 
 7332      4800
 7333              	.LASF164:
 7334 2de6 54524947 		.ascii	"TRIG14_IN_SCB6_TR_I2C_SCL_FILTERED\000"
 7334      31345F49 
 7334      4E5F5343 
 7334      42365F54 
 7334      525F4932 
 7335              	.LASF447:
ARM GAS  C:\Users\Finik\AppData\Local\Temp\ccXrCYub.s 			page 261


 7336 2e09 666C6173 		.ascii	"flashCtlMainWs1Freq\000"
 7336      6843746C 
 7336      4D61696E 
 7336      57733146 
 7336      72657100 
 7337              	.LASF499:
 7338 2e1d 63666753 		.ascii	"cfgSIO\000"
 7338      494F00
 7339              	.LASF664:
 7340 2e24 436C6F63 		.ascii	"ClockInit\000"
 7340      6B496E69 
 7340      7400
 7341              	.LASF544:
 7342 2e2e 63795F73 		.ascii	"cy_stc_fll_manual_config_t\000"
 7342      74635F66 
 7342      6C6C5F6D 
 7342      616E7561 
 7342      6C5F636F 
 7343              	.LASF496:
 7344 2e49 696E7472 		.ascii	"intrCfg\000"
 7344      43666700 
 7345              	.LASF571:
 7346 2e51 63795F65 		.ascii	"cy_en_divider_types_t\000"
 7346      6E5F6469 
 7346      76696465 
 7346      725F7479 
 7346      7065735F 
 7347              	.LASF518:
 7348 2e67 43595F53 		.ascii	"CY_SYSCLK_CLKPATH_IN_ILO\000"
 7348      5953434C 
 7348      4B5F434C 
 7348      4B504154 
 7348      485F494E 
 7349              	.LASF582:
 7350 2e80 63795F65 		.ascii	"cy_en_clktimer_in_sources_t\000"
 7350      6E5F636C 
 7350      6B74696D 
 7350      65725F69 
 7350      6E5F736F 
 7351              	.LASF131:
 7352 2e9c 54524947 		.ascii	"TRIG14_IN_CPUSS_ZERO\000"
 7352      31345F49 
 7352      4E5F4350 
 7352      5553535F 
 7352      5A45524F 
 7353              	.LASF442:
 7354 2eb1 666C6173 		.ascii	"flashPipeRequired\000"
 7354      68506970 
 7354      65526571 
 7354      75697265 
 7354      6400
 7355              	.LASF360:
 7356 2ec3 53525353 		.ascii	"SRSS_V1_Type\000"
 7356      5F56315F 
 7356      54797065 
 7356      00
 7357              	.LASF277:
ARM GAS  C:\Users\Finik\AppData\Local\Temp\ccXrCYub.s 			page 262


 7358 2ed0 4449565F 		.ascii	"DIV_24_5_CTL\000"
 7358      32345F35 
 7358      5F43544C 
 7358      00
 7359              	.LASF286:
 7360 2edd 4D435744 		.ascii	"MCWDT_CNTLOW\000"
 7360      545F434E 
 7360      544C4F57 
 7360      00
 7361              	.LASF394:
 7362 2eea 5644445F 		.ascii	"VDD_ACTIVE\000"
 7362      41435449 
 7362      564500
 7363              	.LASF3:
 7364 2ef5 7369676E 		.ascii	"signed char\000"
 7364      65642063 
 7364      68617200 
 7365              	.LASF72:
 7366 2f01 50434C4B 		.ascii	"PCLK_LCD_CLOCK\000"
 7366      5F4C4344 
 7366      5F434C4F 
 7366      434B00
 7367              	.LASF601:
 7368 2f10 43595F53 		.ascii	"CY_SYSCLK_PUMP_DIV_2\000"
 7368      5953434C 
 7368      4B5F5055 
 7368      4D505F44 
 7368      49565F32 
 7369              	.LASF102:
 7370 2f25 54524947 		.ascii	"TRIG0_IN_TR_GROUP11_OUTPUT13\000"
 7370      305F494E 
 7370      5F54525F 
 7370      47524F55 
 7370      5031315F 
 7371              	.LASF602:
 7372 2f42 43595F53 		.ascii	"CY_SYSCLK_PUMP_DIV_4\000"
 7372      5953434C 
 7372      4B5F5055 
 7372      4D505F44 
 7372      49565F34 
 7373              	.LASF418:
 7374 2f57 6770696F 		.ascii	"gpioVersion\000"
 7374      56657273 
 7374      696F6E00 
 7375              	.LASF473:
 7376 2f63 6770696F 		.ascii	"gpioPrtCfgSioOffset\000"
 7376      50727443 
 7376      66675369 
 7376      6F4F6666 
 7376      73657400 
 7377              	.LASF628:
 7378 2f77 64697669 		.ascii	"dividerValue\000"
 7378      64657256 
 7378      616C7565 
 7378      00
 7379              	.LASF603:
 7380 2f84 43595F53 		.ascii	"CY_SYSCLK_PUMP_DIV_8\000"
ARM GAS  C:\Users\Finik\AppData\Local\Temp\ccXrCYub.s 			page 263


 7380      5953434C 
 7380      4B5F5055 
 7380      4D505F44 
 7380      49565F38 
 7381              	.LASF23:
 7382 2f99 50434C4B 		.ascii	"PCLK_SCB3_CLOCK\000"
 7382      5F534342 
 7382      335F434C 
 7382      4F434B00 
 7383              	.LASF512:
 7384 2fa9 43595F53 		.ascii	"CY_SYSCLK_CLKPATH_IN_IMO\000"
 7384      5953434C 
 7384      4B5F434C 
 7384      4B504154 
 7384      485F494E 
 7385              	.LASF437:
 7386 2fc2 75646250 		.ascii	"udbPresent\000"
 7386      72657365 
 7386      6E7400
 7387              	.LASF611:
 7388 2fcd 43595F53 		.ascii	"CY_SYSTICK_CLOCK_SOURCE_CLK_ECO\000"
 7388      59535449 
 7388      434B5F43 
 7388      4C4F434B 
 7388      5F534F55 
 7389              	.LASF19:
 7390 2fed 75696E74 		.ascii	"uint32_t\000"
 7390      33325F74 
 7390      00
 7391              	.LASF314:
 7392 2ff6 434C4B5F 		.ascii	"CLK_ILO_CONFIG\000"
 7392      494C4F5F 
 7392      434F4E46 
 7392      494700
 7393              	.LASF621:
 7394 3005 43795F53 		.ascii	"Cy_SysClk_ClkSlowSetDivider\000"
 7394      7973436C 
 7394      6B5F436C 
 7394      6B536C6F 
 7394      77536574 
 7395              	.LASF350:
 7396 3021 5057525F 		.ascii	"PWR_TRIM_WAKE_CTL\000"
 7396      5452494D 
 7396      5F57414B 
 7396      455F4354 
 7396      4C00
 7397              	.LASF511:
 7398 3033 63795F65 		.ascii	"cy_en_sysclk_status_t\000"
 7398      6E5F7379 
 7398      73636C6B 
 7398      5F737461 
 7398      7475735F 
 7399              	.LASF594:
 7400 3049 43595F53 		.ascii	"CY_SYSCLK_PUMP_IN_CLKPATH11\000"
 7400      5953434C 
 7400      4B5F5055 
 7400      4D505F49 
ARM GAS  C:\Users\Finik\AppData\Local\Temp\ccXrCYub.s 			page 264


 7400      4E5F434C 
 7401              	.LASF595:
 7402 3065 43595F53 		.ascii	"CY_SYSCLK_PUMP_IN_CLKPATH12\000"
 7402      5953434C 
 7402      4B5F5055 
 7402      4D505F49 
 7402      4E5F434C 
 7403              	.LASF596:
 7404 3081 43595F53 		.ascii	"CY_SYSCLK_PUMP_IN_CLKPATH13\000"
 7404      5953434C 
 7404      4B5F5055 
 7404      4D505F49 
 7404      4E5F434C 
 7405              	.LASF597:
 7406 309d 43595F53 		.ascii	"CY_SYSCLK_PUMP_IN_CLKPATH14\000"
 7406      5953434C 
 7406      4B5F5055 
 7406      4D505F49 
 7406      4E5F434C 
 7407              	.LASF598:
 7408 30b9 43595F53 		.ascii	"CY_SYSCLK_PUMP_IN_CLKPATH15\000"
 7408      5953434C 
 7408      4B5F5055 
 7408      4D505F49 
 7408      4E5F434C 
 7409              	.LASF24:
 7410 30d5 50434C4B 		.ascii	"PCLK_SCB4_CLOCK\000"
 7410      5F534342 
 7410      345F434C 
 7410      4F434B00 
 7411              	.LASF453:
 7412 30e5 64774368 		.ascii	"dwChCtlPrioPos\000"
 7412      43746C50 
 7412      72696F50 
 7412      6F7300
 7413              	.LASF412:
 7414 30f4 69706342 		.ascii	"ipcBase\000"
 7414      61736500 
 7415              	.LASF369:
 7416 30fc 414C4D32 		.ascii	"ALM2_DATE\000"
 7416      5F444154 
 7416      4500
 7417              	.LASF465:
 7418 3106 70657269 		.ascii	"periDiv8CtlOffset\000"
 7418      44697638 
 7418      43746C4F 
 7418      66667365 
 7418      7400
 7419              	.LASF476:
 7420 3118 63707573 		.ascii	"cpussCm4StatusOffset\000"
 7420      73436D34 
 7420      53746174 
 7420      75734F66 
 7420      66736574 
 7421              	.LASF454:
 7422 312d 64774368 		.ascii	"dwChCtlPreemptablePos\000"
 7422      43746C50 
ARM GAS  C:\Users\Finik\AppData\Local\Temp\ccXrCYub.s 			page 265


 7422      7265656D 
 7422      70746162 
 7422      6C65506F 
 7423              	.LASF9:
 7424 3143 73686F72 		.ascii	"short unsigned int\000"
 7424      7420756E 
 7424      7369676E 
 7424      65642069 
 7424      6E7400
 7425              	.LASF166:
 7426 3156 54524947 		.ascii	"TRIG14_IN_SCB8_TR_I2C_SCL_FILTERED\000"
 7426      31345F49 
 7426      4E5F5343 
 7426      42385F54 
 7426      525F4932 
 7427              	.LASF641:
 7428 3179 43795F53 		.ascii	"Cy_SysPm_PmicDisableOutput\000"
 7428      7973506D 
 7428      5F506D69 
 7428      63446973 
 7428      61626C65 
 7429              	.LASF230:
 7430 3194 54524947 		.ascii	"TRIG14_OUT_TR_GROUP3_INPUT39\000"
 7430      31345F4F 
 7430      55545F54 
 7430      525F4752 
 7430      4F555033 
 7431              	.LASF524:
 7432 31b1 43595F53 		.ascii	"CY_SYSCLK_FLLPLL_OUTPUT_INPUT\000"
 7432      5953434C 
 7432      4B5F464C 
 7432      4C504C4C 
 7432      5F4F5554 
 7433              	.LASF584:
 7434 31cf 43595F53 		.ascii	"CY_SYSCLK_PUMP_IN_CLKPATH1\000"
 7434      5953434C 
 7434      4B5F5055 
 7434      4D505F49 
 7434      4E5F434C 
 7435              	.LASF302:
 7436 31ea 5057525F 		.ascii	"PWR_LVD_STATUS\000"
 7436      4C56445F 
 7436      53544154 
 7436      555300
 7437              	.LASF464:
 7438 31f9 70657269 		.ascii	"periDivCmdPaTypeSelPos\000"
 7438      44697643 
 7438      6D645061 
 7438      54797065 
 7438      53656C50 
 7439              	.LASF100:
 7440 3210 54524947 		.ascii	"TRIG0_IN_TR_GROUP11_OUTPUT11\000"
 7440      305F494E 
 7440      5F54525F 
 7440      47524F55 
 7440      5031315F 
 7441              	.LASF101:
ARM GAS  C:\Users\Finik\AppData\Local\Temp\ccXrCYub.s 			page 266


 7442 322d 54524947 		.ascii	"TRIG0_IN_TR_GROUP11_OUTPUT12\000"
 7442      305F494E 
 7442      5F54525F 
 7442      47524F55 
 7442      5031315F 
 7443              	.LASF488:
 7444 324a 69706353 		.ascii	"ipcStructSize\000"
 7444      74727563 
 7444      7453697A 
 7444      6500
 7445              	.LASF103:
 7446 3258 54524947 		.ascii	"TRIG0_IN_TR_GROUP11_OUTPUT14\000"
 7446      305F494E 
 7446      5F54525F 
 7446      47524F55 
 7446      5031315F 
 7447              	.LASF104:
 7448 3275 54524947 		.ascii	"TRIG0_IN_TR_GROUP11_OUTPUT15\000"
 7448      305F494E 
 7448      5F54525F 
 7448      47524F55 
 7448      5031315F 
 7449              	.LASF262:
 7450 3292 54494D45 		.ascii	"TIMEOUT_CTL\000"
 7450      4F55545F 
 7450      43544C00 
 7451              	.LASF203:
 7452 329e 54524947 		.ascii	"TRIG14_OUT_TR_GROUP4_INPUT35\000"
 7452      31345F4F 
 7452      55545F54 
 7452      525F4752 
 7452      4F555034 
 7453              	.LASF645:
 7454 32bb 666C6C43 		.ascii	"fllConfig\000"
 7454      6F6E6669 
 7454      6700
 7455              	.LASF217:
 7456 32c5 54524947 		.ascii	"TRIG14_OUT_TR_GROUP4_INPUT37\000"
 7456      31345F4F 
 7456      55545F54 
 7456      525F4752 
 7456      4F555034 
 7457              	.LASF224:
 7458 32e2 54524947 		.ascii	"TRIG14_OUT_TR_GROUP4_INPUT38\000"
 7458      31345F4F 
 7458      55545F54 
 7458      525F4752 
 7458      4F555034 
 7459              	.LASF231:
 7460 32ff 54524947 		.ascii	"TRIG14_OUT_TR_GROUP4_INPUT39\000"
 7460      31345F4F 
 7460      55545F54 
 7460      525F4752 
 7460      4F555034 
 7461              	.LASF457:
 7462 331c 70657269 		.ascii	"periTrCmdOffset\000"
 7462      5472436D 
ARM GAS  C:\Users\Finik\AppData\Local\Temp\ccXrCYub.s 			page 267


 7462      644F6666 
 7462      73657400 
 7463              	.LASF656:
 7464 332c 43795F53 		.ascii	"Cy_SysPm_LdoSetVoltage\000"
 7464      7973506D 
 7464      5F4C646F 
 7464      53657456 
 7464      6F6C7461 
 7465              	.LASF661:
 7466 3343 4379436C 		.ascii	"CyClockStartupError\000"
 7466      6F636B53 
 7466      74617274 
 7466      75704572 
 7466      726F7200 
 7467              	.LASF624:
 7468 3357 43795F53 		.ascii	"Cy_SysClk_ClkLfSetSource\000"
 7468      7973436C 
 7468      6B5F436C 
 7468      6B4C6653 
 7468      6574536F 
 7469              	.LASF516:
 7470 3370 43595F53 		.ascii	"CY_SYSCLK_CLKPATH_IN_DSIMUX\000"
 7470      5953434C 
 7470      4B5F434C 
 7470      4B504154 
 7470      485F494E 
 7471              	.LASF497:
 7472 338c 63666749 		.ascii	"cfgIn\000"
 7472      6E00
 7473              	.LASF324:
 7474 3392 434C4B5F 		.ascii	"CLK_PILO_CONFIG\000"
 7474      50494C4F 
 7474      5F434F4E 
 7474      46494700 
 7475              	.LASF354:
 7476 33a2 434C4B5F 		.ascii	"CLK_TRIM_ILO_CTL\000"
 7476      5452494D 
 7476      5F494C4F 
 7476      5F43544C 
 7476      00
 7477              	.LASF154:
 7478 33b3 54524947 		.ascii	"TRIG14_IN_PASS_DSI_CTB_CMP0\000"
 7478      31345F49 
 7478      4E5F5041 
 7478      53535F44 
 7478      53495F43 
 7479              	.LASF155:
 7480 33cf 54524947 		.ascii	"TRIG14_IN_PASS_DSI_CTB_CMP1\000"
 7480      31345F49 
 7480      4E5F5041 
 7480      53535F44 
 7480      53495F43 
 7481              	.LASF563:
 7482 33eb 43595F53 		.ascii	"CY_SYSCLK_CLKHF_DIVIDE_BY_2\000"
 7482      5953434C 
 7482      4B5F434C 
 7482      4B48465F 
ARM GAS  C:\Users\Finik\AppData\Local\Temp\ccXrCYub.s 			page 268


 7482      44495649 
 7483              	.LASF564:
 7484 3407 43595F53 		.ascii	"CY_SYSCLK_CLKHF_DIVIDE_BY_4\000"
 7484      5953434C 
 7484      4B5F434C 
 7484      4B48465F 
 7484      44495649 
 7485              	.LASF25:
 7486 3423 50434C4B 		.ascii	"PCLK_SCB5_CLOCK\000"
 7486      5F534342 
 7486      355F434C 
 7486      4F434B00 
 7487              	.LASF403:
 7488 3433 4750494F 		.ascii	"GPIO_Type\000"
 7488      5F547970 
 7488      6500
 7489              	.LASF565:
 7490 343d 43595F53 		.ascii	"CY_SYSCLK_CLKHF_DIVIDE_BY_8\000"
 7490      5953434C 
 7490      4B5F434C 
 7490      4B48465F 
 7490      44495649 
 7491              	.LASF238:
 7492 3459 54524947 		.ascii	"TRIG14_OUT_TR_GROUP4_INPUT40\000"
 7492      31345F4F 
 7492      55545F54 
 7492      525F4752 
 7492      4F555034 
 7493              	.LASF316:
 7494 3476 434C4B5F 		.ascii	"CLK_OUTPUT_FAST\000"
 7494      4F555450 
 7494      55545F46 
 7494      41535400 
 7495              	.LASF304:
 7496 3486 5744545F 		.ascii	"WDT_CTL\000"
 7496      43544C00 
 7497              	.LASF629:
 7498 348e 43795F53 		.ascii	"Cy_SysClk_PeriphAssignDivider\000"
 7498      7973436C 
 7498      6B5F5065 
 7498      72697068 
 7498      41737369 
 7499              	.LASF639:
 7500 34ac 43795F53 		.ascii	"Cy_SysClk_ClkTimerSetSource\000"
 7500      7973436C 
 7500      6B5F436C 
 7500      6B54696D 
 7500      65725365 
 7501              	.LASF622:
 7502 34c8 43795F53 		.ascii	"Cy_SysClk_ClkPeriSetDivider\000"
 7502      7973436C 
 7502      6B5F436C 
 7502      6B506572 
 7502      69536574 
 7503              	.LASF446:
 7504 34e4 666C6173 		.ascii	"flashCtlMainWs0Freq\000"
 7504      6843746C 
ARM GAS  C:\Users\Finik\AppData\Local\Temp\ccXrCYub.s 			page 269


 7504      4D61696E 
 7504      57733046 
 7504      72657100 
 7505              	.LASF419:
 7506 34f8 6873696F 		.ascii	"hsiomVersion\000"
 7506      6D566572 
 7506      73696F6E 
 7506      00
 7507              	.LASF340:
 7508 3505 53525353 		.ascii	"SRSS_INTR_CFG\000"
 7508      5F494E54 
 7508      525F4346 
 7508      4700
 7509              	.LASF451:
 7510 3513 64774368 		.ascii	"dwChOffset\000"
 7510      4F666673 
 7510      657400
 7511              	.LASF162:
 7512 351e 54524947 		.ascii	"TRIG14_IN_SCB4_TR_I2C_SCL_FILTERED\000"
 7512      31345F49 
 7512      4E5F5343 
 7512      42345F54 
 7512      525F4932 
 7513              		.ident	"GCC: (GNU Tools for ARM Embedded Processors) 5.4.1 20160609 (release) [ARM/embedded-5-bran
