ARM GAS  C:\Users\Finik\AppData\Local\Temp\ccnRnT2c.s 			page 1


   1              		.syntax unified
   2              		.cpu cortex-m4
   3              		.eabi_attribute 27, 1
   4              		.fpu fpv4-sp-d16
   5              		.eabi_attribute 20, 1
   6              		.eabi_attribute 21, 1
   7              		.eabi_attribute 23, 3
   8              		.eabi_attribute 24, 1
   9              		.eabi_attribute 25, 1
  10              		.eabi_attribute 26, 1
  11              		.eabi_attribute 30, 1
  12              		.eabi_attribute 34, 1
  13              		.eabi_attribute 18, 4
  14              		.thumb
  15              		.syntax unified
  16              		.file	"main_cm4.c"
  17              		.text
  18              	.Ltext0:
  19              		.cfi_sections	.debug_frame
  20              		.section	.text.Isr_switch,"ax",%progbits
  21              		.align	2
  22              		.global	Isr_switch
  23              		.thumb
  24              		.thumb_func
  25              		.type	Isr_switch, %function
  26              	Isr_switch:
  27              	.LFB328:
  28              		.file 1 "main_cm4.c"
   1:main_cm4.c    **** #include "project.h"
   2:main_cm4.c    **** 
   3:main_cm4.c    **** /* Макроси для налаштування проекту */
   4:main_cm4.c    **** #define DELAY_SHORT      (500u)   /* msec */
   5:main_cm4.c    **** #define DELAY_LONG       (1000u)  /* msec */
   6:main_cm4.c    **** #define LED_BLINK_COUNT  (6u)
   7:main_cm4.c    **** #define LED_ON           (0u)
   8:main_cm4.c    **** #define LED_OFF          (1u)
   9:main_cm4.c    **** 
  10:main_cm4.c    **** /* Глобальні змінні */
  11:main_cm4.c    **** volatile bool interrupt_flag = false;
  12:main_cm4.c    **** 
  13:main_cm4.c    **** /* 
  14:main_cm4.c    ****  * Функція: Isr_switch()
  15:main_cm4.c    ****  * Виконується, коли спрацьовує переривання GPIO.
  16:main_cm4.c    ****  */
  17:main_cm4.c    **** void Isr_switch(void)
  18:main_cm4.c    **** {
  29              		.loc 1 18 0
  30              		.cfi_startproc
  31              		@ args = 0, pretend = 0, frame = 0
  32              		@ frame_needed = 0, uses_anonymous_args = 0
  33              		@ link register save eliminated.
  34              	.LVL0:
  35              	.LBB18:
  36              	.LBB19:
  37              		.file 2 "Generated_Source\\PSoC6\\pdl\\drivers/peripheral/gpio/cy_gpio.h"
   1:Generated_Source\PSoC6\pdl\drivers/peripheral/gpio/cy_gpio.h **** /***************************************************************************//**
   2:Generated_Source\PSoC6\pdl\drivers/peripheral/gpio/cy_gpio.h **** * \file cy_gpio.h
ARM GAS  C:\Users\Finik\AppData\Local\Temp\ccnRnT2c.s 			page 2


   3:Generated_Source\PSoC6\pdl\drivers/peripheral/gpio/cy_gpio.h **** * \version 1.20
   4:Generated_Source\PSoC6\pdl\drivers/peripheral/gpio/cy_gpio.h **** *
   5:Generated_Source\PSoC6\pdl\drivers/peripheral/gpio/cy_gpio.h **** * Provides an API declaration of the GPIO driver
   6:Generated_Source\PSoC6\pdl\drivers/peripheral/gpio/cy_gpio.h **** *
   7:Generated_Source\PSoC6\pdl\drivers/peripheral/gpio/cy_gpio.h **** ********************************************************************************
   8:Generated_Source\PSoC6\pdl\drivers/peripheral/gpio/cy_gpio.h **** * \copyright
   9:Generated_Source\PSoC6\pdl\drivers/peripheral/gpio/cy_gpio.h **** * Copyright 2016-2018, Cypress Semiconductor Corporation. All rights reserved.
  10:Generated_Source\PSoC6\pdl\drivers/peripheral/gpio/cy_gpio.h **** * You may use this file only in accordance with the license, terms, conditions,
  11:Generated_Source\PSoC6\pdl\drivers/peripheral/gpio/cy_gpio.h **** * disclaimers, and limitations in the end user license agreement accompanying
  12:Generated_Source\PSoC6\pdl\drivers/peripheral/gpio/cy_gpio.h **** * the software package with which this file was provided.
  13:Generated_Source\PSoC6\pdl\drivers/peripheral/gpio/cy_gpio.h **** *******************************************************************************/
  14:Generated_Source\PSoC6\pdl\drivers/peripheral/gpio/cy_gpio.h **** 
  15:Generated_Source\PSoC6\pdl\drivers/peripheral/gpio/cy_gpio.h **** /**
  16:Generated_Source\PSoC6\pdl\drivers/peripheral/gpio/cy_gpio.h **** * \addtogroup group_gpio
  17:Generated_Source\PSoC6\pdl\drivers/peripheral/gpio/cy_gpio.h **** * \{
  18:Generated_Source\PSoC6\pdl\drivers/peripheral/gpio/cy_gpio.h **** * The GPIO driver provides an API to configure and access device Input/Output pins.
  19:Generated_Source\PSoC6\pdl\drivers/peripheral/gpio/cy_gpio.h **** *
  20:Generated_Source\PSoC6\pdl\drivers/peripheral/gpio/cy_gpio.h **** * The functions and other declarations used in this driver are in cy_gpio.h. 
  21:Generated_Source\PSoC6\pdl\drivers/peripheral/gpio/cy_gpio.h **** * You can include cy_pdl.h (ModusToolbox only) to get access to all functions 
  22:Generated_Source\PSoC6\pdl\drivers/peripheral/gpio/cy_gpio.h **** * and declarations in the PDL.
  23:Generated_Source\PSoC6\pdl\drivers/peripheral/gpio/cy_gpio.h **** *
  24:Generated_Source\PSoC6\pdl\drivers/peripheral/gpio/cy_gpio.h **** * IO pins include all general purpose types such as GPIO, SIO, HSIO, AUXIO, and
  25:Generated_Source\PSoC6\pdl\drivers/peripheral/gpio/cy_gpio.h **** * their variants.
  26:Generated_Source\PSoC6\pdl\drivers/peripheral/gpio/cy_gpio.h **** *
  27:Generated_Source\PSoC6\pdl\drivers/peripheral/gpio/cy_gpio.h **** * Initialization can be performed either at the port level or by configuring the
  28:Generated_Source\PSoC6\pdl\drivers/peripheral/gpio/cy_gpio.h **** * individual pins. For efficient use of code space, port
  29:Generated_Source\PSoC6\pdl\drivers/peripheral/gpio/cy_gpio.h **** * configuration should be used in the field. Refer to the product device header files 
  30:Generated_Source\PSoC6\pdl\drivers/peripheral/gpio/cy_gpio.h **** * for the list of supported ports and pins.
  31:Generated_Source\PSoC6\pdl\drivers/peripheral/gpio/cy_gpio.h **** * 
  32:Generated_Source\PSoC6\pdl\drivers/peripheral/gpio/cy_gpio.h **** * - Single pin configuration is performed by using \ref Cy_GPIO_Pin_FastInit 
  33:Generated_Source\PSoC6\pdl\drivers/peripheral/gpio/cy_gpio.h **** *   (provide specific values) or \ref Cy_GPIO_Pin_Init (provide a filled
  34:Generated_Source\PSoC6\pdl\drivers/peripheral/gpio/cy_gpio.h **** *   cy_stc_gpio_pin_config_t structure).
  35:Generated_Source\PSoC6\pdl\drivers/peripheral/gpio/cy_gpio.h **** * - An entire port can be configured using \ref Cy_GPIO_Port_Init. Provide a filled 
  36:Generated_Source\PSoC6\pdl\drivers/peripheral/gpio/cy_gpio.h **** *   cy_stc_gpio_prt_config_t structure. The values in the structure are 
  37:Generated_Source\PSoC6\pdl\drivers/peripheral/gpio/cy_gpio.h **** *   bitfields representing the desired value for each pin in the port.
  38:Generated_Source\PSoC6\pdl\drivers/peripheral/gpio/cy_gpio.h **** * - Pin configuration and management is based on the port address and pin number.
  39:Generated_Source\PSoC6\pdl\drivers/peripheral/gpio/cy_gpio.h **** *   \ref Cy_GPIO_PortToAddr function can optionally be used to calculate the port
  40:Generated_Source\PSoC6\pdl\drivers/peripheral/gpio/cy_gpio.h **** *   address from the port number at run-time.
  41:Generated_Source\PSoC6\pdl\drivers/peripheral/gpio/cy_gpio.h **** *
  42:Generated_Source\PSoC6\pdl\drivers/peripheral/gpio/cy_gpio.h **** * Once the pin/port initialization is complete, each pin can be accessed by 
  43:Generated_Source\PSoC6\pdl\drivers/peripheral/gpio/cy_gpio.h **** * specifying the port (GPIO_PRT_Type) and the pin (0-7) in the provided API 
  44:Generated_Source\PSoC6\pdl\drivers/peripheral/gpio/cy_gpio.h **** * functions.
  45:Generated_Source\PSoC6\pdl\drivers/peripheral/gpio/cy_gpio.h **** *
  46:Generated_Source\PSoC6\pdl\drivers/peripheral/gpio/cy_gpio.h **** * \section group_gpio_configuration Configuration Considerations
  47:Generated_Source\PSoC6\pdl\drivers/peripheral/gpio/cy_gpio.h **** *
  48:Generated_Source\PSoC6\pdl\drivers/peripheral/gpio/cy_gpio.h **** * 1. Pin multiplexing is controlled through the High-Speed IO Matrix (HSIOM) selection.
  49:Generated_Source\PSoC6\pdl\drivers/peripheral/gpio/cy_gpio.h **** *    This allows the pin to connect to signal sources/sinks throughout the device,
  50:Generated_Source\PSoC6\pdl\drivers/peripheral/gpio/cy_gpio.h **** *    as defined by the pin HSIOM selection options (en_hsiom_sel_t).
  51:Generated_Source\PSoC6\pdl\drivers/peripheral/gpio/cy_gpio.h **** * 2. All pins are initialized to High-Z drive mode with HSIOM connected to CPU (SW
  52:Generated_Source\PSoC6\pdl\drivers/peripheral/gpio/cy_gpio.h **** *    control digital pin only) at Power-On-Reset(POR).
  53:Generated_Source\PSoC6\pdl\drivers/peripheral/gpio/cy_gpio.h **** * 3. Some API functions perform read-modify-write operations on shared port
  54:Generated_Source\PSoC6\pdl\drivers/peripheral/gpio/cy_gpio.h **** *    registers. These functions are not thread safe and care must be taken when
  55:Generated_Source\PSoC6\pdl\drivers/peripheral/gpio/cy_gpio.h **** *    called by the application.
  56:Generated_Source\PSoC6\pdl\drivers/peripheral/gpio/cy_gpio.h **** * 4. Digital input buffer provides a high-impedance buffer for the external 
  57:Generated_Source\PSoC6\pdl\drivers/peripheral/gpio/cy_gpio.h **** *    digital input. The input buffer is connected to the HSIOM for routing to 
  58:Generated_Source\PSoC6\pdl\drivers/peripheral/gpio/cy_gpio.h **** *    the CPU port registers and selected peripheral. Enabling the input 
  59:Generated_Source\PSoC6\pdl\drivers/peripheral/gpio/cy_gpio.h **** *    buffer provides possibility to read the pin state via the CPU.
ARM GAS  C:\Users\Finik\AppData\Local\Temp\ccnRnT2c.s 			page 3


  60:Generated_Source\PSoC6\pdl\drivers/peripheral/gpio/cy_gpio.h **** *    If pin is connected to an analog signal, the input buffer should be 
  61:Generated_Source\PSoC6\pdl\drivers/peripheral/gpio/cy_gpio.h **** *    disabled to avoid crowbar currents. For more information refer to device 
  62:Generated_Source\PSoC6\pdl\drivers/peripheral/gpio/cy_gpio.h **** *    TRM and the device datasheet.
  63:Generated_Source\PSoC6\pdl\drivers/peripheral/gpio/cy_gpio.h **** *
  64:Generated_Source\PSoC6\pdl\drivers/peripheral/gpio/cy_gpio.h **** * Multiple pins on a port can be updated using direct port register writes with an
  65:Generated_Source\PSoC6\pdl\drivers/peripheral/gpio/cy_gpio.h **** * appropriate port mask. An example is shown below, highlighting the different ways of 
  66:Generated_Source\PSoC6\pdl\drivers/peripheral/gpio/cy_gpio.h **** * configuring Port 1 pins using:
  67:Generated_Source\PSoC6\pdl\drivers/peripheral/gpio/cy_gpio.h **** * 
  68:Generated_Source\PSoC6\pdl\drivers/peripheral/gpio/cy_gpio.h **** * - Port output data register
  69:Generated_Source\PSoC6\pdl\drivers/peripheral/gpio/cy_gpio.h **** * - Port output data set register
  70:Generated_Source\PSoC6\pdl\drivers/peripheral/gpio/cy_gpio.h **** * - Port output data clear register
  71:Generated_Source\PSoC6\pdl\drivers/peripheral/gpio/cy_gpio.h **** *
  72:Generated_Source\PSoC6\pdl\drivers/peripheral/gpio/cy_gpio.h **** * \snippet gpio/gpio_v1_10_sut_01.cydsn/main_cm4.c Cy_GPIO_Snippet
  73:Generated_Source\PSoC6\pdl\drivers/peripheral/gpio/cy_gpio.h **** *
  74:Generated_Source\PSoC6\pdl\drivers/peripheral/gpio/cy_gpio.h **** * \section group_gpio_more_information More Information
  75:Generated_Source\PSoC6\pdl\drivers/peripheral/gpio/cy_gpio.h **** *
  76:Generated_Source\PSoC6\pdl\drivers/peripheral/gpio/cy_gpio.h **** * Refer to the technical reference manual (TRM) and the device datasheet.
  77:Generated_Source\PSoC6\pdl\drivers/peripheral/gpio/cy_gpio.h **** *
  78:Generated_Source\PSoC6\pdl\drivers/peripheral/gpio/cy_gpio.h **** * \section group_gpio_MISRA MISRA-C Compliance
  79:Generated_Source\PSoC6\pdl\drivers/peripheral/gpio/cy_gpio.h **** * The GPIO driver has the following specific deviations:
  80:Generated_Source\PSoC6\pdl\drivers/peripheral/gpio/cy_gpio.h **** *
  81:Generated_Source\PSoC6\pdl\drivers/peripheral/gpio/cy_gpio.h **** * <table class="doxtable">
  82:Generated_Source\PSoC6\pdl\drivers/peripheral/gpio/cy_gpio.h **** *   <tr>
  83:Generated_Source\PSoC6\pdl\drivers/peripheral/gpio/cy_gpio.h **** *     <th>MISRA Rule</th>
  84:Generated_Source\PSoC6\pdl\drivers/peripheral/gpio/cy_gpio.h **** *     <th>Rule Class (Required/Advisory)</th>
  85:Generated_Source\PSoC6\pdl\drivers/peripheral/gpio/cy_gpio.h **** *     <th>Rule Description</th>
  86:Generated_Source\PSoC6\pdl\drivers/peripheral/gpio/cy_gpio.h **** *     <th>Description of Deviation(s)</th>
  87:Generated_Source\PSoC6\pdl\drivers/peripheral/gpio/cy_gpio.h **** *   </tr>
  88:Generated_Source\PSoC6\pdl\drivers/peripheral/gpio/cy_gpio.h **** *   <tr>
  89:Generated_Source\PSoC6\pdl\drivers/peripheral/gpio/cy_gpio.h **** *     <td>11.4</td>
  90:Generated_Source\PSoC6\pdl\drivers/peripheral/gpio/cy_gpio.h **** *     <td>A</td>
  91:Generated_Source\PSoC6\pdl\drivers/peripheral/gpio/cy_gpio.h **** *     <td>A cast should not be performed between a pointer to object type and
  92:Generated_Source\PSoC6\pdl\drivers/peripheral/gpio/cy_gpio.h **** *         a different pointer to object type.</td>
  93:Generated_Source\PSoC6\pdl\drivers/peripheral/gpio/cy_gpio.h **** *     <td> This code is safe because the elements of both GPIO_PRT_V1_Type and GPIO_PRT_V2_Type 
  94:Generated_Source\PSoC6\pdl\drivers/peripheral/gpio/cy_gpio.h **** *          types have identical alignment.</td>
  95:Generated_Source\PSoC6\pdl\drivers/peripheral/gpio/cy_gpio.h **** *   </tr>
  96:Generated_Source\PSoC6\pdl\drivers/peripheral/gpio/cy_gpio.h **** *   <tr>
  97:Generated_Source\PSoC6\pdl\drivers/peripheral/gpio/cy_gpio.h **** *     <td>16.7</td>
  98:Generated_Source\PSoC6\pdl\drivers/peripheral/gpio/cy_gpio.h **** *     <td>A</td>
  99:Generated_Source\PSoC6\pdl\drivers/peripheral/gpio/cy_gpio.h **** *     <td>A pointer parameter in a function prototype should be declared as pointer 
 100:Generated_Source\PSoC6\pdl\drivers/peripheral/gpio/cy_gpio.h **** *         to const if the pointer is not used to modify the addressed object.</td>
 101:Generated_Source\PSoC6\pdl\drivers/peripheral/gpio/cy_gpio.h **** *     <td>The objects pointed to by the base addresses of the GPIO port are not always modified.
 102:Generated_Source\PSoC6\pdl\drivers/peripheral/gpio/cy_gpio.h **** *         While a const qualifier can be used in select scenarios, it brings little benefit
 103:Generated_Source\PSoC6\pdl\drivers/peripheral/gpio/cy_gpio.h **** *         in adding this to the affected functions. </td>
 104:Generated_Source\PSoC6\pdl\drivers/peripheral/gpio/cy_gpio.h **** *   </tr>
 105:Generated_Source\PSoC6\pdl\drivers/peripheral/gpio/cy_gpio.h **** * </table>
 106:Generated_Source\PSoC6\pdl\drivers/peripheral/gpio/cy_gpio.h **** *
 107:Generated_Source\PSoC6\pdl\drivers/peripheral/gpio/cy_gpio.h **** * \section group_gpio_changelog Changelog
 108:Generated_Source\PSoC6\pdl\drivers/peripheral/gpio/cy_gpio.h **** * <table class="doxtable">
 109:Generated_Source\PSoC6\pdl\drivers/peripheral/gpio/cy_gpio.h **** *   <tr><th>Version</th><th>Changes</th><th>Reason for Change</th></tr>
 110:Generated_Source\PSoC6\pdl\drivers/peripheral/gpio/cy_gpio.h **** *   <tr>
 111:Generated_Source\PSoC6\pdl\drivers/peripheral/gpio/cy_gpio.h **** *     <td rowspan="3">1.20</td>
 112:Generated_Source\PSoC6\pdl\drivers/peripheral/gpio/cy_gpio.h **** *     <td>Flattened the organization of the driver source code into the single source directory and
 113:Generated_Source\PSoC6\pdl\drivers/peripheral/gpio/cy_gpio.h **** *     <td>Driver library directory-structure simplification.</td>
 114:Generated_Source\PSoC6\pdl\drivers/peripheral/gpio/cy_gpio.h **** *   </tr>
 115:Generated_Source\PSoC6\pdl\drivers/peripheral/gpio/cy_gpio.h **** *   <tr>
 116:Generated_Source\PSoC6\pdl\drivers/peripheral/gpio/cy_gpio.h **** *     <td>Added the functions for configuring the AMux bus splitter switch cells:
ARM GAS  C:\Users\Finik\AppData\Local\Temp\ccnRnT2c.s 			page 4


 117:Generated_Source\PSoC6\pdl\drivers/peripheral/gpio/cy_gpio.h **** *     - \ref Cy_GPIO_SetAmuxSplit
 118:Generated_Source\PSoC6\pdl\drivers/peripheral/gpio/cy_gpio.h **** *     - \ref Cy_GPIO_GetAmuxSplit
 119:Generated_Source\PSoC6\pdl\drivers/peripheral/gpio/cy_gpio.h **** *     </td>
 120:Generated_Source\PSoC6\pdl\drivers/peripheral/gpio/cy_gpio.h **** *     <td>Added a new functionality related to AMux bus.</td>
 121:Generated_Source\PSoC6\pdl\drivers/peripheral/gpio/cy_gpio.h **** *   </tr>
 122:Generated_Source\PSoC6\pdl\drivers/peripheral/gpio/cy_gpio.h **** *   <tr>
 123:Generated_Source\PSoC6\pdl\drivers/peripheral/gpio/cy_gpio.h **** *     <td>Added register access layer. Use register access macros instead
 124:Generated_Source\PSoC6\pdl\drivers/peripheral/gpio/cy_gpio.h **** *         of direct register access using dereferenced pointers.</td>
 125:Generated_Source\PSoC6\pdl\drivers/peripheral/gpio/cy_gpio.h **** *     <td>Makes register access device-independent, so that the PDL does 
 126:Generated_Source\PSoC6\pdl\drivers/peripheral/gpio/cy_gpio.h **** *         not need to be recompiled for each supported part number.</td>
 127:Generated_Source\PSoC6\pdl\drivers/peripheral/gpio/cy_gpio.h **** *   </tr>
 128:Generated_Source\PSoC6\pdl\drivers/peripheral/gpio/cy_gpio.h **** *   <tr>
 129:Generated_Source\PSoC6\pdl\drivers/peripheral/gpio/cy_gpio.h **** *     <td>1.10.1</td>
 130:Generated_Source\PSoC6\pdl\drivers/peripheral/gpio/cy_gpio.h **** *     <td>Updated description for the functions: \ref Cy_GPIO_GetInterruptStatus, 
 131:Generated_Source\PSoC6\pdl\drivers/peripheral/gpio/cy_gpio.h **** *         \ref Cy_GPIO_GetInterruptMask, \ref Cy_GPIO_GetInterruptStatusMasked.
 132:Generated_Source\PSoC6\pdl\drivers/peripheral/gpio/cy_gpio.h **** *
 133:Generated_Source\PSoC6\pdl\drivers/peripheral/gpio/cy_gpio.h **** *         Minor documentation edits.
 134:Generated_Source\PSoC6\pdl\drivers/peripheral/gpio/cy_gpio.h **** *     </td>
 135:Generated_Source\PSoC6\pdl\drivers/peripheral/gpio/cy_gpio.h **** *     <td>Documentation update and clarification</td>
 136:Generated_Source\PSoC6\pdl\drivers/peripheral/gpio/cy_gpio.h **** *   </tr>
 137:Generated_Source\PSoC6\pdl\drivers/peripheral/gpio/cy_gpio.h **** *   <tr>
 138:Generated_Source\PSoC6\pdl\drivers/peripheral/gpio/cy_gpio.h **** *     <td>1.10</td>
 139:Generated_Source\PSoC6\pdl\drivers/peripheral/gpio/cy_gpio.h **** *     <td>Added input parameter validation to the API functions</td>
 140:Generated_Source\PSoC6\pdl\drivers/peripheral/gpio/cy_gpio.h **** *     <td></td>
 141:Generated_Source\PSoC6\pdl\drivers/peripheral/gpio/cy_gpio.h **** *   </tr>
 142:Generated_Source\PSoC6\pdl\drivers/peripheral/gpio/cy_gpio.h **** *   <tr>
 143:Generated_Source\PSoC6\pdl\drivers/peripheral/gpio/cy_gpio.h **** *     <td>1.0</td>
 144:Generated_Source\PSoC6\pdl\drivers/peripheral/gpio/cy_gpio.h **** *     <td>Initial version</td>
 145:Generated_Source\PSoC6\pdl\drivers/peripheral/gpio/cy_gpio.h **** *     <td></td>
 146:Generated_Source\PSoC6\pdl\drivers/peripheral/gpio/cy_gpio.h **** *   </tr>
 147:Generated_Source\PSoC6\pdl\drivers/peripheral/gpio/cy_gpio.h **** * </table>
 148:Generated_Source\PSoC6\pdl\drivers/peripheral/gpio/cy_gpio.h **** *
 149:Generated_Source\PSoC6\pdl\drivers/peripheral/gpio/cy_gpio.h **** * \defgroup group_gpio_macros Macros
 150:Generated_Source\PSoC6\pdl\drivers/peripheral/gpio/cy_gpio.h **** * \defgroup group_gpio_functions Functions
 151:Generated_Source\PSoC6\pdl\drivers/peripheral/gpio/cy_gpio.h **** * \{
 152:Generated_Source\PSoC6\pdl\drivers/peripheral/gpio/cy_gpio.h **** *   \defgroup group_gpio_functions_init       Initialization Functions
 153:Generated_Source\PSoC6\pdl\drivers/peripheral/gpio/cy_gpio.h **** *   \defgroup group_gpio_functions_gpio       GPIO Functions
 154:Generated_Source\PSoC6\pdl\drivers/peripheral/gpio/cy_gpio.h **** *   \defgroup group_gpio_functions_sio        SIO Functions
 155:Generated_Source\PSoC6\pdl\drivers/peripheral/gpio/cy_gpio.h **** *   \defgroup group_gpio_functions_interrupt  Port Interrupt Functions
 156:Generated_Source\PSoC6\pdl\drivers/peripheral/gpio/cy_gpio.h **** * \}
 157:Generated_Source\PSoC6\pdl\drivers/peripheral/gpio/cy_gpio.h **** * \defgroup group_gpio_data_structures Data Structures
 158:Generated_Source\PSoC6\pdl\drivers/peripheral/gpio/cy_gpio.h **** * \defgroup group_gpio_enums Enumerated Types
 159:Generated_Source\PSoC6\pdl\drivers/peripheral/gpio/cy_gpio.h **** */
 160:Generated_Source\PSoC6\pdl\drivers/peripheral/gpio/cy_gpio.h **** 
 161:Generated_Source\PSoC6\pdl\drivers/peripheral/gpio/cy_gpio.h **** #if !defined(CY_GPIO_H)
 162:Generated_Source\PSoC6\pdl\drivers/peripheral/gpio/cy_gpio.h **** #define CY_GPIO_H
 163:Generated_Source\PSoC6\pdl\drivers/peripheral/gpio/cy_gpio.h **** 
 164:Generated_Source\PSoC6\pdl\drivers/peripheral/gpio/cy_gpio.h **** #include <stddef.h>
 165:Generated_Source\PSoC6\pdl\drivers/peripheral/gpio/cy_gpio.h **** #include "cy_device.h"
 166:Generated_Source\PSoC6\pdl\drivers/peripheral/gpio/cy_gpio.h **** #include "cy_device_headers.h"
 167:Generated_Source\PSoC6\pdl\drivers/peripheral/gpio/cy_gpio.h **** #include "cy_syslib.h"
 168:Generated_Source\PSoC6\pdl\drivers/peripheral/gpio/cy_gpio.h **** 
 169:Generated_Source\PSoC6\pdl\drivers/peripheral/gpio/cy_gpio.h **** #if defined(__cplusplus)
 170:Generated_Source\PSoC6\pdl\drivers/peripheral/gpio/cy_gpio.h **** extern "C" {
 171:Generated_Source\PSoC6\pdl\drivers/peripheral/gpio/cy_gpio.h **** #endif
 172:Generated_Source\PSoC6\pdl\drivers/peripheral/gpio/cy_gpio.h **** 
 173:Generated_Source\PSoC6\pdl\drivers/peripheral/gpio/cy_gpio.h **** /** \addtogroup group_gpio_macros
ARM GAS  C:\Users\Finik\AppData\Local\Temp\ccnRnT2c.s 			page 5


 174:Generated_Source\PSoC6\pdl\drivers/peripheral/gpio/cy_gpio.h **** * \{
 175:Generated_Source\PSoC6\pdl\drivers/peripheral/gpio/cy_gpio.h **** */
 176:Generated_Source\PSoC6\pdl\drivers/peripheral/gpio/cy_gpio.h **** 
 177:Generated_Source\PSoC6\pdl\drivers/peripheral/gpio/cy_gpio.h **** /** Driver major version */
 178:Generated_Source\PSoC6\pdl\drivers/peripheral/gpio/cy_gpio.h **** #define CY_GPIO_DRV_VERSION_MAJOR       1
 179:Generated_Source\PSoC6\pdl\drivers/peripheral/gpio/cy_gpio.h **** 
 180:Generated_Source\PSoC6\pdl\drivers/peripheral/gpio/cy_gpio.h **** /** Driver minor version */
 181:Generated_Source\PSoC6\pdl\drivers/peripheral/gpio/cy_gpio.h **** #define CY_GPIO_DRV_VERSION_MINOR       20
 182:Generated_Source\PSoC6\pdl\drivers/peripheral/gpio/cy_gpio.h **** 
 183:Generated_Source\PSoC6\pdl\drivers/peripheral/gpio/cy_gpio.h **** /** GPIO driver ID */
 184:Generated_Source\PSoC6\pdl\drivers/peripheral/gpio/cy_gpio.h **** #define CY_GPIO_ID CY_PDL_DRV_ID(0x16U)
 185:Generated_Source\PSoC6\pdl\drivers/peripheral/gpio/cy_gpio.h **** 
 186:Generated_Source\PSoC6\pdl\drivers/peripheral/gpio/cy_gpio.h **** /** \} group_gpio_macros */
 187:Generated_Source\PSoC6\pdl\drivers/peripheral/gpio/cy_gpio.h **** 
 188:Generated_Source\PSoC6\pdl\drivers/peripheral/gpio/cy_gpio.h **** 
 189:Generated_Source\PSoC6\pdl\drivers/peripheral/gpio/cy_gpio.h **** /***************************************
 190:Generated_Source\PSoC6\pdl\drivers/peripheral/gpio/cy_gpio.h **** *       Enumerations
 191:Generated_Source\PSoC6\pdl\drivers/peripheral/gpio/cy_gpio.h **** ***************************************/
 192:Generated_Source\PSoC6\pdl\drivers/peripheral/gpio/cy_gpio.h **** /**
 193:Generated_Source\PSoC6\pdl\drivers/peripheral/gpio/cy_gpio.h **** * \addtogroup group_gpio_enums
 194:Generated_Source\PSoC6\pdl\drivers/peripheral/gpio/cy_gpio.h **** * \{
 195:Generated_Source\PSoC6\pdl\drivers/peripheral/gpio/cy_gpio.h **** */
 196:Generated_Source\PSoC6\pdl\drivers/peripheral/gpio/cy_gpio.h **** 
 197:Generated_Source\PSoC6\pdl\drivers/peripheral/gpio/cy_gpio.h **** /** GPIO Driver error codes */
 198:Generated_Source\PSoC6\pdl\drivers/peripheral/gpio/cy_gpio.h **** typedef enum 
 199:Generated_Source\PSoC6\pdl\drivers/peripheral/gpio/cy_gpio.h **** {
 200:Generated_Source\PSoC6\pdl\drivers/peripheral/gpio/cy_gpio.h ****     CY_GPIO_SUCCESS   = 0x00U,                                    /**< Returned successful */
 201:Generated_Source\PSoC6\pdl\drivers/peripheral/gpio/cy_gpio.h ****     CY_GPIO_BAD_PARAM = CY_GPIO_ID | CY_PDL_STATUS_ERROR | 0x01U, /**< Bad parameter was passed */
 202:Generated_Source\PSoC6\pdl\drivers/peripheral/gpio/cy_gpio.h **** } cy_en_gpio_status_t;
 203:Generated_Source\PSoC6\pdl\drivers/peripheral/gpio/cy_gpio.h **** 
 204:Generated_Source\PSoC6\pdl\drivers/peripheral/gpio/cy_gpio.h **** /** AMux switch open/close config */
 205:Generated_Source\PSoC6\pdl\drivers/peripheral/gpio/cy_gpio.h **** typedef enum
 206:Generated_Source\PSoC6\pdl\drivers/peripheral/gpio/cy_gpio.h **** {
 207:Generated_Source\PSoC6\pdl\drivers/peripheral/gpio/cy_gpio.h ****     CY_GPIO_AMUX_OPENALL,   /**< Open ground switch. Open right switch. Open left switch */
 208:Generated_Source\PSoC6\pdl\drivers/peripheral/gpio/cy_gpio.h ****     CY_GPIO_AMUX_L,         /**< Open ground switch. Open right switch. Close left switch */
 209:Generated_Source\PSoC6\pdl\drivers/peripheral/gpio/cy_gpio.h ****     CY_GPIO_AMUX_R,         /**< Open ground switch. Close right switch. Open left switch */
 210:Generated_Source\PSoC6\pdl\drivers/peripheral/gpio/cy_gpio.h ****     CY_GPIO_AMUX_LR,        /**< Open ground switch. Close right switch. Close left switch */
 211:Generated_Source\PSoC6\pdl\drivers/peripheral/gpio/cy_gpio.h ****     CY_GPIO_AMUX_G,         /**< Close ground switch. Open right switch. Open left switch */
 212:Generated_Source\PSoC6\pdl\drivers/peripheral/gpio/cy_gpio.h ****     CY_GPIO_AMUX_GL,        /**< Close ground switch. Open right switch. Close left switch */
 213:Generated_Source\PSoC6\pdl\drivers/peripheral/gpio/cy_gpio.h ****     CY_GPIO_AMUX_GR,        /**< Close ground switch. Close right switch. Open left switch */
 214:Generated_Source\PSoC6\pdl\drivers/peripheral/gpio/cy_gpio.h ****     CY_GPIO_AMUX_GLR,       /**< Close ground switch. Close right switch. Close left switch */
 215:Generated_Source\PSoC6\pdl\drivers/peripheral/gpio/cy_gpio.h **** }cy_en_gpio_amuxconnect_t;
 216:Generated_Source\PSoC6\pdl\drivers/peripheral/gpio/cy_gpio.h **** 
 217:Generated_Source\PSoC6\pdl\drivers/peripheral/gpio/cy_gpio.h **** /**
 218:Generated_Source\PSoC6\pdl\drivers/peripheral/gpio/cy_gpio.h **** * AMux Bus selection
 219:Generated_Source\PSoC6\pdl\drivers/peripheral/gpio/cy_gpio.h **** */
 220:Generated_Source\PSoC6\pdl\drivers/peripheral/gpio/cy_gpio.h **** typedef enum
 221:Generated_Source\PSoC6\pdl\drivers/peripheral/gpio/cy_gpio.h **** {
 222:Generated_Source\PSoC6\pdl\drivers/peripheral/gpio/cy_gpio.h ****     CY_GPIO_AMUXBUSA,       /**< AMuxBus A */
 223:Generated_Source\PSoC6\pdl\drivers/peripheral/gpio/cy_gpio.h ****     CY_GPIO_AMUXBUSB        /**< AMuxBus B */
 224:Generated_Source\PSoC6\pdl\drivers/peripheral/gpio/cy_gpio.h **** }cy_en_gpio_amuxselect_t;
 225:Generated_Source\PSoC6\pdl\drivers/peripheral/gpio/cy_gpio.h **** 
 226:Generated_Source\PSoC6\pdl\drivers/peripheral/gpio/cy_gpio.h **** /** \} group_gpio_enums */
 227:Generated_Source\PSoC6\pdl\drivers/peripheral/gpio/cy_gpio.h **** 
 228:Generated_Source\PSoC6\pdl\drivers/peripheral/gpio/cy_gpio.h **** 
 229:Generated_Source\PSoC6\pdl\drivers/peripheral/gpio/cy_gpio.h **** /***************************************
 230:Generated_Source\PSoC6\pdl\drivers/peripheral/gpio/cy_gpio.h **** *       Configuration Structures
ARM GAS  C:\Users\Finik\AppData\Local\Temp\ccnRnT2c.s 			page 6


 231:Generated_Source\PSoC6\pdl\drivers/peripheral/gpio/cy_gpio.h **** ***************************************/
 232:Generated_Source\PSoC6\pdl\drivers/peripheral/gpio/cy_gpio.h **** 
 233:Generated_Source\PSoC6\pdl\drivers/peripheral/gpio/cy_gpio.h **** /**
 234:Generated_Source\PSoC6\pdl\drivers/peripheral/gpio/cy_gpio.h **** * \addtogroup group_gpio_data_structures
 235:Generated_Source\PSoC6\pdl\drivers/peripheral/gpio/cy_gpio.h **** * \{
 236:Generated_Source\PSoC6\pdl\drivers/peripheral/gpio/cy_gpio.h **** */
 237:Generated_Source\PSoC6\pdl\drivers/peripheral/gpio/cy_gpio.h **** 
 238:Generated_Source\PSoC6\pdl\drivers/peripheral/gpio/cy_gpio.h **** /** This structure is used to initialize a port of GPIO pins */
 239:Generated_Source\PSoC6\pdl\drivers/peripheral/gpio/cy_gpio.h **** typedef struct 
 240:Generated_Source\PSoC6\pdl\drivers/peripheral/gpio/cy_gpio.h **** {
 241:Generated_Source\PSoC6\pdl\drivers/peripheral/gpio/cy_gpio.h ****     uint32_t out;           /**< Initial output data for the IO pins in the port */
 242:Generated_Source\PSoC6\pdl\drivers/peripheral/gpio/cy_gpio.h ****     uint32_t intrMask;      /**< Interrupt enable mask for the port interrupt */
 243:Generated_Source\PSoC6\pdl\drivers/peripheral/gpio/cy_gpio.h ****     uint32_t intrCfg;       /**< Port pin interrupt edge detection configuration */
 244:Generated_Source\PSoC6\pdl\drivers/peripheral/gpio/cy_gpio.h ****     uint32_t cfg;           /**< Port pin drive modes and input buffer enable configuration */
 245:Generated_Source\PSoC6\pdl\drivers/peripheral/gpio/cy_gpio.h ****     uint32_t cfgIn;         /**< Port pin input buffer configuration */
 246:Generated_Source\PSoC6\pdl\drivers/peripheral/gpio/cy_gpio.h ****     uint32_t cfgOut;        /**< Port pin output buffer configuration */
 247:Generated_Source\PSoC6\pdl\drivers/peripheral/gpio/cy_gpio.h ****     uint32_t cfgSIO;        /**< Port SIO pins configuration */
 248:Generated_Source\PSoC6\pdl\drivers/peripheral/gpio/cy_gpio.h ****     uint32_t sel0Active;    /**< HSIOM selection for port pins 0,1,2,3 */
 249:Generated_Source\PSoC6\pdl\drivers/peripheral/gpio/cy_gpio.h ****     uint32_t sel1Active;    /**< HSIOM selection for port pins 4,5,6,7 */
 250:Generated_Source\PSoC6\pdl\drivers/peripheral/gpio/cy_gpio.h **** } cy_stc_gpio_prt_config_t;
 251:Generated_Source\PSoC6\pdl\drivers/peripheral/gpio/cy_gpio.h **** 
 252:Generated_Source\PSoC6\pdl\drivers/peripheral/gpio/cy_gpio.h **** /** This structure is used to initialize a single GPIO pin */
 253:Generated_Source\PSoC6\pdl\drivers/peripheral/gpio/cy_gpio.h **** typedef struct
 254:Generated_Source\PSoC6\pdl\drivers/peripheral/gpio/cy_gpio.h **** {
 255:Generated_Source\PSoC6\pdl\drivers/peripheral/gpio/cy_gpio.h ****     uint32_t outVal;         /**< Pin output state */
 256:Generated_Source\PSoC6\pdl\drivers/peripheral/gpio/cy_gpio.h ****     uint32_t driveMode;      /**< Drive mode */
 257:Generated_Source\PSoC6\pdl\drivers/peripheral/gpio/cy_gpio.h ****     en_hsiom_sel_t hsiom;    /**< HSIOM selection */
 258:Generated_Source\PSoC6\pdl\drivers/peripheral/gpio/cy_gpio.h ****     uint32_t intEdge;        /**< Interrupt Edge type */
 259:Generated_Source\PSoC6\pdl\drivers/peripheral/gpio/cy_gpio.h ****     uint32_t intMask;        /**< Interrupt enable mask */
 260:Generated_Source\PSoC6\pdl\drivers/peripheral/gpio/cy_gpio.h ****     uint32_t vtrip;          /**< Input buffer voltage trip type */
 261:Generated_Source\PSoC6\pdl\drivers/peripheral/gpio/cy_gpio.h ****     uint32_t slewRate;       /**< Output buffer slew rate */
 262:Generated_Source\PSoC6\pdl\drivers/peripheral/gpio/cy_gpio.h ****     uint32_t driveSel;       /**< Drive strength */
 263:Generated_Source\PSoC6\pdl\drivers/peripheral/gpio/cy_gpio.h ****     uint32_t vregEn;         /**< SIO pair output buffer mode */
 264:Generated_Source\PSoC6\pdl\drivers/peripheral/gpio/cy_gpio.h ****     uint32_t ibufMode;       /**< SIO pair input buffer mode */
 265:Generated_Source\PSoC6\pdl\drivers/peripheral/gpio/cy_gpio.h ****     uint32_t vtripSel;       /**< SIO pair input buffer trip point */
 266:Generated_Source\PSoC6\pdl\drivers/peripheral/gpio/cy_gpio.h ****     uint32_t vrefSel;        /**< SIO pair reference voltage for input buffer trip point */
 267:Generated_Source\PSoC6\pdl\drivers/peripheral/gpio/cy_gpio.h ****     uint32_t vohSel;         /**< SIO pair regulated voltage output level */
 268:Generated_Source\PSoC6\pdl\drivers/peripheral/gpio/cy_gpio.h **** } cy_stc_gpio_pin_config_t;
 269:Generated_Source\PSoC6\pdl\drivers/peripheral/gpio/cy_gpio.h **** 
 270:Generated_Source\PSoC6\pdl\drivers/peripheral/gpio/cy_gpio.h **** /** \} group_gpio_data_structures */
 271:Generated_Source\PSoC6\pdl\drivers/peripheral/gpio/cy_gpio.h **** 
 272:Generated_Source\PSoC6\pdl\drivers/peripheral/gpio/cy_gpio.h **** /***************************************
 273:Generated_Source\PSoC6\pdl\drivers/peripheral/gpio/cy_gpio.h **** *        Constants
 274:Generated_Source\PSoC6\pdl\drivers/peripheral/gpio/cy_gpio.h **** ***************************************/
 275:Generated_Source\PSoC6\pdl\drivers/peripheral/gpio/cy_gpio.h **** 
 276:Generated_Source\PSoC6\pdl\drivers/peripheral/gpio/cy_gpio.h **** /** \cond INTERNAL */
 277:Generated_Source\PSoC6\pdl\drivers/peripheral/gpio/cy_gpio.h **** 
 278:Generated_Source\PSoC6\pdl\drivers/peripheral/gpio/cy_gpio.h **** /* General Constants */
 279:Generated_Source\PSoC6\pdl\drivers/peripheral/gpio/cy_gpio.h **** #define CY_GPIO_PRT_HALF                       (4UL)      /**< Half-way point of a GPIO port */
 280:Generated_Source\PSoC6\pdl\drivers/peripheral/gpio/cy_gpio.h **** #define CY_GPIO_PRT_DEINIT                     (0UL)      /**< De-init value for port registers */
 281:Generated_Source\PSoC6\pdl\drivers/peripheral/gpio/cy_gpio.h **** 
 282:Generated_Source\PSoC6\pdl\drivers/peripheral/gpio/cy_gpio.h **** /* GPIO Masks */
 283:Generated_Source\PSoC6\pdl\drivers/peripheral/gpio/cy_gpio.h **** #define CY_GPIO_HSIOM_MASK                     (0x1FUL)   /**< HSIOM selection mask */
 284:Generated_Source\PSoC6\pdl\drivers/peripheral/gpio/cy_gpio.h **** #define CY_GPIO_OUT_MASK                       (0x01UL)   /**< Single pin mask for OUT register */
 285:Generated_Source\PSoC6\pdl\drivers/peripheral/gpio/cy_gpio.h **** #define CY_GPIO_IN_MASK                        (0x01UL)   /**< Single pin mask for IN register */
 286:Generated_Source\PSoC6\pdl\drivers/peripheral/gpio/cy_gpio.h **** #define CY_GPIO_CFG_DM_MASK                    (0x0FUL)   /**< Single pin mask for drive mode in CF
 287:Generated_Source\PSoC6\pdl\drivers/peripheral/gpio/cy_gpio.h **** #define CY_GPIO_CFG_IN_VTRIP_SEL_MASK          (0x01UL)   /**< Single pin mask for VTRIP selection 
ARM GAS  C:\Users\Finik\AppData\Local\Temp\ccnRnT2c.s 			page 7


 288:Generated_Source\PSoC6\pdl\drivers/peripheral/gpio/cy_gpio.h **** #define CY_GPIO_CFG_OUT_SLOW_MASK              (0x01UL)   /**< Single pin mask for slew rate in CFG
 289:Generated_Source\PSoC6\pdl\drivers/peripheral/gpio/cy_gpio.h **** #define CY_GPIO_CFG_OUT_DRIVE_SEL_MASK         (0x03UL)   /**< Single pin mask for drive strength i
 290:Generated_Source\PSoC6\pdl\drivers/peripheral/gpio/cy_gpio.h **** #define CY_GPIO_INTR_STATUS_MASK               (0x01UL)   /**< Single pin mask for interrupt status
 291:Generated_Source\PSoC6\pdl\drivers/peripheral/gpio/cy_gpio.h **** #define CY_GPIO_INTR_EN_MASK                   (0x01UL)   /**< Single pin mask for interrupt status
 292:Generated_Source\PSoC6\pdl\drivers/peripheral/gpio/cy_gpio.h **** #define CY_GPIO_INTR_MASKED_MASK               (0x01UL)   /**< Single pin mask for masked interrupt
 293:Generated_Source\PSoC6\pdl\drivers/peripheral/gpio/cy_gpio.h **** #define CY_GPIO_INTR_SET_MASK                  (0x01UL)   /**< Single pin mask for setting the inte
 294:Generated_Source\PSoC6\pdl\drivers/peripheral/gpio/cy_gpio.h **** #define CY_GPIO_INTR_EDGE_MASK                 (0x03UL)   /**< Single pin mask for interrupt edge t
 295:Generated_Source\PSoC6\pdl\drivers/peripheral/gpio/cy_gpio.h **** #define CY_GPIO_INTR_FLT_EDGE_MASK             (0x07UL)   /**< Single pin mask for setting filtered
 296:Generated_Source\PSoC6\pdl\drivers/peripheral/gpio/cy_gpio.h **** 
 297:Generated_Source\PSoC6\pdl\drivers/peripheral/gpio/cy_gpio.h **** /* SIO Masks */
 298:Generated_Source\PSoC6\pdl\drivers/peripheral/gpio/cy_gpio.h **** #define CY_GPIO_VREG_EN_MASK                   (0x01UL)   /**< Single SIO pin mask for voltage regu
 299:Generated_Source\PSoC6\pdl\drivers/peripheral/gpio/cy_gpio.h **** #define CY_GPIO_IBUF_MASK                      (0x01UL)   /**< Single SIO pin mask for input buffer
 300:Generated_Source\PSoC6\pdl\drivers/peripheral/gpio/cy_gpio.h **** #define CY_GPIO_IBUF_SHIFT                     (0x01UL)   /**< Single SIO pin shift for input buffe
 301:Generated_Source\PSoC6\pdl\drivers/peripheral/gpio/cy_gpio.h **** #define CY_GPIO_VTRIP_SEL_MASK                 (0x01UL)   /**< Single SIO pin mask for the input bu
 302:Generated_Source\PSoC6\pdl\drivers/peripheral/gpio/cy_gpio.h **** #define CY_GPIO_VTRIP_SEL_SHIFT                (0x02UL)   /**< Single SIO pin shift for the input b
 303:Generated_Source\PSoC6\pdl\drivers/peripheral/gpio/cy_gpio.h **** #define CY_GPIO_VREF_SEL_MASK                  (0x03UL)   /**< Single SIO pin mask for voltage refe
 304:Generated_Source\PSoC6\pdl\drivers/peripheral/gpio/cy_gpio.h **** #define CY_GPIO_VREF_SEL_SHIFT                 (0x03UL)   /**< Single SIO pin shift for voltage ref
 305:Generated_Source\PSoC6\pdl\drivers/peripheral/gpio/cy_gpio.h **** #define CY_GPIO_VOH_SEL_MASK                   (0x07UL)   /**< Single SIO pin mask for VOH */
 306:Generated_Source\PSoC6\pdl\drivers/peripheral/gpio/cy_gpio.h **** #define CY_GPIO_VOH_SEL_SHIFT                  (0x05UL)   /**< Single SIO pin shift for VOH */
 307:Generated_Source\PSoC6\pdl\drivers/peripheral/gpio/cy_gpio.h **** 
 308:Generated_Source\PSoC6\pdl\drivers/peripheral/gpio/cy_gpio.h **** /* Special mask for SIO pin pair setting */
 309:Generated_Source\PSoC6\pdl\drivers/peripheral/gpio/cy_gpio.h **** #define CY_GPIO_SIO_ODD_PIN_MASK               (0x00FEUL) /**< SIO pin pair selection mask */
 310:Generated_Source\PSoC6\pdl\drivers/peripheral/gpio/cy_gpio.h **** #define CY_GPIO_SIO_PIN_MASK                   (0x00FFUL) /**< SIO pin pair mask */
 311:Generated_Source\PSoC6\pdl\drivers/peripheral/gpio/cy_gpio.h **** 
 312:Generated_Source\PSoC6\pdl\drivers/peripheral/gpio/cy_gpio.h **** /* Offsets */
 313:Generated_Source\PSoC6\pdl\drivers/peripheral/gpio/cy_gpio.h **** #define CY_GPIO_HSIOM_OFFSET                   (3UL)      /**< Offset for HSIOM */
 314:Generated_Source\PSoC6\pdl\drivers/peripheral/gpio/cy_gpio.h **** #define CY_GPIO_DRIVE_MODE_OFFSET              (2UL)      /**< Offset for Drive mode */
 315:Generated_Source\PSoC6\pdl\drivers/peripheral/gpio/cy_gpio.h **** #define CY_GPIO_INBUF_OFFSET                   (3UL)      /**< Offset for input buffer */
 316:Generated_Source\PSoC6\pdl\drivers/peripheral/gpio/cy_gpio.h **** #define CY_GPIO_CFG_OUT_DRIVE_OFFSET           (16UL)     /**< Offset for drive strength */
 317:Generated_Source\PSoC6\pdl\drivers/peripheral/gpio/cy_gpio.h **** #define CY_GPIO_INTR_CFG_OFFSET                (1UL)      /**< Offset for interrupt config */
 318:Generated_Source\PSoC6\pdl\drivers/peripheral/gpio/cy_gpio.h **** #define CY_GPIO_INTR_FILT_OFFSET               (18UL)     /**< Offset for filtered interrupt config
 319:Generated_Source\PSoC6\pdl\drivers/peripheral/gpio/cy_gpio.h **** #define CY_GPIO_CFG_SIO_OFFSET                 (2UL)      /**< Offset for SIO config */
 320:Generated_Source\PSoC6\pdl\drivers/peripheral/gpio/cy_gpio.h **** 
 321:Generated_Source\PSoC6\pdl\drivers/peripheral/gpio/cy_gpio.h **** /* Parameter validation constants */
 322:Generated_Source\PSoC6\pdl\drivers/peripheral/gpio/cy_gpio.h **** #define CY_GPIO_PINS_MAX                       (8UL)      /**< Number of pins in the port */
 323:Generated_Source\PSoC6\pdl\drivers/peripheral/gpio/cy_gpio.h **** #define CY_GPIO_PRT_PINS_MASK                  (0x0000000FFUL)
 324:Generated_Source\PSoC6\pdl\drivers/peripheral/gpio/cy_gpio.h **** #define CY_GPIO_PRT_INTR_CFG_EDGE_SEL_MASK     (GPIO_PRT_INTR_CFG_EDGE0_SEL_Msk | \
 325:Generated_Source\PSoC6\pdl\drivers/peripheral/gpio/cy_gpio.h ****                                                 GPIO_PRT_INTR_CFG_EDGE1_SEL_Msk | \
 326:Generated_Source\PSoC6\pdl\drivers/peripheral/gpio/cy_gpio.h ****                                                 GPIO_PRT_INTR_CFG_EDGE2_SEL_Msk | \
 327:Generated_Source\PSoC6\pdl\drivers/peripheral/gpio/cy_gpio.h ****                                                 GPIO_PRT_INTR_CFG_EDGE3_SEL_Msk | \
 328:Generated_Source\PSoC6\pdl\drivers/peripheral/gpio/cy_gpio.h ****                                                 GPIO_PRT_INTR_CFG_EDGE4_SEL_Msk | \
 329:Generated_Source\PSoC6\pdl\drivers/peripheral/gpio/cy_gpio.h ****                                                 GPIO_PRT_INTR_CFG_EDGE5_SEL_Msk | \
 330:Generated_Source\PSoC6\pdl\drivers/peripheral/gpio/cy_gpio.h ****                                                 GPIO_PRT_INTR_CFG_EDGE6_SEL_Msk | \
 331:Generated_Source\PSoC6\pdl\drivers/peripheral/gpio/cy_gpio.h ****                                                 GPIO_PRT_INTR_CFG_EDGE7_SEL_Msk)
 332:Generated_Source\PSoC6\pdl\drivers/peripheral/gpio/cy_gpio.h **** #define CY_GPIO_PRT_INTR_CFG_RANGE_MASK        (CY_GPIO_PRT_INTR_CFG_EDGE_SEL_MASK | \
 333:Generated_Source\PSoC6\pdl\drivers/peripheral/gpio/cy_gpio.h ****                                                 GPIO_PRT_INTR_CFG_FLT_EDGE_SEL_Msk | \
 334:Generated_Source\PSoC6\pdl\drivers/peripheral/gpio/cy_gpio.h ****                                                 GPIO_PRT_INTR_CFG_FLT_SEL_Msk)
 335:Generated_Source\PSoC6\pdl\drivers/peripheral/gpio/cy_gpio.h **** #define CY_GPIO_PRT_INT_MASK_MASK              (0x0000001FFUL)
 336:Generated_Source\PSoC6\pdl\drivers/peripheral/gpio/cy_gpio.h **** #define CY_GPIO_PRT_SEL_ACTIVE_MASK            (0x1FFFFFFFUL)
 337:Generated_Source\PSoC6\pdl\drivers/peripheral/gpio/cy_gpio.h **** 
 338:Generated_Source\PSoC6\pdl\drivers/peripheral/gpio/cy_gpio.h **** #define GPIO_MAX_SPLIT_CELL_SEGMENTS           (9U)
 339:Generated_Source\PSoC6\pdl\drivers/peripheral/gpio/cy_gpio.h **** 
 340:Generated_Source\PSoC6\pdl\drivers/peripheral/gpio/cy_gpio.h **** /* Parameter validation macros */
 341:Generated_Source\PSoC6\pdl\drivers/peripheral/gpio/cy_gpio.h **** #define CY_GPIO_IS_PIN_VALID(pinNum)           (CY_GPIO_PINS_MAX > (pinNum))
 342:Generated_Source\PSoC6\pdl\drivers/peripheral/gpio/cy_gpio.h **** #define CY_GPIO_IS_FILTER_PIN_VALID(pinNum)    (CY_GPIO_PINS_MAX >= (pinNum))
 343:Generated_Source\PSoC6\pdl\drivers/peripheral/gpio/cy_gpio.h **** #define CY_GPIO_IS_VALUE_VALID(outVal)         (1UL >= (outVal))
 344:Generated_Source\PSoC6\pdl\drivers/peripheral/gpio/cy_gpio.h **** #define CY_GPIO_IS_DM_VALID(driveMode)         (0U == ((driveMode) & (uint32_t)~CY_GPIO_CFG_DM_MASK
ARM GAS  C:\Users\Finik\AppData\Local\Temp\ccnRnT2c.s 			page 8


 345:Generated_Source\PSoC6\pdl\drivers/peripheral/gpio/cy_gpio.h **** 
 346:Generated_Source\PSoC6\pdl\drivers/peripheral/gpio/cy_gpio.h **** #define CY_GPIO_IS_HSIOM_VALID(hsiom)          (0U == ((hsiom) & (uint32_t)~CY_GPIO_HSIOM_MASK))
 347:Generated_Source\PSoC6\pdl\drivers/peripheral/gpio/cy_gpio.h **** 
 348:Generated_Source\PSoC6\pdl\drivers/peripheral/gpio/cy_gpio.h **** #define CY_GPIO_IS_INT_EDGE_VALID(intEdge)     ((CY_GPIO_INTR_DISABLE  == (intEdge)) || \
 349:Generated_Source\PSoC6\pdl\drivers/peripheral/gpio/cy_gpio.h ****                                                 (CY_GPIO_INTR_RISING   == (intEdge)) || \
 350:Generated_Source\PSoC6\pdl\drivers/peripheral/gpio/cy_gpio.h ****                                                 (CY_GPIO_INTR_FALLING  == (intEdge)) || \
 351:Generated_Source\PSoC6\pdl\drivers/peripheral/gpio/cy_gpio.h ****                                                 (CY_GPIO_INTR_BOTH     == (intEdge)))
 352:Generated_Source\PSoC6\pdl\drivers/peripheral/gpio/cy_gpio.h **** 
 353:Generated_Source\PSoC6\pdl\drivers/peripheral/gpio/cy_gpio.h **** #define CY_GPIO_IS_DRIVE_SEL_VALID(driveSel)   ((CY_GPIO_DRIVE_FULL    == (driveSel)) || \
 354:Generated_Source\PSoC6\pdl\drivers/peripheral/gpio/cy_gpio.h ****                                                 (CY_GPIO_DRIVE_1_2     == (driveSel)) || \
 355:Generated_Source\PSoC6\pdl\drivers/peripheral/gpio/cy_gpio.h ****                                                 (CY_GPIO_DRIVE_1_4     == (driveSel)) || \
 356:Generated_Source\PSoC6\pdl\drivers/peripheral/gpio/cy_gpio.h ****                                                 (CY_GPIO_DRIVE_1_8     == (driveSel)))
 357:Generated_Source\PSoC6\pdl\drivers/peripheral/gpio/cy_gpio.h **** 
 358:Generated_Source\PSoC6\pdl\drivers/peripheral/gpio/cy_gpio.h **** #define CY_GPIO_IS_VREF_SEL_VALID(vrefSel)     ((CY_SIO_VREF_PINREF    == (vrefSel)) || \
 359:Generated_Source\PSoC6\pdl\drivers/peripheral/gpio/cy_gpio.h ****                                                 (CY_SIO_VREF_1_2V      == (vrefSel)) || \
 360:Generated_Source\PSoC6\pdl\drivers/peripheral/gpio/cy_gpio.h ****                                                 (CY_SIO_VREF_AMUX_A    == (vrefSel)) || \
 361:Generated_Source\PSoC6\pdl\drivers/peripheral/gpio/cy_gpio.h ****                                                 (CY_SIO_VREF_AMUX_B    == (vrefSel)))
 362:Generated_Source\PSoC6\pdl\drivers/peripheral/gpio/cy_gpio.h **** 
 363:Generated_Source\PSoC6\pdl\drivers/peripheral/gpio/cy_gpio.h **** #define CY_GPIO_IS_VOH_SEL_VALID(vrefSel)      ((CY_SIO_VOH_1_00       == (vrefSel)) || \
 364:Generated_Source\PSoC6\pdl\drivers/peripheral/gpio/cy_gpio.h ****                                                 (CY_SIO_VOH_1_25       == (vrefSel)) || \
 365:Generated_Source\PSoC6\pdl\drivers/peripheral/gpio/cy_gpio.h ****                                                 (CY_SIO_VOH_1_49       == (vrefSel)) || \
 366:Generated_Source\PSoC6\pdl\drivers/peripheral/gpio/cy_gpio.h ****                                                 (CY_SIO_VOH_1_67       == (vrefSel)) || \
 367:Generated_Source\PSoC6\pdl\drivers/peripheral/gpio/cy_gpio.h ****                                                 (CY_SIO_VOH_2_08       == (vrefSel)) || \
 368:Generated_Source\PSoC6\pdl\drivers/peripheral/gpio/cy_gpio.h ****                                                 (CY_SIO_VOH_2_50       == (vrefSel)) || \
 369:Generated_Source\PSoC6\pdl\drivers/peripheral/gpio/cy_gpio.h ****                                                 (CY_SIO_VOH_2_78       == (vrefSel)) || \
 370:Generated_Source\PSoC6\pdl\drivers/peripheral/gpio/cy_gpio.h ****                                                 (CY_SIO_VOH_4_16       == (vrefSel)))
 371:Generated_Source\PSoC6\pdl\drivers/peripheral/gpio/cy_gpio.h ****                    
 372:Generated_Source\PSoC6\pdl\drivers/peripheral/gpio/cy_gpio.h **** #define CY_GPIO_IS_PIN_BIT_VALID(pinBit)       (0U == ((pinBit) & (uint32_t)~CY_GPIO_PRT_PINS_MASK)
 373:Generated_Source\PSoC6\pdl\drivers/peripheral/gpio/cy_gpio.h **** #define CY_GPIO_IS_INTR_CFG_VALID(intrCfg)     (0U == ((intrCfg) & (uint32_t)~CY_GPIO_PRT_INTR_CFG_
 374:Generated_Source\PSoC6\pdl\drivers/peripheral/gpio/cy_gpio.h **** #define CY_GPIO_IS_INTR_MASK_VALID(intrMask)   (0U == ((intrMask) & (uint32_t)~CY_GPIO_PRT_INT_MASK
 375:Generated_Source\PSoC6\pdl\drivers/peripheral/gpio/cy_gpio.h **** #define CY_GPIO_IS_SEL_ACT_VALID(selActive)    (0U == ((selActive) & (uint32_t)~CY_GPIO_PRT_SEL_ACT
 376:Generated_Source\PSoC6\pdl\drivers/peripheral/gpio/cy_gpio.h **** 
 377:Generated_Source\PSoC6\pdl\drivers/peripheral/gpio/cy_gpio.h **** #define CY_GPIO_IS_AMUX_SPLIT_VALID(switchCtrl)       (((uint32_t) (switchCtrl)) < GPIO_MAX_SPLIT_C
 378:Generated_Source\PSoC6\pdl\drivers/peripheral/gpio/cy_gpio.h **** 
 379:Generated_Source\PSoC6\pdl\drivers/peripheral/gpio/cy_gpio.h **** #define CY_GPIO_IS_AMUX_CONNECT_VALID(amuxConnect)    ((CY_GPIO_AMUX_OPENALL == (amuxConnect)) || \
 380:Generated_Source\PSoC6\pdl\drivers/peripheral/gpio/cy_gpio.h ****                                                        (CY_GPIO_AMUX_L       == (amuxConnect)) || \
 381:Generated_Source\PSoC6\pdl\drivers/peripheral/gpio/cy_gpio.h ****                                                        (CY_GPIO_AMUX_R       == (amuxConnect)) || \
 382:Generated_Source\PSoC6\pdl\drivers/peripheral/gpio/cy_gpio.h ****                                                        (CY_GPIO_AMUX_LR      == (amuxConnect)) || \
 383:Generated_Source\PSoC6\pdl\drivers/peripheral/gpio/cy_gpio.h ****                                                        (CY_GPIO_AMUX_G       == (amuxConnect)) || \
 384:Generated_Source\PSoC6\pdl\drivers/peripheral/gpio/cy_gpio.h ****                                                        (CY_GPIO_AMUX_GL      == (amuxConnect)) || \
 385:Generated_Source\PSoC6\pdl\drivers/peripheral/gpio/cy_gpio.h ****                                                        (CY_GPIO_AMUX_GR      == (amuxConnect)) || \
 386:Generated_Source\PSoC6\pdl\drivers/peripheral/gpio/cy_gpio.h ****                                                        (CY_GPIO_AMUX_GLR     == (amuxConnect)))
 387:Generated_Source\PSoC6\pdl\drivers/peripheral/gpio/cy_gpio.h **** 
 388:Generated_Source\PSoC6\pdl\drivers/peripheral/gpio/cy_gpio.h **** #define CY_GPIO_IS_AMUX_SELECT_VALID(amuxBus)       ((CY_GPIO_AMUXBUSA       == (amuxBus)) || \
 389:Generated_Source\PSoC6\pdl\drivers/peripheral/gpio/cy_gpio.h ****                                                      (CY_GPIO_AMUXBUSB       == (amuxBus)))
 390:Generated_Source\PSoC6\pdl\drivers/peripheral/gpio/cy_gpio.h **** /** \endcond */
 391:Generated_Source\PSoC6\pdl\drivers/peripheral/gpio/cy_gpio.h **** 
 392:Generated_Source\PSoC6\pdl\drivers/peripheral/gpio/cy_gpio.h **** 
 393:Generated_Source\PSoC6\pdl\drivers/peripheral/gpio/cy_gpio.h **** /***************************************
 394:Generated_Source\PSoC6\pdl\drivers/peripheral/gpio/cy_gpio.h **** *        Function Constants
 395:Generated_Source\PSoC6\pdl\drivers/peripheral/gpio/cy_gpio.h **** ***************************************/
 396:Generated_Source\PSoC6\pdl\drivers/peripheral/gpio/cy_gpio.h **** 
 397:Generated_Source\PSoC6\pdl\drivers/peripheral/gpio/cy_gpio.h **** /**
 398:Generated_Source\PSoC6\pdl\drivers/peripheral/gpio/cy_gpio.h **** * \addtogroup group_gpio_macros
 399:Generated_Source\PSoC6\pdl\drivers/peripheral/gpio/cy_gpio.h **** * \{
 400:Generated_Source\PSoC6\pdl\drivers/peripheral/gpio/cy_gpio.h **** */
 401:Generated_Source\PSoC6\pdl\drivers/peripheral/gpio/cy_gpio.h **** 
ARM GAS  C:\Users\Finik\AppData\Local\Temp\ccnRnT2c.s 			page 9


 402:Generated_Source\PSoC6\pdl\drivers/peripheral/gpio/cy_gpio.h **** /**
 403:Generated_Source\PSoC6\pdl\drivers/peripheral/gpio/cy_gpio.h **** * \defgroup group_gpio_driveModes Pin drive mode
 404:Generated_Source\PSoC6\pdl\drivers/peripheral/gpio/cy_gpio.h **** * \{
 405:Generated_Source\PSoC6\pdl\drivers/peripheral/gpio/cy_gpio.h **** * Constants to be used for setting the drive mode of the pin.
 406:Generated_Source\PSoC6\pdl\drivers/peripheral/gpio/cy_gpio.h **** */
 407:Generated_Source\PSoC6\pdl\drivers/peripheral/gpio/cy_gpio.h **** #define CY_GPIO_DM_ANALOG                      (0x00UL) /**< Analog High-Z. Input buffer off */
 408:Generated_Source\PSoC6\pdl\drivers/peripheral/gpio/cy_gpio.h **** #define CY_GPIO_DM_PULLUP_IN_OFF               (0x02UL) /**< Resistive Pull-Up. Input buffer off */
 409:Generated_Source\PSoC6\pdl\drivers/peripheral/gpio/cy_gpio.h **** #define CY_GPIO_DM_PULLDOWN_IN_OFF             (0x03UL) /**< Resistive Pull-Down. Input buffer off 
 410:Generated_Source\PSoC6\pdl\drivers/peripheral/gpio/cy_gpio.h **** #define CY_GPIO_DM_OD_DRIVESLOW_IN_OFF         (0x04UL) /**< Open Drain, Drives Low. Input buffer o
 411:Generated_Source\PSoC6\pdl\drivers/peripheral/gpio/cy_gpio.h **** #define CY_GPIO_DM_OD_DRIVESHIGH_IN_OFF        (0x05UL) /**< Open Drain, Drives High. Input buffer 
 412:Generated_Source\PSoC6\pdl\drivers/peripheral/gpio/cy_gpio.h **** #define CY_GPIO_DM_STRONG_IN_OFF               (0x06UL) /**< Strong Drive. Input buffer off */
 413:Generated_Source\PSoC6\pdl\drivers/peripheral/gpio/cy_gpio.h **** #define CY_GPIO_DM_PULLUP_DOWN_IN_OFF          (0x07UL) /**< Resistive Pull-Up/Down. Input buffer o
 414:Generated_Source\PSoC6\pdl\drivers/peripheral/gpio/cy_gpio.h **** #define CY_GPIO_DM_HIGHZ                       (0x08UL) /**< Digital High-Z. Input buffer on */
 415:Generated_Source\PSoC6\pdl\drivers/peripheral/gpio/cy_gpio.h **** #define CY_GPIO_DM_PULLUP                      (0x0AUL) /**< Resistive Pull-Up. Input buffer on */
 416:Generated_Source\PSoC6\pdl\drivers/peripheral/gpio/cy_gpio.h **** #define CY_GPIO_DM_PULLDOWN                    (0x0BUL) /**< Resistive Pull-Down. Input buffer on *
 417:Generated_Source\PSoC6\pdl\drivers/peripheral/gpio/cy_gpio.h **** #define CY_GPIO_DM_OD_DRIVESLOW                (0x0CUL) /**< Open Drain, Drives Low. Input buffer o
 418:Generated_Source\PSoC6\pdl\drivers/peripheral/gpio/cy_gpio.h **** #define CY_GPIO_DM_OD_DRIVESHIGH               (0x0DUL) /**< Open Drain, Drives High. Input buffer 
 419:Generated_Source\PSoC6\pdl\drivers/peripheral/gpio/cy_gpio.h **** #define CY_GPIO_DM_STRONG                      (0x0EUL) /**< Strong Drive. Input buffer on */
 420:Generated_Source\PSoC6\pdl\drivers/peripheral/gpio/cy_gpio.h **** #define CY_GPIO_DM_PULLUP_DOWN                 (0x0FUL) /**< Resistive Pull-Up/Down. Input buffer o
 421:Generated_Source\PSoC6\pdl\drivers/peripheral/gpio/cy_gpio.h **** /** \} */
 422:Generated_Source\PSoC6\pdl\drivers/peripheral/gpio/cy_gpio.h **** 
 423:Generated_Source\PSoC6\pdl\drivers/peripheral/gpio/cy_gpio.h **** /**
 424:Generated_Source\PSoC6\pdl\drivers/peripheral/gpio/cy_gpio.h **** * \defgroup group_gpio_vtrip Voltage trip mode
 425:Generated_Source\PSoC6\pdl\drivers/peripheral/gpio/cy_gpio.h **** * \{
 426:Generated_Source\PSoC6\pdl\drivers/peripheral/gpio/cy_gpio.h **** * Constants to be used for setting the voltage trip type on the pin.
 427:Generated_Source\PSoC6\pdl\drivers/peripheral/gpio/cy_gpio.h **** */
 428:Generated_Source\PSoC6\pdl\drivers/peripheral/gpio/cy_gpio.h **** #define CY_GPIO_VTRIP_CMOS                     (0x00UL) /**< Input buffer compatible with CMOS and 
 429:Generated_Source\PSoC6\pdl\drivers/peripheral/gpio/cy_gpio.h **** #define CY_GPIO_VTRIP_TTL                      (0x01UL) /**< Input buffer compatible with TTL and M
 430:Generated_Source\PSoC6\pdl\drivers/peripheral/gpio/cy_gpio.h **** /** \} */
 431:Generated_Source\PSoC6\pdl\drivers/peripheral/gpio/cy_gpio.h **** 
 432:Generated_Source\PSoC6\pdl\drivers/peripheral/gpio/cy_gpio.h **** /**
 433:Generated_Source\PSoC6\pdl\drivers/peripheral/gpio/cy_gpio.h **** * \defgroup group_gpio_slewRate Slew Rate Mode
 434:Generated_Source\PSoC6\pdl\drivers/peripheral/gpio/cy_gpio.h **** * \{
 435:Generated_Source\PSoC6\pdl\drivers/peripheral/gpio/cy_gpio.h **** * Constants to be used for setting the slew rate of the pin.
 436:Generated_Source\PSoC6\pdl\drivers/peripheral/gpio/cy_gpio.h **** */
 437:Generated_Source\PSoC6\pdl\drivers/peripheral/gpio/cy_gpio.h **** #define CY_GPIO_SLEW_FAST                      (0x00UL) /**< Fast slew rate */
 438:Generated_Source\PSoC6\pdl\drivers/peripheral/gpio/cy_gpio.h **** #define CY_GPIO_SLEW_SLOW                      (0x01UL) /**< Slow slew rate */
 439:Generated_Source\PSoC6\pdl\drivers/peripheral/gpio/cy_gpio.h **** /** \} */
 440:Generated_Source\PSoC6\pdl\drivers/peripheral/gpio/cy_gpio.h **** 
 441:Generated_Source\PSoC6\pdl\drivers/peripheral/gpio/cy_gpio.h **** /**
 442:Generated_Source\PSoC6\pdl\drivers/peripheral/gpio/cy_gpio.h **** * \defgroup group_gpio_driveStrength Pin drive strength
 443:Generated_Source\PSoC6\pdl\drivers/peripheral/gpio/cy_gpio.h **** * \{
 444:Generated_Source\PSoC6\pdl\drivers/peripheral/gpio/cy_gpio.h **** * Constants to be used for setting the drive strength of the pin.
 445:Generated_Source\PSoC6\pdl\drivers/peripheral/gpio/cy_gpio.h **** */
 446:Generated_Source\PSoC6\pdl\drivers/peripheral/gpio/cy_gpio.h **** #define CY_GPIO_DRIVE_FULL                     (0x00UL) /**< Full drive strength: Max drive current
 447:Generated_Source\PSoC6\pdl\drivers/peripheral/gpio/cy_gpio.h **** #define CY_GPIO_DRIVE_1_2                      (0x01UL) /**< 1/2 drive strength: 1/2 drive current 
 448:Generated_Source\PSoC6\pdl\drivers/peripheral/gpio/cy_gpio.h **** #define CY_GPIO_DRIVE_1_4                      (0x02UL) /**< 1/4 drive strength: 1/4 drive current 
 449:Generated_Source\PSoC6\pdl\drivers/peripheral/gpio/cy_gpio.h **** #define CY_GPIO_DRIVE_1_8                      (0x03UL) /**< 1/8 drive strength: 1/8 drive current 
 450:Generated_Source\PSoC6\pdl\drivers/peripheral/gpio/cy_gpio.h **** /** \} */
 451:Generated_Source\PSoC6\pdl\drivers/peripheral/gpio/cy_gpio.h **** 
 452:Generated_Source\PSoC6\pdl\drivers/peripheral/gpio/cy_gpio.h **** /**
 453:Generated_Source\PSoC6\pdl\drivers/peripheral/gpio/cy_gpio.h **** * \defgroup group_gpio_interruptTrigger Interrupt trigger type
 454:Generated_Source\PSoC6\pdl\drivers/peripheral/gpio/cy_gpio.h **** * \{
 455:Generated_Source\PSoC6\pdl\drivers/peripheral/gpio/cy_gpio.h **** * Constants to be used for setting the interrupt trigger type on the pin.
 456:Generated_Source\PSoC6\pdl\drivers/peripheral/gpio/cy_gpio.h **** */
 457:Generated_Source\PSoC6\pdl\drivers/peripheral/gpio/cy_gpio.h **** #define CY_GPIO_INTR_DISABLE                   (0x00UL) /**< Disable the pin interrupt generation *
 458:Generated_Source\PSoC6\pdl\drivers/peripheral/gpio/cy_gpio.h **** #define CY_GPIO_INTR_RISING                    (0x01UL) /**< Rising-Edge interrupt */
ARM GAS  C:\Users\Finik\AppData\Local\Temp\ccnRnT2c.s 			page 10


 459:Generated_Source\PSoC6\pdl\drivers/peripheral/gpio/cy_gpio.h **** #define CY_GPIO_INTR_FALLING                   (0x02UL) /**< Falling-Edge interrupt */
 460:Generated_Source\PSoC6\pdl\drivers/peripheral/gpio/cy_gpio.h **** #define CY_GPIO_INTR_BOTH                      (0x03UL) /**< Both-Edge interrupt */
 461:Generated_Source\PSoC6\pdl\drivers/peripheral/gpio/cy_gpio.h **** /** \} */
 462:Generated_Source\PSoC6\pdl\drivers/peripheral/gpio/cy_gpio.h **** 
 463:Generated_Source\PSoC6\pdl\drivers/peripheral/gpio/cy_gpio.h **** /**
 464:Generated_Source\PSoC6\pdl\drivers/peripheral/gpio/cy_gpio.h **** * \defgroup group_gpio_sioVreg SIO output buffer mode
 465:Generated_Source\PSoC6\pdl\drivers/peripheral/gpio/cy_gpio.h **** * \{
 466:Generated_Source\PSoC6\pdl\drivers/peripheral/gpio/cy_gpio.h **** * Constants to be used for setting the SIO output buffer mode on the pin.
 467:Generated_Source\PSoC6\pdl\drivers/peripheral/gpio/cy_gpio.h **** */
 468:Generated_Source\PSoC6\pdl\drivers/peripheral/gpio/cy_gpio.h **** #define CY_SIO_VREG_UNREGULATED                (0x00UL) /**< Unregulated output buffer */
 469:Generated_Source\PSoC6\pdl\drivers/peripheral/gpio/cy_gpio.h **** #define CY_SIO_VREG_REGULATED                  (0x01UL) /**< Regulated output buffer */
 470:Generated_Source\PSoC6\pdl\drivers/peripheral/gpio/cy_gpio.h **** /** \} */
 471:Generated_Source\PSoC6\pdl\drivers/peripheral/gpio/cy_gpio.h **** 
 472:Generated_Source\PSoC6\pdl\drivers/peripheral/gpio/cy_gpio.h **** /**
 473:Generated_Source\PSoC6\pdl\drivers/peripheral/gpio/cy_gpio.h **** * \defgroup group_gpio_sioIbuf SIO input buffer mode
 474:Generated_Source\PSoC6\pdl\drivers/peripheral/gpio/cy_gpio.h **** * \{
 475:Generated_Source\PSoC6\pdl\drivers/peripheral/gpio/cy_gpio.h **** * Constants to be used for setting the SIO input buffer mode on the pin.
 476:Generated_Source\PSoC6\pdl\drivers/peripheral/gpio/cy_gpio.h **** */
 477:Generated_Source\PSoC6\pdl\drivers/peripheral/gpio/cy_gpio.h **** #define CY_SIO_IBUF_SINGLEENDED                (0x00UL) /**< Single ended input buffer */
 478:Generated_Source\PSoC6\pdl\drivers/peripheral/gpio/cy_gpio.h **** #define CY_SIO_IBUF_DIFFERENTIAL               (0x01UL) /**< Differential input buffer */
 479:Generated_Source\PSoC6\pdl\drivers/peripheral/gpio/cy_gpio.h **** /** \} */
 480:Generated_Source\PSoC6\pdl\drivers/peripheral/gpio/cy_gpio.h **** 
 481:Generated_Source\PSoC6\pdl\drivers/peripheral/gpio/cy_gpio.h **** /**
 482:Generated_Source\PSoC6\pdl\drivers/peripheral/gpio/cy_gpio.h **** * \defgroup group_gpio_sioVtrip SIO input buffer trip-point
 483:Generated_Source\PSoC6\pdl\drivers/peripheral/gpio/cy_gpio.h **** * \{
 484:Generated_Source\PSoC6\pdl\drivers/peripheral/gpio/cy_gpio.h **** * Constants to be used for setting the SIO input buffer trip-point of the pin.
 485:Generated_Source\PSoC6\pdl\drivers/peripheral/gpio/cy_gpio.h **** */
 486:Generated_Source\PSoC6\pdl\drivers/peripheral/gpio/cy_gpio.h **** #define CY_SIO_VTRIP_CMOS                      (0x00UL) /**< CMOS input buffer (single-ended) */
 487:Generated_Source\PSoC6\pdl\drivers/peripheral/gpio/cy_gpio.h **** #define CY_SIO_VTRIP_TTL                       (0x01UL) /**< TTL input buffer (single-ended) */
 488:Generated_Source\PSoC6\pdl\drivers/peripheral/gpio/cy_gpio.h **** #define CY_SIO_VTRIP_0_5VDDIO_0_5VOH           (0x00UL) /**< 0.5xVddio or 0.5xVoh (differential) */
 489:Generated_Source\PSoC6\pdl\drivers/peripheral/gpio/cy_gpio.h **** #define CY_SIO_VTRIP_0_4VDDIO_1_0VREF          (0x01UL) /**< 0.4xVddio or 0.4xVoh (differential) */
 490:Generated_Source\PSoC6\pdl\drivers/peripheral/gpio/cy_gpio.h **** /** \} */
 491:Generated_Source\PSoC6\pdl\drivers/peripheral/gpio/cy_gpio.h **** 
 492:Generated_Source\PSoC6\pdl\drivers/peripheral/gpio/cy_gpio.h **** /**
 493:Generated_Source\PSoC6\pdl\drivers/peripheral/gpio/cy_gpio.h **** * \defgroup group_gpio_sioVref SIO reference voltage for input buffer trip-point
 494:Generated_Source\PSoC6\pdl\drivers/peripheral/gpio/cy_gpio.h **** * \{
 495:Generated_Source\PSoC6\pdl\drivers/peripheral/gpio/cy_gpio.h **** * Constants to be used for setting the reference voltage of SIO input buffer trip-point.
 496:Generated_Source\PSoC6\pdl\drivers/peripheral/gpio/cy_gpio.h **** */
 497:Generated_Source\PSoC6\pdl\drivers/peripheral/gpio/cy_gpio.h **** #define CY_SIO_VREF_PINREF                     (0x00UL) /**< Vref from analog pin */
 498:Generated_Source\PSoC6\pdl\drivers/peripheral/gpio/cy_gpio.h **** #define CY_SIO_VREF_1_2V                       (0x01UL) /**< Vref from internal 1.2V reference */
 499:Generated_Source\PSoC6\pdl\drivers/peripheral/gpio/cy_gpio.h **** #define CY_SIO_VREF_AMUX_A                     (0x02UL) /**< Vref from AMUXBUS_A */
 500:Generated_Source\PSoC6\pdl\drivers/peripheral/gpio/cy_gpio.h **** #define CY_SIO_VREF_AMUX_B                     (0x03UL) /**< Vref from AMUXBUS_B */
 501:Generated_Source\PSoC6\pdl\drivers/peripheral/gpio/cy_gpio.h **** /** \} */
 502:Generated_Source\PSoC6\pdl\drivers/peripheral/gpio/cy_gpio.h **** 
 503:Generated_Source\PSoC6\pdl\drivers/peripheral/gpio/cy_gpio.h **** /**
 504:Generated_Source\PSoC6\pdl\drivers/peripheral/gpio/cy_gpio.h **** * \defgroup group_gpio_sioVoh Regulated output voltage level (Voh) and input buffer trip-point of a
 505:Generated_Source\PSoC6\pdl\drivers/peripheral/gpio/cy_gpio.h **** * \{
 506:Generated_Source\PSoC6\pdl\drivers/peripheral/gpio/cy_gpio.h **** * Constants to be used for setting the Voh and input buffer trip-point of an SIO pair
 507:Generated_Source\PSoC6\pdl\drivers/peripheral/gpio/cy_gpio.h **** */
 508:Generated_Source\PSoC6\pdl\drivers/peripheral/gpio/cy_gpio.h **** #define CY_SIO_VOH_1_00                        (0x00UL) /**< Voh = 1 x Reference */
 509:Generated_Source\PSoC6\pdl\drivers/peripheral/gpio/cy_gpio.h **** #define CY_SIO_VOH_1_25                        (0x01UL) /**< Voh = 1.25 x Reference */
 510:Generated_Source\PSoC6\pdl\drivers/peripheral/gpio/cy_gpio.h **** #define CY_SIO_VOH_1_49                        (0x02UL) /**< Voh = 1.49 x Reference */
 511:Generated_Source\PSoC6\pdl\drivers/peripheral/gpio/cy_gpio.h **** #define CY_SIO_VOH_1_67                        (0x03UL) /**< Voh = 1.67 x Reference */
 512:Generated_Source\PSoC6\pdl\drivers/peripheral/gpio/cy_gpio.h **** #define CY_SIO_VOH_2_08                        (0x04UL) /**< Voh = 2.08 x Reference */
 513:Generated_Source\PSoC6\pdl\drivers/peripheral/gpio/cy_gpio.h **** #define CY_SIO_VOH_2_50                        (0x05UL) /**< Voh = 2.50 x Reference */
 514:Generated_Source\PSoC6\pdl\drivers/peripheral/gpio/cy_gpio.h **** #define CY_SIO_VOH_2_78                        (0x06UL) /**< Voh = 2.78 x Reference */
 515:Generated_Source\PSoC6\pdl\drivers/peripheral/gpio/cy_gpio.h **** #define CY_SIO_VOH_4_16                        (0x07UL) /**< Voh = 4.16 x Reference */
ARM GAS  C:\Users\Finik\AppData\Local\Temp\ccnRnT2c.s 			page 11


 516:Generated_Source\PSoC6\pdl\drivers/peripheral/gpio/cy_gpio.h **** /** \} */
 517:Generated_Source\PSoC6\pdl\drivers/peripheral/gpio/cy_gpio.h **** 
 518:Generated_Source\PSoC6\pdl\drivers/peripheral/gpio/cy_gpio.h **** /** \} group_gpio_macros */
 519:Generated_Source\PSoC6\pdl\drivers/peripheral/gpio/cy_gpio.h **** 
 520:Generated_Source\PSoC6\pdl\drivers/peripheral/gpio/cy_gpio.h **** /***************************************
 521:Generated_Source\PSoC6\pdl\drivers/peripheral/gpio/cy_gpio.h **** *        Function Prototypes
 522:Generated_Source\PSoC6\pdl\drivers/peripheral/gpio/cy_gpio.h **** ***************************************/
 523:Generated_Source\PSoC6\pdl\drivers/peripheral/gpio/cy_gpio.h **** 
 524:Generated_Source\PSoC6\pdl\drivers/peripheral/gpio/cy_gpio.h **** /**
 525:Generated_Source\PSoC6\pdl\drivers/peripheral/gpio/cy_gpio.h **** * \addtogroup group_gpio_functions
 526:Generated_Source\PSoC6\pdl\drivers/peripheral/gpio/cy_gpio.h **** * \{
 527:Generated_Source\PSoC6\pdl\drivers/peripheral/gpio/cy_gpio.h **** */
 528:Generated_Source\PSoC6\pdl\drivers/peripheral/gpio/cy_gpio.h **** 
 529:Generated_Source\PSoC6\pdl\drivers/peripheral/gpio/cy_gpio.h **** /**
 530:Generated_Source\PSoC6\pdl\drivers/peripheral/gpio/cy_gpio.h **** * \addtogroup group_gpio_functions_init
 531:Generated_Source\PSoC6\pdl\drivers/peripheral/gpio/cy_gpio.h **** * \{
 532:Generated_Source\PSoC6\pdl\drivers/peripheral/gpio/cy_gpio.h **** */
 533:Generated_Source\PSoC6\pdl\drivers/peripheral/gpio/cy_gpio.h **** 
 534:Generated_Source\PSoC6\pdl\drivers/peripheral/gpio/cy_gpio.h **** cy_en_gpio_status_t Cy_GPIO_Pin_Init(GPIO_PRT_Type* base, uint32_t pinNum, const cy_stc_gpio_pin_co
 535:Generated_Source\PSoC6\pdl\drivers/peripheral/gpio/cy_gpio.h **** cy_en_gpio_status_t Cy_GPIO_Port_Init(GPIO_PRT_Type* base, const cy_stc_gpio_prt_config_t *config);
 536:Generated_Source\PSoC6\pdl\drivers/peripheral/gpio/cy_gpio.h **** void Cy_GPIO_Pin_FastInit(GPIO_PRT_Type* base, uint32_t pinNum, uint32_t driveMode, uint32_t outVal
 537:Generated_Source\PSoC6\pdl\drivers/peripheral/gpio/cy_gpio.h **** void Cy_GPIO_Port_Deinit(GPIO_PRT_Type* base);
 538:Generated_Source\PSoC6\pdl\drivers/peripheral/gpio/cy_gpio.h **** __STATIC_INLINE void Cy_GPIO_SetHSIOM(GPIO_PRT_Type* base, uint32_t pinNum, en_hsiom_sel_t value);
 539:Generated_Source\PSoC6\pdl\drivers/peripheral/gpio/cy_gpio.h **** __STATIC_INLINE en_hsiom_sel_t Cy_GPIO_GetHSIOM(GPIO_PRT_Type* base, uint32_t pinNum);
 540:Generated_Source\PSoC6\pdl\drivers/peripheral/gpio/cy_gpio.h **** __STATIC_INLINE GPIO_PRT_Type* Cy_GPIO_PortToAddr(uint32_t portNum);
 541:Generated_Source\PSoC6\pdl\drivers/peripheral/gpio/cy_gpio.h **** 
 542:Generated_Source\PSoC6\pdl\drivers/peripheral/gpio/cy_gpio.h **** /** \} group_gpio_functions_init */
 543:Generated_Source\PSoC6\pdl\drivers/peripheral/gpio/cy_gpio.h **** 
 544:Generated_Source\PSoC6\pdl\drivers/peripheral/gpio/cy_gpio.h **** /**
 545:Generated_Source\PSoC6\pdl\drivers/peripheral/gpio/cy_gpio.h **** * \addtogroup group_gpio_functions_gpio
 546:Generated_Source\PSoC6\pdl\drivers/peripheral/gpio/cy_gpio.h **** * \{
 547:Generated_Source\PSoC6\pdl\drivers/peripheral/gpio/cy_gpio.h **** */
 548:Generated_Source\PSoC6\pdl\drivers/peripheral/gpio/cy_gpio.h **** 
 549:Generated_Source\PSoC6\pdl\drivers/peripheral/gpio/cy_gpio.h **** void Cy_GPIO_SetAmuxSplit(cy_en_amux_split_t switchCtrl, cy_en_gpio_amuxconnect_t amuxConnect, cy_e
 550:Generated_Source\PSoC6\pdl\drivers/peripheral/gpio/cy_gpio.h **** cy_en_gpio_amuxconnect_t Cy_GPIO_GetAmuxSplit(cy_en_amux_split_t switchCtrl, cy_en_gpio_amuxselect_
 551:Generated_Source\PSoC6\pdl\drivers/peripheral/gpio/cy_gpio.h **** 
 552:Generated_Source\PSoC6\pdl\drivers/peripheral/gpio/cy_gpio.h **** __STATIC_INLINE uint32_t Cy_GPIO_Read(GPIO_PRT_Type* base, uint32_t pinNum);
 553:Generated_Source\PSoC6\pdl\drivers/peripheral/gpio/cy_gpio.h **** __STATIC_INLINE void Cy_GPIO_Write(GPIO_PRT_Type* base, uint32_t pinNum, uint32_t value);
 554:Generated_Source\PSoC6\pdl\drivers/peripheral/gpio/cy_gpio.h **** __STATIC_INLINE uint32_t Cy_GPIO_ReadOut(GPIO_PRT_Type* base, uint32_t pinNum);
 555:Generated_Source\PSoC6\pdl\drivers/peripheral/gpio/cy_gpio.h **** __STATIC_INLINE void Cy_GPIO_Set(GPIO_PRT_Type* base, uint32_t pinNum);
 556:Generated_Source\PSoC6\pdl\drivers/peripheral/gpio/cy_gpio.h **** __STATIC_INLINE void Cy_GPIO_Clr(GPIO_PRT_Type* base, uint32_t pinNum);
 557:Generated_Source\PSoC6\pdl\drivers/peripheral/gpio/cy_gpio.h **** __STATIC_INLINE void Cy_GPIO_Inv(GPIO_PRT_Type* base, uint32_t pinNum);
 558:Generated_Source\PSoC6\pdl\drivers/peripheral/gpio/cy_gpio.h **** __STATIC_INLINE void Cy_GPIO_SetDrivemode(GPIO_PRT_Type* base, uint32_t pinNum, uint32_t value);
 559:Generated_Source\PSoC6\pdl\drivers/peripheral/gpio/cy_gpio.h **** __STATIC_INLINE uint32_t Cy_GPIO_GetDrivemode(GPIO_PRT_Type* base, uint32_t pinNum);
 560:Generated_Source\PSoC6\pdl\drivers/peripheral/gpio/cy_gpio.h **** __STATIC_INLINE void Cy_GPIO_SetVtrip(GPIO_PRT_Type* base, uint32_t pinNum, uint32_t value);
 561:Generated_Source\PSoC6\pdl\drivers/peripheral/gpio/cy_gpio.h **** __STATIC_INLINE uint32_t Cy_GPIO_GetVtrip(GPIO_PRT_Type* base, uint32_t pinNum);
 562:Generated_Source\PSoC6\pdl\drivers/peripheral/gpio/cy_gpio.h **** __STATIC_INLINE void Cy_GPIO_SetSlewRate(GPIO_PRT_Type* base, uint32_t pinNum, uint32_t value);
 563:Generated_Source\PSoC6\pdl\drivers/peripheral/gpio/cy_gpio.h **** __STATIC_INLINE uint32_t Cy_GPIO_GetSlewRate(GPIO_PRT_Type* base, uint32_t pinNum);
 564:Generated_Source\PSoC6\pdl\drivers/peripheral/gpio/cy_gpio.h **** __STATIC_INLINE void Cy_GPIO_SetDriveSel(GPIO_PRT_Type* base, uint32_t pinNum, uint32_t value);
 565:Generated_Source\PSoC6\pdl\drivers/peripheral/gpio/cy_gpio.h **** __STATIC_INLINE uint32_t Cy_GPIO_GetDriveSel(GPIO_PRT_Type* base, uint32_t pinNum);
 566:Generated_Source\PSoC6\pdl\drivers/peripheral/gpio/cy_gpio.h **** 
 567:Generated_Source\PSoC6\pdl\drivers/peripheral/gpio/cy_gpio.h **** /** \} group_gpio_functions_gpio */
 568:Generated_Source\PSoC6\pdl\drivers/peripheral/gpio/cy_gpio.h **** 
 569:Generated_Source\PSoC6\pdl\drivers/peripheral/gpio/cy_gpio.h **** /**
 570:Generated_Source\PSoC6\pdl\drivers/peripheral/gpio/cy_gpio.h **** * \addtogroup group_gpio_functions_sio
 571:Generated_Source\PSoC6\pdl\drivers/peripheral/gpio/cy_gpio.h **** * \{
 572:Generated_Source\PSoC6\pdl\drivers/peripheral/gpio/cy_gpio.h **** */
ARM GAS  C:\Users\Finik\AppData\Local\Temp\ccnRnT2c.s 			page 12


 573:Generated_Source\PSoC6\pdl\drivers/peripheral/gpio/cy_gpio.h **** 
 574:Generated_Source\PSoC6\pdl\drivers/peripheral/gpio/cy_gpio.h **** __STATIC_INLINE void Cy_GPIO_SetVregEn(GPIO_PRT_Type* base, uint32_t pinNum, uint32_t value);
 575:Generated_Source\PSoC6\pdl\drivers/peripheral/gpio/cy_gpio.h **** __STATIC_INLINE uint32_t Cy_GPIO_GetVregEn(GPIO_PRT_Type* base, uint32_t pinNum);
 576:Generated_Source\PSoC6\pdl\drivers/peripheral/gpio/cy_gpio.h **** __STATIC_INLINE void Cy_GPIO_SetIbufMode(GPIO_PRT_Type* base, uint32_t pinNum, uint32_t value);
 577:Generated_Source\PSoC6\pdl\drivers/peripheral/gpio/cy_gpio.h **** __STATIC_INLINE uint32_t Cy_GPIO_GetIbufMode(GPIO_PRT_Type* base, uint32_t pinNum);
 578:Generated_Source\PSoC6\pdl\drivers/peripheral/gpio/cy_gpio.h **** __STATIC_INLINE void Cy_GPIO_SetVtripSel(GPIO_PRT_Type* base, uint32_t pinNum, uint32_t value);
 579:Generated_Source\PSoC6\pdl\drivers/peripheral/gpio/cy_gpio.h **** __STATIC_INLINE uint32_t Cy_GPIO_GetVtripSel(GPIO_PRT_Type* base, uint32_t pinNum);
 580:Generated_Source\PSoC6\pdl\drivers/peripheral/gpio/cy_gpio.h **** __STATIC_INLINE void Cy_GPIO_SetVrefSel(GPIO_PRT_Type* base, uint32_t pinNum, uint32_t value);
 581:Generated_Source\PSoC6\pdl\drivers/peripheral/gpio/cy_gpio.h **** __STATIC_INLINE uint32_t Cy_GPIO_GetVrefSel(GPIO_PRT_Type* base, uint32_t pinNum);
 582:Generated_Source\PSoC6\pdl\drivers/peripheral/gpio/cy_gpio.h **** __STATIC_INLINE void Cy_GPIO_SetVohSel(GPIO_PRT_Type* base, uint32_t pinNum, uint32_t value);
 583:Generated_Source\PSoC6\pdl\drivers/peripheral/gpio/cy_gpio.h **** __STATIC_INLINE uint32_t Cy_GPIO_GetVohSel(GPIO_PRT_Type* base, uint32_t pinNum);
 584:Generated_Source\PSoC6\pdl\drivers/peripheral/gpio/cy_gpio.h **** 
 585:Generated_Source\PSoC6\pdl\drivers/peripheral/gpio/cy_gpio.h **** /** \} group_gpio_functions_sio */
 586:Generated_Source\PSoC6\pdl\drivers/peripheral/gpio/cy_gpio.h **** 
 587:Generated_Source\PSoC6\pdl\drivers/peripheral/gpio/cy_gpio.h **** /**
 588:Generated_Source\PSoC6\pdl\drivers/peripheral/gpio/cy_gpio.h **** * \addtogroup group_gpio_functions_interrupt
 589:Generated_Source\PSoC6\pdl\drivers/peripheral/gpio/cy_gpio.h **** * \{
 590:Generated_Source\PSoC6\pdl\drivers/peripheral/gpio/cy_gpio.h **** */
 591:Generated_Source\PSoC6\pdl\drivers/peripheral/gpio/cy_gpio.h **** 
 592:Generated_Source\PSoC6\pdl\drivers/peripheral/gpio/cy_gpio.h **** __STATIC_INLINE uint32_t Cy_GPIO_GetInterruptStatus(GPIO_PRT_Type* base, uint32_t pinNum);
 593:Generated_Source\PSoC6\pdl\drivers/peripheral/gpio/cy_gpio.h **** __STATIC_INLINE void Cy_GPIO_ClearInterrupt(GPIO_PRT_Type* base, uint32_t pinNum);
 594:Generated_Source\PSoC6\pdl\drivers/peripheral/gpio/cy_gpio.h **** __STATIC_INLINE void Cy_GPIO_SetInterruptMask(GPIO_PRT_Type* base, uint32_t pinNum, uint32_t value)
 595:Generated_Source\PSoC6\pdl\drivers/peripheral/gpio/cy_gpio.h **** __STATIC_INLINE uint32_t Cy_GPIO_GetInterruptMask(GPIO_PRT_Type* base, uint32_t pinNum);
 596:Generated_Source\PSoC6\pdl\drivers/peripheral/gpio/cy_gpio.h **** __STATIC_INLINE uint32_t Cy_GPIO_GetInterruptStatusMasked(GPIO_PRT_Type* base, uint32_t pinNum);
 597:Generated_Source\PSoC6\pdl\drivers/peripheral/gpio/cy_gpio.h **** __STATIC_INLINE void Cy_GPIO_SetSwInterrupt(GPIO_PRT_Type* base, uint32_t pinNum);
 598:Generated_Source\PSoC6\pdl\drivers/peripheral/gpio/cy_gpio.h **** __STATIC_INLINE void Cy_GPIO_SetInterruptEdge(GPIO_PRT_Type* base, uint32_t pinNum, uint32_t value)
 599:Generated_Source\PSoC6\pdl\drivers/peripheral/gpio/cy_gpio.h **** __STATIC_INLINE uint32_t Cy_GPIO_GetInterruptEdge(GPIO_PRT_Type* base, uint32_t pinNum);
 600:Generated_Source\PSoC6\pdl\drivers/peripheral/gpio/cy_gpio.h **** __STATIC_INLINE void Cy_GPIO_SetFilter(GPIO_PRT_Type* base, uint32_t value);
 601:Generated_Source\PSoC6\pdl\drivers/peripheral/gpio/cy_gpio.h **** __STATIC_INLINE uint32_t Cy_GPIO_GetFilter(GPIO_PRT_Type* base);
 602:Generated_Source\PSoC6\pdl\drivers/peripheral/gpio/cy_gpio.h **** 
 603:Generated_Source\PSoC6\pdl\drivers/peripheral/gpio/cy_gpio.h **** __STATIC_INLINE uint32_t Cy_GPIO_GetInterruptCause0(void);
 604:Generated_Source\PSoC6\pdl\drivers/peripheral/gpio/cy_gpio.h **** __STATIC_INLINE uint32_t Cy_GPIO_GetInterruptCause1(void);
 605:Generated_Source\PSoC6\pdl\drivers/peripheral/gpio/cy_gpio.h **** __STATIC_INLINE uint32_t Cy_GPIO_GetInterruptCause2(void);
 606:Generated_Source\PSoC6\pdl\drivers/peripheral/gpio/cy_gpio.h **** __STATIC_INLINE uint32_t Cy_GPIO_GetInterruptCause3(void);
 607:Generated_Source\PSoC6\pdl\drivers/peripheral/gpio/cy_gpio.h **** 
 608:Generated_Source\PSoC6\pdl\drivers/peripheral/gpio/cy_gpio.h **** /** \} group_gpio_functions_interrupt */
 609:Generated_Source\PSoC6\pdl\drivers/peripheral/gpio/cy_gpio.h **** 
 610:Generated_Source\PSoC6\pdl\drivers/peripheral/gpio/cy_gpio.h **** 
 611:Generated_Source\PSoC6\pdl\drivers/peripheral/gpio/cy_gpio.h **** /**
 612:Generated_Source\PSoC6\pdl\drivers/peripheral/gpio/cy_gpio.h **** * \addtogroup group_gpio_functions_init
 613:Generated_Source\PSoC6\pdl\drivers/peripheral/gpio/cy_gpio.h **** * \{
 614:Generated_Source\PSoC6\pdl\drivers/peripheral/gpio/cy_gpio.h **** */
 615:Generated_Source\PSoC6\pdl\drivers/peripheral/gpio/cy_gpio.h **** 
 616:Generated_Source\PSoC6\pdl\drivers/peripheral/gpio/cy_gpio.h **** /*******************************************************************************
 617:Generated_Source\PSoC6\pdl\drivers/peripheral/gpio/cy_gpio.h **** * Function Name: Cy_GPIO_SetHSIOM
 618:Generated_Source\PSoC6\pdl\drivers/peripheral/gpio/cy_gpio.h **** ****************************************************************************//**
 619:Generated_Source\PSoC6\pdl\drivers/peripheral/gpio/cy_gpio.h **** *
 620:Generated_Source\PSoC6\pdl\drivers/peripheral/gpio/cy_gpio.h **** * Configures the HSIOM connection to the pin.
 621:Generated_Source\PSoC6\pdl\drivers/peripheral/gpio/cy_gpio.h **** *
 622:Generated_Source\PSoC6\pdl\drivers/peripheral/gpio/cy_gpio.h **** * Connects the specified High-Speed Input Output Multiplexer (HSIOM) selection
 623:Generated_Source\PSoC6\pdl\drivers/peripheral/gpio/cy_gpio.h **** * to the pin.
 624:Generated_Source\PSoC6\pdl\drivers/peripheral/gpio/cy_gpio.h **** *
 625:Generated_Source\PSoC6\pdl\drivers/peripheral/gpio/cy_gpio.h **** * \param base
 626:Generated_Source\PSoC6\pdl\drivers/peripheral/gpio/cy_gpio.h **** * Pointer to the pin's port register base address
 627:Generated_Source\PSoC6\pdl\drivers/peripheral/gpio/cy_gpio.h **** *
 628:Generated_Source\PSoC6\pdl\drivers/peripheral/gpio/cy_gpio.h **** * \param pinNum
 629:Generated_Source\PSoC6\pdl\drivers/peripheral/gpio/cy_gpio.h **** * Position of the pin bit-field within the port register
ARM GAS  C:\Users\Finik\AppData\Local\Temp\ccnRnT2c.s 			page 13


 630:Generated_Source\PSoC6\pdl\drivers/peripheral/gpio/cy_gpio.h **** *
 631:Generated_Source\PSoC6\pdl\drivers/peripheral/gpio/cy_gpio.h **** * \param value
 632:Generated_Source\PSoC6\pdl\drivers/peripheral/gpio/cy_gpio.h **** * HSIOM input selection
 633:Generated_Source\PSoC6\pdl\drivers/peripheral/gpio/cy_gpio.h **** *
 634:Generated_Source\PSoC6\pdl\drivers/peripheral/gpio/cy_gpio.h **** * \note 
 635:Generated_Source\PSoC6\pdl\drivers/peripheral/gpio/cy_gpio.h **** * This function modifies a port register in a read-modify-write operation. It is
 636:Generated_Source\PSoC6\pdl\drivers/peripheral/gpio/cy_gpio.h **** * not thread safe as the resource is shared among multiple pins on a port.
 637:Generated_Source\PSoC6\pdl\drivers/peripheral/gpio/cy_gpio.h **** *
 638:Generated_Source\PSoC6\pdl\drivers/peripheral/gpio/cy_gpio.h **** * \funcusage
 639:Generated_Source\PSoC6\pdl\drivers/peripheral/gpio/cy_gpio.h **** * \snippet gpio/gpio_v1_10_sut_01.cydsn/main_cm4.c snippet_Cy_GPIO_SetHSIOM
 640:Generated_Source\PSoC6\pdl\drivers/peripheral/gpio/cy_gpio.h **** *
 641:Generated_Source\PSoC6\pdl\drivers/peripheral/gpio/cy_gpio.h **** *******************************************************************************/
 642:Generated_Source\PSoC6\pdl\drivers/peripheral/gpio/cy_gpio.h **** __STATIC_INLINE void Cy_GPIO_SetHSIOM(GPIO_PRT_Type* base, uint32_t pinNum, en_hsiom_sel_t value)
 643:Generated_Source\PSoC6\pdl\drivers/peripheral/gpio/cy_gpio.h **** {
 644:Generated_Source\PSoC6\pdl\drivers/peripheral/gpio/cy_gpio.h ****     uint32_t portNum;
 645:Generated_Source\PSoC6\pdl\drivers/peripheral/gpio/cy_gpio.h ****     uint32_t tempReg;
 646:Generated_Source\PSoC6\pdl\drivers/peripheral/gpio/cy_gpio.h ****     HSIOM_PRT_V1_Type* portAddrHSIOM;
 647:Generated_Source\PSoC6\pdl\drivers/peripheral/gpio/cy_gpio.h **** 
 648:Generated_Source\PSoC6\pdl\drivers/peripheral/gpio/cy_gpio.h ****     CY_ASSERT_L2(CY_GPIO_IS_PIN_VALID(pinNum));
 649:Generated_Source\PSoC6\pdl\drivers/peripheral/gpio/cy_gpio.h ****     CY_ASSERT_L2(CY_GPIO_IS_HSIOM_VALID(value));
 650:Generated_Source\PSoC6\pdl\drivers/peripheral/gpio/cy_gpio.h **** 
 651:Generated_Source\PSoC6\pdl\drivers/peripheral/gpio/cy_gpio.h ****     portNum = ((uint32_t)(base) - CY_GPIO_BASE) / GPIO_PRT_SECTION_SIZE;
 652:Generated_Source\PSoC6\pdl\drivers/peripheral/gpio/cy_gpio.h ****     portAddrHSIOM = (HSIOM_PRT_V1_Type*)(CY_HSIOM_BASE + (HSIOM_PRT_SECTION_SIZE * portNum));
 653:Generated_Source\PSoC6\pdl\drivers/peripheral/gpio/cy_gpio.h **** 
 654:Generated_Source\PSoC6\pdl\drivers/peripheral/gpio/cy_gpio.h ****     if(pinNum < CY_GPIO_PRT_HALF)
 655:Generated_Source\PSoC6\pdl\drivers/peripheral/gpio/cy_gpio.h ****     {
 656:Generated_Source\PSoC6\pdl\drivers/peripheral/gpio/cy_gpio.h ****         tempReg = HSIOM_PRT_PORT_SEL0(portAddrHSIOM) & ~(CY_GPIO_HSIOM_MASK << (pinNum << CY_GPIO_H
 657:Generated_Source\PSoC6\pdl\drivers/peripheral/gpio/cy_gpio.h ****         HSIOM_PRT_PORT_SEL0(portAddrHSIOM) = tempReg | ((value & CY_GPIO_HSIOM_MASK) << (pinNum << 
 658:Generated_Source\PSoC6\pdl\drivers/peripheral/gpio/cy_gpio.h ****     }
 659:Generated_Source\PSoC6\pdl\drivers/peripheral/gpio/cy_gpio.h ****     else
 660:Generated_Source\PSoC6\pdl\drivers/peripheral/gpio/cy_gpio.h ****     {
 661:Generated_Source\PSoC6\pdl\drivers/peripheral/gpio/cy_gpio.h ****         pinNum -= CY_GPIO_PRT_HALF;
 662:Generated_Source\PSoC6\pdl\drivers/peripheral/gpio/cy_gpio.h ****         tempReg = HSIOM_PRT_PORT_SEL1(portAddrHSIOM) & ~(CY_GPIO_HSIOM_MASK << (pinNum << CY_GPIO_H
 663:Generated_Source\PSoC6\pdl\drivers/peripheral/gpio/cy_gpio.h ****         HSIOM_PRT_PORT_SEL1(portAddrHSIOM) = tempReg | ((value & CY_GPIO_HSIOM_MASK) << (pinNum << 
 664:Generated_Source\PSoC6\pdl\drivers/peripheral/gpio/cy_gpio.h ****     }
 665:Generated_Source\PSoC6\pdl\drivers/peripheral/gpio/cy_gpio.h **** }
 666:Generated_Source\PSoC6\pdl\drivers/peripheral/gpio/cy_gpio.h **** 
 667:Generated_Source\PSoC6\pdl\drivers/peripheral/gpio/cy_gpio.h **** 
 668:Generated_Source\PSoC6\pdl\drivers/peripheral/gpio/cy_gpio.h **** /*******************************************************************************
 669:Generated_Source\PSoC6\pdl\drivers/peripheral/gpio/cy_gpio.h **** * Function Name: Cy_GPIO_GetHSIOM
 670:Generated_Source\PSoC6\pdl\drivers/peripheral/gpio/cy_gpio.h **** ****************************************************************************//**
 671:Generated_Source\PSoC6\pdl\drivers/peripheral/gpio/cy_gpio.h **** *
 672:Generated_Source\PSoC6\pdl\drivers/peripheral/gpio/cy_gpio.h **** * Returns the current HSIOM multiplexer connection to the pin.
 673:Generated_Source\PSoC6\pdl\drivers/peripheral/gpio/cy_gpio.h **** *
 674:Generated_Source\PSoC6\pdl\drivers/peripheral/gpio/cy_gpio.h **** * \param base
 675:Generated_Source\PSoC6\pdl\drivers/peripheral/gpio/cy_gpio.h **** * Pointer to the pin's port register base address
 676:Generated_Source\PSoC6\pdl\drivers/peripheral/gpio/cy_gpio.h **** *
 677:Generated_Source\PSoC6\pdl\drivers/peripheral/gpio/cy_gpio.h **** * \param pinNum
 678:Generated_Source\PSoC6\pdl\drivers/peripheral/gpio/cy_gpio.h **** * Position of the pin bit-field within the port register
 679:Generated_Source\PSoC6\pdl\drivers/peripheral/gpio/cy_gpio.h **** *
 680:Generated_Source\PSoC6\pdl\drivers/peripheral/gpio/cy_gpio.h **** * \return
 681:Generated_Source\PSoC6\pdl\drivers/peripheral/gpio/cy_gpio.h **** * HSIOM input selection
 682:Generated_Source\PSoC6\pdl\drivers/peripheral/gpio/cy_gpio.h **** *
 683:Generated_Source\PSoC6\pdl\drivers/peripheral/gpio/cy_gpio.h **** * \funcusage
 684:Generated_Source\PSoC6\pdl\drivers/peripheral/gpio/cy_gpio.h **** * \snippet gpio/gpio_v1_10_sut_01.cydsn/main_cm4.c snippet_Cy_GPIO_SetHSIOM
 685:Generated_Source\PSoC6\pdl\drivers/peripheral/gpio/cy_gpio.h **** *
 686:Generated_Source\PSoC6\pdl\drivers/peripheral/gpio/cy_gpio.h **** *******************************************************************************/
ARM GAS  C:\Users\Finik\AppData\Local\Temp\ccnRnT2c.s 			page 14


 687:Generated_Source\PSoC6\pdl\drivers/peripheral/gpio/cy_gpio.h **** __STATIC_INLINE en_hsiom_sel_t Cy_GPIO_GetHSIOM(GPIO_PRT_Type* base, uint32_t pinNum)
 688:Generated_Source\PSoC6\pdl\drivers/peripheral/gpio/cy_gpio.h **** {
 689:Generated_Source\PSoC6\pdl\drivers/peripheral/gpio/cy_gpio.h ****     uint32_t returnValue;
 690:Generated_Source\PSoC6\pdl\drivers/peripheral/gpio/cy_gpio.h ****     uint32_t portNum;
 691:Generated_Source\PSoC6\pdl\drivers/peripheral/gpio/cy_gpio.h ****     HSIOM_PRT_V1_Type* portAddrHSIOM;
 692:Generated_Source\PSoC6\pdl\drivers/peripheral/gpio/cy_gpio.h ****     
 693:Generated_Source\PSoC6\pdl\drivers/peripheral/gpio/cy_gpio.h ****     CY_ASSERT_L2(CY_GPIO_IS_PIN_VALID(pinNum));
 694:Generated_Source\PSoC6\pdl\drivers/peripheral/gpio/cy_gpio.h **** 
 695:Generated_Source\PSoC6\pdl\drivers/peripheral/gpio/cy_gpio.h ****     portNum = ((uint32_t)(base) - CY_GPIO_BASE) / GPIO_PRT_SECTION_SIZE;
 696:Generated_Source\PSoC6\pdl\drivers/peripheral/gpio/cy_gpio.h ****     portAddrHSIOM = (HSIOM_PRT_V1_Type*)(CY_HSIOM_BASE + (HSIOM_PRT_SECTION_SIZE * portNum));
 697:Generated_Source\PSoC6\pdl\drivers/peripheral/gpio/cy_gpio.h **** 
 698:Generated_Source\PSoC6\pdl\drivers/peripheral/gpio/cy_gpio.h ****     if(pinNum < CY_GPIO_PRT_HALF)
 699:Generated_Source\PSoC6\pdl\drivers/peripheral/gpio/cy_gpio.h ****     {
 700:Generated_Source\PSoC6\pdl\drivers/peripheral/gpio/cy_gpio.h ****         returnValue = (HSIOM_PRT_PORT_SEL0(portAddrHSIOM) >> (pinNum << CY_GPIO_HSIOM_OFFSET)) & CY
 701:Generated_Source\PSoC6\pdl\drivers/peripheral/gpio/cy_gpio.h ****     }
 702:Generated_Source\PSoC6\pdl\drivers/peripheral/gpio/cy_gpio.h ****     else
 703:Generated_Source\PSoC6\pdl\drivers/peripheral/gpio/cy_gpio.h ****     {
 704:Generated_Source\PSoC6\pdl\drivers/peripheral/gpio/cy_gpio.h ****         pinNum -= CY_GPIO_PRT_HALF;
 705:Generated_Source\PSoC6\pdl\drivers/peripheral/gpio/cy_gpio.h ****         returnValue = (HSIOM_PRT_PORT_SEL1(portAddrHSIOM) >> (pinNum << CY_GPIO_HSIOM_OFFSET)) & CY
 706:Generated_Source\PSoC6\pdl\drivers/peripheral/gpio/cy_gpio.h ****     }
 707:Generated_Source\PSoC6\pdl\drivers/peripheral/gpio/cy_gpio.h **** 
 708:Generated_Source\PSoC6\pdl\drivers/peripheral/gpio/cy_gpio.h ****     return (en_hsiom_sel_t)returnValue;
 709:Generated_Source\PSoC6\pdl\drivers/peripheral/gpio/cy_gpio.h **** }
 710:Generated_Source\PSoC6\pdl\drivers/peripheral/gpio/cy_gpio.h **** 
 711:Generated_Source\PSoC6\pdl\drivers/peripheral/gpio/cy_gpio.h **** 
 712:Generated_Source\PSoC6\pdl\drivers/peripheral/gpio/cy_gpio.h **** /*******************************************************************************
 713:Generated_Source\PSoC6\pdl\drivers/peripheral/gpio/cy_gpio.h **** * Function Name: Cy_GPIO_PortToAddr
 714:Generated_Source\PSoC6\pdl\drivers/peripheral/gpio/cy_gpio.h **** ****************************************************************************//**
 715:Generated_Source\PSoC6\pdl\drivers/peripheral/gpio/cy_gpio.h **** *
 716:Generated_Source\PSoC6\pdl\drivers/peripheral/gpio/cy_gpio.h **** * Retrieves the port address based on the given port number.
 717:Generated_Source\PSoC6\pdl\drivers/peripheral/gpio/cy_gpio.h **** *
 718:Generated_Source\PSoC6\pdl\drivers/peripheral/gpio/cy_gpio.h **** * This is a helper function to calculate the port base address when given a port
 719:Generated_Source\PSoC6\pdl\drivers/peripheral/gpio/cy_gpio.h **** * number. It is to be used when pin access needs to be calculated at runtime.
 720:Generated_Source\PSoC6\pdl\drivers/peripheral/gpio/cy_gpio.h **** *
 721:Generated_Source\PSoC6\pdl\drivers/peripheral/gpio/cy_gpio.h **** * \param portNum
 722:Generated_Source\PSoC6\pdl\drivers/peripheral/gpio/cy_gpio.h **** * Port number
 723:Generated_Source\PSoC6\pdl\drivers/peripheral/gpio/cy_gpio.h **** *
 724:Generated_Source\PSoC6\pdl\drivers/peripheral/gpio/cy_gpio.h **** * \return
 725:Generated_Source\PSoC6\pdl\drivers/peripheral/gpio/cy_gpio.h **** * Base address of the port register structure
 726:Generated_Source\PSoC6\pdl\drivers/peripheral/gpio/cy_gpio.h **** *
 727:Generated_Source\PSoC6\pdl\drivers/peripheral/gpio/cy_gpio.h **** * \funcusage
 728:Generated_Source\PSoC6\pdl\drivers/peripheral/gpio/cy_gpio.h **** * \snippet gpio/gpio_v1_10_sut_01.cydsn/main_cm4.c snippet_Cy_GPIO_PortToAddr
 729:Generated_Source\PSoC6\pdl\drivers/peripheral/gpio/cy_gpio.h **** *
 730:Generated_Source\PSoC6\pdl\drivers/peripheral/gpio/cy_gpio.h **** *******************************************************************************/
 731:Generated_Source\PSoC6\pdl\drivers/peripheral/gpio/cy_gpio.h **** __STATIC_INLINE GPIO_PRT_Type* Cy_GPIO_PortToAddr(uint32_t portNum)
 732:Generated_Source\PSoC6\pdl\drivers/peripheral/gpio/cy_gpio.h **** {
 733:Generated_Source\PSoC6\pdl\drivers/peripheral/gpio/cy_gpio.h ****     GPIO_PRT_Type* portBase;
 734:Generated_Source\PSoC6\pdl\drivers/peripheral/gpio/cy_gpio.h ****     
 735:Generated_Source\PSoC6\pdl\drivers/peripheral/gpio/cy_gpio.h ****     if(portNum < (uint32_t)IOSS_GPIO_GPIO_PORT_NR)
 736:Generated_Source\PSoC6\pdl\drivers/peripheral/gpio/cy_gpio.h ****     {
 737:Generated_Source\PSoC6\pdl\drivers/peripheral/gpio/cy_gpio.h ****         portBase = (GPIO_PRT_Type *)(CY_GPIO_BASE + (GPIO_PRT_SECTION_SIZE * portNum));
 738:Generated_Source\PSoC6\pdl\drivers/peripheral/gpio/cy_gpio.h ****     }
 739:Generated_Source\PSoC6\pdl\drivers/peripheral/gpio/cy_gpio.h ****     else
 740:Generated_Source\PSoC6\pdl\drivers/peripheral/gpio/cy_gpio.h ****     {
 741:Generated_Source\PSoC6\pdl\drivers/peripheral/gpio/cy_gpio.h ****         /* Error: Return default base address */
 742:Generated_Source\PSoC6\pdl\drivers/peripheral/gpio/cy_gpio.h ****         portBase = (GPIO_PRT_Type *)(CY_GPIO_BASE);
 743:Generated_Source\PSoC6\pdl\drivers/peripheral/gpio/cy_gpio.h ****     }
ARM GAS  C:\Users\Finik\AppData\Local\Temp\ccnRnT2c.s 			page 15


 744:Generated_Source\PSoC6\pdl\drivers/peripheral/gpio/cy_gpio.h **** 
 745:Generated_Source\PSoC6\pdl\drivers/peripheral/gpio/cy_gpio.h ****     return (portBase);
 746:Generated_Source\PSoC6\pdl\drivers/peripheral/gpio/cy_gpio.h **** }
 747:Generated_Source\PSoC6\pdl\drivers/peripheral/gpio/cy_gpio.h **** 
 748:Generated_Source\PSoC6\pdl\drivers/peripheral/gpio/cy_gpio.h **** /** \} group_gpio_functions_init */
 749:Generated_Source\PSoC6\pdl\drivers/peripheral/gpio/cy_gpio.h **** 
 750:Generated_Source\PSoC6\pdl\drivers/peripheral/gpio/cy_gpio.h **** /**
 751:Generated_Source\PSoC6\pdl\drivers/peripheral/gpio/cy_gpio.h **** * \addtogroup group_gpio_functions_gpio
 752:Generated_Source\PSoC6\pdl\drivers/peripheral/gpio/cy_gpio.h **** * \{
 753:Generated_Source\PSoC6\pdl\drivers/peripheral/gpio/cy_gpio.h **** */
 754:Generated_Source\PSoC6\pdl\drivers/peripheral/gpio/cy_gpio.h **** 
 755:Generated_Source\PSoC6\pdl\drivers/peripheral/gpio/cy_gpio.h **** /*******************************************************************************
 756:Generated_Source\PSoC6\pdl\drivers/peripheral/gpio/cy_gpio.h **** * Function Name: Cy_GPIO_Read
 757:Generated_Source\PSoC6\pdl\drivers/peripheral/gpio/cy_gpio.h **** ****************************************************************************//**
 758:Generated_Source\PSoC6\pdl\drivers/peripheral/gpio/cy_gpio.h **** *
 759:Generated_Source\PSoC6\pdl\drivers/peripheral/gpio/cy_gpio.h **** * Reads the current logic level on the input buffer of the pin.
 760:Generated_Source\PSoC6\pdl\drivers/peripheral/gpio/cy_gpio.h **** *
 761:Generated_Source\PSoC6\pdl\drivers/peripheral/gpio/cy_gpio.h **** * \param base
 762:Generated_Source\PSoC6\pdl\drivers/peripheral/gpio/cy_gpio.h **** * Pointer to the pin's port register base address
 763:Generated_Source\PSoC6\pdl\drivers/peripheral/gpio/cy_gpio.h **** *
 764:Generated_Source\PSoC6\pdl\drivers/peripheral/gpio/cy_gpio.h **** * \param pinNum
 765:Generated_Source\PSoC6\pdl\drivers/peripheral/gpio/cy_gpio.h **** * Position of the pin bit-field within the port register.
 766:Generated_Source\PSoC6\pdl\drivers/peripheral/gpio/cy_gpio.h **** * Bit position 8 is the routed pin through the port glitch filter.
 767:Generated_Source\PSoC6\pdl\drivers/peripheral/gpio/cy_gpio.h **** *
 768:Generated_Source\PSoC6\pdl\drivers/peripheral/gpio/cy_gpio.h **** * \return
 769:Generated_Source\PSoC6\pdl\drivers/peripheral/gpio/cy_gpio.h **** * Logic level present on the pin
 770:Generated_Source\PSoC6\pdl\drivers/peripheral/gpio/cy_gpio.h **** *
 771:Generated_Source\PSoC6\pdl\drivers/peripheral/gpio/cy_gpio.h **** * \funcusage
 772:Generated_Source\PSoC6\pdl\drivers/peripheral/gpio/cy_gpio.h **** * \snippet gpio/gpio_v1_10_sut_01.cydsn/main_cm4.c snippet_Cy_GPIO_Read
 773:Generated_Source\PSoC6\pdl\drivers/peripheral/gpio/cy_gpio.h **** *
 774:Generated_Source\PSoC6\pdl\drivers/peripheral/gpio/cy_gpio.h **** *******************************************************************************/
 775:Generated_Source\PSoC6\pdl\drivers/peripheral/gpio/cy_gpio.h **** __STATIC_INLINE uint32_t Cy_GPIO_Read(GPIO_PRT_Type* base, uint32_t pinNum)
 776:Generated_Source\PSoC6\pdl\drivers/peripheral/gpio/cy_gpio.h **** {
 777:Generated_Source\PSoC6\pdl\drivers/peripheral/gpio/cy_gpio.h ****     CY_ASSERT_L2(CY_GPIO_IS_FILTER_PIN_VALID(pinNum));
 778:Generated_Source\PSoC6\pdl\drivers/peripheral/gpio/cy_gpio.h ****     
 779:Generated_Source\PSoC6\pdl\drivers/peripheral/gpio/cy_gpio.h ****     return (GPIO_PRT_IN(base) >> (pinNum)) & CY_GPIO_IN_MASK;
 780:Generated_Source\PSoC6\pdl\drivers/peripheral/gpio/cy_gpio.h **** }
 781:Generated_Source\PSoC6\pdl\drivers/peripheral/gpio/cy_gpio.h **** 
 782:Generated_Source\PSoC6\pdl\drivers/peripheral/gpio/cy_gpio.h **** 
 783:Generated_Source\PSoC6\pdl\drivers/peripheral/gpio/cy_gpio.h **** /*******************************************************************************
 784:Generated_Source\PSoC6\pdl\drivers/peripheral/gpio/cy_gpio.h **** * Function Name: Cy_GPIO_Write
 785:Generated_Source\PSoC6\pdl\drivers/peripheral/gpio/cy_gpio.h **** ****************************************************************************//**
 786:Generated_Source\PSoC6\pdl\drivers/peripheral/gpio/cy_gpio.h **** *
 787:Generated_Source\PSoC6\pdl\drivers/peripheral/gpio/cy_gpio.h **** * Write a logic 0 or logic 1 state to the output driver.
 788:Generated_Source\PSoC6\pdl\drivers/peripheral/gpio/cy_gpio.h **** *
 789:Generated_Source\PSoC6\pdl\drivers/peripheral/gpio/cy_gpio.h **** * This function should be used only for software driven pins. It does not have
 790:Generated_Source\PSoC6\pdl\drivers/peripheral/gpio/cy_gpio.h **** * any effect on peripheral driven pins.
 791:Generated_Source\PSoC6\pdl\drivers/peripheral/gpio/cy_gpio.h **** *
 792:Generated_Source\PSoC6\pdl\drivers/peripheral/gpio/cy_gpio.h **** * \param base
 793:Generated_Source\PSoC6\pdl\drivers/peripheral/gpio/cy_gpio.h **** * Pointer to the pin's port register base address
 794:Generated_Source\PSoC6\pdl\drivers/peripheral/gpio/cy_gpio.h **** *
 795:Generated_Source\PSoC6\pdl\drivers/peripheral/gpio/cy_gpio.h **** * \param pinNum
 796:Generated_Source\PSoC6\pdl\drivers/peripheral/gpio/cy_gpio.h **** * Position of the pin bit-field within the port register
 797:Generated_Source\PSoC6\pdl\drivers/peripheral/gpio/cy_gpio.h **** *
 798:Generated_Source\PSoC6\pdl\drivers/peripheral/gpio/cy_gpio.h **** * \param value
 799:Generated_Source\PSoC6\pdl\drivers/peripheral/gpio/cy_gpio.h **** * Logic level to drive out on the pin
 800:Generated_Source\PSoC6\pdl\drivers/peripheral/gpio/cy_gpio.h **** *
ARM GAS  C:\Users\Finik\AppData\Local\Temp\ccnRnT2c.s 			page 16


 801:Generated_Source\PSoC6\pdl\drivers/peripheral/gpio/cy_gpio.h **** * \funcusage
 802:Generated_Source\PSoC6\pdl\drivers/peripheral/gpio/cy_gpio.h **** * \snippet gpio/gpio_v1_10_sut_01.cydsn/main_cm4.c snippet_Cy_GPIO_Write
 803:Generated_Source\PSoC6\pdl\drivers/peripheral/gpio/cy_gpio.h **** *
 804:Generated_Source\PSoC6\pdl\drivers/peripheral/gpio/cy_gpio.h **** *******************************************************************************/
 805:Generated_Source\PSoC6\pdl\drivers/peripheral/gpio/cy_gpio.h **** __STATIC_INLINE void Cy_GPIO_Write(GPIO_PRT_Type* base, uint32_t pinNum, uint32_t value)
 806:Generated_Source\PSoC6\pdl\drivers/peripheral/gpio/cy_gpio.h **** {
 807:Generated_Source\PSoC6\pdl\drivers/peripheral/gpio/cy_gpio.h ****     CY_ASSERT_L2(CY_GPIO_IS_PIN_VALID(pinNum));
 808:Generated_Source\PSoC6\pdl\drivers/peripheral/gpio/cy_gpio.h ****     CY_ASSERT_L2(CY_GPIO_IS_VALUE_VALID(value));
 809:Generated_Source\PSoC6\pdl\drivers/peripheral/gpio/cy_gpio.h **** 
 810:Generated_Source\PSoC6\pdl\drivers/peripheral/gpio/cy_gpio.h ****     /* Thread-safe: Directly access the pin registers instead of base->OUT */
 811:Generated_Source\PSoC6\pdl\drivers/peripheral/gpio/cy_gpio.h ****     if(0UL == value)
 812:Generated_Source\PSoC6\pdl\drivers/peripheral/gpio/cy_gpio.h ****     {
 813:Generated_Source\PSoC6\pdl\drivers/peripheral/gpio/cy_gpio.h ****         GPIO_PRT_OUT_CLR(base) = CY_GPIO_OUT_MASK << pinNum;
 814:Generated_Source\PSoC6\pdl\drivers/peripheral/gpio/cy_gpio.h ****     }
 815:Generated_Source\PSoC6\pdl\drivers/peripheral/gpio/cy_gpio.h ****     else
 816:Generated_Source\PSoC6\pdl\drivers/peripheral/gpio/cy_gpio.h ****     {
 817:Generated_Source\PSoC6\pdl\drivers/peripheral/gpio/cy_gpio.h ****         GPIO_PRT_OUT_SET(base) = CY_GPIO_OUT_MASK << pinNum;
 818:Generated_Source\PSoC6\pdl\drivers/peripheral/gpio/cy_gpio.h ****     }
 819:Generated_Source\PSoC6\pdl\drivers/peripheral/gpio/cy_gpio.h **** }
 820:Generated_Source\PSoC6\pdl\drivers/peripheral/gpio/cy_gpio.h **** 
 821:Generated_Source\PSoC6\pdl\drivers/peripheral/gpio/cy_gpio.h **** 
 822:Generated_Source\PSoC6\pdl\drivers/peripheral/gpio/cy_gpio.h **** /*******************************************************************************
 823:Generated_Source\PSoC6\pdl\drivers/peripheral/gpio/cy_gpio.h **** * Function Name: Cy_GPIO_ReadOut
 824:Generated_Source\PSoC6\pdl\drivers/peripheral/gpio/cy_gpio.h **** ****************************************************************************//**
 825:Generated_Source\PSoC6\pdl\drivers/peripheral/gpio/cy_gpio.h **** *
 826:Generated_Source\PSoC6\pdl\drivers/peripheral/gpio/cy_gpio.h **** * Reads the current logic level on the pin output driver.
 827:Generated_Source\PSoC6\pdl\drivers/peripheral/gpio/cy_gpio.h **** *
 828:Generated_Source\PSoC6\pdl\drivers/peripheral/gpio/cy_gpio.h **** * \param base
 829:Generated_Source\PSoC6\pdl\drivers/peripheral/gpio/cy_gpio.h **** * Pointer to the pin's port register base address
 830:Generated_Source\PSoC6\pdl\drivers/peripheral/gpio/cy_gpio.h **** *
 831:Generated_Source\PSoC6\pdl\drivers/peripheral/gpio/cy_gpio.h **** * \param pinNum
 832:Generated_Source\PSoC6\pdl\drivers/peripheral/gpio/cy_gpio.h **** * Position of the pin bit-field within the port register
 833:Generated_Source\PSoC6\pdl\drivers/peripheral/gpio/cy_gpio.h **** *
 834:Generated_Source\PSoC6\pdl\drivers/peripheral/gpio/cy_gpio.h **** * \return
 835:Generated_Source\PSoC6\pdl\drivers/peripheral/gpio/cy_gpio.h **** * Logic level on the pin output driver
 836:Generated_Source\PSoC6\pdl\drivers/peripheral/gpio/cy_gpio.h **** *
 837:Generated_Source\PSoC6\pdl\drivers/peripheral/gpio/cy_gpio.h **** * \funcusage
 838:Generated_Source\PSoC6\pdl\drivers/peripheral/gpio/cy_gpio.h **** * \snippet gpio/gpio_v1_10_sut_01.cydsn/main_cm4.c snippet_Cy_GPIO_ReadOut
 839:Generated_Source\PSoC6\pdl\drivers/peripheral/gpio/cy_gpio.h **** *
 840:Generated_Source\PSoC6\pdl\drivers/peripheral/gpio/cy_gpio.h **** *******************************************************************************/
 841:Generated_Source\PSoC6\pdl\drivers/peripheral/gpio/cy_gpio.h **** __STATIC_INLINE uint32_t Cy_GPIO_ReadOut(GPIO_PRT_Type* base, uint32_t pinNum)
 842:Generated_Source\PSoC6\pdl\drivers/peripheral/gpio/cy_gpio.h **** {
 843:Generated_Source\PSoC6\pdl\drivers/peripheral/gpio/cy_gpio.h ****     CY_ASSERT_L2(CY_GPIO_IS_PIN_VALID(pinNum));
 844:Generated_Source\PSoC6\pdl\drivers/peripheral/gpio/cy_gpio.h **** 
 845:Generated_Source\PSoC6\pdl\drivers/peripheral/gpio/cy_gpio.h ****     return (GPIO_PRT_OUT(base) >> pinNum) & CY_GPIO_OUT_MASK;
 846:Generated_Source\PSoC6\pdl\drivers/peripheral/gpio/cy_gpio.h **** }
 847:Generated_Source\PSoC6\pdl\drivers/peripheral/gpio/cy_gpio.h **** 
 848:Generated_Source\PSoC6\pdl\drivers/peripheral/gpio/cy_gpio.h **** 
 849:Generated_Source\PSoC6\pdl\drivers/peripheral/gpio/cy_gpio.h **** /*******************************************************************************
 850:Generated_Source\PSoC6\pdl\drivers/peripheral/gpio/cy_gpio.h **** * Function Name: Cy_GPIO_Set
 851:Generated_Source\PSoC6\pdl\drivers/peripheral/gpio/cy_gpio.h **** ****************************************************************************//**
 852:Generated_Source\PSoC6\pdl\drivers/peripheral/gpio/cy_gpio.h **** *
 853:Generated_Source\PSoC6\pdl\drivers/peripheral/gpio/cy_gpio.h **** * Set a pin output to logic state high.
 854:Generated_Source\PSoC6\pdl\drivers/peripheral/gpio/cy_gpio.h **** *
 855:Generated_Source\PSoC6\pdl\drivers/peripheral/gpio/cy_gpio.h **** * This function should be used only for software driven pins. It does not have
 856:Generated_Source\PSoC6\pdl\drivers/peripheral/gpio/cy_gpio.h **** * any effect on peripheral driven pins.
 857:Generated_Source\PSoC6\pdl\drivers/peripheral/gpio/cy_gpio.h **** *
ARM GAS  C:\Users\Finik\AppData\Local\Temp\ccnRnT2c.s 			page 17


 858:Generated_Source\PSoC6\pdl\drivers/peripheral/gpio/cy_gpio.h **** * \param base
 859:Generated_Source\PSoC6\pdl\drivers/peripheral/gpio/cy_gpio.h **** * Pointer to the pin's port register base address
 860:Generated_Source\PSoC6\pdl\drivers/peripheral/gpio/cy_gpio.h **** *
 861:Generated_Source\PSoC6\pdl\drivers/peripheral/gpio/cy_gpio.h **** * \param pinNum
 862:Generated_Source\PSoC6\pdl\drivers/peripheral/gpio/cy_gpio.h **** * Position of the pin bit-field within the port register
 863:Generated_Source\PSoC6\pdl\drivers/peripheral/gpio/cy_gpio.h **** *
 864:Generated_Source\PSoC6\pdl\drivers/peripheral/gpio/cy_gpio.h **** * \funcusage
 865:Generated_Source\PSoC6\pdl\drivers/peripheral/gpio/cy_gpio.h **** * \snippet gpio/gpio_v1_10_sut_01.cydsn/main_cm4.c snippet_Cy_GPIO_Set
 866:Generated_Source\PSoC6\pdl\drivers/peripheral/gpio/cy_gpio.h **** *
 867:Generated_Source\PSoC6\pdl\drivers/peripheral/gpio/cy_gpio.h **** *******************************************************************************/
 868:Generated_Source\PSoC6\pdl\drivers/peripheral/gpio/cy_gpio.h **** __STATIC_INLINE void Cy_GPIO_Set(GPIO_PRT_Type* base, uint32_t pinNum)
 869:Generated_Source\PSoC6\pdl\drivers/peripheral/gpio/cy_gpio.h **** {
 870:Generated_Source\PSoC6\pdl\drivers/peripheral/gpio/cy_gpio.h ****     CY_ASSERT_L2(CY_GPIO_IS_PIN_VALID(pinNum));
 871:Generated_Source\PSoC6\pdl\drivers/peripheral/gpio/cy_gpio.h ****     
 872:Generated_Source\PSoC6\pdl\drivers/peripheral/gpio/cy_gpio.h ****     GPIO_PRT_OUT_SET(base) = CY_GPIO_OUT_MASK << pinNum;
 873:Generated_Source\PSoC6\pdl\drivers/peripheral/gpio/cy_gpio.h **** }
 874:Generated_Source\PSoC6\pdl\drivers/peripheral/gpio/cy_gpio.h **** 
 875:Generated_Source\PSoC6\pdl\drivers/peripheral/gpio/cy_gpio.h **** 
 876:Generated_Source\PSoC6\pdl\drivers/peripheral/gpio/cy_gpio.h **** /*******************************************************************************
 877:Generated_Source\PSoC6\pdl\drivers/peripheral/gpio/cy_gpio.h **** * Function Name: Cy_GPIO_Clr
 878:Generated_Source\PSoC6\pdl\drivers/peripheral/gpio/cy_gpio.h **** ****************************************************************************//**
 879:Generated_Source\PSoC6\pdl\drivers/peripheral/gpio/cy_gpio.h **** *
 880:Generated_Source\PSoC6\pdl\drivers/peripheral/gpio/cy_gpio.h **** * Set a pin output to logic state Low.
 881:Generated_Source\PSoC6\pdl\drivers/peripheral/gpio/cy_gpio.h **** *
 882:Generated_Source\PSoC6\pdl\drivers/peripheral/gpio/cy_gpio.h **** * This function should be used only for software driven pins. It does not have
 883:Generated_Source\PSoC6\pdl\drivers/peripheral/gpio/cy_gpio.h **** * any effect on peripheral driven pins.
 884:Generated_Source\PSoC6\pdl\drivers/peripheral/gpio/cy_gpio.h **** *
 885:Generated_Source\PSoC6\pdl\drivers/peripheral/gpio/cy_gpio.h **** * \param base
 886:Generated_Source\PSoC6\pdl\drivers/peripheral/gpio/cy_gpio.h **** * Pointer to the pin's port register base address
 887:Generated_Source\PSoC6\pdl\drivers/peripheral/gpio/cy_gpio.h **** *
 888:Generated_Source\PSoC6\pdl\drivers/peripheral/gpio/cy_gpio.h **** * \param pinNum
 889:Generated_Source\PSoC6\pdl\drivers/peripheral/gpio/cy_gpio.h **** * Position of the pin bit-field within the port register
 890:Generated_Source\PSoC6\pdl\drivers/peripheral/gpio/cy_gpio.h **** *
 891:Generated_Source\PSoC6\pdl\drivers/peripheral/gpio/cy_gpio.h **** * \funcusage
 892:Generated_Source\PSoC6\pdl\drivers/peripheral/gpio/cy_gpio.h **** * \snippet gpio/gpio_v1_10_sut_01.cydsn/main_cm4.c snippet_Cy_GPIO_Clr
 893:Generated_Source\PSoC6\pdl\drivers/peripheral/gpio/cy_gpio.h **** *
 894:Generated_Source\PSoC6\pdl\drivers/peripheral/gpio/cy_gpio.h **** *******************************************************************************/
 895:Generated_Source\PSoC6\pdl\drivers/peripheral/gpio/cy_gpio.h **** __STATIC_INLINE void Cy_GPIO_Clr(GPIO_PRT_Type* base, uint32_t pinNum)
 896:Generated_Source\PSoC6\pdl\drivers/peripheral/gpio/cy_gpio.h **** {
 897:Generated_Source\PSoC6\pdl\drivers/peripheral/gpio/cy_gpio.h ****     CY_ASSERT_L2(CY_GPIO_IS_PIN_VALID(pinNum));
 898:Generated_Source\PSoC6\pdl\drivers/peripheral/gpio/cy_gpio.h ****     
 899:Generated_Source\PSoC6\pdl\drivers/peripheral/gpio/cy_gpio.h ****     GPIO_PRT_OUT_CLR(base) = CY_GPIO_OUT_MASK << pinNum;
 900:Generated_Source\PSoC6\pdl\drivers/peripheral/gpio/cy_gpio.h **** }
 901:Generated_Source\PSoC6\pdl\drivers/peripheral/gpio/cy_gpio.h **** 
 902:Generated_Source\PSoC6\pdl\drivers/peripheral/gpio/cy_gpio.h **** 
 903:Generated_Source\PSoC6\pdl\drivers/peripheral/gpio/cy_gpio.h **** /*******************************************************************************
 904:Generated_Source\PSoC6\pdl\drivers/peripheral/gpio/cy_gpio.h **** * Function Name: Cy_GPIO_Inv
 905:Generated_Source\PSoC6\pdl\drivers/peripheral/gpio/cy_gpio.h **** ****************************************************************************//**
 906:Generated_Source\PSoC6\pdl\drivers/peripheral/gpio/cy_gpio.h **** *
 907:Generated_Source\PSoC6\pdl\drivers/peripheral/gpio/cy_gpio.h **** * Set a pin output logic state to the inverse of the current output
 908:Generated_Source\PSoC6\pdl\drivers/peripheral/gpio/cy_gpio.h **** * logic state.
 909:Generated_Source\PSoC6\pdl\drivers/peripheral/gpio/cy_gpio.h **** *
 910:Generated_Source\PSoC6\pdl\drivers/peripheral/gpio/cy_gpio.h **** * This function should be used only for software driven pins. It does not have
 911:Generated_Source\PSoC6\pdl\drivers/peripheral/gpio/cy_gpio.h **** * any effect on peripheral driven pins.
 912:Generated_Source\PSoC6\pdl\drivers/peripheral/gpio/cy_gpio.h **** *
 913:Generated_Source\PSoC6\pdl\drivers/peripheral/gpio/cy_gpio.h **** * \param base
 914:Generated_Source\PSoC6\pdl\drivers/peripheral/gpio/cy_gpio.h **** * Pointer to the pin's port register base address
ARM GAS  C:\Users\Finik\AppData\Local\Temp\ccnRnT2c.s 			page 18


 915:Generated_Source\PSoC6\pdl\drivers/peripheral/gpio/cy_gpio.h **** *
 916:Generated_Source\PSoC6\pdl\drivers/peripheral/gpio/cy_gpio.h **** * \param pinNum
 917:Generated_Source\PSoC6\pdl\drivers/peripheral/gpio/cy_gpio.h **** * Position of the pin bit-field within the port register
 918:Generated_Source\PSoC6\pdl\drivers/peripheral/gpio/cy_gpio.h **** *
 919:Generated_Source\PSoC6\pdl\drivers/peripheral/gpio/cy_gpio.h **** * \funcusage
 920:Generated_Source\PSoC6\pdl\drivers/peripheral/gpio/cy_gpio.h **** * \snippet gpio/gpio_v1_10_sut_01.cydsn/main_cm4.c snippet_Cy_GPIO_Inv
 921:Generated_Source\PSoC6\pdl\drivers/peripheral/gpio/cy_gpio.h **** *
 922:Generated_Source\PSoC6\pdl\drivers/peripheral/gpio/cy_gpio.h **** *******************************************************************************/
 923:Generated_Source\PSoC6\pdl\drivers/peripheral/gpio/cy_gpio.h **** __STATIC_INLINE void Cy_GPIO_Inv(GPIO_PRT_Type* base, uint32_t pinNum)
 924:Generated_Source\PSoC6\pdl\drivers/peripheral/gpio/cy_gpio.h **** {
 925:Generated_Source\PSoC6\pdl\drivers/peripheral/gpio/cy_gpio.h ****     CY_ASSERT_L2(CY_GPIO_IS_PIN_VALID(pinNum));
 926:Generated_Source\PSoC6\pdl\drivers/peripheral/gpio/cy_gpio.h ****     
 927:Generated_Source\PSoC6\pdl\drivers/peripheral/gpio/cy_gpio.h ****     GPIO_PRT_OUT_INV(base) = CY_GPIO_OUT_MASK << pinNum;
 928:Generated_Source\PSoC6\pdl\drivers/peripheral/gpio/cy_gpio.h **** }
 929:Generated_Source\PSoC6\pdl\drivers/peripheral/gpio/cy_gpio.h **** 
 930:Generated_Source\PSoC6\pdl\drivers/peripheral/gpio/cy_gpio.h **** 
 931:Generated_Source\PSoC6\pdl\drivers/peripheral/gpio/cy_gpio.h **** /*******************************************************************************
 932:Generated_Source\PSoC6\pdl\drivers/peripheral/gpio/cy_gpio.h **** * Function Name: Cy_GPIO_SetDrivemode
 933:Generated_Source\PSoC6\pdl\drivers/peripheral/gpio/cy_gpio.h **** ****************************************************************************//**
 934:Generated_Source\PSoC6\pdl\drivers/peripheral/gpio/cy_gpio.h **** *
 935:Generated_Source\PSoC6\pdl\drivers/peripheral/gpio/cy_gpio.h **** * Configures the pin output buffer drive mode and input buffer enable.
 936:Generated_Source\PSoC6\pdl\drivers/peripheral/gpio/cy_gpio.h **** *
 937:Generated_Source\PSoC6\pdl\drivers/peripheral/gpio/cy_gpio.h **** * The output buffer drive mode and input buffer enable are combined into a single
 938:Generated_Source\PSoC6\pdl\drivers/peripheral/gpio/cy_gpio.h **** * parameter. The drive mode controls the behavior of the pin in general.
 939:Generated_Source\PSoC6\pdl\drivers/peripheral/gpio/cy_gpio.h **** * Enabling the input buffer allows the digital pin state to be read but also
 940:Generated_Source\PSoC6\pdl\drivers/peripheral/gpio/cy_gpio.h **** * contributes to extra current consumption.
 941:Generated_Source\PSoC6\pdl\drivers/peripheral/gpio/cy_gpio.h **** *
 942:Generated_Source\PSoC6\pdl\drivers/peripheral/gpio/cy_gpio.h **** * \param base
 943:Generated_Source\PSoC6\pdl\drivers/peripheral/gpio/cy_gpio.h **** * Pointer to the pin's port register base address
 944:Generated_Source\PSoC6\pdl\drivers/peripheral/gpio/cy_gpio.h **** *
 945:Generated_Source\PSoC6\pdl\drivers/peripheral/gpio/cy_gpio.h **** * \param pinNum
 946:Generated_Source\PSoC6\pdl\drivers/peripheral/gpio/cy_gpio.h **** * Position of the pin bit-field within the port register
 947:Generated_Source\PSoC6\pdl\drivers/peripheral/gpio/cy_gpio.h **** *
 948:Generated_Source\PSoC6\pdl\drivers/peripheral/gpio/cy_gpio.h **** * \param value
 949:Generated_Source\PSoC6\pdl\drivers/peripheral/gpio/cy_gpio.h **** * Pin drive mode. Options are detailed in \ref group_gpio_driveModes macros
 950:Generated_Source\PSoC6\pdl\drivers/peripheral/gpio/cy_gpio.h **** *
 951:Generated_Source\PSoC6\pdl\drivers/peripheral/gpio/cy_gpio.h **** * \note 
 952:Generated_Source\PSoC6\pdl\drivers/peripheral/gpio/cy_gpio.h **** * This function modifies a port register in a read-modify-write operation. It is
 953:Generated_Source\PSoC6\pdl\drivers/peripheral/gpio/cy_gpio.h **** * not thread safe as the resource is shared among multiple pins on a port.
 954:Generated_Source\PSoC6\pdl\drivers/peripheral/gpio/cy_gpio.h **** *
 955:Generated_Source\PSoC6\pdl\drivers/peripheral/gpio/cy_gpio.h **** * \funcusage
 956:Generated_Source\PSoC6\pdl\drivers/peripheral/gpio/cy_gpio.h **** * \snippet gpio/gpio_v1_10_sut_01.cydsn/main_cm4.c snippet_Cy_GPIO_SetDrivemode
 957:Generated_Source\PSoC6\pdl\drivers/peripheral/gpio/cy_gpio.h **** *
 958:Generated_Source\PSoC6\pdl\drivers/peripheral/gpio/cy_gpio.h **** *******************************************************************************/
 959:Generated_Source\PSoC6\pdl\drivers/peripheral/gpio/cy_gpio.h **** __STATIC_INLINE void Cy_GPIO_SetDrivemode(GPIO_PRT_Type* base, uint32_t pinNum, uint32_t value)
 960:Generated_Source\PSoC6\pdl\drivers/peripheral/gpio/cy_gpio.h **** {
 961:Generated_Source\PSoC6\pdl\drivers/peripheral/gpio/cy_gpio.h ****     uint32_t tempReg;
 962:Generated_Source\PSoC6\pdl\drivers/peripheral/gpio/cy_gpio.h ****     uint32_t pinLoc;
 963:Generated_Source\PSoC6\pdl\drivers/peripheral/gpio/cy_gpio.h **** 
 964:Generated_Source\PSoC6\pdl\drivers/peripheral/gpio/cy_gpio.h ****     CY_ASSERT_L2(CY_GPIO_IS_PIN_VALID(pinNum));
 965:Generated_Source\PSoC6\pdl\drivers/peripheral/gpio/cy_gpio.h ****     CY_ASSERT_L2(CY_GPIO_IS_DM_VALID(value));
 966:Generated_Source\PSoC6\pdl\drivers/peripheral/gpio/cy_gpio.h **** 
 967:Generated_Source\PSoC6\pdl\drivers/peripheral/gpio/cy_gpio.h ****     pinLoc = pinNum << CY_GPIO_DRIVE_MODE_OFFSET;
 968:Generated_Source\PSoC6\pdl\drivers/peripheral/gpio/cy_gpio.h ****     tempReg = (GPIO_PRT_CFG(base) & ~(CY_GPIO_CFG_DM_MASK << pinLoc));
 969:Generated_Source\PSoC6\pdl\drivers/peripheral/gpio/cy_gpio.h ****     GPIO_PRT_CFG(base) = tempReg | ((value & CY_GPIO_CFG_DM_MASK) << pinLoc);
 970:Generated_Source\PSoC6\pdl\drivers/peripheral/gpio/cy_gpio.h **** }
 971:Generated_Source\PSoC6\pdl\drivers/peripheral/gpio/cy_gpio.h **** 
ARM GAS  C:\Users\Finik\AppData\Local\Temp\ccnRnT2c.s 			page 19


 972:Generated_Source\PSoC6\pdl\drivers/peripheral/gpio/cy_gpio.h **** 
 973:Generated_Source\PSoC6\pdl\drivers/peripheral/gpio/cy_gpio.h **** /*******************************************************************************
 974:Generated_Source\PSoC6\pdl\drivers/peripheral/gpio/cy_gpio.h **** * Function Name: Cy_GPIO_GetDrivemode
 975:Generated_Source\PSoC6\pdl\drivers/peripheral/gpio/cy_gpio.h **** ****************************************************************************//**
 976:Generated_Source\PSoC6\pdl\drivers/peripheral/gpio/cy_gpio.h **** *
 977:Generated_Source\PSoC6\pdl\drivers/peripheral/gpio/cy_gpio.h **** * Returns the pin output buffer drive mode and input buffer enable state.
 978:Generated_Source\PSoC6\pdl\drivers/peripheral/gpio/cy_gpio.h **** *
 979:Generated_Source\PSoC6\pdl\drivers/peripheral/gpio/cy_gpio.h **** * \param base
 980:Generated_Source\PSoC6\pdl\drivers/peripheral/gpio/cy_gpio.h **** * Pointer to the pin's port register base address
 981:Generated_Source\PSoC6\pdl\drivers/peripheral/gpio/cy_gpio.h **** *
 982:Generated_Source\PSoC6\pdl\drivers/peripheral/gpio/cy_gpio.h **** * \param pinNum
 983:Generated_Source\PSoC6\pdl\drivers/peripheral/gpio/cy_gpio.h **** * Position of the pin bit-field within the port register
 984:Generated_Source\PSoC6\pdl\drivers/peripheral/gpio/cy_gpio.h **** *
 985:Generated_Source\PSoC6\pdl\drivers/peripheral/gpio/cy_gpio.h **** * \return
 986:Generated_Source\PSoC6\pdl\drivers/peripheral/gpio/cy_gpio.h **** * Pin drive mode. Options are detailed in \ref group_gpio_driveModes macros
 987:Generated_Source\PSoC6\pdl\drivers/peripheral/gpio/cy_gpio.h **** *
 988:Generated_Source\PSoC6\pdl\drivers/peripheral/gpio/cy_gpio.h **** * \funcusage
 989:Generated_Source\PSoC6\pdl\drivers/peripheral/gpio/cy_gpio.h **** * \snippet gpio/gpio_v1_10_sut_01.cydsn/main_cm4.c snippet_Cy_GPIO_SetDrivemode
 990:Generated_Source\PSoC6\pdl\drivers/peripheral/gpio/cy_gpio.h **** *
 991:Generated_Source\PSoC6\pdl\drivers/peripheral/gpio/cy_gpio.h **** *******************************************************************************/
 992:Generated_Source\PSoC6\pdl\drivers/peripheral/gpio/cy_gpio.h **** __STATIC_INLINE uint32_t Cy_GPIO_GetDrivemode(GPIO_PRT_Type* base, uint32_t pinNum)
 993:Generated_Source\PSoC6\pdl\drivers/peripheral/gpio/cy_gpio.h **** {
 994:Generated_Source\PSoC6\pdl\drivers/peripheral/gpio/cy_gpio.h ****     CY_ASSERT_L2(CY_GPIO_IS_PIN_VALID(pinNum));
 995:Generated_Source\PSoC6\pdl\drivers/peripheral/gpio/cy_gpio.h ****     
 996:Generated_Source\PSoC6\pdl\drivers/peripheral/gpio/cy_gpio.h ****     return (GPIO_PRT_CFG(base) >> (pinNum << CY_GPIO_DRIVE_MODE_OFFSET)) & CY_GPIO_CFG_DM_MASK;
 997:Generated_Source\PSoC6\pdl\drivers/peripheral/gpio/cy_gpio.h **** }
 998:Generated_Source\PSoC6\pdl\drivers/peripheral/gpio/cy_gpio.h **** 
 999:Generated_Source\PSoC6\pdl\drivers/peripheral/gpio/cy_gpio.h **** 
1000:Generated_Source\PSoC6\pdl\drivers/peripheral/gpio/cy_gpio.h **** /*******************************************************************************
1001:Generated_Source\PSoC6\pdl\drivers/peripheral/gpio/cy_gpio.h **** * Function Name: Cy_GPIO_SetVtrip
1002:Generated_Source\PSoC6\pdl\drivers/peripheral/gpio/cy_gpio.h **** ****************************************************************************//**
1003:Generated_Source\PSoC6\pdl\drivers/peripheral/gpio/cy_gpio.h **** *
1004:Generated_Source\PSoC6\pdl\drivers/peripheral/gpio/cy_gpio.h **** * Configures the GPIO pin input buffer voltage threshold mode.
1005:Generated_Source\PSoC6\pdl\drivers/peripheral/gpio/cy_gpio.h **** *
1006:Generated_Source\PSoC6\pdl\drivers/peripheral/gpio/cy_gpio.h **** * \param base
1007:Generated_Source\PSoC6\pdl\drivers/peripheral/gpio/cy_gpio.h **** * Pointer to the pin's port register base address
1008:Generated_Source\PSoC6\pdl\drivers/peripheral/gpio/cy_gpio.h **** *
1009:Generated_Source\PSoC6\pdl\drivers/peripheral/gpio/cy_gpio.h **** * \param pinNum
1010:Generated_Source\PSoC6\pdl\drivers/peripheral/gpio/cy_gpio.h **** * Position of the pin bit-field within the port register
1011:Generated_Source\PSoC6\pdl\drivers/peripheral/gpio/cy_gpio.h **** *
1012:Generated_Source\PSoC6\pdl\drivers/peripheral/gpio/cy_gpio.h **** * \param value
1013:Generated_Source\PSoC6\pdl\drivers/peripheral/gpio/cy_gpio.h **** * Pin voltage threshold mode. Options are detailed in \ref group_gpio_vtrip macros
1014:Generated_Source\PSoC6\pdl\drivers/peripheral/gpio/cy_gpio.h **** *
1015:Generated_Source\PSoC6\pdl\drivers/peripheral/gpio/cy_gpio.h **** * \note 
1016:Generated_Source\PSoC6\pdl\drivers/peripheral/gpio/cy_gpio.h **** * This function modifies a port register in a read-modify-write operation. It is
1017:Generated_Source\PSoC6\pdl\drivers/peripheral/gpio/cy_gpio.h **** * not thread safe as the resource is shared among multiple pins on a port.
1018:Generated_Source\PSoC6\pdl\drivers/peripheral/gpio/cy_gpio.h **** *
1019:Generated_Source\PSoC6\pdl\drivers/peripheral/gpio/cy_gpio.h **** * \funcusage
1020:Generated_Source\PSoC6\pdl\drivers/peripheral/gpio/cy_gpio.h **** * \snippet gpio/gpio_v1_10_sut_01.cydsn/main_cm4.c snippet_Cy_GPIO_SetVtrip
1021:Generated_Source\PSoC6\pdl\drivers/peripheral/gpio/cy_gpio.h **** *
1022:Generated_Source\PSoC6\pdl\drivers/peripheral/gpio/cy_gpio.h **** *******************************************************************************/
1023:Generated_Source\PSoC6\pdl\drivers/peripheral/gpio/cy_gpio.h **** __STATIC_INLINE void Cy_GPIO_SetVtrip(GPIO_PRT_Type* base, uint32_t pinNum, uint32_t value)
1024:Generated_Source\PSoC6\pdl\drivers/peripheral/gpio/cy_gpio.h **** {
1025:Generated_Source\PSoC6\pdl\drivers/peripheral/gpio/cy_gpio.h ****     uint32_t tempReg;
1026:Generated_Source\PSoC6\pdl\drivers/peripheral/gpio/cy_gpio.h **** 
1027:Generated_Source\PSoC6\pdl\drivers/peripheral/gpio/cy_gpio.h ****     CY_ASSERT_L2(CY_GPIO_IS_PIN_VALID(pinNum));
1028:Generated_Source\PSoC6\pdl\drivers/peripheral/gpio/cy_gpio.h ****     CY_ASSERT_L2(CY_GPIO_IS_VALUE_VALID(value));
ARM GAS  C:\Users\Finik\AppData\Local\Temp\ccnRnT2c.s 			page 20


1029:Generated_Source\PSoC6\pdl\drivers/peripheral/gpio/cy_gpio.h **** 
1030:Generated_Source\PSoC6\pdl\drivers/peripheral/gpio/cy_gpio.h ****     tempReg = GPIO_PRT_CFG_IN(base) & ~(CY_GPIO_CFG_IN_VTRIP_SEL_MASK << pinNum);
1031:Generated_Source\PSoC6\pdl\drivers/peripheral/gpio/cy_gpio.h ****     GPIO_PRT_CFG_IN(base) = tempReg | ((value & CY_GPIO_CFG_IN_VTRIP_SEL_MASK) << pinNum);
1032:Generated_Source\PSoC6\pdl\drivers/peripheral/gpio/cy_gpio.h **** }
1033:Generated_Source\PSoC6\pdl\drivers/peripheral/gpio/cy_gpio.h **** 
1034:Generated_Source\PSoC6\pdl\drivers/peripheral/gpio/cy_gpio.h **** 
1035:Generated_Source\PSoC6\pdl\drivers/peripheral/gpio/cy_gpio.h **** /*******************************************************************************
1036:Generated_Source\PSoC6\pdl\drivers/peripheral/gpio/cy_gpio.h **** * Function Name: Cy_GPIO_GetVtrip
1037:Generated_Source\PSoC6\pdl\drivers/peripheral/gpio/cy_gpio.h **** ****************************************************************************//**
1038:Generated_Source\PSoC6\pdl\drivers/peripheral/gpio/cy_gpio.h **** *
1039:Generated_Source\PSoC6\pdl\drivers/peripheral/gpio/cy_gpio.h **** * Returns the pin input buffer voltage threshold mode.
1040:Generated_Source\PSoC6\pdl\drivers/peripheral/gpio/cy_gpio.h **** *
1041:Generated_Source\PSoC6\pdl\drivers/peripheral/gpio/cy_gpio.h **** * \param base
1042:Generated_Source\PSoC6\pdl\drivers/peripheral/gpio/cy_gpio.h **** * Pointer to the pin's port register base address
1043:Generated_Source\PSoC6\pdl\drivers/peripheral/gpio/cy_gpio.h **** *
1044:Generated_Source\PSoC6\pdl\drivers/peripheral/gpio/cy_gpio.h **** * \param pinNum
1045:Generated_Source\PSoC6\pdl\drivers/peripheral/gpio/cy_gpio.h **** * Position of the pin bit-field within the port register
1046:Generated_Source\PSoC6\pdl\drivers/peripheral/gpio/cy_gpio.h **** *
1047:Generated_Source\PSoC6\pdl\drivers/peripheral/gpio/cy_gpio.h **** * \return
1048:Generated_Source\PSoC6\pdl\drivers/peripheral/gpio/cy_gpio.h **** * Pin voltage threshold mode. Options are detailed in \ref group_gpio_vtrip macros
1049:Generated_Source\PSoC6\pdl\drivers/peripheral/gpio/cy_gpio.h **** *
1050:Generated_Source\PSoC6\pdl\drivers/peripheral/gpio/cy_gpio.h **** * \funcusage
1051:Generated_Source\PSoC6\pdl\drivers/peripheral/gpio/cy_gpio.h **** * \snippet gpio/gpio_v1_10_sut_01.cydsn/main_cm4.c snippet_Cy_GPIO_SetVtrip
1052:Generated_Source\PSoC6\pdl\drivers/peripheral/gpio/cy_gpio.h **** *
1053:Generated_Source\PSoC6\pdl\drivers/peripheral/gpio/cy_gpio.h **** *******************************************************************************/
1054:Generated_Source\PSoC6\pdl\drivers/peripheral/gpio/cy_gpio.h **** __STATIC_INLINE uint32_t Cy_GPIO_GetVtrip(GPIO_PRT_Type* base, uint32_t pinNum)
1055:Generated_Source\PSoC6\pdl\drivers/peripheral/gpio/cy_gpio.h **** {
1056:Generated_Source\PSoC6\pdl\drivers/peripheral/gpio/cy_gpio.h ****     CY_ASSERT_L2(CY_GPIO_IS_PIN_VALID(pinNum));
1057:Generated_Source\PSoC6\pdl\drivers/peripheral/gpio/cy_gpio.h ****     
1058:Generated_Source\PSoC6\pdl\drivers/peripheral/gpio/cy_gpio.h ****     return (GPIO_PRT_CFG_IN(base) >> pinNum) & CY_GPIO_CFG_IN_VTRIP_SEL_MASK;
1059:Generated_Source\PSoC6\pdl\drivers/peripheral/gpio/cy_gpio.h **** }
1060:Generated_Source\PSoC6\pdl\drivers/peripheral/gpio/cy_gpio.h **** 
1061:Generated_Source\PSoC6\pdl\drivers/peripheral/gpio/cy_gpio.h **** 
1062:Generated_Source\PSoC6\pdl\drivers/peripheral/gpio/cy_gpio.h **** /*******************************************************************************
1063:Generated_Source\PSoC6\pdl\drivers/peripheral/gpio/cy_gpio.h **** * Function Name: Cy_GPIO_SetSlewRate
1064:Generated_Source\PSoC6\pdl\drivers/peripheral/gpio/cy_gpio.h **** ****************************************************************************//**
1065:Generated_Source\PSoC6\pdl\drivers/peripheral/gpio/cy_gpio.h **** *
1066:Generated_Source\PSoC6\pdl\drivers/peripheral/gpio/cy_gpio.h **** * Configures the pin output buffer slew rate.
1067:Generated_Source\PSoC6\pdl\drivers/peripheral/gpio/cy_gpio.h **** *
1068:Generated_Source\PSoC6\pdl\drivers/peripheral/gpio/cy_gpio.h **** * \note 
1069:Generated_Source\PSoC6\pdl\drivers/peripheral/gpio/cy_gpio.h **** * This function has no effect for the GPIO ports, where the slew rate
1070:Generated_Source\PSoC6\pdl\drivers/peripheral/gpio/cy_gpio.h **** * configuration is not available. Refer to device datasheet for details.
1071:Generated_Source\PSoC6\pdl\drivers/peripheral/gpio/cy_gpio.h **** *
1072:Generated_Source\PSoC6\pdl\drivers/peripheral/gpio/cy_gpio.h **** * \param base
1073:Generated_Source\PSoC6\pdl\drivers/peripheral/gpio/cy_gpio.h **** * Pointer to the pin's port register base address
1074:Generated_Source\PSoC6\pdl\drivers/peripheral/gpio/cy_gpio.h **** *
1075:Generated_Source\PSoC6\pdl\drivers/peripheral/gpio/cy_gpio.h **** * \param pinNum
1076:Generated_Source\PSoC6\pdl\drivers/peripheral/gpio/cy_gpio.h **** * Position of the pin bit-field within the port register
1077:Generated_Source\PSoC6\pdl\drivers/peripheral/gpio/cy_gpio.h **** *
1078:Generated_Source\PSoC6\pdl\drivers/peripheral/gpio/cy_gpio.h **** * \param value
1079:Generated_Source\PSoC6\pdl\drivers/peripheral/gpio/cy_gpio.h **** * Pin slew rate. Options are detailed in \ref group_gpio_slewRate macros
1080:Generated_Source\PSoC6\pdl\drivers/peripheral/gpio/cy_gpio.h **** *
1081:Generated_Source\PSoC6\pdl\drivers/peripheral/gpio/cy_gpio.h **** * \note 
1082:Generated_Source\PSoC6\pdl\drivers/peripheral/gpio/cy_gpio.h **** * This function modifies a port register in a read-modify-write operation. It is
1083:Generated_Source\PSoC6\pdl\drivers/peripheral/gpio/cy_gpio.h **** * not thread safe as the resource is shared among multiple pins on a port.
1084:Generated_Source\PSoC6\pdl\drivers/peripheral/gpio/cy_gpio.h **** *
1085:Generated_Source\PSoC6\pdl\drivers/peripheral/gpio/cy_gpio.h **** * \funcusage
ARM GAS  C:\Users\Finik\AppData\Local\Temp\ccnRnT2c.s 			page 21


1086:Generated_Source\PSoC6\pdl\drivers/peripheral/gpio/cy_gpio.h **** * \snippet gpio/gpio_v1_10_sut_01.cydsn/main_cm4.c snippet_Cy_GPIO_SetSlewRate
1087:Generated_Source\PSoC6\pdl\drivers/peripheral/gpio/cy_gpio.h **** *
1088:Generated_Source\PSoC6\pdl\drivers/peripheral/gpio/cy_gpio.h **** *******************************************************************************/
1089:Generated_Source\PSoC6\pdl\drivers/peripheral/gpio/cy_gpio.h **** __STATIC_INLINE void Cy_GPIO_SetSlewRate(GPIO_PRT_Type* base, uint32_t pinNum, uint32_t value)
1090:Generated_Source\PSoC6\pdl\drivers/peripheral/gpio/cy_gpio.h **** {
1091:Generated_Source\PSoC6\pdl\drivers/peripheral/gpio/cy_gpio.h ****     uint32_t tempReg;
1092:Generated_Source\PSoC6\pdl\drivers/peripheral/gpio/cy_gpio.h **** 
1093:Generated_Source\PSoC6\pdl\drivers/peripheral/gpio/cy_gpio.h ****     CY_ASSERT_L2(CY_GPIO_IS_PIN_VALID(pinNum));
1094:Generated_Source\PSoC6\pdl\drivers/peripheral/gpio/cy_gpio.h ****     CY_ASSERT_L2(CY_GPIO_IS_VALUE_VALID(value));
1095:Generated_Source\PSoC6\pdl\drivers/peripheral/gpio/cy_gpio.h **** 
1096:Generated_Source\PSoC6\pdl\drivers/peripheral/gpio/cy_gpio.h ****     tempReg = GPIO_PRT_CFG_OUT(base) & ~(CY_GPIO_CFG_OUT_SLOW_MASK << pinNum);
1097:Generated_Source\PSoC6\pdl\drivers/peripheral/gpio/cy_gpio.h ****     GPIO_PRT_CFG_OUT(base) = tempReg | ((value & CY_GPIO_CFG_OUT_SLOW_MASK) << pinNum);
1098:Generated_Source\PSoC6\pdl\drivers/peripheral/gpio/cy_gpio.h **** }
1099:Generated_Source\PSoC6\pdl\drivers/peripheral/gpio/cy_gpio.h **** 
1100:Generated_Source\PSoC6\pdl\drivers/peripheral/gpio/cy_gpio.h **** 
1101:Generated_Source\PSoC6\pdl\drivers/peripheral/gpio/cy_gpio.h **** /*******************************************************************************
1102:Generated_Source\PSoC6\pdl\drivers/peripheral/gpio/cy_gpio.h **** * Function Name: Cy_GPIO_GetSlewRate
1103:Generated_Source\PSoC6\pdl\drivers/peripheral/gpio/cy_gpio.h **** ****************************************************************************//**
1104:Generated_Source\PSoC6\pdl\drivers/peripheral/gpio/cy_gpio.h **** *
1105:Generated_Source\PSoC6\pdl\drivers/peripheral/gpio/cy_gpio.h **** * Returns the pin output buffer slew rate.
1106:Generated_Source\PSoC6\pdl\drivers/peripheral/gpio/cy_gpio.h **** *
1107:Generated_Source\PSoC6\pdl\drivers/peripheral/gpio/cy_gpio.h **** * \param base
1108:Generated_Source\PSoC6\pdl\drivers/peripheral/gpio/cy_gpio.h **** * Pointer to the pin's port register base address
1109:Generated_Source\PSoC6\pdl\drivers/peripheral/gpio/cy_gpio.h **** *
1110:Generated_Source\PSoC6\pdl\drivers/peripheral/gpio/cy_gpio.h **** * \param pinNum
1111:Generated_Source\PSoC6\pdl\drivers/peripheral/gpio/cy_gpio.h **** * Position of the pin bit-field within the port register
1112:Generated_Source\PSoC6\pdl\drivers/peripheral/gpio/cy_gpio.h **** *
1113:Generated_Source\PSoC6\pdl\drivers/peripheral/gpio/cy_gpio.h **** * \return
1114:Generated_Source\PSoC6\pdl\drivers/peripheral/gpio/cy_gpio.h **** * Pin slew rate. Options are detailed in \ref group_gpio_slewRate macros
1115:Generated_Source\PSoC6\pdl\drivers/peripheral/gpio/cy_gpio.h **** *
1116:Generated_Source\PSoC6\pdl\drivers/peripheral/gpio/cy_gpio.h **** * \funcusage
1117:Generated_Source\PSoC6\pdl\drivers/peripheral/gpio/cy_gpio.h **** * \snippet gpio/gpio_v1_10_sut_01.cydsn/main_cm4.c snippet_Cy_GPIO_SetSlewRate
1118:Generated_Source\PSoC6\pdl\drivers/peripheral/gpio/cy_gpio.h **** *
1119:Generated_Source\PSoC6\pdl\drivers/peripheral/gpio/cy_gpio.h **** *******************************************************************************/
1120:Generated_Source\PSoC6\pdl\drivers/peripheral/gpio/cy_gpio.h **** __STATIC_INLINE uint32_t Cy_GPIO_GetSlewRate(GPIO_PRT_Type* base, uint32_t pinNum)
1121:Generated_Source\PSoC6\pdl\drivers/peripheral/gpio/cy_gpio.h **** {
1122:Generated_Source\PSoC6\pdl\drivers/peripheral/gpio/cy_gpio.h ****     CY_ASSERT_L2(CY_GPIO_IS_PIN_VALID(pinNum));
1123:Generated_Source\PSoC6\pdl\drivers/peripheral/gpio/cy_gpio.h **** 
1124:Generated_Source\PSoC6\pdl\drivers/peripheral/gpio/cy_gpio.h ****     return (GPIO_PRT_CFG_OUT(base) >> pinNum) & CY_GPIO_CFG_OUT_SLOW_MASK;
1125:Generated_Source\PSoC6\pdl\drivers/peripheral/gpio/cy_gpio.h **** }
1126:Generated_Source\PSoC6\pdl\drivers/peripheral/gpio/cy_gpio.h **** 
1127:Generated_Source\PSoC6\pdl\drivers/peripheral/gpio/cy_gpio.h **** 
1128:Generated_Source\PSoC6\pdl\drivers/peripheral/gpio/cy_gpio.h **** /*******************************************************************************
1129:Generated_Source\PSoC6\pdl\drivers/peripheral/gpio/cy_gpio.h **** * Function Name: Cy_GPIO_SetDriveSel
1130:Generated_Source\PSoC6\pdl\drivers/peripheral/gpio/cy_gpio.h **** ****************************************************************************//**
1131:Generated_Source\PSoC6\pdl\drivers/peripheral/gpio/cy_gpio.h **** *
1132:Generated_Source\PSoC6\pdl\drivers/peripheral/gpio/cy_gpio.h **** * Configures the pin output buffer drive strength.
1133:Generated_Source\PSoC6\pdl\drivers/peripheral/gpio/cy_gpio.h **** *
1134:Generated_Source\PSoC6\pdl\drivers/peripheral/gpio/cy_gpio.h **** * \param base
1135:Generated_Source\PSoC6\pdl\drivers/peripheral/gpio/cy_gpio.h **** * Pointer to the pin's port register base address
1136:Generated_Source\PSoC6\pdl\drivers/peripheral/gpio/cy_gpio.h **** *
1137:Generated_Source\PSoC6\pdl\drivers/peripheral/gpio/cy_gpio.h **** * \param pinNum
1138:Generated_Source\PSoC6\pdl\drivers/peripheral/gpio/cy_gpio.h **** * Position of the pin bit-field within the port register
1139:Generated_Source\PSoC6\pdl\drivers/peripheral/gpio/cy_gpio.h **** *
1140:Generated_Source\PSoC6\pdl\drivers/peripheral/gpio/cy_gpio.h **** * \param value
1141:Generated_Source\PSoC6\pdl\drivers/peripheral/gpio/cy_gpio.h **** * Pin drive strength. Options are detailed in \ref group_gpio_driveStrength macros
1142:Generated_Source\PSoC6\pdl\drivers/peripheral/gpio/cy_gpio.h **** *
ARM GAS  C:\Users\Finik\AppData\Local\Temp\ccnRnT2c.s 			page 22


1143:Generated_Source\PSoC6\pdl\drivers/peripheral/gpio/cy_gpio.h **** * \note 
1144:Generated_Source\PSoC6\pdl\drivers/peripheral/gpio/cy_gpio.h **** * This function modifies a port register in a read-modify-write operation. It is
1145:Generated_Source\PSoC6\pdl\drivers/peripheral/gpio/cy_gpio.h **** * not thread safe as the resource is shared among multiple pins on a port.
1146:Generated_Source\PSoC6\pdl\drivers/peripheral/gpio/cy_gpio.h **** *
1147:Generated_Source\PSoC6\pdl\drivers/peripheral/gpio/cy_gpio.h **** * \funcusage
1148:Generated_Source\PSoC6\pdl\drivers/peripheral/gpio/cy_gpio.h **** * \snippet gpio/gpio_v1_10_sut_01.cydsn/main_cm4.c snippet_Cy_GPIO_SetDriveSel
1149:Generated_Source\PSoC6\pdl\drivers/peripheral/gpio/cy_gpio.h **** *
1150:Generated_Source\PSoC6\pdl\drivers/peripheral/gpio/cy_gpio.h **** *******************************************************************************/
1151:Generated_Source\PSoC6\pdl\drivers/peripheral/gpio/cy_gpio.h **** __STATIC_INLINE void Cy_GPIO_SetDriveSel(GPIO_PRT_Type* base, uint32_t pinNum, uint32_t value)
1152:Generated_Source\PSoC6\pdl\drivers/peripheral/gpio/cy_gpio.h **** {
1153:Generated_Source\PSoC6\pdl\drivers/peripheral/gpio/cy_gpio.h ****     uint32_t tempReg;
1154:Generated_Source\PSoC6\pdl\drivers/peripheral/gpio/cy_gpio.h ****     uint32_t pinLoc;
1155:Generated_Source\PSoC6\pdl\drivers/peripheral/gpio/cy_gpio.h **** 
1156:Generated_Source\PSoC6\pdl\drivers/peripheral/gpio/cy_gpio.h ****     CY_ASSERT_L2(CY_GPIO_IS_PIN_VALID(pinNum));
1157:Generated_Source\PSoC6\pdl\drivers/peripheral/gpio/cy_gpio.h ****     CY_ASSERT_L2(CY_GPIO_IS_DRIVE_SEL_VALID(value));
1158:Generated_Source\PSoC6\pdl\drivers/peripheral/gpio/cy_gpio.h ****     
1159:Generated_Source\PSoC6\pdl\drivers/peripheral/gpio/cy_gpio.h ****     pinLoc = (uint32_t)(pinNum << 1u) + CY_GPIO_CFG_OUT_DRIVE_OFFSET;
1160:Generated_Source\PSoC6\pdl\drivers/peripheral/gpio/cy_gpio.h ****     tempReg = GPIO_PRT_CFG_OUT(base) & ~(CY_GPIO_CFG_OUT_DRIVE_SEL_MASK << pinLoc);
1161:Generated_Source\PSoC6\pdl\drivers/peripheral/gpio/cy_gpio.h ****     GPIO_PRT_CFG_OUT(base) = tempReg | ((value & CY_GPIO_CFG_OUT_DRIVE_SEL_MASK) << pinLoc);
1162:Generated_Source\PSoC6\pdl\drivers/peripheral/gpio/cy_gpio.h **** }
1163:Generated_Source\PSoC6\pdl\drivers/peripheral/gpio/cy_gpio.h **** 
1164:Generated_Source\PSoC6\pdl\drivers/peripheral/gpio/cy_gpio.h **** 
1165:Generated_Source\PSoC6\pdl\drivers/peripheral/gpio/cy_gpio.h **** /*******************************************************************************
1166:Generated_Source\PSoC6\pdl\drivers/peripheral/gpio/cy_gpio.h **** * Function Name: Cy_GPIO_GetDriveSel
1167:Generated_Source\PSoC6\pdl\drivers/peripheral/gpio/cy_gpio.h **** ****************************************************************************//**
1168:Generated_Source\PSoC6\pdl\drivers/peripheral/gpio/cy_gpio.h **** *
1169:Generated_Source\PSoC6\pdl\drivers/peripheral/gpio/cy_gpio.h **** * Returns the pin output buffer drive strength.
1170:Generated_Source\PSoC6\pdl\drivers/peripheral/gpio/cy_gpio.h **** *
1171:Generated_Source\PSoC6\pdl\drivers/peripheral/gpio/cy_gpio.h **** * \param base
1172:Generated_Source\PSoC6\pdl\drivers/peripheral/gpio/cy_gpio.h **** * Pointer to the pin's port register base address
1173:Generated_Source\PSoC6\pdl\drivers/peripheral/gpio/cy_gpio.h **** *
1174:Generated_Source\PSoC6\pdl\drivers/peripheral/gpio/cy_gpio.h **** * \param pinNum
1175:Generated_Source\PSoC6\pdl\drivers/peripheral/gpio/cy_gpio.h **** * Position of the pin bit-field within the port register
1176:Generated_Source\PSoC6\pdl\drivers/peripheral/gpio/cy_gpio.h **** *
1177:Generated_Source\PSoC6\pdl\drivers/peripheral/gpio/cy_gpio.h **** * \return
1178:Generated_Source\PSoC6\pdl\drivers/peripheral/gpio/cy_gpio.h **** * Pin drive strength. Options are detailed in \ref group_gpio_driveStrength macros
1179:Generated_Source\PSoC6\pdl\drivers/peripheral/gpio/cy_gpio.h **** *
1180:Generated_Source\PSoC6\pdl\drivers/peripheral/gpio/cy_gpio.h **** * \funcusage
1181:Generated_Source\PSoC6\pdl\drivers/peripheral/gpio/cy_gpio.h **** * \snippet gpio/gpio_v1_10_sut_01.cydsn/main_cm4.c snippet_Cy_GPIO_SetDriveSel
1182:Generated_Source\PSoC6\pdl\drivers/peripheral/gpio/cy_gpio.h **** *
1183:Generated_Source\PSoC6\pdl\drivers/peripheral/gpio/cy_gpio.h **** *******************************************************************************/
1184:Generated_Source\PSoC6\pdl\drivers/peripheral/gpio/cy_gpio.h **** __STATIC_INLINE uint32_t Cy_GPIO_GetDriveSel(GPIO_PRT_Type* base, uint32_t pinNum)
1185:Generated_Source\PSoC6\pdl\drivers/peripheral/gpio/cy_gpio.h **** {
1186:Generated_Source\PSoC6\pdl\drivers/peripheral/gpio/cy_gpio.h ****     CY_ASSERT_L2(CY_GPIO_IS_PIN_VALID(pinNum));
1187:Generated_Source\PSoC6\pdl\drivers/peripheral/gpio/cy_gpio.h **** 
1188:Generated_Source\PSoC6\pdl\drivers/peripheral/gpio/cy_gpio.h ****     return ((GPIO_PRT_CFG_OUT(base) >> ((uint32_t)(pinNum << 1u) + CY_GPIO_CFG_OUT_DRIVE_OFFSET)) 
1189:Generated_Source\PSoC6\pdl\drivers/peripheral/gpio/cy_gpio.h ****             & CY_GPIO_CFG_OUT_DRIVE_SEL_MASK);
1190:Generated_Source\PSoC6\pdl\drivers/peripheral/gpio/cy_gpio.h **** }
1191:Generated_Source\PSoC6\pdl\drivers/peripheral/gpio/cy_gpio.h **** 
1192:Generated_Source\PSoC6\pdl\drivers/peripheral/gpio/cy_gpio.h **** /** \} group_gpio_functions_gpio */
1193:Generated_Source\PSoC6\pdl\drivers/peripheral/gpio/cy_gpio.h **** 
1194:Generated_Source\PSoC6\pdl\drivers/peripheral/gpio/cy_gpio.h **** /**
1195:Generated_Source\PSoC6\pdl\drivers/peripheral/gpio/cy_gpio.h **** * \addtogroup group_gpio_functions_sio
1196:Generated_Source\PSoC6\pdl\drivers/peripheral/gpio/cy_gpio.h **** * \{
1197:Generated_Source\PSoC6\pdl\drivers/peripheral/gpio/cy_gpio.h **** */
1198:Generated_Source\PSoC6\pdl\drivers/peripheral/gpio/cy_gpio.h **** 
1199:Generated_Source\PSoC6\pdl\drivers/peripheral/gpio/cy_gpio.h **** /*******************************************************************************
ARM GAS  C:\Users\Finik\AppData\Local\Temp\ccnRnT2c.s 			page 23


1200:Generated_Source\PSoC6\pdl\drivers/peripheral/gpio/cy_gpio.h **** * Function Name: Cy_GPIO_SetVregEn
1201:Generated_Source\PSoC6\pdl\drivers/peripheral/gpio/cy_gpio.h **** ****************************************************************************//**
1202:Generated_Source\PSoC6\pdl\drivers/peripheral/gpio/cy_gpio.h **** *
1203:Generated_Source\PSoC6\pdl\drivers/peripheral/gpio/cy_gpio.h **** * Configures the SIO pin pair output buffer regulation mode.
1204:Generated_Source\PSoC6\pdl\drivers/peripheral/gpio/cy_gpio.h **** *
1205:Generated_Source\PSoC6\pdl\drivers/peripheral/gpio/cy_gpio.h **** * Note that this function has no effect on non-SIO pins.
1206:Generated_Source\PSoC6\pdl\drivers/peripheral/gpio/cy_gpio.h **** *
1207:Generated_Source\PSoC6\pdl\drivers/peripheral/gpio/cy_gpio.h **** * \param base
1208:Generated_Source\PSoC6\pdl\drivers/peripheral/gpio/cy_gpio.h **** * Pointer to the pin's port register base address
1209:Generated_Source\PSoC6\pdl\drivers/peripheral/gpio/cy_gpio.h **** *
1210:Generated_Source\PSoC6\pdl\drivers/peripheral/gpio/cy_gpio.h **** * \param pinNum
1211:Generated_Source\PSoC6\pdl\drivers/peripheral/gpio/cy_gpio.h **** * Position of the pin bit-field within the port register
1212:Generated_Source\PSoC6\pdl\drivers/peripheral/gpio/cy_gpio.h **** *
1213:Generated_Source\PSoC6\pdl\drivers/peripheral/gpio/cy_gpio.h **** * \param value
1214:Generated_Source\PSoC6\pdl\drivers/peripheral/gpio/cy_gpio.h **** * SIO pair output buffer regulator mode. Options are detailed in \ref group_gpio_sioVreg macros
1215:Generated_Source\PSoC6\pdl\drivers/peripheral/gpio/cy_gpio.h **** *
1216:Generated_Source\PSoC6\pdl\drivers/peripheral/gpio/cy_gpio.h **** * \note 
1217:Generated_Source\PSoC6\pdl\drivers/peripheral/gpio/cy_gpio.h **** * This function modifies a port register in a read-modify-write operation. It is
1218:Generated_Source\PSoC6\pdl\drivers/peripheral/gpio/cy_gpio.h **** * not thread safe as the resource is shared among multiple pins on a port.
1219:Generated_Source\PSoC6\pdl\drivers/peripheral/gpio/cy_gpio.h **** *
1220:Generated_Source\PSoC6\pdl\drivers/peripheral/gpio/cy_gpio.h **** * \funcusage
1221:Generated_Source\PSoC6\pdl\drivers/peripheral/gpio/cy_gpio.h **** * \snippet gpio/gpio_v1_10_sut_01.cydsn/main_cm4.c snippet_Cy_GPIO_SetVregEn
1222:Generated_Source\PSoC6\pdl\drivers/peripheral/gpio/cy_gpio.h **** *
1223:Generated_Source\PSoC6\pdl\drivers/peripheral/gpio/cy_gpio.h **** *******************************************************************************/
1224:Generated_Source\PSoC6\pdl\drivers/peripheral/gpio/cy_gpio.h **** __STATIC_INLINE void Cy_GPIO_SetVregEn(GPIO_PRT_Type* base, uint32_t pinNum, uint32_t value)
1225:Generated_Source\PSoC6\pdl\drivers/peripheral/gpio/cy_gpio.h **** {
1226:Generated_Source\PSoC6\pdl\drivers/peripheral/gpio/cy_gpio.h ****     uint32_t tempReg;
1227:Generated_Source\PSoC6\pdl\drivers/peripheral/gpio/cy_gpio.h ****     uint32_t pinLoc;
1228:Generated_Source\PSoC6\pdl\drivers/peripheral/gpio/cy_gpio.h **** 
1229:Generated_Source\PSoC6\pdl\drivers/peripheral/gpio/cy_gpio.h ****     CY_ASSERT_L2(CY_GPIO_IS_PIN_VALID(pinNum));
1230:Generated_Source\PSoC6\pdl\drivers/peripheral/gpio/cy_gpio.h ****     CY_ASSERT_L2(CY_GPIO_IS_VALUE_VALID(value));
1231:Generated_Source\PSoC6\pdl\drivers/peripheral/gpio/cy_gpio.h **** 
1232:Generated_Source\PSoC6\pdl\drivers/peripheral/gpio/cy_gpio.h ****     pinLoc = (pinNum & CY_GPIO_SIO_ODD_PIN_MASK) << CY_GPIO_CFG_SIO_OFFSET;
1233:Generated_Source\PSoC6\pdl\drivers/peripheral/gpio/cy_gpio.h ****     tempReg = GPIO_PRT_CFG_SIO(base) & ~(CY_GPIO_VREG_EN_MASK << pinLoc);
1234:Generated_Source\PSoC6\pdl\drivers/peripheral/gpio/cy_gpio.h ****     GPIO_PRT_CFG_SIO(base) = tempReg | ((value & CY_GPIO_VREG_EN_MASK) << pinLoc);
1235:Generated_Source\PSoC6\pdl\drivers/peripheral/gpio/cy_gpio.h **** }
1236:Generated_Source\PSoC6\pdl\drivers/peripheral/gpio/cy_gpio.h **** 
1237:Generated_Source\PSoC6\pdl\drivers/peripheral/gpio/cy_gpio.h **** 
1238:Generated_Source\PSoC6\pdl\drivers/peripheral/gpio/cy_gpio.h **** /*******************************************************************************
1239:Generated_Source\PSoC6\pdl\drivers/peripheral/gpio/cy_gpio.h **** * Function Name: Cy_GPIO_GetVregEn
1240:Generated_Source\PSoC6\pdl\drivers/peripheral/gpio/cy_gpio.h **** ****************************************************************************//**
1241:Generated_Source\PSoC6\pdl\drivers/peripheral/gpio/cy_gpio.h **** *
1242:Generated_Source\PSoC6\pdl\drivers/peripheral/gpio/cy_gpio.h **** * Returns the SIO pin pair output buffer regulation mode.
1243:Generated_Source\PSoC6\pdl\drivers/peripheral/gpio/cy_gpio.h **** *
1244:Generated_Source\PSoC6\pdl\drivers/peripheral/gpio/cy_gpio.h **** * Note that this function has no effect on non-SIO pins.
1245:Generated_Source\PSoC6\pdl\drivers/peripheral/gpio/cy_gpio.h **** *
1246:Generated_Source\PSoC6\pdl\drivers/peripheral/gpio/cy_gpio.h **** * \param base
1247:Generated_Source\PSoC6\pdl\drivers/peripheral/gpio/cy_gpio.h **** * Pointer to the pin's port register base address
1248:Generated_Source\PSoC6\pdl\drivers/peripheral/gpio/cy_gpio.h **** *
1249:Generated_Source\PSoC6\pdl\drivers/peripheral/gpio/cy_gpio.h **** * \param pinNum
1250:Generated_Source\PSoC6\pdl\drivers/peripheral/gpio/cy_gpio.h **** * Position of the pin bit-field within the port register
1251:Generated_Source\PSoC6\pdl\drivers/peripheral/gpio/cy_gpio.h **** *
1252:Generated_Source\PSoC6\pdl\drivers/peripheral/gpio/cy_gpio.h **** * \return
1253:Generated_Source\PSoC6\pdl\drivers/peripheral/gpio/cy_gpio.h **** * SIO pair output buffer regulator mode. Options are detailed in \ref group_gpio_sioVreg macros
1254:Generated_Source\PSoC6\pdl\drivers/peripheral/gpio/cy_gpio.h **** *
1255:Generated_Source\PSoC6\pdl\drivers/peripheral/gpio/cy_gpio.h **** * \funcusage
1256:Generated_Source\PSoC6\pdl\drivers/peripheral/gpio/cy_gpio.h **** * \snippet gpio/gpio_v1_10_sut_01.cydsn/main_cm4.c snippet_Cy_GPIO_SetVregEn
ARM GAS  C:\Users\Finik\AppData\Local\Temp\ccnRnT2c.s 			page 24


1257:Generated_Source\PSoC6\pdl\drivers/peripheral/gpio/cy_gpio.h **** *
1258:Generated_Source\PSoC6\pdl\drivers/peripheral/gpio/cy_gpio.h **** *******************************************************************************/
1259:Generated_Source\PSoC6\pdl\drivers/peripheral/gpio/cy_gpio.h **** __STATIC_INLINE uint32_t Cy_GPIO_GetVregEn(GPIO_PRT_Type* base, uint32_t pinNum)
1260:Generated_Source\PSoC6\pdl\drivers/peripheral/gpio/cy_gpio.h **** {
1261:Generated_Source\PSoC6\pdl\drivers/peripheral/gpio/cy_gpio.h ****     CY_ASSERT_L2(CY_GPIO_IS_PIN_VALID(pinNum));
1262:Generated_Source\PSoC6\pdl\drivers/peripheral/gpio/cy_gpio.h ****     
1263:Generated_Source\PSoC6\pdl\drivers/peripheral/gpio/cy_gpio.h ****     return (GPIO_PRT_CFG_SIO(base) >> ((pinNum & CY_GPIO_SIO_ODD_PIN_MASK) << CY_GPIO_CFG_SIO_OFFSE
1264:Generated_Source\PSoC6\pdl\drivers/peripheral/gpio/cy_gpio.h **** }
1265:Generated_Source\PSoC6\pdl\drivers/peripheral/gpio/cy_gpio.h **** 
1266:Generated_Source\PSoC6\pdl\drivers/peripheral/gpio/cy_gpio.h **** 
1267:Generated_Source\PSoC6\pdl\drivers/peripheral/gpio/cy_gpio.h **** /*******************************************************************************
1268:Generated_Source\PSoC6\pdl\drivers/peripheral/gpio/cy_gpio.h **** * Function Name: Cy_GPIO_SetIbufMode
1269:Generated_Source\PSoC6\pdl\drivers/peripheral/gpio/cy_gpio.h **** ****************************************************************************//**
1270:Generated_Source\PSoC6\pdl\drivers/peripheral/gpio/cy_gpio.h **** *
1271:Generated_Source\PSoC6\pdl\drivers/peripheral/gpio/cy_gpio.h **** * Configures the SIO pin pair input buffer mode.
1272:Generated_Source\PSoC6\pdl\drivers/peripheral/gpio/cy_gpio.h **** *
1273:Generated_Source\PSoC6\pdl\drivers/peripheral/gpio/cy_gpio.h **** * Note that this function has no effect on non-SIO pins.
1274:Generated_Source\PSoC6\pdl\drivers/peripheral/gpio/cy_gpio.h **** *
1275:Generated_Source\PSoC6\pdl\drivers/peripheral/gpio/cy_gpio.h **** * \param base
1276:Generated_Source\PSoC6\pdl\drivers/peripheral/gpio/cy_gpio.h **** * Pointer to the pin's port register base address
1277:Generated_Source\PSoC6\pdl\drivers/peripheral/gpio/cy_gpio.h **** *
1278:Generated_Source\PSoC6\pdl\drivers/peripheral/gpio/cy_gpio.h **** * \param pinNum
1279:Generated_Source\PSoC6\pdl\drivers/peripheral/gpio/cy_gpio.h **** * Position of the pin bit-field within the port register
1280:Generated_Source\PSoC6\pdl\drivers/peripheral/gpio/cy_gpio.h **** *
1281:Generated_Source\PSoC6\pdl\drivers/peripheral/gpio/cy_gpio.h **** * \param value
1282:Generated_Source\PSoC6\pdl\drivers/peripheral/gpio/cy_gpio.h **** * SIO pair input buffer mode. Options are detailed in \ref group_gpio_sioIbuf macros
1283:Generated_Source\PSoC6\pdl\drivers/peripheral/gpio/cy_gpio.h **** *
1284:Generated_Source\PSoC6\pdl\drivers/peripheral/gpio/cy_gpio.h **** * \note 
1285:Generated_Source\PSoC6\pdl\drivers/peripheral/gpio/cy_gpio.h **** * This function modifies a port register in a read-modify-write operation. It is
1286:Generated_Source\PSoC6\pdl\drivers/peripheral/gpio/cy_gpio.h **** * not thread safe as the resource is shared among multiple pins on a port.
1287:Generated_Source\PSoC6\pdl\drivers/peripheral/gpio/cy_gpio.h **** *
1288:Generated_Source\PSoC6\pdl\drivers/peripheral/gpio/cy_gpio.h **** * \funcusage
1289:Generated_Source\PSoC6\pdl\drivers/peripheral/gpio/cy_gpio.h **** * \snippet gpio/gpio_v1_10_sut_01.cydsn/main_cm4.c snippet_Cy_GPIO_SetIbufMode
1290:Generated_Source\PSoC6\pdl\drivers/peripheral/gpio/cy_gpio.h **** *
1291:Generated_Source\PSoC6\pdl\drivers/peripheral/gpio/cy_gpio.h **** *******************************************************************************/
1292:Generated_Source\PSoC6\pdl\drivers/peripheral/gpio/cy_gpio.h **** __STATIC_INLINE void Cy_GPIO_SetIbufMode(GPIO_PRT_Type* base, uint32_t pinNum, uint32_t value)
1293:Generated_Source\PSoC6\pdl\drivers/peripheral/gpio/cy_gpio.h **** {
1294:Generated_Source\PSoC6\pdl\drivers/peripheral/gpio/cy_gpio.h ****     uint32_t tempReg;
1295:Generated_Source\PSoC6\pdl\drivers/peripheral/gpio/cy_gpio.h ****     uint32_t pinLoc;
1296:Generated_Source\PSoC6\pdl\drivers/peripheral/gpio/cy_gpio.h **** 
1297:Generated_Source\PSoC6\pdl\drivers/peripheral/gpio/cy_gpio.h ****     CY_ASSERT_L2(CY_GPIO_IS_PIN_VALID(pinNum));
1298:Generated_Source\PSoC6\pdl\drivers/peripheral/gpio/cy_gpio.h ****     CY_ASSERT_L2(CY_GPIO_IS_VALUE_VALID(value));
1299:Generated_Source\PSoC6\pdl\drivers/peripheral/gpio/cy_gpio.h **** 
1300:Generated_Source\PSoC6\pdl\drivers/peripheral/gpio/cy_gpio.h ****     pinLoc = ((pinNum & CY_GPIO_SIO_ODD_PIN_MASK) << CY_GPIO_CFG_SIO_OFFSET) + CY_GPIO_IBUF_SHIFT;
1301:Generated_Source\PSoC6\pdl\drivers/peripheral/gpio/cy_gpio.h ****     tempReg = (GPIO_PRT_CFG_SIO(base) & ~(CY_GPIO_IBUF_MASK << pinLoc));
1302:Generated_Source\PSoC6\pdl\drivers/peripheral/gpio/cy_gpio.h ****     GPIO_PRT_CFG_SIO(base) = tempReg | ((value & CY_GPIO_IBUF_MASK) << pinLoc);
1303:Generated_Source\PSoC6\pdl\drivers/peripheral/gpio/cy_gpio.h **** }
1304:Generated_Source\PSoC6\pdl\drivers/peripheral/gpio/cy_gpio.h **** 
1305:Generated_Source\PSoC6\pdl\drivers/peripheral/gpio/cy_gpio.h **** 
1306:Generated_Source\PSoC6\pdl\drivers/peripheral/gpio/cy_gpio.h **** /*******************************************************************************
1307:Generated_Source\PSoC6\pdl\drivers/peripheral/gpio/cy_gpio.h **** * Function Name: Cy_GPIO_GetIbufMode
1308:Generated_Source\PSoC6\pdl\drivers/peripheral/gpio/cy_gpio.h **** ****************************************************************************//**
1309:Generated_Source\PSoC6\pdl\drivers/peripheral/gpio/cy_gpio.h **** *
1310:Generated_Source\PSoC6\pdl\drivers/peripheral/gpio/cy_gpio.h **** * Returns the SIO pin pair input buffer mode.
1311:Generated_Source\PSoC6\pdl\drivers/peripheral/gpio/cy_gpio.h **** *
1312:Generated_Source\PSoC6\pdl\drivers/peripheral/gpio/cy_gpio.h **** * Note that this function has no effect on non-SIO pins.
1313:Generated_Source\PSoC6\pdl\drivers/peripheral/gpio/cy_gpio.h **** *
ARM GAS  C:\Users\Finik\AppData\Local\Temp\ccnRnT2c.s 			page 25


1314:Generated_Source\PSoC6\pdl\drivers/peripheral/gpio/cy_gpio.h **** * \param base
1315:Generated_Source\PSoC6\pdl\drivers/peripheral/gpio/cy_gpio.h **** * Pointer to the pin's port register base address
1316:Generated_Source\PSoC6\pdl\drivers/peripheral/gpio/cy_gpio.h **** *
1317:Generated_Source\PSoC6\pdl\drivers/peripheral/gpio/cy_gpio.h **** * \param pinNum
1318:Generated_Source\PSoC6\pdl\drivers/peripheral/gpio/cy_gpio.h **** * Position of the pin bit-field within the port register
1319:Generated_Source\PSoC6\pdl\drivers/peripheral/gpio/cy_gpio.h **** *
1320:Generated_Source\PSoC6\pdl\drivers/peripheral/gpio/cy_gpio.h **** * \return
1321:Generated_Source\PSoC6\pdl\drivers/peripheral/gpio/cy_gpio.h **** * SIO pair input buffer mode. Options are detailed in \ref group_gpio_sioIbuf macros
1322:Generated_Source\PSoC6\pdl\drivers/peripheral/gpio/cy_gpio.h **** *
1323:Generated_Source\PSoC6\pdl\drivers/peripheral/gpio/cy_gpio.h **** * \funcusage
1324:Generated_Source\PSoC6\pdl\drivers/peripheral/gpio/cy_gpio.h **** * \snippet gpio/gpio_v1_10_sut_01.cydsn/main_cm4.c snippet_Cy_GPIO_SetIbufMode
1325:Generated_Source\PSoC6\pdl\drivers/peripheral/gpio/cy_gpio.h **** *
1326:Generated_Source\PSoC6\pdl\drivers/peripheral/gpio/cy_gpio.h **** *******************************************************************************/
1327:Generated_Source\PSoC6\pdl\drivers/peripheral/gpio/cy_gpio.h **** __STATIC_INLINE uint32_t Cy_GPIO_GetIbufMode(GPIO_PRT_Type* base, uint32_t pinNum)
1328:Generated_Source\PSoC6\pdl\drivers/peripheral/gpio/cy_gpio.h **** {
1329:Generated_Source\PSoC6\pdl\drivers/peripheral/gpio/cy_gpio.h ****     CY_ASSERT_L2(CY_GPIO_IS_PIN_VALID(pinNum));
1330:Generated_Source\PSoC6\pdl\drivers/peripheral/gpio/cy_gpio.h ****     
1331:Generated_Source\PSoC6\pdl\drivers/peripheral/gpio/cy_gpio.h ****     return (GPIO_PRT_CFG_SIO(base) >> (((pinNum & CY_GPIO_SIO_ODD_PIN_MASK) << CY_GPIO_CFG_SIO_OFFS
1332:Generated_Source\PSoC6\pdl\drivers/peripheral/gpio/cy_gpio.h **** }
1333:Generated_Source\PSoC6\pdl\drivers/peripheral/gpio/cy_gpio.h **** 
1334:Generated_Source\PSoC6\pdl\drivers/peripheral/gpio/cy_gpio.h **** 
1335:Generated_Source\PSoC6\pdl\drivers/peripheral/gpio/cy_gpio.h **** /*******************************************************************************
1336:Generated_Source\PSoC6\pdl\drivers/peripheral/gpio/cy_gpio.h **** * Function Name: Cy_GPIO_SetVtripSel
1337:Generated_Source\PSoC6\pdl\drivers/peripheral/gpio/cy_gpio.h **** ****************************************************************************//**
1338:Generated_Source\PSoC6\pdl\drivers/peripheral/gpio/cy_gpio.h **** *
1339:Generated_Source\PSoC6\pdl\drivers/peripheral/gpio/cy_gpio.h **** * Configures the SIO pin pair input buffer trip point.
1340:Generated_Source\PSoC6\pdl\drivers/peripheral/gpio/cy_gpio.h **** *
1341:Generated_Source\PSoC6\pdl\drivers/peripheral/gpio/cy_gpio.h **** * Note that this function has no effect on non-SIO pins.
1342:Generated_Source\PSoC6\pdl\drivers/peripheral/gpio/cy_gpio.h **** *
1343:Generated_Source\PSoC6\pdl\drivers/peripheral/gpio/cy_gpio.h **** * \param base
1344:Generated_Source\PSoC6\pdl\drivers/peripheral/gpio/cy_gpio.h **** * Pointer to the pin's port register base address
1345:Generated_Source\PSoC6\pdl\drivers/peripheral/gpio/cy_gpio.h **** *
1346:Generated_Source\PSoC6\pdl\drivers/peripheral/gpio/cy_gpio.h **** * \param pinNum
1347:Generated_Source\PSoC6\pdl\drivers/peripheral/gpio/cy_gpio.h **** * Position of the pin bit-field within the port register
1348:Generated_Source\PSoC6\pdl\drivers/peripheral/gpio/cy_gpio.h **** *
1349:Generated_Source\PSoC6\pdl\drivers/peripheral/gpio/cy_gpio.h **** * \param value
1350:Generated_Source\PSoC6\pdl\drivers/peripheral/gpio/cy_gpio.h **** * SIO pair input buffer trip point. Options are detailed in \ref group_gpio_sioVtrip macros
1351:Generated_Source\PSoC6\pdl\drivers/peripheral/gpio/cy_gpio.h **** *
1352:Generated_Source\PSoC6\pdl\drivers/peripheral/gpio/cy_gpio.h **** * \note 
1353:Generated_Source\PSoC6\pdl\drivers/peripheral/gpio/cy_gpio.h **** * This function modifies a port register in a read-modify-write operation. It is
1354:Generated_Source\PSoC6\pdl\drivers/peripheral/gpio/cy_gpio.h **** * not thread safe as the resource is shared among multiple pins on a port.
1355:Generated_Source\PSoC6\pdl\drivers/peripheral/gpio/cy_gpio.h **** *
1356:Generated_Source\PSoC6\pdl\drivers/peripheral/gpio/cy_gpio.h **** * \funcusage
1357:Generated_Source\PSoC6\pdl\drivers/peripheral/gpio/cy_gpio.h **** * \snippet gpio/gpio_v1_10_sut_01.cydsn/main_cm4.c snippet_Cy_GPIO_SetVtripSel
1358:Generated_Source\PSoC6\pdl\drivers/peripheral/gpio/cy_gpio.h **** *
1359:Generated_Source\PSoC6\pdl\drivers/peripheral/gpio/cy_gpio.h **** *******************************************************************************/
1360:Generated_Source\PSoC6\pdl\drivers/peripheral/gpio/cy_gpio.h **** __STATIC_INLINE void Cy_GPIO_SetVtripSel(GPIO_PRT_Type* base, uint32_t pinNum, uint32_t value)
1361:Generated_Source\PSoC6\pdl\drivers/peripheral/gpio/cy_gpio.h **** {
1362:Generated_Source\PSoC6\pdl\drivers/peripheral/gpio/cy_gpio.h ****     uint32_t tempReg;
1363:Generated_Source\PSoC6\pdl\drivers/peripheral/gpio/cy_gpio.h ****     uint32_t pinLoc;
1364:Generated_Source\PSoC6\pdl\drivers/peripheral/gpio/cy_gpio.h **** 
1365:Generated_Source\PSoC6\pdl\drivers/peripheral/gpio/cy_gpio.h ****     CY_ASSERT_L2(CY_GPIO_IS_PIN_VALID(pinNum));
1366:Generated_Source\PSoC6\pdl\drivers/peripheral/gpio/cy_gpio.h ****     CY_ASSERT_L2(CY_GPIO_IS_VALUE_VALID(value));
1367:Generated_Source\PSoC6\pdl\drivers/peripheral/gpio/cy_gpio.h **** 
1368:Generated_Source\PSoC6\pdl\drivers/peripheral/gpio/cy_gpio.h ****     pinLoc = ((pinNum & CY_GPIO_SIO_ODD_PIN_MASK) << CY_GPIO_CFG_SIO_OFFSET) + CY_GPIO_VTRIP_SEL_SH
1369:Generated_Source\PSoC6\pdl\drivers/peripheral/gpio/cy_gpio.h ****     tempReg = (GPIO_PRT_CFG_SIO(base) & ~(CY_GPIO_VTRIP_SEL_MASK << pinLoc));
1370:Generated_Source\PSoC6\pdl\drivers/peripheral/gpio/cy_gpio.h ****     GPIO_PRT_CFG_SIO(base) = tempReg | ((value & CY_GPIO_VTRIP_SEL_MASK) << pinLoc);
ARM GAS  C:\Users\Finik\AppData\Local\Temp\ccnRnT2c.s 			page 26


1371:Generated_Source\PSoC6\pdl\drivers/peripheral/gpio/cy_gpio.h **** }
1372:Generated_Source\PSoC6\pdl\drivers/peripheral/gpio/cy_gpio.h **** 
1373:Generated_Source\PSoC6\pdl\drivers/peripheral/gpio/cy_gpio.h **** 
1374:Generated_Source\PSoC6\pdl\drivers/peripheral/gpio/cy_gpio.h **** /*******************************************************************************
1375:Generated_Source\PSoC6\pdl\drivers/peripheral/gpio/cy_gpio.h **** * Function Name: Cy_GPIO_GetVtripSel
1376:Generated_Source\PSoC6\pdl\drivers/peripheral/gpio/cy_gpio.h **** ****************************************************************************//**
1377:Generated_Source\PSoC6\pdl\drivers/peripheral/gpio/cy_gpio.h **** *
1378:Generated_Source\PSoC6\pdl\drivers/peripheral/gpio/cy_gpio.h **** * Returns the SIO pin pair input buffer trip point.
1379:Generated_Source\PSoC6\pdl\drivers/peripheral/gpio/cy_gpio.h **** *
1380:Generated_Source\PSoC6\pdl\drivers/peripheral/gpio/cy_gpio.h **** * Note that this function has no effect on non-SIO pins.
1381:Generated_Source\PSoC6\pdl\drivers/peripheral/gpio/cy_gpio.h **** *
1382:Generated_Source\PSoC6\pdl\drivers/peripheral/gpio/cy_gpio.h **** * \param base
1383:Generated_Source\PSoC6\pdl\drivers/peripheral/gpio/cy_gpio.h **** * Pointer to the pin's port register base address
1384:Generated_Source\PSoC6\pdl\drivers/peripheral/gpio/cy_gpio.h **** *
1385:Generated_Source\PSoC6\pdl\drivers/peripheral/gpio/cy_gpio.h **** * \param pinNum
1386:Generated_Source\PSoC6\pdl\drivers/peripheral/gpio/cy_gpio.h **** * Position of the pin bit-field within the port register
1387:Generated_Source\PSoC6\pdl\drivers/peripheral/gpio/cy_gpio.h **** *
1388:Generated_Source\PSoC6\pdl\drivers/peripheral/gpio/cy_gpio.h **** * \return
1389:Generated_Source\PSoC6\pdl\drivers/peripheral/gpio/cy_gpio.h **** * SIO pair input buffer trip point. Options are detailed in \ref group_gpio_sioVtrip macros
1390:Generated_Source\PSoC6\pdl\drivers/peripheral/gpio/cy_gpio.h **** *
1391:Generated_Source\PSoC6\pdl\drivers/peripheral/gpio/cy_gpio.h **** * \funcusage
1392:Generated_Source\PSoC6\pdl\drivers/peripheral/gpio/cy_gpio.h **** * \snippet gpio/gpio_v1_10_sut_01.cydsn/main_cm4.c snippet_Cy_GPIO_SetVtripSel
1393:Generated_Source\PSoC6\pdl\drivers/peripheral/gpio/cy_gpio.h **** *
1394:Generated_Source\PSoC6\pdl\drivers/peripheral/gpio/cy_gpio.h **** *******************************************************************************/
1395:Generated_Source\PSoC6\pdl\drivers/peripheral/gpio/cy_gpio.h **** __STATIC_INLINE uint32_t Cy_GPIO_GetVtripSel(GPIO_PRT_Type* base, uint32_t pinNum)
1396:Generated_Source\PSoC6\pdl\drivers/peripheral/gpio/cy_gpio.h **** {
1397:Generated_Source\PSoC6\pdl\drivers/peripheral/gpio/cy_gpio.h ****     CY_ASSERT_L2(CY_GPIO_IS_PIN_VALID(pinNum));
1398:Generated_Source\PSoC6\pdl\drivers/peripheral/gpio/cy_gpio.h **** 
1399:Generated_Source\PSoC6\pdl\drivers/peripheral/gpio/cy_gpio.h ****     return (GPIO_PRT_CFG_SIO(base) >> (((pinNum & CY_GPIO_SIO_ODD_PIN_MASK) << CY_GPIO_CFG_SIO_OFFS
1400:Generated_Source\PSoC6\pdl\drivers/peripheral/gpio/cy_gpio.h **** }
1401:Generated_Source\PSoC6\pdl\drivers/peripheral/gpio/cy_gpio.h **** 
1402:Generated_Source\PSoC6\pdl\drivers/peripheral/gpio/cy_gpio.h **** 
1403:Generated_Source\PSoC6\pdl\drivers/peripheral/gpio/cy_gpio.h **** /*******************************************************************************
1404:Generated_Source\PSoC6\pdl\drivers/peripheral/gpio/cy_gpio.h **** * Function Name: Cy_GPIO_SetVrefSel
1405:Generated_Source\PSoC6\pdl\drivers/peripheral/gpio/cy_gpio.h **** ****************************************************************************//**
1406:Generated_Source\PSoC6\pdl\drivers/peripheral/gpio/cy_gpio.h **** *
1407:Generated_Source\PSoC6\pdl\drivers/peripheral/gpio/cy_gpio.h **** * Configures the SIO reference voltage for the input buffer trip point.
1408:Generated_Source\PSoC6\pdl\drivers/peripheral/gpio/cy_gpio.h **** *
1409:Generated_Source\PSoC6\pdl\drivers/peripheral/gpio/cy_gpio.h **** * Note that this function has no effect on non-SIO pins.
1410:Generated_Source\PSoC6\pdl\drivers/peripheral/gpio/cy_gpio.h **** *
1411:Generated_Source\PSoC6\pdl\drivers/peripheral/gpio/cy_gpio.h **** * \param base
1412:Generated_Source\PSoC6\pdl\drivers/peripheral/gpio/cy_gpio.h **** * Pointer to the pin's port register base address
1413:Generated_Source\PSoC6\pdl\drivers/peripheral/gpio/cy_gpio.h **** *
1414:Generated_Source\PSoC6\pdl\drivers/peripheral/gpio/cy_gpio.h **** * \param pinNum
1415:Generated_Source\PSoC6\pdl\drivers/peripheral/gpio/cy_gpio.h **** * Position of the pin bit-field within the port register
1416:Generated_Source\PSoC6\pdl\drivers/peripheral/gpio/cy_gpio.h **** *
1417:Generated_Source\PSoC6\pdl\drivers/peripheral/gpio/cy_gpio.h **** * \param value
1418:Generated_Source\PSoC6\pdl\drivers/peripheral/gpio/cy_gpio.h **** * SIO pair reference voltage. Options are detailed in \ref group_gpio_sioVref macros
1419:Generated_Source\PSoC6\pdl\drivers/peripheral/gpio/cy_gpio.h **** *
1420:Generated_Source\PSoC6\pdl\drivers/peripheral/gpio/cy_gpio.h **** * \note 
1421:Generated_Source\PSoC6\pdl\drivers/peripheral/gpio/cy_gpio.h **** * This function modifies a port register in a read-modify-write operation. It is
1422:Generated_Source\PSoC6\pdl\drivers/peripheral/gpio/cy_gpio.h **** * not thread safe as the resource is shared among multiple pins on a port.
1423:Generated_Source\PSoC6\pdl\drivers/peripheral/gpio/cy_gpio.h **** *
1424:Generated_Source\PSoC6\pdl\drivers/peripheral/gpio/cy_gpio.h **** * \funcusage
1425:Generated_Source\PSoC6\pdl\drivers/peripheral/gpio/cy_gpio.h **** * \snippet gpio/gpio_v1_10_sut_01.cydsn/main_cm4.c snippet_Cy_GPIO_SetVrefSel
1426:Generated_Source\PSoC6\pdl\drivers/peripheral/gpio/cy_gpio.h **** *
1427:Generated_Source\PSoC6\pdl\drivers/peripheral/gpio/cy_gpio.h **** *******************************************************************************/
ARM GAS  C:\Users\Finik\AppData\Local\Temp\ccnRnT2c.s 			page 27


1428:Generated_Source\PSoC6\pdl\drivers/peripheral/gpio/cy_gpio.h **** __STATIC_INLINE void Cy_GPIO_SetVrefSel(GPIO_PRT_Type* base, uint32_t pinNum, uint32_t value)
1429:Generated_Source\PSoC6\pdl\drivers/peripheral/gpio/cy_gpio.h **** {
1430:Generated_Source\PSoC6\pdl\drivers/peripheral/gpio/cy_gpio.h ****     uint32_t tempReg;
1431:Generated_Source\PSoC6\pdl\drivers/peripheral/gpio/cy_gpio.h ****     uint32_t pinLoc;
1432:Generated_Source\PSoC6\pdl\drivers/peripheral/gpio/cy_gpio.h **** 
1433:Generated_Source\PSoC6\pdl\drivers/peripheral/gpio/cy_gpio.h ****     CY_ASSERT_L2(CY_GPIO_IS_PIN_VALID(pinNum));
1434:Generated_Source\PSoC6\pdl\drivers/peripheral/gpio/cy_gpio.h ****     CY_ASSERT_L2(CY_GPIO_IS_VREF_SEL_VALID(value));
1435:Generated_Source\PSoC6\pdl\drivers/peripheral/gpio/cy_gpio.h ****     
1436:Generated_Source\PSoC6\pdl\drivers/peripheral/gpio/cy_gpio.h ****     pinLoc = ((pinNum & CY_GPIO_SIO_ODD_PIN_MASK) << CY_GPIO_CFG_SIO_OFFSET) + CY_GPIO_VREF_SEL_SHI
1437:Generated_Source\PSoC6\pdl\drivers/peripheral/gpio/cy_gpio.h ****     tempReg = (GPIO_PRT_CFG_SIO(base) & ~(CY_GPIO_VREF_SEL_MASK << pinLoc));
1438:Generated_Source\PSoC6\pdl\drivers/peripheral/gpio/cy_gpio.h ****     GPIO_PRT_CFG_SIO(base) = tempReg | ((value & CY_GPIO_VREF_SEL_MASK) << pinLoc);
1439:Generated_Source\PSoC6\pdl\drivers/peripheral/gpio/cy_gpio.h **** }
1440:Generated_Source\PSoC6\pdl\drivers/peripheral/gpio/cy_gpio.h **** 
1441:Generated_Source\PSoC6\pdl\drivers/peripheral/gpio/cy_gpio.h **** 
1442:Generated_Source\PSoC6\pdl\drivers/peripheral/gpio/cy_gpio.h **** /*******************************************************************************
1443:Generated_Source\PSoC6\pdl\drivers/peripheral/gpio/cy_gpio.h **** * Function Name: Cy_GPIO_GetVrefSel
1444:Generated_Source\PSoC6\pdl\drivers/peripheral/gpio/cy_gpio.h **** ****************************************************************************//**
1445:Generated_Source\PSoC6\pdl\drivers/peripheral/gpio/cy_gpio.h **** *
1446:Generated_Source\PSoC6\pdl\drivers/peripheral/gpio/cy_gpio.h **** * Returns the SIO reference voltage for the input buffer trip point.
1447:Generated_Source\PSoC6\pdl\drivers/peripheral/gpio/cy_gpio.h **** *
1448:Generated_Source\PSoC6\pdl\drivers/peripheral/gpio/cy_gpio.h **** * Note that this function has no effect on non-SIO pins.
1449:Generated_Source\PSoC6\pdl\drivers/peripheral/gpio/cy_gpio.h **** *
1450:Generated_Source\PSoC6\pdl\drivers/peripheral/gpio/cy_gpio.h **** * \param base
1451:Generated_Source\PSoC6\pdl\drivers/peripheral/gpio/cy_gpio.h **** * Pointer to the pin's port register base address
1452:Generated_Source\PSoC6\pdl\drivers/peripheral/gpio/cy_gpio.h **** *
1453:Generated_Source\PSoC6\pdl\drivers/peripheral/gpio/cy_gpio.h **** * \param pinNum
1454:Generated_Source\PSoC6\pdl\drivers/peripheral/gpio/cy_gpio.h **** * Position of the pin bit-field within the port register
1455:Generated_Source\PSoC6\pdl\drivers/peripheral/gpio/cy_gpio.h **** *
1456:Generated_Source\PSoC6\pdl\drivers/peripheral/gpio/cy_gpio.h **** * \return
1457:Generated_Source\PSoC6\pdl\drivers/peripheral/gpio/cy_gpio.h **** * SIO pair reference voltage. Options are detailed in \ref group_gpio_sioVref macros
1458:Generated_Source\PSoC6\pdl\drivers/peripheral/gpio/cy_gpio.h **** *
1459:Generated_Source\PSoC6\pdl\drivers/peripheral/gpio/cy_gpio.h **** * \funcusage
1460:Generated_Source\PSoC6\pdl\drivers/peripheral/gpio/cy_gpio.h **** * \snippet gpio/gpio_v1_10_sut_01.cydsn/main_cm4.c snippet_Cy_GPIO_SetVrefSel
1461:Generated_Source\PSoC6\pdl\drivers/peripheral/gpio/cy_gpio.h **** *
1462:Generated_Source\PSoC6\pdl\drivers/peripheral/gpio/cy_gpio.h **** *******************************************************************************/
1463:Generated_Source\PSoC6\pdl\drivers/peripheral/gpio/cy_gpio.h **** __STATIC_INLINE uint32_t Cy_GPIO_GetVrefSel(GPIO_PRT_Type* base, uint32_t pinNum)
1464:Generated_Source\PSoC6\pdl\drivers/peripheral/gpio/cy_gpio.h **** {
1465:Generated_Source\PSoC6\pdl\drivers/peripheral/gpio/cy_gpio.h ****     CY_ASSERT_L2(CY_GPIO_IS_PIN_VALID(pinNum));
1466:Generated_Source\PSoC6\pdl\drivers/peripheral/gpio/cy_gpio.h ****     
1467:Generated_Source\PSoC6\pdl\drivers/peripheral/gpio/cy_gpio.h ****     return (GPIO_PRT_CFG_SIO(base) >> (((pinNum & CY_GPIO_SIO_ODD_PIN_MASK) << CY_GPIO_CFG_SIO_OFFS
1468:Generated_Source\PSoC6\pdl\drivers/peripheral/gpio/cy_gpio.h **** }
1469:Generated_Source\PSoC6\pdl\drivers/peripheral/gpio/cy_gpio.h **** 
1470:Generated_Source\PSoC6\pdl\drivers/peripheral/gpio/cy_gpio.h **** 
1471:Generated_Source\PSoC6\pdl\drivers/peripheral/gpio/cy_gpio.h **** /*******************************************************************************
1472:Generated_Source\PSoC6\pdl\drivers/peripheral/gpio/cy_gpio.h **** * Function Name: Cy_GPIO_SetVohSel
1473:Generated_Source\PSoC6\pdl\drivers/peripheral/gpio/cy_gpio.h **** ****************************************************************************//**
1474:Generated_Source\PSoC6\pdl\drivers/peripheral/gpio/cy_gpio.h **** *
1475:Generated_Source\PSoC6\pdl\drivers/peripheral/gpio/cy_gpio.h **** * Configures the regulated output reference multiplier for the SIO pin pair.
1476:Generated_Source\PSoC6\pdl\drivers/peripheral/gpio/cy_gpio.h **** *
1477:Generated_Source\PSoC6\pdl\drivers/peripheral/gpio/cy_gpio.h **** * The regulated output reference controls both the output level of digital output
1478:Generated_Source\PSoC6\pdl\drivers/peripheral/gpio/cy_gpio.h **** * pin and the input trip point of digital input pin in the SIO pair.
1479:Generated_Source\PSoC6\pdl\drivers/peripheral/gpio/cy_gpio.h **** *
1480:Generated_Source\PSoC6\pdl\drivers/peripheral/gpio/cy_gpio.h **** * Note that this function has no effect on non-SIO pins.
1481:Generated_Source\PSoC6\pdl\drivers/peripheral/gpio/cy_gpio.h **** *
1482:Generated_Source\PSoC6\pdl\drivers/peripheral/gpio/cy_gpio.h **** * \param base
1483:Generated_Source\PSoC6\pdl\drivers/peripheral/gpio/cy_gpio.h **** * Pointer to the pin's port register base address
1484:Generated_Source\PSoC6\pdl\drivers/peripheral/gpio/cy_gpio.h **** *
ARM GAS  C:\Users\Finik\AppData\Local\Temp\ccnRnT2c.s 			page 28


1485:Generated_Source\PSoC6\pdl\drivers/peripheral/gpio/cy_gpio.h **** * \param pinNum
1486:Generated_Source\PSoC6\pdl\drivers/peripheral/gpio/cy_gpio.h **** * Position of the pin bit-field within the port register
1487:Generated_Source\PSoC6\pdl\drivers/peripheral/gpio/cy_gpio.h **** *
1488:Generated_Source\PSoC6\pdl\drivers/peripheral/gpio/cy_gpio.h **** * \param value
1489:Generated_Source\PSoC6\pdl\drivers/peripheral/gpio/cy_gpio.h **** * SIO pair reference voltage. Options are detailed in \ref group_gpio_sioVoh macros
1490:Generated_Source\PSoC6\pdl\drivers/peripheral/gpio/cy_gpio.h **** *
1491:Generated_Source\PSoC6\pdl\drivers/peripheral/gpio/cy_gpio.h **** * \note 
1492:Generated_Source\PSoC6\pdl\drivers/peripheral/gpio/cy_gpio.h **** * This function modifies a port register in a read-modify-write operation. It is
1493:Generated_Source\PSoC6\pdl\drivers/peripheral/gpio/cy_gpio.h **** * not thread safe as the resource is shared among multiple pins on a port.
1494:Generated_Source\PSoC6\pdl\drivers/peripheral/gpio/cy_gpio.h **** *
1495:Generated_Source\PSoC6\pdl\drivers/peripheral/gpio/cy_gpio.h **** * \funcusage
1496:Generated_Source\PSoC6\pdl\drivers/peripheral/gpio/cy_gpio.h **** * \snippet gpio/gpio_v1_10_sut_01.cydsn/main_cm4.c snippet_Cy_GPIO_SetVohSel
1497:Generated_Source\PSoC6\pdl\drivers/peripheral/gpio/cy_gpio.h **** *
1498:Generated_Source\PSoC6\pdl\drivers/peripheral/gpio/cy_gpio.h **** *******************************************************************************/
1499:Generated_Source\PSoC6\pdl\drivers/peripheral/gpio/cy_gpio.h **** __STATIC_INLINE void Cy_GPIO_SetVohSel(GPIO_PRT_Type* base, uint32_t pinNum, uint32_t value)
1500:Generated_Source\PSoC6\pdl\drivers/peripheral/gpio/cy_gpio.h **** {
1501:Generated_Source\PSoC6\pdl\drivers/peripheral/gpio/cy_gpio.h ****     uint32_t tempReg;
1502:Generated_Source\PSoC6\pdl\drivers/peripheral/gpio/cy_gpio.h ****     uint32_t pinLoc;
1503:Generated_Source\PSoC6\pdl\drivers/peripheral/gpio/cy_gpio.h **** 
1504:Generated_Source\PSoC6\pdl\drivers/peripheral/gpio/cy_gpio.h ****     CY_ASSERT_L2(CY_GPIO_IS_PIN_VALID(pinNum));
1505:Generated_Source\PSoC6\pdl\drivers/peripheral/gpio/cy_gpio.h ****     CY_ASSERT_L2(CY_GPIO_IS_VOH_SEL_VALID(value));
1506:Generated_Source\PSoC6\pdl\drivers/peripheral/gpio/cy_gpio.h **** 
1507:Generated_Source\PSoC6\pdl\drivers/peripheral/gpio/cy_gpio.h ****     pinLoc = ((pinNum & CY_GPIO_SIO_ODD_PIN_MASK) << CY_GPIO_CFG_SIO_OFFSET) + CY_GPIO_VOH_SEL_SHIF
1508:Generated_Source\PSoC6\pdl\drivers/peripheral/gpio/cy_gpio.h ****     tempReg = (GPIO_PRT_CFG_SIO(base) & ~(CY_GPIO_VOH_SEL_MASK << pinLoc));
1509:Generated_Source\PSoC6\pdl\drivers/peripheral/gpio/cy_gpio.h ****     GPIO_PRT_CFG_SIO(base) = tempReg | ((value & CY_GPIO_VOH_SEL_MASK) << pinLoc);
1510:Generated_Source\PSoC6\pdl\drivers/peripheral/gpio/cy_gpio.h **** }
1511:Generated_Source\PSoC6\pdl\drivers/peripheral/gpio/cy_gpio.h **** 
1512:Generated_Source\PSoC6\pdl\drivers/peripheral/gpio/cy_gpio.h **** 
1513:Generated_Source\PSoC6\pdl\drivers/peripheral/gpio/cy_gpio.h **** /*******************************************************************************
1514:Generated_Source\PSoC6\pdl\drivers/peripheral/gpio/cy_gpio.h **** * Function Name: Cy_GPIO_GetVohSel
1515:Generated_Source\PSoC6\pdl\drivers/peripheral/gpio/cy_gpio.h **** ****************************************************************************//**
1516:Generated_Source\PSoC6\pdl\drivers/peripheral/gpio/cy_gpio.h **** *
1517:Generated_Source\PSoC6\pdl\drivers/peripheral/gpio/cy_gpio.h **** * Returns the regulated output reference multiplier for the SIO pin pair.
1518:Generated_Source\PSoC6\pdl\drivers/peripheral/gpio/cy_gpio.h **** *
1519:Generated_Source\PSoC6\pdl\drivers/peripheral/gpio/cy_gpio.h **** * Note that this function has no effect on non-SIO pins.
1520:Generated_Source\PSoC6\pdl\drivers/peripheral/gpio/cy_gpio.h **** *
1521:Generated_Source\PSoC6\pdl\drivers/peripheral/gpio/cy_gpio.h **** * \param base
1522:Generated_Source\PSoC6\pdl\drivers/peripheral/gpio/cy_gpio.h **** * Pointer to the pin's port register base address
1523:Generated_Source\PSoC6\pdl\drivers/peripheral/gpio/cy_gpio.h **** *
1524:Generated_Source\PSoC6\pdl\drivers/peripheral/gpio/cy_gpio.h **** * \param pinNum
1525:Generated_Source\PSoC6\pdl\drivers/peripheral/gpio/cy_gpio.h **** * Position of the pin bit-field within the port register
1526:Generated_Source\PSoC6\pdl\drivers/peripheral/gpio/cy_gpio.h **** *
1527:Generated_Source\PSoC6\pdl\drivers/peripheral/gpio/cy_gpio.h **** * \return
1528:Generated_Source\PSoC6\pdl\drivers/peripheral/gpio/cy_gpio.h **** * SIO pair reference voltage. Options are detailed in \ref group_gpio_sioVoh macros
1529:Generated_Source\PSoC6\pdl\drivers/peripheral/gpio/cy_gpio.h **** *
1530:Generated_Source\PSoC6\pdl\drivers/peripheral/gpio/cy_gpio.h **** * \funcusage
1531:Generated_Source\PSoC6\pdl\drivers/peripheral/gpio/cy_gpio.h **** * \snippet gpio/gpio_v1_10_sut_01.cydsn/main_cm4.c snippet_Cy_GPIO_SetVohSel
1532:Generated_Source\PSoC6\pdl\drivers/peripheral/gpio/cy_gpio.h **** *
1533:Generated_Source\PSoC6\pdl\drivers/peripheral/gpio/cy_gpio.h **** *******************************************************************************/
1534:Generated_Source\PSoC6\pdl\drivers/peripheral/gpio/cy_gpio.h **** __STATIC_INLINE uint32_t Cy_GPIO_GetVohSel(GPIO_PRT_Type* base, uint32_t pinNum)
1535:Generated_Source\PSoC6\pdl\drivers/peripheral/gpio/cy_gpio.h **** {
1536:Generated_Source\PSoC6\pdl\drivers/peripheral/gpio/cy_gpio.h ****     CY_ASSERT_L2(CY_GPIO_IS_PIN_VALID(pinNum));
1537:Generated_Source\PSoC6\pdl\drivers/peripheral/gpio/cy_gpio.h ****     
1538:Generated_Source\PSoC6\pdl\drivers/peripheral/gpio/cy_gpio.h ****     return (GPIO_PRT_CFG_SIO(base) >> (((pinNum & CY_GPIO_SIO_ODD_PIN_MASK) << CY_GPIO_CFG_SIO_OFFS
1539:Generated_Source\PSoC6\pdl\drivers/peripheral/gpio/cy_gpio.h **** }
1540:Generated_Source\PSoC6\pdl\drivers/peripheral/gpio/cy_gpio.h **** 
1541:Generated_Source\PSoC6\pdl\drivers/peripheral/gpio/cy_gpio.h **** /** \} group_gpio_functions_sio */
ARM GAS  C:\Users\Finik\AppData\Local\Temp\ccnRnT2c.s 			page 29


1542:Generated_Source\PSoC6\pdl\drivers/peripheral/gpio/cy_gpio.h **** 
1543:Generated_Source\PSoC6\pdl\drivers/peripheral/gpio/cy_gpio.h **** /**
1544:Generated_Source\PSoC6\pdl\drivers/peripheral/gpio/cy_gpio.h **** * \addtogroup group_gpio_functions_interrupt
1545:Generated_Source\PSoC6\pdl\drivers/peripheral/gpio/cy_gpio.h **** * \{
1546:Generated_Source\PSoC6\pdl\drivers/peripheral/gpio/cy_gpio.h **** */
1547:Generated_Source\PSoC6\pdl\drivers/peripheral/gpio/cy_gpio.h **** 
1548:Generated_Source\PSoC6\pdl\drivers/peripheral/gpio/cy_gpio.h **** /*******************************************************************************
1549:Generated_Source\PSoC6\pdl\drivers/peripheral/gpio/cy_gpio.h **** * Function Name: Cy_GPIO_GetInterruptStatus
1550:Generated_Source\PSoC6\pdl\drivers/peripheral/gpio/cy_gpio.h **** ****************************************************************************//**
1551:Generated_Source\PSoC6\pdl\drivers/peripheral/gpio/cy_gpio.h **** *
1552:Generated_Source\PSoC6\pdl\drivers/peripheral/gpio/cy_gpio.h **** * Returns the current unmasked interrupt state of the pin.
1553:Generated_Source\PSoC6\pdl\drivers/peripheral/gpio/cy_gpio.h **** *
1554:Generated_Source\PSoC6\pdl\drivers/peripheral/gpio/cy_gpio.h **** * The core processor's NVIC is triggered by the masked interrupt bits. This 
1555:Generated_Source\PSoC6\pdl\drivers/peripheral/gpio/cy_gpio.h **** * function allows reading the unmasked interrupt state. Whether the bit
1556:Generated_Source\PSoC6\pdl\drivers/peripheral/gpio/cy_gpio.h **** * positions actually trigger the interrupt are defined by the interrupt mask bits.
1557:Generated_Source\PSoC6\pdl\drivers/peripheral/gpio/cy_gpio.h **** *
1558:Generated_Source\PSoC6\pdl\drivers/peripheral/gpio/cy_gpio.h **** * \param base
1559:Generated_Source\PSoC6\pdl\drivers/peripheral/gpio/cy_gpio.h **** * Pointer to the pin's port register base address
1560:Generated_Source\PSoC6\pdl\drivers/peripheral/gpio/cy_gpio.h **** *
1561:Generated_Source\PSoC6\pdl\drivers/peripheral/gpio/cy_gpio.h **** * \param pinNum
1562:Generated_Source\PSoC6\pdl\drivers/peripheral/gpio/cy_gpio.h **** * Position of the pin bit-field within the port register
1563:Generated_Source\PSoC6\pdl\drivers/peripheral/gpio/cy_gpio.h **** * Bit position 8 is the routed pin through the port glitch filter.
1564:Generated_Source\PSoC6\pdl\drivers/peripheral/gpio/cy_gpio.h **** *
1565:Generated_Source\PSoC6\pdl\drivers/peripheral/gpio/cy_gpio.h **** * \return
1566:Generated_Source\PSoC6\pdl\drivers/peripheral/gpio/cy_gpio.h **** * 0 = Pin interrupt condition not detected
1567:Generated_Source\PSoC6\pdl\drivers/peripheral/gpio/cy_gpio.h **** * 1 = Pin interrupt condition detected
1568:Generated_Source\PSoC6\pdl\drivers/peripheral/gpio/cy_gpio.h **** *
1569:Generated_Source\PSoC6\pdl\drivers/peripheral/gpio/cy_gpio.h **** * \funcusage
1570:Generated_Source\PSoC6\pdl\drivers/peripheral/gpio/cy_gpio.h **** * \snippet gpio/gpio_v1_10_sut_01.cydsn/main_cm4.c snippet_Cy_GPIO_GetInterruptStatus
1571:Generated_Source\PSoC6\pdl\drivers/peripheral/gpio/cy_gpio.h **** *
1572:Generated_Source\PSoC6\pdl\drivers/peripheral/gpio/cy_gpio.h **** *******************************************************************************/
1573:Generated_Source\PSoC6\pdl\drivers/peripheral/gpio/cy_gpio.h **** __STATIC_INLINE uint32_t Cy_GPIO_GetInterruptStatus(GPIO_PRT_Type* base, uint32_t pinNum)
1574:Generated_Source\PSoC6\pdl\drivers/peripheral/gpio/cy_gpio.h **** {
1575:Generated_Source\PSoC6\pdl\drivers/peripheral/gpio/cy_gpio.h ****     CY_ASSERT_L2(CY_GPIO_IS_FILTER_PIN_VALID(pinNum));
1576:Generated_Source\PSoC6\pdl\drivers/peripheral/gpio/cy_gpio.h ****     
1577:Generated_Source\PSoC6\pdl\drivers/peripheral/gpio/cy_gpio.h ****     return (GPIO_PRT_INTR(base) >> pinNum) & CY_GPIO_INTR_STATUS_MASK;
1578:Generated_Source\PSoC6\pdl\drivers/peripheral/gpio/cy_gpio.h **** }
1579:Generated_Source\PSoC6\pdl\drivers/peripheral/gpio/cy_gpio.h **** 
1580:Generated_Source\PSoC6\pdl\drivers/peripheral/gpio/cy_gpio.h **** 
1581:Generated_Source\PSoC6\pdl\drivers/peripheral/gpio/cy_gpio.h **** /*******************************************************************************
1582:Generated_Source\PSoC6\pdl\drivers/peripheral/gpio/cy_gpio.h **** * Function Name: Cy_GPIO_ClearInterrupt
1583:Generated_Source\PSoC6\pdl\drivers/peripheral/gpio/cy_gpio.h **** ****************************************************************************//**
1584:Generated_Source\PSoC6\pdl\drivers/peripheral/gpio/cy_gpio.h **** *
1585:Generated_Source\PSoC6\pdl\drivers/peripheral/gpio/cy_gpio.h **** * Clears the triggered pin interrupt.
1586:Generated_Source\PSoC6\pdl\drivers/peripheral/gpio/cy_gpio.h **** *
1587:Generated_Source\PSoC6\pdl\drivers/peripheral/gpio/cy_gpio.h **** * \param base
1588:Generated_Source\PSoC6\pdl\drivers/peripheral/gpio/cy_gpio.h **** * Pointer to the pin's port register base address
1589:Generated_Source\PSoC6\pdl\drivers/peripheral/gpio/cy_gpio.h **** *
1590:Generated_Source\PSoC6\pdl\drivers/peripheral/gpio/cy_gpio.h **** * \param pinNum
1591:Generated_Source\PSoC6\pdl\drivers/peripheral/gpio/cy_gpio.h **** * Position of the pin bit-field within the port register
1592:Generated_Source\PSoC6\pdl\drivers/peripheral/gpio/cy_gpio.h **** * Bit position 8 is the routed pin through the port glitch filter.
1593:Generated_Source\PSoC6\pdl\drivers/peripheral/gpio/cy_gpio.h **** *
1594:Generated_Source\PSoC6\pdl\drivers/peripheral/gpio/cy_gpio.h **** * \funcusage
1595:Generated_Source\PSoC6\pdl\drivers/peripheral/gpio/cy_gpio.h **** * \snippet gpio/gpio_v1_10_sut_01.cydsn/main_cm4.c snippet_Cy_GPIO_ClearInterrupt
1596:Generated_Source\PSoC6\pdl\drivers/peripheral/gpio/cy_gpio.h **** *
1597:Generated_Source\PSoC6\pdl\drivers/peripheral/gpio/cy_gpio.h **** *******************************************************************************/
1598:Generated_Source\PSoC6\pdl\drivers/peripheral/gpio/cy_gpio.h **** __STATIC_INLINE void Cy_GPIO_ClearInterrupt(GPIO_PRT_Type* base, uint32_t pinNum)
ARM GAS  C:\Users\Finik\AppData\Local\Temp\ccnRnT2c.s 			page 30


1599:Generated_Source\PSoC6\pdl\drivers/peripheral/gpio/cy_gpio.h **** {
1600:Generated_Source\PSoC6\pdl\drivers/peripheral/gpio/cy_gpio.h ****     CY_ASSERT_L2(CY_GPIO_IS_FILTER_PIN_VALID(pinNum));
1601:Generated_Source\PSoC6\pdl\drivers/peripheral/gpio/cy_gpio.h ****     
1602:Generated_Source\PSoC6\pdl\drivers/peripheral/gpio/cy_gpio.h ****     /* Any INTR MMIO registers AHB clearing must be preceded with an AHB read access */
1603:Generated_Source\PSoC6\pdl\drivers/peripheral/gpio/cy_gpio.h ****     (void)GPIO_PRT_INTR(base);
  38              		.loc 2 1603 0
  39 0000 0B4B     		ldr	r3, .L3
  40 0002 5A69     		ldr	r2, [r3, #20]
1604:Generated_Source\PSoC6\pdl\drivers/peripheral/gpio/cy_gpio.h **** 
1605:Generated_Source\PSoC6\pdl\drivers/peripheral/gpio/cy_gpio.h ****     GPIO_PRT_INTR(base) = CY_GPIO_INTR_STATUS_MASK << pinNum;
  41              		.loc 2 1605 0
  42 0004 1022     		movs	r2, #16
  43 0006 5A61     		str	r2, [r3, #20]
1606:Generated_Source\PSoC6\pdl\drivers/peripheral/gpio/cy_gpio.h **** 
1607:Generated_Source\PSoC6\pdl\drivers/peripheral/gpio/cy_gpio.h ****     /* This read ensures that the initial write has been flushed out to the hardware */
1608:Generated_Source\PSoC6\pdl\drivers/peripheral/gpio/cy_gpio.h ****     (void)GPIO_PRT_INTR(base);
  44              		.loc 2 1608 0
  45 0008 5B69     		ldr	r3, [r3, #20]
  46              	.LVL1:
  47              	.LBE19:
  48              	.LBE18:
  19:main_cm4.c    ****     /* Очищення переривання по виводу SW_P0_4 */
  20:main_cm4.c    ****     Cy_GPIO_ClearInterrupt(SW_P0_4_PORT, SW_P0_4_NUM);
  21:main_cm4.c    ****     NVIC_ClearPendingIRQ(SysInt_Port0_cfg.intrSrc);
  49              		.loc 1 21 0
  50 000a 0A4B     		ldr	r3, .L3+4
  51 000c B3F90030 		ldrsh	r3, [r3]
  52              	.LVL2:
  53              	.LBB20:
  54              	.LBB21:
  55              		.file 3 "Generated_Source\\PSoC6\\pdl\\cmsis/include/core_cm4.h"
   1:Generated_Source\PSoC6\pdl\cmsis/include/core_cm4.h **** /**************************************************************************//**
   2:Generated_Source\PSoC6\pdl\cmsis/include/core_cm4.h ****  * @file     core_cm4.h
   3:Generated_Source\PSoC6\pdl\cmsis/include/core_cm4.h ****  * @brief    CMSIS Cortex-M4 Core Peripheral Access Layer Header File
   4:Generated_Source\PSoC6\pdl\cmsis/include/core_cm4.h ****  * @version  V5.0.5
   5:Generated_Source\PSoC6\pdl\cmsis/include/core_cm4.h ****  * @date     08. January 2018
   6:Generated_Source\PSoC6\pdl\cmsis/include/core_cm4.h ****  ******************************************************************************/
   7:Generated_Source\PSoC6\pdl\cmsis/include/core_cm4.h **** /*
   8:Generated_Source\PSoC6\pdl\cmsis/include/core_cm4.h ****  * Copyright (c) 2009-2017 ARM Limited. All rights reserved.
   9:Generated_Source\PSoC6\pdl\cmsis/include/core_cm4.h ****  *
  10:Generated_Source\PSoC6\pdl\cmsis/include/core_cm4.h ****  * SPDX-License-Identifier: Apache-2.0
  11:Generated_Source\PSoC6\pdl\cmsis/include/core_cm4.h ****  *
  12:Generated_Source\PSoC6\pdl\cmsis/include/core_cm4.h ****  * Licensed under the Apache License, Version 2.0 (the License); you may
  13:Generated_Source\PSoC6\pdl\cmsis/include/core_cm4.h ****  * not use this file except in compliance with the License.
  14:Generated_Source\PSoC6\pdl\cmsis/include/core_cm4.h ****  * You may obtain a copy of the License at
  15:Generated_Source\PSoC6\pdl\cmsis/include/core_cm4.h ****  *
  16:Generated_Source\PSoC6\pdl\cmsis/include/core_cm4.h ****  * www.apache.org/licenses/LICENSE-2.0
  17:Generated_Source\PSoC6\pdl\cmsis/include/core_cm4.h ****  *
  18:Generated_Source\PSoC6\pdl\cmsis/include/core_cm4.h ****  * Unless required by applicable law or agreed to in writing, software
  19:Generated_Source\PSoC6\pdl\cmsis/include/core_cm4.h ****  * distributed under the License is distributed on an AS IS BASIS, WITHOUT
  20:Generated_Source\PSoC6\pdl\cmsis/include/core_cm4.h ****  * WARRANTIES OR CONDITIONS OF ANY KIND, either express or implied.
  21:Generated_Source\PSoC6\pdl\cmsis/include/core_cm4.h ****  * See the License for the specific language governing permissions and
  22:Generated_Source\PSoC6\pdl\cmsis/include/core_cm4.h ****  * limitations under the License.
  23:Generated_Source\PSoC6\pdl\cmsis/include/core_cm4.h ****  */
  24:Generated_Source\PSoC6\pdl\cmsis/include/core_cm4.h **** 
  25:Generated_Source\PSoC6\pdl\cmsis/include/core_cm4.h **** #if   defined ( __ICCARM__ )
  26:Generated_Source\PSoC6\pdl\cmsis/include/core_cm4.h ****   #pragma system_include         /* treat file as system include file for MISRA check */
ARM GAS  C:\Users\Finik\AppData\Local\Temp\ccnRnT2c.s 			page 31


  27:Generated_Source\PSoC6\pdl\cmsis/include/core_cm4.h **** #elif defined (__clang__)
  28:Generated_Source\PSoC6\pdl\cmsis/include/core_cm4.h ****   #pragma clang system_header   /* treat file as system include file */
  29:Generated_Source\PSoC6\pdl\cmsis/include/core_cm4.h **** #endif
  30:Generated_Source\PSoC6\pdl\cmsis/include/core_cm4.h **** 
  31:Generated_Source\PSoC6\pdl\cmsis/include/core_cm4.h **** #ifndef __CORE_CM4_H_GENERIC
  32:Generated_Source\PSoC6\pdl\cmsis/include/core_cm4.h **** #define __CORE_CM4_H_GENERIC
  33:Generated_Source\PSoC6\pdl\cmsis/include/core_cm4.h **** 
  34:Generated_Source\PSoC6\pdl\cmsis/include/core_cm4.h **** #include <stdint.h>
  35:Generated_Source\PSoC6\pdl\cmsis/include/core_cm4.h **** 
  36:Generated_Source\PSoC6\pdl\cmsis/include/core_cm4.h **** #ifdef __cplusplus
  37:Generated_Source\PSoC6\pdl\cmsis/include/core_cm4.h ****  extern "C" {
  38:Generated_Source\PSoC6\pdl\cmsis/include/core_cm4.h **** #endif
  39:Generated_Source\PSoC6\pdl\cmsis/include/core_cm4.h **** 
  40:Generated_Source\PSoC6\pdl\cmsis/include/core_cm4.h **** /**
  41:Generated_Source\PSoC6\pdl\cmsis/include/core_cm4.h ****   \page CMSIS_MISRA_Exceptions  MISRA-C:2004 Compliance Exceptions
  42:Generated_Source\PSoC6\pdl\cmsis/include/core_cm4.h ****   CMSIS violates the following MISRA-C:2004 rules:
  43:Generated_Source\PSoC6\pdl\cmsis/include/core_cm4.h **** 
  44:Generated_Source\PSoC6\pdl\cmsis/include/core_cm4.h ****    \li Required Rule 8.5, object/function definition in header file.<br>
  45:Generated_Source\PSoC6\pdl\cmsis/include/core_cm4.h ****      Function definitions in header files are used to allow 'inlining'.
  46:Generated_Source\PSoC6\pdl\cmsis/include/core_cm4.h **** 
  47:Generated_Source\PSoC6\pdl\cmsis/include/core_cm4.h ****    \li Required Rule 18.4, declaration of union type or object of union type: '{...}'.<br>
  48:Generated_Source\PSoC6\pdl\cmsis/include/core_cm4.h ****      Unions are used for effective representation of core registers.
  49:Generated_Source\PSoC6\pdl\cmsis/include/core_cm4.h **** 
  50:Generated_Source\PSoC6\pdl\cmsis/include/core_cm4.h ****    \li Advisory Rule 19.7, Function-like macro defined.<br>
  51:Generated_Source\PSoC6\pdl\cmsis/include/core_cm4.h ****      Function-like macros are used to allow more efficient code.
  52:Generated_Source\PSoC6\pdl\cmsis/include/core_cm4.h ****  */
  53:Generated_Source\PSoC6\pdl\cmsis/include/core_cm4.h **** 
  54:Generated_Source\PSoC6\pdl\cmsis/include/core_cm4.h **** 
  55:Generated_Source\PSoC6\pdl\cmsis/include/core_cm4.h **** /*******************************************************************************
  56:Generated_Source\PSoC6\pdl\cmsis/include/core_cm4.h ****  *                 CMSIS definitions
  57:Generated_Source\PSoC6\pdl\cmsis/include/core_cm4.h ****  ******************************************************************************/
  58:Generated_Source\PSoC6\pdl\cmsis/include/core_cm4.h **** /**
  59:Generated_Source\PSoC6\pdl\cmsis/include/core_cm4.h ****   \ingroup Cortex_M4
  60:Generated_Source\PSoC6\pdl\cmsis/include/core_cm4.h ****   @{
  61:Generated_Source\PSoC6\pdl\cmsis/include/core_cm4.h ****  */
  62:Generated_Source\PSoC6\pdl\cmsis/include/core_cm4.h **** 
  63:Generated_Source\PSoC6\pdl\cmsis/include/core_cm4.h **** #include "cmsis_version.h"
  64:Generated_Source\PSoC6\pdl\cmsis/include/core_cm4.h ****  
  65:Generated_Source\PSoC6\pdl\cmsis/include/core_cm4.h **** /* CMSIS CM4 definitions */
  66:Generated_Source\PSoC6\pdl\cmsis/include/core_cm4.h **** #define __CM4_CMSIS_VERSION_MAIN  (__CM_CMSIS_VERSION_MAIN)              /*!< \deprecated [31:16] C
  67:Generated_Source\PSoC6\pdl\cmsis/include/core_cm4.h **** #define __CM4_CMSIS_VERSION_SUB   (__CM_CMSIS_VERSION_SUB)               /*!< \deprecated [15:0]  C
  68:Generated_Source\PSoC6\pdl\cmsis/include/core_cm4.h **** #define __CM4_CMSIS_VERSION       ((__CM4_CMSIS_VERSION_MAIN << 16U) | \
  69:Generated_Source\PSoC6\pdl\cmsis/include/core_cm4.h ****                                     __CM4_CMSIS_VERSION_SUB           )  /*!< \deprecated CMSIS HAL
  70:Generated_Source\PSoC6\pdl\cmsis/include/core_cm4.h **** 
  71:Generated_Source\PSoC6\pdl\cmsis/include/core_cm4.h **** #define __CORTEX_M                (4U)                                   /*!< Cortex-M Core */
  72:Generated_Source\PSoC6\pdl\cmsis/include/core_cm4.h **** 
  73:Generated_Source\PSoC6\pdl\cmsis/include/core_cm4.h **** /** __FPU_USED indicates whether an FPU is used or not.
  74:Generated_Source\PSoC6\pdl\cmsis/include/core_cm4.h ****     For this, __FPU_PRESENT has to be checked prior to making use of FPU specific registers and fun
  75:Generated_Source\PSoC6\pdl\cmsis/include/core_cm4.h **** */
  76:Generated_Source\PSoC6\pdl\cmsis/include/core_cm4.h **** #if defined ( __CC_ARM )
  77:Generated_Source\PSoC6\pdl\cmsis/include/core_cm4.h ****   #if defined __TARGET_FPU_VFP
  78:Generated_Source\PSoC6\pdl\cmsis/include/core_cm4.h ****     #if defined (__FPU_PRESENT) && (__FPU_PRESENT == 1U)
  79:Generated_Source\PSoC6\pdl\cmsis/include/core_cm4.h ****       #define __FPU_USED       1U
  80:Generated_Source\PSoC6\pdl\cmsis/include/core_cm4.h ****     #else
  81:Generated_Source\PSoC6\pdl\cmsis/include/core_cm4.h ****       #error "Compiler generates FPU instructions for a device without an FPU (check __FPU_PRESENT)
  82:Generated_Source\PSoC6\pdl\cmsis/include/core_cm4.h ****       #define __FPU_USED       0U
  83:Generated_Source\PSoC6\pdl\cmsis/include/core_cm4.h ****     #endif
ARM GAS  C:\Users\Finik\AppData\Local\Temp\ccnRnT2c.s 			page 32


  84:Generated_Source\PSoC6\pdl\cmsis/include/core_cm4.h ****   #else
  85:Generated_Source\PSoC6\pdl\cmsis/include/core_cm4.h ****     #define __FPU_USED         0U
  86:Generated_Source\PSoC6\pdl\cmsis/include/core_cm4.h ****   #endif
  87:Generated_Source\PSoC6\pdl\cmsis/include/core_cm4.h **** 
  88:Generated_Source\PSoC6\pdl\cmsis/include/core_cm4.h **** #elif defined (__ARMCC_VERSION) && (__ARMCC_VERSION >= 6010050)
  89:Generated_Source\PSoC6\pdl\cmsis/include/core_cm4.h ****   #if defined __ARM_PCS_VFP
  90:Generated_Source\PSoC6\pdl\cmsis/include/core_cm4.h ****     #if defined (__FPU_PRESENT) && (__FPU_PRESENT == 1U)
  91:Generated_Source\PSoC6\pdl\cmsis/include/core_cm4.h ****       #define __FPU_USED       1U
  92:Generated_Source\PSoC6\pdl\cmsis/include/core_cm4.h ****     #else
  93:Generated_Source\PSoC6\pdl\cmsis/include/core_cm4.h ****       #warning "Compiler generates FPU instructions for a device without an FPU (check __FPU_PRESEN
  94:Generated_Source\PSoC6\pdl\cmsis/include/core_cm4.h ****       #define __FPU_USED       0U
  95:Generated_Source\PSoC6\pdl\cmsis/include/core_cm4.h ****     #endif
  96:Generated_Source\PSoC6\pdl\cmsis/include/core_cm4.h ****   #else
  97:Generated_Source\PSoC6\pdl\cmsis/include/core_cm4.h ****     #define __FPU_USED         0U
  98:Generated_Source\PSoC6\pdl\cmsis/include/core_cm4.h ****   #endif
  99:Generated_Source\PSoC6\pdl\cmsis/include/core_cm4.h **** 
 100:Generated_Source\PSoC6\pdl\cmsis/include/core_cm4.h **** #elif defined ( __GNUC__ )
 101:Generated_Source\PSoC6\pdl\cmsis/include/core_cm4.h ****   #if defined (__VFP_FP__) && !defined(__SOFTFP__)
 102:Generated_Source\PSoC6\pdl\cmsis/include/core_cm4.h ****     #if defined (__FPU_PRESENT) && (__FPU_PRESENT == 1U)
 103:Generated_Source\PSoC6\pdl\cmsis/include/core_cm4.h ****       #define __FPU_USED       1U
 104:Generated_Source\PSoC6\pdl\cmsis/include/core_cm4.h ****     #else
 105:Generated_Source\PSoC6\pdl\cmsis/include/core_cm4.h ****       #error "Compiler generates FPU instructions for a device without an FPU (check __FPU_PRESENT)
 106:Generated_Source\PSoC6\pdl\cmsis/include/core_cm4.h ****       #define __FPU_USED       0U
 107:Generated_Source\PSoC6\pdl\cmsis/include/core_cm4.h ****     #endif
 108:Generated_Source\PSoC6\pdl\cmsis/include/core_cm4.h ****   #else
 109:Generated_Source\PSoC6\pdl\cmsis/include/core_cm4.h ****     #define __FPU_USED         0U
 110:Generated_Source\PSoC6\pdl\cmsis/include/core_cm4.h ****   #endif
 111:Generated_Source\PSoC6\pdl\cmsis/include/core_cm4.h **** 
 112:Generated_Source\PSoC6\pdl\cmsis/include/core_cm4.h **** #elif defined ( __ICCARM__ )
 113:Generated_Source\PSoC6\pdl\cmsis/include/core_cm4.h ****   #if defined __ARMVFP__
 114:Generated_Source\PSoC6\pdl\cmsis/include/core_cm4.h ****     #if defined (__FPU_PRESENT) && (__FPU_PRESENT == 1U)
 115:Generated_Source\PSoC6\pdl\cmsis/include/core_cm4.h ****       #define __FPU_USED       1U
 116:Generated_Source\PSoC6\pdl\cmsis/include/core_cm4.h ****     #else
 117:Generated_Source\PSoC6\pdl\cmsis/include/core_cm4.h ****       #error "Compiler generates FPU instructions for a device without an FPU (check __FPU_PRESENT)
 118:Generated_Source\PSoC6\pdl\cmsis/include/core_cm4.h ****       #define __FPU_USED       0U
 119:Generated_Source\PSoC6\pdl\cmsis/include/core_cm4.h ****     #endif
 120:Generated_Source\PSoC6\pdl\cmsis/include/core_cm4.h ****   #else
 121:Generated_Source\PSoC6\pdl\cmsis/include/core_cm4.h ****     #define __FPU_USED         0U
 122:Generated_Source\PSoC6\pdl\cmsis/include/core_cm4.h ****   #endif
 123:Generated_Source\PSoC6\pdl\cmsis/include/core_cm4.h **** 
 124:Generated_Source\PSoC6\pdl\cmsis/include/core_cm4.h **** #elif defined ( __TI_ARM__ )
 125:Generated_Source\PSoC6\pdl\cmsis/include/core_cm4.h ****   #if defined __TI_VFP_SUPPORT__
 126:Generated_Source\PSoC6\pdl\cmsis/include/core_cm4.h ****     #if defined (__FPU_PRESENT) && (__FPU_PRESENT == 1U)
 127:Generated_Source\PSoC6\pdl\cmsis/include/core_cm4.h ****       #define __FPU_USED       1U
 128:Generated_Source\PSoC6\pdl\cmsis/include/core_cm4.h ****     #else
 129:Generated_Source\PSoC6\pdl\cmsis/include/core_cm4.h ****       #error "Compiler generates FPU instructions for a device without an FPU (check __FPU_PRESENT)
 130:Generated_Source\PSoC6\pdl\cmsis/include/core_cm4.h ****       #define __FPU_USED       0U
 131:Generated_Source\PSoC6\pdl\cmsis/include/core_cm4.h ****     #endif
 132:Generated_Source\PSoC6\pdl\cmsis/include/core_cm4.h ****   #else
 133:Generated_Source\PSoC6\pdl\cmsis/include/core_cm4.h ****     #define __FPU_USED         0U
 134:Generated_Source\PSoC6\pdl\cmsis/include/core_cm4.h ****   #endif
 135:Generated_Source\PSoC6\pdl\cmsis/include/core_cm4.h **** 
 136:Generated_Source\PSoC6\pdl\cmsis/include/core_cm4.h **** #elif defined ( __TASKING__ )
 137:Generated_Source\PSoC6\pdl\cmsis/include/core_cm4.h ****   #if defined __FPU_VFP__
 138:Generated_Source\PSoC6\pdl\cmsis/include/core_cm4.h ****     #if defined (__FPU_PRESENT) && (__FPU_PRESENT == 1U)
 139:Generated_Source\PSoC6\pdl\cmsis/include/core_cm4.h ****       #define __FPU_USED       1U
 140:Generated_Source\PSoC6\pdl\cmsis/include/core_cm4.h ****     #else
ARM GAS  C:\Users\Finik\AppData\Local\Temp\ccnRnT2c.s 			page 33


 141:Generated_Source\PSoC6\pdl\cmsis/include/core_cm4.h ****       #error "Compiler generates FPU instructions for a device without an FPU (check __FPU_PRESENT)
 142:Generated_Source\PSoC6\pdl\cmsis/include/core_cm4.h ****       #define __FPU_USED       0U
 143:Generated_Source\PSoC6\pdl\cmsis/include/core_cm4.h ****     #endif
 144:Generated_Source\PSoC6\pdl\cmsis/include/core_cm4.h ****   #else
 145:Generated_Source\PSoC6\pdl\cmsis/include/core_cm4.h ****     #define __FPU_USED         0U
 146:Generated_Source\PSoC6\pdl\cmsis/include/core_cm4.h ****   #endif
 147:Generated_Source\PSoC6\pdl\cmsis/include/core_cm4.h **** 
 148:Generated_Source\PSoC6\pdl\cmsis/include/core_cm4.h **** #elif defined ( __CSMC__ )
 149:Generated_Source\PSoC6\pdl\cmsis/include/core_cm4.h ****   #if ( __CSMC__ & 0x400U)
 150:Generated_Source\PSoC6\pdl\cmsis/include/core_cm4.h ****     #if defined (__FPU_PRESENT) && (__FPU_PRESENT == 1U)
 151:Generated_Source\PSoC6\pdl\cmsis/include/core_cm4.h ****       #define __FPU_USED       1U
 152:Generated_Source\PSoC6\pdl\cmsis/include/core_cm4.h ****     #else
 153:Generated_Source\PSoC6\pdl\cmsis/include/core_cm4.h ****       #error "Compiler generates FPU instructions for a device without an FPU (check __FPU_PRESENT)
 154:Generated_Source\PSoC6\pdl\cmsis/include/core_cm4.h ****       #define __FPU_USED       0U
 155:Generated_Source\PSoC6\pdl\cmsis/include/core_cm4.h ****     #endif
 156:Generated_Source\PSoC6\pdl\cmsis/include/core_cm4.h ****   #else
 157:Generated_Source\PSoC6\pdl\cmsis/include/core_cm4.h ****     #define __FPU_USED         0U
 158:Generated_Source\PSoC6\pdl\cmsis/include/core_cm4.h ****   #endif
 159:Generated_Source\PSoC6\pdl\cmsis/include/core_cm4.h **** 
 160:Generated_Source\PSoC6\pdl\cmsis/include/core_cm4.h **** #endif
 161:Generated_Source\PSoC6\pdl\cmsis/include/core_cm4.h **** 
 162:Generated_Source\PSoC6\pdl\cmsis/include/core_cm4.h **** #include "cmsis_compiler.h"               /* CMSIS compiler specific defines */
 163:Generated_Source\PSoC6\pdl\cmsis/include/core_cm4.h **** 
 164:Generated_Source\PSoC6\pdl\cmsis/include/core_cm4.h **** 
 165:Generated_Source\PSoC6\pdl\cmsis/include/core_cm4.h **** #ifdef __cplusplus
 166:Generated_Source\PSoC6\pdl\cmsis/include/core_cm4.h **** }
 167:Generated_Source\PSoC6\pdl\cmsis/include/core_cm4.h **** #endif
 168:Generated_Source\PSoC6\pdl\cmsis/include/core_cm4.h **** 
 169:Generated_Source\PSoC6\pdl\cmsis/include/core_cm4.h **** #endif /* __CORE_CM4_H_GENERIC */
 170:Generated_Source\PSoC6\pdl\cmsis/include/core_cm4.h **** 
 171:Generated_Source\PSoC6\pdl\cmsis/include/core_cm4.h **** #ifndef __CMSIS_GENERIC
 172:Generated_Source\PSoC6\pdl\cmsis/include/core_cm4.h **** 
 173:Generated_Source\PSoC6\pdl\cmsis/include/core_cm4.h **** #ifndef __CORE_CM4_H_DEPENDANT
 174:Generated_Source\PSoC6\pdl\cmsis/include/core_cm4.h **** #define __CORE_CM4_H_DEPENDANT
 175:Generated_Source\PSoC6\pdl\cmsis/include/core_cm4.h **** 
 176:Generated_Source\PSoC6\pdl\cmsis/include/core_cm4.h **** #ifdef __cplusplus
 177:Generated_Source\PSoC6\pdl\cmsis/include/core_cm4.h ****  extern "C" {
 178:Generated_Source\PSoC6\pdl\cmsis/include/core_cm4.h **** #endif
 179:Generated_Source\PSoC6\pdl\cmsis/include/core_cm4.h **** 
 180:Generated_Source\PSoC6\pdl\cmsis/include/core_cm4.h **** /* check device defines and use defaults */
 181:Generated_Source\PSoC6\pdl\cmsis/include/core_cm4.h **** #if defined __CHECK_DEVICE_DEFINES
 182:Generated_Source\PSoC6\pdl\cmsis/include/core_cm4.h ****   #ifndef __CM4_REV
 183:Generated_Source\PSoC6\pdl\cmsis/include/core_cm4.h ****     #define __CM4_REV               0x0000U
 184:Generated_Source\PSoC6\pdl\cmsis/include/core_cm4.h ****     #warning "__CM4_REV not defined in device header file; using default!"
 185:Generated_Source\PSoC6\pdl\cmsis/include/core_cm4.h ****   #endif
 186:Generated_Source\PSoC6\pdl\cmsis/include/core_cm4.h **** 
 187:Generated_Source\PSoC6\pdl\cmsis/include/core_cm4.h ****   #ifndef __FPU_PRESENT
 188:Generated_Source\PSoC6\pdl\cmsis/include/core_cm4.h ****     #define __FPU_PRESENT             0U
 189:Generated_Source\PSoC6\pdl\cmsis/include/core_cm4.h ****     #warning "__FPU_PRESENT not defined in device header file; using default!"
 190:Generated_Source\PSoC6\pdl\cmsis/include/core_cm4.h ****   #endif
 191:Generated_Source\PSoC6\pdl\cmsis/include/core_cm4.h **** 
 192:Generated_Source\PSoC6\pdl\cmsis/include/core_cm4.h ****   #ifndef __MPU_PRESENT
 193:Generated_Source\PSoC6\pdl\cmsis/include/core_cm4.h ****     #define __MPU_PRESENT             0U
 194:Generated_Source\PSoC6\pdl\cmsis/include/core_cm4.h ****     #warning "__MPU_PRESENT not defined in device header file; using default!"
 195:Generated_Source\PSoC6\pdl\cmsis/include/core_cm4.h ****   #endif
 196:Generated_Source\PSoC6\pdl\cmsis/include/core_cm4.h **** 
 197:Generated_Source\PSoC6\pdl\cmsis/include/core_cm4.h ****   #ifndef __NVIC_PRIO_BITS
ARM GAS  C:\Users\Finik\AppData\Local\Temp\ccnRnT2c.s 			page 34


 198:Generated_Source\PSoC6\pdl\cmsis/include/core_cm4.h ****     #define __NVIC_PRIO_BITS          3U
 199:Generated_Source\PSoC6\pdl\cmsis/include/core_cm4.h ****     #warning "__NVIC_PRIO_BITS not defined in device header file; using default!"
 200:Generated_Source\PSoC6\pdl\cmsis/include/core_cm4.h ****   #endif
 201:Generated_Source\PSoC6\pdl\cmsis/include/core_cm4.h **** 
 202:Generated_Source\PSoC6\pdl\cmsis/include/core_cm4.h ****   #ifndef __Vendor_SysTickConfig
 203:Generated_Source\PSoC6\pdl\cmsis/include/core_cm4.h ****     #define __Vendor_SysTickConfig    0U
 204:Generated_Source\PSoC6\pdl\cmsis/include/core_cm4.h ****     #warning "__Vendor_SysTickConfig not defined in device header file; using default!"
 205:Generated_Source\PSoC6\pdl\cmsis/include/core_cm4.h ****   #endif
 206:Generated_Source\PSoC6\pdl\cmsis/include/core_cm4.h **** #endif
 207:Generated_Source\PSoC6\pdl\cmsis/include/core_cm4.h **** 
 208:Generated_Source\PSoC6\pdl\cmsis/include/core_cm4.h **** /* IO definitions (access restrictions to peripheral registers) */
 209:Generated_Source\PSoC6\pdl\cmsis/include/core_cm4.h **** /**
 210:Generated_Source\PSoC6\pdl\cmsis/include/core_cm4.h ****     \defgroup CMSIS_glob_defs CMSIS Global Defines
 211:Generated_Source\PSoC6\pdl\cmsis/include/core_cm4.h **** 
 212:Generated_Source\PSoC6\pdl\cmsis/include/core_cm4.h ****     <strong>IO Type Qualifiers</strong> are used
 213:Generated_Source\PSoC6\pdl\cmsis/include/core_cm4.h ****     \li to specify the access to peripheral variables.
 214:Generated_Source\PSoC6\pdl\cmsis/include/core_cm4.h ****     \li for automatic generation of peripheral register debug information.
 215:Generated_Source\PSoC6\pdl\cmsis/include/core_cm4.h **** */
 216:Generated_Source\PSoC6\pdl\cmsis/include/core_cm4.h **** #ifdef __cplusplus
 217:Generated_Source\PSoC6\pdl\cmsis/include/core_cm4.h ****   #define   __I     volatile             /*!< Defines 'read only' permissions */
 218:Generated_Source\PSoC6\pdl\cmsis/include/core_cm4.h **** #else
 219:Generated_Source\PSoC6\pdl\cmsis/include/core_cm4.h ****   #define   __I     volatile const       /*!< Defines 'read only' permissions */
 220:Generated_Source\PSoC6\pdl\cmsis/include/core_cm4.h **** #endif
 221:Generated_Source\PSoC6\pdl\cmsis/include/core_cm4.h **** #define     __O     volatile             /*!< Defines 'write only' permissions */
 222:Generated_Source\PSoC6\pdl\cmsis/include/core_cm4.h **** #define     __IO    volatile             /*!< Defines 'read / write' permissions */
 223:Generated_Source\PSoC6\pdl\cmsis/include/core_cm4.h **** 
 224:Generated_Source\PSoC6\pdl\cmsis/include/core_cm4.h **** /* following defines should be used for structure members */
 225:Generated_Source\PSoC6\pdl\cmsis/include/core_cm4.h **** #define     __IM     volatile const      /*! Defines 'read only' structure member permissions */
 226:Generated_Source\PSoC6\pdl\cmsis/include/core_cm4.h **** #define     __OM     volatile            /*! Defines 'write only' structure member permissions */
 227:Generated_Source\PSoC6\pdl\cmsis/include/core_cm4.h **** #define     __IOM    volatile            /*! Defines 'read / write' structure member permissions */
 228:Generated_Source\PSoC6\pdl\cmsis/include/core_cm4.h **** 
 229:Generated_Source\PSoC6\pdl\cmsis/include/core_cm4.h **** /*@} end of group Cortex_M4 */
 230:Generated_Source\PSoC6\pdl\cmsis/include/core_cm4.h **** 
 231:Generated_Source\PSoC6\pdl\cmsis/include/core_cm4.h **** 
 232:Generated_Source\PSoC6\pdl\cmsis/include/core_cm4.h **** 
 233:Generated_Source\PSoC6\pdl\cmsis/include/core_cm4.h **** /*******************************************************************************
 234:Generated_Source\PSoC6\pdl\cmsis/include/core_cm4.h ****  *                 Register Abstraction
 235:Generated_Source\PSoC6\pdl\cmsis/include/core_cm4.h ****   Core Register contain:
 236:Generated_Source\PSoC6\pdl\cmsis/include/core_cm4.h ****   - Core Register
 237:Generated_Source\PSoC6\pdl\cmsis/include/core_cm4.h ****   - Core NVIC Register
 238:Generated_Source\PSoC6\pdl\cmsis/include/core_cm4.h ****   - Core SCB Register
 239:Generated_Source\PSoC6\pdl\cmsis/include/core_cm4.h ****   - Core SysTick Register
 240:Generated_Source\PSoC6\pdl\cmsis/include/core_cm4.h ****   - Core Debug Register
 241:Generated_Source\PSoC6\pdl\cmsis/include/core_cm4.h ****   - Core MPU Register
 242:Generated_Source\PSoC6\pdl\cmsis/include/core_cm4.h ****   - Core FPU Register
 243:Generated_Source\PSoC6\pdl\cmsis/include/core_cm4.h ****  ******************************************************************************/
 244:Generated_Source\PSoC6\pdl\cmsis/include/core_cm4.h **** /**
 245:Generated_Source\PSoC6\pdl\cmsis/include/core_cm4.h ****   \defgroup CMSIS_core_register Defines and Type Definitions
 246:Generated_Source\PSoC6\pdl\cmsis/include/core_cm4.h ****   \brief Type definitions and defines for Cortex-M processor based devices.
 247:Generated_Source\PSoC6\pdl\cmsis/include/core_cm4.h **** */
 248:Generated_Source\PSoC6\pdl\cmsis/include/core_cm4.h **** 
 249:Generated_Source\PSoC6\pdl\cmsis/include/core_cm4.h **** /**
 250:Generated_Source\PSoC6\pdl\cmsis/include/core_cm4.h ****   \ingroup    CMSIS_core_register
 251:Generated_Source\PSoC6\pdl\cmsis/include/core_cm4.h ****   \defgroup   CMSIS_CORE  Status and Control Registers
 252:Generated_Source\PSoC6\pdl\cmsis/include/core_cm4.h ****   \brief      Core Register type definitions.
 253:Generated_Source\PSoC6\pdl\cmsis/include/core_cm4.h ****   @{
 254:Generated_Source\PSoC6\pdl\cmsis/include/core_cm4.h ****  */
ARM GAS  C:\Users\Finik\AppData\Local\Temp\ccnRnT2c.s 			page 35


 255:Generated_Source\PSoC6\pdl\cmsis/include/core_cm4.h **** 
 256:Generated_Source\PSoC6\pdl\cmsis/include/core_cm4.h **** /**
 257:Generated_Source\PSoC6\pdl\cmsis/include/core_cm4.h ****   \brief  Union type to access the Application Program Status Register (APSR).
 258:Generated_Source\PSoC6\pdl\cmsis/include/core_cm4.h ****  */
 259:Generated_Source\PSoC6\pdl\cmsis/include/core_cm4.h **** typedef union
 260:Generated_Source\PSoC6\pdl\cmsis/include/core_cm4.h **** {
 261:Generated_Source\PSoC6\pdl\cmsis/include/core_cm4.h ****   struct
 262:Generated_Source\PSoC6\pdl\cmsis/include/core_cm4.h ****   {
 263:Generated_Source\PSoC6\pdl\cmsis/include/core_cm4.h ****     uint32_t _reserved0:16;              /*!< bit:  0..15  Reserved */
 264:Generated_Source\PSoC6\pdl\cmsis/include/core_cm4.h ****     uint32_t GE:4;                       /*!< bit: 16..19  Greater than or Equal flags */
 265:Generated_Source\PSoC6\pdl\cmsis/include/core_cm4.h ****     uint32_t _reserved1:7;               /*!< bit: 20..26  Reserved */
 266:Generated_Source\PSoC6\pdl\cmsis/include/core_cm4.h ****     uint32_t Q:1;                        /*!< bit:     27  Saturation condition flag */
 267:Generated_Source\PSoC6\pdl\cmsis/include/core_cm4.h ****     uint32_t V:1;                        /*!< bit:     28  Overflow condition code flag */
 268:Generated_Source\PSoC6\pdl\cmsis/include/core_cm4.h ****     uint32_t C:1;                        /*!< bit:     29  Carry condition code flag */
 269:Generated_Source\PSoC6\pdl\cmsis/include/core_cm4.h ****     uint32_t Z:1;                        /*!< bit:     30  Zero condition code flag */
 270:Generated_Source\PSoC6\pdl\cmsis/include/core_cm4.h ****     uint32_t N:1;                        /*!< bit:     31  Negative condition code flag */
 271:Generated_Source\PSoC6\pdl\cmsis/include/core_cm4.h ****   } b;                                   /*!< Structure used for bit  access */
 272:Generated_Source\PSoC6\pdl\cmsis/include/core_cm4.h ****   uint32_t w;                            /*!< Type      used for word access */
 273:Generated_Source\PSoC6\pdl\cmsis/include/core_cm4.h **** } APSR_Type;
 274:Generated_Source\PSoC6\pdl\cmsis/include/core_cm4.h **** 
 275:Generated_Source\PSoC6\pdl\cmsis/include/core_cm4.h **** /* APSR Register Definitions */
 276:Generated_Source\PSoC6\pdl\cmsis/include/core_cm4.h **** #define APSR_N_Pos                         31U                                            /*!< APSR
 277:Generated_Source\PSoC6\pdl\cmsis/include/core_cm4.h **** #define APSR_N_Msk                         (1UL << APSR_N_Pos)                            /*!< APSR
 278:Generated_Source\PSoC6\pdl\cmsis/include/core_cm4.h **** 
 279:Generated_Source\PSoC6\pdl\cmsis/include/core_cm4.h **** #define APSR_Z_Pos                         30U                                            /*!< APSR
 280:Generated_Source\PSoC6\pdl\cmsis/include/core_cm4.h **** #define APSR_Z_Msk                         (1UL << APSR_Z_Pos)                            /*!< APSR
 281:Generated_Source\PSoC6\pdl\cmsis/include/core_cm4.h **** 
 282:Generated_Source\PSoC6\pdl\cmsis/include/core_cm4.h **** #define APSR_C_Pos                         29U                                            /*!< APSR
 283:Generated_Source\PSoC6\pdl\cmsis/include/core_cm4.h **** #define APSR_C_Msk                         (1UL << APSR_C_Pos)                            /*!< APSR
 284:Generated_Source\PSoC6\pdl\cmsis/include/core_cm4.h **** 
 285:Generated_Source\PSoC6\pdl\cmsis/include/core_cm4.h **** #define APSR_V_Pos                         28U                                            /*!< APSR
 286:Generated_Source\PSoC6\pdl\cmsis/include/core_cm4.h **** #define APSR_V_Msk                         (1UL << APSR_V_Pos)                            /*!< APSR
 287:Generated_Source\PSoC6\pdl\cmsis/include/core_cm4.h **** 
 288:Generated_Source\PSoC6\pdl\cmsis/include/core_cm4.h **** #define APSR_Q_Pos                         27U                                            /*!< APSR
 289:Generated_Source\PSoC6\pdl\cmsis/include/core_cm4.h **** #define APSR_Q_Msk                         (1UL << APSR_Q_Pos)                            /*!< APSR
 290:Generated_Source\PSoC6\pdl\cmsis/include/core_cm4.h **** 
 291:Generated_Source\PSoC6\pdl\cmsis/include/core_cm4.h **** #define APSR_GE_Pos                        16U                                            /*!< APSR
 292:Generated_Source\PSoC6\pdl\cmsis/include/core_cm4.h **** #define APSR_GE_Msk                        (0xFUL << APSR_GE_Pos)                         /*!< APSR
 293:Generated_Source\PSoC6\pdl\cmsis/include/core_cm4.h **** 
 294:Generated_Source\PSoC6\pdl\cmsis/include/core_cm4.h **** 
 295:Generated_Source\PSoC6\pdl\cmsis/include/core_cm4.h **** /**
 296:Generated_Source\PSoC6\pdl\cmsis/include/core_cm4.h ****   \brief  Union type to access the Interrupt Program Status Register (IPSR).
 297:Generated_Source\PSoC6\pdl\cmsis/include/core_cm4.h ****  */
 298:Generated_Source\PSoC6\pdl\cmsis/include/core_cm4.h **** typedef union
 299:Generated_Source\PSoC6\pdl\cmsis/include/core_cm4.h **** {
 300:Generated_Source\PSoC6\pdl\cmsis/include/core_cm4.h ****   struct
 301:Generated_Source\PSoC6\pdl\cmsis/include/core_cm4.h ****   {
 302:Generated_Source\PSoC6\pdl\cmsis/include/core_cm4.h ****     uint32_t ISR:9;                      /*!< bit:  0.. 8  Exception number */
 303:Generated_Source\PSoC6\pdl\cmsis/include/core_cm4.h ****     uint32_t _reserved0:23;              /*!< bit:  9..31  Reserved */
 304:Generated_Source\PSoC6\pdl\cmsis/include/core_cm4.h ****   } b;                                   /*!< Structure used for bit  access */
 305:Generated_Source\PSoC6\pdl\cmsis/include/core_cm4.h ****   uint32_t w;                            /*!< Type      used for word access */
 306:Generated_Source\PSoC6\pdl\cmsis/include/core_cm4.h **** } IPSR_Type;
 307:Generated_Source\PSoC6\pdl\cmsis/include/core_cm4.h **** 
 308:Generated_Source\PSoC6\pdl\cmsis/include/core_cm4.h **** /* IPSR Register Definitions */
 309:Generated_Source\PSoC6\pdl\cmsis/include/core_cm4.h **** #define IPSR_ISR_Pos                        0U                                            /*!< IPSR
 310:Generated_Source\PSoC6\pdl\cmsis/include/core_cm4.h **** #define IPSR_ISR_Msk                       (0x1FFUL /*<< IPSR_ISR_Pos*/)                  /*!< IPSR
 311:Generated_Source\PSoC6\pdl\cmsis/include/core_cm4.h **** 
ARM GAS  C:\Users\Finik\AppData\Local\Temp\ccnRnT2c.s 			page 36


 312:Generated_Source\PSoC6\pdl\cmsis/include/core_cm4.h **** 
 313:Generated_Source\PSoC6\pdl\cmsis/include/core_cm4.h **** /**
 314:Generated_Source\PSoC6\pdl\cmsis/include/core_cm4.h ****   \brief  Union type to access the Special-Purpose Program Status Registers (xPSR).
 315:Generated_Source\PSoC6\pdl\cmsis/include/core_cm4.h ****  */
 316:Generated_Source\PSoC6\pdl\cmsis/include/core_cm4.h **** typedef union
 317:Generated_Source\PSoC6\pdl\cmsis/include/core_cm4.h **** {
 318:Generated_Source\PSoC6\pdl\cmsis/include/core_cm4.h ****   struct
 319:Generated_Source\PSoC6\pdl\cmsis/include/core_cm4.h ****   {
 320:Generated_Source\PSoC6\pdl\cmsis/include/core_cm4.h ****     uint32_t ISR:9;                      /*!< bit:  0.. 8  Exception number */
 321:Generated_Source\PSoC6\pdl\cmsis/include/core_cm4.h ****     uint32_t _reserved0:1;               /*!< bit:      9  Reserved */
 322:Generated_Source\PSoC6\pdl\cmsis/include/core_cm4.h ****     uint32_t ICI_IT_1:6;                 /*!< bit: 10..15  ICI/IT part 1 */
 323:Generated_Source\PSoC6\pdl\cmsis/include/core_cm4.h ****     uint32_t GE:4;                       /*!< bit: 16..19  Greater than or Equal flags */
 324:Generated_Source\PSoC6\pdl\cmsis/include/core_cm4.h ****     uint32_t _reserved1:4;               /*!< bit: 20..23  Reserved */
 325:Generated_Source\PSoC6\pdl\cmsis/include/core_cm4.h ****     uint32_t T:1;                        /*!< bit:     24  Thumb bit */
 326:Generated_Source\PSoC6\pdl\cmsis/include/core_cm4.h ****     uint32_t ICI_IT_2:2;                 /*!< bit: 25..26  ICI/IT part 2 */
 327:Generated_Source\PSoC6\pdl\cmsis/include/core_cm4.h ****     uint32_t Q:1;                        /*!< bit:     27  Saturation condition flag */
 328:Generated_Source\PSoC6\pdl\cmsis/include/core_cm4.h ****     uint32_t V:1;                        /*!< bit:     28  Overflow condition code flag */
 329:Generated_Source\PSoC6\pdl\cmsis/include/core_cm4.h ****     uint32_t C:1;                        /*!< bit:     29  Carry condition code flag */
 330:Generated_Source\PSoC6\pdl\cmsis/include/core_cm4.h ****     uint32_t Z:1;                        /*!< bit:     30  Zero condition code flag */
 331:Generated_Source\PSoC6\pdl\cmsis/include/core_cm4.h ****     uint32_t N:1;                        /*!< bit:     31  Negative condition code flag */
 332:Generated_Source\PSoC6\pdl\cmsis/include/core_cm4.h ****   } b;                                   /*!< Structure used for bit  access */
 333:Generated_Source\PSoC6\pdl\cmsis/include/core_cm4.h ****   uint32_t w;                            /*!< Type      used for word access */
 334:Generated_Source\PSoC6\pdl\cmsis/include/core_cm4.h **** } xPSR_Type;
 335:Generated_Source\PSoC6\pdl\cmsis/include/core_cm4.h **** 
 336:Generated_Source\PSoC6\pdl\cmsis/include/core_cm4.h **** /* xPSR Register Definitions */
 337:Generated_Source\PSoC6\pdl\cmsis/include/core_cm4.h **** #define xPSR_N_Pos                         31U                                            /*!< xPSR
 338:Generated_Source\PSoC6\pdl\cmsis/include/core_cm4.h **** #define xPSR_N_Msk                         (1UL << xPSR_N_Pos)                            /*!< xPSR
 339:Generated_Source\PSoC6\pdl\cmsis/include/core_cm4.h **** 
 340:Generated_Source\PSoC6\pdl\cmsis/include/core_cm4.h **** #define xPSR_Z_Pos                         30U                                            /*!< xPSR
 341:Generated_Source\PSoC6\pdl\cmsis/include/core_cm4.h **** #define xPSR_Z_Msk                         (1UL << xPSR_Z_Pos)                            /*!< xPSR
 342:Generated_Source\PSoC6\pdl\cmsis/include/core_cm4.h **** 
 343:Generated_Source\PSoC6\pdl\cmsis/include/core_cm4.h **** #define xPSR_C_Pos                         29U                                            /*!< xPSR
 344:Generated_Source\PSoC6\pdl\cmsis/include/core_cm4.h **** #define xPSR_C_Msk                         (1UL << xPSR_C_Pos)                            /*!< xPSR
 345:Generated_Source\PSoC6\pdl\cmsis/include/core_cm4.h **** 
 346:Generated_Source\PSoC6\pdl\cmsis/include/core_cm4.h **** #define xPSR_V_Pos                         28U                                            /*!< xPSR
 347:Generated_Source\PSoC6\pdl\cmsis/include/core_cm4.h **** #define xPSR_V_Msk                         (1UL << xPSR_V_Pos)                            /*!< xPSR
 348:Generated_Source\PSoC6\pdl\cmsis/include/core_cm4.h **** 
 349:Generated_Source\PSoC6\pdl\cmsis/include/core_cm4.h **** #define xPSR_Q_Pos                         27U                                            /*!< xPSR
 350:Generated_Source\PSoC6\pdl\cmsis/include/core_cm4.h **** #define xPSR_Q_Msk                         (1UL << xPSR_Q_Pos)                            /*!< xPSR
 351:Generated_Source\PSoC6\pdl\cmsis/include/core_cm4.h **** 
 352:Generated_Source\PSoC6\pdl\cmsis/include/core_cm4.h **** #define xPSR_ICI_IT_2_Pos                  25U                                            /*!< xPSR
 353:Generated_Source\PSoC6\pdl\cmsis/include/core_cm4.h **** #define xPSR_ICI_IT_2_Msk                  (3UL << xPSR_ICI_IT_2_Pos)                     /*!< xPSR
 354:Generated_Source\PSoC6\pdl\cmsis/include/core_cm4.h **** 
 355:Generated_Source\PSoC6\pdl\cmsis/include/core_cm4.h **** #define xPSR_T_Pos                         24U                                            /*!< xPSR
 356:Generated_Source\PSoC6\pdl\cmsis/include/core_cm4.h **** #define xPSR_T_Msk                         (1UL << xPSR_T_Pos)                            /*!< xPSR
 357:Generated_Source\PSoC6\pdl\cmsis/include/core_cm4.h **** 
 358:Generated_Source\PSoC6\pdl\cmsis/include/core_cm4.h **** #define xPSR_GE_Pos                        16U                                            /*!< xPSR
 359:Generated_Source\PSoC6\pdl\cmsis/include/core_cm4.h **** #define xPSR_GE_Msk                        (0xFUL << xPSR_GE_Pos)                         /*!< xPSR
 360:Generated_Source\PSoC6\pdl\cmsis/include/core_cm4.h **** 
 361:Generated_Source\PSoC6\pdl\cmsis/include/core_cm4.h **** #define xPSR_ICI_IT_1_Pos                  10U                                            /*!< xPSR
 362:Generated_Source\PSoC6\pdl\cmsis/include/core_cm4.h **** #define xPSR_ICI_IT_1_Msk                  (0x3FUL << xPSR_ICI_IT_1_Pos)                  /*!< xPSR
 363:Generated_Source\PSoC6\pdl\cmsis/include/core_cm4.h **** 
 364:Generated_Source\PSoC6\pdl\cmsis/include/core_cm4.h **** #define xPSR_ISR_Pos                        0U                                            /*!< xPSR
 365:Generated_Source\PSoC6\pdl\cmsis/include/core_cm4.h **** #define xPSR_ISR_Msk                       (0x1FFUL /*<< xPSR_ISR_Pos*/)                  /*!< xPSR
 366:Generated_Source\PSoC6\pdl\cmsis/include/core_cm4.h **** 
 367:Generated_Source\PSoC6\pdl\cmsis/include/core_cm4.h **** 
 368:Generated_Source\PSoC6\pdl\cmsis/include/core_cm4.h **** /**
ARM GAS  C:\Users\Finik\AppData\Local\Temp\ccnRnT2c.s 			page 37


 369:Generated_Source\PSoC6\pdl\cmsis/include/core_cm4.h ****   \brief  Union type to access the Control Registers (CONTROL).
 370:Generated_Source\PSoC6\pdl\cmsis/include/core_cm4.h ****  */
 371:Generated_Source\PSoC6\pdl\cmsis/include/core_cm4.h **** typedef union
 372:Generated_Source\PSoC6\pdl\cmsis/include/core_cm4.h **** {
 373:Generated_Source\PSoC6\pdl\cmsis/include/core_cm4.h ****   struct
 374:Generated_Source\PSoC6\pdl\cmsis/include/core_cm4.h ****   {
 375:Generated_Source\PSoC6\pdl\cmsis/include/core_cm4.h ****     uint32_t nPRIV:1;                    /*!< bit:      0  Execution privilege in Thread mode */
 376:Generated_Source\PSoC6\pdl\cmsis/include/core_cm4.h ****     uint32_t SPSEL:1;                    /*!< bit:      1  Stack to be used */
 377:Generated_Source\PSoC6\pdl\cmsis/include/core_cm4.h ****     uint32_t FPCA:1;                     /*!< bit:      2  FP extension active flag */
 378:Generated_Source\PSoC6\pdl\cmsis/include/core_cm4.h ****     uint32_t _reserved0:29;              /*!< bit:  3..31  Reserved */
 379:Generated_Source\PSoC6\pdl\cmsis/include/core_cm4.h ****   } b;                                   /*!< Structure used for bit  access */
 380:Generated_Source\PSoC6\pdl\cmsis/include/core_cm4.h ****   uint32_t w;                            /*!< Type      used for word access */
 381:Generated_Source\PSoC6\pdl\cmsis/include/core_cm4.h **** } CONTROL_Type;
 382:Generated_Source\PSoC6\pdl\cmsis/include/core_cm4.h **** 
 383:Generated_Source\PSoC6\pdl\cmsis/include/core_cm4.h **** /* CONTROL Register Definitions */
 384:Generated_Source\PSoC6\pdl\cmsis/include/core_cm4.h **** #define CONTROL_FPCA_Pos                    2U                                            /*!< CONT
 385:Generated_Source\PSoC6\pdl\cmsis/include/core_cm4.h **** #define CONTROL_FPCA_Msk                   (1UL << CONTROL_FPCA_Pos)                      /*!< CONT
 386:Generated_Source\PSoC6\pdl\cmsis/include/core_cm4.h **** 
 387:Generated_Source\PSoC6\pdl\cmsis/include/core_cm4.h **** #define CONTROL_SPSEL_Pos                   1U                                            /*!< CONT
 388:Generated_Source\PSoC6\pdl\cmsis/include/core_cm4.h **** #define CONTROL_SPSEL_Msk                  (1UL << CONTROL_SPSEL_Pos)                     /*!< CONT
 389:Generated_Source\PSoC6\pdl\cmsis/include/core_cm4.h **** 
 390:Generated_Source\PSoC6\pdl\cmsis/include/core_cm4.h **** #define CONTROL_nPRIV_Pos                   0U                                            /*!< CONT
 391:Generated_Source\PSoC6\pdl\cmsis/include/core_cm4.h **** #define CONTROL_nPRIV_Msk                  (1UL /*<< CONTROL_nPRIV_Pos*/)                 /*!< CONT
 392:Generated_Source\PSoC6\pdl\cmsis/include/core_cm4.h **** 
 393:Generated_Source\PSoC6\pdl\cmsis/include/core_cm4.h **** /*@} end of group CMSIS_CORE */
 394:Generated_Source\PSoC6\pdl\cmsis/include/core_cm4.h **** 
 395:Generated_Source\PSoC6\pdl\cmsis/include/core_cm4.h **** 
 396:Generated_Source\PSoC6\pdl\cmsis/include/core_cm4.h **** /**
 397:Generated_Source\PSoC6\pdl\cmsis/include/core_cm4.h ****   \ingroup    CMSIS_core_register
 398:Generated_Source\PSoC6\pdl\cmsis/include/core_cm4.h ****   \defgroup   CMSIS_NVIC  Nested Vectored Interrupt Controller (NVIC)
 399:Generated_Source\PSoC6\pdl\cmsis/include/core_cm4.h ****   \brief      Type definitions for the NVIC Registers
 400:Generated_Source\PSoC6\pdl\cmsis/include/core_cm4.h ****   @{
 401:Generated_Source\PSoC6\pdl\cmsis/include/core_cm4.h ****  */
 402:Generated_Source\PSoC6\pdl\cmsis/include/core_cm4.h **** 
 403:Generated_Source\PSoC6\pdl\cmsis/include/core_cm4.h **** /**
 404:Generated_Source\PSoC6\pdl\cmsis/include/core_cm4.h ****   \brief  Structure type to access the Nested Vectored Interrupt Controller (NVIC).
 405:Generated_Source\PSoC6\pdl\cmsis/include/core_cm4.h ****  */
 406:Generated_Source\PSoC6\pdl\cmsis/include/core_cm4.h **** typedef struct
 407:Generated_Source\PSoC6\pdl\cmsis/include/core_cm4.h **** {
 408:Generated_Source\PSoC6\pdl\cmsis/include/core_cm4.h ****   __IOM uint32_t ISER[8U];               /*!< Offset: 0x000 (R/W)  Interrupt Set Enable Register */
 409:Generated_Source\PSoC6\pdl\cmsis/include/core_cm4.h ****         uint32_t RESERVED0[24U];
 410:Generated_Source\PSoC6\pdl\cmsis/include/core_cm4.h ****   __IOM uint32_t ICER[8U];               /*!< Offset: 0x080 (R/W)  Interrupt Clear Enable Register 
 411:Generated_Source\PSoC6\pdl\cmsis/include/core_cm4.h ****         uint32_t RSERVED1[24U];
 412:Generated_Source\PSoC6\pdl\cmsis/include/core_cm4.h ****   __IOM uint32_t ISPR[8U];               /*!< Offset: 0x100 (R/W)  Interrupt Set Pending Register *
 413:Generated_Source\PSoC6\pdl\cmsis/include/core_cm4.h ****         uint32_t RESERVED2[24U];
 414:Generated_Source\PSoC6\pdl\cmsis/include/core_cm4.h ****   __IOM uint32_t ICPR[8U];               /*!< Offset: 0x180 (R/W)  Interrupt Clear Pending Register
 415:Generated_Source\PSoC6\pdl\cmsis/include/core_cm4.h ****         uint32_t RESERVED3[24U];
 416:Generated_Source\PSoC6\pdl\cmsis/include/core_cm4.h ****   __IOM uint32_t IABR[8U];               /*!< Offset: 0x200 (R/W)  Interrupt Active bit Register */
 417:Generated_Source\PSoC6\pdl\cmsis/include/core_cm4.h ****         uint32_t RESERVED4[56U];
 418:Generated_Source\PSoC6\pdl\cmsis/include/core_cm4.h ****   __IOM uint8_t  IP[240U];               /*!< Offset: 0x300 (R/W)  Interrupt Priority Register (8Bi
 419:Generated_Source\PSoC6\pdl\cmsis/include/core_cm4.h ****         uint32_t RESERVED5[644U];
 420:Generated_Source\PSoC6\pdl\cmsis/include/core_cm4.h ****   __OM  uint32_t STIR;                   /*!< Offset: 0xE00 ( /W)  Software Trigger Interrupt Regis
 421:Generated_Source\PSoC6\pdl\cmsis/include/core_cm4.h **** }  NVIC_Type;
 422:Generated_Source\PSoC6\pdl\cmsis/include/core_cm4.h **** 
 423:Generated_Source\PSoC6\pdl\cmsis/include/core_cm4.h **** /* Software Triggered Interrupt Register Definitions */
 424:Generated_Source\PSoC6\pdl\cmsis/include/core_cm4.h **** #define NVIC_STIR_INTID_Pos                 0U                                         /*!< STIR: I
 425:Generated_Source\PSoC6\pdl\cmsis/include/core_cm4.h **** #define NVIC_STIR_INTID_Msk                (0x1FFUL /*<< NVIC_STIR_INTID_Pos*/)        /*!< STIR: I
ARM GAS  C:\Users\Finik\AppData\Local\Temp\ccnRnT2c.s 			page 38


 426:Generated_Source\PSoC6\pdl\cmsis/include/core_cm4.h **** 
 427:Generated_Source\PSoC6\pdl\cmsis/include/core_cm4.h **** /*@} end of group CMSIS_NVIC */
 428:Generated_Source\PSoC6\pdl\cmsis/include/core_cm4.h **** 
 429:Generated_Source\PSoC6\pdl\cmsis/include/core_cm4.h **** 
 430:Generated_Source\PSoC6\pdl\cmsis/include/core_cm4.h **** /**
 431:Generated_Source\PSoC6\pdl\cmsis/include/core_cm4.h ****   \ingroup  CMSIS_core_register
 432:Generated_Source\PSoC6\pdl\cmsis/include/core_cm4.h ****   \defgroup CMSIS_SCB     System Control Block (SCB)
 433:Generated_Source\PSoC6\pdl\cmsis/include/core_cm4.h ****   \brief    Type definitions for the System Control Block Registers
 434:Generated_Source\PSoC6\pdl\cmsis/include/core_cm4.h ****   @{
 435:Generated_Source\PSoC6\pdl\cmsis/include/core_cm4.h ****  */
 436:Generated_Source\PSoC6\pdl\cmsis/include/core_cm4.h **** 
 437:Generated_Source\PSoC6\pdl\cmsis/include/core_cm4.h **** /**
 438:Generated_Source\PSoC6\pdl\cmsis/include/core_cm4.h ****   \brief  Structure type to access the System Control Block (SCB).
 439:Generated_Source\PSoC6\pdl\cmsis/include/core_cm4.h ****  */
 440:Generated_Source\PSoC6\pdl\cmsis/include/core_cm4.h **** typedef struct
 441:Generated_Source\PSoC6\pdl\cmsis/include/core_cm4.h **** {
 442:Generated_Source\PSoC6\pdl\cmsis/include/core_cm4.h ****   __IM  uint32_t CPUID;                  /*!< Offset: 0x000 (R/ )  CPUID Base Register */
 443:Generated_Source\PSoC6\pdl\cmsis/include/core_cm4.h ****   __IOM uint32_t ICSR;                   /*!< Offset: 0x004 (R/W)  Interrupt Control and State Regi
 444:Generated_Source\PSoC6\pdl\cmsis/include/core_cm4.h ****   __IOM uint32_t VTOR;                   /*!< Offset: 0x008 (R/W)  Vector Table Offset Register */
 445:Generated_Source\PSoC6\pdl\cmsis/include/core_cm4.h ****   __IOM uint32_t AIRCR;                  /*!< Offset: 0x00C (R/W)  Application Interrupt and Reset 
 446:Generated_Source\PSoC6\pdl\cmsis/include/core_cm4.h ****   __IOM uint32_t SCR;                    /*!< Offset: 0x010 (R/W)  System Control Register */
 447:Generated_Source\PSoC6\pdl\cmsis/include/core_cm4.h ****   __IOM uint32_t CCR;                    /*!< Offset: 0x014 (R/W)  Configuration Control Register *
 448:Generated_Source\PSoC6\pdl\cmsis/include/core_cm4.h ****   __IOM uint8_t  SHP[12U];               /*!< Offset: 0x018 (R/W)  System Handlers Priority Registe
 449:Generated_Source\PSoC6\pdl\cmsis/include/core_cm4.h ****   __IOM uint32_t SHCSR;                  /*!< Offset: 0x024 (R/W)  System Handler Control and State
 450:Generated_Source\PSoC6\pdl\cmsis/include/core_cm4.h ****   __IOM uint32_t CFSR;                   /*!< Offset: 0x028 (R/W)  Configurable Fault Status Regist
 451:Generated_Source\PSoC6\pdl\cmsis/include/core_cm4.h ****   __IOM uint32_t HFSR;                   /*!< Offset: 0x02C (R/W)  HardFault Status Register */
 452:Generated_Source\PSoC6\pdl\cmsis/include/core_cm4.h ****   __IOM uint32_t DFSR;                   /*!< Offset: 0x030 (R/W)  Debug Fault Status Register */
 453:Generated_Source\PSoC6\pdl\cmsis/include/core_cm4.h ****   __IOM uint32_t MMFAR;                  /*!< Offset: 0x034 (R/W)  MemManage Fault Address Register
 454:Generated_Source\PSoC6\pdl\cmsis/include/core_cm4.h ****   __IOM uint32_t BFAR;                   /*!< Offset: 0x038 (R/W)  BusFault Address Register */
 455:Generated_Source\PSoC6\pdl\cmsis/include/core_cm4.h ****   __IOM uint32_t AFSR;                   /*!< Offset: 0x03C (R/W)  Auxiliary Fault Status Register 
 456:Generated_Source\PSoC6\pdl\cmsis/include/core_cm4.h ****   __IM  uint32_t PFR[2U];                /*!< Offset: 0x040 (R/ )  Processor Feature Register */
 457:Generated_Source\PSoC6\pdl\cmsis/include/core_cm4.h ****   __IM  uint32_t DFR;                    /*!< Offset: 0x048 (R/ )  Debug Feature Register */
 458:Generated_Source\PSoC6\pdl\cmsis/include/core_cm4.h ****   __IM  uint32_t ADR;                    /*!< Offset: 0x04C (R/ )  Auxiliary Feature Register */
 459:Generated_Source\PSoC6\pdl\cmsis/include/core_cm4.h ****   __IM  uint32_t MMFR[4U];               /*!< Offset: 0x050 (R/ )  Memory Model Feature Register */
 460:Generated_Source\PSoC6\pdl\cmsis/include/core_cm4.h ****   __IM  uint32_t ISAR[5U];               /*!< Offset: 0x060 (R/ )  Instruction Set Attributes Regis
 461:Generated_Source\PSoC6\pdl\cmsis/include/core_cm4.h ****         uint32_t RESERVED0[5U];
 462:Generated_Source\PSoC6\pdl\cmsis/include/core_cm4.h ****   __IOM uint32_t CPACR;                  /*!< Offset: 0x088 (R/W)  Coprocessor Access Control Regis
 463:Generated_Source\PSoC6\pdl\cmsis/include/core_cm4.h **** } SCB_Type;
 464:Generated_Source\PSoC6\pdl\cmsis/include/core_cm4.h **** 
 465:Generated_Source\PSoC6\pdl\cmsis/include/core_cm4.h **** /* SCB CPUID Register Definitions */
 466:Generated_Source\PSoC6\pdl\cmsis/include/core_cm4.h **** #define SCB_CPUID_IMPLEMENTER_Pos          24U                                            /*!< SCB 
 467:Generated_Source\PSoC6\pdl\cmsis/include/core_cm4.h **** #define SCB_CPUID_IMPLEMENTER_Msk          (0xFFUL << SCB_CPUID_IMPLEMENTER_Pos)          /*!< SCB 
 468:Generated_Source\PSoC6\pdl\cmsis/include/core_cm4.h **** 
 469:Generated_Source\PSoC6\pdl\cmsis/include/core_cm4.h **** #define SCB_CPUID_VARIANT_Pos              20U                                            /*!< SCB 
 470:Generated_Source\PSoC6\pdl\cmsis/include/core_cm4.h **** #define SCB_CPUID_VARIANT_Msk              (0xFUL << SCB_CPUID_VARIANT_Pos)               /*!< SCB 
 471:Generated_Source\PSoC6\pdl\cmsis/include/core_cm4.h **** 
 472:Generated_Source\PSoC6\pdl\cmsis/include/core_cm4.h **** #define SCB_CPUID_ARCHITECTURE_Pos         16U                                            /*!< SCB 
 473:Generated_Source\PSoC6\pdl\cmsis/include/core_cm4.h **** #define SCB_CPUID_ARCHITECTURE_Msk         (0xFUL << SCB_CPUID_ARCHITECTURE_Pos)          /*!< SCB 
 474:Generated_Source\PSoC6\pdl\cmsis/include/core_cm4.h **** 
 475:Generated_Source\PSoC6\pdl\cmsis/include/core_cm4.h **** #define SCB_CPUID_PARTNO_Pos                4U                                            /*!< SCB 
 476:Generated_Source\PSoC6\pdl\cmsis/include/core_cm4.h **** #define SCB_CPUID_PARTNO_Msk               (0xFFFUL << SCB_CPUID_PARTNO_Pos)              /*!< SCB 
 477:Generated_Source\PSoC6\pdl\cmsis/include/core_cm4.h **** 
 478:Generated_Source\PSoC6\pdl\cmsis/include/core_cm4.h **** #define SCB_CPUID_REVISION_Pos              0U                                            /*!< SCB 
 479:Generated_Source\PSoC6\pdl\cmsis/include/core_cm4.h **** #define SCB_CPUID_REVISION_Msk             (0xFUL /*<< SCB_CPUID_REVISION_Pos*/)          /*!< SCB 
 480:Generated_Source\PSoC6\pdl\cmsis/include/core_cm4.h **** 
 481:Generated_Source\PSoC6\pdl\cmsis/include/core_cm4.h **** /* SCB Interrupt Control State Register Definitions */
 482:Generated_Source\PSoC6\pdl\cmsis/include/core_cm4.h **** #define SCB_ICSR_NMIPENDSET_Pos            31U                                            /*!< SCB 
ARM GAS  C:\Users\Finik\AppData\Local\Temp\ccnRnT2c.s 			page 39


 483:Generated_Source\PSoC6\pdl\cmsis/include/core_cm4.h **** #define SCB_ICSR_NMIPENDSET_Msk            (1UL << SCB_ICSR_NMIPENDSET_Pos)               /*!< SCB 
 484:Generated_Source\PSoC6\pdl\cmsis/include/core_cm4.h **** 
 485:Generated_Source\PSoC6\pdl\cmsis/include/core_cm4.h **** #define SCB_ICSR_PENDSVSET_Pos             28U                                            /*!< SCB 
 486:Generated_Source\PSoC6\pdl\cmsis/include/core_cm4.h **** #define SCB_ICSR_PENDSVSET_Msk             (1UL << SCB_ICSR_PENDSVSET_Pos)                /*!< SCB 
 487:Generated_Source\PSoC6\pdl\cmsis/include/core_cm4.h **** 
 488:Generated_Source\PSoC6\pdl\cmsis/include/core_cm4.h **** #define SCB_ICSR_PENDSVCLR_Pos             27U                                            /*!< SCB 
 489:Generated_Source\PSoC6\pdl\cmsis/include/core_cm4.h **** #define SCB_ICSR_PENDSVCLR_Msk             (1UL << SCB_ICSR_PENDSVCLR_Pos)                /*!< SCB 
 490:Generated_Source\PSoC6\pdl\cmsis/include/core_cm4.h **** 
 491:Generated_Source\PSoC6\pdl\cmsis/include/core_cm4.h **** #define SCB_ICSR_PENDSTSET_Pos             26U                                            /*!< SCB 
 492:Generated_Source\PSoC6\pdl\cmsis/include/core_cm4.h **** #define SCB_ICSR_PENDSTSET_Msk             (1UL << SCB_ICSR_PENDSTSET_Pos)                /*!< SCB 
 493:Generated_Source\PSoC6\pdl\cmsis/include/core_cm4.h **** 
 494:Generated_Source\PSoC6\pdl\cmsis/include/core_cm4.h **** #define SCB_ICSR_PENDSTCLR_Pos             25U                                            /*!< SCB 
 495:Generated_Source\PSoC6\pdl\cmsis/include/core_cm4.h **** #define SCB_ICSR_PENDSTCLR_Msk             (1UL << SCB_ICSR_PENDSTCLR_Pos)                /*!< SCB 
 496:Generated_Source\PSoC6\pdl\cmsis/include/core_cm4.h **** 
 497:Generated_Source\PSoC6\pdl\cmsis/include/core_cm4.h **** #define SCB_ICSR_ISRPREEMPT_Pos            23U                                            /*!< SCB 
 498:Generated_Source\PSoC6\pdl\cmsis/include/core_cm4.h **** #define SCB_ICSR_ISRPREEMPT_Msk            (1UL << SCB_ICSR_ISRPREEMPT_Pos)               /*!< SCB 
 499:Generated_Source\PSoC6\pdl\cmsis/include/core_cm4.h **** 
 500:Generated_Source\PSoC6\pdl\cmsis/include/core_cm4.h **** #define SCB_ICSR_ISRPENDING_Pos            22U                                            /*!< SCB 
 501:Generated_Source\PSoC6\pdl\cmsis/include/core_cm4.h **** #define SCB_ICSR_ISRPENDING_Msk            (1UL << SCB_ICSR_ISRPENDING_Pos)               /*!< SCB 
 502:Generated_Source\PSoC6\pdl\cmsis/include/core_cm4.h **** 
 503:Generated_Source\PSoC6\pdl\cmsis/include/core_cm4.h **** #define SCB_ICSR_VECTPENDING_Pos           12U                                            /*!< SCB 
 504:Generated_Source\PSoC6\pdl\cmsis/include/core_cm4.h **** #define SCB_ICSR_VECTPENDING_Msk           (0x1FFUL << SCB_ICSR_VECTPENDING_Pos)          /*!< SCB 
 505:Generated_Source\PSoC6\pdl\cmsis/include/core_cm4.h **** 
 506:Generated_Source\PSoC6\pdl\cmsis/include/core_cm4.h **** #define SCB_ICSR_RETTOBASE_Pos             11U                                            /*!< SCB 
 507:Generated_Source\PSoC6\pdl\cmsis/include/core_cm4.h **** #define SCB_ICSR_RETTOBASE_Msk             (1UL << SCB_ICSR_RETTOBASE_Pos)                /*!< SCB 
 508:Generated_Source\PSoC6\pdl\cmsis/include/core_cm4.h **** 
 509:Generated_Source\PSoC6\pdl\cmsis/include/core_cm4.h **** #define SCB_ICSR_VECTACTIVE_Pos             0U                                            /*!< SCB 
 510:Generated_Source\PSoC6\pdl\cmsis/include/core_cm4.h **** #define SCB_ICSR_VECTACTIVE_Msk            (0x1FFUL /*<< SCB_ICSR_VECTACTIVE_Pos*/)       /*!< SCB 
 511:Generated_Source\PSoC6\pdl\cmsis/include/core_cm4.h **** 
 512:Generated_Source\PSoC6\pdl\cmsis/include/core_cm4.h **** /* SCB Vector Table Offset Register Definitions */
 513:Generated_Source\PSoC6\pdl\cmsis/include/core_cm4.h **** #define SCB_VTOR_TBLOFF_Pos                 7U                                            /*!< SCB 
 514:Generated_Source\PSoC6\pdl\cmsis/include/core_cm4.h **** #define SCB_VTOR_TBLOFF_Msk                (0x1FFFFFFUL << SCB_VTOR_TBLOFF_Pos)           /*!< SCB 
 515:Generated_Source\PSoC6\pdl\cmsis/include/core_cm4.h **** 
 516:Generated_Source\PSoC6\pdl\cmsis/include/core_cm4.h **** /* SCB Application Interrupt and Reset Control Register Definitions */
 517:Generated_Source\PSoC6\pdl\cmsis/include/core_cm4.h **** #define SCB_AIRCR_VECTKEY_Pos              16U                                            /*!< SCB 
 518:Generated_Source\PSoC6\pdl\cmsis/include/core_cm4.h **** #define SCB_AIRCR_VECTKEY_Msk              (0xFFFFUL << SCB_AIRCR_VECTKEY_Pos)            /*!< SCB 
 519:Generated_Source\PSoC6\pdl\cmsis/include/core_cm4.h **** 
 520:Generated_Source\PSoC6\pdl\cmsis/include/core_cm4.h **** #define SCB_AIRCR_VECTKEYSTAT_Pos          16U                                            /*!< SCB 
 521:Generated_Source\PSoC6\pdl\cmsis/include/core_cm4.h **** #define SCB_AIRCR_VECTKEYSTAT_Msk          (0xFFFFUL << SCB_AIRCR_VECTKEYSTAT_Pos)        /*!< SCB 
 522:Generated_Source\PSoC6\pdl\cmsis/include/core_cm4.h **** 
 523:Generated_Source\PSoC6\pdl\cmsis/include/core_cm4.h **** #define SCB_AIRCR_ENDIANESS_Pos            15U                                            /*!< SCB 
 524:Generated_Source\PSoC6\pdl\cmsis/include/core_cm4.h **** #define SCB_AIRCR_ENDIANESS_Msk            (1UL << SCB_AIRCR_ENDIANESS_Pos)               /*!< SCB 
 525:Generated_Source\PSoC6\pdl\cmsis/include/core_cm4.h **** 
 526:Generated_Source\PSoC6\pdl\cmsis/include/core_cm4.h **** #define SCB_AIRCR_PRIGROUP_Pos              8U                                            /*!< SCB 
 527:Generated_Source\PSoC6\pdl\cmsis/include/core_cm4.h **** #define SCB_AIRCR_PRIGROUP_Msk             (7UL << SCB_AIRCR_PRIGROUP_Pos)                /*!< SCB 
 528:Generated_Source\PSoC6\pdl\cmsis/include/core_cm4.h **** 
 529:Generated_Source\PSoC6\pdl\cmsis/include/core_cm4.h **** #define SCB_AIRCR_SYSRESETREQ_Pos           2U                                            /*!< SCB 
 530:Generated_Source\PSoC6\pdl\cmsis/include/core_cm4.h **** #define SCB_AIRCR_SYSRESETREQ_Msk          (1UL << SCB_AIRCR_SYSRESETREQ_Pos)             /*!< SCB 
 531:Generated_Source\PSoC6\pdl\cmsis/include/core_cm4.h **** 
 532:Generated_Source\PSoC6\pdl\cmsis/include/core_cm4.h **** #define SCB_AIRCR_VECTCLRACTIVE_Pos         1U                                            /*!< SCB 
 533:Generated_Source\PSoC6\pdl\cmsis/include/core_cm4.h **** #define SCB_AIRCR_VECTCLRACTIVE_Msk        (1UL << SCB_AIRCR_VECTCLRACTIVE_Pos)           /*!< SCB 
 534:Generated_Source\PSoC6\pdl\cmsis/include/core_cm4.h **** 
 535:Generated_Source\PSoC6\pdl\cmsis/include/core_cm4.h **** #define SCB_AIRCR_VECTRESET_Pos             0U                                            /*!< SCB 
 536:Generated_Source\PSoC6\pdl\cmsis/include/core_cm4.h **** #define SCB_AIRCR_VECTRESET_Msk            (1UL /*<< SCB_AIRCR_VECTRESET_Pos*/)           /*!< SCB 
 537:Generated_Source\PSoC6\pdl\cmsis/include/core_cm4.h **** 
 538:Generated_Source\PSoC6\pdl\cmsis/include/core_cm4.h **** /* SCB System Control Register Definitions */
 539:Generated_Source\PSoC6\pdl\cmsis/include/core_cm4.h **** #define SCB_SCR_SEVONPEND_Pos               4U                                            /*!< SCB 
ARM GAS  C:\Users\Finik\AppData\Local\Temp\ccnRnT2c.s 			page 40


 540:Generated_Source\PSoC6\pdl\cmsis/include/core_cm4.h **** #define SCB_SCR_SEVONPEND_Msk              (1UL << SCB_SCR_SEVONPEND_Pos)                 /*!< SCB 
 541:Generated_Source\PSoC6\pdl\cmsis/include/core_cm4.h **** 
 542:Generated_Source\PSoC6\pdl\cmsis/include/core_cm4.h **** #define SCB_SCR_SLEEPDEEP_Pos               2U                                            /*!< SCB 
 543:Generated_Source\PSoC6\pdl\cmsis/include/core_cm4.h **** #define SCB_SCR_SLEEPDEEP_Msk              (1UL << SCB_SCR_SLEEPDEEP_Pos)                 /*!< SCB 
 544:Generated_Source\PSoC6\pdl\cmsis/include/core_cm4.h **** 
 545:Generated_Source\PSoC6\pdl\cmsis/include/core_cm4.h **** #define SCB_SCR_SLEEPONEXIT_Pos             1U                                            /*!< SCB 
 546:Generated_Source\PSoC6\pdl\cmsis/include/core_cm4.h **** #define SCB_SCR_SLEEPONEXIT_Msk            (1UL << SCB_SCR_SLEEPONEXIT_Pos)               /*!< SCB 
 547:Generated_Source\PSoC6\pdl\cmsis/include/core_cm4.h **** 
 548:Generated_Source\PSoC6\pdl\cmsis/include/core_cm4.h **** /* SCB Configuration Control Register Definitions */
 549:Generated_Source\PSoC6\pdl\cmsis/include/core_cm4.h **** #define SCB_CCR_STKALIGN_Pos                9U                                            /*!< SCB 
 550:Generated_Source\PSoC6\pdl\cmsis/include/core_cm4.h **** #define SCB_CCR_STKALIGN_Msk               (1UL << SCB_CCR_STKALIGN_Pos)                  /*!< SCB 
 551:Generated_Source\PSoC6\pdl\cmsis/include/core_cm4.h **** 
 552:Generated_Source\PSoC6\pdl\cmsis/include/core_cm4.h **** #define SCB_CCR_BFHFNMIGN_Pos               8U                                            /*!< SCB 
 553:Generated_Source\PSoC6\pdl\cmsis/include/core_cm4.h **** #define SCB_CCR_BFHFNMIGN_Msk              (1UL << SCB_CCR_BFHFNMIGN_Pos)                 /*!< SCB 
 554:Generated_Source\PSoC6\pdl\cmsis/include/core_cm4.h **** 
 555:Generated_Source\PSoC6\pdl\cmsis/include/core_cm4.h **** #define SCB_CCR_DIV_0_TRP_Pos               4U                                            /*!< SCB 
 556:Generated_Source\PSoC6\pdl\cmsis/include/core_cm4.h **** #define SCB_CCR_DIV_0_TRP_Msk              (1UL << SCB_CCR_DIV_0_TRP_Pos)                 /*!< SCB 
 557:Generated_Source\PSoC6\pdl\cmsis/include/core_cm4.h **** 
 558:Generated_Source\PSoC6\pdl\cmsis/include/core_cm4.h **** #define SCB_CCR_UNALIGN_TRP_Pos             3U                                            /*!< SCB 
 559:Generated_Source\PSoC6\pdl\cmsis/include/core_cm4.h **** #define SCB_CCR_UNALIGN_TRP_Msk            (1UL << SCB_CCR_UNALIGN_TRP_Pos)               /*!< SCB 
 560:Generated_Source\PSoC6\pdl\cmsis/include/core_cm4.h **** 
 561:Generated_Source\PSoC6\pdl\cmsis/include/core_cm4.h **** #define SCB_CCR_USERSETMPEND_Pos            1U                                            /*!< SCB 
 562:Generated_Source\PSoC6\pdl\cmsis/include/core_cm4.h **** #define SCB_CCR_USERSETMPEND_Msk           (1UL << SCB_CCR_USERSETMPEND_Pos)              /*!< SCB 
 563:Generated_Source\PSoC6\pdl\cmsis/include/core_cm4.h **** 
 564:Generated_Source\PSoC6\pdl\cmsis/include/core_cm4.h **** #define SCB_CCR_NONBASETHRDENA_Pos          0U                                            /*!< SCB 
 565:Generated_Source\PSoC6\pdl\cmsis/include/core_cm4.h **** #define SCB_CCR_NONBASETHRDENA_Msk         (1UL /*<< SCB_CCR_NONBASETHRDENA_Pos*/)        /*!< SCB 
 566:Generated_Source\PSoC6\pdl\cmsis/include/core_cm4.h **** 
 567:Generated_Source\PSoC6\pdl\cmsis/include/core_cm4.h **** /* SCB System Handler Control and State Register Definitions */
 568:Generated_Source\PSoC6\pdl\cmsis/include/core_cm4.h **** #define SCB_SHCSR_USGFAULTENA_Pos          18U                                            /*!< SCB 
 569:Generated_Source\PSoC6\pdl\cmsis/include/core_cm4.h **** #define SCB_SHCSR_USGFAULTENA_Msk          (1UL << SCB_SHCSR_USGFAULTENA_Pos)             /*!< SCB 
 570:Generated_Source\PSoC6\pdl\cmsis/include/core_cm4.h **** 
 571:Generated_Source\PSoC6\pdl\cmsis/include/core_cm4.h **** #define SCB_SHCSR_BUSFAULTENA_Pos          17U                                            /*!< SCB 
 572:Generated_Source\PSoC6\pdl\cmsis/include/core_cm4.h **** #define SCB_SHCSR_BUSFAULTENA_Msk          (1UL << SCB_SHCSR_BUSFAULTENA_Pos)             /*!< SCB 
 573:Generated_Source\PSoC6\pdl\cmsis/include/core_cm4.h **** 
 574:Generated_Source\PSoC6\pdl\cmsis/include/core_cm4.h **** #define SCB_SHCSR_MEMFAULTENA_Pos          16U                                            /*!< SCB 
 575:Generated_Source\PSoC6\pdl\cmsis/include/core_cm4.h **** #define SCB_SHCSR_MEMFAULTENA_Msk          (1UL << SCB_SHCSR_MEMFAULTENA_Pos)             /*!< SCB 
 576:Generated_Source\PSoC6\pdl\cmsis/include/core_cm4.h **** 
 577:Generated_Source\PSoC6\pdl\cmsis/include/core_cm4.h **** #define SCB_SHCSR_SVCALLPENDED_Pos         15U                                            /*!< SCB 
 578:Generated_Source\PSoC6\pdl\cmsis/include/core_cm4.h **** #define SCB_SHCSR_SVCALLPENDED_Msk         (1UL << SCB_SHCSR_SVCALLPENDED_Pos)            /*!< SCB 
 579:Generated_Source\PSoC6\pdl\cmsis/include/core_cm4.h **** 
 580:Generated_Source\PSoC6\pdl\cmsis/include/core_cm4.h **** #define SCB_SHCSR_BUSFAULTPENDED_Pos       14U                                            /*!< SCB 
 581:Generated_Source\PSoC6\pdl\cmsis/include/core_cm4.h **** #define SCB_SHCSR_BUSFAULTPENDED_Msk       (1UL << SCB_SHCSR_BUSFAULTPENDED_Pos)          /*!< SCB 
 582:Generated_Source\PSoC6\pdl\cmsis/include/core_cm4.h **** 
 583:Generated_Source\PSoC6\pdl\cmsis/include/core_cm4.h **** #define SCB_SHCSR_MEMFAULTPENDED_Pos       13U                                            /*!< SCB 
 584:Generated_Source\PSoC6\pdl\cmsis/include/core_cm4.h **** #define SCB_SHCSR_MEMFAULTPENDED_Msk       (1UL << SCB_SHCSR_MEMFAULTPENDED_Pos)          /*!< SCB 
 585:Generated_Source\PSoC6\pdl\cmsis/include/core_cm4.h **** 
 586:Generated_Source\PSoC6\pdl\cmsis/include/core_cm4.h **** #define SCB_SHCSR_USGFAULTPENDED_Pos       12U                                            /*!< SCB 
 587:Generated_Source\PSoC6\pdl\cmsis/include/core_cm4.h **** #define SCB_SHCSR_USGFAULTPENDED_Msk       (1UL << SCB_SHCSR_USGFAULTPENDED_Pos)          /*!< SCB 
 588:Generated_Source\PSoC6\pdl\cmsis/include/core_cm4.h **** 
 589:Generated_Source\PSoC6\pdl\cmsis/include/core_cm4.h **** #define SCB_SHCSR_SYSTICKACT_Pos           11U                                            /*!< SCB 
 590:Generated_Source\PSoC6\pdl\cmsis/include/core_cm4.h **** #define SCB_SHCSR_SYSTICKACT_Msk           (1UL << SCB_SHCSR_SYSTICKACT_Pos)              /*!< SCB 
 591:Generated_Source\PSoC6\pdl\cmsis/include/core_cm4.h **** 
 592:Generated_Source\PSoC6\pdl\cmsis/include/core_cm4.h **** #define SCB_SHCSR_PENDSVACT_Pos            10U                                            /*!< SCB 
 593:Generated_Source\PSoC6\pdl\cmsis/include/core_cm4.h **** #define SCB_SHCSR_PENDSVACT_Msk            (1UL << SCB_SHCSR_PENDSVACT_Pos)               /*!< SCB 
 594:Generated_Source\PSoC6\pdl\cmsis/include/core_cm4.h **** 
 595:Generated_Source\PSoC6\pdl\cmsis/include/core_cm4.h **** #define SCB_SHCSR_MONITORACT_Pos            8U                                            /*!< SCB 
 596:Generated_Source\PSoC6\pdl\cmsis/include/core_cm4.h **** #define SCB_SHCSR_MONITORACT_Msk           (1UL << SCB_SHCSR_MONITORACT_Pos)              /*!< SCB 
ARM GAS  C:\Users\Finik\AppData\Local\Temp\ccnRnT2c.s 			page 41


 597:Generated_Source\PSoC6\pdl\cmsis/include/core_cm4.h **** 
 598:Generated_Source\PSoC6\pdl\cmsis/include/core_cm4.h **** #define SCB_SHCSR_SVCALLACT_Pos             7U                                            /*!< SCB 
 599:Generated_Source\PSoC6\pdl\cmsis/include/core_cm4.h **** #define SCB_SHCSR_SVCALLACT_Msk            (1UL << SCB_SHCSR_SVCALLACT_Pos)               /*!< SCB 
 600:Generated_Source\PSoC6\pdl\cmsis/include/core_cm4.h **** 
 601:Generated_Source\PSoC6\pdl\cmsis/include/core_cm4.h **** #define SCB_SHCSR_USGFAULTACT_Pos           3U                                            /*!< SCB 
 602:Generated_Source\PSoC6\pdl\cmsis/include/core_cm4.h **** #define SCB_SHCSR_USGFAULTACT_Msk          (1UL << SCB_SHCSR_USGFAULTACT_Pos)             /*!< SCB 
 603:Generated_Source\PSoC6\pdl\cmsis/include/core_cm4.h **** 
 604:Generated_Source\PSoC6\pdl\cmsis/include/core_cm4.h **** #define SCB_SHCSR_BUSFAULTACT_Pos           1U                                            /*!< SCB 
 605:Generated_Source\PSoC6\pdl\cmsis/include/core_cm4.h **** #define SCB_SHCSR_BUSFAULTACT_Msk          (1UL << SCB_SHCSR_BUSFAULTACT_Pos)             /*!< SCB 
 606:Generated_Source\PSoC6\pdl\cmsis/include/core_cm4.h **** 
 607:Generated_Source\PSoC6\pdl\cmsis/include/core_cm4.h **** #define SCB_SHCSR_MEMFAULTACT_Pos           0U                                            /*!< SCB 
 608:Generated_Source\PSoC6\pdl\cmsis/include/core_cm4.h **** #define SCB_SHCSR_MEMFAULTACT_Msk          (1UL /*<< SCB_SHCSR_MEMFAULTACT_Pos*/)         /*!< SCB 
 609:Generated_Source\PSoC6\pdl\cmsis/include/core_cm4.h **** 
 610:Generated_Source\PSoC6\pdl\cmsis/include/core_cm4.h **** /* SCB Configurable Fault Status Register Definitions */
 611:Generated_Source\PSoC6\pdl\cmsis/include/core_cm4.h **** #define SCB_CFSR_USGFAULTSR_Pos            16U                                            /*!< SCB 
 612:Generated_Source\PSoC6\pdl\cmsis/include/core_cm4.h **** #define SCB_CFSR_USGFAULTSR_Msk            (0xFFFFUL << SCB_CFSR_USGFAULTSR_Pos)          /*!< SCB 
 613:Generated_Source\PSoC6\pdl\cmsis/include/core_cm4.h **** 
 614:Generated_Source\PSoC6\pdl\cmsis/include/core_cm4.h **** #define SCB_CFSR_BUSFAULTSR_Pos             8U                                            /*!< SCB 
 615:Generated_Source\PSoC6\pdl\cmsis/include/core_cm4.h **** #define SCB_CFSR_BUSFAULTSR_Msk            (0xFFUL << SCB_CFSR_BUSFAULTSR_Pos)            /*!< SCB 
 616:Generated_Source\PSoC6\pdl\cmsis/include/core_cm4.h **** 
 617:Generated_Source\PSoC6\pdl\cmsis/include/core_cm4.h **** #define SCB_CFSR_MEMFAULTSR_Pos             0U                                            /*!< SCB 
 618:Generated_Source\PSoC6\pdl\cmsis/include/core_cm4.h **** #define SCB_CFSR_MEMFAULTSR_Msk            (0xFFUL /*<< SCB_CFSR_MEMFAULTSR_Pos*/)        /*!< SCB 
 619:Generated_Source\PSoC6\pdl\cmsis/include/core_cm4.h **** 
 620:Generated_Source\PSoC6\pdl\cmsis/include/core_cm4.h **** /* MemManage Fault Status Register (part of SCB Configurable Fault Status Register) */
 621:Generated_Source\PSoC6\pdl\cmsis/include/core_cm4.h **** #define SCB_CFSR_MMARVALID_Pos             (SCB_SHCSR_MEMFAULTACT_Pos + 7U)               /*!< SCB 
 622:Generated_Source\PSoC6\pdl\cmsis/include/core_cm4.h **** #define SCB_CFSR_MMARVALID_Msk             (1UL << SCB_CFSR_MMARVALID_Pos)                /*!< SCB 
 623:Generated_Source\PSoC6\pdl\cmsis/include/core_cm4.h **** 
 624:Generated_Source\PSoC6\pdl\cmsis/include/core_cm4.h **** #define SCB_CFSR_MLSPERR_Pos               (SCB_SHCSR_MEMFAULTACT_Pos + 5U)               /*!< SCB 
 625:Generated_Source\PSoC6\pdl\cmsis/include/core_cm4.h **** #define SCB_CFSR_MLSPERR_Msk               (1UL << SCB_CFSR_MLSPERR_Pos)                  /*!< SCB 
 626:Generated_Source\PSoC6\pdl\cmsis/include/core_cm4.h **** 
 627:Generated_Source\PSoC6\pdl\cmsis/include/core_cm4.h **** #define SCB_CFSR_MSTKERR_Pos               (SCB_SHCSR_MEMFAULTACT_Pos + 4U)               /*!< SCB 
 628:Generated_Source\PSoC6\pdl\cmsis/include/core_cm4.h **** #define SCB_CFSR_MSTKERR_Msk               (1UL << SCB_CFSR_MSTKERR_Pos)                  /*!< SCB 
 629:Generated_Source\PSoC6\pdl\cmsis/include/core_cm4.h **** 
 630:Generated_Source\PSoC6\pdl\cmsis/include/core_cm4.h **** #define SCB_CFSR_MUNSTKERR_Pos             (SCB_SHCSR_MEMFAULTACT_Pos + 3U)               /*!< SCB 
 631:Generated_Source\PSoC6\pdl\cmsis/include/core_cm4.h **** #define SCB_CFSR_MUNSTKERR_Msk             (1UL << SCB_CFSR_MUNSTKERR_Pos)                /*!< SCB 
 632:Generated_Source\PSoC6\pdl\cmsis/include/core_cm4.h **** 
 633:Generated_Source\PSoC6\pdl\cmsis/include/core_cm4.h **** #define SCB_CFSR_DACCVIOL_Pos              (SCB_SHCSR_MEMFAULTACT_Pos + 1U)               /*!< SCB 
 634:Generated_Source\PSoC6\pdl\cmsis/include/core_cm4.h **** #define SCB_CFSR_DACCVIOL_Msk              (1UL << SCB_CFSR_DACCVIOL_Pos)                 /*!< SCB 
 635:Generated_Source\PSoC6\pdl\cmsis/include/core_cm4.h **** 
 636:Generated_Source\PSoC6\pdl\cmsis/include/core_cm4.h **** #define SCB_CFSR_IACCVIOL_Pos              (SCB_SHCSR_MEMFAULTACT_Pos + 0U)               /*!< SCB 
 637:Generated_Source\PSoC6\pdl\cmsis/include/core_cm4.h **** #define SCB_CFSR_IACCVIOL_Msk              (1UL /*<< SCB_CFSR_IACCVIOL_Pos*/)             /*!< SCB 
 638:Generated_Source\PSoC6\pdl\cmsis/include/core_cm4.h **** 
 639:Generated_Source\PSoC6\pdl\cmsis/include/core_cm4.h **** /* BusFault Status Register (part of SCB Configurable Fault Status Register) */
 640:Generated_Source\PSoC6\pdl\cmsis/include/core_cm4.h **** #define SCB_CFSR_BFARVALID_Pos            (SCB_CFSR_BUSFAULTSR_Pos + 7U)                  /*!< SCB 
 641:Generated_Source\PSoC6\pdl\cmsis/include/core_cm4.h **** #define SCB_CFSR_BFARVALID_Msk            (1UL << SCB_CFSR_BFARVALID_Pos)                 /*!< SCB 
 642:Generated_Source\PSoC6\pdl\cmsis/include/core_cm4.h **** 
 643:Generated_Source\PSoC6\pdl\cmsis/include/core_cm4.h **** #define SCB_CFSR_LSPERR_Pos               (SCB_CFSR_BUSFAULTSR_Pos + 5U)                  /*!< SCB 
 644:Generated_Source\PSoC6\pdl\cmsis/include/core_cm4.h **** #define SCB_CFSR_LSPERR_Msk               (1UL << SCB_CFSR_LSPERR_Pos)                    /*!< SCB 
 645:Generated_Source\PSoC6\pdl\cmsis/include/core_cm4.h **** 
 646:Generated_Source\PSoC6\pdl\cmsis/include/core_cm4.h **** #define SCB_CFSR_STKERR_Pos               (SCB_CFSR_BUSFAULTSR_Pos + 4U)                  /*!< SCB 
 647:Generated_Source\PSoC6\pdl\cmsis/include/core_cm4.h **** #define SCB_CFSR_STKERR_Msk               (1UL << SCB_CFSR_STKERR_Pos)                    /*!< SCB 
 648:Generated_Source\PSoC6\pdl\cmsis/include/core_cm4.h **** 
 649:Generated_Source\PSoC6\pdl\cmsis/include/core_cm4.h **** #define SCB_CFSR_UNSTKERR_Pos             (SCB_CFSR_BUSFAULTSR_Pos + 3U)                  /*!< SCB 
 650:Generated_Source\PSoC6\pdl\cmsis/include/core_cm4.h **** #define SCB_CFSR_UNSTKERR_Msk             (1UL << SCB_CFSR_UNSTKERR_Pos)                  /*!< SCB 
 651:Generated_Source\PSoC6\pdl\cmsis/include/core_cm4.h **** 
 652:Generated_Source\PSoC6\pdl\cmsis/include/core_cm4.h **** #define SCB_CFSR_IMPRECISERR_Pos          (SCB_CFSR_BUSFAULTSR_Pos + 2U)                  /*!< SCB 
 653:Generated_Source\PSoC6\pdl\cmsis/include/core_cm4.h **** #define SCB_CFSR_IMPRECISERR_Msk          (1UL << SCB_CFSR_IMPRECISERR_Pos)               /*!< SCB 
ARM GAS  C:\Users\Finik\AppData\Local\Temp\ccnRnT2c.s 			page 42


 654:Generated_Source\PSoC6\pdl\cmsis/include/core_cm4.h **** 
 655:Generated_Source\PSoC6\pdl\cmsis/include/core_cm4.h **** #define SCB_CFSR_PRECISERR_Pos            (SCB_CFSR_BUSFAULTSR_Pos + 1U)                  /*!< SCB 
 656:Generated_Source\PSoC6\pdl\cmsis/include/core_cm4.h **** #define SCB_CFSR_PRECISERR_Msk            (1UL << SCB_CFSR_PRECISERR_Pos)                 /*!< SCB 
 657:Generated_Source\PSoC6\pdl\cmsis/include/core_cm4.h **** 
 658:Generated_Source\PSoC6\pdl\cmsis/include/core_cm4.h **** #define SCB_CFSR_IBUSERR_Pos              (SCB_CFSR_BUSFAULTSR_Pos + 0U)                  /*!< SCB 
 659:Generated_Source\PSoC6\pdl\cmsis/include/core_cm4.h **** #define SCB_CFSR_IBUSERR_Msk              (1UL << SCB_CFSR_IBUSERR_Pos)                   /*!< SCB 
 660:Generated_Source\PSoC6\pdl\cmsis/include/core_cm4.h **** 
 661:Generated_Source\PSoC6\pdl\cmsis/include/core_cm4.h **** /* UsageFault Status Register (part of SCB Configurable Fault Status Register) */
 662:Generated_Source\PSoC6\pdl\cmsis/include/core_cm4.h **** #define SCB_CFSR_DIVBYZERO_Pos            (SCB_CFSR_USGFAULTSR_Pos + 9U)                  /*!< SCB 
 663:Generated_Source\PSoC6\pdl\cmsis/include/core_cm4.h **** #define SCB_CFSR_DIVBYZERO_Msk            (1UL << SCB_CFSR_DIVBYZERO_Pos)                 /*!< SCB 
 664:Generated_Source\PSoC6\pdl\cmsis/include/core_cm4.h **** 
 665:Generated_Source\PSoC6\pdl\cmsis/include/core_cm4.h **** #define SCB_CFSR_UNALIGNED_Pos            (SCB_CFSR_USGFAULTSR_Pos + 8U)                  /*!< SCB 
 666:Generated_Source\PSoC6\pdl\cmsis/include/core_cm4.h **** #define SCB_CFSR_UNALIGNED_Msk            (1UL << SCB_CFSR_UNALIGNED_Pos)                 /*!< SCB 
 667:Generated_Source\PSoC6\pdl\cmsis/include/core_cm4.h **** 
 668:Generated_Source\PSoC6\pdl\cmsis/include/core_cm4.h **** #define SCB_CFSR_NOCP_Pos                 (SCB_CFSR_USGFAULTSR_Pos + 3U)                  /*!< SCB 
 669:Generated_Source\PSoC6\pdl\cmsis/include/core_cm4.h **** #define SCB_CFSR_NOCP_Msk                 (1UL << SCB_CFSR_NOCP_Pos)                      /*!< SCB 
 670:Generated_Source\PSoC6\pdl\cmsis/include/core_cm4.h **** 
 671:Generated_Source\PSoC6\pdl\cmsis/include/core_cm4.h **** #define SCB_CFSR_INVPC_Pos                (SCB_CFSR_USGFAULTSR_Pos + 2U)                  /*!< SCB 
 672:Generated_Source\PSoC6\pdl\cmsis/include/core_cm4.h **** #define SCB_CFSR_INVPC_Msk                (1UL << SCB_CFSR_INVPC_Pos)                     /*!< SCB 
 673:Generated_Source\PSoC6\pdl\cmsis/include/core_cm4.h **** 
 674:Generated_Source\PSoC6\pdl\cmsis/include/core_cm4.h **** #define SCB_CFSR_INVSTATE_Pos             (SCB_CFSR_USGFAULTSR_Pos + 1U)                  /*!< SCB 
 675:Generated_Source\PSoC6\pdl\cmsis/include/core_cm4.h **** #define SCB_CFSR_INVSTATE_Msk             (1UL << SCB_CFSR_INVSTATE_Pos)                  /*!< SCB 
 676:Generated_Source\PSoC6\pdl\cmsis/include/core_cm4.h **** 
 677:Generated_Source\PSoC6\pdl\cmsis/include/core_cm4.h **** #define SCB_CFSR_UNDEFINSTR_Pos           (SCB_CFSR_USGFAULTSR_Pos + 0U)                  /*!< SCB 
 678:Generated_Source\PSoC6\pdl\cmsis/include/core_cm4.h **** #define SCB_CFSR_UNDEFINSTR_Msk           (1UL << SCB_CFSR_UNDEFINSTR_Pos)                /*!< SCB 
 679:Generated_Source\PSoC6\pdl\cmsis/include/core_cm4.h **** 
 680:Generated_Source\PSoC6\pdl\cmsis/include/core_cm4.h **** /* SCB Hard Fault Status Register Definitions */
 681:Generated_Source\PSoC6\pdl\cmsis/include/core_cm4.h **** #define SCB_HFSR_DEBUGEVT_Pos              31U                                            /*!< SCB 
 682:Generated_Source\PSoC6\pdl\cmsis/include/core_cm4.h **** #define SCB_HFSR_DEBUGEVT_Msk              (1UL << SCB_HFSR_DEBUGEVT_Pos)                 /*!< SCB 
 683:Generated_Source\PSoC6\pdl\cmsis/include/core_cm4.h **** 
 684:Generated_Source\PSoC6\pdl\cmsis/include/core_cm4.h **** #define SCB_HFSR_FORCED_Pos                30U                                            /*!< SCB 
 685:Generated_Source\PSoC6\pdl\cmsis/include/core_cm4.h **** #define SCB_HFSR_FORCED_Msk                (1UL << SCB_HFSR_FORCED_Pos)                   /*!< SCB 
 686:Generated_Source\PSoC6\pdl\cmsis/include/core_cm4.h **** 
 687:Generated_Source\PSoC6\pdl\cmsis/include/core_cm4.h **** #define SCB_HFSR_VECTTBL_Pos                1U                                            /*!< SCB 
 688:Generated_Source\PSoC6\pdl\cmsis/include/core_cm4.h **** #define SCB_HFSR_VECTTBL_Msk               (1UL << SCB_HFSR_VECTTBL_Pos)                  /*!< SCB 
 689:Generated_Source\PSoC6\pdl\cmsis/include/core_cm4.h **** 
 690:Generated_Source\PSoC6\pdl\cmsis/include/core_cm4.h **** /* SCB Debug Fault Status Register Definitions */
 691:Generated_Source\PSoC6\pdl\cmsis/include/core_cm4.h **** #define SCB_DFSR_EXTERNAL_Pos               4U                                            /*!< SCB 
 692:Generated_Source\PSoC6\pdl\cmsis/include/core_cm4.h **** #define SCB_DFSR_EXTERNAL_Msk              (1UL << SCB_DFSR_EXTERNAL_Pos)                 /*!< SCB 
 693:Generated_Source\PSoC6\pdl\cmsis/include/core_cm4.h **** 
 694:Generated_Source\PSoC6\pdl\cmsis/include/core_cm4.h **** #define SCB_DFSR_VCATCH_Pos                 3U                                            /*!< SCB 
 695:Generated_Source\PSoC6\pdl\cmsis/include/core_cm4.h **** #define SCB_DFSR_VCATCH_Msk                (1UL << SCB_DFSR_VCATCH_Pos)                   /*!< SCB 
 696:Generated_Source\PSoC6\pdl\cmsis/include/core_cm4.h **** 
 697:Generated_Source\PSoC6\pdl\cmsis/include/core_cm4.h **** #define SCB_DFSR_DWTTRAP_Pos                2U                                            /*!< SCB 
 698:Generated_Source\PSoC6\pdl\cmsis/include/core_cm4.h **** #define SCB_DFSR_DWTTRAP_Msk               (1UL << SCB_DFSR_DWTTRAP_Pos)                  /*!< SCB 
 699:Generated_Source\PSoC6\pdl\cmsis/include/core_cm4.h **** 
 700:Generated_Source\PSoC6\pdl\cmsis/include/core_cm4.h **** #define SCB_DFSR_BKPT_Pos                   1U                                            /*!< SCB 
 701:Generated_Source\PSoC6\pdl\cmsis/include/core_cm4.h **** #define SCB_DFSR_BKPT_Msk                  (1UL << SCB_DFSR_BKPT_Pos)                     /*!< SCB 
 702:Generated_Source\PSoC6\pdl\cmsis/include/core_cm4.h **** 
 703:Generated_Source\PSoC6\pdl\cmsis/include/core_cm4.h **** #define SCB_DFSR_HALTED_Pos                 0U                                            /*!< SCB 
 704:Generated_Source\PSoC6\pdl\cmsis/include/core_cm4.h **** #define SCB_DFSR_HALTED_Msk                (1UL /*<< SCB_DFSR_HALTED_Pos*/)               /*!< SCB 
 705:Generated_Source\PSoC6\pdl\cmsis/include/core_cm4.h **** 
 706:Generated_Source\PSoC6\pdl\cmsis/include/core_cm4.h **** /*@} end of group CMSIS_SCB */
 707:Generated_Source\PSoC6\pdl\cmsis/include/core_cm4.h **** 
 708:Generated_Source\PSoC6\pdl\cmsis/include/core_cm4.h **** 
 709:Generated_Source\PSoC6\pdl\cmsis/include/core_cm4.h **** /**
 710:Generated_Source\PSoC6\pdl\cmsis/include/core_cm4.h ****   \ingroup  CMSIS_core_register
ARM GAS  C:\Users\Finik\AppData\Local\Temp\ccnRnT2c.s 			page 43


 711:Generated_Source\PSoC6\pdl\cmsis/include/core_cm4.h ****   \defgroup CMSIS_SCnSCB System Controls not in SCB (SCnSCB)
 712:Generated_Source\PSoC6\pdl\cmsis/include/core_cm4.h ****   \brief    Type definitions for the System Control and ID Register not in the SCB
 713:Generated_Source\PSoC6\pdl\cmsis/include/core_cm4.h ****   @{
 714:Generated_Source\PSoC6\pdl\cmsis/include/core_cm4.h ****  */
 715:Generated_Source\PSoC6\pdl\cmsis/include/core_cm4.h **** 
 716:Generated_Source\PSoC6\pdl\cmsis/include/core_cm4.h **** /**
 717:Generated_Source\PSoC6\pdl\cmsis/include/core_cm4.h ****   \brief  Structure type to access the System Control and ID Register not in the SCB.
 718:Generated_Source\PSoC6\pdl\cmsis/include/core_cm4.h ****  */
 719:Generated_Source\PSoC6\pdl\cmsis/include/core_cm4.h **** typedef struct
 720:Generated_Source\PSoC6\pdl\cmsis/include/core_cm4.h **** {
 721:Generated_Source\PSoC6\pdl\cmsis/include/core_cm4.h ****         uint32_t RESERVED0[1U];
 722:Generated_Source\PSoC6\pdl\cmsis/include/core_cm4.h ****   __IM  uint32_t ICTR;                   /*!< Offset: 0x004 (R/ )  Interrupt Controller Type Regist
 723:Generated_Source\PSoC6\pdl\cmsis/include/core_cm4.h ****   __IOM uint32_t ACTLR;                  /*!< Offset: 0x008 (R/W)  Auxiliary Control Register */
 724:Generated_Source\PSoC6\pdl\cmsis/include/core_cm4.h **** } SCnSCB_Type;
 725:Generated_Source\PSoC6\pdl\cmsis/include/core_cm4.h **** 
 726:Generated_Source\PSoC6\pdl\cmsis/include/core_cm4.h **** /* Interrupt Controller Type Register Definitions */
 727:Generated_Source\PSoC6\pdl\cmsis/include/core_cm4.h **** #define SCnSCB_ICTR_INTLINESNUM_Pos         0U                                         /*!< ICTR: I
 728:Generated_Source\PSoC6\pdl\cmsis/include/core_cm4.h **** #define SCnSCB_ICTR_INTLINESNUM_Msk        (0xFUL /*<< SCnSCB_ICTR_INTLINESNUM_Pos*/)  /*!< ICTR: I
 729:Generated_Source\PSoC6\pdl\cmsis/include/core_cm4.h **** 
 730:Generated_Source\PSoC6\pdl\cmsis/include/core_cm4.h **** /* Auxiliary Control Register Definitions */
 731:Generated_Source\PSoC6\pdl\cmsis/include/core_cm4.h **** #define SCnSCB_ACTLR_DISOOFP_Pos            9U                                         /*!< ACTLR: 
 732:Generated_Source\PSoC6\pdl\cmsis/include/core_cm4.h **** #define SCnSCB_ACTLR_DISOOFP_Msk           (1UL << SCnSCB_ACTLR_DISOOFP_Pos)           /*!< ACTLR: 
 733:Generated_Source\PSoC6\pdl\cmsis/include/core_cm4.h **** 
 734:Generated_Source\PSoC6\pdl\cmsis/include/core_cm4.h **** #define SCnSCB_ACTLR_DISFPCA_Pos            8U                                         /*!< ACTLR: 
 735:Generated_Source\PSoC6\pdl\cmsis/include/core_cm4.h **** #define SCnSCB_ACTLR_DISFPCA_Msk           (1UL << SCnSCB_ACTLR_DISFPCA_Pos)           /*!< ACTLR: 
 736:Generated_Source\PSoC6\pdl\cmsis/include/core_cm4.h **** 
 737:Generated_Source\PSoC6\pdl\cmsis/include/core_cm4.h **** #define SCnSCB_ACTLR_DISFOLD_Pos            2U                                         /*!< ACTLR: 
 738:Generated_Source\PSoC6\pdl\cmsis/include/core_cm4.h **** #define SCnSCB_ACTLR_DISFOLD_Msk           (1UL << SCnSCB_ACTLR_DISFOLD_Pos)           /*!< ACTLR: 
 739:Generated_Source\PSoC6\pdl\cmsis/include/core_cm4.h **** 
 740:Generated_Source\PSoC6\pdl\cmsis/include/core_cm4.h **** #define SCnSCB_ACTLR_DISDEFWBUF_Pos         1U                                         /*!< ACTLR: 
 741:Generated_Source\PSoC6\pdl\cmsis/include/core_cm4.h **** #define SCnSCB_ACTLR_DISDEFWBUF_Msk        (1UL << SCnSCB_ACTLR_DISDEFWBUF_Pos)        /*!< ACTLR: 
 742:Generated_Source\PSoC6\pdl\cmsis/include/core_cm4.h **** 
 743:Generated_Source\PSoC6\pdl\cmsis/include/core_cm4.h **** #define SCnSCB_ACTLR_DISMCYCINT_Pos         0U                                         /*!< ACTLR: 
 744:Generated_Source\PSoC6\pdl\cmsis/include/core_cm4.h **** #define SCnSCB_ACTLR_DISMCYCINT_Msk        (1UL /*<< SCnSCB_ACTLR_DISMCYCINT_Pos*/)    /*!< ACTLR: 
 745:Generated_Source\PSoC6\pdl\cmsis/include/core_cm4.h **** 
 746:Generated_Source\PSoC6\pdl\cmsis/include/core_cm4.h **** /*@} end of group CMSIS_SCnotSCB */
 747:Generated_Source\PSoC6\pdl\cmsis/include/core_cm4.h **** 
 748:Generated_Source\PSoC6\pdl\cmsis/include/core_cm4.h **** 
 749:Generated_Source\PSoC6\pdl\cmsis/include/core_cm4.h **** /**
 750:Generated_Source\PSoC6\pdl\cmsis/include/core_cm4.h ****   \ingroup  CMSIS_core_register
 751:Generated_Source\PSoC6\pdl\cmsis/include/core_cm4.h ****   \defgroup CMSIS_SysTick     System Tick Timer (SysTick)
 752:Generated_Source\PSoC6\pdl\cmsis/include/core_cm4.h ****   \brief    Type definitions for the System Timer Registers.
 753:Generated_Source\PSoC6\pdl\cmsis/include/core_cm4.h ****   @{
 754:Generated_Source\PSoC6\pdl\cmsis/include/core_cm4.h ****  */
 755:Generated_Source\PSoC6\pdl\cmsis/include/core_cm4.h **** 
 756:Generated_Source\PSoC6\pdl\cmsis/include/core_cm4.h **** /**
 757:Generated_Source\PSoC6\pdl\cmsis/include/core_cm4.h ****   \brief  Structure type to access the System Timer (SysTick).
 758:Generated_Source\PSoC6\pdl\cmsis/include/core_cm4.h ****  */
 759:Generated_Source\PSoC6\pdl\cmsis/include/core_cm4.h **** typedef struct
 760:Generated_Source\PSoC6\pdl\cmsis/include/core_cm4.h **** {
 761:Generated_Source\PSoC6\pdl\cmsis/include/core_cm4.h ****   __IOM uint32_t CTRL;                   /*!< Offset: 0x000 (R/W)  SysTick Control and Status Regis
 762:Generated_Source\PSoC6\pdl\cmsis/include/core_cm4.h ****   __IOM uint32_t LOAD;                   /*!< Offset: 0x004 (R/W)  SysTick Reload Value Register */
 763:Generated_Source\PSoC6\pdl\cmsis/include/core_cm4.h ****   __IOM uint32_t VAL;                    /*!< Offset: 0x008 (R/W)  SysTick Current Value Register *
 764:Generated_Source\PSoC6\pdl\cmsis/include/core_cm4.h ****   __IM  uint32_t CALIB;                  /*!< Offset: 0x00C (R/ )  SysTick Calibration Register */
 765:Generated_Source\PSoC6\pdl\cmsis/include/core_cm4.h **** } SysTick_Type;
 766:Generated_Source\PSoC6\pdl\cmsis/include/core_cm4.h **** 
 767:Generated_Source\PSoC6\pdl\cmsis/include/core_cm4.h **** /* SysTick Control / Status Register Definitions */
ARM GAS  C:\Users\Finik\AppData\Local\Temp\ccnRnT2c.s 			page 44


 768:Generated_Source\PSoC6\pdl\cmsis/include/core_cm4.h **** #define SysTick_CTRL_COUNTFLAG_Pos         16U                                            /*!< SysT
 769:Generated_Source\PSoC6\pdl\cmsis/include/core_cm4.h **** #define SysTick_CTRL_COUNTFLAG_Msk         (1UL << SysTick_CTRL_COUNTFLAG_Pos)            /*!< SysT
 770:Generated_Source\PSoC6\pdl\cmsis/include/core_cm4.h **** 
 771:Generated_Source\PSoC6\pdl\cmsis/include/core_cm4.h **** #define SysTick_CTRL_CLKSOURCE_Pos          2U                                            /*!< SysT
 772:Generated_Source\PSoC6\pdl\cmsis/include/core_cm4.h **** #define SysTick_CTRL_CLKSOURCE_Msk         (1UL << SysTick_CTRL_CLKSOURCE_Pos)            /*!< SysT
 773:Generated_Source\PSoC6\pdl\cmsis/include/core_cm4.h **** 
 774:Generated_Source\PSoC6\pdl\cmsis/include/core_cm4.h **** #define SysTick_CTRL_TICKINT_Pos            1U                                            /*!< SysT
 775:Generated_Source\PSoC6\pdl\cmsis/include/core_cm4.h **** #define SysTick_CTRL_TICKINT_Msk           (1UL << SysTick_CTRL_TICKINT_Pos)              /*!< SysT
 776:Generated_Source\PSoC6\pdl\cmsis/include/core_cm4.h **** 
 777:Generated_Source\PSoC6\pdl\cmsis/include/core_cm4.h **** #define SysTick_CTRL_ENABLE_Pos             0U                                            /*!< SysT
 778:Generated_Source\PSoC6\pdl\cmsis/include/core_cm4.h **** #define SysTick_CTRL_ENABLE_Msk            (1UL /*<< SysTick_CTRL_ENABLE_Pos*/)           /*!< SysT
 779:Generated_Source\PSoC6\pdl\cmsis/include/core_cm4.h **** 
 780:Generated_Source\PSoC6\pdl\cmsis/include/core_cm4.h **** /* SysTick Reload Register Definitions */
 781:Generated_Source\PSoC6\pdl\cmsis/include/core_cm4.h **** #define SysTick_LOAD_RELOAD_Pos             0U                                            /*!< SysT
 782:Generated_Source\PSoC6\pdl\cmsis/include/core_cm4.h **** #define SysTick_LOAD_RELOAD_Msk            (0xFFFFFFUL /*<< SysTick_LOAD_RELOAD_Pos*/)    /*!< SysT
 783:Generated_Source\PSoC6\pdl\cmsis/include/core_cm4.h **** 
 784:Generated_Source\PSoC6\pdl\cmsis/include/core_cm4.h **** /* SysTick Current Register Definitions */
 785:Generated_Source\PSoC6\pdl\cmsis/include/core_cm4.h **** #define SysTick_VAL_CURRENT_Pos             0U                                            /*!< SysT
 786:Generated_Source\PSoC6\pdl\cmsis/include/core_cm4.h **** #define SysTick_VAL_CURRENT_Msk            (0xFFFFFFUL /*<< SysTick_VAL_CURRENT_Pos*/)    /*!< SysT
 787:Generated_Source\PSoC6\pdl\cmsis/include/core_cm4.h **** 
 788:Generated_Source\PSoC6\pdl\cmsis/include/core_cm4.h **** /* SysTick Calibration Register Definitions */
 789:Generated_Source\PSoC6\pdl\cmsis/include/core_cm4.h **** #define SysTick_CALIB_NOREF_Pos            31U                                            /*!< SysT
 790:Generated_Source\PSoC6\pdl\cmsis/include/core_cm4.h **** #define SysTick_CALIB_NOREF_Msk            (1UL << SysTick_CALIB_NOREF_Pos)               /*!< SysT
 791:Generated_Source\PSoC6\pdl\cmsis/include/core_cm4.h **** 
 792:Generated_Source\PSoC6\pdl\cmsis/include/core_cm4.h **** #define SysTick_CALIB_SKEW_Pos             30U                                            /*!< SysT
 793:Generated_Source\PSoC6\pdl\cmsis/include/core_cm4.h **** #define SysTick_CALIB_SKEW_Msk             (1UL << SysTick_CALIB_SKEW_Pos)                /*!< SysT
 794:Generated_Source\PSoC6\pdl\cmsis/include/core_cm4.h **** 
 795:Generated_Source\PSoC6\pdl\cmsis/include/core_cm4.h **** #define SysTick_CALIB_TENMS_Pos             0U                                            /*!< SysT
 796:Generated_Source\PSoC6\pdl\cmsis/include/core_cm4.h **** #define SysTick_CALIB_TENMS_Msk            (0xFFFFFFUL /*<< SysTick_CALIB_TENMS_Pos*/)    /*!< SysT
 797:Generated_Source\PSoC6\pdl\cmsis/include/core_cm4.h **** 
 798:Generated_Source\PSoC6\pdl\cmsis/include/core_cm4.h **** /*@} end of group CMSIS_SysTick */
 799:Generated_Source\PSoC6\pdl\cmsis/include/core_cm4.h **** 
 800:Generated_Source\PSoC6\pdl\cmsis/include/core_cm4.h **** 
 801:Generated_Source\PSoC6\pdl\cmsis/include/core_cm4.h **** /**
 802:Generated_Source\PSoC6\pdl\cmsis/include/core_cm4.h ****   \ingroup  CMSIS_core_register
 803:Generated_Source\PSoC6\pdl\cmsis/include/core_cm4.h ****   \defgroup CMSIS_ITM     Instrumentation Trace Macrocell (ITM)
 804:Generated_Source\PSoC6\pdl\cmsis/include/core_cm4.h ****   \brief    Type definitions for the Instrumentation Trace Macrocell (ITM)
 805:Generated_Source\PSoC6\pdl\cmsis/include/core_cm4.h ****   @{
 806:Generated_Source\PSoC6\pdl\cmsis/include/core_cm4.h ****  */
 807:Generated_Source\PSoC6\pdl\cmsis/include/core_cm4.h **** 
 808:Generated_Source\PSoC6\pdl\cmsis/include/core_cm4.h **** /**
 809:Generated_Source\PSoC6\pdl\cmsis/include/core_cm4.h ****   \brief  Structure type to access the Instrumentation Trace Macrocell Register (ITM).
 810:Generated_Source\PSoC6\pdl\cmsis/include/core_cm4.h ****  */
 811:Generated_Source\PSoC6\pdl\cmsis/include/core_cm4.h **** typedef struct
 812:Generated_Source\PSoC6\pdl\cmsis/include/core_cm4.h **** {
 813:Generated_Source\PSoC6\pdl\cmsis/include/core_cm4.h ****   __OM  union
 814:Generated_Source\PSoC6\pdl\cmsis/include/core_cm4.h ****   {
 815:Generated_Source\PSoC6\pdl\cmsis/include/core_cm4.h ****     __OM  uint8_t    u8;                 /*!< Offset: 0x000 ( /W)  ITM Stimulus Port 8-bit */
 816:Generated_Source\PSoC6\pdl\cmsis/include/core_cm4.h ****     __OM  uint16_t   u16;                /*!< Offset: 0x000 ( /W)  ITM Stimulus Port 16-bit */
 817:Generated_Source\PSoC6\pdl\cmsis/include/core_cm4.h ****     __OM  uint32_t   u32;                /*!< Offset: 0x000 ( /W)  ITM Stimulus Port 32-bit */
 818:Generated_Source\PSoC6\pdl\cmsis/include/core_cm4.h ****   }  PORT [32U];                         /*!< Offset: 0x000 ( /W)  ITM Stimulus Port Registers */
 819:Generated_Source\PSoC6\pdl\cmsis/include/core_cm4.h ****         uint32_t RESERVED0[864U];
 820:Generated_Source\PSoC6\pdl\cmsis/include/core_cm4.h ****   __IOM uint32_t TER;                    /*!< Offset: 0xE00 (R/W)  ITM Trace Enable Register */
 821:Generated_Source\PSoC6\pdl\cmsis/include/core_cm4.h ****         uint32_t RESERVED1[15U];
 822:Generated_Source\PSoC6\pdl\cmsis/include/core_cm4.h ****   __IOM uint32_t TPR;                    /*!< Offset: 0xE40 (R/W)  ITM Trace Privilege Register */
 823:Generated_Source\PSoC6\pdl\cmsis/include/core_cm4.h ****         uint32_t RESERVED2[15U];
 824:Generated_Source\PSoC6\pdl\cmsis/include/core_cm4.h ****   __IOM uint32_t TCR;                    /*!< Offset: 0xE80 (R/W)  ITM Trace Control Register */
ARM GAS  C:\Users\Finik\AppData\Local\Temp\ccnRnT2c.s 			page 45


 825:Generated_Source\PSoC6\pdl\cmsis/include/core_cm4.h ****         uint32_t RESERVED3[29U];
 826:Generated_Source\PSoC6\pdl\cmsis/include/core_cm4.h ****   __OM  uint32_t IWR;                    /*!< Offset: 0xEF8 ( /W)  ITM Integration Write Register *
 827:Generated_Source\PSoC6\pdl\cmsis/include/core_cm4.h ****   __IM  uint32_t IRR;                    /*!< Offset: 0xEFC (R/ )  ITM Integration Read Register */
 828:Generated_Source\PSoC6\pdl\cmsis/include/core_cm4.h ****   __IOM uint32_t IMCR;                   /*!< Offset: 0xF00 (R/W)  ITM Integration Mode Control Reg
 829:Generated_Source\PSoC6\pdl\cmsis/include/core_cm4.h ****         uint32_t RESERVED4[43U];
 830:Generated_Source\PSoC6\pdl\cmsis/include/core_cm4.h ****   __OM  uint32_t LAR;                    /*!< Offset: 0xFB0 ( /W)  ITM Lock Access Register */
 831:Generated_Source\PSoC6\pdl\cmsis/include/core_cm4.h ****   __IM  uint32_t LSR;                    /*!< Offset: 0xFB4 (R/ )  ITM Lock Status Register */
 832:Generated_Source\PSoC6\pdl\cmsis/include/core_cm4.h ****         uint32_t RESERVED5[6U];
 833:Generated_Source\PSoC6\pdl\cmsis/include/core_cm4.h ****   __IM  uint32_t PID4;                   /*!< Offset: 0xFD0 (R/ )  ITM Peripheral Identification Re
 834:Generated_Source\PSoC6\pdl\cmsis/include/core_cm4.h ****   __IM  uint32_t PID5;                   /*!< Offset: 0xFD4 (R/ )  ITM Peripheral Identification Re
 835:Generated_Source\PSoC6\pdl\cmsis/include/core_cm4.h ****   __IM  uint32_t PID6;                   /*!< Offset: 0xFD8 (R/ )  ITM Peripheral Identification Re
 836:Generated_Source\PSoC6\pdl\cmsis/include/core_cm4.h ****   __IM  uint32_t PID7;                   /*!< Offset: 0xFDC (R/ )  ITM Peripheral Identification Re
 837:Generated_Source\PSoC6\pdl\cmsis/include/core_cm4.h ****   __IM  uint32_t PID0;                   /*!< Offset: 0xFE0 (R/ )  ITM Peripheral Identification Re
 838:Generated_Source\PSoC6\pdl\cmsis/include/core_cm4.h ****   __IM  uint32_t PID1;                   /*!< Offset: 0xFE4 (R/ )  ITM Peripheral Identification Re
 839:Generated_Source\PSoC6\pdl\cmsis/include/core_cm4.h ****   __IM  uint32_t PID2;                   /*!< Offset: 0xFE8 (R/ )  ITM Peripheral Identification Re
 840:Generated_Source\PSoC6\pdl\cmsis/include/core_cm4.h ****   __IM  uint32_t PID3;                   /*!< Offset: 0xFEC (R/ )  ITM Peripheral Identification Re
 841:Generated_Source\PSoC6\pdl\cmsis/include/core_cm4.h ****   __IM  uint32_t CID0;                   /*!< Offset: 0xFF0 (R/ )  ITM Component  Identification Re
 842:Generated_Source\PSoC6\pdl\cmsis/include/core_cm4.h ****   __IM  uint32_t CID1;                   /*!< Offset: 0xFF4 (R/ )  ITM Component  Identification Re
 843:Generated_Source\PSoC6\pdl\cmsis/include/core_cm4.h ****   __IM  uint32_t CID2;                   /*!< Offset: 0xFF8 (R/ )  ITM Component  Identification Re
 844:Generated_Source\PSoC6\pdl\cmsis/include/core_cm4.h ****   __IM  uint32_t CID3;                   /*!< Offset: 0xFFC (R/ )  ITM Component  Identification Re
 845:Generated_Source\PSoC6\pdl\cmsis/include/core_cm4.h **** } ITM_Type;
 846:Generated_Source\PSoC6\pdl\cmsis/include/core_cm4.h **** 
 847:Generated_Source\PSoC6\pdl\cmsis/include/core_cm4.h **** /* ITM Trace Privilege Register Definitions */
 848:Generated_Source\PSoC6\pdl\cmsis/include/core_cm4.h **** #define ITM_TPR_PRIVMASK_Pos                0U                                            /*!< ITM 
 849:Generated_Source\PSoC6\pdl\cmsis/include/core_cm4.h **** #define ITM_TPR_PRIVMASK_Msk               (0xFFFFFFFFUL /*<< ITM_TPR_PRIVMASK_Pos*/)     /*!< ITM 
 850:Generated_Source\PSoC6\pdl\cmsis/include/core_cm4.h **** 
 851:Generated_Source\PSoC6\pdl\cmsis/include/core_cm4.h **** /* ITM Trace Control Register Definitions */
 852:Generated_Source\PSoC6\pdl\cmsis/include/core_cm4.h **** #define ITM_TCR_BUSY_Pos                   23U                                            /*!< ITM 
 853:Generated_Source\PSoC6\pdl\cmsis/include/core_cm4.h **** #define ITM_TCR_BUSY_Msk                   (1UL << ITM_TCR_BUSY_Pos)                      /*!< ITM 
 854:Generated_Source\PSoC6\pdl\cmsis/include/core_cm4.h **** 
 855:Generated_Source\PSoC6\pdl\cmsis/include/core_cm4.h **** #define ITM_TCR_TraceBusID_Pos             16U                                            /*!< ITM 
 856:Generated_Source\PSoC6\pdl\cmsis/include/core_cm4.h **** #define ITM_TCR_TraceBusID_Msk             (0x7FUL << ITM_TCR_TraceBusID_Pos)             /*!< ITM 
 857:Generated_Source\PSoC6\pdl\cmsis/include/core_cm4.h **** 
 858:Generated_Source\PSoC6\pdl\cmsis/include/core_cm4.h **** #define ITM_TCR_GTSFREQ_Pos                10U                                            /*!< ITM 
 859:Generated_Source\PSoC6\pdl\cmsis/include/core_cm4.h **** #define ITM_TCR_GTSFREQ_Msk                (3UL << ITM_TCR_GTSFREQ_Pos)                   /*!< ITM 
 860:Generated_Source\PSoC6\pdl\cmsis/include/core_cm4.h **** 
 861:Generated_Source\PSoC6\pdl\cmsis/include/core_cm4.h **** #define ITM_TCR_TSPrescale_Pos              8U                                            /*!< ITM 
 862:Generated_Source\PSoC6\pdl\cmsis/include/core_cm4.h **** #define ITM_TCR_TSPrescale_Msk             (3UL << ITM_TCR_TSPrescale_Pos)                /*!< ITM 
 863:Generated_Source\PSoC6\pdl\cmsis/include/core_cm4.h **** 
 864:Generated_Source\PSoC6\pdl\cmsis/include/core_cm4.h **** #define ITM_TCR_SWOENA_Pos                  4U                                            /*!< ITM 
 865:Generated_Source\PSoC6\pdl\cmsis/include/core_cm4.h **** #define ITM_TCR_SWOENA_Msk                 (1UL << ITM_TCR_SWOENA_Pos)                    /*!< ITM 
 866:Generated_Source\PSoC6\pdl\cmsis/include/core_cm4.h **** 
 867:Generated_Source\PSoC6\pdl\cmsis/include/core_cm4.h **** #define ITM_TCR_DWTENA_Pos                  3U                                            /*!< ITM 
 868:Generated_Source\PSoC6\pdl\cmsis/include/core_cm4.h **** #define ITM_TCR_DWTENA_Msk                 (1UL << ITM_TCR_DWTENA_Pos)                    /*!< ITM 
 869:Generated_Source\PSoC6\pdl\cmsis/include/core_cm4.h **** 
 870:Generated_Source\PSoC6\pdl\cmsis/include/core_cm4.h **** #define ITM_TCR_SYNCENA_Pos                 2U                                            /*!< ITM 
 871:Generated_Source\PSoC6\pdl\cmsis/include/core_cm4.h **** #define ITM_TCR_SYNCENA_Msk                (1UL << ITM_TCR_SYNCENA_Pos)                   /*!< ITM 
 872:Generated_Source\PSoC6\pdl\cmsis/include/core_cm4.h **** 
 873:Generated_Source\PSoC6\pdl\cmsis/include/core_cm4.h **** #define ITM_TCR_TSENA_Pos                   1U                                            /*!< ITM 
 874:Generated_Source\PSoC6\pdl\cmsis/include/core_cm4.h **** #define ITM_TCR_TSENA_Msk                  (1UL << ITM_TCR_TSENA_Pos)                     /*!< ITM 
 875:Generated_Source\PSoC6\pdl\cmsis/include/core_cm4.h **** 
 876:Generated_Source\PSoC6\pdl\cmsis/include/core_cm4.h **** #define ITM_TCR_ITMENA_Pos                  0U                                            /*!< ITM 
 877:Generated_Source\PSoC6\pdl\cmsis/include/core_cm4.h **** #define ITM_TCR_ITMENA_Msk                 (1UL /*<< ITM_TCR_ITMENA_Pos*/)                /*!< ITM 
 878:Generated_Source\PSoC6\pdl\cmsis/include/core_cm4.h **** 
 879:Generated_Source\PSoC6\pdl\cmsis/include/core_cm4.h **** /* ITM Integration Write Register Definitions */
 880:Generated_Source\PSoC6\pdl\cmsis/include/core_cm4.h **** #define ITM_IWR_ATVALIDM_Pos                0U                                            /*!< ITM 
 881:Generated_Source\PSoC6\pdl\cmsis/include/core_cm4.h **** #define ITM_IWR_ATVALIDM_Msk               (1UL /*<< ITM_IWR_ATVALIDM_Pos*/)              /*!< ITM 
ARM GAS  C:\Users\Finik\AppData\Local\Temp\ccnRnT2c.s 			page 46


 882:Generated_Source\PSoC6\pdl\cmsis/include/core_cm4.h **** 
 883:Generated_Source\PSoC6\pdl\cmsis/include/core_cm4.h **** /* ITM Integration Read Register Definitions */
 884:Generated_Source\PSoC6\pdl\cmsis/include/core_cm4.h **** #define ITM_IRR_ATREADYM_Pos                0U                                            /*!< ITM 
 885:Generated_Source\PSoC6\pdl\cmsis/include/core_cm4.h **** #define ITM_IRR_ATREADYM_Msk               (1UL /*<< ITM_IRR_ATREADYM_Pos*/)              /*!< ITM 
 886:Generated_Source\PSoC6\pdl\cmsis/include/core_cm4.h **** 
 887:Generated_Source\PSoC6\pdl\cmsis/include/core_cm4.h **** /* ITM Integration Mode Control Register Definitions */
 888:Generated_Source\PSoC6\pdl\cmsis/include/core_cm4.h **** #define ITM_IMCR_INTEGRATION_Pos            0U                                            /*!< ITM 
 889:Generated_Source\PSoC6\pdl\cmsis/include/core_cm4.h **** #define ITM_IMCR_INTEGRATION_Msk           (1UL /*<< ITM_IMCR_INTEGRATION_Pos*/)          /*!< ITM 
 890:Generated_Source\PSoC6\pdl\cmsis/include/core_cm4.h **** 
 891:Generated_Source\PSoC6\pdl\cmsis/include/core_cm4.h **** /* ITM Lock Status Register Definitions */
 892:Generated_Source\PSoC6\pdl\cmsis/include/core_cm4.h **** #define ITM_LSR_ByteAcc_Pos                 2U                                            /*!< ITM 
 893:Generated_Source\PSoC6\pdl\cmsis/include/core_cm4.h **** #define ITM_LSR_ByteAcc_Msk                (1UL << ITM_LSR_ByteAcc_Pos)                   /*!< ITM 
 894:Generated_Source\PSoC6\pdl\cmsis/include/core_cm4.h **** 
 895:Generated_Source\PSoC6\pdl\cmsis/include/core_cm4.h **** #define ITM_LSR_Access_Pos                  1U                                            /*!< ITM 
 896:Generated_Source\PSoC6\pdl\cmsis/include/core_cm4.h **** #define ITM_LSR_Access_Msk                 (1UL << ITM_LSR_Access_Pos)                    /*!< ITM 
 897:Generated_Source\PSoC6\pdl\cmsis/include/core_cm4.h **** 
 898:Generated_Source\PSoC6\pdl\cmsis/include/core_cm4.h **** #define ITM_LSR_Present_Pos                 0U                                            /*!< ITM 
 899:Generated_Source\PSoC6\pdl\cmsis/include/core_cm4.h **** #define ITM_LSR_Present_Msk                (1UL /*<< ITM_LSR_Present_Pos*/)               /*!< ITM 
 900:Generated_Source\PSoC6\pdl\cmsis/include/core_cm4.h **** 
 901:Generated_Source\PSoC6\pdl\cmsis/include/core_cm4.h **** /*@}*/ /* end of group CMSIS_ITM */
 902:Generated_Source\PSoC6\pdl\cmsis/include/core_cm4.h **** 
 903:Generated_Source\PSoC6\pdl\cmsis/include/core_cm4.h **** 
 904:Generated_Source\PSoC6\pdl\cmsis/include/core_cm4.h **** /**
 905:Generated_Source\PSoC6\pdl\cmsis/include/core_cm4.h ****   \ingroup  CMSIS_core_register
 906:Generated_Source\PSoC6\pdl\cmsis/include/core_cm4.h ****   \defgroup CMSIS_DWT     Data Watchpoint and Trace (DWT)
 907:Generated_Source\PSoC6\pdl\cmsis/include/core_cm4.h ****   \brief    Type definitions for the Data Watchpoint and Trace (DWT)
 908:Generated_Source\PSoC6\pdl\cmsis/include/core_cm4.h ****   @{
 909:Generated_Source\PSoC6\pdl\cmsis/include/core_cm4.h ****  */
 910:Generated_Source\PSoC6\pdl\cmsis/include/core_cm4.h **** 
 911:Generated_Source\PSoC6\pdl\cmsis/include/core_cm4.h **** /**
 912:Generated_Source\PSoC6\pdl\cmsis/include/core_cm4.h ****   \brief  Structure type to access the Data Watchpoint and Trace Register (DWT).
 913:Generated_Source\PSoC6\pdl\cmsis/include/core_cm4.h ****  */
 914:Generated_Source\PSoC6\pdl\cmsis/include/core_cm4.h **** typedef struct
 915:Generated_Source\PSoC6\pdl\cmsis/include/core_cm4.h **** {
 916:Generated_Source\PSoC6\pdl\cmsis/include/core_cm4.h ****   __IOM uint32_t CTRL;                   /*!< Offset: 0x000 (R/W)  Control Register */
 917:Generated_Source\PSoC6\pdl\cmsis/include/core_cm4.h ****   __IOM uint32_t CYCCNT;                 /*!< Offset: 0x004 (R/W)  Cycle Count Register */
 918:Generated_Source\PSoC6\pdl\cmsis/include/core_cm4.h ****   __IOM uint32_t CPICNT;                 /*!< Offset: 0x008 (R/W)  CPI Count Register */
 919:Generated_Source\PSoC6\pdl\cmsis/include/core_cm4.h ****   __IOM uint32_t EXCCNT;                 /*!< Offset: 0x00C (R/W)  Exception Overhead Count Registe
 920:Generated_Source\PSoC6\pdl\cmsis/include/core_cm4.h ****   __IOM uint32_t SLEEPCNT;               /*!< Offset: 0x010 (R/W)  Sleep Count Register */
 921:Generated_Source\PSoC6\pdl\cmsis/include/core_cm4.h ****   __IOM uint32_t LSUCNT;                 /*!< Offset: 0x014 (R/W)  LSU Count Register */
 922:Generated_Source\PSoC6\pdl\cmsis/include/core_cm4.h ****   __IOM uint32_t FOLDCNT;                /*!< Offset: 0x018 (R/W)  Folded-instruction Count Registe
 923:Generated_Source\PSoC6\pdl\cmsis/include/core_cm4.h ****   __IM  uint32_t PCSR;                   /*!< Offset: 0x01C (R/ )  Program Counter Sample Register 
 924:Generated_Source\PSoC6\pdl\cmsis/include/core_cm4.h ****   __IOM uint32_t COMP0;                  /*!< Offset: 0x020 (R/W)  Comparator Register 0 */
 925:Generated_Source\PSoC6\pdl\cmsis/include/core_cm4.h ****   __IOM uint32_t MASK0;                  /*!< Offset: 0x024 (R/W)  Mask Register 0 */
 926:Generated_Source\PSoC6\pdl\cmsis/include/core_cm4.h ****   __IOM uint32_t FUNCTION0;              /*!< Offset: 0x028 (R/W)  Function Register 0 */
 927:Generated_Source\PSoC6\pdl\cmsis/include/core_cm4.h ****         uint32_t RESERVED0[1U];
 928:Generated_Source\PSoC6\pdl\cmsis/include/core_cm4.h ****   __IOM uint32_t COMP1;                  /*!< Offset: 0x030 (R/W)  Comparator Register 1 */
 929:Generated_Source\PSoC6\pdl\cmsis/include/core_cm4.h ****   __IOM uint32_t MASK1;                  /*!< Offset: 0x034 (R/W)  Mask Register 1 */
 930:Generated_Source\PSoC6\pdl\cmsis/include/core_cm4.h ****   __IOM uint32_t FUNCTION1;              /*!< Offset: 0x038 (R/W)  Function Register 1 */
 931:Generated_Source\PSoC6\pdl\cmsis/include/core_cm4.h ****         uint32_t RESERVED1[1U];
 932:Generated_Source\PSoC6\pdl\cmsis/include/core_cm4.h ****   __IOM uint32_t COMP2;                  /*!< Offset: 0x040 (R/W)  Comparator Register 2 */
 933:Generated_Source\PSoC6\pdl\cmsis/include/core_cm4.h ****   __IOM uint32_t MASK2;                  /*!< Offset: 0x044 (R/W)  Mask Register 2 */
 934:Generated_Source\PSoC6\pdl\cmsis/include/core_cm4.h ****   __IOM uint32_t FUNCTION2;              /*!< Offset: 0x048 (R/W)  Function Register 2 */
 935:Generated_Source\PSoC6\pdl\cmsis/include/core_cm4.h ****         uint32_t RESERVED2[1U];
 936:Generated_Source\PSoC6\pdl\cmsis/include/core_cm4.h ****   __IOM uint32_t COMP3;                  /*!< Offset: 0x050 (R/W)  Comparator Register 3 */
 937:Generated_Source\PSoC6\pdl\cmsis/include/core_cm4.h ****   __IOM uint32_t MASK3;                  /*!< Offset: 0x054 (R/W)  Mask Register 3 */
 938:Generated_Source\PSoC6\pdl\cmsis/include/core_cm4.h ****   __IOM uint32_t FUNCTION3;              /*!< Offset: 0x058 (R/W)  Function Register 3 */
ARM GAS  C:\Users\Finik\AppData\Local\Temp\ccnRnT2c.s 			page 47


 939:Generated_Source\PSoC6\pdl\cmsis/include/core_cm4.h **** } DWT_Type;
 940:Generated_Source\PSoC6\pdl\cmsis/include/core_cm4.h **** 
 941:Generated_Source\PSoC6\pdl\cmsis/include/core_cm4.h **** /* DWT Control Register Definitions */
 942:Generated_Source\PSoC6\pdl\cmsis/include/core_cm4.h **** #define DWT_CTRL_NUMCOMP_Pos               28U                                         /*!< DWT CTR
 943:Generated_Source\PSoC6\pdl\cmsis/include/core_cm4.h **** #define DWT_CTRL_NUMCOMP_Msk               (0xFUL << DWT_CTRL_NUMCOMP_Pos)             /*!< DWT CTR
 944:Generated_Source\PSoC6\pdl\cmsis/include/core_cm4.h **** 
 945:Generated_Source\PSoC6\pdl\cmsis/include/core_cm4.h **** #define DWT_CTRL_NOTRCPKT_Pos              27U                                         /*!< DWT CTR
 946:Generated_Source\PSoC6\pdl\cmsis/include/core_cm4.h **** #define DWT_CTRL_NOTRCPKT_Msk              (0x1UL << DWT_CTRL_NOTRCPKT_Pos)            /*!< DWT CTR
 947:Generated_Source\PSoC6\pdl\cmsis/include/core_cm4.h **** 
 948:Generated_Source\PSoC6\pdl\cmsis/include/core_cm4.h **** #define DWT_CTRL_NOEXTTRIG_Pos             26U                                         /*!< DWT CTR
 949:Generated_Source\PSoC6\pdl\cmsis/include/core_cm4.h **** #define DWT_CTRL_NOEXTTRIG_Msk             (0x1UL << DWT_CTRL_NOEXTTRIG_Pos)           /*!< DWT CTR
 950:Generated_Source\PSoC6\pdl\cmsis/include/core_cm4.h **** 
 951:Generated_Source\PSoC6\pdl\cmsis/include/core_cm4.h **** #define DWT_CTRL_NOCYCCNT_Pos              25U                                         /*!< DWT CTR
 952:Generated_Source\PSoC6\pdl\cmsis/include/core_cm4.h **** #define DWT_CTRL_NOCYCCNT_Msk              (0x1UL << DWT_CTRL_NOCYCCNT_Pos)            /*!< DWT CTR
 953:Generated_Source\PSoC6\pdl\cmsis/include/core_cm4.h **** 
 954:Generated_Source\PSoC6\pdl\cmsis/include/core_cm4.h **** #define DWT_CTRL_NOPRFCNT_Pos              24U                                         /*!< DWT CTR
 955:Generated_Source\PSoC6\pdl\cmsis/include/core_cm4.h **** #define DWT_CTRL_NOPRFCNT_Msk              (0x1UL << DWT_CTRL_NOPRFCNT_Pos)            /*!< DWT CTR
 956:Generated_Source\PSoC6\pdl\cmsis/include/core_cm4.h **** 
 957:Generated_Source\PSoC6\pdl\cmsis/include/core_cm4.h **** #define DWT_CTRL_CYCEVTENA_Pos             22U                                         /*!< DWT CTR
 958:Generated_Source\PSoC6\pdl\cmsis/include/core_cm4.h **** #define DWT_CTRL_CYCEVTENA_Msk             (0x1UL << DWT_CTRL_CYCEVTENA_Pos)           /*!< DWT CTR
 959:Generated_Source\PSoC6\pdl\cmsis/include/core_cm4.h **** 
 960:Generated_Source\PSoC6\pdl\cmsis/include/core_cm4.h **** #define DWT_CTRL_FOLDEVTENA_Pos            21U                                         /*!< DWT CTR
 961:Generated_Source\PSoC6\pdl\cmsis/include/core_cm4.h **** #define DWT_CTRL_FOLDEVTENA_Msk            (0x1UL << DWT_CTRL_FOLDEVTENA_Pos)          /*!< DWT CTR
 962:Generated_Source\PSoC6\pdl\cmsis/include/core_cm4.h **** 
 963:Generated_Source\PSoC6\pdl\cmsis/include/core_cm4.h **** #define DWT_CTRL_LSUEVTENA_Pos             20U                                         /*!< DWT CTR
 964:Generated_Source\PSoC6\pdl\cmsis/include/core_cm4.h **** #define DWT_CTRL_LSUEVTENA_Msk             (0x1UL << DWT_CTRL_LSUEVTENA_Pos)           /*!< DWT CTR
 965:Generated_Source\PSoC6\pdl\cmsis/include/core_cm4.h **** 
 966:Generated_Source\PSoC6\pdl\cmsis/include/core_cm4.h **** #define DWT_CTRL_SLEEPEVTENA_Pos           19U                                         /*!< DWT CTR
 967:Generated_Source\PSoC6\pdl\cmsis/include/core_cm4.h **** #define DWT_CTRL_SLEEPEVTENA_Msk           (0x1UL << DWT_CTRL_SLEEPEVTENA_Pos)         /*!< DWT CTR
 968:Generated_Source\PSoC6\pdl\cmsis/include/core_cm4.h **** 
 969:Generated_Source\PSoC6\pdl\cmsis/include/core_cm4.h **** #define DWT_CTRL_EXCEVTENA_Pos             18U                                         /*!< DWT CTR
 970:Generated_Source\PSoC6\pdl\cmsis/include/core_cm4.h **** #define DWT_CTRL_EXCEVTENA_Msk             (0x1UL << DWT_CTRL_EXCEVTENA_Pos)           /*!< DWT CTR
 971:Generated_Source\PSoC6\pdl\cmsis/include/core_cm4.h **** 
 972:Generated_Source\PSoC6\pdl\cmsis/include/core_cm4.h **** #define DWT_CTRL_CPIEVTENA_Pos             17U                                         /*!< DWT CTR
 973:Generated_Source\PSoC6\pdl\cmsis/include/core_cm4.h **** #define DWT_CTRL_CPIEVTENA_Msk             (0x1UL << DWT_CTRL_CPIEVTENA_Pos)           /*!< DWT CTR
 974:Generated_Source\PSoC6\pdl\cmsis/include/core_cm4.h **** 
 975:Generated_Source\PSoC6\pdl\cmsis/include/core_cm4.h **** #define DWT_CTRL_EXCTRCENA_Pos             16U                                         /*!< DWT CTR
 976:Generated_Source\PSoC6\pdl\cmsis/include/core_cm4.h **** #define DWT_CTRL_EXCTRCENA_Msk             (0x1UL << DWT_CTRL_EXCTRCENA_Pos)           /*!< DWT CTR
 977:Generated_Source\PSoC6\pdl\cmsis/include/core_cm4.h **** 
 978:Generated_Source\PSoC6\pdl\cmsis/include/core_cm4.h **** #define DWT_CTRL_PCSAMPLENA_Pos            12U                                         /*!< DWT CTR
 979:Generated_Source\PSoC6\pdl\cmsis/include/core_cm4.h **** #define DWT_CTRL_PCSAMPLENA_Msk            (0x1UL << DWT_CTRL_PCSAMPLENA_Pos)          /*!< DWT CTR
 980:Generated_Source\PSoC6\pdl\cmsis/include/core_cm4.h **** 
 981:Generated_Source\PSoC6\pdl\cmsis/include/core_cm4.h **** #define DWT_CTRL_SYNCTAP_Pos               10U                                         /*!< DWT CTR
 982:Generated_Source\PSoC6\pdl\cmsis/include/core_cm4.h **** #define DWT_CTRL_SYNCTAP_Msk               (0x3UL << DWT_CTRL_SYNCTAP_Pos)             /*!< DWT CTR
 983:Generated_Source\PSoC6\pdl\cmsis/include/core_cm4.h **** 
 984:Generated_Source\PSoC6\pdl\cmsis/include/core_cm4.h **** #define DWT_CTRL_CYCTAP_Pos                 9U                                         /*!< DWT CTR
 985:Generated_Source\PSoC6\pdl\cmsis/include/core_cm4.h **** #define DWT_CTRL_CYCTAP_Msk                (0x1UL << DWT_CTRL_CYCTAP_Pos)              /*!< DWT CTR
 986:Generated_Source\PSoC6\pdl\cmsis/include/core_cm4.h **** 
 987:Generated_Source\PSoC6\pdl\cmsis/include/core_cm4.h **** #define DWT_CTRL_POSTINIT_Pos               5U                                         /*!< DWT CTR
 988:Generated_Source\PSoC6\pdl\cmsis/include/core_cm4.h **** #define DWT_CTRL_POSTINIT_Msk              (0xFUL << DWT_CTRL_POSTINIT_Pos)            /*!< DWT CTR
 989:Generated_Source\PSoC6\pdl\cmsis/include/core_cm4.h **** 
 990:Generated_Source\PSoC6\pdl\cmsis/include/core_cm4.h **** #define DWT_CTRL_POSTPRESET_Pos             1U                                         /*!< DWT CTR
 991:Generated_Source\PSoC6\pdl\cmsis/include/core_cm4.h **** #define DWT_CTRL_POSTPRESET_Msk            (0xFUL << DWT_CTRL_POSTPRESET_Pos)          /*!< DWT CTR
 992:Generated_Source\PSoC6\pdl\cmsis/include/core_cm4.h **** 
 993:Generated_Source\PSoC6\pdl\cmsis/include/core_cm4.h **** #define DWT_CTRL_CYCCNTENA_Pos              0U                                         /*!< DWT CTR
 994:Generated_Source\PSoC6\pdl\cmsis/include/core_cm4.h **** #define DWT_CTRL_CYCCNTENA_Msk             (0x1UL /*<< DWT_CTRL_CYCCNTENA_Pos*/)       /*!< DWT CTR
 995:Generated_Source\PSoC6\pdl\cmsis/include/core_cm4.h **** 
ARM GAS  C:\Users\Finik\AppData\Local\Temp\ccnRnT2c.s 			page 48


 996:Generated_Source\PSoC6\pdl\cmsis/include/core_cm4.h **** /* DWT CPI Count Register Definitions */
 997:Generated_Source\PSoC6\pdl\cmsis/include/core_cm4.h **** #define DWT_CPICNT_CPICNT_Pos               0U                                         /*!< DWT CPI
 998:Generated_Source\PSoC6\pdl\cmsis/include/core_cm4.h **** #define DWT_CPICNT_CPICNT_Msk              (0xFFUL /*<< DWT_CPICNT_CPICNT_Pos*/)       /*!< DWT CPI
 999:Generated_Source\PSoC6\pdl\cmsis/include/core_cm4.h **** 
1000:Generated_Source\PSoC6\pdl\cmsis/include/core_cm4.h **** /* DWT Exception Overhead Count Register Definitions */
1001:Generated_Source\PSoC6\pdl\cmsis/include/core_cm4.h **** #define DWT_EXCCNT_EXCCNT_Pos               0U                                         /*!< DWT EXC
1002:Generated_Source\PSoC6\pdl\cmsis/include/core_cm4.h **** #define DWT_EXCCNT_EXCCNT_Msk              (0xFFUL /*<< DWT_EXCCNT_EXCCNT_Pos*/)       /*!< DWT EXC
1003:Generated_Source\PSoC6\pdl\cmsis/include/core_cm4.h **** 
1004:Generated_Source\PSoC6\pdl\cmsis/include/core_cm4.h **** /* DWT Sleep Count Register Definitions */
1005:Generated_Source\PSoC6\pdl\cmsis/include/core_cm4.h **** #define DWT_SLEEPCNT_SLEEPCNT_Pos           0U                                         /*!< DWT SLE
1006:Generated_Source\PSoC6\pdl\cmsis/include/core_cm4.h **** #define DWT_SLEEPCNT_SLEEPCNT_Msk          (0xFFUL /*<< DWT_SLEEPCNT_SLEEPCNT_Pos*/)   /*!< DWT SLE
1007:Generated_Source\PSoC6\pdl\cmsis/include/core_cm4.h **** 
1008:Generated_Source\PSoC6\pdl\cmsis/include/core_cm4.h **** /* DWT LSU Count Register Definitions */
1009:Generated_Source\PSoC6\pdl\cmsis/include/core_cm4.h **** #define DWT_LSUCNT_LSUCNT_Pos               0U                                         /*!< DWT LSU
1010:Generated_Source\PSoC6\pdl\cmsis/include/core_cm4.h **** #define DWT_LSUCNT_LSUCNT_Msk              (0xFFUL /*<< DWT_LSUCNT_LSUCNT_Pos*/)       /*!< DWT LSU
1011:Generated_Source\PSoC6\pdl\cmsis/include/core_cm4.h **** 
1012:Generated_Source\PSoC6\pdl\cmsis/include/core_cm4.h **** /* DWT Folded-instruction Count Register Definitions */
1013:Generated_Source\PSoC6\pdl\cmsis/include/core_cm4.h **** #define DWT_FOLDCNT_FOLDCNT_Pos             0U                                         /*!< DWT FOL
1014:Generated_Source\PSoC6\pdl\cmsis/include/core_cm4.h **** #define DWT_FOLDCNT_FOLDCNT_Msk            (0xFFUL /*<< DWT_FOLDCNT_FOLDCNT_Pos*/)     /*!< DWT FOL
1015:Generated_Source\PSoC6\pdl\cmsis/include/core_cm4.h **** 
1016:Generated_Source\PSoC6\pdl\cmsis/include/core_cm4.h **** /* DWT Comparator Mask Register Definitions */
1017:Generated_Source\PSoC6\pdl\cmsis/include/core_cm4.h **** #define DWT_MASK_MASK_Pos                   0U                                         /*!< DWT MAS
1018:Generated_Source\PSoC6\pdl\cmsis/include/core_cm4.h **** #define DWT_MASK_MASK_Msk                  (0x1FUL /*<< DWT_MASK_MASK_Pos*/)           /*!< DWT MAS
1019:Generated_Source\PSoC6\pdl\cmsis/include/core_cm4.h **** 
1020:Generated_Source\PSoC6\pdl\cmsis/include/core_cm4.h **** /* DWT Comparator Function Register Definitions */
1021:Generated_Source\PSoC6\pdl\cmsis/include/core_cm4.h **** #define DWT_FUNCTION_MATCHED_Pos           24U                                         /*!< DWT FUN
1022:Generated_Source\PSoC6\pdl\cmsis/include/core_cm4.h **** #define DWT_FUNCTION_MATCHED_Msk           (0x1UL << DWT_FUNCTION_MATCHED_Pos)         /*!< DWT FUN
1023:Generated_Source\PSoC6\pdl\cmsis/include/core_cm4.h **** 
1024:Generated_Source\PSoC6\pdl\cmsis/include/core_cm4.h **** #define DWT_FUNCTION_DATAVADDR1_Pos        16U                                         /*!< DWT FUN
1025:Generated_Source\PSoC6\pdl\cmsis/include/core_cm4.h **** #define DWT_FUNCTION_DATAVADDR1_Msk        (0xFUL << DWT_FUNCTION_DATAVADDR1_Pos)      /*!< DWT FUN
1026:Generated_Source\PSoC6\pdl\cmsis/include/core_cm4.h **** 
1027:Generated_Source\PSoC6\pdl\cmsis/include/core_cm4.h **** #define DWT_FUNCTION_DATAVADDR0_Pos        12U                                         /*!< DWT FUN
1028:Generated_Source\PSoC6\pdl\cmsis/include/core_cm4.h **** #define DWT_FUNCTION_DATAVADDR0_Msk        (0xFUL << DWT_FUNCTION_DATAVADDR0_Pos)      /*!< DWT FUN
1029:Generated_Source\PSoC6\pdl\cmsis/include/core_cm4.h **** 
1030:Generated_Source\PSoC6\pdl\cmsis/include/core_cm4.h **** #define DWT_FUNCTION_DATAVSIZE_Pos         10U                                         /*!< DWT FUN
1031:Generated_Source\PSoC6\pdl\cmsis/include/core_cm4.h **** #define DWT_FUNCTION_DATAVSIZE_Msk         (0x3UL << DWT_FUNCTION_DATAVSIZE_Pos)       /*!< DWT FUN
1032:Generated_Source\PSoC6\pdl\cmsis/include/core_cm4.h **** 
1033:Generated_Source\PSoC6\pdl\cmsis/include/core_cm4.h **** #define DWT_FUNCTION_LNK1ENA_Pos            9U                                         /*!< DWT FUN
1034:Generated_Source\PSoC6\pdl\cmsis/include/core_cm4.h **** #define DWT_FUNCTION_LNK1ENA_Msk           (0x1UL << DWT_FUNCTION_LNK1ENA_Pos)         /*!< DWT FUN
1035:Generated_Source\PSoC6\pdl\cmsis/include/core_cm4.h **** 
1036:Generated_Source\PSoC6\pdl\cmsis/include/core_cm4.h **** #define DWT_FUNCTION_DATAVMATCH_Pos         8U                                         /*!< DWT FUN
1037:Generated_Source\PSoC6\pdl\cmsis/include/core_cm4.h **** #define DWT_FUNCTION_DATAVMATCH_Msk        (0x1UL << DWT_FUNCTION_DATAVMATCH_Pos)      /*!< DWT FUN
1038:Generated_Source\PSoC6\pdl\cmsis/include/core_cm4.h **** 
1039:Generated_Source\PSoC6\pdl\cmsis/include/core_cm4.h **** #define DWT_FUNCTION_CYCMATCH_Pos           7U                                         /*!< DWT FUN
1040:Generated_Source\PSoC6\pdl\cmsis/include/core_cm4.h **** #define DWT_FUNCTION_CYCMATCH_Msk          (0x1UL << DWT_FUNCTION_CYCMATCH_Pos)        /*!< DWT FUN
1041:Generated_Source\PSoC6\pdl\cmsis/include/core_cm4.h **** 
1042:Generated_Source\PSoC6\pdl\cmsis/include/core_cm4.h **** #define DWT_FUNCTION_EMITRANGE_Pos          5U                                         /*!< DWT FUN
1043:Generated_Source\PSoC6\pdl\cmsis/include/core_cm4.h **** #define DWT_FUNCTION_EMITRANGE_Msk         (0x1UL << DWT_FUNCTION_EMITRANGE_Pos)       /*!< DWT FUN
1044:Generated_Source\PSoC6\pdl\cmsis/include/core_cm4.h **** 
1045:Generated_Source\PSoC6\pdl\cmsis/include/core_cm4.h **** #define DWT_FUNCTION_FUNCTION_Pos           0U                                         /*!< DWT FUN
1046:Generated_Source\PSoC6\pdl\cmsis/include/core_cm4.h **** #define DWT_FUNCTION_FUNCTION_Msk          (0xFUL /*<< DWT_FUNCTION_FUNCTION_Pos*/)    /*!< DWT FUN
1047:Generated_Source\PSoC6\pdl\cmsis/include/core_cm4.h **** 
1048:Generated_Source\PSoC6\pdl\cmsis/include/core_cm4.h **** /*@}*/ /* end of group CMSIS_DWT */
1049:Generated_Source\PSoC6\pdl\cmsis/include/core_cm4.h **** 
1050:Generated_Source\PSoC6\pdl\cmsis/include/core_cm4.h **** 
1051:Generated_Source\PSoC6\pdl\cmsis/include/core_cm4.h **** /**
1052:Generated_Source\PSoC6\pdl\cmsis/include/core_cm4.h ****   \ingroup  CMSIS_core_register
ARM GAS  C:\Users\Finik\AppData\Local\Temp\ccnRnT2c.s 			page 49


1053:Generated_Source\PSoC6\pdl\cmsis/include/core_cm4.h ****   \defgroup CMSIS_TPI     Trace Port Interface (TPI)
1054:Generated_Source\PSoC6\pdl\cmsis/include/core_cm4.h ****   \brief    Type definitions for the Trace Port Interface (TPI)
1055:Generated_Source\PSoC6\pdl\cmsis/include/core_cm4.h ****   @{
1056:Generated_Source\PSoC6\pdl\cmsis/include/core_cm4.h ****  */
1057:Generated_Source\PSoC6\pdl\cmsis/include/core_cm4.h **** 
1058:Generated_Source\PSoC6\pdl\cmsis/include/core_cm4.h **** /**
1059:Generated_Source\PSoC6\pdl\cmsis/include/core_cm4.h ****   \brief  Structure type to access the Trace Port Interface Register (TPI).
1060:Generated_Source\PSoC6\pdl\cmsis/include/core_cm4.h ****  */
1061:Generated_Source\PSoC6\pdl\cmsis/include/core_cm4.h **** typedef struct
1062:Generated_Source\PSoC6\pdl\cmsis/include/core_cm4.h **** {
1063:Generated_Source\PSoC6\pdl\cmsis/include/core_cm4.h ****   __IOM uint32_t SSPSR;                  /*!< Offset: 0x000 (R/ )  Supported Parallel Port Size Reg
1064:Generated_Source\PSoC6\pdl\cmsis/include/core_cm4.h ****   __IOM uint32_t CSPSR;                  /*!< Offset: 0x004 (R/W)  Current Parallel Port Size Regis
1065:Generated_Source\PSoC6\pdl\cmsis/include/core_cm4.h ****         uint32_t RESERVED0[2U];
1066:Generated_Source\PSoC6\pdl\cmsis/include/core_cm4.h ****   __IOM uint32_t ACPR;                   /*!< Offset: 0x010 (R/W)  Asynchronous Clock Prescaler Reg
1067:Generated_Source\PSoC6\pdl\cmsis/include/core_cm4.h ****         uint32_t RESERVED1[55U];
1068:Generated_Source\PSoC6\pdl\cmsis/include/core_cm4.h ****   __IOM uint32_t SPPR;                   /*!< Offset: 0x0F0 (R/W)  Selected Pin Protocol Register *
1069:Generated_Source\PSoC6\pdl\cmsis/include/core_cm4.h ****         uint32_t RESERVED2[131U];
1070:Generated_Source\PSoC6\pdl\cmsis/include/core_cm4.h ****   __IM  uint32_t FFSR;                   /*!< Offset: 0x300 (R/ )  Formatter and Flush Status Regis
1071:Generated_Source\PSoC6\pdl\cmsis/include/core_cm4.h ****   __IOM uint32_t FFCR;                   /*!< Offset: 0x304 (R/W)  Formatter and Flush Control Regi
1072:Generated_Source\PSoC6\pdl\cmsis/include/core_cm4.h ****   __IM  uint32_t FSCR;                   /*!< Offset: 0x308 (R/ )  Formatter Synchronization Counte
1073:Generated_Source\PSoC6\pdl\cmsis/include/core_cm4.h ****         uint32_t RESERVED3[759U];
1074:Generated_Source\PSoC6\pdl\cmsis/include/core_cm4.h ****   __IM  uint32_t TRIGGER;                /*!< Offset: 0xEE8 (R/ )  TRIGGER */
1075:Generated_Source\PSoC6\pdl\cmsis/include/core_cm4.h ****   __IM  uint32_t FIFO0;                  /*!< Offset: 0xEEC (R/ )  Integration ETM Data */
1076:Generated_Source\PSoC6\pdl\cmsis/include/core_cm4.h ****   __IM  uint32_t ITATBCTR2;              /*!< Offset: 0xEF0 (R/ )  ITATBCTR2 */
1077:Generated_Source\PSoC6\pdl\cmsis/include/core_cm4.h ****         uint32_t RESERVED4[1U];
1078:Generated_Source\PSoC6\pdl\cmsis/include/core_cm4.h ****   __IM  uint32_t ITATBCTR0;              /*!< Offset: 0xEF8 (R/ )  ITATBCTR0 */
1079:Generated_Source\PSoC6\pdl\cmsis/include/core_cm4.h ****   __IM  uint32_t FIFO1;                  /*!< Offset: 0xEFC (R/ )  Integration ITM Data */
1080:Generated_Source\PSoC6\pdl\cmsis/include/core_cm4.h ****   __IOM uint32_t ITCTRL;                 /*!< Offset: 0xF00 (R/W)  Integration Mode Control */
1081:Generated_Source\PSoC6\pdl\cmsis/include/core_cm4.h ****         uint32_t RESERVED5[39U];
1082:Generated_Source\PSoC6\pdl\cmsis/include/core_cm4.h ****   __IOM uint32_t CLAIMSET;               /*!< Offset: 0xFA0 (R/W)  Claim tag set */
1083:Generated_Source\PSoC6\pdl\cmsis/include/core_cm4.h ****   __IOM uint32_t CLAIMCLR;               /*!< Offset: 0xFA4 (R/W)  Claim tag clear */
1084:Generated_Source\PSoC6\pdl\cmsis/include/core_cm4.h ****         uint32_t RESERVED7[8U];
1085:Generated_Source\PSoC6\pdl\cmsis/include/core_cm4.h ****   __IM  uint32_t DEVID;                  /*!< Offset: 0xFC8 (R/ )  TPIU_DEVID */
1086:Generated_Source\PSoC6\pdl\cmsis/include/core_cm4.h ****   __IM  uint32_t DEVTYPE;                /*!< Offset: 0xFCC (R/ )  TPIU_DEVTYPE */
1087:Generated_Source\PSoC6\pdl\cmsis/include/core_cm4.h **** } TPI_Type;
1088:Generated_Source\PSoC6\pdl\cmsis/include/core_cm4.h **** 
1089:Generated_Source\PSoC6\pdl\cmsis/include/core_cm4.h **** /* TPI Asynchronous Clock Prescaler Register Definitions */
1090:Generated_Source\PSoC6\pdl\cmsis/include/core_cm4.h **** #define TPI_ACPR_PRESCALER_Pos              0U                                         /*!< @Deprec
1091:Generated_Source\PSoC6\pdl\cmsis/include/core_cm4.h **** #define TPI_ACPR_PRESCALER_Msk             (0x1FFFUL /*<< TPI_ACPR_PRESCALER_Pos*/)    /*!< @Deprec
1092:Generated_Source\PSoC6\pdl\cmsis/include/core_cm4.h **** 
1093:Generated_Source\PSoC6\pdl\cmsis/include/core_cm4.h **** #define TPI_ACPR_SWOSCALER_Pos              0U                                         /*!< TPI ACP
1094:Generated_Source\PSoC6\pdl\cmsis/include/core_cm4.h **** #define TPI_ACPR_SWOSCALER_Msk             (0xFFFFUL /*<< TPI_ACPR_SWOSCALER_Pos*/)    /*!< TPI ACP
1095:Generated_Source\PSoC6\pdl\cmsis/include/core_cm4.h **** 
1096:Generated_Source\PSoC6\pdl\cmsis/include/core_cm4.h **** /* TPI Selected Pin Protocol Register Definitions */
1097:Generated_Source\PSoC6\pdl\cmsis/include/core_cm4.h **** #define TPI_SPPR_TXMODE_Pos                 0U                                         /*!< TPI SPP
1098:Generated_Source\PSoC6\pdl\cmsis/include/core_cm4.h **** #define TPI_SPPR_TXMODE_Msk                (0x3UL /*<< TPI_SPPR_TXMODE_Pos*/)          /*!< TPI SPP
1099:Generated_Source\PSoC6\pdl\cmsis/include/core_cm4.h **** 
1100:Generated_Source\PSoC6\pdl\cmsis/include/core_cm4.h **** /* TPI Formatter and Flush Status Register Definitions */
1101:Generated_Source\PSoC6\pdl\cmsis/include/core_cm4.h **** #define TPI_FFSR_FtNonStop_Pos              3U                                         /*!< TPI FFS
1102:Generated_Source\PSoC6\pdl\cmsis/include/core_cm4.h **** #define TPI_FFSR_FtNonStop_Msk             (0x1UL << TPI_FFSR_FtNonStop_Pos)           /*!< TPI FFS
1103:Generated_Source\PSoC6\pdl\cmsis/include/core_cm4.h **** 
1104:Generated_Source\PSoC6\pdl\cmsis/include/core_cm4.h **** #define TPI_FFSR_TCPresent_Pos              2U                                         /*!< TPI FFS
1105:Generated_Source\PSoC6\pdl\cmsis/include/core_cm4.h **** #define TPI_FFSR_TCPresent_Msk             (0x1UL << TPI_FFSR_TCPresent_Pos)           /*!< TPI FFS
1106:Generated_Source\PSoC6\pdl\cmsis/include/core_cm4.h **** 
1107:Generated_Source\PSoC6\pdl\cmsis/include/core_cm4.h **** #define TPI_FFSR_FtStopped_Pos              1U                                         /*!< TPI FFS
1108:Generated_Source\PSoC6\pdl\cmsis/include/core_cm4.h **** #define TPI_FFSR_FtStopped_Msk             (0x1UL << TPI_FFSR_FtStopped_Pos)           /*!< TPI FFS
1109:Generated_Source\PSoC6\pdl\cmsis/include/core_cm4.h **** 
ARM GAS  C:\Users\Finik\AppData\Local\Temp\ccnRnT2c.s 			page 50


1110:Generated_Source\PSoC6\pdl\cmsis/include/core_cm4.h **** #define TPI_FFSR_FlInProg_Pos               0U                                         /*!< TPI FFS
1111:Generated_Source\PSoC6\pdl\cmsis/include/core_cm4.h **** #define TPI_FFSR_FlInProg_Msk              (0x1UL /*<< TPI_FFSR_FlInProg_Pos*/)        /*!< TPI FFS
1112:Generated_Source\PSoC6\pdl\cmsis/include/core_cm4.h **** 
1113:Generated_Source\PSoC6\pdl\cmsis/include/core_cm4.h **** /* TPI Formatter and Flush Control Register Definitions */
1114:Generated_Source\PSoC6\pdl\cmsis/include/core_cm4.h **** #define TPI_FFCR_TrigIn_Pos                 8U                                         /*!< TPI FFC
1115:Generated_Source\PSoC6\pdl\cmsis/include/core_cm4.h **** #define TPI_FFCR_TrigIn_Msk                (0x1UL << TPI_FFCR_TrigIn_Pos)              /*!< TPI FFC
1116:Generated_Source\PSoC6\pdl\cmsis/include/core_cm4.h **** 
1117:Generated_Source\PSoC6\pdl\cmsis/include/core_cm4.h **** #define TPI_FFCR_EnFCont_Pos                1U                                         /*!< TPI FFC
1118:Generated_Source\PSoC6\pdl\cmsis/include/core_cm4.h **** #define TPI_FFCR_EnFCont_Msk               (0x1UL << TPI_FFCR_EnFCont_Pos)             /*!< TPI FFC
1119:Generated_Source\PSoC6\pdl\cmsis/include/core_cm4.h **** 
1120:Generated_Source\PSoC6\pdl\cmsis/include/core_cm4.h **** /* TPI TRIGGER Register Definitions */
1121:Generated_Source\PSoC6\pdl\cmsis/include/core_cm4.h **** #define TPI_TRIGGER_TRIGGER_Pos             0U                                         /*!< TPI TRI
1122:Generated_Source\PSoC6\pdl\cmsis/include/core_cm4.h **** #define TPI_TRIGGER_TRIGGER_Msk            (0x1UL /*<< TPI_TRIGGER_TRIGGER_Pos*/)      /*!< TPI TRI
1123:Generated_Source\PSoC6\pdl\cmsis/include/core_cm4.h **** 
1124:Generated_Source\PSoC6\pdl\cmsis/include/core_cm4.h **** /* TPI Integration ETM Data Register Definitions (FIFO0) */
1125:Generated_Source\PSoC6\pdl\cmsis/include/core_cm4.h **** #define TPI_FIFO0_ITM_ATVALID_Pos          29U                                         /*!< TPI FIF
1126:Generated_Source\PSoC6\pdl\cmsis/include/core_cm4.h **** #define TPI_FIFO0_ITM_ATVALID_Msk          (0x3UL << TPI_FIFO0_ITM_ATVALID_Pos)        /*!< TPI FIF
1127:Generated_Source\PSoC6\pdl\cmsis/include/core_cm4.h **** 
1128:Generated_Source\PSoC6\pdl\cmsis/include/core_cm4.h **** #define TPI_FIFO0_ITM_bytecount_Pos        27U                                         /*!< TPI FIF
1129:Generated_Source\PSoC6\pdl\cmsis/include/core_cm4.h **** #define TPI_FIFO0_ITM_bytecount_Msk        (0x3UL << TPI_FIFO0_ITM_bytecount_Pos)      /*!< TPI FIF
1130:Generated_Source\PSoC6\pdl\cmsis/include/core_cm4.h **** 
1131:Generated_Source\PSoC6\pdl\cmsis/include/core_cm4.h **** #define TPI_FIFO0_ETM_ATVALID_Pos          26U                                         /*!< TPI FIF
1132:Generated_Source\PSoC6\pdl\cmsis/include/core_cm4.h **** #define TPI_FIFO0_ETM_ATVALID_Msk          (0x3UL << TPI_FIFO0_ETM_ATVALID_Pos)        /*!< TPI FIF
1133:Generated_Source\PSoC6\pdl\cmsis/include/core_cm4.h **** 
1134:Generated_Source\PSoC6\pdl\cmsis/include/core_cm4.h **** #define TPI_FIFO0_ETM_bytecount_Pos        24U                                         /*!< TPI FIF
1135:Generated_Source\PSoC6\pdl\cmsis/include/core_cm4.h **** #define TPI_FIFO0_ETM_bytecount_Msk        (0x3UL << TPI_FIFO0_ETM_bytecount_Pos)      /*!< TPI FIF
1136:Generated_Source\PSoC6\pdl\cmsis/include/core_cm4.h **** 
1137:Generated_Source\PSoC6\pdl\cmsis/include/core_cm4.h **** #define TPI_FIFO0_ETM2_Pos                 16U                                         /*!< TPI FIF
1138:Generated_Source\PSoC6\pdl\cmsis/include/core_cm4.h **** #define TPI_FIFO0_ETM2_Msk                 (0xFFUL << TPI_FIFO0_ETM2_Pos)              /*!< TPI FIF
1139:Generated_Source\PSoC6\pdl\cmsis/include/core_cm4.h **** 
1140:Generated_Source\PSoC6\pdl\cmsis/include/core_cm4.h **** #define TPI_FIFO0_ETM1_Pos                  8U                                         /*!< TPI FIF
1141:Generated_Source\PSoC6\pdl\cmsis/include/core_cm4.h **** #define TPI_FIFO0_ETM1_Msk                 (0xFFUL << TPI_FIFO0_ETM1_Pos)              /*!< TPI FIF
1142:Generated_Source\PSoC6\pdl\cmsis/include/core_cm4.h **** 
1143:Generated_Source\PSoC6\pdl\cmsis/include/core_cm4.h **** #define TPI_FIFO0_ETM0_Pos                  0U                                         /*!< TPI FIF
1144:Generated_Source\PSoC6\pdl\cmsis/include/core_cm4.h **** #define TPI_FIFO0_ETM0_Msk                 (0xFFUL /*<< TPI_FIFO0_ETM0_Pos*/)          /*!< TPI FIF
1145:Generated_Source\PSoC6\pdl\cmsis/include/core_cm4.h **** 
1146:Generated_Source\PSoC6\pdl\cmsis/include/core_cm4.h **** /* TPI ITATBCTR2 Register Definitions */
1147:Generated_Source\PSoC6\pdl\cmsis/include/core_cm4.h **** #define TPI_ITATBCTR2_ATREADY_Pos           0U                                         /*!< TPI ITA
1148:Generated_Source\PSoC6\pdl\cmsis/include/core_cm4.h **** #define TPI_ITATBCTR2_ATREADY_Msk          (0x1UL /*<< TPI_ITATBCTR2_ATREADY_Pos*/)    /*!< TPI ITA
1149:Generated_Source\PSoC6\pdl\cmsis/include/core_cm4.h **** 
1150:Generated_Source\PSoC6\pdl\cmsis/include/core_cm4.h **** /* TPI Integration ITM Data Register Definitions (FIFO1) */
1151:Generated_Source\PSoC6\pdl\cmsis/include/core_cm4.h **** #define TPI_FIFO1_ITM_ATVALID_Pos          29U                                         /*!< TPI FIF
1152:Generated_Source\PSoC6\pdl\cmsis/include/core_cm4.h **** #define TPI_FIFO1_ITM_ATVALID_Msk          (0x3UL << TPI_FIFO1_ITM_ATVALID_Pos)        /*!< TPI FIF
1153:Generated_Source\PSoC6\pdl\cmsis/include/core_cm4.h **** 
1154:Generated_Source\PSoC6\pdl\cmsis/include/core_cm4.h **** #define TPI_FIFO1_ITM_bytecount_Pos        27U                                         /*!< TPI FIF
1155:Generated_Source\PSoC6\pdl\cmsis/include/core_cm4.h **** #define TPI_FIFO1_ITM_bytecount_Msk        (0x3UL << TPI_FIFO1_ITM_bytecount_Pos)      /*!< TPI FIF
1156:Generated_Source\PSoC6\pdl\cmsis/include/core_cm4.h **** 
1157:Generated_Source\PSoC6\pdl\cmsis/include/core_cm4.h **** #define TPI_FIFO1_ETM_ATVALID_Pos          26U                                         /*!< TPI FIF
1158:Generated_Source\PSoC6\pdl\cmsis/include/core_cm4.h **** #define TPI_FIFO1_ETM_ATVALID_Msk          (0x3UL << TPI_FIFO1_ETM_ATVALID_Pos)        /*!< TPI FIF
1159:Generated_Source\PSoC6\pdl\cmsis/include/core_cm4.h **** 
1160:Generated_Source\PSoC6\pdl\cmsis/include/core_cm4.h **** #define TPI_FIFO1_ETM_bytecount_Pos        24U                                         /*!< TPI FIF
1161:Generated_Source\PSoC6\pdl\cmsis/include/core_cm4.h **** #define TPI_FIFO1_ETM_bytecount_Msk        (0x3UL << TPI_FIFO1_ETM_bytecount_Pos)      /*!< TPI FIF
1162:Generated_Source\PSoC6\pdl\cmsis/include/core_cm4.h **** 
1163:Generated_Source\PSoC6\pdl\cmsis/include/core_cm4.h **** #define TPI_FIFO1_ITM2_Pos                 16U                                         /*!< TPI FIF
1164:Generated_Source\PSoC6\pdl\cmsis/include/core_cm4.h **** #define TPI_FIFO1_ITM2_Msk                 (0xFFUL << TPI_FIFO1_ITM2_Pos)              /*!< TPI FIF
1165:Generated_Source\PSoC6\pdl\cmsis/include/core_cm4.h **** 
1166:Generated_Source\PSoC6\pdl\cmsis/include/core_cm4.h **** #define TPI_FIFO1_ITM1_Pos                  8U                                         /*!< TPI FIF
ARM GAS  C:\Users\Finik\AppData\Local\Temp\ccnRnT2c.s 			page 51


1167:Generated_Source\PSoC6\pdl\cmsis/include/core_cm4.h **** #define TPI_FIFO1_ITM1_Msk                 (0xFFUL << TPI_FIFO1_ITM1_Pos)              /*!< TPI FIF
1168:Generated_Source\PSoC6\pdl\cmsis/include/core_cm4.h **** 
1169:Generated_Source\PSoC6\pdl\cmsis/include/core_cm4.h **** #define TPI_FIFO1_ITM0_Pos                  0U                                         /*!< TPI FIF
1170:Generated_Source\PSoC6\pdl\cmsis/include/core_cm4.h **** #define TPI_FIFO1_ITM0_Msk                 (0xFFUL /*<< TPI_FIFO1_ITM0_Pos*/)          /*!< TPI FIF
1171:Generated_Source\PSoC6\pdl\cmsis/include/core_cm4.h **** 
1172:Generated_Source\PSoC6\pdl\cmsis/include/core_cm4.h **** /* TPI ITATBCTR0 Register Definitions */
1173:Generated_Source\PSoC6\pdl\cmsis/include/core_cm4.h **** #define TPI_ITATBCTR0_ATREADY_Pos           0U                                         /*!< TPI ITA
1174:Generated_Source\PSoC6\pdl\cmsis/include/core_cm4.h **** #define TPI_ITATBCTR0_ATREADY_Msk          (0x1UL /*<< TPI_ITATBCTR0_ATREADY_Pos*/)    /*!< TPI ITA
1175:Generated_Source\PSoC6\pdl\cmsis/include/core_cm4.h **** 
1176:Generated_Source\PSoC6\pdl\cmsis/include/core_cm4.h **** /* TPI Integration Mode Control Register Definitions */
1177:Generated_Source\PSoC6\pdl\cmsis/include/core_cm4.h **** #define TPI_ITCTRL_Mode_Pos                 0U                                         /*!< TPI ITC
1178:Generated_Source\PSoC6\pdl\cmsis/include/core_cm4.h **** #define TPI_ITCTRL_Mode_Msk                (0x1UL /*<< TPI_ITCTRL_Mode_Pos*/)          /*!< TPI ITC
1179:Generated_Source\PSoC6\pdl\cmsis/include/core_cm4.h **** 
1180:Generated_Source\PSoC6\pdl\cmsis/include/core_cm4.h **** /* TPI DEVID Register Definitions */
1181:Generated_Source\PSoC6\pdl\cmsis/include/core_cm4.h **** #define TPI_DEVID_NRZVALID_Pos             11U                                         /*!< TPI DEV
1182:Generated_Source\PSoC6\pdl\cmsis/include/core_cm4.h **** #define TPI_DEVID_NRZVALID_Msk             (0x1UL << TPI_DEVID_NRZVALID_Pos)           /*!< TPI DEV
1183:Generated_Source\PSoC6\pdl\cmsis/include/core_cm4.h **** 
1184:Generated_Source\PSoC6\pdl\cmsis/include/core_cm4.h **** #define TPI_DEVID_MANCVALID_Pos            10U                                         /*!< TPI DEV
1185:Generated_Source\PSoC6\pdl\cmsis/include/core_cm4.h **** #define TPI_DEVID_MANCVALID_Msk            (0x1UL << TPI_DEVID_MANCVALID_Pos)          /*!< TPI DEV
1186:Generated_Source\PSoC6\pdl\cmsis/include/core_cm4.h **** 
1187:Generated_Source\PSoC6\pdl\cmsis/include/core_cm4.h **** #define TPI_DEVID_PTINVALID_Pos             9U                                         /*!< TPI DEV
1188:Generated_Source\PSoC6\pdl\cmsis/include/core_cm4.h **** #define TPI_DEVID_PTINVALID_Msk            (0x1UL << TPI_DEVID_PTINVALID_Pos)          /*!< TPI DEV
1189:Generated_Source\PSoC6\pdl\cmsis/include/core_cm4.h **** 
1190:Generated_Source\PSoC6\pdl\cmsis/include/core_cm4.h **** #define TPI_DEVID_MinBufSz_Pos              6U                                         /*!< TPI DEV
1191:Generated_Source\PSoC6\pdl\cmsis/include/core_cm4.h **** #define TPI_DEVID_MinBufSz_Msk             (0x7UL << TPI_DEVID_MinBufSz_Pos)           /*!< TPI DEV
1192:Generated_Source\PSoC6\pdl\cmsis/include/core_cm4.h **** 
1193:Generated_Source\PSoC6\pdl\cmsis/include/core_cm4.h **** #define TPI_DEVID_AsynClkIn_Pos             5U                                         /*!< TPI DEV
1194:Generated_Source\PSoC6\pdl\cmsis/include/core_cm4.h **** #define TPI_DEVID_AsynClkIn_Msk            (0x1UL << TPI_DEVID_AsynClkIn_Pos)          /*!< TPI DEV
1195:Generated_Source\PSoC6\pdl\cmsis/include/core_cm4.h **** 
1196:Generated_Source\PSoC6\pdl\cmsis/include/core_cm4.h **** #define TPI_DEVID_NrTraceInput_Pos          0U                                         /*!< TPI DEV
1197:Generated_Source\PSoC6\pdl\cmsis/include/core_cm4.h **** #define TPI_DEVID_NrTraceInput_Msk         (0x1FUL /*<< TPI_DEVID_NrTraceInput_Pos*/)  /*!< TPI DEV
1198:Generated_Source\PSoC6\pdl\cmsis/include/core_cm4.h **** 
1199:Generated_Source\PSoC6\pdl\cmsis/include/core_cm4.h **** /* TPI DEVTYPE Register Definitions */
1200:Generated_Source\PSoC6\pdl\cmsis/include/core_cm4.h **** #define TPI_DEVTYPE_MajorType_Pos           4U                                         /*!< TPI DEV
1201:Generated_Source\PSoC6\pdl\cmsis/include/core_cm4.h **** #define TPI_DEVTYPE_MajorType_Msk          (0xFUL << TPI_DEVTYPE_MajorType_Pos)        /*!< TPI DEV
1202:Generated_Source\PSoC6\pdl\cmsis/include/core_cm4.h **** 
1203:Generated_Source\PSoC6\pdl\cmsis/include/core_cm4.h **** #define TPI_DEVTYPE_SubType_Pos             0U                                         /*!< TPI DEV
1204:Generated_Source\PSoC6\pdl\cmsis/include/core_cm4.h **** #define TPI_DEVTYPE_SubType_Msk            (0xFUL /*<< TPI_DEVTYPE_SubType_Pos*/)      /*!< TPI DEV
1205:Generated_Source\PSoC6\pdl\cmsis/include/core_cm4.h **** 
1206:Generated_Source\PSoC6\pdl\cmsis/include/core_cm4.h **** /*@}*/ /* end of group CMSIS_TPI */
1207:Generated_Source\PSoC6\pdl\cmsis/include/core_cm4.h **** 
1208:Generated_Source\PSoC6\pdl\cmsis/include/core_cm4.h **** 
1209:Generated_Source\PSoC6\pdl\cmsis/include/core_cm4.h **** #if defined (__MPU_PRESENT) && (__MPU_PRESENT == 1U)
1210:Generated_Source\PSoC6\pdl\cmsis/include/core_cm4.h **** /**
1211:Generated_Source\PSoC6\pdl\cmsis/include/core_cm4.h ****   \ingroup  CMSIS_core_register
1212:Generated_Source\PSoC6\pdl\cmsis/include/core_cm4.h ****   \defgroup CMSIS_MPU     Memory Protection Unit (MPU)
1213:Generated_Source\PSoC6\pdl\cmsis/include/core_cm4.h ****   \brief    Type definitions for the Memory Protection Unit (MPU)
1214:Generated_Source\PSoC6\pdl\cmsis/include/core_cm4.h ****   @{
1215:Generated_Source\PSoC6\pdl\cmsis/include/core_cm4.h ****  */
1216:Generated_Source\PSoC6\pdl\cmsis/include/core_cm4.h **** 
1217:Generated_Source\PSoC6\pdl\cmsis/include/core_cm4.h **** /**
1218:Generated_Source\PSoC6\pdl\cmsis/include/core_cm4.h ****   \brief  Structure type to access the Memory Protection Unit (MPU).
1219:Generated_Source\PSoC6\pdl\cmsis/include/core_cm4.h ****  */
1220:Generated_Source\PSoC6\pdl\cmsis/include/core_cm4.h **** typedef struct
1221:Generated_Source\PSoC6\pdl\cmsis/include/core_cm4.h **** {
1222:Generated_Source\PSoC6\pdl\cmsis/include/core_cm4.h ****   __IM  uint32_t TYPE;                   /*!< Offset: 0x000 (R/ )  MPU Type Register */
1223:Generated_Source\PSoC6\pdl\cmsis/include/core_cm4.h ****   __IOM uint32_t CTRL;                   /*!< Offset: 0x004 (R/W)  MPU Control Register */
ARM GAS  C:\Users\Finik\AppData\Local\Temp\ccnRnT2c.s 			page 52


1224:Generated_Source\PSoC6\pdl\cmsis/include/core_cm4.h ****   __IOM uint32_t RNR;                    /*!< Offset: 0x008 (R/W)  MPU Region RNRber Register */
1225:Generated_Source\PSoC6\pdl\cmsis/include/core_cm4.h ****   __IOM uint32_t RBAR;                   /*!< Offset: 0x00C (R/W)  MPU Region Base Address Register
1226:Generated_Source\PSoC6\pdl\cmsis/include/core_cm4.h ****   __IOM uint32_t RASR;                   /*!< Offset: 0x010 (R/W)  MPU Region Attribute and Size Re
1227:Generated_Source\PSoC6\pdl\cmsis/include/core_cm4.h ****   __IOM uint32_t RBAR_A1;                /*!< Offset: 0x014 (R/W)  MPU Alias 1 Region Base Address 
1228:Generated_Source\PSoC6\pdl\cmsis/include/core_cm4.h ****   __IOM uint32_t RASR_A1;                /*!< Offset: 0x018 (R/W)  MPU Alias 1 Region Attribute and
1229:Generated_Source\PSoC6\pdl\cmsis/include/core_cm4.h ****   __IOM uint32_t RBAR_A2;                /*!< Offset: 0x01C (R/W)  MPU Alias 2 Region Base Address 
1230:Generated_Source\PSoC6\pdl\cmsis/include/core_cm4.h ****   __IOM uint32_t RASR_A2;                /*!< Offset: 0x020 (R/W)  MPU Alias 2 Region Attribute and
1231:Generated_Source\PSoC6\pdl\cmsis/include/core_cm4.h ****   __IOM uint32_t RBAR_A3;                /*!< Offset: 0x024 (R/W)  MPU Alias 3 Region Base Address 
1232:Generated_Source\PSoC6\pdl\cmsis/include/core_cm4.h ****   __IOM uint32_t RASR_A3;                /*!< Offset: 0x028 (R/W)  MPU Alias 3 Region Attribute and
1233:Generated_Source\PSoC6\pdl\cmsis/include/core_cm4.h **** } MPU_Type;
1234:Generated_Source\PSoC6\pdl\cmsis/include/core_cm4.h **** 
1235:Generated_Source\PSoC6\pdl\cmsis/include/core_cm4.h **** #define MPU_TYPE_RALIASES                  4U
1236:Generated_Source\PSoC6\pdl\cmsis/include/core_cm4.h **** 
1237:Generated_Source\PSoC6\pdl\cmsis/include/core_cm4.h **** /* MPU Type Register Definitions */
1238:Generated_Source\PSoC6\pdl\cmsis/include/core_cm4.h **** #define MPU_TYPE_IREGION_Pos               16U                                            /*!< MPU 
1239:Generated_Source\PSoC6\pdl\cmsis/include/core_cm4.h **** #define MPU_TYPE_IREGION_Msk               (0xFFUL << MPU_TYPE_IREGION_Pos)               /*!< MPU 
1240:Generated_Source\PSoC6\pdl\cmsis/include/core_cm4.h **** 
1241:Generated_Source\PSoC6\pdl\cmsis/include/core_cm4.h **** #define MPU_TYPE_DREGION_Pos                8U                                            /*!< MPU 
1242:Generated_Source\PSoC6\pdl\cmsis/include/core_cm4.h **** #define MPU_TYPE_DREGION_Msk               (0xFFUL << MPU_TYPE_DREGION_Pos)               /*!< MPU 
1243:Generated_Source\PSoC6\pdl\cmsis/include/core_cm4.h **** 
1244:Generated_Source\PSoC6\pdl\cmsis/include/core_cm4.h **** #define MPU_TYPE_SEPARATE_Pos               0U                                            /*!< MPU 
1245:Generated_Source\PSoC6\pdl\cmsis/include/core_cm4.h **** #define MPU_TYPE_SEPARATE_Msk              (1UL /*<< MPU_TYPE_SEPARATE_Pos*/)             /*!< MPU 
1246:Generated_Source\PSoC6\pdl\cmsis/include/core_cm4.h **** 
1247:Generated_Source\PSoC6\pdl\cmsis/include/core_cm4.h **** /* MPU Control Register Definitions */
1248:Generated_Source\PSoC6\pdl\cmsis/include/core_cm4.h **** #define MPU_CTRL_PRIVDEFENA_Pos             2U                                            /*!< MPU 
1249:Generated_Source\PSoC6\pdl\cmsis/include/core_cm4.h **** #define MPU_CTRL_PRIVDEFENA_Msk            (1UL << MPU_CTRL_PRIVDEFENA_Pos)               /*!< MPU 
1250:Generated_Source\PSoC6\pdl\cmsis/include/core_cm4.h **** 
1251:Generated_Source\PSoC6\pdl\cmsis/include/core_cm4.h **** #define MPU_CTRL_HFNMIENA_Pos               1U                                            /*!< MPU 
1252:Generated_Source\PSoC6\pdl\cmsis/include/core_cm4.h **** #define MPU_CTRL_HFNMIENA_Msk              (1UL << MPU_CTRL_HFNMIENA_Pos)                 /*!< MPU 
1253:Generated_Source\PSoC6\pdl\cmsis/include/core_cm4.h **** 
1254:Generated_Source\PSoC6\pdl\cmsis/include/core_cm4.h **** #define MPU_CTRL_ENABLE_Pos                 0U                                            /*!< MPU 
1255:Generated_Source\PSoC6\pdl\cmsis/include/core_cm4.h **** #define MPU_CTRL_ENABLE_Msk                (1UL /*<< MPU_CTRL_ENABLE_Pos*/)               /*!< MPU 
1256:Generated_Source\PSoC6\pdl\cmsis/include/core_cm4.h **** 
1257:Generated_Source\PSoC6\pdl\cmsis/include/core_cm4.h **** /* MPU Region Number Register Definitions */
1258:Generated_Source\PSoC6\pdl\cmsis/include/core_cm4.h **** #define MPU_RNR_REGION_Pos                  0U                                            /*!< MPU 
1259:Generated_Source\PSoC6\pdl\cmsis/include/core_cm4.h **** #define MPU_RNR_REGION_Msk                 (0xFFUL /*<< MPU_RNR_REGION_Pos*/)             /*!< MPU 
1260:Generated_Source\PSoC6\pdl\cmsis/include/core_cm4.h **** 
1261:Generated_Source\PSoC6\pdl\cmsis/include/core_cm4.h **** /* MPU Region Base Address Register Definitions */
1262:Generated_Source\PSoC6\pdl\cmsis/include/core_cm4.h **** #define MPU_RBAR_ADDR_Pos                   5U                                            /*!< MPU 
1263:Generated_Source\PSoC6\pdl\cmsis/include/core_cm4.h **** #define MPU_RBAR_ADDR_Msk                  (0x7FFFFFFUL << MPU_RBAR_ADDR_Pos)             /*!< MPU 
1264:Generated_Source\PSoC6\pdl\cmsis/include/core_cm4.h **** 
1265:Generated_Source\PSoC6\pdl\cmsis/include/core_cm4.h **** #define MPU_RBAR_VALID_Pos                  4U                                            /*!< MPU 
1266:Generated_Source\PSoC6\pdl\cmsis/include/core_cm4.h **** #define MPU_RBAR_VALID_Msk                 (1UL << MPU_RBAR_VALID_Pos)                    /*!< MPU 
1267:Generated_Source\PSoC6\pdl\cmsis/include/core_cm4.h **** 
1268:Generated_Source\PSoC6\pdl\cmsis/include/core_cm4.h **** #define MPU_RBAR_REGION_Pos                 0U                                            /*!< MPU 
1269:Generated_Source\PSoC6\pdl\cmsis/include/core_cm4.h **** #define MPU_RBAR_REGION_Msk                (0xFUL /*<< MPU_RBAR_REGION_Pos*/)             /*!< MPU 
1270:Generated_Source\PSoC6\pdl\cmsis/include/core_cm4.h **** 
1271:Generated_Source\PSoC6\pdl\cmsis/include/core_cm4.h **** /* MPU Region Attribute and Size Register Definitions */
1272:Generated_Source\PSoC6\pdl\cmsis/include/core_cm4.h **** #define MPU_RASR_ATTRS_Pos                 16U                                            /*!< MPU 
1273:Generated_Source\PSoC6\pdl\cmsis/include/core_cm4.h **** #define MPU_RASR_ATTRS_Msk                 (0xFFFFUL << MPU_RASR_ATTRS_Pos)               /*!< MPU 
1274:Generated_Source\PSoC6\pdl\cmsis/include/core_cm4.h **** 
1275:Generated_Source\PSoC6\pdl\cmsis/include/core_cm4.h **** #define MPU_RASR_XN_Pos                    28U                                            /*!< MPU 
1276:Generated_Source\PSoC6\pdl\cmsis/include/core_cm4.h **** #define MPU_RASR_XN_Msk                    (1UL << MPU_RASR_XN_Pos)                       /*!< MPU 
1277:Generated_Source\PSoC6\pdl\cmsis/include/core_cm4.h **** 
1278:Generated_Source\PSoC6\pdl\cmsis/include/core_cm4.h **** #define MPU_RASR_AP_Pos                    24U                                            /*!< MPU 
1279:Generated_Source\PSoC6\pdl\cmsis/include/core_cm4.h **** #define MPU_RASR_AP_Msk                    (0x7UL << MPU_RASR_AP_Pos)                     /*!< MPU 
1280:Generated_Source\PSoC6\pdl\cmsis/include/core_cm4.h **** 
ARM GAS  C:\Users\Finik\AppData\Local\Temp\ccnRnT2c.s 			page 53


1281:Generated_Source\PSoC6\pdl\cmsis/include/core_cm4.h **** #define MPU_RASR_TEX_Pos                   19U                                            /*!< MPU 
1282:Generated_Source\PSoC6\pdl\cmsis/include/core_cm4.h **** #define MPU_RASR_TEX_Msk                   (0x7UL << MPU_RASR_TEX_Pos)                    /*!< MPU 
1283:Generated_Source\PSoC6\pdl\cmsis/include/core_cm4.h **** 
1284:Generated_Source\PSoC6\pdl\cmsis/include/core_cm4.h **** #define MPU_RASR_S_Pos                     18U                                            /*!< MPU 
1285:Generated_Source\PSoC6\pdl\cmsis/include/core_cm4.h **** #define MPU_RASR_S_Msk                     (1UL << MPU_RASR_S_Pos)                        /*!< MPU 
1286:Generated_Source\PSoC6\pdl\cmsis/include/core_cm4.h **** 
1287:Generated_Source\PSoC6\pdl\cmsis/include/core_cm4.h **** #define MPU_RASR_C_Pos                     17U                                            /*!< MPU 
1288:Generated_Source\PSoC6\pdl\cmsis/include/core_cm4.h **** #define MPU_RASR_C_Msk                     (1UL << MPU_RASR_C_Pos)                        /*!< MPU 
1289:Generated_Source\PSoC6\pdl\cmsis/include/core_cm4.h **** 
1290:Generated_Source\PSoC6\pdl\cmsis/include/core_cm4.h **** #define MPU_RASR_B_Pos                     16U                                            /*!< MPU 
1291:Generated_Source\PSoC6\pdl\cmsis/include/core_cm4.h **** #define MPU_RASR_B_Msk                     (1UL << MPU_RASR_B_Pos)                        /*!< MPU 
1292:Generated_Source\PSoC6\pdl\cmsis/include/core_cm4.h **** 
1293:Generated_Source\PSoC6\pdl\cmsis/include/core_cm4.h **** #define MPU_RASR_SRD_Pos                    8U                                            /*!< MPU 
1294:Generated_Source\PSoC6\pdl\cmsis/include/core_cm4.h **** #define MPU_RASR_SRD_Msk                   (0xFFUL << MPU_RASR_SRD_Pos)                   /*!< MPU 
1295:Generated_Source\PSoC6\pdl\cmsis/include/core_cm4.h **** 
1296:Generated_Source\PSoC6\pdl\cmsis/include/core_cm4.h **** #define MPU_RASR_SIZE_Pos                   1U                                            /*!< MPU 
1297:Generated_Source\PSoC6\pdl\cmsis/include/core_cm4.h **** #define MPU_RASR_SIZE_Msk                  (0x1FUL << MPU_RASR_SIZE_Pos)                  /*!< MPU 
1298:Generated_Source\PSoC6\pdl\cmsis/include/core_cm4.h **** 
1299:Generated_Source\PSoC6\pdl\cmsis/include/core_cm4.h **** #define MPU_RASR_ENABLE_Pos                 0U                                            /*!< MPU 
1300:Generated_Source\PSoC6\pdl\cmsis/include/core_cm4.h **** #define MPU_RASR_ENABLE_Msk                (1UL /*<< MPU_RASR_ENABLE_Pos*/)               /*!< MPU 
1301:Generated_Source\PSoC6\pdl\cmsis/include/core_cm4.h **** 
1302:Generated_Source\PSoC6\pdl\cmsis/include/core_cm4.h **** /*@} end of group CMSIS_MPU */
1303:Generated_Source\PSoC6\pdl\cmsis/include/core_cm4.h **** #endif /* defined (__MPU_PRESENT) && (__MPU_PRESENT == 1U) */
1304:Generated_Source\PSoC6\pdl\cmsis/include/core_cm4.h **** 
1305:Generated_Source\PSoC6\pdl\cmsis/include/core_cm4.h **** 
1306:Generated_Source\PSoC6\pdl\cmsis/include/core_cm4.h **** /**
1307:Generated_Source\PSoC6\pdl\cmsis/include/core_cm4.h ****   \ingroup  CMSIS_core_register
1308:Generated_Source\PSoC6\pdl\cmsis/include/core_cm4.h ****   \defgroup CMSIS_FPU     Floating Point Unit (FPU)
1309:Generated_Source\PSoC6\pdl\cmsis/include/core_cm4.h ****   \brief    Type definitions for the Floating Point Unit (FPU)
1310:Generated_Source\PSoC6\pdl\cmsis/include/core_cm4.h ****   @{
1311:Generated_Source\PSoC6\pdl\cmsis/include/core_cm4.h ****  */
1312:Generated_Source\PSoC6\pdl\cmsis/include/core_cm4.h **** 
1313:Generated_Source\PSoC6\pdl\cmsis/include/core_cm4.h **** /**
1314:Generated_Source\PSoC6\pdl\cmsis/include/core_cm4.h ****   \brief  Structure type to access the Floating Point Unit (FPU).
1315:Generated_Source\PSoC6\pdl\cmsis/include/core_cm4.h ****  */
1316:Generated_Source\PSoC6\pdl\cmsis/include/core_cm4.h **** typedef struct
1317:Generated_Source\PSoC6\pdl\cmsis/include/core_cm4.h **** {
1318:Generated_Source\PSoC6\pdl\cmsis/include/core_cm4.h ****         uint32_t RESERVED0[1U];
1319:Generated_Source\PSoC6\pdl\cmsis/include/core_cm4.h ****   __IOM uint32_t FPCCR;                  /*!< Offset: 0x004 (R/W)  Floating-Point Context Control R
1320:Generated_Source\PSoC6\pdl\cmsis/include/core_cm4.h ****   __IOM uint32_t FPCAR;                  /*!< Offset: 0x008 (R/W)  Floating-Point Context Address R
1321:Generated_Source\PSoC6\pdl\cmsis/include/core_cm4.h ****   __IOM uint32_t FPDSCR;                 /*!< Offset: 0x00C (R/W)  Floating-Point Default Status Co
1322:Generated_Source\PSoC6\pdl\cmsis/include/core_cm4.h ****   __IM  uint32_t MVFR0;                  /*!< Offset: 0x010 (R/ )  Media and FP Feature Register 0 
1323:Generated_Source\PSoC6\pdl\cmsis/include/core_cm4.h ****   __IM  uint32_t MVFR1;                  /*!< Offset: 0x014 (R/ )  Media and FP Feature Register 1 
1324:Generated_Source\PSoC6\pdl\cmsis/include/core_cm4.h **** } FPU_Type;
1325:Generated_Source\PSoC6\pdl\cmsis/include/core_cm4.h **** 
1326:Generated_Source\PSoC6\pdl\cmsis/include/core_cm4.h **** /* Floating-Point Context Control Register Definitions */
1327:Generated_Source\PSoC6\pdl\cmsis/include/core_cm4.h **** #define FPU_FPCCR_ASPEN_Pos                31U                                            /*!< FPCC
1328:Generated_Source\PSoC6\pdl\cmsis/include/core_cm4.h **** #define FPU_FPCCR_ASPEN_Msk                (1UL << FPU_FPCCR_ASPEN_Pos)                   /*!< FPCC
1329:Generated_Source\PSoC6\pdl\cmsis/include/core_cm4.h **** 
1330:Generated_Source\PSoC6\pdl\cmsis/include/core_cm4.h **** #define FPU_FPCCR_LSPEN_Pos                30U                                            /*!< FPCC
1331:Generated_Source\PSoC6\pdl\cmsis/include/core_cm4.h **** #define FPU_FPCCR_LSPEN_Msk                (1UL << FPU_FPCCR_LSPEN_Pos)                   /*!< FPCC
1332:Generated_Source\PSoC6\pdl\cmsis/include/core_cm4.h **** 
1333:Generated_Source\PSoC6\pdl\cmsis/include/core_cm4.h **** #define FPU_FPCCR_MONRDY_Pos                8U                                            /*!< FPCC
1334:Generated_Source\PSoC6\pdl\cmsis/include/core_cm4.h **** #define FPU_FPCCR_MONRDY_Msk               (1UL << FPU_FPCCR_MONRDY_Pos)                  /*!< FPCC
1335:Generated_Source\PSoC6\pdl\cmsis/include/core_cm4.h **** 
1336:Generated_Source\PSoC6\pdl\cmsis/include/core_cm4.h **** #define FPU_FPCCR_BFRDY_Pos                 6U                                            /*!< FPCC
1337:Generated_Source\PSoC6\pdl\cmsis/include/core_cm4.h **** #define FPU_FPCCR_BFRDY_Msk                (1UL << FPU_FPCCR_BFRDY_Pos)                   /*!< FPCC
ARM GAS  C:\Users\Finik\AppData\Local\Temp\ccnRnT2c.s 			page 54


1338:Generated_Source\PSoC6\pdl\cmsis/include/core_cm4.h **** 
1339:Generated_Source\PSoC6\pdl\cmsis/include/core_cm4.h **** #define FPU_FPCCR_MMRDY_Pos                 5U                                            /*!< FPCC
1340:Generated_Source\PSoC6\pdl\cmsis/include/core_cm4.h **** #define FPU_FPCCR_MMRDY_Msk                (1UL << FPU_FPCCR_MMRDY_Pos)                   /*!< FPCC
1341:Generated_Source\PSoC6\pdl\cmsis/include/core_cm4.h **** 
1342:Generated_Source\PSoC6\pdl\cmsis/include/core_cm4.h **** #define FPU_FPCCR_HFRDY_Pos                 4U                                            /*!< FPCC
1343:Generated_Source\PSoC6\pdl\cmsis/include/core_cm4.h **** #define FPU_FPCCR_HFRDY_Msk                (1UL << FPU_FPCCR_HFRDY_Pos)                   /*!< FPCC
1344:Generated_Source\PSoC6\pdl\cmsis/include/core_cm4.h **** 
1345:Generated_Source\PSoC6\pdl\cmsis/include/core_cm4.h **** #define FPU_FPCCR_THREAD_Pos                3U                                            /*!< FPCC
1346:Generated_Source\PSoC6\pdl\cmsis/include/core_cm4.h **** #define FPU_FPCCR_THREAD_Msk               (1UL << FPU_FPCCR_THREAD_Pos)                  /*!< FPCC
1347:Generated_Source\PSoC6\pdl\cmsis/include/core_cm4.h **** 
1348:Generated_Source\PSoC6\pdl\cmsis/include/core_cm4.h **** #define FPU_FPCCR_USER_Pos                  1U                                            /*!< FPCC
1349:Generated_Source\PSoC6\pdl\cmsis/include/core_cm4.h **** #define FPU_FPCCR_USER_Msk                 (1UL << FPU_FPCCR_USER_Pos)                    /*!< FPCC
1350:Generated_Source\PSoC6\pdl\cmsis/include/core_cm4.h **** 
1351:Generated_Source\PSoC6\pdl\cmsis/include/core_cm4.h **** #define FPU_FPCCR_LSPACT_Pos                0U                                            /*!< FPCC
1352:Generated_Source\PSoC6\pdl\cmsis/include/core_cm4.h **** #define FPU_FPCCR_LSPACT_Msk               (1UL /*<< FPU_FPCCR_LSPACT_Pos*/)              /*!< FPCC
1353:Generated_Source\PSoC6\pdl\cmsis/include/core_cm4.h **** 
1354:Generated_Source\PSoC6\pdl\cmsis/include/core_cm4.h **** /* Floating-Point Context Address Register Definitions */
1355:Generated_Source\PSoC6\pdl\cmsis/include/core_cm4.h **** #define FPU_FPCAR_ADDRESS_Pos               3U                                            /*!< FPCA
1356:Generated_Source\PSoC6\pdl\cmsis/include/core_cm4.h **** #define FPU_FPCAR_ADDRESS_Msk              (0x1FFFFFFFUL << FPU_FPCAR_ADDRESS_Pos)        /*!< FPCA
1357:Generated_Source\PSoC6\pdl\cmsis/include/core_cm4.h **** 
1358:Generated_Source\PSoC6\pdl\cmsis/include/core_cm4.h **** /* Floating-Point Default Status Control Register Definitions */
1359:Generated_Source\PSoC6\pdl\cmsis/include/core_cm4.h **** #define FPU_FPDSCR_AHP_Pos                 26U                                            /*!< FPDS
1360:Generated_Source\PSoC6\pdl\cmsis/include/core_cm4.h **** #define FPU_FPDSCR_AHP_Msk                 (1UL << FPU_FPDSCR_AHP_Pos)                    /*!< FPDS
1361:Generated_Source\PSoC6\pdl\cmsis/include/core_cm4.h **** 
1362:Generated_Source\PSoC6\pdl\cmsis/include/core_cm4.h **** #define FPU_FPDSCR_DN_Pos                  25U                                            /*!< FPDS
1363:Generated_Source\PSoC6\pdl\cmsis/include/core_cm4.h **** #define FPU_FPDSCR_DN_Msk                  (1UL << FPU_FPDSCR_DN_Pos)                     /*!< FPDS
1364:Generated_Source\PSoC6\pdl\cmsis/include/core_cm4.h **** 
1365:Generated_Source\PSoC6\pdl\cmsis/include/core_cm4.h **** #define FPU_FPDSCR_FZ_Pos                  24U                                            /*!< FPDS
1366:Generated_Source\PSoC6\pdl\cmsis/include/core_cm4.h **** #define FPU_FPDSCR_FZ_Msk                  (1UL << FPU_FPDSCR_FZ_Pos)                     /*!< FPDS
1367:Generated_Source\PSoC6\pdl\cmsis/include/core_cm4.h **** 
1368:Generated_Source\PSoC6\pdl\cmsis/include/core_cm4.h **** #define FPU_FPDSCR_RMode_Pos               22U                                            /*!< FPDS
1369:Generated_Source\PSoC6\pdl\cmsis/include/core_cm4.h **** #define FPU_FPDSCR_RMode_Msk               (3UL << FPU_FPDSCR_RMode_Pos)                  /*!< FPDS
1370:Generated_Source\PSoC6\pdl\cmsis/include/core_cm4.h **** 
1371:Generated_Source\PSoC6\pdl\cmsis/include/core_cm4.h **** /* Media and FP Feature Register 0 Definitions */
1372:Generated_Source\PSoC6\pdl\cmsis/include/core_cm4.h **** #define FPU_MVFR0_FP_rounding_modes_Pos    28U                                            /*!< MVFR
1373:Generated_Source\PSoC6\pdl\cmsis/include/core_cm4.h **** #define FPU_MVFR0_FP_rounding_modes_Msk    (0xFUL << FPU_MVFR0_FP_rounding_modes_Pos)     /*!< MVFR
1374:Generated_Source\PSoC6\pdl\cmsis/include/core_cm4.h **** 
1375:Generated_Source\PSoC6\pdl\cmsis/include/core_cm4.h **** #define FPU_MVFR0_Short_vectors_Pos        24U                                            /*!< MVFR
1376:Generated_Source\PSoC6\pdl\cmsis/include/core_cm4.h **** #define FPU_MVFR0_Short_vectors_Msk        (0xFUL << FPU_MVFR0_Short_vectors_Pos)         /*!< MVFR
1377:Generated_Source\PSoC6\pdl\cmsis/include/core_cm4.h **** 
1378:Generated_Source\PSoC6\pdl\cmsis/include/core_cm4.h **** #define FPU_MVFR0_Square_root_Pos          20U                                            /*!< MVFR
1379:Generated_Source\PSoC6\pdl\cmsis/include/core_cm4.h **** #define FPU_MVFR0_Square_root_Msk          (0xFUL << FPU_MVFR0_Square_root_Pos)           /*!< MVFR
1380:Generated_Source\PSoC6\pdl\cmsis/include/core_cm4.h **** 
1381:Generated_Source\PSoC6\pdl\cmsis/include/core_cm4.h **** #define FPU_MVFR0_Divide_Pos               16U                                            /*!< MVFR
1382:Generated_Source\PSoC6\pdl\cmsis/include/core_cm4.h **** #define FPU_MVFR0_Divide_Msk               (0xFUL << FPU_MVFR0_Divide_Pos)                /*!< MVFR
1383:Generated_Source\PSoC6\pdl\cmsis/include/core_cm4.h **** 
1384:Generated_Source\PSoC6\pdl\cmsis/include/core_cm4.h **** #define FPU_MVFR0_FP_excep_trapping_Pos    12U                                            /*!< MVFR
1385:Generated_Source\PSoC6\pdl\cmsis/include/core_cm4.h **** #define FPU_MVFR0_FP_excep_trapping_Msk    (0xFUL << FPU_MVFR0_FP_excep_trapping_Pos)     /*!< MVFR
1386:Generated_Source\PSoC6\pdl\cmsis/include/core_cm4.h **** 
1387:Generated_Source\PSoC6\pdl\cmsis/include/core_cm4.h **** #define FPU_MVFR0_Double_precision_Pos      8U                                            /*!< MVFR
1388:Generated_Source\PSoC6\pdl\cmsis/include/core_cm4.h **** #define FPU_MVFR0_Double_precision_Msk     (0xFUL << FPU_MVFR0_Double_precision_Pos)      /*!< MVFR
1389:Generated_Source\PSoC6\pdl\cmsis/include/core_cm4.h **** 
1390:Generated_Source\PSoC6\pdl\cmsis/include/core_cm4.h **** #define FPU_MVFR0_Single_precision_Pos      4U                                            /*!< MVFR
1391:Generated_Source\PSoC6\pdl\cmsis/include/core_cm4.h **** #define FPU_MVFR0_Single_precision_Msk     (0xFUL << FPU_MVFR0_Single_precision_Pos)      /*!< MVFR
1392:Generated_Source\PSoC6\pdl\cmsis/include/core_cm4.h **** 
1393:Generated_Source\PSoC6\pdl\cmsis/include/core_cm4.h **** #define FPU_MVFR0_A_SIMD_registers_Pos      0U                                            /*!< MVFR
1394:Generated_Source\PSoC6\pdl\cmsis/include/core_cm4.h **** #define FPU_MVFR0_A_SIMD_registers_Msk     (0xFUL /*<< FPU_MVFR0_A_SIMD_registers_Pos*/)  /*!< MVFR
ARM GAS  C:\Users\Finik\AppData\Local\Temp\ccnRnT2c.s 			page 55


1395:Generated_Source\PSoC6\pdl\cmsis/include/core_cm4.h **** 
1396:Generated_Source\PSoC6\pdl\cmsis/include/core_cm4.h **** /* Media and FP Feature Register 1 Definitions */
1397:Generated_Source\PSoC6\pdl\cmsis/include/core_cm4.h **** #define FPU_MVFR1_FP_fused_MAC_Pos         28U                                            /*!< MVFR
1398:Generated_Source\PSoC6\pdl\cmsis/include/core_cm4.h **** #define FPU_MVFR1_FP_fused_MAC_Msk         (0xFUL << FPU_MVFR1_FP_fused_MAC_Pos)          /*!< MVFR
1399:Generated_Source\PSoC6\pdl\cmsis/include/core_cm4.h **** 
1400:Generated_Source\PSoC6\pdl\cmsis/include/core_cm4.h **** #define FPU_MVFR1_FP_HPFP_Pos              24U                                            /*!< MVFR
1401:Generated_Source\PSoC6\pdl\cmsis/include/core_cm4.h **** #define FPU_MVFR1_FP_HPFP_Msk              (0xFUL << FPU_MVFR1_FP_HPFP_Pos)               /*!< MVFR
1402:Generated_Source\PSoC6\pdl\cmsis/include/core_cm4.h **** 
1403:Generated_Source\PSoC6\pdl\cmsis/include/core_cm4.h **** #define FPU_MVFR1_D_NaN_mode_Pos            4U                                            /*!< MVFR
1404:Generated_Source\PSoC6\pdl\cmsis/include/core_cm4.h **** #define FPU_MVFR1_D_NaN_mode_Msk           (0xFUL << FPU_MVFR1_D_NaN_mode_Pos)            /*!< MVFR
1405:Generated_Source\PSoC6\pdl\cmsis/include/core_cm4.h **** 
1406:Generated_Source\PSoC6\pdl\cmsis/include/core_cm4.h **** #define FPU_MVFR1_FtZ_mode_Pos              0U                                            /*!< MVFR
1407:Generated_Source\PSoC6\pdl\cmsis/include/core_cm4.h **** #define FPU_MVFR1_FtZ_mode_Msk             (0xFUL /*<< FPU_MVFR1_FtZ_mode_Pos*/)          /*!< MVFR
1408:Generated_Source\PSoC6\pdl\cmsis/include/core_cm4.h **** 
1409:Generated_Source\PSoC6\pdl\cmsis/include/core_cm4.h **** /*@} end of group CMSIS_FPU */
1410:Generated_Source\PSoC6\pdl\cmsis/include/core_cm4.h **** 
1411:Generated_Source\PSoC6\pdl\cmsis/include/core_cm4.h **** 
1412:Generated_Source\PSoC6\pdl\cmsis/include/core_cm4.h **** /**
1413:Generated_Source\PSoC6\pdl\cmsis/include/core_cm4.h ****   \ingroup  CMSIS_core_register
1414:Generated_Source\PSoC6\pdl\cmsis/include/core_cm4.h ****   \defgroup CMSIS_CoreDebug       Core Debug Registers (CoreDebug)
1415:Generated_Source\PSoC6\pdl\cmsis/include/core_cm4.h ****   \brief    Type definitions for the Core Debug Registers
1416:Generated_Source\PSoC6\pdl\cmsis/include/core_cm4.h ****   @{
1417:Generated_Source\PSoC6\pdl\cmsis/include/core_cm4.h ****  */
1418:Generated_Source\PSoC6\pdl\cmsis/include/core_cm4.h **** 
1419:Generated_Source\PSoC6\pdl\cmsis/include/core_cm4.h **** /**
1420:Generated_Source\PSoC6\pdl\cmsis/include/core_cm4.h ****   \brief  Structure type to access the Core Debug Register (CoreDebug).
1421:Generated_Source\PSoC6\pdl\cmsis/include/core_cm4.h ****  */
1422:Generated_Source\PSoC6\pdl\cmsis/include/core_cm4.h **** typedef struct
1423:Generated_Source\PSoC6\pdl\cmsis/include/core_cm4.h **** {
1424:Generated_Source\PSoC6\pdl\cmsis/include/core_cm4.h ****   __IOM uint32_t DHCSR;                  /*!< Offset: 0x000 (R/W)  Debug Halting Control and Status
1425:Generated_Source\PSoC6\pdl\cmsis/include/core_cm4.h ****   __OM  uint32_t DCRSR;                  /*!< Offset: 0x004 ( /W)  Debug Core Register Selector Reg
1426:Generated_Source\PSoC6\pdl\cmsis/include/core_cm4.h ****   __IOM uint32_t DCRDR;                  /*!< Offset: 0x008 (R/W)  Debug Core Register Data Registe
1427:Generated_Source\PSoC6\pdl\cmsis/include/core_cm4.h ****   __IOM uint32_t DEMCR;                  /*!< Offset: 0x00C (R/W)  Debug Exception and Monitor Cont
1428:Generated_Source\PSoC6\pdl\cmsis/include/core_cm4.h **** } CoreDebug_Type;
1429:Generated_Source\PSoC6\pdl\cmsis/include/core_cm4.h **** 
1430:Generated_Source\PSoC6\pdl\cmsis/include/core_cm4.h **** /* Debug Halting Control and Status Register Definitions */
1431:Generated_Source\PSoC6\pdl\cmsis/include/core_cm4.h **** #define CoreDebug_DHCSR_DBGKEY_Pos         16U                                            /*!< Core
1432:Generated_Source\PSoC6\pdl\cmsis/include/core_cm4.h **** #define CoreDebug_DHCSR_DBGKEY_Msk         (0xFFFFUL << CoreDebug_DHCSR_DBGKEY_Pos)       /*!< Core
1433:Generated_Source\PSoC6\pdl\cmsis/include/core_cm4.h **** 
1434:Generated_Source\PSoC6\pdl\cmsis/include/core_cm4.h **** #define CoreDebug_DHCSR_S_RESET_ST_Pos     25U                                            /*!< Core
1435:Generated_Source\PSoC6\pdl\cmsis/include/core_cm4.h **** #define CoreDebug_DHCSR_S_RESET_ST_Msk     (1UL << CoreDebug_DHCSR_S_RESET_ST_Pos)        /*!< Core
1436:Generated_Source\PSoC6\pdl\cmsis/include/core_cm4.h **** 
1437:Generated_Source\PSoC6\pdl\cmsis/include/core_cm4.h **** #define CoreDebug_DHCSR_S_RETIRE_ST_Pos    24U                                            /*!< Core
1438:Generated_Source\PSoC6\pdl\cmsis/include/core_cm4.h **** #define CoreDebug_DHCSR_S_RETIRE_ST_Msk    (1UL << CoreDebug_DHCSR_S_RETIRE_ST_Pos)       /*!< Core
1439:Generated_Source\PSoC6\pdl\cmsis/include/core_cm4.h **** 
1440:Generated_Source\PSoC6\pdl\cmsis/include/core_cm4.h **** #define CoreDebug_DHCSR_S_LOCKUP_Pos       19U                                            /*!< Core
1441:Generated_Source\PSoC6\pdl\cmsis/include/core_cm4.h **** #define CoreDebug_DHCSR_S_LOCKUP_Msk       (1UL << CoreDebug_DHCSR_S_LOCKUP_Pos)          /*!< Core
1442:Generated_Source\PSoC6\pdl\cmsis/include/core_cm4.h **** 
1443:Generated_Source\PSoC6\pdl\cmsis/include/core_cm4.h **** #define CoreDebug_DHCSR_S_SLEEP_Pos        18U                                            /*!< Core
1444:Generated_Source\PSoC6\pdl\cmsis/include/core_cm4.h **** #define CoreDebug_DHCSR_S_SLEEP_Msk        (1UL << CoreDebug_DHCSR_S_SLEEP_Pos)           /*!< Core
1445:Generated_Source\PSoC6\pdl\cmsis/include/core_cm4.h **** 
1446:Generated_Source\PSoC6\pdl\cmsis/include/core_cm4.h **** #define CoreDebug_DHCSR_S_HALT_Pos         17U                                            /*!< Core
1447:Generated_Source\PSoC6\pdl\cmsis/include/core_cm4.h **** #define CoreDebug_DHCSR_S_HALT_Msk         (1UL << CoreDebug_DHCSR_S_HALT_Pos)            /*!< Core
1448:Generated_Source\PSoC6\pdl\cmsis/include/core_cm4.h **** 
1449:Generated_Source\PSoC6\pdl\cmsis/include/core_cm4.h **** #define CoreDebug_DHCSR_S_REGRDY_Pos       16U                                            /*!< Core
1450:Generated_Source\PSoC6\pdl\cmsis/include/core_cm4.h **** #define CoreDebug_DHCSR_S_REGRDY_Msk       (1UL << CoreDebug_DHCSR_S_REGRDY_Pos)          /*!< Core
1451:Generated_Source\PSoC6\pdl\cmsis/include/core_cm4.h **** 
ARM GAS  C:\Users\Finik\AppData\Local\Temp\ccnRnT2c.s 			page 56


1452:Generated_Source\PSoC6\pdl\cmsis/include/core_cm4.h **** #define CoreDebug_DHCSR_C_SNAPSTALL_Pos     5U                                            /*!< Core
1453:Generated_Source\PSoC6\pdl\cmsis/include/core_cm4.h **** #define CoreDebug_DHCSR_C_SNAPSTALL_Msk    (1UL << CoreDebug_DHCSR_C_SNAPSTALL_Pos)       /*!< Core
1454:Generated_Source\PSoC6\pdl\cmsis/include/core_cm4.h **** 
1455:Generated_Source\PSoC6\pdl\cmsis/include/core_cm4.h **** #define CoreDebug_DHCSR_C_MASKINTS_Pos      3U                                            /*!< Core
1456:Generated_Source\PSoC6\pdl\cmsis/include/core_cm4.h **** #define CoreDebug_DHCSR_C_MASKINTS_Msk     (1UL << CoreDebug_DHCSR_C_MASKINTS_Pos)        /*!< Core
1457:Generated_Source\PSoC6\pdl\cmsis/include/core_cm4.h **** 
1458:Generated_Source\PSoC6\pdl\cmsis/include/core_cm4.h **** #define CoreDebug_DHCSR_C_STEP_Pos          2U                                            /*!< Core
1459:Generated_Source\PSoC6\pdl\cmsis/include/core_cm4.h **** #define CoreDebug_DHCSR_C_STEP_Msk         (1UL << CoreDebug_DHCSR_C_STEP_Pos)            /*!< Core
1460:Generated_Source\PSoC6\pdl\cmsis/include/core_cm4.h **** 
1461:Generated_Source\PSoC6\pdl\cmsis/include/core_cm4.h **** #define CoreDebug_DHCSR_C_HALT_Pos          1U                                            /*!< Core
1462:Generated_Source\PSoC6\pdl\cmsis/include/core_cm4.h **** #define CoreDebug_DHCSR_C_HALT_Msk         (1UL << CoreDebug_DHCSR_C_HALT_Pos)            /*!< Core
1463:Generated_Source\PSoC6\pdl\cmsis/include/core_cm4.h **** 
1464:Generated_Source\PSoC6\pdl\cmsis/include/core_cm4.h **** #define CoreDebug_DHCSR_C_DEBUGEN_Pos       0U                                            /*!< Core
1465:Generated_Source\PSoC6\pdl\cmsis/include/core_cm4.h **** #define CoreDebug_DHCSR_C_DEBUGEN_Msk      (1UL /*<< CoreDebug_DHCSR_C_DEBUGEN_Pos*/)     /*!< Core
1466:Generated_Source\PSoC6\pdl\cmsis/include/core_cm4.h **** 
1467:Generated_Source\PSoC6\pdl\cmsis/include/core_cm4.h **** /* Debug Core Register Selector Register Definitions */
1468:Generated_Source\PSoC6\pdl\cmsis/include/core_cm4.h **** #define CoreDebug_DCRSR_REGWnR_Pos         16U                                            /*!< Core
1469:Generated_Source\PSoC6\pdl\cmsis/include/core_cm4.h **** #define CoreDebug_DCRSR_REGWnR_Msk         (1UL << CoreDebug_DCRSR_REGWnR_Pos)            /*!< Core
1470:Generated_Source\PSoC6\pdl\cmsis/include/core_cm4.h **** 
1471:Generated_Source\PSoC6\pdl\cmsis/include/core_cm4.h **** #define CoreDebug_DCRSR_REGSEL_Pos          0U                                            /*!< Core
1472:Generated_Source\PSoC6\pdl\cmsis/include/core_cm4.h **** #define CoreDebug_DCRSR_REGSEL_Msk         (0x1FUL /*<< CoreDebug_DCRSR_REGSEL_Pos*/)     /*!< Core
1473:Generated_Source\PSoC6\pdl\cmsis/include/core_cm4.h **** 
1474:Generated_Source\PSoC6\pdl\cmsis/include/core_cm4.h **** /* Debug Exception and Monitor Control Register Definitions */
1475:Generated_Source\PSoC6\pdl\cmsis/include/core_cm4.h **** #define CoreDebug_DEMCR_TRCENA_Pos         24U                                            /*!< Core
1476:Generated_Source\PSoC6\pdl\cmsis/include/core_cm4.h **** #define CoreDebug_DEMCR_TRCENA_Msk         (1UL << CoreDebug_DEMCR_TRCENA_Pos)            /*!< Core
1477:Generated_Source\PSoC6\pdl\cmsis/include/core_cm4.h **** 
1478:Generated_Source\PSoC6\pdl\cmsis/include/core_cm4.h **** #define CoreDebug_DEMCR_MON_REQ_Pos        19U                                            /*!< Core
1479:Generated_Source\PSoC6\pdl\cmsis/include/core_cm4.h **** #define CoreDebug_DEMCR_MON_REQ_Msk        (1UL << CoreDebug_DEMCR_MON_REQ_Pos)           /*!< Core
1480:Generated_Source\PSoC6\pdl\cmsis/include/core_cm4.h **** 
1481:Generated_Source\PSoC6\pdl\cmsis/include/core_cm4.h **** #define CoreDebug_DEMCR_MON_STEP_Pos       18U                                            /*!< Core
1482:Generated_Source\PSoC6\pdl\cmsis/include/core_cm4.h **** #define CoreDebug_DEMCR_MON_STEP_Msk       (1UL << CoreDebug_DEMCR_MON_STEP_Pos)          /*!< Core
1483:Generated_Source\PSoC6\pdl\cmsis/include/core_cm4.h **** 
1484:Generated_Source\PSoC6\pdl\cmsis/include/core_cm4.h **** #define CoreDebug_DEMCR_MON_PEND_Pos       17U                                            /*!< Core
1485:Generated_Source\PSoC6\pdl\cmsis/include/core_cm4.h **** #define CoreDebug_DEMCR_MON_PEND_Msk       (1UL << CoreDebug_DEMCR_MON_PEND_Pos)          /*!< Core
1486:Generated_Source\PSoC6\pdl\cmsis/include/core_cm4.h **** 
1487:Generated_Source\PSoC6\pdl\cmsis/include/core_cm4.h **** #define CoreDebug_DEMCR_MON_EN_Pos         16U                                            /*!< Core
1488:Generated_Source\PSoC6\pdl\cmsis/include/core_cm4.h **** #define CoreDebug_DEMCR_MON_EN_Msk         (1UL << CoreDebug_DEMCR_MON_EN_Pos)            /*!< Core
1489:Generated_Source\PSoC6\pdl\cmsis/include/core_cm4.h **** 
1490:Generated_Source\PSoC6\pdl\cmsis/include/core_cm4.h **** #define CoreDebug_DEMCR_VC_HARDERR_Pos     10U                                            /*!< Core
1491:Generated_Source\PSoC6\pdl\cmsis/include/core_cm4.h **** #define CoreDebug_DEMCR_VC_HARDERR_Msk     (1UL << CoreDebug_DEMCR_VC_HARDERR_Pos)        /*!< Core
1492:Generated_Source\PSoC6\pdl\cmsis/include/core_cm4.h **** 
1493:Generated_Source\PSoC6\pdl\cmsis/include/core_cm4.h **** #define CoreDebug_DEMCR_VC_INTERR_Pos       9U                                            /*!< Core
1494:Generated_Source\PSoC6\pdl\cmsis/include/core_cm4.h **** #define CoreDebug_DEMCR_VC_INTERR_Msk      (1UL << CoreDebug_DEMCR_VC_INTERR_Pos)         /*!< Core
1495:Generated_Source\PSoC6\pdl\cmsis/include/core_cm4.h **** 
1496:Generated_Source\PSoC6\pdl\cmsis/include/core_cm4.h **** #define CoreDebug_DEMCR_VC_BUSERR_Pos       8U                                            /*!< Core
1497:Generated_Source\PSoC6\pdl\cmsis/include/core_cm4.h **** #define CoreDebug_DEMCR_VC_BUSERR_Msk      (1UL << CoreDebug_DEMCR_VC_BUSERR_Pos)         /*!< Core
1498:Generated_Source\PSoC6\pdl\cmsis/include/core_cm4.h **** 
1499:Generated_Source\PSoC6\pdl\cmsis/include/core_cm4.h **** #define CoreDebug_DEMCR_VC_STATERR_Pos      7U                                            /*!< Core
1500:Generated_Source\PSoC6\pdl\cmsis/include/core_cm4.h **** #define CoreDebug_DEMCR_VC_STATERR_Msk     (1UL << CoreDebug_DEMCR_VC_STATERR_Pos)        /*!< Core
1501:Generated_Source\PSoC6\pdl\cmsis/include/core_cm4.h **** 
1502:Generated_Source\PSoC6\pdl\cmsis/include/core_cm4.h **** #define CoreDebug_DEMCR_VC_CHKERR_Pos       6U                                            /*!< Core
1503:Generated_Source\PSoC6\pdl\cmsis/include/core_cm4.h **** #define CoreDebug_DEMCR_VC_CHKERR_Msk      (1UL << CoreDebug_DEMCR_VC_CHKERR_Pos)         /*!< Core
1504:Generated_Source\PSoC6\pdl\cmsis/include/core_cm4.h **** 
1505:Generated_Source\PSoC6\pdl\cmsis/include/core_cm4.h **** #define CoreDebug_DEMCR_VC_NOCPERR_Pos      5U                                            /*!< Core
1506:Generated_Source\PSoC6\pdl\cmsis/include/core_cm4.h **** #define CoreDebug_DEMCR_VC_NOCPERR_Msk     (1UL << CoreDebug_DEMCR_VC_NOCPERR_Pos)        /*!< Core
1507:Generated_Source\PSoC6\pdl\cmsis/include/core_cm4.h **** 
1508:Generated_Source\PSoC6\pdl\cmsis/include/core_cm4.h **** #define CoreDebug_DEMCR_VC_MMERR_Pos        4U                                            /*!< Core
ARM GAS  C:\Users\Finik\AppData\Local\Temp\ccnRnT2c.s 			page 57


1509:Generated_Source\PSoC6\pdl\cmsis/include/core_cm4.h **** #define CoreDebug_DEMCR_VC_MMERR_Msk       (1UL << CoreDebug_DEMCR_VC_MMERR_Pos)          /*!< Core
1510:Generated_Source\PSoC6\pdl\cmsis/include/core_cm4.h **** 
1511:Generated_Source\PSoC6\pdl\cmsis/include/core_cm4.h **** #define CoreDebug_DEMCR_VC_CORERESET_Pos    0U                                            /*!< Core
1512:Generated_Source\PSoC6\pdl\cmsis/include/core_cm4.h **** #define CoreDebug_DEMCR_VC_CORERESET_Msk   (1UL /*<< CoreDebug_DEMCR_VC_CORERESET_Pos*/)  /*!< Core
1513:Generated_Source\PSoC6\pdl\cmsis/include/core_cm4.h **** 
1514:Generated_Source\PSoC6\pdl\cmsis/include/core_cm4.h **** /*@} end of group CMSIS_CoreDebug */
1515:Generated_Source\PSoC6\pdl\cmsis/include/core_cm4.h **** 
1516:Generated_Source\PSoC6\pdl\cmsis/include/core_cm4.h **** 
1517:Generated_Source\PSoC6\pdl\cmsis/include/core_cm4.h **** /**
1518:Generated_Source\PSoC6\pdl\cmsis/include/core_cm4.h ****   \ingroup    CMSIS_core_register
1519:Generated_Source\PSoC6\pdl\cmsis/include/core_cm4.h ****   \defgroup   CMSIS_core_bitfield     Core register bit field macros
1520:Generated_Source\PSoC6\pdl\cmsis/include/core_cm4.h ****   \brief      Macros for use with bit field definitions (xxx_Pos, xxx_Msk).
1521:Generated_Source\PSoC6\pdl\cmsis/include/core_cm4.h ****   @{
1522:Generated_Source\PSoC6\pdl\cmsis/include/core_cm4.h ****  */
1523:Generated_Source\PSoC6\pdl\cmsis/include/core_cm4.h **** 
1524:Generated_Source\PSoC6\pdl\cmsis/include/core_cm4.h **** /**
1525:Generated_Source\PSoC6\pdl\cmsis/include/core_cm4.h ****   \brief   Mask and shift a bit field value for use in a register bit range.
1526:Generated_Source\PSoC6\pdl\cmsis/include/core_cm4.h ****   \param[in] field  Name of the register bit field.
1527:Generated_Source\PSoC6\pdl\cmsis/include/core_cm4.h ****   \param[in] value  Value of the bit field. This parameter is interpreted as an uint32_t type.
1528:Generated_Source\PSoC6\pdl\cmsis/include/core_cm4.h ****   \return           Masked and shifted value.
1529:Generated_Source\PSoC6\pdl\cmsis/include/core_cm4.h **** */
1530:Generated_Source\PSoC6\pdl\cmsis/include/core_cm4.h **** #define _VAL2FLD(field, value)    (((uint32_t)(value) << field ## _Pos) & field ## _Msk)
1531:Generated_Source\PSoC6\pdl\cmsis/include/core_cm4.h **** 
1532:Generated_Source\PSoC6\pdl\cmsis/include/core_cm4.h **** /**
1533:Generated_Source\PSoC6\pdl\cmsis/include/core_cm4.h ****   \brief     Mask and shift a register value to extract a bit filed value.
1534:Generated_Source\PSoC6\pdl\cmsis/include/core_cm4.h ****   \param[in] field  Name of the register bit field.
1535:Generated_Source\PSoC6\pdl\cmsis/include/core_cm4.h ****   \param[in] value  Value of register. This parameter is interpreted as an uint32_t type.
1536:Generated_Source\PSoC6\pdl\cmsis/include/core_cm4.h ****   \return           Masked and shifted bit field value.
1537:Generated_Source\PSoC6\pdl\cmsis/include/core_cm4.h **** */
1538:Generated_Source\PSoC6\pdl\cmsis/include/core_cm4.h **** #define _FLD2VAL(field, value)    (((uint32_t)(value) & field ## _Msk) >> field ## _Pos)
1539:Generated_Source\PSoC6\pdl\cmsis/include/core_cm4.h **** 
1540:Generated_Source\PSoC6\pdl\cmsis/include/core_cm4.h **** /*@} end of group CMSIS_core_bitfield */
1541:Generated_Source\PSoC6\pdl\cmsis/include/core_cm4.h **** 
1542:Generated_Source\PSoC6\pdl\cmsis/include/core_cm4.h **** 
1543:Generated_Source\PSoC6\pdl\cmsis/include/core_cm4.h **** /**
1544:Generated_Source\PSoC6\pdl\cmsis/include/core_cm4.h ****   \ingroup    CMSIS_core_register
1545:Generated_Source\PSoC6\pdl\cmsis/include/core_cm4.h ****   \defgroup   CMSIS_core_base     Core Definitions
1546:Generated_Source\PSoC6\pdl\cmsis/include/core_cm4.h ****   \brief      Definitions for base addresses, unions, and structures.
1547:Generated_Source\PSoC6\pdl\cmsis/include/core_cm4.h ****   @{
1548:Generated_Source\PSoC6\pdl\cmsis/include/core_cm4.h ****  */
1549:Generated_Source\PSoC6\pdl\cmsis/include/core_cm4.h **** 
1550:Generated_Source\PSoC6\pdl\cmsis/include/core_cm4.h **** /* Memory mapping of Core Hardware */
1551:Generated_Source\PSoC6\pdl\cmsis/include/core_cm4.h **** #define SCS_BASE            (0xE000E000UL)                            /*!< System Control Space Bas
1552:Generated_Source\PSoC6\pdl\cmsis/include/core_cm4.h **** #define ITM_BASE            (0xE0000000UL)                            /*!< ITM Base Address */
1553:Generated_Source\PSoC6\pdl\cmsis/include/core_cm4.h **** #define DWT_BASE            (0xE0001000UL)                            /*!< DWT Base Address */
1554:Generated_Source\PSoC6\pdl\cmsis/include/core_cm4.h **** #define TPI_BASE            (0xE0040000UL)                            /*!< TPI Base Address */
1555:Generated_Source\PSoC6\pdl\cmsis/include/core_cm4.h **** #define CoreDebug_BASE      (0xE000EDF0UL)                            /*!< Core Debug Base Address 
1556:Generated_Source\PSoC6\pdl\cmsis/include/core_cm4.h **** #define SysTick_BASE        (SCS_BASE +  0x0010UL)                    /*!< SysTick Base Address */
1557:Generated_Source\PSoC6\pdl\cmsis/include/core_cm4.h **** #define NVIC_BASE           (SCS_BASE +  0x0100UL)                    /*!< NVIC Base Address */
1558:Generated_Source\PSoC6\pdl\cmsis/include/core_cm4.h **** #define SCB_BASE            (SCS_BASE +  0x0D00UL)                    /*!< System Control Block Bas
1559:Generated_Source\PSoC6\pdl\cmsis/include/core_cm4.h **** 
1560:Generated_Source\PSoC6\pdl\cmsis/include/core_cm4.h **** #define SCnSCB              ((SCnSCB_Type    *)     SCS_BASE      )   /*!< System control Register 
1561:Generated_Source\PSoC6\pdl\cmsis/include/core_cm4.h **** #define SCB                 ((SCB_Type       *)     SCB_BASE      )   /*!< SCB configuration struct
1562:Generated_Source\PSoC6\pdl\cmsis/include/core_cm4.h **** #define SysTick             ((SysTick_Type   *)     SysTick_BASE  )   /*!< SysTick configuration st
1563:Generated_Source\PSoC6\pdl\cmsis/include/core_cm4.h **** #define NVIC                ((NVIC_Type      *)     NVIC_BASE     )   /*!< NVIC configuration struc
1564:Generated_Source\PSoC6\pdl\cmsis/include/core_cm4.h **** #define ITM                 ((ITM_Type       *)     ITM_BASE      )   /*!< ITM configuration struct
1565:Generated_Source\PSoC6\pdl\cmsis/include/core_cm4.h **** #define DWT                 ((DWT_Type       *)     DWT_BASE      )   /*!< DWT configuration struct
ARM GAS  C:\Users\Finik\AppData\Local\Temp\ccnRnT2c.s 			page 58


1566:Generated_Source\PSoC6\pdl\cmsis/include/core_cm4.h **** #define TPI                 ((TPI_Type       *)     TPI_BASE      )   /*!< TPI configuration struct
1567:Generated_Source\PSoC6\pdl\cmsis/include/core_cm4.h **** #define CoreDebug           ((CoreDebug_Type *)     CoreDebug_BASE)   /*!< Core Debug configuration
1568:Generated_Source\PSoC6\pdl\cmsis/include/core_cm4.h **** 
1569:Generated_Source\PSoC6\pdl\cmsis/include/core_cm4.h **** #if defined (__MPU_PRESENT) && (__MPU_PRESENT == 1U)
1570:Generated_Source\PSoC6\pdl\cmsis/include/core_cm4.h ****   #define MPU_BASE          (SCS_BASE +  0x0D90UL)                    /*!< Memory Protection Unit *
1571:Generated_Source\PSoC6\pdl\cmsis/include/core_cm4.h ****   #define MPU               ((MPU_Type       *)     MPU_BASE      )   /*!< Memory Protection Unit *
1572:Generated_Source\PSoC6\pdl\cmsis/include/core_cm4.h **** #endif
1573:Generated_Source\PSoC6\pdl\cmsis/include/core_cm4.h **** 
1574:Generated_Source\PSoC6\pdl\cmsis/include/core_cm4.h **** #define FPU_BASE            (SCS_BASE +  0x0F30UL)                    /*!< Floating Point Unit */
1575:Generated_Source\PSoC6\pdl\cmsis/include/core_cm4.h **** #define FPU                 ((FPU_Type       *)     FPU_BASE      )   /*!< Floating Point Unit */
1576:Generated_Source\PSoC6\pdl\cmsis/include/core_cm4.h **** 
1577:Generated_Source\PSoC6\pdl\cmsis/include/core_cm4.h **** /*@} */
1578:Generated_Source\PSoC6\pdl\cmsis/include/core_cm4.h **** 
1579:Generated_Source\PSoC6\pdl\cmsis/include/core_cm4.h **** 
1580:Generated_Source\PSoC6\pdl\cmsis/include/core_cm4.h **** 
1581:Generated_Source\PSoC6\pdl\cmsis/include/core_cm4.h **** /*******************************************************************************
1582:Generated_Source\PSoC6\pdl\cmsis/include/core_cm4.h ****  *                Hardware Abstraction Layer
1583:Generated_Source\PSoC6\pdl\cmsis/include/core_cm4.h ****   Core Function Interface contains:
1584:Generated_Source\PSoC6\pdl\cmsis/include/core_cm4.h ****   - Core NVIC Functions
1585:Generated_Source\PSoC6\pdl\cmsis/include/core_cm4.h ****   - Core SysTick Functions
1586:Generated_Source\PSoC6\pdl\cmsis/include/core_cm4.h ****   - Core Debug Functions
1587:Generated_Source\PSoC6\pdl\cmsis/include/core_cm4.h ****   - Core Register Access Functions
1588:Generated_Source\PSoC6\pdl\cmsis/include/core_cm4.h ****  ******************************************************************************/
1589:Generated_Source\PSoC6\pdl\cmsis/include/core_cm4.h **** /**
1590:Generated_Source\PSoC6\pdl\cmsis/include/core_cm4.h ****   \defgroup CMSIS_Core_FunctionInterface Functions and Instructions Reference
1591:Generated_Source\PSoC6\pdl\cmsis/include/core_cm4.h **** */
1592:Generated_Source\PSoC6\pdl\cmsis/include/core_cm4.h **** 
1593:Generated_Source\PSoC6\pdl\cmsis/include/core_cm4.h **** 
1594:Generated_Source\PSoC6\pdl\cmsis/include/core_cm4.h **** 
1595:Generated_Source\PSoC6\pdl\cmsis/include/core_cm4.h **** /* ##########################   NVIC functions  #################################### */
1596:Generated_Source\PSoC6\pdl\cmsis/include/core_cm4.h **** /**
1597:Generated_Source\PSoC6\pdl\cmsis/include/core_cm4.h ****   \ingroup  CMSIS_Core_FunctionInterface
1598:Generated_Source\PSoC6\pdl\cmsis/include/core_cm4.h ****   \defgroup CMSIS_Core_NVICFunctions NVIC Functions
1599:Generated_Source\PSoC6\pdl\cmsis/include/core_cm4.h ****   \brief    Functions that manage interrupts and exceptions via the NVIC.
1600:Generated_Source\PSoC6\pdl\cmsis/include/core_cm4.h ****   @{
1601:Generated_Source\PSoC6\pdl\cmsis/include/core_cm4.h ****  */
1602:Generated_Source\PSoC6\pdl\cmsis/include/core_cm4.h **** 
1603:Generated_Source\PSoC6\pdl\cmsis/include/core_cm4.h **** #ifdef CMSIS_NVIC_VIRTUAL
1604:Generated_Source\PSoC6\pdl\cmsis/include/core_cm4.h ****   #ifndef CMSIS_NVIC_VIRTUAL_HEADER_FILE
1605:Generated_Source\PSoC6\pdl\cmsis/include/core_cm4.h ****     #define CMSIS_NVIC_VIRTUAL_HEADER_FILE "cmsis_nvic_virtual.h"
1606:Generated_Source\PSoC6\pdl\cmsis/include/core_cm4.h ****   #endif
1607:Generated_Source\PSoC6\pdl\cmsis/include/core_cm4.h ****   #include CMSIS_NVIC_VIRTUAL_HEADER_FILE
1608:Generated_Source\PSoC6\pdl\cmsis/include/core_cm4.h **** #else
1609:Generated_Source\PSoC6\pdl\cmsis/include/core_cm4.h ****   #define NVIC_SetPriorityGrouping    __NVIC_SetPriorityGrouping
1610:Generated_Source\PSoC6\pdl\cmsis/include/core_cm4.h ****   #define NVIC_GetPriorityGrouping    __NVIC_GetPriorityGrouping
1611:Generated_Source\PSoC6\pdl\cmsis/include/core_cm4.h ****   #define NVIC_EnableIRQ              __NVIC_EnableIRQ
1612:Generated_Source\PSoC6\pdl\cmsis/include/core_cm4.h ****   #define NVIC_GetEnableIRQ           __NVIC_GetEnableIRQ
1613:Generated_Source\PSoC6\pdl\cmsis/include/core_cm4.h ****   #define NVIC_DisableIRQ             __NVIC_DisableIRQ
1614:Generated_Source\PSoC6\pdl\cmsis/include/core_cm4.h ****   #define NVIC_GetPendingIRQ          __NVIC_GetPendingIRQ
1615:Generated_Source\PSoC6\pdl\cmsis/include/core_cm4.h ****   #define NVIC_SetPendingIRQ          __NVIC_SetPendingIRQ
1616:Generated_Source\PSoC6\pdl\cmsis/include/core_cm4.h ****   #define NVIC_ClearPendingIRQ        __NVIC_ClearPendingIRQ
1617:Generated_Source\PSoC6\pdl\cmsis/include/core_cm4.h ****   #define NVIC_GetActive              __NVIC_GetActive
1618:Generated_Source\PSoC6\pdl\cmsis/include/core_cm4.h ****   #define NVIC_SetPriority            __NVIC_SetPriority
1619:Generated_Source\PSoC6\pdl\cmsis/include/core_cm4.h ****   #define NVIC_GetPriority            __NVIC_GetPriority
1620:Generated_Source\PSoC6\pdl\cmsis/include/core_cm4.h ****   #define NVIC_SystemReset            __NVIC_SystemReset
1621:Generated_Source\PSoC6\pdl\cmsis/include/core_cm4.h **** #endif /* CMSIS_NVIC_VIRTUAL */
1622:Generated_Source\PSoC6\pdl\cmsis/include/core_cm4.h **** 
ARM GAS  C:\Users\Finik\AppData\Local\Temp\ccnRnT2c.s 			page 59


1623:Generated_Source\PSoC6\pdl\cmsis/include/core_cm4.h **** #ifdef CMSIS_VECTAB_VIRTUAL
1624:Generated_Source\PSoC6\pdl\cmsis/include/core_cm4.h ****   #ifndef CMSIS_VECTAB_VIRTUAL_HEADER_FILE
1625:Generated_Source\PSoC6\pdl\cmsis/include/core_cm4.h ****    #define CMSIS_VECTAB_VIRTUAL_HEADER_FILE "cmsis_vectab_virtual.h"
1626:Generated_Source\PSoC6\pdl\cmsis/include/core_cm4.h ****   #endif
1627:Generated_Source\PSoC6\pdl\cmsis/include/core_cm4.h ****   #include CMSIS_VECTAB_VIRTUAL_HEADER_FILE
1628:Generated_Source\PSoC6\pdl\cmsis/include/core_cm4.h **** #else
1629:Generated_Source\PSoC6\pdl\cmsis/include/core_cm4.h ****   #define NVIC_SetVector              __NVIC_SetVector
1630:Generated_Source\PSoC6\pdl\cmsis/include/core_cm4.h ****   #define NVIC_GetVector              __NVIC_GetVector
1631:Generated_Source\PSoC6\pdl\cmsis/include/core_cm4.h **** #endif  /* (CMSIS_VECTAB_VIRTUAL) */
1632:Generated_Source\PSoC6\pdl\cmsis/include/core_cm4.h **** 
1633:Generated_Source\PSoC6\pdl\cmsis/include/core_cm4.h **** #define NVIC_USER_IRQ_OFFSET          16
1634:Generated_Source\PSoC6\pdl\cmsis/include/core_cm4.h **** 
1635:Generated_Source\PSoC6\pdl\cmsis/include/core_cm4.h **** 
1636:Generated_Source\PSoC6\pdl\cmsis/include/core_cm4.h **** 
1637:Generated_Source\PSoC6\pdl\cmsis/include/core_cm4.h **** /**
1638:Generated_Source\PSoC6\pdl\cmsis/include/core_cm4.h ****   \brief   Set Priority Grouping
1639:Generated_Source\PSoC6\pdl\cmsis/include/core_cm4.h ****   \details Sets the priority grouping field using the required unlock sequence.
1640:Generated_Source\PSoC6\pdl\cmsis/include/core_cm4.h ****            The parameter PriorityGroup is assigned to the field SCB->AIRCR [10:8] PRIGROUP field.
1641:Generated_Source\PSoC6\pdl\cmsis/include/core_cm4.h ****            Only values from 0..7 are used.
1642:Generated_Source\PSoC6\pdl\cmsis/include/core_cm4.h ****            In case of a conflict between priority grouping and available
1643:Generated_Source\PSoC6\pdl\cmsis/include/core_cm4.h ****            priority bits (__NVIC_PRIO_BITS), the smallest possible priority group is set.
1644:Generated_Source\PSoC6\pdl\cmsis/include/core_cm4.h ****   \param [in]      PriorityGroup  Priority grouping field.
1645:Generated_Source\PSoC6\pdl\cmsis/include/core_cm4.h ****  */
1646:Generated_Source\PSoC6\pdl\cmsis/include/core_cm4.h **** __STATIC_INLINE void __NVIC_SetPriorityGrouping(uint32_t PriorityGroup)
1647:Generated_Source\PSoC6\pdl\cmsis/include/core_cm4.h **** {
1648:Generated_Source\PSoC6\pdl\cmsis/include/core_cm4.h ****   uint32_t reg_value;
1649:Generated_Source\PSoC6\pdl\cmsis/include/core_cm4.h ****   uint32_t PriorityGroupTmp = (PriorityGroup & (uint32_t)0x07UL);             /* only values 0..7 a
1650:Generated_Source\PSoC6\pdl\cmsis/include/core_cm4.h **** 
1651:Generated_Source\PSoC6\pdl\cmsis/include/core_cm4.h ****   reg_value  =  SCB->AIRCR;                                                   /* read old register 
1652:Generated_Source\PSoC6\pdl\cmsis/include/core_cm4.h ****   reg_value &= ~((uint32_t)(SCB_AIRCR_VECTKEY_Msk | SCB_AIRCR_PRIGROUP_Msk)); /* clear bits to chan
1653:Generated_Source\PSoC6\pdl\cmsis/include/core_cm4.h ****   reg_value  =  (reg_value                                   |
1654:Generated_Source\PSoC6\pdl\cmsis/include/core_cm4.h ****                 ((uint32_t)0x5FAUL << SCB_AIRCR_VECTKEY_Pos) |
1655:Generated_Source\PSoC6\pdl\cmsis/include/core_cm4.h ****                 (PriorityGroupTmp << SCB_AIRCR_PRIGROUP_Pos)  );              /* Insert write key a
1656:Generated_Source\PSoC6\pdl\cmsis/include/core_cm4.h ****   SCB->AIRCR =  reg_value;
1657:Generated_Source\PSoC6\pdl\cmsis/include/core_cm4.h **** }
1658:Generated_Source\PSoC6\pdl\cmsis/include/core_cm4.h **** 
1659:Generated_Source\PSoC6\pdl\cmsis/include/core_cm4.h **** 
1660:Generated_Source\PSoC6\pdl\cmsis/include/core_cm4.h **** /**
1661:Generated_Source\PSoC6\pdl\cmsis/include/core_cm4.h ****   \brief   Get Priority Grouping
1662:Generated_Source\PSoC6\pdl\cmsis/include/core_cm4.h ****   \details Reads the priority grouping field from the NVIC Interrupt Controller.
1663:Generated_Source\PSoC6\pdl\cmsis/include/core_cm4.h ****   \return                Priority grouping field (SCB->AIRCR [10:8] PRIGROUP field).
1664:Generated_Source\PSoC6\pdl\cmsis/include/core_cm4.h ****  */
1665:Generated_Source\PSoC6\pdl\cmsis/include/core_cm4.h **** __STATIC_INLINE uint32_t __NVIC_GetPriorityGrouping(void)
1666:Generated_Source\PSoC6\pdl\cmsis/include/core_cm4.h **** {
1667:Generated_Source\PSoC6\pdl\cmsis/include/core_cm4.h ****   return ((uint32_t)((SCB->AIRCR & SCB_AIRCR_PRIGROUP_Msk) >> SCB_AIRCR_PRIGROUP_Pos));
1668:Generated_Source\PSoC6\pdl\cmsis/include/core_cm4.h **** }
1669:Generated_Source\PSoC6\pdl\cmsis/include/core_cm4.h **** 
1670:Generated_Source\PSoC6\pdl\cmsis/include/core_cm4.h **** 
1671:Generated_Source\PSoC6\pdl\cmsis/include/core_cm4.h **** /**
1672:Generated_Source\PSoC6\pdl\cmsis/include/core_cm4.h ****   \brief   Enable Interrupt
1673:Generated_Source\PSoC6\pdl\cmsis/include/core_cm4.h ****   \details Enables a device specific interrupt in the NVIC interrupt controller.
1674:Generated_Source\PSoC6\pdl\cmsis/include/core_cm4.h ****   \param [in]      IRQn  Device specific interrupt number.
1675:Generated_Source\PSoC6\pdl\cmsis/include/core_cm4.h ****   \note    IRQn must not be negative.
1676:Generated_Source\PSoC6\pdl\cmsis/include/core_cm4.h ****  */
1677:Generated_Source\PSoC6\pdl\cmsis/include/core_cm4.h **** __STATIC_INLINE void __NVIC_EnableIRQ(IRQn_Type IRQn)
1678:Generated_Source\PSoC6\pdl\cmsis/include/core_cm4.h **** {
1679:Generated_Source\PSoC6\pdl\cmsis/include/core_cm4.h ****   if ((int32_t)(IRQn) >= 0)
ARM GAS  C:\Users\Finik\AppData\Local\Temp\ccnRnT2c.s 			page 60


1680:Generated_Source\PSoC6\pdl\cmsis/include/core_cm4.h ****   {
1681:Generated_Source\PSoC6\pdl\cmsis/include/core_cm4.h ****     NVIC->ISER[(((uint32_t)IRQn) >> 5UL)] = (uint32_t)(1UL << (((uint32_t)IRQn) & 0x1FUL));
1682:Generated_Source\PSoC6\pdl\cmsis/include/core_cm4.h ****   }
1683:Generated_Source\PSoC6\pdl\cmsis/include/core_cm4.h **** }
1684:Generated_Source\PSoC6\pdl\cmsis/include/core_cm4.h **** 
1685:Generated_Source\PSoC6\pdl\cmsis/include/core_cm4.h **** 
1686:Generated_Source\PSoC6\pdl\cmsis/include/core_cm4.h **** /**
1687:Generated_Source\PSoC6\pdl\cmsis/include/core_cm4.h ****   \brief   Get Interrupt Enable status
1688:Generated_Source\PSoC6\pdl\cmsis/include/core_cm4.h ****   \details Returns a device specific interrupt enable status from the NVIC interrupt controller.
1689:Generated_Source\PSoC6\pdl\cmsis/include/core_cm4.h ****   \param [in]      IRQn  Device specific interrupt number.
1690:Generated_Source\PSoC6\pdl\cmsis/include/core_cm4.h ****   \return             0  Interrupt is not enabled.
1691:Generated_Source\PSoC6\pdl\cmsis/include/core_cm4.h ****   \return             1  Interrupt is enabled.
1692:Generated_Source\PSoC6\pdl\cmsis/include/core_cm4.h ****   \note    IRQn must not be negative.
1693:Generated_Source\PSoC6\pdl\cmsis/include/core_cm4.h ****  */
1694:Generated_Source\PSoC6\pdl\cmsis/include/core_cm4.h **** __STATIC_INLINE uint32_t __NVIC_GetEnableIRQ(IRQn_Type IRQn)
1695:Generated_Source\PSoC6\pdl\cmsis/include/core_cm4.h **** {
1696:Generated_Source\PSoC6\pdl\cmsis/include/core_cm4.h ****   if ((int32_t)(IRQn) >= 0)
1697:Generated_Source\PSoC6\pdl\cmsis/include/core_cm4.h ****   {
1698:Generated_Source\PSoC6\pdl\cmsis/include/core_cm4.h ****     return((uint32_t)(((NVIC->ISER[(((uint32_t)IRQn) >> 5UL)] & (1UL << (((uint32_t)IRQn) & 0x1FUL)
1699:Generated_Source\PSoC6\pdl\cmsis/include/core_cm4.h ****   }
1700:Generated_Source\PSoC6\pdl\cmsis/include/core_cm4.h ****   else
1701:Generated_Source\PSoC6\pdl\cmsis/include/core_cm4.h ****   {
1702:Generated_Source\PSoC6\pdl\cmsis/include/core_cm4.h ****     return(0U);
1703:Generated_Source\PSoC6\pdl\cmsis/include/core_cm4.h ****   }
1704:Generated_Source\PSoC6\pdl\cmsis/include/core_cm4.h **** }
1705:Generated_Source\PSoC6\pdl\cmsis/include/core_cm4.h **** 
1706:Generated_Source\PSoC6\pdl\cmsis/include/core_cm4.h **** 
1707:Generated_Source\PSoC6\pdl\cmsis/include/core_cm4.h **** /**
1708:Generated_Source\PSoC6\pdl\cmsis/include/core_cm4.h ****   \brief   Disable Interrupt
1709:Generated_Source\PSoC6\pdl\cmsis/include/core_cm4.h ****   \details Disables a device specific interrupt in the NVIC interrupt controller.
1710:Generated_Source\PSoC6\pdl\cmsis/include/core_cm4.h ****   \param [in]      IRQn  Device specific interrupt number.
1711:Generated_Source\PSoC6\pdl\cmsis/include/core_cm4.h ****   \note    IRQn must not be negative.
1712:Generated_Source\PSoC6\pdl\cmsis/include/core_cm4.h ****  */
1713:Generated_Source\PSoC6\pdl\cmsis/include/core_cm4.h **** __STATIC_INLINE void __NVIC_DisableIRQ(IRQn_Type IRQn)
1714:Generated_Source\PSoC6\pdl\cmsis/include/core_cm4.h **** {
1715:Generated_Source\PSoC6\pdl\cmsis/include/core_cm4.h ****   if ((int32_t)(IRQn) >= 0)
1716:Generated_Source\PSoC6\pdl\cmsis/include/core_cm4.h ****   {
1717:Generated_Source\PSoC6\pdl\cmsis/include/core_cm4.h ****     NVIC->ICER[(((uint32_t)IRQn) >> 5UL)] = (uint32_t)(1UL << (((uint32_t)IRQn) & 0x1FUL));
1718:Generated_Source\PSoC6\pdl\cmsis/include/core_cm4.h ****     __DSB();
1719:Generated_Source\PSoC6\pdl\cmsis/include/core_cm4.h ****     __ISB();
1720:Generated_Source\PSoC6\pdl\cmsis/include/core_cm4.h ****   }
1721:Generated_Source\PSoC6\pdl\cmsis/include/core_cm4.h **** }
1722:Generated_Source\PSoC6\pdl\cmsis/include/core_cm4.h **** 
1723:Generated_Source\PSoC6\pdl\cmsis/include/core_cm4.h **** 
1724:Generated_Source\PSoC6\pdl\cmsis/include/core_cm4.h **** /**
1725:Generated_Source\PSoC6\pdl\cmsis/include/core_cm4.h ****   \brief   Get Pending Interrupt
1726:Generated_Source\PSoC6\pdl\cmsis/include/core_cm4.h ****   \details Reads the NVIC pending register and returns the pending bit for the specified device spe
1727:Generated_Source\PSoC6\pdl\cmsis/include/core_cm4.h ****   \param [in]      IRQn  Device specific interrupt number.
1728:Generated_Source\PSoC6\pdl\cmsis/include/core_cm4.h ****   \return             0  Interrupt status is not pending.
1729:Generated_Source\PSoC6\pdl\cmsis/include/core_cm4.h ****   \return             1  Interrupt status is pending.
1730:Generated_Source\PSoC6\pdl\cmsis/include/core_cm4.h ****   \note    IRQn must not be negative.
1731:Generated_Source\PSoC6\pdl\cmsis/include/core_cm4.h ****  */
1732:Generated_Source\PSoC6\pdl\cmsis/include/core_cm4.h **** __STATIC_INLINE uint32_t __NVIC_GetPendingIRQ(IRQn_Type IRQn)
1733:Generated_Source\PSoC6\pdl\cmsis/include/core_cm4.h **** {
1734:Generated_Source\PSoC6\pdl\cmsis/include/core_cm4.h ****   if ((int32_t)(IRQn) >= 0)
1735:Generated_Source\PSoC6\pdl\cmsis/include/core_cm4.h ****   {
1736:Generated_Source\PSoC6\pdl\cmsis/include/core_cm4.h ****     return((uint32_t)(((NVIC->ISPR[(((uint32_t)IRQn) >> 5UL)] & (1UL << (((uint32_t)IRQn) & 0x1FUL)
ARM GAS  C:\Users\Finik\AppData\Local\Temp\ccnRnT2c.s 			page 61


1737:Generated_Source\PSoC6\pdl\cmsis/include/core_cm4.h ****   }
1738:Generated_Source\PSoC6\pdl\cmsis/include/core_cm4.h ****   else
1739:Generated_Source\PSoC6\pdl\cmsis/include/core_cm4.h ****   {
1740:Generated_Source\PSoC6\pdl\cmsis/include/core_cm4.h ****     return(0U);
1741:Generated_Source\PSoC6\pdl\cmsis/include/core_cm4.h ****   }
1742:Generated_Source\PSoC6\pdl\cmsis/include/core_cm4.h **** }
1743:Generated_Source\PSoC6\pdl\cmsis/include/core_cm4.h **** 
1744:Generated_Source\PSoC6\pdl\cmsis/include/core_cm4.h **** 
1745:Generated_Source\PSoC6\pdl\cmsis/include/core_cm4.h **** /**
1746:Generated_Source\PSoC6\pdl\cmsis/include/core_cm4.h ****   \brief   Set Pending Interrupt
1747:Generated_Source\PSoC6\pdl\cmsis/include/core_cm4.h ****   \details Sets the pending bit of a device specific interrupt in the NVIC pending register.
1748:Generated_Source\PSoC6\pdl\cmsis/include/core_cm4.h ****   \param [in]      IRQn  Device specific interrupt number.
1749:Generated_Source\PSoC6\pdl\cmsis/include/core_cm4.h ****   \note    IRQn must not be negative.
1750:Generated_Source\PSoC6\pdl\cmsis/include/core_cm4.h ****  */
1751:Generated_Source\PSoC6\pdl\cmsis/include/core_cm4.h **** __STATIC_INLINE void __NVIC_SetPendingIRQ(IRQn_Type IRQn)
1752:Generated_Source\PSoC6\pdl\cmsis/include/core_cm4.h **** {
1753:Generated_Source\PSoC6\pdl\cmsis/include/core_cm4.h ****   if ((int32_t)(IRQn) >= 0)
1754:Generated_Source\PSoC6\pdl\cmsis/include/core_cm4.h ****   {
1755:Generated_Source\PSoC6\pdl\cmsis/include/core_cm4.h ****     NVIC->ISPR[(((uint32_t)IRQn) >> 5UL)] = (uint32_t)(1UL << (((uint32_t)IRQn) & 0x1FUL));
1756:Generated_Source\PSoC6\pdl\cmsis/include/core_cm4.h ****   }
1757:Generated_Source\PSoC6\pdl\cmsis/include/core_cm4.h **** }
1758:Generated_Source\PSoC6\pdl\cmsis/include/core_cm4.h **** 
1759:Generated_Source\PSoC6\pdl\cmsis/include/core_cm4.h **** 
1760:Generated_Source\PSoC6\pdl\cmsis/include/core_cm4.h **** /**
1761:Generated_Source\PSoC6\pdl\cmsis/include/core_cm4.h ****   \brief   Clear Pending Interrupt
1762:Generated_Source\PSoC6\pdl\cmsis/include/core_cm4.h ****   \details Clears the pending bit of a device specific interrupt in the NVIC pending register.
1763:Generated_Source\PSoC6\pdl\cmsis/include/core_cm4.h ****   \param [in]      IRQn  Device specific interrupt number.
1764:Generated_Source\PSoC6\pdl\cmsis/include/core_cm4.h ****   \note    IRQn must not be negative.
1765:Generated_Source\PSoC6\pdl\cmsis/include/core_cm4.h ****  */
1766:Generated_Source\PSoC6\pdl\cmsis/include/core_cm4.h **** __STATIC_INLINE void __NVIC_ClearPendingIRQ(IRQn_Type IRQn)
1767:Generated_Source\PSoC6\pdl\cmsis/include/core_cm4.h **** {
1768:Generated_Source\PSoC6\pdl\cmsis/include/core_cm4.h ****   if ((int32_t)(IRQn) >= 0)
  56              		.loc 3 1768 0
  57 0010 002B     		cmp	r3, #0
  58 0012 09DB     		blt	.L2
1769:Generated_Source\PSoC6\pdl\cmsis/include/core_cm4.h ****   {
1770:Generated_Source\PSoC6\pdl\cmsis/include/core_cm4.h ****     NVIC->ICPR[(((uint32_t)IRQn) >> 5UL)] = (uint32_t)(1UL << (((uint32_t)IRQn) & 0x1FUL));
  59              		.loc 3 1770 0
  60 0014 5A09     		lsrs	r2, r3, #5
  61 0016 03F01F03 		and	r3, r3, #31
  62              	.LVL3:
  63 001a 0121     		movs	r1, #1
  64 001c 01FA03F3 		lsl	r3, r1, r3
  65 0020 6032     		adds	r2, r2, #96
  66 0022 0549     		ldr	r1, .L3+8
  67 0024 41F82230 		str	r3, [r1, r2, lsl #2]
  68              	.L2:
  69              	.LVL4:
  70              	.LBE21:
  71              	.LBE20:
  22:main_cm4.c    **** 
  23:main_cm4.c    ****     /* Встановити прапорець переривання */
  24:main_cm4.c    ****     interrupt_flag = true;
  72              		.loc 1 24 0
  73 0028 0122     		movs	r2, #1
  74 002a 044B     		ldr	r3, .L3+12
  75 002c 1A70     		strb	r2, [r3]
ARM GAS  C:\Users\Finik\AppData\Local\Temp\ccnRnT2c.s 			page 62


  76 002e 7047     		bx	lr
  77              	.L4:
  78              		.align	2
  79              	.L3:
  80 0030 00003240 		.word	1077018624
  81 0034 00000000 		.word	SysInt_Port0_cfg
  82 0038 00E100E0 		.word	-536813312
  83 003c 00000000 		.word	.LANCHOR0
  84              		.cfi_endproc
  85              	.LFE328:
  86              		.size	Isr_switch, .-Isr_switch
  87              		.section	.text.main,"ax",%progbits
  88              		.align	2
  89              		.global	main
  90              		.thumb
  91              		.thumb_func
  92              		.type	main, %function
  93              	main:
  94              	.LFB329:
  25:main_cm4.c    **** }
  26:main_cm4.c    **** 
  27:main_cm4.c    **** int main(void)
  28:main_cm4.c    **** {
  95              		.loc 1 28 0
  96              		.cfi_startproc
  97              		@ args = 0, pretend = 0, frame = 0
  98              		@ frame_needed = 0, uses_anonymous_args = 0
  99 0000 F8B5     		push	{r3, r4, r5, r6, r7, lr}
 100              		.cfi_def_cfa_offset 24
 101              		.cfi_offset 3, -24
 102              		.cfi_offset 4, -20
 103              		.cfi_offset 5, -16
 104              		.cfi_offset 6, -12
 105              		.cfi_offset 7, -8
 106              		.cfi_offset 14, -4
 107              	.LVL5:
 108              	.LBB22:
 109              	.LBB23:
 110              		.file 4 "Generated_Source\\PSoC6\\pdl\\cmsis/include/cmsis_gcc.h"
   1:Generated_Source\PSoC6\pdl\cmsis/include/cmsis_gcc.h **** /**************************************************************************//**
   2:Generated_Source\PSoC6\pdl\cmsis/include/cmsis_gcc.h ****  * @file     cmsis_gcc.h
   3:Generated_Source\PSoC6\pdl\cmsis/include/cmsis_gcc.h ****  * @brief    CMSIS compiler GCC header file
   4:Generated_Source\PSoC6\pdl\cmsis/include/cmsis_gcc.h ****  * @version  V5.0.3
   5:Generated_Source\PSoC6\pdl\cmsis/include/cmsis_gcc.h ****  * @date     16. January 2018
   6:Generated_Source\PSoC6\pdl\cmsis/include/cmsis_gcc.h ****  ******************************************************************************/
   7:Generated_Source\PSoC6\pdl\cmsis/include/cmsis_gcc.h **** /*
   8:Generated_Source\PSoC6\pdl\cmsis/include/cmsis_gcc.h ****  * Copyright (c) 2009-2017 ARM Limited. All rights reserved.
   9:Generated_Source\PSoC6\pdl\cmsis/include/cmsis_gcc.h ****  *
  10:Generated_Source\PSoC6\pdl\cmsis/include/cmsis_gcc.h ****  * SPDX-License-Identifier: Apache-2.0
  11:Generated_Source\PSoC6\pdl\cmsis/include/cmsis_gcc.h ****  *
  12:Generated_Source\PSoC6\pdl\cmsis/include/cmsis_gcc.h ****  * Licensed under the Apache License, Version 2.0 (the License); you may
  13:Generated_Source\PSoC6\pdl\cmsis/include/cmsis_gcc.h ****  * not use this file except in compliance with the License.
  14:Generated_Source\PSoC6\pdl\cmsis/include/cmsis_gcc.h ****  * You may obtain a copy of the License at
  15:Generated_Source\PSoC6\pdl\cmsis/include/cmsis_gcc.h ****  *
  16:Generated_Source\PSoC6\pdl\cmsis/include/cmsis_gcc.h ****  * www.apache.org/licenses/LICENSE-2.0
  17:Generated_Source\PSoC6\pdl\cmsis/include/cmsis_gcc.h ****  *
  18:Generated_Source\PSoC6\pdl\cmsis/include/cmsis_gcc.h ****  * Unless required by applicable law or agreed to in writing, software
ARM GAS  C:\Users\Finik\AppData\Local\Temp\ccnRnT2c.s 			page 63


  19:Generated_Source\PSoC6\pdl\cmsis/include/cmsis_gcc.h ****  * distributed under the License is distributed on an AS IS BASIS, WITHOUT
  20:Generated_Source\PSoC6\pdl\cmsis/include/cmsis_gcc.h ****  * WARRANTIES OR CONDITIONS OF ANY KIND, either express or implied.
  21:Generated_Source\PSoC6\pdl\cmsis/include/cmsis_gcc.h ****  * See the License for the specific language governing permissions and
  22:Generated_Source\PSoC6\pdl\cmsis/include/cmsis_gcc.h ****  * limitations under the License.
  23:Generated_Source\PSoC6\pdl\cmsis/include/cmsis_gcc.h ****  */
  24:Generated_Source\PSoC6\pdl\cmsis/include/cmsis_gcc.h **** 
  25:Generated_Source\PSoC6\pdl\cmsis/include/cmsis_gcc.h **** #ifndef __CMSIS_GCC_H
  26:Generated_Source\PSoC6\pdl\cmsis/include/cmsis_gcc.h **** #define __CMSIS_GCC_H
  27:Generated_Source\PSoC6\pdl\cmsis/include/cmsis_gcc.h **** 
  28:Generated_Source\PSoC6\pdl\cmsis/include/cmsis_gcc.h **** /* ignore some GCC warnings */
  29:Generated_Source\PSoC6\pdl\cmsis/include/cmsis_gcc.h **** #pragma GCC diagnostic push
  30:Generated_Source\PSoC6\pdl\cmsis/include/cmsis_gcc.h **** #pragma GCC diagnostic ignored "-Wsign-conversion"
  31:Generated_Source\PSoC6\pdl\cmsis/include/cmsis_gcc.h **** #pragma GCC diagnostic ignored "-Wconversion"
  32:Generated_Source\PSoC6\pdl\cmsis/include/cmsis_gcc.h **** #pragma GCC diagnostic ignored "-Wunused-parameter"
  33:Generated_Source\PSoC6\pdl\cmsis/include/cmsis_gcc.h **** 
  34:Generated_Source\PSoC6\pdl\cmsis/include/cmsis_gcc.h **** /* Fallback for __has_builtin */
  35:Generated_Source\PSoC6\pdl\cmsis/include/cmsis_gcc.h **** #ifndef __has_builtin
  36:Generated_Source\PSoC6\pdl\cmsis/include/cmsis_gcc.h ****   #define __has_builtin(x) (0)
  37:Generated_Source\PSoC6\pdl\cmsis/include/cmsis_gcc.h **** #endif
  38:Generated_Source\PSoC6\pdl\cmsis/include/cmsis_gcc.h **** 
  39:Generated_Source\PSoC6\pdl\cmsis/include/cmsis_gcc.h **** /* CMSIS compiler specific defines */
  40:Generated_Source\PSoC6\pdl\cmsis/include/cmsis_gcc.h **** #ifndef   __ASM
  41:Generated_Source\PSoC6\pdl\cmsis/include/cmsis_gcc.h ****   #define __ASM                                  __asm
  42:Generated_Source\PSoC6\pdl\cmsis/include/cmsis_gcc.h **** #endif
  43:Generated_Source\PSoC6\pdl\cmsis/include/cmsis_gcc.h **** #ifndef   __INLINE
  44:Generated_Source\PSoC6\pdl\cmsis/include/cmsis_gcc.h ****   #define __INLINE                               inline
  45:Generated_Source\PSoC6\pdl\cmsis/include/cmsis_gcc.h **** #endif
  46:Generated_Source\PSoC6\pdl\cmsis/include/cmsis_gcc.h **** #ifndef   __STATIC_INLINE
  47:Generated_Source\PSoC6\pdl\cmsis/include/cmsis_gcc.h ****   #define __STATIC_INLINE                        static inline
  48:Generated_Source\PSoC6\pdl\cmsis/include/cmsis_gcc.h **** #endif
  49:Generated_Source\PSoC6\pdl\cmsis/include/cmsis_gcc.h **** #ifndef   __STATIC_FORCEINLINE                 
  50:Generated_Source\PSoC6\pdl\cmsis/include/cmsis_gcc.h ****   #define __STATIC_FORCEINLINE                   __attribute__((always_inline)) static inline
  51:Generated_Source\PSoC6\pdl\cmsis/include/cmsis_gcc.h **** #endif                                           
  52:Generated_Source\PSoC6\pdl\cmsis/include/cmsis_gcc.h **** #ifndef   __NO_RETURN
  53:Generated_Source\PSoC6\pdl\cmsis/include/cmsis_gcc.h ****   #define __NO_RETURN                            __attribute__((__noreturn__))
  54:Generated_Source\PSoC6\pdl\cmsis/include/cmsis_gcc.h **** #endif
  55:Generated_Source\PSoC6\pdl\cmsis/include/cmsis_gcc.h **** #ifndef   __USED
  56:Generated_Source\PSoC6\pdl\cmsis/include/cmsis_gcc.h ****   #define __USED                                 __attribute__((used))
  57:Generated_Source\PSoC6\pdl\cmsis/include/cmsis_gcc.h **** #endif
  58:Generated_Source\PSoC6\pdl\cmsis/include/cmsis_gcc.h **** #ifndef   __WEAK
  59:Generated_Source\PSoC6\pdl\cmsis/include/cmsis_gcc.h ****   #define __WEAK                                 __attribute__((weak))
  60:Generated_Source\PSoC6\pdl\cmsis/include/cmsis_gcc.h **** #endif
  61:Generated_Source\PSoC6\pdl\cmsis/include/cmsis_gcc.h **** #ifndef   __PACKED
  62:Generated_Source\PSoC6\pdl\cmsis/include/cmsis_gcc.h ****   #define __PACKED                               __attribute__((packed, aligned(1)))
  63:Generated_Source\PSoC6\pdl\cmsis/include/cmsis_gcc.h **** #endif
  64:Generated_Source\PSoC6\pdl\cmsis/include/cmsis_gcc.h **** #ifndef   __PACKED_STRUCT
  65:Generated_Source\PSoC6\pdl\cmsis/include/cmsis_gcc.h ****   #define __PACKED_STRUCT                        struct __attribute__((packed, aligned(1)))
  66:Generated_Source\PSoC6\pdl\cmsis/include/cmsis_gcc.h **** #endif
  67:Generated_Source\PSoC6\pdl\cmsis/include/cmsis_gcc.h **** #ifndef   __PACKED_UNION
  68:Generated_Source\PSoC6\pdl\cmsis/include/cmsis_gcc.h ****   #define __PACKED_UNION                         union __attribute__((packed, aligned(1)))
  69:Generated_Source\PSoC6\pdl\cmsis/include/cmsis_gcc.h **** #endif
  70:Generated_Source\PSoC6\pdl\cmsis/include/cmsis_gcc.h **** #ifndef   __UNALIGNED_UINT32        /* deprecated */
  71:Generated_Source\PSoC6\pdl\cmsis/include/cmsis_gcc.h ****   #pragma GCC diagnostic push
  72:Generated_Source\PSoC6\pdl\cmsis/include/cmsis_gcc.h ****   #pragma GCC diagnostic ignored "-Wpacked"
  73:Generated_Source\PSoC6\pdl\cmsis/include/cmsis_gcc.h ****   #pragma GCC diagnostic ignored "-Wattributes"
  74:Generated_Source\PSoC6\pdl\cmsis/include/cmsis_gcc.h ****   struct __attribute__((packed)) T_UINT32 { uint32_t v; };
  75:Generated_Source\PSoC6\pdl\cmsis/include/cmsis_gcc.h ****   #pragma GCC diagnostic pop
ARM GAS  C:\Users\Finik\AppData\Local\Temp\ccnRnT2c.s 			page 64


  76:Generated_Source\PSoC6\pdl\cmsis/include/cmsis_gcc.h ****   #define __UNALIGNED_UINT32(x)                  (((struct T_UINT32 *)(x))->v)
  77:Generated_Source\PSoC6\pdl\cmsis/include/cmsis_gcc.h **** #endif
  78:Generated_Source\PSoC6\pdl\cmsis/include/cmsis_gcc.h **** #ifndef   __UNALIGNED_UINT16_WRITE
  79:Generated_Source\PSoC6\pdl\cmsis/include/cmsis_gcc.h ****   #pragma GCC diagnostic push
  80:Generated_Source\PSoC6\pdl\cmsis/include/cmsis_gcc.h ****   #pragma GCC diagnostic ignored "-Wpacked"
  81:Generated_Source\PSoC6\pdl\cmsis/include/cmsis_gcc.h ****   #pragma GCC diagnostic ignored "-Wattributes"
  82:Generated_Source\PSoC6\pdl\cmsis/include/cmsis_gcc.h ****   __PACKED_STRUCT T_UINT16_WRITE { uint16_t v; };
  83:Generated_Source\PSoC6\pdl\cmsis/include/cmsis_gcc.h ****   #pragma GCC diagnostic pop
  84:Generated_Source\PSoC6\pdl\cmsis/include/cmsis_gcc.h ****   #define __UNALIGNED_UINT16_WRITE(addr, val)    (void)((((struct T_UINT16_WRITE *)(void *)(addr))-
  85:Generated_Source\PSoC6\pdl\cmsis/include/cmsis_gcc.h **** #endif
  86:Generated_Source\PSoC6\pdl\cmsis/include/cmsis_gcc.h **** #ifndef   __UNALIGNED_UINT16_READ
  87:Generated_Source\PSoC6\pdl\cmsis/include/cmsis_gcc.h ****   #pragma GCC diagnostic push
  88:Generated_Source\PSoC6\pdl\cmsis/include/cmsis_gcc.h ****   #pragma GCC diagnostic ignored "-Wpacked"
  89:Generated_Source\PSoC6\pdl\cmsis/include/cmsis_gcc.h ****   #pragma GCC diagnostic ignored "-Wattributes"
  90:Generated_Source\PSoC6\pdl\cmsis/include/cmsis_gcc.h ****   __PACKED_STRUCT T_UINT16_READ { uint16_t v; };
  91:Generated_Source\PSoC6\pdl\cmsis/include/cmsis_gcc.h ****   #pragma GCC diagnostic pop
  92:Generated_Source\PSoC6\pdl\cmsis/include/cmsis_gcc.h ****   #define __UNALIGNED_UINT16_READ(addr)          (((const struct T_UINT16_READ *)(const void *)(add
  93:Generated_Source\PSoC6\pdl\cmsis/include/cmsis_gcc.h **** #endif
  94:Generated_Source\PSoC6\pdl\cmsis/include/cmsis_gcc.h **** #ifndef   __UNALIGNED_UINT32_WRITE
  95:Generated_Source\PSoC6\pdl\cmsis/include/cmsis_gcc.h ****   #pragma GCC diagnostic push
  96:Generated_Source\PSoC6\pdl\cmsis/include/cmsis_gcc.h ****   #pragma GCC diagnostic ignored "-Wpacked"
  97:Generated_Source\PSoC6\pdl\cmsis/include/cmsis_gcc.h ****   #pragma GCC diagnostic ignored "-Wattributes"
  98:Generated_Source\PSoC6\pdl\cmsis/include/cmsis_gcc.h ****   __PACKED_STRUCT T_UINT32_WRITE { uint32_t v; };
  99:Generated_Source\PSoC6\pdl\cmsis/include/cmsis_gcc.h ****   #pragma GCC diagnostic pop
 100:Generated_Source\PSoC6\pdl\cmsis/include/cmsis_gcc.h ****   #define __UNALIGNED_UINT32_WRITE(addr, val)    (void)((((struct T_UINT32_WRITE *)(void *)(addr))-
 101:Generated_Source\PSoC6\pdl\cmsis/include/cmsis_gcc.h **** #endif
 102:Generated_Source\PSoC6\pdl\cmsis/include/cmsis_gcc.h **** #ifndef   __UNALIGNED_UINT32_READ
 103:Generated_Source\PSoC6\pdl\cmsis/include/cmsis_gcc.h ****   #pragma GCC diagnostic push
 104:Generated_Source\PSoC6\pdl\cmsis/include/cmsis_gcc.h ****   #pragma GCC diagnostic ignored "-Wpacked"
 105:Generated_Source\PSoC6\pdl\cmsis/include/cmsis_gcc.h ****   #pragma GCC diagnostic ignored "-Wattributes"
 106:Generated_Source\PSoC6\pdl\cmsis/include/cmsis_gcc.h ****   __PACKED_STRUCT T_UINT32_READ { uint32_t v; };
 107:Generated_Source\PSoC6\pdl\cmsis/include/cmsis_gcc.h ****   #pragma GCC diagnostic pop
 108:Generated_Source\PSoC6\pdl\cmsis/include/cmsis_gcc.h ****   #define __UNALIGNED_UINT32_READ(addr)          (((const struct T_UINT32_READ *)(const void *)(add
 109:Generated_Source\PSoC6\pdl\cmsis/include/cmsis_gcc.h **** #endif
 110:Generated_Source\PSoC6\pdl\cmsis/include/cmsis_gcc.h **** #ifndef   __ALIGNED
 111:Generated_Source\PSoC6\pdl\cmsis/include/cmsis_gcc.h ****   #define __ALIGNED(x)                           __attribute__((aligned(x)))
 112:Generated_Source\PSoC6\pdl\cmsis/include/cmsis_gcc.h **** #endif
 113:Generated_Source\PSoC6\pdl\cmsis/include/cmsis_gcc.h **** #ifndef   __RESTRICT
 114:Generated_Source\PSoC6\pdl\cmsis/include/cmsis_gcc.h ****   #define __RESTRICT                             __restrict
 115:Generated_Source\PSoC6\pdl\cmsis/include/cmsis_gcc.h **** #endif
 116:Generated_Source\PSoC6\pdl\cmsis/include/cmsis_gcc.h **** 
 117:Generated_Source\PSoC6\pdl\cmsis/include/cmsis_gcc.h **** 
 118:Generated_Source\PSoC6\pdl\cmsis/include/cmsis_gcc.h **** /* ###########################  Core Function Access  ########################### */
 119:Generated_Source\PSoC6\pdl\cmsis/include/cmsis_gcc.h **** /** \ingroup  CMSIS_Core_FunctionInterface
 120:Generated_Source\PSoC6\pdl\cmsis/include/cmsis_gcc.h ****     \defgroup CMSIS_Core_RegAccFunctions CMSIS Core Register Access Functions
 121:Generated_Source\PSoC6\pdl\cmsis/include/cmsis_gcc.h ****   @{
 122:Generated_Source\PSoC6\pdl\cmsis/include/cmsis_gcc.h ****  */
 123:Generated_Source\PSoC6\pdl\cmsis/include/cmsis_gcc.h **** 
 124:Generated_Source\PSoC6\pdl\cmsis/include/cmsis_gcc.h **** /**
 125:Generated_Source\PSoC6\pdl\cmsis/include/cmsis_gcc.h ****   \brief   Enable IRQ Interrupts
 126:Generated_Source\PSoC6\pdl\cmsis/include/cmsis_gcc.h ****   \details Enables IRQ interrupts by clearing the I-bit in the CPSR.
 127:Generated_Source\PSoC6\pdl\cmsis/include/cmsis_gcc.h ****            Can only be executed in Privileged modes.
 128:Generated_Source\PSoC6\pdl\cmsis/include/cmsis_gcc.h ****  */
 129:Generated_Source\PSoC6\pdl\cmsis/include/cmsis_gcc.h **** __STATIC_FORCEINLINE void __enable_irq(void)
 130:Generated_Source\PSoC6\pdl\cmsis/include/cmsis_gcc.h **** {
 131:Generated_Source\PSoC6\pdl\cmsis/include/cmsis_gcc.h ****   __ASM volatile ("cpsie i" : : : "memory");
 111              		.loc 4 131 0
ARM GAS  C:\Users\Finik\AppData\Local\Temp\ccnRnT2c.s 			page 65


 112              		.syntax unified
 113              	@ 131 "Generated_Source\PSoC6\pdl\cmsis/include/cmsis_gcc.h" 1
 114 0002 62B6     		cpsie i
 115              	@ 0 "" 2
 116              		.thumb
 117              		.syntax unified
 118              	.LBE23:
 119              	.LBE22:
  29:main_cm4.c    ****     uint32_t count = 0;
  30:main_cm4.c    ****     uint32_t delayMs = DELAY_LONG;
  31:main_cm4.c    **** 
  32:main_cm4.c    ****     /* Дозвіл глобальних переривань */
  33:main_cm4.c    ****     __enable_irq();
  34:main_cm4.c    **** 
  35:main_cm4.c    ****     /* Ініціалізація та дозвіл переривань GPIO */
  36:main_cm4.c    ****     Cy_SysInt_Init(&SysInt_Port0_cfg, Isr_switch);
 120              		.loc 1 36 0
 121 0004 204C     		ldr	r4, .L14
 122 0006 2149     		ldr	r1, .L14+4
 123 0008 2046     		mov	r0, r4
 124 000a FFF7FEFF 		bl	Cy_SysInt_Init
 125              	.LVL6:
  37:main_cm4.c    ****     NVIC_ClearPendingIRQ(SysInt_Port0_cfg.intrSrc);
 126              		.loc 1 37 0
 127 000e B4F90030 		ldrsh	r3, [r4]
 128              	.LVL7:
 129              	.LBB24:
 130              	.LBB25:
1768:Generated_Source\PSoC6\pdl\cmsis/include/core_cm4.h ****   {
 131              		.loc 3 1768 0
 132 0012 002B     		cmp	r3, #0
 133 0014 08DB     		blt	.L6
 134              		.loc 3 1770 0
 135 0016 5A09     		lsrs	r2, r3, #5
 136 0018 03F01F00 		and	r0, r3, #31
 137 001c 0121     		movs	r1, #1
 138 001e 8140     		lsls	r1, r1, r0
 139 0020 6032     		adds	r2, r2, #96
 140 0022 1B48     		ldr	r0, .L14+8
 141 0024 40F82210 		str	r1, [r0, r2, lsl #2]
 142              	.L6:
 143              	.LVL8:
 144              	.LBE25:
 145              	.LBE24:
 146              	.LBB26:
 147              	.LBB27:
1679:Generated_Source\PSoC6\pdl\cmsis/include/core_cm4.h ****   {
 148              		.loc 3 1679 0
 149 0028 002B     		cmp	r3, #0
 150 002a 08DB     		blt	.L7
1681:Generated_Source\PSoC6\pdl\cmsis/include/core_cm4.h ****   }
 151              		.loc 3 1681 0
 152 002c 5909     		lsrs	r1, r3, #5
 153 002e 03F01F03 		and	r3, r3, #31
 154              	.LVL9:
 155 0032 0122     		movs	r2, #1
 156 0034 02FA03F3 		lsl	r3, r2, r3
ARM GAS  C:\Users\Finik\AppData\Local\Temp\ccnRnT2c.s 			page 66


 157 0038 154A     		ldr	r2, .L14+8
 158 003a 42F82130 		str	r3, [r2, r1, lsl #2]
 159              	.L7:
 160              	.LBE27:
 161              	.LBE26:
  28:main_cm4.c    ****     uint32_t count = 0;
 162              		.loc 1 28 0
 163 003e 4FF47A77 		mov	r7, #1000
 164              	.LVL10:
 165              	.L11:
  38:main_cm4.c    ****     NVIC_EnableIRQ(SysInt_Port0_cfg.intrSrc);
  39:main_cm4.c    **** 
  40:main_cm4.c    ****     for (;;)
  41:main_cm4.c    ****     {
  42:main_cm4.c    ****         /* Зміна статусу переривання */
  43:main_cm4.c    ****         if (interrupt_flag)
 166              		.loc 1 43 0
 167 0042 144B     		ldr	r3, .L14+12
 168 0044 1B78     		ldrb	r3, [r3]	@ zero_extendqisi2
 169 0046 13F0FF0F 		tst	r3, #255
 170 004a 0AD0     		beq	.L8
  44:main_cm4.c    ****         {
  45:main_cm4.c    ****             interrupt_flag = false;
 171              		.loc 1 45 0
 172 004c 0022     		movs	r2, #0
 173 004e 114B     		ldr	r3, .L14+12
 174 0050 1A70     		strb	r2, [r3]
  46:main_cm4.c    **** 
  47:main_cm4.c    ****             /* Зміна частоти блимання LED */
  48:main_cm4.c    ****             if (delayMs == DELAY_LONG)
 175              		.loc 1 48 0
 176 0052 B7F57A7F 		cmp	r7, #1000
 177 0056 02D1     		bne	.L12
  49:main_cm4.c    ****             {
  50:main_cm4.c    ****                 delayMs = DELAY_SHORT;
 178              		.loc 1 50 0
 179 0058 4FF4FA77 		mov	r7, #500
 180              	.LVL11:
 181 005c 01E0     		b	.L8
 182              	.LVL12:
 183              	.L12:
  51:main_cm4.c    ****             }
  52:main_cm4.c    ****             else
  53:main_cm4.c    ****             {
  54:main_cm4.c    ****                 delayMs = DELAY_LONG;
 184              		.loc 1 54 0
 185 005e 4FF47A77 		mov	r7, #1000
 186              	.LVL13:
 187              	.L8:
  55:main_cm4.c    ****             }
  56:main_cm4.c    ****         }
  57:main_cm4.c    **** 
  58:main_cm4.c    ****         /* Цикл блимання світлодіодом LED LED_BLINK_COUNT разів */
  59:main_cm4.c    ****         for (count = 0; count < LED_BLINK_COUNT; count++)
 188              		.loc 1 59 0
 189 0062 0024     		movs	r4, #0
 190 0064 0AE0     		b	.L9
ARM GAS  C:\Users\Finik\AppData\Local\Temp\ccnRnT2c.s 			page 67


 191              	.LVL14:
 192              	.L10:
 193              	.LBB28:
 194              	.LBB29:
 813:Generated_Source\PSoC6\pdl\drivers/peripheral/gpio/cy_gpio.h ****     }
 195              		.loc 2 813 0
 196 0066 0C4D     		ldr	r5, .L14+16
 197 0068 0826     		movs	r6, #8
 198 006a 6E60     		str	r6, [r5, #4]
 199              	.LVL15:
 200              	.LBE29:
 201              	.LBE28:
  60:main_cm4.c    ****         {
  61:main_cm4.c    ****             Cy_GPIO_Write(LED_Red_PORT, LED_Red_NUM, LED_ON);
  62:main_cm4.c    ****             Cy_SysLib_Delay(delayMs);
 202              		.loc 1 62 0
 203 006c 3846     		mov	r0, r7
 204 006e FFF7FEFF 		bl	Cy_SysLib_Delay
 205              	.LVL16:
 206              	.LBB30:
 207              	.LBB31:
 817:Generated_Source\PSoC6\pdl\drivers/peripheral/gpio/cy_gpio.h ****     }
 208              		.loc 2 817 0
 209 0072 AE60     		str	r6, [r5, #8]
 210              	.LVL17:
 211              	.LBE31:
 212              	.LBE30:
  63:main_cm4.c    ****             Cy_GPIO_Write(LED_Red_PORT, LED_Red_NUM, LED_OFF);
  64:main_cm4.c    ****             Cy_SysLib_Delay(delayMs);
 213              		.loc 1 64 0
 214 0074 3846     		mov	r0, r7
 215 0076 FFF7FEFF 		bl	Cy_SysLib_Delay
 216              	.LVL18:
  59:main_cm4.c    ****         {
 217              		.loc 1 59 0
 218 007a 0134     		adds	r4, r4, #1
 219              	.LVL19:
 220              	.L9:
  59:main_cm4.c    ****         {
 221              		.loc 1 59 0 is_stmt 0 discriminator 1
 222 007c 052C     		cmp	r4, #5
 223 007e F2D9     		bls	.L10
  65:main_cm4.c    ****         }
  66:main_cm4.c    **** 
  67:main_cm4.c    ****         /* Перехід у режим ″глибокого сну″ */
  68:main_cm4.c    ****         Cy_SysPm_DeepSleep(CY_SYSPM_WAIT_FOR_INTERRUPT);
 224              		.loc 1 68 0 is_stmt 1
 225 0080 0020     		movs	r0, #0
 226 0082 FFF7FEFF 		bl	Cy_SysPm_CpuEnterDeepSleep
 227              	.LVL20:
  69:main_cm4.c    ****     }
 228              		.loc 1 69 0
 229 0086 DCE7     		b	.L11
 230              	.L15:
 231              		.align	2
 232              	.L14:
 233 0088 00000000 		.word	SysInt_Port0_cfg
ARM GAS  C:\Users\Finik\AppData\Local\Temp\ccnRnT2c.s 			page 68


 234 008c 00000000 		.word	Isr_switch
 235 0090 00E100E0 		.word	-536813312
 236 0094 00000000 		.word	.LANCHOR0
 237 0098 00003240 		.word	1077018624
 238              		.cfi_endproc
 239              	.LFE329:
 240              		.size	main, .-main
 241              		.global	interrupt_flag
 242              		.bss
 243              		.set	.LANCHOR0,. + 0
 244              		.type	interrupt_flag, %object
 245              		.size	interrupt_flag, 1
 246              	interrupt_flag:
 247 0000 00       		.space	1
 248              		.text
 249              	.Letext0:
 250              		.file 5 "Generated_Source\\PSoC6\\pdl\\devices/psoc6/include/cy8c6347bzi_bld53.h"
 251              		.file 6 "d:\\psoc creator\\4.4\\psoc creator\\import\\gnu\\arm\\5.4.1\\arm-none-eabi\\include\\mac
 252              		.file 7 "d:\\psoc creator\\4.4\\psoc creator\\import\\gnu\\arm\\5.4.1\\arm-none-eabi\\include\\sys
 253              		.file 8 "Generated_Source\\PSoC6\\pdl\\devices/psoc6/include/ip/cyip_gpio.h"
 254              		.file 9 "Generated_Source\\PSoC6\\pdl\\devices/psoc6/include/psoc6_01_config.h"
 255              		.file 10 "Generated_Source\\PSoC6\\pdl\\drivers/peripheral/device/cy_device.h"
 256              		.file 11 "Generated_Source\\PSoC6\\pdl\\drivers/peripheral/syslib/cy_syslib.h"
 257              		.file 12 "Generated_Source\\PSoC6\\pdl\\drivers/peripheral/sysint/cy_sysint.h"
 258              		.file 13 "Generated_Source\\PSoC6\\pdl\\drivers/peripheral/syspm/cy_syspm.h"
 259              		.file 14 "Generated_Source\\PSoC6/cyfitter_sysint_cfg.h"
 260              		.section	.debug_info,"",%progbits
 261              	.Ldebug_info0:
 262 0000 CE0E0000 		.4byte	0xece
 263 0004 0400     		.2byte	0x4
 264 0006 00000000 		.4byte	.Ldebug_abbrev0
 265 000a 04       		.byte	0x4
 266 000b 01       		.uleb128 0x1
 267 000c F0030000 		.4byte	.LASF334
 268 0010 0C       		.byte	0xc
 269 0011 B2000000 		.4byte	.LASF335
 270 0015 50050000 		.4byte	.LASF336
 271 0019 00000000 		.4byte	.Ldebug_ranges0+0
 272 001d 00000000 		.4byte	0
 273 0021 00000000 		.4byte	.Ldebug_line0
 274 0025 02       		.uleb128 0x2
 275 0026 02       		.byte	0x2
 276 0027 E6030000 		.4byte	0x3e6
 277 002b 05       		.byte	0x5
 278 002c 24       		.byte	0x24
 279 002d E6030000 		.4byte	0x3e6
 280 0031 03       		.uleb128 0x3
 281 0032 15170000 		.4byte	.LASF0
 282 0036 71       		.sleb128 -15
 283 0037 03       		.uleb128 0x3
 284 0038 35120000 		.4byte	.LASF1
 285 003c 72       		.sleb128 -14
 286 003d 03       		.uleb128 0x3
 287 003e 7F170000 		.4byte	.LASF2
 288 0042 73       		.sleb128 -13
 289 0043 03       		.uleb128 0x3
 290 0044 1F050000 		.4byte	.LASF3
ARM GAS  C:\Users\Finik\AppData\Local\Temp\ccnRnT2c.s 			page 69


 291 0048 74       		.sleb128 -12
 292 0049 03       		.uleb128 0x3
 293 004a 040E0000 		.4byte	.LASF4
 294 004e 75       		.sleb128 -11
 295 004f 03       		.uleb128 0x3
 296 0050 DF150000 		.4byte	.LASF5
 297 0054 76       		.sleb128 -10
 298 0055 03       		.uleb128 0x3
 299 0056 ED070000 		.4byte	.LASF6
 300 005a 7B       		.sleb128 -5
 301 005b 03       		.uleb128 0x3
 302 005c CD150000 		.4byte	.LASF7
 303 0060 7C       		.sleb128 -4
 304 0061 03       		.uleb128 0x3
 305 0062 E4030000 		.4byte	.LASF8
 306 0066 7E       		.sleb128 -2
 307 0067 03       		.uleb128 0x3
 308 0068 A4140000 		.4byte	.LASF9
 309 006c 7F       		.sleb128 -1
 310 006d 04       		.uleb128 0x4
 311 006e BE180000 		.4byte	.LASF10
 312 0072 00       		.byte	0
 313 0073 04       		.uleb128 0x4
 314 0074 520F0000 		.4byte	.LASF11
 315 0078 01       		.byte	0x1
 316 0079 04       		.uleb128 0x4
 317 007a 8E020000 		.4byte	.LASF12
 318 007e 02       		.byte	0x2
 319 007f 04       		.uleb128 0x4
 320 0080 A7130000 		.4byte	.LASF13
 321 0084 03       		.byte	0x3
 322 0085 04       		.uleb128 0x4
 323 0086 A10A0000 		.4byte	.LASF14
 324 008a 04       		.byte	0x4
 325 008b 04       		.uleb128 0x4
 326 008c 23180000 		.4byte	.LASF15
 327 0090 05       		.byte	0x5
 328 0091 04       		.uleb128 0x4
 329 0092 940E0000 		.4byte	.LASF16
 330 0096 06       		.byte	0x6
 331 0097 04       		.uleb128 0x4
 332 0098 C5050000 		.4byte	.LASF17
 333 009c 07       		.byte	0x7
 334 009d 04       		.uleb128 0x4
 335 009e 3B130000 		.4byte	.LASF18
 336 00a2 08       		.byte	0x8
 337 00a3 04       		.uleb128 0x4
 338 00a4 1F0A0000 		.4byte	.LASF19
 339 00a8 09       		.byte	0x9
 340 00a9 04       		.uleb128 0x4
 341 00aa BD0A0000 		.4byte	.LASF20
 342 00ae 0A       		.byte	0xa
 343 00af 04       		.uleb128 0x4
 344 00b0 52080000 		.4byte	.LASF21
 345 00b4 0B       		.byte	0xb
 346 00b5 04       		.uleb128 0x4
 347 00b6 B7110000 		.4byte	.LASF22
ARM GAS  C:\Users\Finik\AppData\Local\Temp\ccnRnT2c.s 			page 70


 348 00ba 0C       		.byte	0xc
 349 00bb 04       		.uleb128 0x4
 350 00bc E1050000 		.4byte	.LASF23
 351 00c0 0D       		.byte	0xd
 352 00c1 04       		.uleb128 0x4
 353 00c2 D7120000 		.4byte	.LASF24
 354 00c6 0E       		.byte	0xe
 355 00c7 04       		.uleb128 0x4
 356 00c8 E6020000 		.4byte	.LASF25
 357 00cc 0F       		.byte	0xf
 358 00cd 04       		.uleb128 0x4
 359 00ce D6160000 		.4byte	.LASF26
 360 00d2 10       		.byte	0x10
 361 00d3 04       		.uleb128 0x4
 362 00d4 F80C0000 		.4byte	.LASF27
 363 00d8 11       		.byte	0x11
 364 00d9 04       		.uleb128 0x4
 365 00da 0A050000 		.4byte	.LASF28
 366 00de 12       		.byte	0x12
 367 00df 04       		.uleb128 0x4
 368 00e0 C70C0000 		.4byte	.LASF29
 369 00e4 13       		.byte	0x13
 370 00e5 04       		.uleb128 0x4
 371 00e6 72020000 		.4byte	.LASF30
 372 00ea 14       		.byte	0x14
 373 00eb 04       		.uleb128 0x4
 374 00ec AD070000 		.4byte	.LASF31
 375 00f0 15       		.byte	0x15
 376 00f1 04       		.uleb128 0x4
 377 00f2 F70A0000 		.4byte	.LASF32
 378 00f6 16       		.byte	0x16
 379 00f7 04       		.uleb128 0x4
 380 00f8 35020000 		.4byte	.LASF33
 381 00fc 17       		.byte	0x17
 382 00fd 04       		.uleb128 0x4
 383 00fe D4110000 		.4byte	.LASF34
 384 0102 18       		.byte	0x18
 385 0103 04       		.uleb128 0x4
 386 0104 680D0000 		.4byte	.LASF35
 387 0108 19       		.byte	0x19
 388 0109 04       		.uleb128 0x4
 389 010a 1B010000 		.4byte	.LASF36
 390 010e 1A       		.byte	0x1a
 391 010f 04       		.uleb128 0x4
 392 0110 F7080000 		.4byte	.LASF37
 393 0114 1B       		.byte	0x1b
 394 0115 04       		.uleb128 0x4
 395 0116 B8190000 		.4byte	.LASF38
 396 011a 1C       		.byte	0x1c
 397 011b 04       		.uleb128 0x4
 398 011c 71160000 		.4byte	.LASF39
 399 0120 1D       		.byte	0x1d
 400 0121 04       		.uleb128 0x4
 401 0122 0E0D0000 		.4byte	.LASF40
 402 0126 1E       		.byte	0x1e
 403 0127 04       		.uleb128 0x4
 404 0128 F4120000 		.4byte	.LASF41
ARM GAS  C:\Users\Finik\AppData\Local\Temp\ccnRnT2c.s 			page 71


 405 012c 1F       		.byte	0x1f
 406 012d 04       		.uleb128 0x4
 407 012e 18110000 		.4byte	.LASF42
 408 0132 20       		.byte	0x20
 409 0133 04       		.uleb128 0x4
 410 0134 6F080000 		.4byte	.LASF43
 411 0138 21       		.byte	0x21
 412 0139 04       		.uleb128 0x4
 413 013a 3F180000 		.4byte	.LASF44
 414 013e 22       		.byte	0x22
 415 013f 04       		.uleb128 0x4
 416 0140 F00B0000 		.4byte	.LASF45
 417 0144 23       		.byte	0x23
 418 0145 04       		.uleb128 0x4
 419 0146 C8010000 		.4byte	.LASF46
 420 014a 24       		.byte	0x24
 421 014b 04       		.uleb128 0x4
 422 014c BA120000 		.4byte	.LASF47
 423 0150 25       		.byte	0x25
 424 0151 04       		.uleb128 0x4
 425 0152 83070000 		.4byte	.LASF48
 426 0156 26       		.byte	0x26
 427 0157 04       		.uleb128 0x4
 428 0158 F8160000 		.4byte	.LASF49
 429 015c 27       		.byte	0x27
 430 015d 04       		.uleb128 0x4
 431 015e B30D0000 		.4byte	.LASF50
 432 0162 28       		.byte	0x28
 433 0163 04       		.uleb128 0x4
 434 0164 F9070000 		.4byte	.LASF51
 435 0168 29       		.byte	0x29
 436 0169 04       		.uleb128 0x4
 437 016a 640E0000 		.4byte	.LASF52
 438 016e 2A       		.byte	0x2a
 439 016f 04       		.uleb128 0x4
 440 0170 88130000 		.4byte	.LASF53
 441 0174 2B       		.byte	0x2b
 442 0175 04       		.uleb128 0x4
 443 0176 37010000 		.4byte	.LASF54
 444 017a 2C       		.byte	0x2c
 445 017b 04       		.uleb128 0x4
 446 017c 81060000 		.4byte	.LASF55
 447 0180 2D       		.byte	0x2d
 448 0181 04       		.uleb128 0x4
 449 0182 9E0D0000 		.4byte	.LASF56
 450 0186 2E       		.byte	0x2e
 451 0187 04       		.uleb128 0x4
 452 0188 8D120000 		.4byte	.LASF57
 453 018c 2F       		.byte	0x2f
 454 018d 04       		.uleb128 0x4
 455 018e D4190000 		.4byte	.LASF58
 456 0192 30       		.byte	0x30
 457 0193 04       		.uleb128 0x4
 458 0194 28080000 		.4byte	.LASF59
 459 0198 31       		.byte	0x31
 460 0199 04       		.uleb128 0x4
 461 019a 33140000 		.4byte	.LASF60
ARM GAS  C:\Users\Finik\AppData\Local\Temp\ccnRnT2c.s 			page 72


 462 019e 32       		.byte	0x32
 463 019f 04       		.uleb128 0x4
 464 01a0 550B0000 		.4byte	.LASF61
 465 01a4 33       		.byte	0x33
 466 01a5 04       		.uleb128 0x4
 467 01a6 30000000 		.4byte	.LASF62
 468 01aa 34       		.byte	0x34
 469 01ab 04       		.uleb128 0x4
 470 01ac 280F0000 		.4byte	.LASF63
 471 01b0 35       		.byte	0x35
 472 01b1 04       		.uleb128 0x4
 473 01b2 20150000 		.4byte	.LASF64
 474 01b6 36       		.byte	0x36
 475 01b7 04       		.uleb128 0x4
 476 01b8 A5160000 		.4byte	.LASF65
 477 01bc 37       		.byte	0x37
 478 01bd 04       		.uleb128 0x4
 479 01be 7F0A0000 		.4byte	.LASF66
 480 01c2 38       		.byte	0x38
 481 01c3 04       		.uleb128 0x4
 482 01c4 FA000000 		.4byte	.LASF67
 483 01c8 39       		.byte	0x39
 484 01c9 04       		.uleb128 0x4
 485 01ca 55170000 		.4byte	.LASF68
 486 01ce 3A       		.byte	0x3a
 487 01cf 04       		.uleb128 0x4
 488 01d0 0C0F0000 		.4byte	.LASF69
 489 01d4 3B       		.byte	0x3b
 490 01d5 04       		.uleb128 0x4
 491 01d6 E7090000 		.4byte	.LASF70
 492 01da 3C       		.byte	0x3c
 493 01db 04       		.uleb128 0x4
 494 01dc E4180000 		.4byte	.LASF71
 495 01e0 3D       		.byte	0x3d
 496 01e1 04       		.uleb128 0x4
 497 01e2 7C0F0000 		.4byte	.LASF72
 498 01e6 3E       		.byte	0x3e
 499 01e7 04       		.uleb128 0x4
 500 01e8 BF020000 		.4byte	.LASF73
 501 01ec 3F       		.byte	0x3f
 502 01ed 04       		.uleb128 0x4
 503 01ee C3130000 		.4byte	.LASF74
 504 01f2 40       		.byte	0x40
 505 01f3 04       		.uleb128 0x4
 506 01f4 DA0A0000 		.4byte	.LASF75
 507 01f8 41       		.byte	0x41
 508 01f9 04       		.uleb128 0x4
 509 01fa AE030000 		.4byte	.LASF76
 510 01fe 42       		.byte	0x42
 511 01ff 04       		.uleb128 0x4
 512 0200 BE140000 		.4byte	.LASF77
 513 0204 43       		.byte	0x43
 514 0205 04       		.uleb128 0x4
 515 0206 AD0B0000 		.4byte	.LASF78
 516 020a 44       		.byte	0x44
 517 020b 04       		.uleb128 0x4
 518 020c 21190000 		.4byte	.LASF79
ARM GAS  C:\Users\Finik\AppData\Local\Temp\ccnRnT2c.s 			page 73


 519 0210 45       		.byte	0x45
 520 0211 04       		.uleb128 0x4
 521 0212 990F0000 		.4byte	.LASF80
 522 0216 46       		.byte	0x46
 523 0217 04       		.uleb128 0x4
 524 0218 C2060000 		.4byte	.LASF81
 525 021c 47       		.byte	0x47
 526 021d 04       		.uleb128 0x4
 527 021e F0130000 		.4byte	.LASF82
 528 0222 48       		.byte	0x48
 529 0223 04       		.uleb128 0x4
 530 0224 1C0B0000 		.4byte	.LASF83
 531 0228 49       		.byte	0x49
 532 0229 04       		.uleb128 0x4
 533 022a 4C010000 		.4byte	.LASF84
 534 022e 4A       		.byte	0x4a
 535 022f 04       		.uleb128 0x4
 536 0230 F00E0000 		.4byte	.LASF85
 537 0234 4B       		.byte	0x4b
 538 0235 04       		.uleb128 0x4
 539 0236 B50F0000 		.4byte	.LASF86
 540 023a 4C       		.byte	0x4c
 541 023b 04       		.uleb128 0x4
 542 023c F1060000 		.4byte	.LASF87
 543 0240 4D       		.byte	0x4d
 544 0241 04       		.uleb128 0x4
 545 0242 1E130000 		.4byte	.LASF88
 546 0246 4E       		.byte	0x4e
 547 0247 04       		.uleb128 0x4
 548 0248 380B0000 		.4byte	.LASF89
 549 024c 4F       		.byte	0x4f
 550 024d 04       		.uleb128 0x4
 551 024e 68010000 		.4byte	.LASF90
 552 0252 50       		.byte	0x50
 553 0253 04       		.uleb128 0x4
 554 0254 F2110000 		.4byte	.LASF91
 555 0258 51       		.byte	0x51
 556 0259 04       		.uleb128 0x4
 557 025a 99080000 		.4byte	.LASF92
 558 025e 52       		.byte	0x52
 559 025f 04       		.uleb128 0x4
 560 0260 79180000 		.4byte	.LASF93
 561 0264 53       		.byte	0x53
 562 0265 04       		.uleb128 0x4
 563 0266 66190000 		.4byte	.LASF94
 564 026a 54       		.byte	0x54
 565 026b 04       		.uleb128 0x4
 566 026c 0D0C0000 		.4byte	.LASF95
 567 0270 55       		.byte	0x55
 568 0271 04       		.uleb128 0x4
 569 0272 D00E0000 		.4byte	.LASF96
 570 0276 56       		.byte	0x56
 571 0277 04       		.uleb128 0x4
 572 0278 3B060000 		.4byte	.LASF97
 573 027c 57       		.byte	0x57
 574 027d 04       		.uleb128 0x4
 575 027e E9190000 		.4byte	.LASF98
ARM GAS  C:\Users\Finik\AppData\Local\Temp\ccnRnT2c.s 			page 74


 576 0282 58       		.byte	0x58
 577 0283 04       		.uleb128 0x4
 578 0284 75100000 		.4byte	.LASF99
 579 0288 59       		.byte	0x59
 580 0289 04       		.uleb128 0x4
 581 028a 82190000 		.4byte	.LASF100
 582 028e 5A       		.byte	0x5a
 583 028f 04       		.uleb128 0x4
 584 0290 840D0000 		.4byte	.LASF101
 585 0294 5B       		.byte	0x5b
 586 0295 04       		.uleb128 0x4
 587 0296 CA030000 		.4byte	.LASF102
 588 029a 5C       		.byte	0x5c
 589 029b 04       		.uleb128 0x4
 590 029c FA140000 		.4byte	.LASF103
 591 02a0 5D       		.byte	0x5d
 592 02a1 04       		.uleb128 0x4
 593 02a2 1B090000 		.4byte	.LASF104
 594 02a6 5E       		.byte	0x5e
 595 02a7 04       		.uleb128 0x4
 596 02a8 4C190000 		.4byte	.LASF105
 597 02ac 5F       		.byte	0x5f
 598 02ad 04       		.uleb128 0x4
 599 02ae D20F0000 		.4byte	.LASF106
 600 02b2 60       		.byte	0x60
 601 02b3 04       		.uleb128 0x4
 602 02b4 59030000 		.4byte	.LASF107
 603 02b8 61       		.byte	0x61
 604 02b9 04       		.uleb128 0x4
 605 02ba EF150000 		.4byte	.LASF108
 606 02be 62       		.byte	0x62
 607 02bf 04       		.uleb128 0x4
 608 02c0 9C090000 		.4byte	.LASF109
 609 02c4 63       		.byte	0x63
 610 02c5 04       		.uleb128 0x4
 611 02c6 091A0000 		.4byte	.LASF110
 612 02ca 64       		.byte	0x64
 613 02cb 04       		.uleb128 0x4
 614 02cc 95100000 		.4byte	.LASF111
 615 02d0 65       		.byte	0x65
 616 02d1 04       		.uleb128 0x4
 617 02d2 0E080000 		.4byte	.LASF112
 618 02d6 66       		.byte	0x66
 619 02d7 04       		.uleb128 0x4
 620 02d8 54150000 		.4byte	.LASF113
 621 02dc 67       		.byte	0x67
 622 02dd 04       		.uleb128 0x4
 623 02de 250C0000 		.4byte	.LASF114
 624 02e2 68       		.byte	0x68
 625 02e3 04       		.uleb128 0x4
 626 02e4 09020000 		.4byte	.LASF115
 627 02e8 69       		.byte	0x69
 628 02e9 04       		.uleb128 0x4
 629 02ea 0F100000 		.4byte	.LASF116
 630 02ee 6A       		.byte	0x6a
 631 02ef 04       		.uleb128 0x4
 632 02f0 C8070000 		.4byte	.LASF117
ARM GAS  C:\Users\Finik\AppData\Local\Temp\ccnRnT2c.s 			page 75


 633 02f4 6B       		.byte	0x6b
 634 02f5 04       		.uleb128 0x4
 635 02f6 08180000 		.4byte	.LASF118
 636 02fa 6C       		.byte	0x6c
 637 02fb 04       		.uleb128 0x4
 638 02fc 790E0000 		.4byte	.LASF119
 639 0300 6D       		.byte	0x6d
 640 0301 04       		.uleb128 0x4
 641 0302 AA050000 		.4byte	.LASF120
 642 0306 6E       		.byte	0x6e
 643 0307 04       		.uleb128 0x4
 644 0308 56160000 		.4byte	.LASF121
 645 030c 6F       		.byte	0x6f
 646 030d 04       		.uleb128 0x4
 647 030e 040A0000 		.4byte	.LASF122
 648 0312 70       		.byte	0x70
 649 0313 04       		.uleb128 0x4
 650 0314 97000000 		.4byte	.LASF123
 651 0318 71       		.byte	0x71
 652 0319 04       		.uleb128 0x4
 653 031a FD100000 		.4byte	.LASF124
 654 031e 72       		.byte	0x72
 655 031f 04       		.uleb128 0x4
 656 0320 35050000 		.4byte	.LASF125
 657 0324 73       		.byte	0x73
 658 0325 04       		.uleb128 0x4
 659 0326 B2150000 		.4byte	.LASF126
 660 032a 74       		.byte	0x74
 661 032b 04       		.uleb128 0x4
 662 032c 850C0000 		.4byte	.LASF127
 663 0330 75       		.byte	0x75
 664 0331 04       		.uleb128 0x4
 665 0332 49120000 		.4byte	.LASF128
 666 0336 76       		.byte	0x76
 667 0337 04       		.uleb128 0x4
 668 0338 1A030000 		.4byte	.LASF129
 669 033c 77       		.byte	0x77
 670 033d 04       		.uleb128 0x4
 671 033e 0C140000 		.4byte	.LASF130
 672 0342 78       		.byte	0x78
 673 0343 04       		.uleb128 0x4
 674 0344 65140000 		.4byte	.LASF131
 675 0348 79       		.byte	0x79
 676 0349 04       		.uleb128 0x4
 677 034a B2170000 		.4byte	.LASF132
 678 034e 7A       		.byte	0x7a
 679 034f 04       		.uleb128 0x4
 680 0350 380E0000 		.4byte	.LASF133
 681 0354 7B       		.byte	0x7b
 682 0355 04       		.uleb128 0x4
 683 0356 8B050000 		.4byte	.LASF134
 684 035a 7C       		.byte	0x7c
 685 035b 04       		.uleb128 0x4
 686 035c 09160000 		.4byte	.LASF135
 687 0360 7D       		.byte	0x7d
 688 0361 04       		.uleb128 0x4
 689 0362 B6090000 		.4byte	.LASF136
ARM GAS  C:\Users\Finik\AppData\Local\Temp\ccnRnT2c.s 			page 76


 690 0366 7E       		.byte	0x7e
 691 0367 04       		.uleb128 0x4
 692 0368 34110000 		.4byte	.LASF137
 693 036c 7F       		.byte	0x7f
 694 036d 04       		.uleb128 0x4
 695 036e AF100000 		.4byte	.LASF138
 696 0372 80       		.byte	0x80
 697 0373 04       		.uleb128 0x4
 698 0374 710B0000 		.4byte	.LASF139
 699 0378 81       		.byte	0x81
 700 0379 04       		.uleb128 0x4
 701 037a 6E150000 		.4byte	.LASF140
 702 037e 82       		.byte	0x82
 703 037f 04       		.uleb128 0x4
 704 0380 3F0C0000 		.4byte	.LASF141
 705 0384 83       		.byte	0x83
 706 0385 04       		.uleb128 0x4
 707 0386 C7000000 		.4byte	.LASF142
 708 038a 84       		.byte	0x84
 709 038b 04       		.uleb128 0x4
 710 038c E0080000 		.4byte	.LASF143
 711 0390 85       		.byte	0x85
 712 0391 04       		.uleb128 0x4
 713 0392 8D140000 		.4byte	.LASF144
 714 0396 86       		.byte	0x86
 715 0397 04       		.uleb128 0x4
 716 0398 660C0000 		.4byte	.LASF145
 717 039c 87       		.byte	0x87
 718 039d 04       		.uleb128 0x4
 719 039e 35030000 		.4byte	.LASF146
 720 03a2 88       		.byte	0x88
 721 03a3 04       		.uleb128 0x4
 722 03a4 0B060000 		.4byte	.LASF147
 723 03a8 89       		.byte	0x89
 724 03a9 04       		.uleb128 0x4
 725 03aa 9A170000 		.4byte	.LASF148
 726 03ae 8A       		.byte	0x8a
 727 03af 04       		.uleb128 0x4
 728 03b0 FF020000 		.4byte	.LASF149
 729 03b4 8B       		.byte	0x8b
 730 03b5 04       		.uleb128 0x4
 731 03b6 CC090000 		.4byte	.LASF150
 732 03ba 8C       		.byte	0x8c
 733 03bb 04       		.uleb128 0x4
 734 03bc 3B080000 		.4byte	.LASF151
 735 03c0 8D       		.byte	0x8d
 736 03c1 04       		.uleb128 0x4
 737 03c2 74130000 		.4byte	.LASF152
 738 03c6 8E       		.byte	0x8e
 739 03c7 04       		.uleb128 0x4
 740 03c8 4E0E0000 		.4byte	.LASF153
 741 03cc 8F       		.byte	0x8f
 742 03cd 04       		.uleb128 0x4
 743 03ce 0E070000 		.4byte	.LASF154
 744 03d2 90       		.byte	0x90
 745 03d3 04       		.uleb128 0x4
 746 03d4 DA0B0000 		.4byte	.LASF155
ARM GAS  C:\Users\Finik\AppData\Local\Temp\ccnRnT2c.s 			page 77


 747 03d8 91       		.byte	0x91
 748 03d9 04       		.uleb128 0x4
 749 03da 83090000 		.4byte	.LASF156
 750 03de 92       		.byte	0x92
 751 03df 04       		.uleb128 0x4
 752 03e0 9C0B0000 		.4byte	.LASF157
 753 03e4 F0       		.byte	0xf0
 754 03e5 00       		.byte	0
 755 03e6 05       		.uleb128 0x5
 756 03e7 02       		.byte	0x2
 757 03e8 05       		.byte	0x5
 758 03e9 DC020000 		.4byte	.LASF158
 759 03ed 06       		.uleb128 0x6
 760 03ee CB080000 		.4byte	.LASF160
 761 03f2 05       		.byte	0x5
 762 03f3 F4       		.byte	0xf4
 763 03f4 25000000 		.4byte	0x25
 764 03f8 05       		.uleb128 0x5
 765 03f9 01       		.byte	0x1
 766 03fa 06       		.byte	0x6
 767 03fb 8E170000 		.4byte	.LASF159
 768 03ff 06       		.uleb128 0x6
 769 0400 EE160000 		.4byte	.LASF161
 770 0404 06       		.byte	0x6
 771 0405 1D       		.byte	0x1d
 772 0406 0A040000 		.4byte	0x40a
 773 040a 05       		.uleb128 0x5
 774 040b 01       		.byte	0x1
 775 040c 08       		.byte	0x8
 776 040d 1F160000 		.4byte	.LASF162
 777 0411 06       		.uleb128 0x6
 778 0412 D00D0000 		.4byte	.LASF163
 779 0416 06       		.byte	0x6
 780 0417 29       		.byte	0x29
 781 0418 E6030000 		.4byte	0x3e6
 782 041c 06       		.uleb128 0x6
 783 041d E2070000 		.4byte	.LASF164
 784 0421 06       		.byte	0x6
 785 0422 2B       		.byte	0x2b
 786 0423 27040000 		.4byte	0x427
 787 0427 05       		.uleb128 0x5
 788 0428 02       		.byte	0x2
 789 0429 07       		.byte	0x7
 790 042a 29100000 		.4byte	.LASF165
 791 042e 06       		.uleb128 0x6
 792 042f 2B020000 		.4byte	.LASF166
 793 0433 06       		.byte	0x6
 794 0434 3F       		.byte	0x3f
 795 0435 39040000 		.4byte	0x439
 796 0439 05       		.uleb128 0x5
 797 043a 04       		.byte	0x4
 798 043b 05       		.byte	0x5
 799 043c E9110000 		.4byte	.LASF167
 800 0440 06       		.uleb128 0x6
 801 0441 2D160000 		.4byte	.LASF168
 802 0445 06       		.byte	0x6
 803 0446 41       		.byte	0x41
ARM GAS  C:\Users\Finik\AppData\Local\Temp\ccnRnT2c.s 			page 78


 804 0447 4B040000 		.4byte	0x44b
 805 044b 05       		.uleb128 0x5
 806 044c 04       		.byte	0x4
 807 044d 07       		.byte	0x7
 808 044e E8140000 		.4byte	.LASF169
 809 0452 05       		.uleb128 0x5
 810 0453 08       		.byte	0x8
 811 0454 05       		.byte	0x5
 812 0455 380D0000 		.4byte	.LASF170
 813 0459 05       		.uleb128 0x5
 814 045a 08       		.byte	0x8
 815 045b 07       		.byte	0x7
 816 045c 35070000 		.4byte	.LASF171
 817 0460 07       		.uleb128 0x7
 818 0461 04       		.byte	0x4
 819 0462 05       		.byte	0x5
 820 0463 696E7400 		.ascii	"int\000"
 821 0467 05       		.uleb128 0x5
 822 0468 04       		.byte	0x4
 823 0469 07       		.byte	0x7
 824 046a BB010000 		.4byte	.LASF172
 825 046e 06       		.uleb128 0x6
 826 046f 7D0C0000 		.4byte	.LASF173
 827 0473 07       		.byte	0x7
 828 0474 18       		.byte	0x18
 829 0475 FF030000 		.4byte	0x3ff
 830 0479 06       		.uleb128 0x6
 831 047a B8040000 		.4byte	.LASF174
 832 047e 07       		.byte	0x7
 833 047f 20       		.byte	0x20
 834 0480 11040000 		.4byte	0x411
 835 0484 06       		.uleb128 0x6
 836 0485 48100000 		.4byte	.LASF175
 837 0489 07       		.byte	0x7
 838 048a 24       		.byte	0x24
 839 048b 1C040000 		.4byte	0x41c
 840 048f 06       		.uleb128 0x6
 841 0490 3C150000 		.4byte	.LASF176
 842 0494 07       		.byte	0x7
 843 0495 2C       		.byte	0x2c
 844 0496 2E040000 		.4byte	0x42e
 845 049a 06       		.uleb128 0x6
 846 049b A1050000 		.4byte	.LASF177
 847 049f 07       		.byte	0x7
 848 04a0 30       		.byte	0x30
 849 04a1 40040000 		.4byte	0x440
 850 04a5 08       		.uleb128 0x8
 851 04a6 040E     		.2byte	0xe04
 852 04a8 03       		.byte	0x3
 853 04a9 9601     		.2byte	0x196
 854 04ab 61050000 		.4byte	0x561
 855 04af 09       		.uleb128 0x9
 856 04b0 36060000 		.4byte	.LASF178
 857 04b4 03       		.byte	0x3
 858 04b5 9801     		.2byte	0x198
 859 04b7 7D050000 		.4byte	0x57d
 860 04bb 00       		.byte	0
ARM GAS  C:\Users\Finik\AppData\Local\Temp\ccnRnT2c.s 			page 79


 861 04bc 09       		.uleb128 0x9
 862 04bd 73110000 		.4byte	.LASF179
 863 04c1 03       		.byte	0x3
 864 04c2 9901     		.2byte	0x199
 865 04c4 82050000 		.4byte	0x582
 866 04c8 20       		.byte	0x20
 867 04c9 09       		.uleb128 0x9
 868 04ca CC160000 		.4byte	.LASF180
 869 04ce 03       		.byte	0x3
 870 04cf 9A01     		.2byte	0x19a
 871 04d1 92050000 		.4byte	0x592
 872 04d5 80       		.byte	0x80
 873 04d6 09       		.uleb128 0x9
 874 04d7 A6060000 		.4byte	.LASF181
 875 04db 03       		.byte	0x3
 876 04dc 9B01     		.2byte	0x19b
 877 04de 82050000 		.4byte	0x582
 878 04e2 A0       		.byte	0xa0
 879 04e3 0A       		.uleb128 0xa
 880 04e4 68180000 		.4byte	.LASF182
 881 04e8 03       		.byte	0x3
 882 04e9 9C01     		.2byte	0x19c
 883 04eb 97050000 		.4byte	0x597
 884 04ef 0001     		.2byte	0x100
 885 04f1 0A       		.uleb128 0xa
 886 04f2 8F110000 		.4byte	.LASF183
 887 04f6 03       		.byte	0x3
 888 04f7 9D01     		.2byte	0x19d
 889 04f9 82050000 		.4byte	0x582
 890 04fd 2001     		.2byte	0x120
 891 04ff 0A       		.uleb128 0xa
 892 0500 770F0000 		.4byte	.LASF184
 893 0504 03       		.byte	0x3
 894 0505 9E01     		.2byte	0x19e
 895 0507 9C050000 		.4byte	0x59c
 896 050b 8001     		.2byte	0x180
 897 050d 0A       		.uleb128 0xa
 898 050e 99110000 		.4byte	.LASF185
 899 0512 03       		.byte	0x3
 900 0513 9F01     		.2byte	0x19f
 901 0515 82050000 		.4byte	0x582
 902 0519 A001     		.2byte	0x1a0
 903 051b 0A       		.uleb128 0xa
 904 051c D1160000 		.4byte	.LASF186
 905 0520 03       		.byte	0x3
 906 0521 A001     		.2byte	0x1a0
 907 0523 A1050000 		.4byte	0x5a1
 908 0527 0002     		.2byte	0x200
 909 0529 0A       		.uleb128 0xa
 910 052a A3110000 		.4byte	.LASF187
 911 052e 03       		.byte	0x3
 912 052f A101     		.2byte	0x1a1
 913 0531 A6050000 		.4byte	0x5a6
 914 0535 2002     		.2byte	0x220
 915 0537 0B       		.uleb128 0xb
 916 0538 495000   		.ascii	"IP\000"
 917 053b 03       		.byte	0x3
ARM GAS  C:\Users\Finik\AppData\Local\Temp\ccnRnT2c.s 			page 80


 918 053c A201     		.2byte	0x1a2
 919 053e CB050000 		.4byte	0x5cb
 920 0542 0003     		.2byte	0x300
 921 0544 0A       		.uleb128 0xa
 922 0545 AD110000 		.4byte	.LASF188
 923 0549 03       		.byte	0x3
 924 054a A301     		.2byte	0x1a3
 925 054c D0050000 		.4byte	0x5d0
 926 0550 F003     		.2byte	0x3f0
 927 0552 0A       		.uleb128 0xa
 928 0553 C5100000 		.4byte	.LASF189
 929 0557 03       		.byte	0x3
 930 0558 A401     		.2byte	0x1a4
 931 055a 78050000 		.4byte	0x578
 932 055e 000E     		.2byte	0xe00
 933 0560 00       		.byte	0
 934 0561 0C       		.uleb128 0xc
 935 0562 78050000 		.4byte	0x578
 936 0566 71050000 		.4byte	0x571
 937 056a 0D       		.uleb128 0xd
 938 056b 71050000 		.4byte	0x571
 939 056f 07       		.byte	0x7
 940 0570 00       		.byte	0
 941 0571 05       		.uleb128 0x5
 942 0572 04       		.byte	0x4
 943 0573 07       		.byte	0x7
 944 0574 55110000 		.4byte	.LASF190
 945 0578 0E       		.uleb128 0xe
 946 0579 9A040000 		.4byte	0x49a
 947 057d 0E       		.uleb128 0xe
 948 057e 61050000 		.4byte	0x561
 949 0582 0C       		.uleb128 0xc
 950 0583 9A040000 		.4byte	0x49a
 951 0587 92050000 		.4byte	0x592
 952 058b 0D       		.uleb128 0xd
 953 058c 71050000 		.4byte	0x571
 954 0590 17       		.byte	0x17
 955 0591 00       		.byte	0
 956 0592 0E       		.uleb128 0xe
 957 0593 61050000 		.4byte	0x561
 958 0597 0E       		.uleb128 0xe
 959 0598 61050000 		.4byte	0x561
 960 059c 0E       		.uleb128 0xe
 961 059d 61050000 		.4byte	0x561
 962 05a1 0E       		.uleb128 0xe
 963 05a2 61050000 		.4byte	0x561
 964 05a6 0C       		.uleb128 0xc
 965 05a7 9A040000 		.4byte	0x49a
 966 05ab B6050000 		.4byte	0x5b6
 967 05af 0D       		.uleb128 0xd
 968 05b0 71050000 		.4byte	0x571
 969 05b4 37       		.byte	0x37
 970 05b5 00       		.byte	0
 971 05b6 0C       		.uleb128 0xc
 972 05b7 C6050000 		.4byte	0x5c6
 973 05bb C6050000 		.4byte	0x5c6
 974 05bf 0D       		.uleb128 0xd
ARM GAS  C:\Users\Finik\AppData\Local\Temp\ccnRnT2c.s 			page 81


 975 05c0 71050000 		.4byte	0x571
 976 05c4 EF       		.byte	0xef
 977 05c5 00       		.byte	0
 978 05c6 0E       		.uleb128 0xe
 979 05c7 6E040000 		.4byte	0x46e
 980 05cb 0E       		.uleb128 0xe
 981 05cc B6050000 		.4byte	0x5b6
 982 05d0 0C       		.uleb128 0xc
 983 05d1 9A040000 		.4byte	0x49a
 984 05d5 E1050000 		.4byte	0x5e1
 985 05d9 0F       		.uleb128 0xf
 986 05da 71050000 		.4byte	0x571
 987 05de 8302     		.2byte	0x283
 988 05e0 00       		.byte	0
 989 05e1 10       		.uleb128 0x10
 990 05e2 9D130000 		.4byte	.LASF191
 991 05e6 03       		.byte	0x3
 992 05e7 A501     		.2byte	0x1a5
 993 05e9 A5040000 		.4byte	0x4a5
 994 05ed 11       		.uleb128 0x11
 995 05ee 78050000 		.4byte	0x578
 996 05f2 0C       		.uleb128 0xc
 997 05f3 ED050000 		.4byte	0x5ed
 998 05f7 02060000 		.4byte	0x602
 999 05fb 0D       		.uleb128 0xd
 1000 05fc 71050000 		.4byte	0x571
 1001 0600 0F       		.byte	0xf
 1002 0601 00       		.byte	0
 1003 0602 12       		.uleb128 0x12
 1004 0603 80       		.byte	0x80
 1005 0604 08       		.byte	0x8
 1006 0605 22       		.byte	0x22
 1007 0606 D6060000 		.4byte	0x6d6
 1008 060a 13       		.uleb128 0x13
 1009 060b 4F555400 		.ascii	"OUT\000"
 1010 060f 08       		.byte	0x8
 1011 0610 23       		.byte	0x23
 1012 0611 78050000 		.4byte	0x578
 1013 0615 00       		.byte	0
 1014 0616 14       		.uleb128 0x14
 1015 0617 AF060000 		.4byte	.LASF192
 1016 061b 08       		.byte	0x8
 1017 061c 24       		.byte	0x24
 1018 061d 78050000 		.4byte	0x578
 1019 0621 04       		.byte	0x4
 1020 0622 14       		.uleb128 0x14
 1021 0623 13090000 		.4byte	.LASF193
 1022 0627 08       		.byte	0x8
 1023 0628 25       		.byte	0x25
 1024 0629 78050000 		.4byte	0x578
 1025 062d 08       		.byte	0x8
 1026 062e 14       		.uleb128 0x14
 1027 062f 57130000 		.4byte	.LASF194
 1028 0633 08       		.byte	0x8
 1029 0634 26       		.byte	0x26
 1030 0635 78050000 		.4byte	0x578
 1031 0639 0C       		.byte	0xc
ARM GAS  C:\Users\Finik\AppData\Local\Temp\ccnRnT2c.s 			page 82


 1032 063a 13       		.uleb128 0x13
 1033 063b 494E00   		.ascii	"IN\000"
 1034 063e 08       		.byte	0x8
 1035 063f 27       		.byte	0x27
 1036 0640 ED050000 		.4byte	0x5ed
 1037 0644 10       		.byte	0x10
 1038 0645 14       		.uleb128 0x14
 1039 0646 510A0000 		.4byte	.LASF195
 1040 064a 08       		.byte	0x8
 1041 064b 28       		.byte	0x28
 1042 064c 78050000 		.4byte	0x578
 1043 0650 14       		.byte	0x14
 1044 0651 14       		.uleb128 0x14
 1045 0652 750A0000 		.4byte	.LASF196
 1046 0656 08       		.byte	0x8
 1047 0657 29       		.byte	0x29
 1048 0658 78050000 		.4byte	0x578
 1049 065c 18       		.byte	0x18
 1050 065d 14       		.uleb128 0x14
 1051 065e 27140000 		.4byte	.LASF197
 1052 0662 08       		.byte	0x8
 1053 0663 2A       		.byte	0x2a
 1054 0664 ED050000 		.4byte	0x5ed
 1055 0668 1C       		.byte	0x1c
 1056 0669 14       		.uleb128 0x14
 1057 066a 89030000 		.4byte	.LASF198
 1058 066e 08       		.byte	0x8
 1059 066f 2B       		.byte	0x2b
 1060 0670 78050000 		.4byte	0x578
 1061 0674 20       		.byte	0x20
 1062 0675 14       		.uleb128 0x14
 1063 0676 6E0F0000 		.4byte	.LASF199
 1064 067a 08       		.byte	0x8
 1065 067b 2C       		.byte	0x2c
 1066 067c 78050000 		.4byte	0x578
 1067 0680 24       		.byte	0x24
 1068 0681 13       		.uleb128 0x13
 1069 0682 43464700 		.ascii	"CFG\000"
 1070 0686 08       		.byte	0x8
 1071 0687 2D       		.byte	0x2d
 1072 0688 78050000 		.4byte	0x578
 1073 068c 28       		.byte	0x28
 1074 068d 14       		.uleb128 0x14
 1075 068e 03050000 		.4byte	.LASF200
 1076 0692 08       		.byte	0x8
 1077 0693 2E       		.byte	0x2e
 1078 0694 78050000 		.4byte	0x578
 1079 0698 2C       		.byte	0x2c
 1080 0699 14       		.uleb128 0x14
 1081 069a 91080000 		.4byte	.LASF201
 1082 069e 08       		.byte	0x8
 1083 069f 2F       		.byte	0x2f
 1084 06a0 78050000 		.4byte	0x578
 1085 06a4 30       		.byte	0x30
 1086 06a5 14       		.uleb128 0x14
 1087 06a6 23020000 		.4byte	.LASF202
 1088 06aa 08       		.byte	0x8
ARM GAS  C:\Users\Finik\AppData\Local\Temp\ccnRnT2c.s 			page 83


 1089 06ab 30       		.byte	0x30
 1090 06ac 78050000 		.4byte	0x578
 1091 06b0 34       		.byte	0x34
 1092 06b1 14       		.uleb128 0x14
 1093 06b2 AF040000 		.4byte	.LASF203
 1094 06b6 08       		.byte	0x8
 1095 06b7 31       		.byte	0x31
 1096 06b8 ED050000 		.4byte	0x5ed
 1097 06bc 38       		.byte	0x38
 1098 06bd 14       		.uleb128 0x14
 1099 06be 10130000 		.4byte	.LASF204
 1100 06c2 08       		.byte	0x8
 1101 06c3 32       		.byte	0x32
 1102 06c4 78050000 		.4byte	0x578
 1103 06c8 3C       		.byte	0x3c
 1104 06c9 14       		.uleb128 0x14
 1105 06ca DA180000 		.4byte	.LASF205
 1106 06ce 08       		.byte	0x8
 1107 06cf 33       		.byte	0x33
 1108 06d0 DB060000 		.4byte	0x6db
 1109 06d4 40       		.byte	0x40
 1110 06d5 00       		.byte	0
 1111 06d6 0E       		.uleb128 0xe
 1112 06d7 F2050000 		.4byte	0x5f2
 1113 06db 11       		.uleb128 0x11
 1114 06dc D6060000 		.4byte	0x6d6
 1115 06e0 06       		.uleb128 0x6
 1116 06e1 A2120000 		.4byte	.LASF206
 1117 06e5 08       		.byte	0x8
 1118 06e6 34       		.byte	0x34
 1119 06e7 02060000 		.4byte	0x602
 1120 06eb 15       		.uleb128 0x15
 1121 06ec 2440     		.2byte	0x4024
 1122 06ee 08       		.byte	0x8
 1123 06ef 39       		.byte	0x39
 1124 06f0 76070000 		.4byte	0x776
 1125 06f4 13       		.uleb128 0x13
 1126 06f5 50525400 		.ascii	"PRT\000"
 1127 06f9 08       		.byte	0x8
 1128 06fa 3A       		.byte	0x3a
 1129 06fb 76070000 		.4byte	0x776
 1130 06ff 00       		.byte	0
 1131 0700 16       		.uleb128 0x16
 1132 0701 67000000 		.4byte	.LASF207
 1133 0705 08       		.byte	0x8
 1134 0706 3B       		.byte	0x3b
 1135 0707 ED050000 		.4byte	0x5ed
 1136 070b 0040     		.2byte	0x4000
 1137 070d 16       		.uleb128 0x16
 1138 070e 73000000 		.4byte	.LASF208
 1139 0712 08       		.byte	0x8
 1140 0713 3C       		.byte	0x3c
 1141 0714 ED050000 		.4byte	0x5ed
 1142 0718 0440     		.2byte	0x4004
 1143 071a 16       		.uleb128 0x16
 1144 071b 7F000000 		.4byte	.LASF209
 1145 071f 08       		.byte	0x8
ARM GAS  C:\Users\Finik\AppData\Local\Temp\ccnRnT2c.s 			page 84


 1146 0720 3D       		.byte	0x3d
 1147 0721 ED050000 		.4byte	0x5ed
 1148 0725 0840     		.2byte	0x4008
 1149 0727 16       		.uleb128 0x16
 1150 0728 8B000000 		.4byte	.LASF210
 1151 072c 08       		.byte	0x8
 1152 072d 3E       		.byte	0x3e
 1153 072e ED050000 		.4byte	0x5ed
 1154 0732 0C40     		.2byte	0x400c
 1155 0734 16       		.uleb128 0x16
 1156 0735 5C000000 		.4byte	.LASF211
 1157 0739 08       		.byte	0x8
 1158 073a 3F       		.byte	0x3f
 1159 073b ED050000 		.4byte	0x5ed
 1160 073f 1040     		.2byte	0x4010
 1161 0741 16       		.uleb128 0x16
 1162 0742 71090000 		.4byte	.LASF212
 1163 0746 08       		.byte	0x8
 1164 0747 40       		.byte	0x40
 1165 0748 78050000 		.4byte	0x578
 1166 074c 1440     		.2byte	0x4014
 1167 074e 16       		.uleb128 0x16
 1168 074f 71170000 		.4byte	.LASF213
 1169 0753 08       		.byte	0x8
 1170 0754 41       		.byte	0x41
 1171 0755 78050000 		.4byte	0x578
 1172 0759 1840     		.2byte	0x4018
 1173 075b 16       		.uleb128 0x16
 1174 075c EC0F0000 		.4byte	.LASF214
 1175 0760 08       		.byte	0x8
 1176 0761 42       		.byte	0x42
 1177 0762 ED050000 		.4byte	0x5ed
 1178 0766 1C40     		.2byte	0x401c
 1179 0768 16       		.uleb128 0x16
 1180 0769 56100000 		.4byte	.LASF215
 1181 076d 08       		.byte	0x8
 1182 076e 43       		.byte	0x43
 1183 076f 78050000 		.4byte	0x578
 1184 0773 2040     		.2byte	0x4020
 1185 0775 00       		.byte	0
 1186 0776 0C       		.uleb128 0xc
 1187 0777 E0060000 		.4byte	0x6e0
 1188 077b 86070000 		.4byte	0x786
 1189 077f 0D       		.uleb128 0xd
 1190 0780 71050000 		.4byte	0x571
 1191 0784 7F       		.byte	0x7f
 1192 0785 00       		.byte	0
 1193 0786 06       		.uleb128 0x6
 1194 0787 FE050000 		.4byte	.LASF216
 1195 078b 08       		.byte	0x8
 1196 078c 44       		.byte	0x44
 1197 078d EB060000 		.4byte	0x6eb
 1198 0791 10       		.uleb128 0x10
 1199 0792 560A0000 		.4byte	.LASF217
 1200 0796 09       		.byte	0x9
 1201 0797 3106     		.2byte	0x631
 1202 0799 E0060000 		.4byte	0x6e0
ARM GAS  C:\Users\Finik\AppData\Local\Temp\ccnRnT2c.s 			page 85


 1203 079d 10       		.uleb128 0x10
 1204 079e 38160000 		.4byte	.LASF218
 1205 07a2 09       		.byte	0x9
 1206 07a3 3206     		.2byte	0x632
 1207 07a5 86070000 		.4byte	0x786
 1208 07a9 05       		.uleb128 0x5
 1209 07aa 08       		.byte	0x8
 1210 07ab 04       		.byte	0x4
 1211 07ac 3C100000 		.4byte	.LASF219
 1212 07b0 12       		.uleb128 0x12
 1213 07b1 B8       		.byte	0xb8
 1214 07b2 0A       		.byte	0xa
 1215 07b3 34       		.byte	0x34
 1216 07b4 C10B0000 		.4byte	0xbc1
 1217 07b8 14       		.uleb128 0x14
 1218 07b9 5D020000 		.4byte	.LASF220
 1219 07bd 0A       		.byte	0xa
 1220 07be 37       		.byte	0x37
 1221 07bf 9A040000 		.4byte	0x49a
 1222 07c3 00       		.byte	0
 1223 07c4 14       		.uleb128 0x14
 1224 07c5 B7060000 		.4byte	.LASF221
 1225 07c9 0A       		.byte	0xa
 1226 07ca 38       		.byte	0x38
 1227 07cb 9A040000 		.4byte	0x49a
 1228 07cf 04       		.byte	0x4
 1229 07d0 14       		.uleb128 0x14
 1230 07d1 85010000 		.4byte	.LASF222
 1231 07d5 0A       		.byte	0xa
 1232 07d6 39       		.byte	0x39
 1233 07d7 9A040000 		.4byte	0x49a
 1234 07db 08       		.byte	0x8
 1235 07dc 14       		.uleb128 0x14
 1236 07dd 84150000 		.4byte	.LASF223
 1237 07e1 0A       		.byte	0xa
 1238 07e2 3A       		.byte	0x3a
 1239 07e3 9A040000 		.4byte	0x49a
 1240 07e7 0C       		.byte	0xc
 1241 07e8 14       		.uleb128 0x14
 1242 07e9 84120000 		.4byte	.LASF224
 1243 07ed 0A       		.byte	0xa
 1244 07ee 3B       		.byte	0x3b
 1245 07ef 9A040000 		.4byte	0x49a
 1246 07f3 10       		.byte	0x10
 1247 07f4 14       		.uleb128 0x14
 1248 07f5 FA0D0000 		.4byte	.LASF225
 1249 07f9 0A       		.byte	0xa
 1250 07fa 3C       		.byte	0x3c
 1251 07fb 9A040000 		.4byte	0x49a
 1252 07ff 14       		.byte	0x14
 1253 0800 14       		.uleb128 0x14
 1254 0801 7A090000 		.4byte	.LASF226
 1255 0805 0A       		.byte	0xa
 1256 0806 3D       		.byte	0x3d
 1257 0807 9A040000 		.4byte	0x49a
 1258 080b 18       		.byte	0x18
 1259 080c 14       		.uleb128 0x14
ARM GAS  C:\Users\Finik\AppData\Local\Temp\ccnRnT2c.s 			page 86


 1260 080d 9E180000 		.4byte	.LASF227
 1261 0811 0A       		.byte	0xa
 1262 0812 3E       		.byte	0x3e
 1263 0813 9A040000 		.4byte	0x49a
 1264 0817 1C       		.byte	0x1c
 1265 0818 14       		.uleb128 0x14
 1266 0819 460D0000 		.4byte	.LASF228
 1267 081d 0A       		.byte	0xa
 1268 081e 3F       		.byte	0x3f
 1269 081f 9A040000 		.4byte	0x49a
 1270 0823 20       		.byte	0x20
 1271 0824 14       		.uleb128 0x14
 1272 0825 5D0D0000 		.4byte	.LASF229
 1273 0829 0A       		.byte	0xa
 1274 082a 40       		.byte	0x40
 1275 082b 9A040000 		.4byte	0x49a
 1276 082f 24       		.byte	0x24
 1277 0830 14       		.uleb128 0x14
 1278 0831 0F120000 		.4byte	.LASF230
 1279 0835 0A       		.byte	0xa
 1280 0836 43       		.byte	0x43
 1281 0837 6E040000 		.4byte	0x46e
 1282 083b 28       		.byte	0x28
 1283 083c 14       		.uleb128 0x14
 1284 083d 61060000 		.4byte	.LASF231
 1285 0841 0A       		.byte	0xa
 1286 0842 44       		.byte	0x44
 1287 0843 6E040000 		.4byte	0x46e
 1288 0847 29       		.byte	0x29
 1289 0848 14       		.uleb128 0x14
 1290 0849 F3100000 		.4byte	.LASF232
 1291 084d 0A       		.byte	0xa
 1292 084e 45       		.byte	0x45
 1293 084f 6E040000 		.4byte	0x46e
 1294 0853 2A       		.byte	0x2a
 1295 0854 14       		.uleb128 0x14
 1296 0855 64120000 		.4byte	.LASF233
 1297 0859 0A       		.byte	0xa
 1298 085a 46       		.byte	0x46
 1299 085b 6E040000 		.4byte	0x46e
 1300 085f 2B       		.byte	0x2b
 1301 0860 14       		.uleb128 0x14
 1302 0861 29120000 		.4byte	.LASF234
 1303 0865 0A       		.byte	0xa
 1304 0866 47       		.byte	0x47
 1305 0867 6E040000 		.4byte	0x46e
 1306 086b 2C       		.byte	0x2c
 1307 086c 14       		.uleb128 0x14
 1308 086d B1140000 		.4byte	.LASF235
 1309 0871 0A       		.byte	0xa
 1310 0872 48       		.byte	0x48
 1311 0873 6E040000 		.4byte	0x46e
 1312 0877 2D       		.byte	0x2d
 1313 0878 14       		.uleb128 0x14
 1314 0879 AD190000 		.4byte	.LASF236
 1315 087d 0A       		.byte	0xa
 1316 087e 49       		.byte	0x49
ARM GAS  C:\Users\Finik\AppData\Local\Temp\ccnRnT2c.s 			page 87


 1317 087f 6E040000 		.4byte	0x46e
 1318 0883 2E       		.byte	0x2e
 1319 0884 14       		.uleb128 0x14
 1320 0885 6D180000 		.4byte	.LASF237
 1321 0889 0A       		.byte	0xa
 1322 088a 4A       		.byte	0x4a
 1323 088b 6E040000 		.4byte	0x46e
 1324 088f 2F       		.byte	0x2f
 1325 0890 14       		.uleb128 0x14
 1326 0891 A3040000 		.4byte	.LASF238
 1327 0895 0A       		.byte	0xa
 1328 0896 4B       		.byte	0x4b
 1329 0897 6E040000 		.4byte	0x46e
 1330 089b 30       		.byte	0x30
 1331 089c 14       		.uleb128 0x14
 1332 089d B00E0000 		.4byte	.LASF239
 1333 08a1 0A       		.byte	0xa
 1334 08a2 4E       		.byte	0x4e
 1335 08a3 6E040000 		.4byte	0x46e
 1336 08a7 31       		.byte	0x31
 1337 08a8 14       		.uleb128 0x14
 1338 08a9 C8170000 		.4byte	.LASF240
 1339 08ad 0A       		.byte	0xa
 1340 08ae 4F       		.byte	0x4f
 1341 08af 6E040000 		.4byte	0x46e
 1342 08b3 32       		.byte	0x32
 1343 08b4 14       		.uleb128 0x14
 1344 08b5 01190000 		.4byte	.LASF241
 1345 08b9 0A       		.byte	0xa
 1346 08ba 50       		.byte	0x50
 1347 08bb 6E040000 		.4byte	0x46e
 1348 08bf 33       		.byte	0x33
 1349 08c0 14       		.uleb128 0x14
 1350 08c1 0B0B0000 		.4byte	.LASF242
 1351 08c5 0A       		.byte	0xa
 1352 08c6 51       		.byte	0x51
 1353 08c7 6E040000 		.4byte	0x46e
 1354 08cb 34       		.byte	0x34
 1355 08cc 14       		.uleb128 0x14
 1356 08cd A0070000 		.4byte	.LASF243
 1357 08d1 0A       		.byte	0xa
 1358 08d2 52       		.byte	0x52
 1359 08d3 79040000 		.4byte	0x479
 1360 08d7 36       		.byte	0x36
 1361 08d8 14       		.uleb128 0x14
 1362 08d9 67020000 		.4byte	.LASF244
 1363 08dd 0A       		.byte	0xa
 1364 08de 53       		.byte	0x53
 1365 08df 79040000 		.4byte	0x479
 1366 08e3 38       		.byte	0x38
 1367 08e4 14       		.uleb128 0x14
 1368 08e5 AA020000 		.4byte	.LASF245
 1369 08e9 0A       		.byte	0xa
 1370 08ea 54       		.byte	0x54
 1371 08eb 79040000 		.4byte	0x479
 1372 08ef 3A       		.byte	0x3a
 1373 08f0 14       		.uleb128 0x14
ARM GAS  C:\Users\Finik\AppData\Local\Temp\ccnRnT2c.s 			page 88


 1374 08f1 4E020000 		.4byte	.LASF246
 1375 08f5 0A       		.byte	0xa
 1376 08f6 55       		.byte	0x55
 1377 08f7 6E040000 		.4byte	0x46e
 1378 08fb 3C       		.byte	0x3c
 1379 08fc 14       		.uleb128 0x14
 1380 08fd D5080000 		.4byte	.LASF247
 1381 0901 0A       		.byte	0xa
 1382 0902 56       		.byte	0x56
 1383 0903 6E040000 		.4byte	0x46e
 1384 0907 3D       		.byte	0x3d
 1385 0908 14       		.uleb128 0x14
 1386 0909 CA100000 		.4byte	.LASF248
 1387 090d 0A       		.byte	0xa
 1388 090e 57       		.byte	0x57
 1389 090f 6E040000 		.4byte	0x46e
 1390 0913 3E       		.byte	0x3e
 1391 0914 14       		.uleb128 0x14
 1392 0915 DA0D0000 		.4byte	.LASF249
 1393 0919 0A       		.byte	0xa
 1394 091a 58       		.byte	0x58
 1395 091b 6E040000 		.4byte	0x46e
 1396 091f 3F       		.byte	0x3f
 1397 0920 14       		.uleb128 0x14
 1398 0921 E5010000 		.4byte	.LASF250
 1399 0925 0A       		.byte	0xa
 1400 0926 59       		.byte	0x59
 1401 0927 6E040000 		.4byte	0x46e
 1402 092b 40       		.byte	0x40
 1403 092c 14       		.uleb128 0x14
 1404 092d E0130000 		.4byte	.LASF251
 1405 0931 0A       		.byte	0xa
 1406 0932 5A       		.byte	0x5a
 1407 0933 6E040000 		.4byte	0x46e
 1408 0937 41       		.byte	0x41
 1409 0938 14       		.uleb128 0x14
 1410 0939 49170000 		.4byte	.LASF252
 1411 093d 0A       		.byte	0xa
 1412 093e 5B       		.byte	0x5b
 1413 093f 6E040000 		.4byte	0x46e
 1414 0943 42       		.byte	0x42
 1415 0944 14       		.uleb128 0x14
 1416 0945 A80C0000 		.4byte	.LASF253
 1417 0949 0A       		.byte	0xa
 1418 094a 5C       		.byte	0x5c
 1419 094b 6E040000 		.4byte	0x46e
 1420 094f 43       		.byte	0x43
 1421 0950 14       		.uleb128 0x14
 1422 0951 C90B0000 		.4byte	.LASF254
 1423 0955 0A       		.byte	0xa
 1424 0956 5D       		.byte	0x5d
 1425 0957 6E040000 		.4byte	0x46e
 1426 095b 44       		.byte	0x44
 1427 095c 14       		.uleb128 0x14
 1428 095d 72120000 		.4byte	.LASF255
 1429 0961 0A       		.byte	0xa
 1430 0962 5E       		.byte	0x5e
ARM GAS  C:\Users\Finik\AppData\Local\Temp\ccnRnT2c.s 			page 89


 1431 0963 9A040000 		.4byte	0x49a
 1432 0967 48       		.byte	0x48
 1433 0968 14       		.uleb128 0x14
 1434 0969 92030000 		.4byte	.LASF256
 1435 096d 0A       		.byte	0xa
 1436 096e 5F       		.byte	0x5f
 1437 096f 9A040000 		.4byte	0x49a
 1438 0973 4C       		.byte	0x4c
 1439 0974 14       		.uleb128 0x14
 1440 0975 20170000 		.4byte	.LASF257
 1441 0979 0A       		.byte	0xa
 1442 097a 60       		.byte	0x60
 1443 097b 6E040000 		.4byte	0x46e
 1444 097f 50       		.byte	0x50
 1445 0980 14       		.uleb128 0x14
 1446 0981 35090000 		.4byte	.LASF258
 1447 0985 0A       		.byte	0xa
 1448 0986 61       		.byte	0x61
 1449 0987 6E040000 		.4byte	0x46e
 1450 098b 51       		.byte	0x51
 1451 098c 14       		.uleb128 0x14
 1452 098d 25070000 		.4byte	.LASF259
 1453 0991 0A       		.byte	0xa
 1454 0992 62       		.byte	0x62
 1455 0993 6E040000 		.4byte	0x46e
 1456 0997 52       		.byte	0x52
 1457 0998 14       		.uleb128 0x14
 1458 0999 6F060000 		.4byte	.LASF260
 1459 099d 0A       		.byte	0xa
 1460 099e 63       		.byte	0x63
 1461 099f 6E040000 		.4byte	0x46e
 1462 09a3 53       		.byte	0x53
 1463 09a4 14       		.uleb128 0x14
 1464 09a5 8D160000 		.4byte	.LASF261
 1465 09a9 0A       		.byte	0xa
 1466 09aa 64       		.byte	0x64
 1467 09ab 6E040000 		.4byte	0x46e
 1468 09af 54       		.byte	0x54
 1469 09b0 14       		.uleb128 0x14
 1470 09b1 5D090000 		.4byte	.LASF262
 1471 09b5 0A       		.byte	0xa
 1472 09b6 65       		.byte	0x65
 1473 09b7 6E040000 		.4byte	0x46e
 1474 09bb 55       		.byte	0x55
 1475 09bc 14       		.uleb128 0x14
 1476 09bd 00000000 		.4byte	.LASF263
 1477 09c1 0A       		.byte	0xa
 1478 09c2 66       		.byte	0x66
 1479 09c3 6E040000 		.4byte	0x46e
 1480 09c7 56       		.byte	0x56
 1481 09c8 14       		.uleb128 0x14
 1482 09c9 E60D0000 		.4byte	.LASF264
 1483 09cd 0A       		.byte	0xa
 1484 09ce 67       		.byte	0x67
 1485 09cf 6E040000 		.4byte	0x46e
 1486 09d3 57       		.byte	0x57
 1487 09d4 14       		.uleb128 0x14
ARM GAS  C:\Users\Finik\AppData\Local\Temp\ccnRnT2c.s 			page 90


 1488 09d5 B7080000 		.4byte	.LASF265
 1489 09d9 0A       		.byte	0xa
 1490 09da 68       		.byte	0x68
 1491 09db 6E040000 		.4byte	0x46e
 1492 09df 58       		.byte	0x58
 1493 09e0 14       		.uleb128 0x14
 1494 09e1 0D190000 		.4byte	.LASF266
 1495 09e5 0A       		.byte	0xa
 1496 09e6 69       		.byte	0x69
 1497 09e7 6E040000 		.4byte	0x46e
 1498 09eb 59       		.byte	0x59
 1499 09ec 14       		.uleb128 0x14
 1500 09ed C1160000 		.4byte	.LASF267
 1501 09f1 0A       		.byte	0xa
 1502 09f2 6E       		.byte	0x6e
 1503 09f3 84040000 		.4byte	0x484
 1504 09f7 5A       		.byte	0x5a
 1505 09f8 14       		.uleb128 0x14
 1506 09f9 B2010000 		.4byte	.LASF268
 1507 09fd 0A       		.byte	0xa
 1508 09fe 6F       		.byte	0x6f
 1509 09ff 84040000 		.4byte	0x484
 1510 0a03 5C       		.byte	0x5c
 1511 0a04 14       		.uleb128 0x14
 1512 0a05 4E0D0000 		.4byte	.LASF269
 1513 0a09 0A       		.byte	0xa
 1514 0a0a 70       		.byte	0x70
 1515 0a0b 6E040000 		.4byte	0x46e
 1516 0a0f 5E       		.byte	0x5e
 1517 0a10 14       		.uleb128 0x14
 1518 0a11 D6170000 		.4byte	.LASF270
 1519 0a15 0A       		.byte	0xa
 1520 0a16 71       		.byte	0x71
 1521 0a17 6E040000 		.4byte	0x46e
 1522 0a1b 5F       		.byte	0x5f
 1523 0a1c 14       		.uleb128 0x14
 1524 0a1d 640A0000 		.4byte	.LASF271
 1525 0a21 0A       		.byte	0xa
 1526 0a22 72       		.byte	0x72
 1527 0a23 6E040000 		.4byte	0x46e
 1528 0a27 60       		.byte	0x60
 1529 0a28 14       		.uleb128 0x14
 1530 0a29 550C0000 		.4byte	.LASF272
 1531 0a2d 0A       		.byte	0xa
 1532 0a2e 73       		.byte	0x73
 1533 0a2f 9A040000 		.4byte	0x49a
 1534 0a33 64       		.byte	0x64
 1535 0a34 14       		.uleb128 0x14
 1536 0a35 47090000 		.4byte	.LASF273
 1537 0a39 0A       		.byte	0xa
 1538 0a3a 76       		.byte	0x76
 1539 0a3b 84040000 		.4byte	0x484
 1540 0a3f 68       		.byte	0x68
 1541 0a40 14       		.uleb128 0x14
 1542 0a41 63100000 		.4byte	.LASF274
 1543 0a45 0A       		.byte	0xa
 1544 0a46 77       		.byte	0x77
ARM GAS  C:\Users\Finik\AppData\Local\Temp\ccnRnT2c.s 			page 91


 1545 0a47 84040000 		.4byte	0x484
 1546 0a4b 6A       		.byte	0x6a
 1547 0a4c 14       		.uleb128 0x14
 1548 0a4d 290E0000 		.4byte	.LASF275
 1549 0a51 0A       		.byte	0xa
 1550 0a52 78       		.byte	0x78
 1551 0a53 84040000 		.4byte	0x484
 1552 0a57 6C       		.byte	0x6c
 1553 0a58 14       		.uleb128 0x14
 1554 0a59 4C030000 		.4byte	.LASF276
 1555 0a5d 0A       		.byte	0xa
 1556 0a5e 79       		.byte	0x79
 1557 0a5f 84040000 		.4byte	0x484
 1558 0a63 6E       		.byte	0x6e
 1559 0a64 14       		.uleb128 0x14
 1560 0a65 B30C0000 		.4byte	.LASF277
 1561 0a69 0A       		.byte	0xa
 1562 0a6a 7B       		.byte	0x7b
 1563 0a6b 6E040000 		.4byte	0x46e
 1564 0a6f 70       		.byte	0x70
 1565 0a70 14       		.uleb128 0x14
 1566 0a71 C0040000 		.4byte	.LASF278
 1567 0a75 0A       		.byte	0xa
 1568 0a76 7C       		.byte	0x7c
 1569 0a77 6E040000 		.4byte	0x46e
 1570 0a7b 71       		.byte	0x71
 1571 0a7c 14       		.uleb128 0x14
 1572 0a7d 73030000 		.4byte	.LASF279
 1573 0a81 0A       		.byte	0xa
 1574 0a82 7D       		.byte	0x7d
 1575 0a83 6E040000 		.4byte	0x46e
 1576 0a87 72       		.byte	0x72
 1577 0a88 14       		.uleb128 0x14
 1578 0a89 F2010000 		.4byte	.LASF280
 1579 0a8d 0A       		.byte	0xa
 1580 0a8e 7E       		.byte	0x7e
 1581 0a8f 6E040000 		.4byte	0x46e
 1582 0a93 73       		.byte	0x73
 1583 0a94 14       		.uleb128 0x14
 1584 0a95 7D110000 		.4byte	.LASF281
 1585 0a99 0A       		.byte	0xa
 1586 0a9a 80       		.byte	0x80
 1587 0a9b 84040000 		.4byte	0x484
 1588 0a9f 74       		.byte	0x74
 1589 0aa0 14       		.uleb128 0x14
 1590 0aa1 FC0F0000 		.4byte	.LASF282
 1591 0aa5 0A       		.byte	0xa
 1592 0aa6 81       		.byte	0x81
 1593 0aa7 84040000 		.4byte	0x484
 1594 0aab 76       		.byte	0x76
 1595 0aac 14       		.uleb128 0x14
 1596 0aad 870B0000 		.4byte	.LASF283
 1597 0ab1 0A       		.byte	0xa
 1598 0ab2 82       		.byte	0x82
 1599 0ab3 84040000 		.4byte	0x484
 1600 0ab7 78       		.byte	0x78
 1601 0ab8 14       		.uleb128 0x14
ARM GAS  C:\Users\Finik\AppData\Local\Temp\ccnRnT2c.s 			page 92


 1602 0ab9 4C070000 		.4byte	.LASF284
 1603 0abd 0A       		.byte	0xa
 1604 0abe 83       		.byte	0x83
 1605 0abf 84040000 		.4byte	0x484
 1606 0ac3 7A       		.byte	0x7a
 1607 0ac4 14       		.uleb128 0x14
 1608 0ac5 E30C0000 		.4byte	.LASF285
 1609 0ac9 0A       		.byte	0xa
 1610 0aca 86       		.byte	0x86
 1611 0acb 6E040000 		.4byte	0x46e
 1612 0acf 7C       		.byte	0x7c
 1613 0ad0 14       		.uleb128 0x14
 1614 0ad1 31170000 		.4byte	.LASF286
 1615 0ad5 0A       		.byte	0xa
 1616 0ad6 87       		.byte	0x87
 1617 0ad7 6E040000 		.4byte	0x46e
 1618 0adb 7D       		.byte	0x7d
 1619 0adc 14       		.uleb128 0x14
 1620 0add DE060000 		.4byte	.LASF287
 1621 0ae1 0A       		.byte	0xa
 1622 0ae2 88       		.byte	0x88
 1623 0ae3 6E040000 		.4byte	0x46e
 1624 0ae7 7E       		.byte	0x7e
 1625 0ae8 14       		.uleb128 0x14
 1626 0ae9 22060000 		.4byte	.LASF288
 1627 0aed 0A       		.byte	0xa
 1628 0aee 89       		.byte	0x89
 1629 0aef 6E040000 		.4byte	0x46e
 1630 0af3 7F       		.byte	0x7f
 1631 0af4 14       		.uleb128 0x14
 1632 0af5 61070000 		.4byte	.LASF289
 1633 0af9 0A       		.byte	0xa
 1634 0afa 8A       		.byte	0x8a
 1635 0afb 6E040000 		.4byte	0x46e
 1636 0aff 80       		.byte	0x80
 1637 0b00 14       		.uleb128 0x14
 1638 0b01 E3000000 		.4byte	.LASF290
 1639 0b05 0A       		.byte	0xa
 1640 0b06 8D       		.byte	0x8d
 1641 0b07 9A040000 		.4byte	0x49a
 1642 0b0b 84       		.byte	0x84
 1643 0b0c 14       		.uleb128 0x14
 1644 0b0d 120E0000 		.4byte	.LASF291
 1645 0b11 0A       		.byte	0xa
 1646 0b12 8E       		.byte	0x8e
 1647 0b13 9A040000 		.4byte	0x49a
 1648 0b17 88       		.byte	0x88
 1649 0b18 14       		.uleb128 0x14
 1650 0b19 BB0E0000 		.4byte	.LASF292
 1651 0b1d 0A       		.byte	0xa
 1652 0b1e 8F       		.byte	0x8f
 1653 0b1f 9A040000 		.4byte	0x49a
 1654 0b23 8C       		.byte	0x8c
 1655 0b24 14       		.uleb128 0x14
 1656 0b25 8C150000 		.4byte	.LASF293
 1657 0b29 0A       		.byte	0xa
 1658 0b2a 90       		.byte	0x90
ARM GAS  C:\Users\Finik\AppData\Local\Temp\ccnRnT2c.s 			page 93


 1659 0b2b 9A040000 		.4byte	0x49a
 1660 0b2f 90       		.byte	0x90
 1661 0b30 14       		.uleb128 0x14
 1662 0b31 5F130000 		.4byte	.LASF294
 1663 0b35 0A       		.byte	0xa
 1664 0b36 91       		.byte	0x91
 1665 0b37 9A040000 		.4byte	0x49a
 1666 0b3b 94       		.byte	0x94
 1667 0b3c 14       		.uleb128 0x14
 1668 0b3d D5040000 		.4byte	.LASF295
 1669 0b41 0A       		.byte	0xa
 1670 0b42 92       		.byte	0x92
 1671 0b43 9A040000 		.4byte	0x49a
 1672 0b47 98       		.byte	0x98
 1673 0b48 14       		.uleb128 0x14
 1674 0b49 4F140000 		.4byte	.LASF296
 1675 0b4d 0A       		.byte	0xa
 1676 0b4e 93       		.byte	0x93
 1677 0b4f 9A040000 		.4byte	0x49a
 1678 0b53 9C       		.byte	0x9c
 1679 0b54 14       		.uleb128 0x14
 1680 0b55 3B0A0000 		.4byte	.LASF297
 1681 0b59 0A       		.byte	0xa
 1682 0b5a 94       		.byte	0x94
 1683 0b5b 9A040000 		.4byte	0x49a
 1684 0b5f A0       		.byte	0xa0
 1685 0b60 14       		.uleb128 0x14
 1686 0b61 9D010000 		.4byte	.LASF298
 1687 0b65 0A       		.byte	0xa
 1688 0b66 95       		.byte	0x95
 1689 0b67 84040000 		.4byte	0x484
 1690 0b6b A4       		.byte	0xa4
 1691 0b6c 14       		.uleb128 0x14
 1692 0b6d 5E110000 		.4byte	.LASF299
 1693 0b71 0A       		.byte	0xa
 1694 0b72 96       		.byte	0x96
 1695 0b73 84040000 		.4byte	0x484
 1696 0b77 A6       		.byte	0xa6
 1697 0b78 14       		.uleb128 0x14
 1698 0b79 14150000 		.4byte	.LASF300
 1699 0b7d 0A       		.byte	0xa
 1700 0b7e 97       		.byte	0x97
 1701 0b7f 84040000 		.4byte	0x484
 1702 0b83 A8       		.byte	0xa8
 1703 0b84 14       		.uleb128 0x14
 1704 0b85 2A0D0000 		.4byte	.LASF301
 1705 0b89 0A       		.byte	0xa
 1706 0b8a 98       		.byte	0x98
 1707 0b8b 84040000 		.4byte	0x484
 1708 0b8f AA       		.byte	0xaa
 1709 0b90 14       		.uleb128 0x14
 1710 0b91 A0030000 		.4byte	.LASF302
 1711 0b95 0A       		.byte	0xa
 1712 0b96 99       		.byte	0x99
 1713 0b97 84040000 		.4byte	0x484
 1714 0b9b AC       		.byte	0xac
 1715 0b9c 14       		.uleb128 0x14
ARM GAS  C:\Users\Finik\AppData\Local\Temp\ccnRnT2c.s 			page 94


 1716 0b9d 440F0000 		.4byte	.LASF303
 1717 0ba1 0A       		.byte	0xa
 1718 0ba2 9A       		.byte	0x9a
 1719 0ba3 84040000 		.4byte	0x484
 1720 0ba7 AE       		.byte	0xae
 1721 0ba8 14       		.uleb128 0x14
 1722 0ba9 DA140000 		.4byte	.LASF304
 1723 0bad 0A       		.byte	0xa
 1724 0bae 9D       		.byte	0x9d
 1725 0baf 84040000 		.4byte	0x484
 1726 0bb3 B0       		.byte	0xb0
 1727 0bb4 14       		.uleb128 0x14
 1728 0bb5 42160000 		.4byte	.LASF305
 1729 0bb9 0A       		.byte	0xa
 1730 0bba 9E       		.byte	0x9e
 1731 0bbb 9A040000 		.4byte	0x49a
 1732 0bbf B4       		.byte	0xb4
 1733 0bc0 00       		.byte	0
 1734 0bc1 06       		.uleb128 0x6
 1735 0bc2 44150000 		.4byte	.LASF306
 1736 0bc6 0A       		.byte	0xa
 1737 0bc7 9F       		.byte	0x9f
 1738 0bc8 B0070000 		.4byte	0x7b0
 1739 0bcc 10       		.uleb128 0x10
 1740 0bcd B3120000 		.4byte	.LASF307
 1741 0bd1 0B       		.byte	0xb
 1742 0bd2 F601     		.2byte	0x1f6
 1743 0bd4 D80B0000 		.4byte	0xbd8
 1744 0bd8 05       		.uleb128 0x5
 1745 0bd9 01       		.byte	0x1
 1746 0bda 08       		.byte	0x8
 1747 0bdb 16010000 		.4byte	.LASF308
 1748 0bdf 05       		.uleb128 0x5
 1749 0be0 04       		.byte	0x4
 1750 0be1 04       		.byte	0x4
 1751 0be2 5B060000 		.4byte	.LASF309
 1752 0be6 05       		.uleb128 0x5
 1753 0be7 08       		.byte	0x8
 1754 0be8 04       		.byte	0x4
 1755 0be9 97180000 		.4byte	.LASF310
 1756 0bed 17       		.uleb128 0x17
 1757 0bee 08       		.byte	0x8
 1758 0bef 0C       		.byte	0xc
 1759 0bf0 2D01     		.2byte	0x12d
 1760 0bf2 110C0000 		.4byte	0xc11
 1761 0bf6 09       		.uleb128 0x9
 1762 0bf7 A00C0000 		.4byte	.LASF311
 1763 0bfb 0C       		.byte	0xc
 1764 0bfc 2E01     		.2byte	0x12e
 1765 0bfe ED030000 		.4byte	0x3ed
 1766 0c02 00       		.byte	0
 1767 0c03 09       		.uleb128 0x9
 1768 0c04 80140000 		.4byte	.LASF312
 1769 0c08 0C       		.byte	0xc
 1770 0c09 3201     		.2byte	0x132
 1771 0c0b 9A040000 		.4byte	0x49a
 1772 0c0f 04       		.byte	0x4
ARM GAS  C:\Users\Finik\AppData\Local\Temp\ccnRnT2c.s 			page 95


 1773 0c10 00       		.byte	0
 1774 0c11 10       		.uleb128 0x10
 1775 0c12 4C000000 		.4byte	.LASF313
 1776 0c16 0C       		.byte	0xc
 1777 0c17 3301     		.2byte	0x133
 1778 0c19 ED0B0000 		.4byte	0xbed
 1779 0c1d 18       		.uleb128 0x18
 1780 0c1e 01       		.byte	0x1
 1781 0c1f 0A040000 		.4byte	0x40a
 1782 0c23 0D       		.byte	0xd
 1783 0c24 2305     		.2byte	0x523
 1784 0c26 370C0000 		.4byte	0xc37
 1785 0c2a 04       		.uleb128 0x4
 1786 0c2b 14000000 		.4byte	.LASF314
 1787 0c2f 00       		.byte	0
 1788 0c30 04       		.uleb128 0x4
 1789 0c31 EB040000 		.4byte	.LASF315
 1790 0c35 01       		.byte	0x1
 1791 0c36 00       		.byte	0
 1792 0c37 05       		.uleb128 0x5
 1793 0c38 01       		.byte	0x1
 1794 0c39 02       		.byte	0x2
 1795 0c3a 57090000 		.4byte	.LASF316
 1796 0c3e 19       		.uleb128 0x19
 1797 0c3f EC170000 		.4byte	.LASF317
 1798 0c43 03       		.byte	0x3
 1799 0c44 E606     		.2byte	0x6e6
 1800 0c46 03       		.byte	0x3
 1801 0c47 580C0000 		.4byte	0xc58
 1802 0c4b 1A       		.uleb128 0x1a
 1803 0c4c 51100000 		.4byte	.LASF319
 1804 0c50 03       		.byte	0x3
 1805 0c51 E606     		.2byte	0x6e6
 1806 0c53 ED030000 		.4byte	0x3ed
 1807 0c57 00       		.byte	0
 1808 0c58 19       		.uleb128 0x19
 1809 0c59 A7180000 		.4byte	.LASF318
 1810 0c5d 02       		.byte	0x2
 1811 0c5e 3E06     		.2byte	0x63e
 1812 0c60 03       		.byte	0x3
 1813 0c61 7E0C0000 		.4byte	0xc7e
 1814 0c65 1A       		.uleb128 0x1a
 1815 0c66 DE000000 		.4byte	.LASF320
 1816 0c6a 02       		.byte	0x2
 1817 0c6b 3E06     		.2byte	0x63e
 1818 0c6d 7E0C0000 		.4byte	0xc7e
 1819 0c71 1A       		.uleb128 0x1a
 1820 0c72 42170000 		.4byte	.LASF321
 1821 0c76 02       		.byte	0x2
 1822 0c77 3E06     		.2byte	0x63e
 1823 0c79 9A040000 		.4byte	0x49a
 1824 0c7d 00       		.byte	0
 1825 0c7e 1B       		.uleb128 0x1b
 1826 0c7f 04       		.byte	0x4
 1827 0c80 91070000 		.4byte	0x791
 1828 0c84 1C       		.uleb128 0x1c
 1829 0c85 5B180000 		.4byte	.LASF337
ARM GAS  C:\Users\Finik\AppData\Local\Temp\ccnRnT2c.s 			page 96


 1830 0c89 04       		.byte	0x4
 1831 0c8a 81       		.byte	0x81
 1832 0c8b 03       		.byte	0x3
 1833 0c8c 19       		.uleb128 0x19
 1834 0c8d A1150000 		.4byte	.LASF322
 1835 0c91 03       		.byte	0x3
 1836 0c92 8D06     		.2byte	0x68d
 1837 0c94 03       		.byte	0x3
 1838 0c95 A60C0000 		.4byte	0xca6
 1839 0c99 1A       		.uleb128 0x1a
 1840 0c9a 51100000 		.4byte	.LASF319
 1841 0c9e 03       		.byte	0x3
 1842 0c9f 8D06     		.2byte	0x68d
 1843 0ca1 ED030000 		.4byte	0x3ed
 1844 0ca5 00       		.byte	0
 1845 0ca6 19       		.uleb128 0x19
 1846 0ca7 75070000 		.4byte	.LASF323
 1847 0cab 02       		.byte	0x2
 1848 0cac 2503     		.2byte	0x325
 1849 0cae 03       		.byte	0x3
 1850 0caf D80C0000 		.4byte	0xcd8
 1851 0cb3 1A       		.uleb128 0x1a
 1852 0cb4 DE000000 		.4byte	.LASF320
 1853 0cb8 02       		.byte	0x2
 1854 0cb9 2503     		.2byte	0x325
 1855 0cbb 7E0C0000 		.4byte	0xc7e
 1856 0cbf 1A       		.uleb128 0x1a
 1857 0cc0 42170000 		.4byte	.LASF321
 1858 0cc4 02       		.byte	0x2
 1859 0cc5 2503     		.2byte	0x325
 1860 0cc7 9A040000 		.4byte	0x49a
 1861 0ccb 1A       		.uleb128 0x1a
 1862 0ccc 8B080000 		.4byte	.LASF324
 1863 0cd0 02       		.byte	0x2
 1864 0cd1 2503     		.2byte	0x325
 1865 0cd3 9A040000 		.4byte	0x49a
 1866 0cd7 00       		.byte	0
 1867 0cd8 1D       		.uleb128 0x1d
 1868 0cd9 4A110000 		.4byte	.LASF338
 1869 0cdd 01       		.byte	0x1
 1870 0cde 11       		.byte	0x11
 1871 0cdf 00000000 		.4byte	.LFB328
 1872 0ce3 40000000 		.4byte	.LFE328-.LFB328
 1873 0ce7 01       		.uleb128 0x1
 1874 0ce8 9C       		.byte	0x9c
 1875 0ce9 2D0D0000 		.4byte	0xd2d
 1876 0ced 1E       		.uleb128 0x1e
 1877 0cee 580C0000 		.4byte	0xc58
 1878 0cf2 00000000 		.4byte	.LBB18
 1879 0cf6 0A000000 		.4byte	.LBE18-.LBB18
 1880 0cfa 01       		.byte	0x1
 1881 0cfb 14       		.byte	0x14
 1882 0cfc 130D0000 		.4byte	0xd13
 1883 0d00 1F       		.uleb128 0x1f
 1884 0d01 710C0000 		.4byte	0xc71
 1885 0d05 00000000 		.4byte	.LLST0
 1886 0d09 1F       		.uleb128 0x1f
ARM GAS  C:\Users\Finik\AppData\Local\Temp\ccnRnT2c.s 			page 97


 1887 0d0a 650C0000 		.4byte	0xc65
 1888 0d0e 14000000 		.4byte	.LLST1
 1889 0d12 00       		.byte	0
 1890 0d13 20       		.uleb128 0x20
 1891 0d14 3E0C0000 		.4byte	0xc3e
 1892 0d18 10000000 		.4byte	.LBB20
 1893 0d1c 18000000 		.4byte	.LBE20-.LBB20
 1894 0d20 01       		.byte	0x1
 1895 0d21 15       		.byte	0x15
 1896 0d22 1F       		.uleb128 0x1f
 1897 0d23 4B0C0000 		.4byte	0xc4b
 1898 0d27 2C000000 		.4byte	.LLST2
 1899 0d2b 00       		.byte	0
 1900 0d2c 00       		.byte	0
 1901 0d2d 21       		.uleb128 0x21
 1902 0d2e 03180000 		.4byte	.LASF339
 1903 0d32 01       		.byte	0x1
 1904 0d33 1B       		.byte	0x1b
 1905 0d34 60040000 		.4byte	0x460
 1906 0d38 00000000 		.4byte	.LFB329
 1907 0d3c 9C000000 		.4byte	.LFE329-.LFB329
 1908 0d40 01       		.uleb128 0x1
 1909 0d41 9C       		.byte	0x9c
 1910 0d42 600E0000 		.4byte	0xe60
 1911 0d46 22       		.uleb128 0x22
 1912 0d47 9B0A0000 		.4byte	.LASF325
 1913 0d4b 01       		.byte	0x1
 1914 0d4c 1D       		.byte	0x1d
 1915 0d4d 9A040000 		.4byte	0x49a
 1916 0d51 3F000000 		.4byte	.LLST3
 1917 0d55 22       		.uleb128 0x22
 1918 0d56 9D160000 		.4byte	.LASF326
 1919 0d5a 01       		.byte	0x1
 1920 0d5b 1E       		.byte	0x1e
 1921 0d5c 9A040000 		.4byte	0x49a
 1922 0d60 6A000000 		.4byte	.LLST4
 1923 0d64 23       		.uleb128 0x23
 1924 0d65 840C0000 		.4byte	0xc84
 1925 0d69 02000000 		.4byte	.LBB22
 1926 0d6d 02000000 		.4byte	.LBE22-.LBB22
 1927 0d71 01       		.byte	0x1
 1928 0d72 21       		.byte	0x21
 1929 0d73 1E       		.uleb128 0x1e
 1930 0d74 3E0C0000 		.4byte	0xc3e
 1931 0d78 12000000 		.4byte	.LBB24
 1932 0d7c 16000000 		.4byte	.LBE24-.LBB24
 1933 0d80 01       		.byte	0x1
 1934 0d81 25       		.byte	0x25
 1935 0d82 900D0000 		.4byte	0xd90
 1936 0d86 1F       		.uleb128 0x1f
 1937 0d87 4B0C0000 		.4byte	0xc4b
 1938 0d8b 96000000 		.4byte	.LLST5
 1939 0d8f 00       		.byte	0
 1940 0d90 1E       		.uleb128 0x1e
 1941 0d91 8C0C0000 		.4byte	0xc8c
 1942 0d95 28000000 		.4byte	.LBB26
 1943 0d99 16000000 		.4byte	.LBE26-.LBB26
ARM GAS  C:\Users\Finik\AppData\Local\Temp\ccnRnT2c.s 			page 98


 1944 0d9d 01       		.byte	0x1
 1945 0d9e 26       		.byte	0x26
 1946 0d9f AD0D0000 		.4byte	0xdad
 1947 0da3 1F       		.uleb128 0x1f
 1948 0da4 990C0000 		.4byte	0xc99
 1949 0da8 A9000000 		.4byte	.LLST6
 1950 0dac 00       		.byte	0
 1951 0dad 1E       		.uleb128 0x1e
 1952 0dae A60C0000 		.4byte	0xca6
 1953 0db2 66000000 		.4byte	.LBB28
 1954 0db6 06000000 		.4byte	.LBE28-.LBB28
 1955 0dba 01       		.byte	0x1
 1956 0dbb 3D       		.byte	0x3d
 1957 0dbc DC0D0000 		.4byte	0xddc
 1958 0dc0 1F       		.uleb128 0x1f
 1959 0dc1 CB0C0000 		.4byte	0xccb
 1960 0dc5 C8000000 		.4byte	.LLST7
 1961 0dc9 1F       		.uleb128 0x1f
 1962 0dca BF0C0000 		.4byte	0xcbf
 1963 0dce DC000000 		.4byte	.LLST8
 1964 0dd2 1F       		.uleb128 0x1f
 1965 0dd3 B30C0000 		.4byte	0xcb3
 1966 0dd7 F0000000 		.4byte	.LLST9
 1967 0ddb 00       		.byte	0
 1968 0ddc 1E       		.uleb128 0x1e
 1969 0ddd A60C0000 		.4byte	0xca6
 1970 0de1 72000000 		.4byte	.LBB30
 1971 0de5 02000000 		.4byte	.LBE30-.LBB30
 1972 0de9 01       		.byte	0x1
 1973 0dea 3F       		.byte	0x3f
 1974 0deb 0B0E0000 		.4byte	0xe0b
 1975 0def 1F       		.uleb128 0x1f
 1976 0df0 CB0C0000 		.4byte	0xccb
 1977 0df4 08010000 		.4byte	.LLST10
 1978 0df8 1F       		.uleb128 0x1f
 1979 0df9 BF0C0000 		.4byte	0xcbf
 1980 0dfd 1C010000 		.4byte	.LLST11
 1981 0e01 1F       		.uleb128 0x1f
 1982 0e02 B30C0000 		.4byte	0xcb3
 1983 0e06 30010000 		.4byte	.LLST12
 1984 0e0a 00       		.byte	0
 1985 0e0b 24       		.uleb128 0x24
 1986 0e0c 0E000000 		.4byte	.LVL6
 1987 0e10 AD0E0000 		.4byte	0xead
 1988 0e14 280E0000 		.4byte	0xe28
 1989 0e18 25       		.uleb128 0x25
 1990 0e19 01       		.uleb128 0x1
 1991 0e1a 50       		.byte	0x50
 1992 0e1b 02       		.uleb128 0x2
 1993 0e1c 74       		.byte	0x74
 1994 0e1d 00       		.sleb128 0
 1995 0e1e 25       		.uleb128 0x25
 1996 0e1f 01       		.uleb128 0x1
 1997 0e20 51       		.byte	0x51
 1998 0e21 05       		.uleb128 0x5
 1999 0e22 03       		.byte	0x3
 2000 0e23 00000000 		.4byte	Isr_switch
ARM GAS  C:\Users\Finik\AppData\Local\Temp\ccnRnT2c.s 			page 99


 2001 0e27 00       		.byte	0
 2002 0e28 24       		.uleb128 0x24
 2003 0e29 72000000 		.4byte	.LVL16
 2004 0e2d B90E0000 		.4byte	0xeb9
 2005 0e31 3C0E0000 		.4byte	0xe3c
 2006 0e35 25       		.uleb128 0x25
 2007 0e36 01       		.uleb128 0x1
 2008 0e37 50       		.byte	0x50
 2009 0e38 02       		.uleb128 0x2
 2010 0e39 77       		.byte	0x77
 2011 0e3a 00       		.sleb128 0
 2012 0e3b 00       		.byte	0
 2013 0e3c 24       		.uleb128 0x24
 2014 0e3d 7A000000 		.4byte	.LVL18
 2015 0e41 B90E0000 		.4byte	0xeb9
 2016 0e45 500E0000 		.4byte	0xe50
 2017 0e49 25       		.uleb128 0x25
 2018 0e4a 01       		.uleb128 0x1
 2019 0e4b 50       		.byte	0x50
 2020 0e4c 02       		.uleb128 0x2
 2021 0e4d 77       		.byte	0x77
 2022 0e4e 00       		.sleb128 0
 2023 0e4f 00       		.byte	0
 2024 0e50 26       		.uleb128 0x26
 2025 0e51 86000000 		.4byte	.LVL20
 2026 0e55 C50E0000 		.4byte	0xec5
 2027 0e59 25       		.uleb128 0x25
 2028 0e5a 01       		.uleb128 0x1
 2029 0e5b 50       		.byte	0x50
 2030 0e5c 01       		.uleb128 0x1
 2031 0e5d 30       		.byte	0x30
 2032 0e5e 00       		.byte	0
 2033 0e5f 00       		.byte	0
 2034 0e60 27       		.uleb128 0x27
 2035 0e61 1C120000 		.4byte	.LASF327
 2036 0e65 03       		.byte	0x3
 2037 0e66 F907     		.2byte	0x7f9
 2038 0e68 6C0E0000 		.4byte	0xe6c
 2039 0e6c 0E       		.uleb128 0xe
 2040 0e6d 8F040000 		.4byte	0x48f
 2041 0e71 28       		.uleb128 0x28
 2042 0e72 BD000000 		.4byte	.LASF328
 2043 0e76 0A       		.byte	0xa
 2044 0e77 A7       		.byte	0xa7
 2045 0e78 7C0E0000 		.4byte	0xe7c
 2046 0e7c 1B       		.uleb128 0x1b
 2047 0e7d 04       		.byte	0x4
 2048 0e7e 820E0000 		.4byte	0xe82
 2049 0e82 11       		.uleb128 0x11
 2050 0e83 C10B0000 		.4byte	0xbc1
 2051 0e87 28       		.uleb128 0x28
 2052 0e88 9C190000 		.4byte	.LASF329
 2053 0e8c 0E       		.byte	0xe
 2054 0e8d 19       		.byte	0x19
 2055 0e8e 920E0000 		.4byte	0xe92
 2056 0e92 11       		.uleb128 0x11
 2057 0e93 110C0000 		.4byte	0xc11
ARM GAS  C:\Users\Finik\AppData\Local\Temp\ccnRnT2c.s 			page 100


 2058 0e97 29       		.uleb128 0x29
 2059 0e98 3D190000 		.4byte	.LASF330
 2060 0e9c 01       		.byte	0x1
 2061 0e9d 0B       		.byte	0xb
 2062 0e9e A80E0000 		.4byte	0xea8
 2063 0ea2 05       		.uleb128 0x5
 2064 0ea3 03       		.byte	0x3
 2065 0ea4 00000000 		.4byte	interrupt_flag
 2066 0ea8 0E       		.uleb128 0xe
 2067 0ea9 370C0000 		.4byte	0xc37
 2068 0ead 2A       		.uleb128 0x2a
 2069 0eae 8E010000 		.4byte	.LASF331
 2070 0eb2 8E010000 		.4byte	.LASF331
 2071 0eb6 0C       		.byte	0xc
 2072 0eb7 6601     		.2byte	0x166
 2073 0eb9 2A       		.uleb128 0x2a
 2074 0eba 96060000 		.4byte	.LASF332
 2075 0ebe 96060000 		.4byte	.LASF332
 2076 0ec2 0B       		.byte	0xb
 2077 0ec3 8903     		.2byte	0x389
 2078 0ec5 2A       		.uleb128 0x2a
 2079 0ec6 D8100000 		.4byte	.LASF333
 2080 0eca D8100000 		.4byte	.LASF333
 2081 0ece 0D       		.byte	0xd
 2082 0ecf 4806     		.2byte	0x648
 2083 0ed1 00       		.byte	0
 2084              		.section	.debug_abbrev,"",%progbits
 2085              	.Ldebug_abbrev0:
 2086 0000 01       		.uleb128 0x1
 2087 0001 11       		.uleb128 0x11
 2088 0002 01       		.byte	0x1
 2089 0003 25       		.uleb128 0x25
 2090 0004 0E       		.uleb128 0xe
 2091 0005 13       		.uleb128 0x13
 2092 0006 0B       		.uleb128 0xb
 2093 0007 03       		.uleb128 0x3
 2094 0008 0E       		.uleb128 0xe
 2095 0009 1B       		.uleb128 0x1b
 2096 000a 0E       		.uleb128 0xe
 2097 000b 55       		.uleb128 0x55
 2098 000c 17       		.uleb128 0x17
 2099 000d 11       		.uleb128 0x11
 2100 000e 01       		.uleb128 0x1
 2101 000f 10       		.uleb128 0x10
 2102 0010 17       		.uleb128 0x17
 2103 0011 00       		.byte	0
 2104 0012 00       		.byte	0
 2105 0013 02       		.uleb128 0x2
 2106 0014 04       		.uleb128 0x4
 2107 0015 01       		.byte	0x1
 2108 0016 0B       		.uleb128 0xb
 2109 0017 0B       		.uleb128 0xb
 2110 0018 49       		.uleb128 0x49
 2111 0019 13       		.uleb128 0x13
 2112 001a 3A       		.uleb128 0x3a
 2113 001b 0B       		.uleb128 0xb
 2114 001c 3B       		.uleb128 0x3b
ARM GAS  C:\Users\Finik\AppData\Local\Temp\ccnRnT2c.s 			page 101


 2115 001d 0B       		.uleb128 0xb
 2116 001e 01       		.uleb128 0x1
 2117 001f 13       		.uleb128 0x13
 2118 0020 00       		.byte	0
 2119 0021 00       		.byte	0
 2120 0022 03       		.uleb128 0x3
 2121 0023 28       		.uleb128 0x28
 2122 0024 00       		.byte	0
 2123 0025 03       		.uleb128 0x3
 2124 0026 0E       		.uleb128 0xe
 2125 0027 1C       		.uleb128 0x1c
 2126 0028 0D       		.uleb128 0xd
 2127 0029 00       		.byte	0
 2128 002a 00       		.byte	0
 2129 002b 04       		.uleb128 0x4
 2130 002c 28       		.uleb128 0x28
 2131 002d 00       		.byte	0
 2132 002e 03       		.uleb128 0x3
 2133 002f 0E       		.uleb128 0xe
 2134 0030 1C       		.uleb128 0x1c
 2135 0031 0B       		.uleb128 0xb
 2136 0032 00       		.byte	0
 2137 0033 00       		.byte	0
 2138 0034 05       		.uleb128 0x5
 2139 0035 24       		.uleb128 0x24
 2140 0036 00       		.byte	0
 2141 0037 0B       		.uleb128 0xb
 2142 0038 0B       		.uleb128 0xb
 2143 0039 3E       		.uleb128 0x3e
 2144 003a 0B       		.uleb128 0xb
 2145 003b 03       		.uleb128 0x3
 2146 003c 0E       		.uleb128 0xe
 2147 003d 00       		.byte	0
 2148 003e 00       		.byte	0
 2149 003f 06       		.uleb128 0x6
 2150 0040 16       		.uleb128 0x16
 2151 0041 00       		.byte	0
 2152 0042 03       		.uleb128 0x3
 2153 0043 0E       		.uleb128 0xe
 2154 0044 3A       		.uleb128 0x3a
 2155 0045 0B       		.uleb128 0xb
 2156 0046 3B       		.uleb128 0x3b
 2157 0047 0B       		.uleb128 0xb
 2158 0048 49       		.uleb128 0x49
 2159 0049 13       		.uleb128 0x13
 2160 004a 00       		.byte	0
 2161 004b 00       		.byte	0
 2162 004c 07       		.uleb128 0x7
 2163 004d 24       		.uleb128 0x24
 2164 004e 00       		.byte	0
 2165 004f 0B       		.uleb128 0xb
 2166 0050 0B       		.uleb128 0xb
 2167 0051 3E       		.uleb128 0x3e
 2168 0052 0B       		.uleb128 0xb
 2169 0053 03       		.uleb128 0x3
 2170 0054 08       		.uleb128 0x8
 2171 0055 00       		.byte	0
ARM GAS  C:\Users\Finik\AppData\Local\Temp\ccnRnT2c.s 			page 102


 2172 0056 00       		.byte	0
 2173 0057 08       		.uleb128 0x8
 2174 0058 13       		.uleb128 0x13
 2175 0059 01       		.byte	0x1
 2176 005a 0B       		.uleb128 0xb
 2177 005b 05       		.uleb128 0x5
 2178 005c 3A       		.uleb128 0x3a
 2179 005d 0B       		.uleb128 0xb
 2180 005e 3B       		.uleb128 0x3b
 2181 005f 05       		.uleb128 0x5
 2182 0060 01       		.uleb128 0x1
 2183 0061 13       		.uleb128 0x13
 2184 0062 00       		.byte	0
 2185 0063 00       		.byte	0
 2186 0064 09       		.uleb128 0x9
 2187 0065 0D       		.uleb128 0xd
 2188 0066 00       		.byte	0
 2189 0067 03       		.uleb128 0x3
 2190 0068 0E       		.uleb128 0xe
 2191 0069 3A       		.uleb128 0x3a
 2192 006a 0B       		.uleb128 0xb
 2193 006b 3B       		.uleb128 0x3b
 2194 006c 05       		.uleb128 0x5
 2195 006d 49       		.uleb128 0x49
 2196 006e 13       		.uleb128 0x13
 2197 006f 38       		.uleb128 0x38
 2198 0070 0B       		.uleb128 0xb
 2199 0071 00       		.byte	0
 2200 0072 00       		.byte	0
 2201 0073 0A       		.uleb128 0xa
 2202 0074 0D       		.uleb128 0xd
 2203 0075 00       		.byte	0
 2204 0076 03       		.uleb128 0x3
 2205 0077 0E       		.uleb128 0xe
 2206 0078 3A       		.uleb128 0x3a
 2207 0079 0B       		.uleb128 0xb
 2208 007a 3B       		.uleb128 0x3b
 2209 007b 05       		.uleb128 0x5
 2210 007c 49       		.uleb128 0x49
 2211 007d 13       		.uleb128 0x13
 2212 007e 38       		.uleb128 0x38
 2213 007f 05       		.uleb128 0x5
 2214 0080 00       		.byte	0
 2215 0081 00       		.byte	0
 2216 0082 0B       		.uleb128 0xb
 2217 0083 0D       		.uleb128 0xd
 2218 0084 00       		.byte	0
 2219 0085 03       		.uleb128 0x3
 2220 0086 08       		.uleb128 0x8
 2221 0087 3A       		.uleb128 0x3a
 2222 0088 0B       		.uleb128 0xb
 2223 0089 3B       		.uleb128 0x3b
 2224 008a 05       		.uleb128 0x5
 2225 008b 49       		.uleb128 0x49
 2226 008c 13       		.uleb128 0x13
 2227 008d 38       		.uleb128 0x38
 2228 008e 05       		.uleb128 0x5
ARM GAS  C:\Users\Finik\AppData\Local\Temp\ccnRnT2c.s 			page 103


 2229 008f 00       		.byte	0
 2230 0090 00       		.byte	0
 2231 0091 0C       		.uleb128 0xc
 2232 0092 01       		.uleb128 0x1
 2233 0093 01       		.byte	0x1
 2234 0094 49       		.uleb128 0x49
 2235 0095 13       		.uleb128 0x13
 2236 0096 01       		.uleb128 0x1
 2237 0097 13       		.uleb128 0x13
 2238 0098 00       		.byte	0
 2239 0099 00       		.byte	0
 2240 009a 0D       		.uleb128 0xd
 2241 009b 21       		.uleb128 0x21
 2242 009c 00       		.byte	0
 2243 009d 49       		.uleb128 0x49
 2244 009e 13       		.uleb128 0x13
 2245 009f 2F       		.uleb128 0x2f
 2246 00a0 0B       		.uleb128 0xb
 2247 00a1 00       		.byte	0
 2248 00a2 00       		.byte	0
 2249 00a3 0E       		.uleb128 0xe
 2250 00a4 35       		.uleb128 0x35
 2251 00a5 00       		.byte	0
 2252 00a6 49       		.uleb128 0x49
 2253 00a7 13       		.uleb128 0x13
 2254 00a8 00       		.byte	0
 2255 00a9 00       		.byte	0
 2256 00aa 0F       		.uleb128 0xf
 2257 00ab 21       		.uleb128 0x21
 2258 00ac 00       		.byte	0
 2259 00ad 49       		.uleb128 0x49
 2260 00ae 13       		.uleb128 0x13
 2261 00af 2F       		.uleb128 0x2f
 2262 00b0 05       		.uleb128 0x5
 2263 00b1 00       		.byte	0
 2264 00b2 00       		.byte	0
 2265 00b3 10       		.uleb128 0x10
 2266 00b4 16       		.uleb128 0x16
 2267 00b5 00       		.byte	0
 2268 00b6 03       		.uleb128 0x3
 2269 00b7 0E       		.uleb128 0xe
 2270 00b8 3A       		.uleb128 0x3a
 2271 00b9 0B       		.uleb128 0xb
 2272 00ba 3B       		.uleb128 0x3b
 2273 00bb 05       		.uleb128 0x5
 2274 00bc 49       		.uleb128 0x49
 2275 00bd 13       		.uleb128 0x13
 2276 00be 00       		.byte	0
 2277 00bf 00       		.byte	0
 2278 00c0 11       		.uleb128 0x11
 2279 00c1 26       		.uleb128 0x26
 2280 00c2 00       		.byte	0
 2281 00c3 49       		.uleb128 0x49
 2282 00c4 13       		.uleb128 0x13
 2283 00c5 00       		.byte	0
 2284 00c6 00       		.byte	0
 2285 00c7 12       		.uleb128 0x12
ARM GAS  C:\Users\Finik\AppData\Local\Temp\ccnRnT2c.s 			page 104


 2286 00c8 13       		.uleb128 0x13
 2287 00c9 01       		.byte	0x1
 2288 00ca 0B       		.uleb128 0xb
 2289 00cb 0B       		.uleb128 0xb
 2290 00cc 3A       		.uleb128 0x3a
 2291 00cd 0B       		.uleb128 0xb
 2292 00ce 3B       		.uleb128 0x3b
 2293 00cf 0B       		.uleb128 0xb
 2294 00d0 01       		.uleb128 0x1
 2295 00d1 13       		.uleb128 0x13
 2296 00d2 00       		.byte	0
 2297 00d3 00       		.byte	0
 2298 00d4 13       		.uleb128 0x13
 2299 00d5 0D       		.uleb128 0xd
 2300 00d6 00       		.byte	0
 2301 00d7 03       		.uleb128 0x3
 2302 00d8 08       		.uleb128 0x8
 2303 00d9 3A       		.uleb128 0x3a
 2304 00da 0B       		.uleb128 0xb
 2305 00db 3B       		.uleb128 0x3b
 2306 00dc 0B       		.uleb128 0xb
 2307 00dd 49       		.uleb128 0x49
 2308 00de 13       		.uleb128 0x13
 2309 00df 38       		.uleb128 0x38
 2310 00e0 0B       		.uleb128 0xb
 2311 00e1 00       		.byte	0
 2312 00e2 00       		.byte	0
 2313 00e3 14       		.uleb128 0x14
 2314 00e4 0D       		.uleb128 0xd
 2315 00e5 00       		.byte	0
 2316 00e6 03       		.uleb128 0x3
 2317 00e7 0E       		.uleb128 0xe
 2318 00e8 3A       		.uleb128 0x3a
 2319 00e9 0B       		.uleb128 0xb
 2320 00ea 3B       		.uleb128 0x3b
 2321 00eb 0B       		.uleb128 0xb
 2322 00ec 49       		.uleb128 0x49
 2323 00ed 13       		.uleb128 0x13
 2324 00ee 38       		.uleb128 0x38
 2325 00ef 0B       		.uleb128 0xb
 2326 00f0 00       		.byte	0
 2327 00f1 00       		.byte	0
 2328 00f2 15       		.uleb128 0x15
 2329 00f3 13       		.uleb128 0x13
 2330 00f4 01       		.byte	0x1
 2331 00f5 0B       		.uleb128 0xb
 2332 00f6 05       		.uleb128 0x5
 2333 00f7 3A       		.uleb128 0x3a
 2334 00f8 0B       		.uleb128 0xb
 2335 00f9 3B       		.uleb128 0x3b
 2336 00fa 0B       		.uleb128 0xb
 2337 00fb 01       		.uleb128 0x1
 2338 00fc 13       		.uleb128 0x13
 2339 00fd 00       		.byte	0
 2340 00fe 00       		.byte	0
 2341 00ff 16       		.uleb128 0x16
 2342 0100 0D       		.uleb128 0xd
ARM GAS  C:\Users\Finik\AppData\Local\Temp\ccnRnT2c.s 			page 105


 2343 0101 00       		.byte	0
 2344 0102 03       		.uleb128 0x3
 2345 0103 0E       		.uleb128 0xe
 2346 0104 3A       		.uleb128 0x3a
 2347 0105 0B       		.uleb128 0xb
 2348 0106 3B       		.uleb128 0x3b
 2349 0107 0B       		.uleb128 0xb
 2350 0108 49       		.uleb128 0x49
 2351 0109 13       		.uleb128 0x13
 2352 010a 38       		.uleb128 0x38
 2353 010b 05       		.uleb128 0x5
 2354 010c 00       		.byte	0
 2355 010d 00       		.byte	0
 2356 010e 17       		.uleb128 0x17
 2357 010f 13       		.uleb128 0x13
 2358 0110 01       		.byte	0x1
 2359 0111 0B       		.uleb128 0xb
 2360 0112 0B       		.uleb128 0xb
 2361 0113 3A       		.uleb128 0x3a
 2362 0114 0B       		.uleb128 0xb
 2363 0115 3B       		.uleb128 0x3b
 2364 0116 05       		.uleb128 0x5
 2365 0117 01       		.uleb128 0x1
 2366 0118 13       		.uleb128 0x13
 2367 0119 00       		.byte	0
 2368 011a 00       		.byte	0
 2369 011b 18       		.uleb128 0x18
 2370 011c 04       		.uleb128 0x4
 2371 011d 01       		.byte	0x1
 2372 011e 0B       		.uleb128 0xb
 2373 011f 0B       		.uleb128 0xb
 2374 0120 49       		.uleb128 0x49
 2375 0121 13       		.uleb128 0x13
 2376 0122 3A       		.uleb128 0x3a
 2377 0123 0B       		.uleb128 0xb
 2378 0124 3B       		.uleb128 0x3b
 2379 0125 05       		.uleb128 0x5
 2380 0126 01       		.uleb128 0x1
 2381 0127 13       		.uleb128 0x13
 2382 0128 00       		.byte	0
 2383 0129 00       		.byte	0
 2384 012a 19       		.uleb128 0x19
 2385 012b 2E       		.uleb128 0x2e
 2386 012c 01       		.byte	0x1
 2387 012d 03       		.uleb128 0x3
 2388 012e 0E       		.uleb128 0xe
 2389 012f 3A       		.uleb128 0x3a
 2390 0130 0B       		.uleb128 0xb
 2391 0131 3B       		.uleb128 0x3b
 2392 0132 05       		.uleb128 0x5
 2393 0133 27       		.uleb128 0x27
 2394 0134 19       		.uleb128 0x19
 2395 0135 20       		.uleb128 0x20
 2396 0136 0B       		.uleb128 0xb
 2397 0137 01       		.uleb128 0x1
 2398 0138 13       		.uleb128 0x13
 2399 0139 00       		.byte	0
ARM GAS  C:\Users\Finik\AppData\Local\Temp\ccnRnT2c.s 			page 106


 2400 013a 00       		.byte	0
 2401 013b 1A       		.uleb128 0x1a
 2402 013c 05       		.uleb128 0x5
 2403 013d 00       		.byte	0
 2404 013e 03       		.uleb128 0x3
 2405 013f 0E       		.uleb128 0xe
 2406 0140 3A       		.uleb128 0x3a
 2407 0141 0B       		.uleb128 0xb
 2408 0142 3B       		.uleb128 0x3b
 2409 0143 05       		.uleb128 0x5
 2410 0144 49       		.uleb128 0x49
 2411 0145 13       		.uleb128 0x13
 2412 0146 00       		.byte	0
 2413 0147 00       		.byte	0
 2414 0148 1B       		.uleb128 0x1b
 2415 0149 0F       		.uleb128 0xf
 2416 014a 00       		.byte	0
 2417 014b 0B       		.uleb128 0xb
 2418 014c 0B       		.uleb128 0xb
 2419 014d 49       		.uleb128 0x49
 2420 014e 13       		.uleb128 0x13
 2421 014f 00       		.byte	0
 2422 0150 00       		.byte	0
 2423 0151 1C       		.uleb128 0x1c
 2424 0152 2E       		.uleb128 0x2e
 2425 0153 00       		.byte	0
 2426 0154 03       		.uleb128 0x3
 2427 0155 0E       		.uleb128 0xe
 2428 0156 3A       		.uleb128 0x3a
 2429 0157 0B       		.uleb128 0xb
 2430 0158 3B       		.uleb128 0x3b
 2431 0159 0B       		.uleb128 0xb
 2432 015a 27       		.uleb128 0x27
 2433 015b 19       		.uleb128 0x19
 2434 015c 20       		.uleb128 0x20
 2435 015d 0B       		.uleb128 0xb
 2436 015e 00       		.byte	0
 2437 015f 00       		.byte	0
 2438 0160 1D       		.uleb128 0x1d
 2439 0161 2E       		.uleb128 0x2e
 2440 0162 01       		.byte	0x1
 2441 0163 3F       		.uleb128 0x3f
 2442 0164 19       		.uleb128 0x19
 2443 0165 03       		.uleb128 0x3
 2444 0166 0E       		.uleb128 0xe
 2445 0167 3A       		.uleb128 0x3a
 2446 0168 0B       		.uleb128 0xb
 2447 0169 3B       		.uleb128 0x3b
 2448 016a 0B       		.uleb128 0xb
 2449 016b 27       		.uleb128 0x27
 2450 016c 19       		.uleb128 0x19
 2451 016d 11       		.uleb128 0x11
 2452 016e 01       		.uleb128 0x1
 2453 016f 12       		.uleb128 0x12
 2454 0170 06       		.uleb128 0x6
 2455 0171 40       		.uleb128 0x40
 2456 0172 18       		.uleb128 0x18
ARM GAS  C:\Users\Finik\AppData\Local\Temp\ccnRnT2c.s 			page 107


 2457 0173 9742     		.uleb128 0x2117
 2458 0175 19       		.uleb128 0x19
 2459 0176 01       		.uleb128 0x1
 2460 0177 13       		.uleb128 0x13
 2461 0178 00       		.byte	0
 2462 0179 00       		.byte	0
 2463 017a 1E       		.uleb128 0x1e
 2464 017b 1D       		.uleb128 0x1d
 2465 017c 01       		.byte	0x1
 2466 017d 31       		.uleb128 0x31
 2467 017e 13       		.uleb128 0x13
 2468 017f 11       		.uleb128 0x11
 2469 0180 01       		.uleb128 0x1
 2470 0181 12       		.uleb128 0x12
 2471 0182 06       		.uleb128 0x6
 2472 0183 58       		.uleb128 0x58
 2473 0184 0B       		.uleb128 0xb
 2474 0185 59       		.uleb128 0x59
 2475 0186 0B       		.uleb128 0xb
 2476 0187 01       		.uleb128 0x1
 2477 0188 13       		.uleb128 0x13
 2478 0189 00       		.byte	0
 2479 018a 00       		.byte	0
 2480 018b 1F       		.uleb128 0x1f
 2481 018c 05       		.uleb128 0x5
 2482 018d 00       		.byte	0
 2483 018e 31       		.uleb128 0x31
 2484 018f 13       		.uleb128 0x13
 2485 0190 02       		.uleb128 0x2
 2486 0191 17       		.uleb128 0x17
 2487 0192 00       		.byte	0
 2488 0193 00       		.byte	0
 2489 0194 20       		.uleb128 0x20
 2490 0195 1D       		.uleb128 0x1d
 2491 0196 01       		.byte	0x1
 2492 0197 31       		.uleb128 0x31
 2493 0198 13       		.uleb128 0x13
 2494 0199 11       		.uleb128 0x11
 2495 019a 01       		.uleb128 0x1
 2496 019b 12       		.uleb128 0x12
 2497 019c 06       		.uleb128 0x6
 2498 019d 58       		.uleb128 0x58
 2499 019e 0B       		.uleb128 0xb
 2500 019f 59       		.uleb128 0x59
 2501 01a0 0B       		.uleb128 0xb
 2502 01a1 00       		.byte	0
 2503 01a2 00       		.byte	0
 2504 01a3 21       		.uleb128 0x21
 2505 01a4 2E       		.uleb128 0x2e
 2506 01a5 01       		.byte	0x1
 2507 01a6 3F       		.uleb128 0x3f
 2508 01a7 19       		.uleb128 0x19
 2509 01a8 03       		.uleb128 0x3
 2510 01a9 0E       		.uleb128 0xe
 2511 01aa 3A       		.uleb128 0x3a
 2512 01ab 0B       		.uleb128 0xb
 2513 01ac 3B       		.uleb128 0x3b
ARM GAS  C:\Users\Finik\AppData\Local\Temp\ccnRnT2c.s 			page 108


 2514 01ad 0B       		.uleb128 0xb
 2515 01ae 27       		.uleb128 0x27
 2516 01af 19       		.uleb128 0x19
 2517 01b0 49       		.uleb128 0x49
 2518 01b1 13       		.uleb128 0x13
 2519 01b2 8701     		.uleb128 0x87
 2520 01b4 19       		.uleb128 0x19
 2521 01b5 11       		.uleb128 0x11
 2522 01b6 01       		.uleb128 0x1
 2523 01b7 12       		.uleb128 0x12
 2524 01b8 06       		.uleb128 0x6
 2525 01b9 40       		.uleb128 0x40
 2526 01ba 18       		.uleb128 0x18
 2527 01bb 9742     		.uleb128 0x2117
 2528 01bd 19       		.uleb128 0x19
 2529 01be 01       		.uleb128 0x1
 2530 01bf 13       		.uleb128 0x13
 2531 01c0 00       		.byte	0
 2532 01c1 00       		.byte	0
 2533 01c2 22       		.uleb128 0x22
 2534 01c3 34       		.uleb128 0x34
 2535 01c4 00       		.byte	0
 2536 01c5 03       		.uleb128 0x3
 2537 01c6 0E       		.uleb128 0xe
 2538 01c7 3A       		.uleb128 0x3a
 2539 01c8 0B       		.uleb128 0xb
 2540 01c9 3B       		.uleb128 0x3b
 2541 01ca 0B       		.uleb128 0xb
 2542 01cb 49       		.uleb128 0x49
 2543 01cc 13       		.uleb128 0x13
 2544 01cd 02       		.uleb128 0x2
 2545 01ce 17       		.uleb128 0x17
 2546 01cf 00       		.byte	0
 2547 01d0 00       		.byte	0
 2548 01d1 23       		.uleb128 0x23
 2549 01d2 1D       		.uleb128 0x1d
 2550 01d3 00       		.byte	0
 2551 01d4 31       		.uleb128 0x31
 2552 01d5 13       		.uleb128 0x13
 2553 01d6 11       		.uleb128 0x11
 2554 01d7 01       		.uleb128 0x1
 2555 01d8 12       		.uleb128 0x12
 2556 01d9 06       		.uleb128 0x6
 2557 01da 58       		.uleb128 0x58
 2558 01db 0B       		.uleb128 0xb
 2559 01dc 59       		.uleb128 0x59
 2560 01dd 0B       		.uleb128 0xb
 2561 01de 00       		.byte	0
 2562 01df 00       		.byte	0
 2563 01e0 24       		.uleb128 0x24
 2564 01e1 898201   		.uleb128 0x4109
 2565 01e4 01       		.byte	0x1
 2566 01e5 11       		.uleb128 0x11
 2567 01e6 01       		.uleb128 0x1
 2568 01e7 31       		.uleb128 0x31
 2569 01e8 13       		.uleb128 0x13
 2570 01e9 01       		.uleb128 0x1
ARM GAS  C:\Users\Finik\AppData\Local\Temp\ccnRnT2c.s 			page 109


 2571 01ea 13       		.uleb128 0x13
 2572 01eb 00       		.byte	0
 2573 01ec 00       		.byte	0
 2574 01ed 25       		.uleb128 0x25
 2575 01ee 8A8201   		.uleb128 0x410a
 2576 01f1 00       		.byte	0
 2577 01f2 02       		.uleb128 0x2
 2578 01f3 18       		.uleb128 0x18
 2579 01f4 9142     		.uleb128 0x2111
 2580 01f6 18       		.uleb128 0x18
 2581 01f7 00       		.byte	0
 2582 01f8 00       		.byte	0
 2583 01f9 26       		.uleb128 0x26
 2584 01fa 898201   		.uleb128 0x4109
 2585 01fd 01       		.byte	0x1
 2586 01fe 11       		.uleb128 0x11
 2587 01ff 01       		.uleb128 0x1
 2588 0200 31       		.uleb128 0x31
 2589 0201 13       		.uleb128 0x13
 2590 0202 00       		.byte	0
 2591 0203 00       		.byte	0
 2592 0204 27       		.uleb128 0x27
 2593 0205 34       		.uleb128 0x34
 2594 0206 00       		.byte	0
 2595 0207 03       		.uleb128 0x3
 2596 0208 0E       		.uleb128 0xe
 2597 0209 3A       		.uleb128 0x3a
 2598 020a 0B       		.uleb128 0xb
 2599 020b 3B       		.uleb128 0x3b
 2600 020c 05       		.uleb128 0x5
 2601 020d 49       		.uleb128 0x49
 2602 020e 13       		.uleb128 0x13
 2603 020f 3F       		.uleb128 0x3f
 2604 0210 19       		.uleb128 0x19
 2605 0211 3C       		.uleb128 0x3c
 2606 0212 19       		.uleb128 0x19
 2607 0213 00       		.byte	0
 2608 0214 00       		.byte	0
 2609 0215 28       		.uleb128 0x28
 2610 0216 34       		.uleb128 0x34
 2611 0217 00       		.byte	0
 2612 0218 03       		.uleb128 0x3
 2613 0219 0E       		.uleb128 0xe
 2614 021a 3A       		.uleb128 0x3a
 2615 021b 0B       		.uleb128 0xb
 2616 021c 3B       		.uleb128 0x3b
 2617 021d 0B       		.uleb128 0xb
 2618 021e 49       		.uleb128 0x49
 2619 021f 13       		.uleb128 0x13
 2620 0220 3F       		.uleb128 0x3f
 2621 0221 19       		.uleb128 0x19
 2622 0222 3C       		.uleb128 0x3c
 2623 0223 19       		.uleb128 0x19
 2624 0224 00       		.byte	0
 2625 0225 00       		.byte	0
 2626 0226 29       		.uleb128 0x29
 2627 0227 34       		.uleb128 0x34
ARM GAS  C:\Users\Finik\AppData\Local\Temp\ccnRnT2c.s 			page 110


 2628 0228 00       		.byte	0
 2629 0229 03       		.uleb128 0x3
 2630 022a 0E       		.uleb128 0xe
 2631 022b 3A       		.uleb128 0x3a
 2632 022c 0B       		.uleb128 0xb
 2633 022d 3B       		.uleb128 0x3b
 2634 022e 0B       		.uleb128 0xb
 2635 022f 49       		.uleb128 0x49
 2636 0230 13       		.uleb128 0x13
 2637 0231 3F       		.uleb128 0x3f
 2638 0232 19       		.uleb128 0x19
 2639 0233 02       		.uleb128 0x2
 2640 0234 18       		.uleb128 0x18
 2641 0235 00       		.byte	0
 2642 0236 00       		.byte	0
 2643 0237 2A       		.uleb128 0x2a
 2644 0238 2E       		.uleb128 0x2e
 2645 0239 00       		.byte	0
 2646 023a 3F       		.uleb128 0x3f
 2647 023b 19       		.uleb128 0x19
 2648 023c 3C       		.uleb128 0x3c
 2649 023d 19       		.uleb128 0x19
 2650 023e 6E       		.uleb128 0x6e
 2651 023f 0E       		.uleb128 0xe
 2652 0240 03       		.uleb128 0x3
 2653 0241 0E       		.uleb128 0xe
 2654 0242 3A       		.uleb128 0x3a
 2655 0243 0B       		.uleb128 0xb
 2656 0244 3B       		.uleb128 0x3b
 2657 0245 05       		.uleb128 0x5
 2658 0246 00       		.byte	0
 2659 0247 00       		.byte	0
 2660 0248 00       		.byte	0
 2661              		.section	.debug_loc,"",%progbits
 2662              	.Ldebug_loc0:
 2663              	.LLST0:
 2664 0000 00000000 		.4byte	.LVL0
 2665 0004 0A000000 		.4byte	.LVL1
 2666 0008 0200     		.2byte	0x2
 2667 000a 34       		.byte	0x34
 2668 000b 9F       		.byte	0x9f
 2669 000c 00000000 		.4byte	0
 2670 0010 00000000 		.4byte	0
 2671              	.LLST1:
 2672 0014 00000000 		.4byte	.LVL0
 2673 0018 0A000000 		.4byte	.LVL1
 2674 001c 0600     		.2byte	0x6
 2675 001e 0C       		.byte	0xc
 2676 001f 00003240 		.4byte	0x40320000
 2677 0023 9F       		.byte	0x9f
 2678 0024 00000000 		.4byte	0
 2679 0028 00000000 		.4byte	0
 2680              	.LLST2:
 2681 002c 10000000 		.4byte	.LVL2
 2682 0030 1A000000 		.4byte	.LVL3
 2683 0034 0100     		.2byte	0x1
 2684 0036 53       		.byte	0x53
ARM GAS  C:\Users\Finik\AppData\Local\Temp\ccnRnT2c.s 			page 111


 2685 0037 00000000 		.4byte	0
 2686 003b 00000000 		.4byte	0
 2687              	.LLST3:
 2688 003f 02000000 		.4byte	.LVL5
 2689 0043 42000000 		.4byte	.LVL10
 2690 0047 0200     		.2byte	0x2
 2691 0049 30       		.byte	0x30
 2692 004a 9F       		.byte	0x9f
 2693 004b 62000000 		.4byte	.LVL13
 2694 004f 66000000 		.4byte	.LVL14
 2695 0053 0200     		.2byte	0x2
 2696 0055 30       		.byte	0x30
 2697 0056 9F       		.byte	0x9f
 2698 0057 66000000 		.4byte	.LVL14
 2699 005b 9C000000 		.4byte	.LFE329
 2700 005f 0100     		.2byte	0x1
 2701 0061 54       		.byte	0x54
 2702 0062 00000000 		.4byte	0
 2703 0066 00000000 		.4byte	0
 2704              	.LLST4:
 2705 006a 02000000 		.4byte	.LVL5
 2706 006e 42000000 		.4byte	.LVL10
 2707 0072 0400     		.2byte	0x4
 2708 0074 0A       		.byte	0xa
 2709 0075 E803     		.2byte	0x3e8
 2710 0077 9F       		.byte	0x9f
 2711 0078 42000000 		.4byte	.LVL10
 2712 007c 5C000000 		.4byte	.LVL11
 2713 0080 0100     		.2byte	0x1
 2714 0082 57       		.byte	0x57
 2715 0083 5E000000 		.4byte	.LVL12
 2716 0087 9C000000 		.4byte	.LFE329
 2717 008b 0100     		.2byte	0x1
 2718 008d 57       		.byte	0x57
 2719 008e 00000000 		.4byte	0
 2720 0092 00000000 		.4byte	0
 2721              	.LLST5:
 2722 0096 12000000 		.4byte	.LVL7
 2723 009a 28000000 		.4byte	.LVL8
 2724 009e 0100     		.2byte	0x1
 2725 00a0 53       		.byte	0x53
 2726 00a1 00000000 		.4byte	0
 2727 00a5 00000000 		.4byte	0
 2728              	.LLST6:
 2729 00a9 28000000 		.4byte	.LVL8
 2730 00ad 32000000 		.4byte	.LVL9
 2731 00b1 0100     		.2byte	0x1
 2732 00b3 53       		.byte	0x53
 2733 00b4 32000000 		.4byte	.LVL9
 2734 00b8 42000000 		.4byte	.LVL10
 2735 00bc 0200     		.2byte	0x2
 2736 00be 74       		.byte	0x74
 2737 00bf 00       		.sleb128 0
 2738 00c0 00000000 		.4byte	0
 2739 00c4 00000000 		.4byte	0
 2740              	.LLST7:
 2741 00c8 66000000 		.4byte	.LVL14
ARM GAS  C:\Users\Finik\AppData\Local\Temp\ccnRnT2c.s 			page 112


 2742 00cc 6C000000 		.4byte	.LVL15
 2743 00d0 0200     		.2byte	0x2
 2744 00d2 30       		.byte	0x30
 2745 00d3 9F       		.byte	0x9f
 2746 00d4 00000000 		.4byte	0
 2747 00d8 00000000 		.4byte	0
 2748              	.LLST8:
 2749 00dc 66000000 		.4byte	.LVL14
 2750 00e0 6C000000 		.4byte	.LVL15
 2751 00e4 0200     		.2byte	0x2
 2752 00e6 33       		.byte	0x33
 2753 00e7 9F       		.byte	0x9f
 2754 00e8 00000000 		.4byte	0
 2755 00ec 00000000 		.4byte	0
 2756              	.LLST9:
 2757 00f0 66000000 		.4byte	.LVL14
 2758 00f4 6C000000 		.4byte	.LVL15
 2759 00f8 0600     		.2byte	0x6
 2760 00fa 0C       		.byte	0xc
 2761 00fb 00003240 		.4byte	0x40320000
 2762 00ff 9F       		.byte	0x9f
 2763 0100 00000000 		.4byte	0
 2764 0104 00000000 		.4byte	0
 2765              	.LLST10:
 2766 0108 72000000 		.4byte	.LVL16
 2767 010c 74000000 		.4byte	.LVL17
 2768 0110 0200     		.2byte	0x2
 2769 0112 31       		.byte	0x31
 2770 0113 9F       		.byte	0x9f
 2771 0114 00000000 		.4byte	0
 2772 0118 00000000 		.4byte	0
 2773              	.LLST11:
 2774 011c 72000000 		.4byte	.LVL16
 2775 0120 74000000 		.4byte	.LVL17
 2776 0124 0200     		.2byte	0x2
 2777 0126 33       		.byte	0x33
 2778 0127 9F       		.byte	0x9f
 2779 0128 00000000 		.4byte	0
 2780 012c 00000000 		.4byte	0
 2781              	.LLST12:
 2782 0130 72000000 		.4byte	.LVL16
 2783 0134 74000000 		.4byte	.LVL17
 2784 0138 0600     		.2byte	0x6
 2785 013a 0C       		.byte	0xc
 2786 013b 00003240 		.4byte	0x40320000
 2787 013f 9F       		.byte	0x9f
 2788 0140 00000000 		.4byte	0
 2789 0144 00000000 		.4byte	0
 2790              		.section	.debug_aranges,"",%progbits
 2791 0000 24000000 		.4byte	0x24
 2792 0004 0200     		.2byte	0x2
 2793 0006 00000000 		.4byte	.Ldebug_info0
 2794 000a 04       		.byte	0x4
 2795 000b 00       		.byte	0
 2796 000c 0000     		.2byte	0
 2797 000e 0000     		.2byte	0
 2798 0010 00000000 		.4byte	.LFB328
ARM GAS  C:\Users\Finik\AppData\Local\Temp\ccnRnT2c.s 			page 113


 2799 0014 40000000 		.4byte	.LFE328-.LFB328
 2800 0018 00000000 		.4byte	.LFB329
 2801 001c 9C000000 		.4byte	.LFE329-.LFB329
 2802 0020 00000000 		.4byte	0
 2803 0024 00000000 		.4byte	0
 2804              		.section	.debug_ranges,"",%progbits
 2805              	.Ldebug_ranges0:
 2806 0000 00000000 		.4byte	.LFB328
 2807 0004 40000000 		.4byte	.LFE328
 2808 0008 00000000 		.4byte	.LFB329
 2809 000c 9C000000 		.4byte	.LFE329
 2810 0010 00000000 		.4byte	0
 2811 0014 00000000 		.4byte	0
 2812              		.section	.debug_line,"",%progbits
 2813              	.Ldebug_line0:
 2814 0000 D4030000 		.section	.debug_str,"MS",%progbits,1
 2814      02004A03 
 2814      00000201 
 2814      FB0E0D00 
 2814      01010101 
 2815              	.LASF263:
 2816 0000 666C6173 		.ascii	"flashCtlMainWs1Freq\000"
 2816      6843746C 
 2816      4D61696E 
 2816      57733146 
 2816      72657100 
 2817              	.LASF314:
 2818 0014 43595F53 		.ascii	"CY_SYSPM_WAIT_FOR_INTERRUPT\000"
 2818      5953504D 
 2818      5F574149 
 2818      545F464F 
 2818      525F494E 
 2819              	.LASF62:
 2820 0030 63707573 		.ascii	"cpuss_interrupts_dw0_2_IRQn\000"
 2820      735F696E 
 2820      74657272 
 2820      75707473 
 2820      5F647730 
 2821              	.LASF313:
 2822 004c 63795F73 		.ascii	"cy_stc_sysint_t\000"
 2822      74635F73 
 2822      7973696E 
 2822      745F7400 
 2823              	.LASF211:
 2824 005c 5644445F 		.ascii	"VDD_ACTIVE\000"
 2824      41435449 
 2824      564500
 2825              	.LASF207:
 2826 0067 494E5452 		.ascii	"INTR_CAUSE0\000"
 2826      5F434155 
 2826      53453000 
 2827              	.LASF208:
 2828 0073 494E5452 		.ascii	"INTR_CAUSE1\000"
 2828      5F434155 
 2828      53453100 
 2829              	.LASF209:
 2830 007f 494E5452 		.ascii	"INTR_CAUSE2\000"
ARM GAS  C:\Users\Finik\AppData\Local\Temp\ccnRnT2c.s 			page 114


 2830      5F434155 
 2830      53453200 
 2831              	.LASF210:
 2832 008b 494E5452 		.ascii	"INTR_CAUSE3\000"
 2832      5F434155 
 2832      53453300 
 2833              	.LASF123:
 2834 0097 74637077 		.ascii	"tcpwm_1_interrupts_15_IRQn\000"
 2834      6D5F315F 
 2834      696E7465 
 2834      72727570 
 2834      74735F31 
 2835              	.LASF335:
 2836 00b2 6D61696E 		.ascii	"main_cm4.c\000"
 2836      5F636D34 
 2836      2E6300
 2837              	.LASF328:
 2838 00bd 63795F64 		.ascii	"cy_device\000"
 2838      65766963 
 2838      6500
 2839              	.LASF142:
 2840 00c7 7564625F 		.ascii	"udb_interrupts_10_IRQn\000"
 2840      696E7465 
 2840      72727570 
 2840      74735F31 
 2840      305F4952 
 2841              	.LASF320:
 2842 00de 62617365 		.ascii	"base\000"
 2842      00
 2843              	.LASF290:
 2844 00e3 63707573 		.ascii	"cpussCm0ClockCtlOffset\000"
 2844      73436D30 
 2844      436C6F63 
 2844      6B43746C 
 2844      4F666673 
 2845              	.LASF67:
 2846 00fa 63707573 		.ascii	"cpuss_interrupts_dw0_7_IRQn\000"
 2846      735F696E 
 2846      74657272 
 2846      75707473 
 2846      5F647730 
 2847              	.LASF308:
 2848 0116 63686172 		.ascii	"char\000"
 2848      00
 2849              	.LASF36:
 2850 011b 63707573 		.ascii	"cpuss_interrupts_ipc_1_IRQn\000"
 2850      735F696E 
 2850      74657272 
 2850      75707473 
 2850      5F697063 
 2851              	.LASF54:
 2852 0137 7363625F 		.ascii	"scb_3_interrupt_IRQn\000"
 2852      335F696E 
 2852      74657272 
 2852      7570745F 
 2852      4952516E 
 2853              	.LASF84:
ARM GAS  C:\Users\Finik\AppData\Local\Temp\ccnRnT2c.s 			page 115


 2854 014c 63707573 		.ascii	"cpuss_interrupts_dw1_8_IRQn\000"
 2854      735F696E 
 2854      74657272 
 2854      75707473 
 2854      5F647731 
 2855              	.LASF90:
 2856 0168 63707573 		.ascii	"cpuss_interrupts_dw1_14_IRQn\000"
 2856      735F696E 
 2856      74657272 
 2856      75707473 
 2856      5F647731 
 2857              	.LASF222:
 2858 0185 70657269 		.ascii	"periBase\000"
 2858      42617365 
 2858      00
 2859              	.LASF331:
 2860 018e 43795F53 		.ascii	"Cy_SysInt_Init\000"
 2860      7973496E 
 2860      745F496E 
 2860      697400
 2861              	.LASF298:
 2862 019d 63707573 		.ascii	"cpussCm0NmiCtlOffset\000"
 2862      73436D30 
 2862      4E6D6943 
 2862      746C4F66 
 2862      66736574 
 2863              	.LASF268:
 2864 01b2 64774368 		.ascii	"dwChSize\000"
 2864      53697A65 
 2864      00
 2865              	.LASF172:
 2866 01bb 756E7369 		.ascii	"unsigned int\000"
 2866      676E6564 
 2866      20696E74 
 2866      00
 2867              	.LASF46:
 2868 01c8 63707573 		.ascii	"cpuss_interrupts_ipc_11_IRQn\000"
 2868      735F696E 
 2868      74657272 
 2868      75707473 
 2868      5F697063 
 2869              	.LASF250:
 2870 01e5 736D6966 		.ascii	"smifDeviceNr\000"
 2870      44657669 
 2870      63654E72 
 2870      00
 2871              	.LASF280:
 2872 01f2 70657269 		.ascii	"periDivCmdPaTypeSelPos\000"
 2872      44697643 
 2872      6D645061 
 2872      54797065 
 2872      53656C50 
 2873              	.LASF115:
 2874 0209 74637077 		.ascii	"tcpwm_1_interrupts_7_IRQn\000"
 2874      6D5F315F 
 2874      696E7465 
 2874      72727570 
ARM GAS  C:\Users\Finik\AppData\Local\Temp\ccnRnT2c.s 			page 116


 2874      74735F37 
 2875              	.LASF202:
 2876 0223 4346475F 		.ascii	"CFG_SIO\000"
 2876      53494F00 
 2877              	.LASF166:
 2878 022b 5F5F696E 		.ascii	"__int32_t\000"
 2878      7433325F 
 2878      7400
 2879              	.LASF33:
 2880 0235 70617373 		.ascii	"pass_interrupt_ctbs_IRQn\000"
 2880      5F696E74 
 2880      65727275 
 2880      70745F63 
 2880      7462735F 
 2881              	.LASF246:
 2882 024e 73727373 		.ascii	"srssNumClkpath\000"
 2882      4E756D43 
 2882      6C6B7061 
 2882      746800
 2883              	.LASF220:
 2884 025d 63707573 		.ascii	"cpussBase\000"
 2884      73426173 
 2884      6500
 2885              	.LASF244:
 2886 0267 63707573 		.ascii	"cpussFmIrq\000"
 2886      73466D49 
 2886      727100
 2887              	.LASF30:
 2888 0272 73727373 		.ascii	"srss_interrupt_mcwdt_1_IRQn\000"
 2888      5F696E74 
 2888      65727275 
 2888      70745F6D 
 2888      63776474 
 2889              	.LASF12:
 2890 028e 696F7373 		.ascii	"ioss_interrupts_gpio_2_IRQn\000"
 2890      5F696E74 
 2890      65727275 
 2890      7074735F 
 2890      6770696F 
 2891              	.LASF245:
 2892 02aa 63707573 		.ascii	"cpussNotConnectedIrq\000"
 2892      734E6F74 
 2892      436F6E6E 
 2892      65637465 
 2892      64497271 
 2893              	.LASF73:
 2894 02bf 63707573 		.ascii	"cpuss_interrupts_dw0_13_IRQn\000"
 2894      735F696E 
 2894      74657272 
 2894      75707473 
 2894      5F647730 
 2895              	.LASF158:
 2896 02dc 73686F72 		.ascii	"short int\000"
 2896      7420696E 
 2896      7400
 2897              	.LASF25:
 2898 02e6 696F7373 		.ascii	"ioss_interrupt_gpio_IRQn\000"
ARM GAS  C:\Users\Finik\AppData\Local\Temp\ccnRnT2c.s 			page 117


 2898      5F696E74 
 2898      65727275 
 2898      70745F67 
 2898      70696F5F 
 2899              	.LASF149:
 2900 02ff 61756469 		.ascii	"audioss_interrupt_i2s_IRQn\000"
 2900      6F73735F 
 2900      696E7465 
 2900      72727570 
 2900      745F6932 
 2901              	.LASF129:
 2902 031a 74637077 		.ascii	"tcpwm_1_interrupts_21_IRQn\000"
 2902      6D5F315F 
 2902      696E7465 
 2902      72727570 
 2902      74735F32 
 2903              	.LASF146:
 2904 0335 7564625F 		.ascii	"udb_interrupts_14_IRQn\000"
 2904      696E7465 
 2904      72727570 
 2904      74735F31 
 2904      345F4952 
 2905              	.LASF276:
 2906 034c 70657269 		.ascii	"periTrGrSize\000"
 2906      54724772 
 2906      53697A65 
 2906      00
 2907              	.LASF107:
 2908 0359 74637077 		.ascii	"tcpwm_0_interrupts_7_IRQn\000"
 2908      6D5F305F 
 2908      696E7465 
 2908      72727570 
 2908      74735F37 
 2909              	.LASF279:
 2910 0373 70657269 		.ascii	"periDivCmdPaDivSelPos\000"
 2910      44697643 
 2910      6D645061 
 2910      44697653 
 2910      656C506F 
 2911              	.LASF198:
 2912 0389 494E5452 		.ascii	"INTR_SET\000"
 2912      5F534554 
 2912      00
 2913              	.LASF256:
 2914 0392 63727970 		.ascii	"cryptoMemSize\000"
 2914      746F4D65 
 2914      6D53697A 
 2914      6500
 2915              	.LASF302:
 2916 03a0 63707573 		.ascii	"cpussRam1Ctl0\000"
 2916      7352616D 
 2916      3143746C 
 2916      3000
 2917              	.LASF76:
 2918 03ae 63707573 		.ascii	"cpuss_interrupts_dw1_0_IRQn\000"
 2918      735F696E 
 2918      74657272 
ARM GAS  C:\Users\Finik\AppData\Local\Temp\ccnRnT2c.s 			page 118


 2918      75707473 
 2918      5F647731 
 2919              	.LASF102:
 2920 03ca 74637077 		.ascii	"tcpwm_0_interrupts_2_IRQn\000"
 2920      6D5F305F 
 2920      696E7465 
 2920      72727570 
 2920      74735F32 
 2921              	.LASF8:
 2922 03e4 50656E64 		.ascii	"PendSV_IRQn\000"
 2922      53565F49 
 2922      52516E00 
 2923              	.LASF334:
 2924 03f0 474E5520 		.ascii	"GNU C11 5.4.1 20160609 (release) [ARM/embedded-5-br"
 2924      43313120 
 2924      352E342E 
 2924      31203230 
 2924      31363036 
 2925 0423 616E6368 		.ascii	"anch revision 237715] -mcpu=cortex-m4 -mfloat-abi=s"
 2925      20726576 
 2925      6973696F 
 2925      6E203233 
 2925      37373135 
 2926 0456 6F667466 		.ascii	"oftfp -mfpu=fpv4-sp-d16 -mthumb -g -Og -ffunction-s"
 2926      70202D6D 
 2926      6670753D 
 2926      66707634 
 2926      2D73702D 
 2927 0489 65637469 		.ascii	"ections -ffat-lto-objects\000"
 2927      6F6E7320 
 2927      2D666661 
 2927      742D6C74 
 2927      6F2D6F62 
 2928              	.LASF238:
 2929 04a3 70726F74 		.ascii	"protVersion\000"
 2929      56657273 
 2929      696F6E00 
 2930              	.LASF203:
 2931 04af 52455345 		.ascii	"RESERVED\000"
 2931      52564544 
 2931      00
 2932              	.LASF174:
 2933 04b8 696E7431 		.ascii	"int16_t\000"
 2933      365F7400 
 2934              	.LASF278:
 2935 04c0 70657269 		.ascii	"periDivCmdTypeSelPos\000"
 2935      44697643 
 2935      6D645479 
 2935      70655365 
 2935      6C506F73 
 2936              	.LASF295:
 2937 04d5 63707573 		.ascii	"cpussTrimRamCtlOffset\000"
 2937      73547269 
 2937      6D52616D 
 2937      43746C4F 
 2937      66667365 
 2938              	.LASF315:
ARM GAS  C:\Users\Finik\AppData\Local\Temp\ccnRnT2c.s 			page 119


 2939 04eb 43595F53 		.ascii	"CY_SYSPM_WAIT_FOR_EVENT\000"
 2939      5953504D 
 2939      5F574149 
 2939      545F464F 
 2939      525F4556 
 2940              	.LASF200:
 2941 0503 4346475F 		.ascii	"CFG_IN\000"
 2941      494E00
 2942              	.LASF28:
 2943 050a 7363625F 		.ascii	"scb_8_interrupt_IRQn\000"
 2943      385F696E 
 2943      74657272 
 2943      7570745F 
 2943      4952516E 
 2944              	.LASF3:
 2945 051f 4D656D6F 		.ascii	"MemoryManagement_IRQn\000"
 2945      72794D61 
 2945      6E616765 
 2945      6D656E74 
 2945      5F495251 
 2946              	.LASF125:
 2947 0535 74637077 		.ascii	"tcpwm_1_interrupts_17_IRQn\000"
 2947      6D5F315F 
 2947      696E7465 
 2947      72727570 
 2947      74735F31 
 2948              	.LASF336:
 2949 0550 433A5C55 		.ascii	"C:\\Users\\Finik\\Desktop\\uni_labs_4\\Neiro\\Embed"
 2949      73657273 
 2949      5C46696E 
 2949      696B5C44 
 2949      65736B74 
 2950 057d 5C50726F 		.ascii	"\\Proj_4.cydsn\000"
 2950      6A5F342E 
 2950      63796473 
 2950      6E00
 2951              	.LASF134:
 2952 058b 7564625F 		.ascii	"udb_interrupts_2_IRQn\000"
 2952      696E7465 
 2952      72727570 
 2952      74735F32 
 2952      5F495251 
 2953              	.LASF177:
 2954 05a1 75696E74 		.ascii	"uint32_t\000"
 2954      33325F74 
 2954      00
 2955              	.LASF120:
 2956 05aa 74637077 		.ascii	"tcpwm_1_interrupts_12_IRQn\000"
 2956      6D5F315F 
 2956      696E7465 
 2956      72727570 
 2956      74735F31 
 2957              	.LASF17:
 2958 05c5 696F7373 		.ascii	"ioss_interrupts_gpio_7_IRQn\000"
 2958      5F696E74 
 2958      65727275 
 2958      7074735F 
ARM GAS  C:\Users\Finik\AppData\Local\Temp\ccnRnT2c.s 			page 120


 2958      6770696F 
 2959              	.LASF23:
 2960 05e1 696F7373 		.ascii	"ioss_interrupts_gpio_13_IRQn\000"
 2960      5F696E74 
 2960      65727275 
 2960      7074735F 
 2960      6770696F 
 2961              	.LASF216:
 2962 05fe 4750494F 		.ascii	"GPIO_V1_Type\000"
 2962      5F56315F 
 2962      54797065 
 2962      00
 2963              	.LASF147:
 2964 060b 7564625F 		.ascii	"udb_interrupts_15_IRQn\000"
 2964      696E7465 
 2964      72727570 
 2964      74735F31 
 2964      355F4952 
 2965              	.LASF288:
 2966 0622 6770696F 		.ascii	"gpioPrtCfgOutOffset\000"
 2966      50727443 
 2966      66674F75 
 2966      744F6666 
 2966      73657400 
 2967              	.LASF178:
 2968 0636 49534552 		.ascii	"ISER\000"
 2968      00
 2969              	.LASF97:
 2970 063b 63707573 		.ascii	"cpuss_interrupts_cm0_cti_1_IRQn\000"
 2970      735F696E 
 2970      74657272 
 2970      75707473 
 2970      5F636D30 
 2971              	.LASF309:
 2972 065b 666C6F61 		.ascii	"float\000"
 2972      7400
 2973              	.LASF231:
 2974 0661 63727970 		.ascii	"cryptoVersion\000"
 2974      746F5665 
 2974      7273696F 
 2974      6E00
 2975              	.LASF260:
 2976 066f 666C6173 		.ascii	"flashProgramDelay\000"
 2976      6850726F 
 2976      6772616D 
 2976      44656C61 
 2976      7900
 2977              	.LASF55:
 2978 0681 7363625F 		.ascii	"scb_4_interrupt_IRQn\000"
 2978      345F696E 
 2978      74657272 
 2978      7570745F 
 2978      4952516E 
 2979              	.LASF332:
 2980 0696 43795F53 		.ascii	"Cy_SysLib_Delay\000"
 2980      79734C69 
 2980      625F4465 
ARM GAS  C:\Users\Finik\AppData\Local\Temp\ccnRnT2c.s 			page 121


 2980      6C617900 
 2981              	.LASF181:
 2982 06a6 52534552 		.ascii	"RSERVED1\000"
 2982      56454431 
 2982      00
 2983              	.LASF192:
 2984 06af 4F55545F 		.ascii	"OUT_CLR\000"
 2984      434C5200 
 2985              	.LASF221:
 2986 06b7 666C6173 		.ascii	"flashcBase\000"
 2986      68634261 
 2986      736500
 2987              	.LASF81:
 2988 06c2 63707573 		.ascii	"cpuss_interrupts_dw1_5_IRQn\000"
 2988      735F696E 
 2988      74657272 
 2988      75707473 
 2988      5F647731 
 2989              	.LASF287:
 2990 06de 6770696F 		.ascii	"gpioPrtCfgInOffset\000"
 2990      50727443 
 2990      6667496E 
 2990      4F666673 
 2990      657400
 2991              	.LASF87:
 2992 06f1 63707573 		.ascii	"cpuss_interrupts_dw1_11_IRQn\000"
 2992      735F696E 
 2992      74657272 
 2992      75707473 
 2992      5F647731 
 2993              	.LASF154:
 2994 070e 7573625F 		.ascii	"usb_interrupt_med_IRQn\000"
 2994      696E7465 
 2994      72727570 
 2994      745F6D65 
 2994      645F4952 
 2995              	.LASF259:
 2996 0725 666C6173 		.ascii	"flashWriteDelay\000"
 2996      68577269 
 2996      74654465 
 2996      6C617900 
 2997              	.LASF171:
 2998 0735 6C6F6E67 		.ascii	"long long unsigned int\000"
 2998      206C6F6E 
 2998      6720756E 
 2998      7369676E 
 2998      65642069 
 2999              	.LASF284:
 3000 074c 70657269 		.ascii	"periDiv24_5CtlOffset\000"
 3000      44697632 
 3000      345F3543 
 3000      746C4F66 
 3000      66736574 
 3001              	.LASF289:
 3002 0761 6770696F 		.ascii	"gpioPrtCfgSioOffset\000"
 3002      50727443 
 3002      66675369 
ARM GAS  C:\Users\Finik\AppData\Local\Temp\ccnRnT2c.s 			page 122


 3002      6F4F6666 
 3002      73657400 
 3003              	.LASF323:
 3004 0775 43795F47 		.ascii	"Cy_GPIO_Write\000"
 3004      50494F5F 
 3004      57726974 
 3004      6500
 3005              	.LASF48:
 3006 0783 63707573 		.ascii	"cpuss_interrupts_ipc_13_IRQn\000"
 3006      735F696E 
 3006      74657272 
 3006      75707473 
 3006      5F697063 
 3007              	.LASF243:
 3008 07a0 63707573 		.ascii	"cpussIpc0Irq\000"
 3008      73497063 
 3008      30497271 
 3008      00
 3009              	.LASF31:
 3010 07ad 73727373 		.ascii	"srss_interrupt_backup_IRQn\000"
 3010      5F696E74 
 3010      65727275 
 3010      70745F62 
 3010      61636B75 
 3011              	.LASF117:
 3012 07c8 74637077 		.ascii	"tcpwm_1_interrupts_9_IRQn\000"
 3012      6D5F315F 
 3012      696E7465 
 3012      72727570 
 3012      74735F39 
 3013              	.LASF164:
 3014 07e2 5F5F7569 		.ascii	"__uint16_t\000"
 3014      6E743136 
 3014      5F7400
 3015              	.LASF6:
 3016 07ed 53564361 		.ascii	"SVCall_IRQn\000"
 3016      6C6C5F49 
 3016      52516E00 
 3017              	.LASF51:
 3018 07f9 7363625F 		.ascii	"scb_0_interrupt_IRQn\000"
 3018      305F696E 
 3018      74657272 
 3018      7570745F 
 3018      4952516E 
 3019              	.LASF112:
 3020 080e 74637077 		.ascii	"tcpwm_1_interrupts_4_IRQn\000"
 3020      6D5F315F 
 3020      696E7465 
 3020      72727570 
 3020      74735F34 
 3021              	.LASF59:
 3022 0828 6373645F 		.ascii	"csd_interrupt_IRQn\000"
 3022      696E7465 
 3022      72727570 
 3022      745F4952 
 3022      516E00
 3023              	.LASF151:
ARM GAS  C:\Users\Finik\AppData\Local\Temp\ccnRnT2c.s 			page 123


 3024 083b 70726F66 		.ascii	"profile_interrupt_IRQn\000"
 3024      696C655F 
 3024      696E7465 
 3024      72727570 
 3024      745F4952 
 3025              	.LASF21:
 3026 0852 696F7373 		.ascii	"ioss_interrupts_gpio_11_IRQn\000"
 3026      5F696E74 
 3026      65727275 
 3026      7074735F 
 3026      6770696F 
 3027              	.LASF43:
 3028 086f 63707573 		.ascii	"cpuss_interrupts_ipc_8_IRQn\000"
 3028      735F696E 
 3028      74657272 
 3028      75707473 
 3028      5F697063 
 3029              	.LASF324:
 3030 088b 76616C75 		.ascii	"value\000"
 3030      6500
 3031              	.LASF201:
 3032 0891 4346475F 		.ascii	"CFG_OUT\000"
 3032      4F555400 
 3033              	.LASF92:
 3034 0899 63707573 		.ascii	"cpuss_interrupts_fault_0_IRQn\000"
 3034      735F696E 
 3034      74657272 
 3034      75707473 
 3034      5F666175 
 3035              	.LASF265:
 3036 08b7 666C6173 		.ascii	"flashCtlMainWs3Freq\000"
 3036      6843746C 
 3036      4D61696E 
 3036      57733346 
 3036      72657100 
 3037              	.LASF160:
 3038 08cb 4952516E 		.ascii	"IRQn_Type\000"
 3038      5F547970 
 3038      6500
 3039              	.LASF247:
 3040 08d5 73727373 		.ascii	"srssNumPll\000"
 3040      4E756D50 
 3040      6C6C00
 3041              	.LASF143:
 3042 08e0 7564625F 		.ascii	"udb_interrupts_11_IRQn\000"
 3042      696E7465 
 3042      72727570 
 3042      74735F31 
 3042      315F4952 
 3043              	.LASF37:
 3044 08f7 63707573 		.ascii	"cpuss_interrupts_ipc_2_IRQn\000"
 3044      735F696E 
 3044      74657272 
 3044      75707473 
 3044      5F697063 
 3045              	.LASF193:
 3046 0913 4F55545F 		.ascii	"OUT_SET\000"
ARM GAS  C:\Users\Finik\AppData\Local\Temp\ccnRnT2c.s 			page 124


 3046      53455400 
 3047              	.LASF104:
 3048 091b 74637077 		.ascii	"tcpwm_0_interrupts_4_IRQn\000"
 3048      6D5F305F 
 3048      696E7465 
 3048      72727570 
 3048      74735F34 
 3049              	.LASF258:
 3050 0935 666C6173 		.ascii	"flashPipeRequired\000"
 3050      68506970 
 3050      65526571 
 3050      75697265 
 3050      6400
 3051              	.LASF273:
 3052 0947 70657269 		.ascii	"periTrCmdOffset\000"
 3052      5472436D 
 3052      644F6666 
 3052      73657400 
 3053              	.LASF316:
 3054 0957 5F426F6F 		.ascii	"_Bool\000"
 3054      6C00
 3055              	.LASF262:
 3056 095d 666C6173 		.ascii	"flashCtlMainWs0Freq\000"
 3056      6843746C 
 3056      4D61696E 
 3056      57733046 
 3056      72657100 
 3057              	.LASF212:
 3058 0971 5644445F 		.ascii	"VDD_INTR\000"
 3058      494E5452 
 3058      00
 3059              	.LASF226:
 3060 097a 6770696F 		.ascii	"gpioBase\000"
 3060      42617365 
 3060      00
 3061              	.LASF156:
 3062 0983 70617373 		.ascii	"pass_interrupt_dacs_IRQn\000"
 3062      5F696E74 
 3062      65727275 
 3062      70745F64 
 3062      6163735F 
 3063              	.LASF109:
 3064 099c 74637077 		.ascii	"tcpwm_1_interrupts_1_IRQn\000"
 3064      6D5F315F 
 3064      696E7465 
 3064      72727570 
 3064      74735F31 
 3065              	.LASF136:
 3066 09b6 7564625F 		.ascii	"udb_interrupts_4_IRQn\000"
 3066      696E7465 
 3066      72727570 
 3066      74735F34 
 3066      5F495251 
 3067              	.LASF150:
 3068 09cc 61756469 		.ascii	"audioss_interrupt_pdm_IRQn\000"
 3068      6F73735F 
 3068      696E7465 
ARM GAS  C:\Users\Finik\AppData\Local\Temp\ccnRnT2c.s 			page 125


 3068      72727570 
 3068      745F7064 
 3069              	.LASF70:
 3070 09e7 63707573 		.ascii	"cpuss_interrupts_dw0_10_IRQn\000"
 3070      735F696E 
 3070      74657272 
 3070      75707473 
 3070      5F647730 
 3071              	.LASF122:
 3072 0a04 74637077 		.ascii	"tcpwm_1_interrupts_14_IRQn\000"
 3072      6D5F315F 
 3072      696E7465 
 3072      72727570 
 3072      74735F31 
 3073              	.LASF19:
 3074 0a1f 696F7373 		.ascii	"ioss_interrupts_gpio_9_IRQn\000"
 3074      5F696E74 
 3074      65727275 
 3074      7074735F 
 3074      6770696F 
 3075              	.LASF297:
 3076 0a3b 63707573 		.ascii	"cpussSysTickCtlOffset\000"
 3076      73537973 
 3076      5469636B 
 3076      43746C4F 
 3076      66667365 
 3077              	.LASF195:
 3078 0a51 494E5452 		.ascii	"INTR\000"
 3078      00
 3079              	.LASF217:
 3080 0a56 4750494F 		.ascii	"GPIO_PRT_Type\000"
 3080      5F505254 
 3080      5F547970 
 3080      6500
 3081              	.LASF271:
 3082 0a64 64775374 		.ascii	"dwStatusChIdxPos\000"
 3082      61747573 
 3082      43684964 
 3082      78506F73 
 3082      00
 3083              	.LASF196:
 3084 0a75 494E5452 		.ascii	"INTR_MASK\000"
 3084      5F4D4153 
 3084      4B00
 3085              	.LASF66:
 3086 0a7f 63707573 		.ascii	"cpuss_interrupts_dw0_6_IRQn\000"
 3086      735F696E 
 3086      74657272 
 3086      75707473 
 3086      5F647730 
 3087              	.LASF325:
 3088 0a9b 636F756E 		.ascii	"count\000"
 3088      7400
 3089              	.LASF14:
 3090 0aa1 696F7373 		.ascii	"ioss_interrupts_gpio_4_IRQn\000"
 3090      5F696E74 
 3090      65727275 
ARM GAS  C:\Users\Finik\AppData\Local\Temp\ccnRnT2c.s 			page 126


 3090      7074735F 
 3090      6770696F 
 3091              	.LASF20:
 3092 0abd 696F7373 		.ascii	"ioss_interrupts_gpio_10_IRQn\000"
 3092      5F696E74 
 3092      65727275 
 3092      7074735F 
 3092      6770696F 
 3093              	.LASF75:
 3094 0ada 63707573 		.ascii	"cpuss_interrupts_dw0_15_IRQn\000"
 3094      735F696E 
 3094      74657272 
 3094      75707473 
 3094      5F647730 
 3095              	.LASF32:
 3096 0af7 73727373 		.ascii	"srss_interrupt_IRQn\000"
 3096      5F696E74 
 3096      65727275 
 3096      70745F49 
 3096      52516E00 
 3097              	.LASF242:
 3098 0b0b 63707573 		.ascii	"cpussFlashPaSize\000"
 3098      73466C61 
 3098      73685061 
 3098      53697A65 
 3098      00
 3099              	.LASF83:
 3100 0b1c 63707573 		.ascii	"cpuss_interrupts_dw1_7_IRQn\000"
 3100      735F696E 
 3100      74657272 
 3100      75707473 
 3100      5F647731 
 3101              	.LASF89:
 3102 0b38 63707573 		.ascii	"cpuss_interrupts_dw1_13_IRQn\000"
 3102      735F696E 
 3102      74657272 
 3102      75707473 
 3102      5F647731 
 3103              	.LASF61:
 3104 0b55 63707573 		.ascii	"cpuss_interrupts_dw0_1_IRQn\000"
 3104      735F696E 
 3104      74657272 
 3104      75707473 
 3104      5F647730 
 3105              	.LASF139:
 3106 0b71 7564625F 		.ascii	"udb_interrupts_7_IRQn\000"
 3106      696E7465 
 3106      72727570 
 3106      74735F37 
 3106      5F495251 
 3107              	.LASF283:
 3108 0b87 70657269 		.ascii	"periDiv16_5CtlOffset\000"
 3108      44697631 
 3108      365F3543 
 3108      746C4F66 
 3108      66736574 
 3109              	.LASF157:
ARM GAS  C:\Users\Finik\AppData\Local\Temp\ccnRnT2c.s 			page 127


 3110 0b9c 756E636F 		.ascii	"unconnected_IRQn\000"
 3110      6E6E6563 
 3110      7465645F 
 3110      4952516E 
 3110      00
 3111              	.LASF78:
 3112 0bad 63707573 		.ascii	"cpuss_interrupts_dw1_2_IRQn\000"
 3112      735F696E 
 3112      74657272 
 3112      75707473 
 3112      5F647731 
 3113              	.LASF254:
 3114 0bc9 73797350 		.ascii	"sysPmSimoPresent\000"
 3114      6D53696D 
 3114      6F507265 
 3114      73656E74 
 3114      00
 3115              	.LASF155:
 3116 0bda 7573625F 		.ascii	"usb_interrupt_lo_IRQn\000"
 3116      696E7465 
 3116      72727570 
 3116      745F6C6F 
 3116      5F495251 
 3117              	.LASF45:
 3118 0bf0 63707573 		.ascii	"cpuss_interrupts_ipc_10_IRQn\000"
 3118      735F696E 
 3118      74657272 
 3118      75707473 
 3118      5F697063 
 3119              	.LASF95:
 3120 0c0d 63707573 		.ascii	"cpuss_interrupt_fm_IRQn\000"
 3120      735F696E 
 3120      74657272 
 3120      7570745F 
 3120      666D5F49 
 3121              	.LASF114:
 3122 0c25 74637077 		.ascii	"tcpwm_1_interrupts_6_IRQn\000"
 3122      6D5F315F 
 3122      696E7465 
 3122      72727570 
 3122      74735F36 
 3123              	.LASF141:
 3124 0c3f 7564625F 		.ascii	"udb_interrupts_9_IRQn\000"
 3124      696E7465 
 3124      72727570 
 3124      74735F39 
 3124      5F495251 
 3125              	.LASF272:
 3126 0c55 64775374 		.ascii	"dwStatusChIdxMsk\000"
 3126      61747573 
 3126      43684964 
 3126      784D736B 
 3126      00
 3127              	.LASF145:
 3128 0c66 7564625F 		.ascii	"udb_interrupts_13_IRQn\000"
 3128      696E7465 
 3128      72727570 
ARM GAS  C:\Users\Finik\AppData\Local\Temp\ccnRnT2c.s 			page 128


 3128      74735F31 
 3128      335F4952 
 3129              	.LASF173:
 3130 0c7d 75696E74 		.ascii	"uint8_t\000"
 3130      385F7400 
 3131              	.LASF127:
 3132 0c85 74637077 		.ascii	"tcpwm_1_interrupts_19_IRQn\000"
 3132      6D5F315F 
 3132      696E7465 
 3132      72727570 
 3132      74735F31 
 3133              	.LASF311:
 3134 0ca0 696E7472 		.ascii	"intrSrc\000"
 3134      53726300 
 3135              	.LASF253:
 3136 0ca8 75646250 		.ascii	"udbPresent\000"
 3136      72657365 
 3136      6E7400
 3137              	.LASF277:
 3138 0cb3 70657269 		.ascii	"periDivCmdDivSelMsk\000"
 3138      44697643 
 3138      6D644469 
 3138      7653656C 
 3138      4D736B00 
 3139              	.LASF29:
 3140 0cc7 73727373 		.ascii	"srss_interrupt_mcwdt_0_IRQn\000"
 3140      5F696E74 
 3140      65727275 
 3140      70745F6D 
 3140      63776474 
 3141              	.LASF285:
 3142 0ce3 6770696F 		.ascii	"gpioPrtIntrCfgOffset\000"
 3142      50727449 
 3142      6E747243 
 3142      66674F66 
 3142      66736574 
 3143              	.LASF27:
 3144 0cf8 6C70636F 		.ascii	"lpcomp_interrupt_IRQn\000"
 3144      6D705F69 
 3144      6E746572 
 3144      72757074 
 3144      5F495251 
 3145              	.LASF40:
 3146 0d0e 63707573 		.ascii	"cpuss_interrupts_ipc_5_IRQn\000"
 3146      735F696E 
 3146      74657272 
 3146      75707473 
 3146      5F697063 
 3147              	.LASF301:
 3148 0d2a 63707573 		.ascii	"cpussRam0Ctl0\000"
 3148      7352616D 
 3148      3043746C 
 3148      3000
 3149              	.LASF170:
 3150 0d38 6C6F6E67 		.ascii	"long long int\000"
 3150      206C6F6E 
 3150      6720696E 
ARM GAS  C:\Users\Finik\AppData\Local\Temp\ccnRnT2c.s 			page 129


 3150      7400
 3151              	.LASF228:
 3152 0d46 69706342 		.ascii	"ipcBase\000"
 3152      61736500 
 3153              	.LASF269:
 3154 0d4e 64774368 		.ascii	"dwChCtlPrioPos\000"
 3154      43746C50 
 3154      72696F50 
 3154      6F7300
 3155              	.LASF229:
 3156 0d5d 63727970 		.ascii	"cryptoBase\000"
 3156      746F4261 
 3156      736500
 3157              	.LASF35:
 3158 0d68 63707573 		.ascii	"cpuss_interrupts_ipc_0_IRQn\000"
 3158      735F696E 
 3158      74657272 
 3158      75707473 
 3158      5F697063 
 3159              	.LASF101:
 3160 0d84 74637077 		.ascii	"tcpwm_0_interrupts_1_IRQn\000"
 3160      6D5F305F 
 3160      696E7465 
 3160      72727570 
 3160      74735F31 
 3161              	.LASF56:
 3162 0d9e 7363625F 		.ascii	"scb_5_interrupt_IRQn\000"
 3162      355F696E 
 3162      74657272 
 3162      7570745F 
 3162      4952516E 
 3163              	.LASF50:
 3164 0db3 63707573 		.ascii	"cpuss_interrupts_ipc_15_IRQn\000"
 3164      735F696E 
 3164      74657272 
 3164      75707473 
 3164      5F697063 
 3165              	.LASF163:
 3166 0dd0 5F5F696E 		.ascii	"__int16_t\000"
 3166      7431365F 
 3166      7400
 3167              	.LASF249:
 3168 0dda 70657269 		.ascii	"periClockNr\000"
 3168      436C6F63 
 3168      6B4E7200 
 3169              	.LASF264:
 3170 0de6 666C6173 		.ascii	"flashCtlMainWs2Freq\000"
 3170      6843746C 
 3170      4D61696E 
 3170      57733246 
 3170      72657100 
 3171              	.LASF225:
 3172 0dfa 6873696F 		.ascii	"hsiomBase\000"
 3172      6D426173 
 3172      6500
 3173              	.LASF4:
 3174 0e04 42757346 		.ascii	"BusFault_IRQn\000"
ARM GAS  C:\Users\Finik\AppData\Local\Temp\ccnRnT2c.s 			page 130


 3174      61756C74 
 3174      5F495251 
 3174      6E00
 3175              	.LASF291:
 3176 0e12 63707573 		.ascii	"cpussCm4ClockCtlOffset\000"
 3176      73436D34 
 3176      436C6F63 
 3176      6B43746C 
 3176      4F666673 
 3177              	.LASF275:
 3178 0e29 70657269 		.ascii	"periTrGrOffset\000"
 3178      54724772 
 3178      4F666673 
 3178      657400
 3179              	.LASF133:
 3180 0e38 7564625F 		.ascii	"udb_interrupts_1_IRQn\000"
 3180      696E7465 
 3180      72727570 
 3180      74735F31 
 3180      5F495251 
 3181              	.LASF153:
 3182 0e4e 7573625F 		.ascii	"usb_interrupt_hi_IRQn\000"
 3182      696E7465 
 3182      72727570 
 3182      745F6869 
 3182      5F495251 
 3183              	.LASF52:
 3184 0e64 7363625F 		.ascii	"scb_1_interrupt_IRQn\000"
 3184      315F696E 
 3184      74657272 
 3184      7570745F 
 3184      4952516E 
 3185              	.LASF119:
 3186 0e79 74637077 		.ascii	"tcpwm_1_interrupts_11_IRQn\000"
 3186      6D5F315F 
 3186      696E7465 
 3186      72727570 
 3186      74735F31 
 3187              	.LASF16:
 3188 0e94 696F7373 		.ascii	"ioss_interrupts_gpio_6_IRQn\000"
 3188      5F696E74 
 3188      65727275 
 3188      7074735F 
 3188      6770696F 
 3189              	.LASF239:
 3190 0eb0 63707573 		.ascii	"cpussIpcNr\000"
 3190      73497063 
 3190      4E7200
 3191              	.LASF292:
 3192 0ebb 63707573 		.ascii	"cpussCm4StatusOffset\000"
 3192      73436D34 
 3192      53746174 
 3192      75734F66 
 3192      66736574 
 3193              	.LASF96:
 3194 0ed0 63707573 		.ascii	"cpuss_interrupts_cm0_cti_0_IRQn\000"
 3194      735F696E 
ARM GAS  C:\Users\Finik\AppData\Local\Temp\ccnRnT2c.s 			page 131


 3194      74657272 
 3194      75707473 
 3194      5F636D30 
 3195              	.LASF85:
 3196 0ef0 63707573 		.ascii	"cpuss_interrupts_dw1_9_IRQn\000"
 3196      735F696E 
 3196      74657272 
 3196      75707473 
 3196      5F647731 
 3197              	.LASF69:
 3198 0f0c 63707573 		.ascii	"cpuss_interrupts_dw0_9_IRQn\000"
 3198      735F696E 
 3198      74657272 
 3198      75707473 
 3198      5F647730 
 3199              	.LASF63:
 3200 0f28 63707573 		.ascii	"cpuss_interrupts_dw0_3_IRQn\000"
 3200      735F696E 
 3200      74657272 
 3200      75707473 
 3200      5F647730 
 3201              	.LASF303:
 3202 0f44 63707573 		.ascii	"cpussRam2Ctl0\000"
 3202      7352616D 
 3202      3243746C 
 3202      3000
 3203              	.LASF11:
 3204 0f52 696F7373 		.ascii	"ioss_interrupts_gpio_1_IRQn\000"
 3204      5F696E74 
 3204      65727275 
 3204      7074735F 
 3204      6770696F 
 3205              	.LASF199:
 3206 0f6e 494E5452 		.ascii	"INTR_CFG\000"
 3206      5F434647 
 3206      00
 3207              	.LASF184:
 3208 0f77 49435052 		.ascii	"ICPR\000"
 3208      00
 3209              	.LASF72:
 3210 0f7c 63707573 		.ascii	"cpuss_interrupts_dw0_12_IRQn\000"
 3210      735F696E 
 3210      74657272 
 3210      75707473 
 3210      5F647730 
 3211              	.LASF80:
 3212 0f99 63707573 		.ascii	"cpuss_interrupts_dw1_4_IRQn\000"
 3212      735F696E 
 3212      74657272 
 3212      75707473 
 3212      5F647731 
 3213              	.LASF86:
 3214 0fb5 63707573 		.ascii	"cpuss_interrupts_dw1_10_IRQn\000"
 3214      735F696E 
 3214      74657272 
 3214      75707473 
 3214      5F647731 
ARM GAS  C:\Users\Finik\AppData\Local\Temp\ccnRnT2c.s 			page 132


 3215              	.LASF106:
 3216 0fd2 74637077 		.ascii	"tcpwm_0_interrupts_6_IRQn\000"
 3216      6D5F305F 
 3216      696E7465 
 3216      72727570 
 3216      74735F36 
 3217              	.LASF214:
 3218 0fec 5644445F 		.ascii	"VDD_INTR_MASKED\000"
 3218      494E5452 
 3218      5F4D4153 
 3218      4B454400 
 3219              	.LASF282:
 3220 0ffc 70657269 		.ascii	"periDiv16CtlOffset\000"
 3220      44697631 
 3220      3643746C 
 3220      4F666673 
 3220      657400
 3221              	.LASF116:
 3222 100f 74637077 		.ascii	"tcpwm_1_interrupts_8_IRQn\000"
 3222      6D5F315F 
 3222      696E7465 
 3222      72727570 
 3222      74735F38 
 3223              	.LASF165:
 3224 1029 73686F72 		.ascii	"short unsigned int\000"
 3224      7420756E 
 3224      7369676E 
 3224      65642069 
 3224      6E7400
 3225              	.LASF219:
 3226 103c 6C6F6E67 		.ascii	"long double\000"
 3226      20646F75 
 3226      626C6500 
 3227              	.LASF175:
 3228 1048 75696E74 		.ascii	"uint16_t\000"
 3228      31365F74 
 3228      00
 3229              	.LASF319:
 3230 1051 4952516E 		.ascii	"IRQn\000"
 3230      00
 3231              	.LASF215:
 3232 1056 5644445F 		.ascii	"VDD_INTR_SET\000"
 3232      494E5452 
 3232      5F534554 
 3232      00
 3233              	.LASF274:
 3234 1063 70657269 		.ascii	"periTrCmdGrSelMsk\000"
 3234      5472436D 
 3234      64477253 
 3234      656C4D73 
 3234      6B00
 3235              	.LASF99:
 3236 1075 63707573 		.ascii	"cpuss_interrupts_cm4_cti_1_IRQn\000"
 3236      735F696E 
 3236      74657272 
 3236      75707473 
 3236      5F636D34 
ARM GAS  C:\Users\Finik\AppData\Local\Temp\ccnRnT2c.s 			page 133


 3237              	.LASF111:
 3238 1095 74637077 		.ascii	"tcpwm_1_interrupts_3_IRQn\000"
 3238      6D5F315F 
 3238      696E7465 
 3238      72727570 
 3238      74735F33 
 3239              	.LASF138:
 3240 10af 7564625F 		.ascii	"udb_interrupts_6_IRQn\000"
 3240      696E7465 
 3240      72727570 
 3240      74735F36 
 3240      5F495251 
 3241              	.LASF189:
 3242 10c5 53544952 		.ascii	"STIR\000"
 3242      00
 3243              	.LASF248:
 3244 10ca 73727373 		.ascii	"srssNumHfroot\000"
 3244      4E756D48 
 3244      66726F6F 
 3244      7400
 3245              	.LASF333:
 3246 10d8 43795F53 		.ascii	"Cy_SysPm_CpuEnterDeepSleep\000"
 3246      7973506D 
 3246      5F437075 
 3246      456E7465 
 3246      72446565 
 3247              	.LASF232:
 3248 10f3 64775665 		.ascii	"dwVersion\000"
 3248      7273696F 
 3248      6E00
 3249              	.LASF124:
 3250 10fd 74637077 		.ascii	"tcpwm_1_interrupts_16_IRQn\000"
 3250      6D5F315F 
 3250      696E7465 
 3250      72727570 
 3250      74735F31 
 3251              	.LASF42:
 3252 1118 63707573 		.ascii	"cpuss_interrupts_ipc_7_IRQn\000"
 3252      735F696E 
 3252      74657272 
 3252      75707473 
 3252      5F697063 
 3253              	.LASF137:
 3254 1134 7564625F 		.ascii	"udb_interrupts_5_IRQn\000"
 3254      696E7465 
 3254      72727570 
 3254      74735F35 
 3254      5F495251 
 3255              	.LASF338:
 3256 114a 4973725F 		.ascii	"Isr_switch\000"
 3256      73776974 
 3256      636800
 3257              	.LASF190:
 3258 1155 73697A65 		.ascii	"sizetype\000"
 3258      74797065 
 3258      00
 3259              	.LASF299:
ARM GAS  C:\Users\Finik\AppData\Local\Temp\ccnRnT2c.s 			page 134


 3260 115e 63707573 		.ascii	"cpussCm4NmiCtlOffset\000"
 3260      73436D34 
 3260      4E6D6943 
 3260      746C4F66 
 3260      66736574 
 3261              	.LASF179:
 3262 1173 52455345 		.ascii	"RESERVED0\000"
 3262      52564544 
 3262      3000
 3263              	.LASF281:
 3264 117d 70657269 		.ascii	"periDiv8CtlOffset\000"
 3264      44697638 
 3264      43746C4F 
 3264      66667365 
 3264      7400
 3265              	.LASF183:
 3266 118f 52455345 		.ascii	"RESERVED2\000"
 3266      52564544 
 3266      3200
 3267              	.LASF185:
 3268 1199 52455345 		.ascii	"RESERVED3\000"
 3268      52564544 
 3268      3300
 3269              	.LASF187:
 3270 11a3 52455345 		.ascii	"RESERVED4\000"
 3270      52564544 
 3270      3400
 3271              	.LASF188:
 3272 11ad 52455345 		.ascii	"RESERVED5\000"
 3272      52564544 
 3272      3500
 3273              	.LASF22:
 3274 11b7 696F7373 		.ascii	"ioss_interrupts_gpio_12_IRQn\000"
 3274      5F696E74 
 3274      65727275 
 3274      7074735F 
 3274      6770696F 
 3275              	.LASF34:
 3276 11d4 626C6573 		.ascii	"bless_interrupt_IRQn\000"
 3276      735F696E 
 3276      74657272 
 3276      7570745F 
 3276      4952516E 
 3277              	.LASF167:
 3278 11e9 6C6F6E67 		.ascii	"long int\000"
 3278      20696E74 
 3278      00
 3279              	.LASF91:
 3280 11f2 63707573 		.ascii	"cpuss_interrupts_dw1_15_IRQn\000"
 3280      735F696E 
 3280      74657272 
 3280      75707473 
 3280      5F647731 
 3281              	.LASF230:
 3282 120f 63707573 		.ascii	"cpussVersion\000"
 3282      73566572 
 3282      73696F6E 
ARM GAS  C:\Users\Finik\AppData\Local\Temp\ccnRnT2c.s 			page 135


 3282      00
 3283              	.LASF327:
 3284 121c 49544D5F 		.ascii	"ITM_RxBuffer\000"
 3284      52784275 
 3284      66666572 
 3284      00
 3285              	.LASF234:
 3286 1229 6770696F 		.ascii	"gpioVersion\000"
 3286      56657273 
 3286      696F6E00 
 3287              	.LASF1:
 3288 1235 4E6F6E4D 		.ascii	"NonMaskableInt_IRQn\000"
 3288      61736B61 
 3288      626C6549 
 3288      6E745F49 
 3288      52516E00 
 3289              	.LASF128:
 3290 1249 74637077 		.ascii	"tcpwm_1_interrupts_20_IRQn\000"
 3290      6D5F315F 
 3290      696E7465 
 3290      72727570 
 3290      74735F32 
 3291              	.LASF233:
 3292 1264 666C6173 		.ascii	"flashcVersion\000"
 3292      68635665 
 3292      7273696F 
 3292      6E00
 3293              	.LASF255:
 3294 1272 70726F74 		.ascii	"protBusMasterMask\000"
 3294      4275734D 
 3294      61737465 
 3294      724D6173 
 3294      6B00
 3295              	.LASF224:
 3296 1284 70726F74 		.ascii	"protBase\000"
 3296      42617365 
 3296      00
 3297              	.LASF57:
 3298 128d 7363625F 		.ascii	"scb_6_interrupt_IRQn\000"
 3298      365F696E 
 3298      74657272 
 3298      7570745F 
 3298      4952516E 
 3299              	.LASF206:
 3300 12a2 4750494F 		.ascii	"GPIO_PRT_V1_Type\000"
 3300      5F505254 
 3300      5F56315F 
 3300      54797065 
 3300      00
 3301              	.LASF307:
 3302 12b3 63686172 		.ascii	"char_t\000"
 3302      5F7400
 3303              	.LASF47:
 3304 12ba 63707573 		.ascii	"cpuss_interrupts_ipc_12_IRQn\000"
 3304      735F696E 
 3304      74657272 
 3304      75707473 
ARM GAS  C:\Users\Finik\AppData\Local\Temp\ccnRnT2c.s 			page 136


 3304      5F697063 
 3305              	.LASF24:
 3306 12d7 696F7373 		.ascii	"ioss_interrupts_gpio_14_IRQn\000"
 3306      5F696E74 
 3306      65727275 
 3306      7074735F 
 3306      6770696F 
 3307              	.LASF41:
 3308 12f4 63707573 		.ascii	"cpuss_interrupts_ipc_6_IRQn\000"
 3308      735F696E 
 3308      74657272 
 3308      75707473 
 3308      5F697063 
 3309              	.LASF204:
 3310 1310 4346475F 		.ascii	"CFG_IN_GPIO5V\000"
 3310      494E5F47 
 3310      50494F35 
 3310      5600
 3311              	.LASF88:
 3312 131e 63707573 		.ascii	"cpuss_interrupts_dw1_12_IRQn\000"
 3312      735F696E 
 3312      74657272 
 3312      75707473 
 3312      5F647731 
 3313              	.LASF18:
 3314 133b 696F7373 		.ascii	"ioss_interrupts_gpio_8_IRQn\000"
 3314      5F696E74 
 3314      65727275 
 3314      7074735F 
 3314      6770696F 
 3315              	.LASF194:
 3316 1357 4F55545F 		.ascii	"OUT_INV\000"
 3316      494E5600 
 3317              	.LASF294:
 3318 135f 63707573 		.ascii	"cpussCm4PwrCtlOffset\000"
 3318      73436D34 
 3318      50777243 
 3318      746C4F66 
 3318      66736574 
 3319              	.LASF152:
 3320 1374 736D6966 		.ascii	"smif_interrupt_IRQn\000"
 3320      5F696E74 
 3320      65727275 
 3320      70745F49 
 3320      52516E00 
 3321              	.LASF53:
 3322 1388 7363625F 		.ascii	"scb_2_interrupt_IRQn\000"
 3322      325F696E 
 3322      74657272 
 3322      7570745F 
 3322      4952516E 
 3323              	.LASF191:
 3324 139d 4E564943 		.ascii	"NVIC_Type\000"
 3324      5F547970 
 3324      6500
 3325              	.LASF13:
 3326 13a7 696F7373 		.ascii	"ioss_interrupts_gpio_3_IRQn\000"
ARM GAS  C:\Users\Finik\AppData\Local\Temp\ccnRnT2c.s 			page 137


 3326      5F696E74 
 3326      65727275 
 3326      7074735F 
 3326      6770696F 
 3327              	.LASF74:
 3328 13c3 63707573 		.ascii	"cpuss_interrupts_dw0_14_IRQn\000"
 3328      735F696E 
 3328      74657272 
 3328      75707473 
 3328      5F647730 
 3329              	.LASF251:
 3330 13e0 70617373 		.ascii	"passSarChannels\000"
 3330      53617243 
 3330      68616E6E 
 3330      656C7300 
 3331              	.LASF82:
 3332 13f0 63707573 		.ascii	"cpuss_interrupts_dw1_6_IRQn\000"
 3332      735F696E 
 3332      74657272 
 3332      75707473 
 3332      5F647731 
 3333              	.LASF130:
 3334 140c 74637077 		.ascii	"tcpwm_1_interrupts_22_IRQn\000"
 3334      6D5F315F 
 3334      696E7465 
 3334      72727570 
 3334      74735F32 
 3335              	.LASF197:
 3336 1427 494E5452 		.ascii	"INTR_MASKED\000"
 3336      5F4D4153 
 3336      4B454400 
 3337              	.LASF60:
 3338 1433 63707573 		.ascii	"cpuss_interrupts_dw0_0_IRQn\000"
 3338      735F696E 
 3338      74657272 
 3338      75707473 
 3338      5F647730 
 3339              	.LASF296:
 3340 144f 63707573 		.ascii	"cpussTrimRomCtlOffset\000"
 3340      73547269 
 3340      6D526F6D 
 3340      43746C4F 
 3340      66667365 
 3341              	.LASF131:
 3342 1465 74637077 		.ascii	"tcpwm_1_interrupts_23_IRQn\000"
 3342      6D5F315F 
 3342      696E7465 
 3342      72727570 
 3342      74735F32 
 3343              	.LASF312:
 3344 1480 696E7472 		.ascii	"intrPriority\000"
 3344      5072696F 
 3344      72697479 
 3344      00
 3345              	.LASF144:
 3346 148d 7564625F 		.ascii	"udb_interrupts_12_IRQn\000"
 3346      696E7465 
ARM GAS  C:\Users\Finik\AppData\Local\Temp\ccnRnT2c.s 			page 138


 3346      72727570 
 3346      74735F31 
 3346      325F4952 
 3347              	.LASF9:
 3348 14a4 53797354 		.ascii	"SysTick_IRQn\000"
 3348      69636B5F 
 3348      4952516E 
 3348      00
 3349              	.LASF235:
 3350 14b1 6873696F 		.ascii	"hsiomVersion\000"
 3350      6D566572 
 3350      73696F6E 
 3350      00
 3351              	.LASF77:
 3352 14be 63707573 		.ascii	"cpuss_interrupts_dw1_1_IRQn\000"
 3352      735F696E 
 3352      74657272 
 3352      75707473 
 3352      5F647731 
 3353              	.LASF304:
 3354 14da 69706353 		.ascii	"ipcStructSize\000"
 3354      74727563 
 3354      7453697A 
 3354      6500
 3355              	.LASF169:
 3356 14e8 6C6F6E67 		.ascii	"long unsigned int\000"
 3356      20756E73 
 3356      69676E65 
 3356      6420696E 
 3356      7400
 3357              	.LASF103:
 3358 14fa 74637077 		.ascii	"tcpwm_0_interrupts_3_IRQn\000"
 3358      6D5F305F 
 3358      696E7465 
 3358      72727570 
 3358      74735F33 
 3359              	.LASF300:
 3360 1514 63707573 		.ascii	"cpussRomCtl\000"
 3360      73526F6D 
 3360      43746C00 
 3361              	.LASF64:
 3362 1520 63707573 		.ascii	"cpuss_interrupts_dw0_4_IRQn\000"
 3362      735F696E 
 3362      74657272 
 3362      75707473 
 3362      5F647730 
 3363              	.LASF176:
 3364 153c 696E7433 		.ascii	"int32_t\000"
 3364      325F7400 
 3365              	.LASF306:
 3366 1544 63795F73 		.ascii	"cy_stc_device_t\000"
 3366      74635F64 
 3366      65766963 
 3366      655F7400 
 3367              	.LASF113:
 3368 1554 74637077 		.ascii	"tcpwm_1_interrupts_5_IRQn\000"
 3368      6D5F315F 
ARM GAS  C:\Users\Finik\AppData\Local\Temp\ccnRnT2c.s 			page 139


 3368      696E7465 
 3368      72727570 
 3368      74735F35 
 3369              	.LASF140:
 3370 156e 7564625F 		.ascii	"udb_interrupts_8_IRQn\000"
 3370      696E7465 
 3370      72727570 
 3370      74735F38 
 3370      5F495251 
 3371              	.LASF223:
 3372 1584 75646242 		.ascii	"udbBase\000"
 3372      61736500 
 3373              	.LASF293:
 3374 158c 63707573 		.ascii	"cpussCm0StatusOffset\000"
 3374      73436D30 
 3374      53746174 
 3374      75734F66 
 3374      66736574 
 3375              	.LASF322:
 3376 15a1 5F5F4E56 		.ascii	"__NVIC_EnableIRQ\000"
 3376      49435F45 
 3376      6E61626C 
 3376      65495251 
 3376      00
 3377              	.LASF126:
 3378 15b2 74637077 		.ascii	"tcpwm_1_interrupts_18_IRQn\000"
 3378      6D5F315F 
 3378      696E7465 
 3378      72727570 
 3378      74735F31 
 3379              	.LASF7:
 3380 15cd 44656275 		.ascii	"DebugMonitor_IRQn\000"
 3380      674D6F6E 
 3380      69746F72 
 3380      5F495251 
 3380      6E00
 3381              	.LASF5:
 3382 15df 55736167 		.ascii	"UsageFault_IRQn\000"
 3382      65466175 
 3382      6C745F49 
 3382      52516E00 
 3383              	.LASF108:
 3384 15ef 74637077 		.ascii	"tcpwm_1_interrupts_0_IRQn\000"
 3384      6D5F315F 
 3384      696E7465 
 3384      72727570 
 3384      74735F30 
 3385              	.LASF135:
 3386 1609 7564625F 		.ascii	"udb_interrupts_3_IRQn\000"
 3386      696E7465 
 3386      72727570 
 3386      74735F33 
 3386      5F495251 
 3387              	.LASF162:
 3388 161f 756E7369 		.ascii	"unsigned char\000"
 3388      676E6564 
 3388      20636861 
ARM GAS  C:\Users\Finik\AppData\Local\Temp\ccnRnT2c.s 			page 140


 3388      7200
 3389              	.LASF168:
 3390 162d 5F5F7569 		.ascii	"__uint32_t\000"
 3390      6E743332 
 3390      5F7400
 3391              	.LASF218:
 3392 1638 4750494F 		.ascii	"GPIO_Type\000"
 3392      5F547970 
 3392      6500
 3393              	.LASF305:
 3394 1642 6970634C 		.ascii	"ipcLockStatusOffset\000"
 3394      6F636B53 
 3394      74617475 
 3394      734F6666 
 3394      73657400 
 3395              	.LASF121:
 3396 1656 74637077 		.ascii	"tcpwm_1_interrupts_13_IRQn\000"
 3396      6D5F315F 
 3396      696E7465 
 3396      72727570 
 3396      74735F31 
 3397              	.LASF39:
 3398 1671 63707573 		.ascii	"cpuss_interrupts_ipc_4_IRQn\000"
 3398      735F696E 
 3398      74657272 
 3398      75707473 
 3398      5F697063 
 3399              	.LASF261:
 3400 168d 666C6173 		.ascii	"flashEraseDelay\000"
 3400      68457261 
 3400      73654465 
 3400      6C617900 
 3401              	.LASF326:
 3402 169d 64656C61 		.ascii	"delayMs\000"
 3402      794D7300 
 3403              	.LASF65:
 3404 16a5 63707573 		.ascii	"cpuss_interrupts_dw0_5_IRQn\000"
 3404      735F696E 
 3404      74657272 
 3404      75707473 
 3404      5F647730 
 3405              	.LASF267:
 3406 16c1 64774368 		.ascii	"dwChOffset\000"
 3406      4F666673 
 3406      657400
 3407              	.LASF180:
 3408 16cc 49434552 		.ascii	"ICER\000"
 3408      00
 3409              	.LASF186:
 3410 16d1 49414252 		.ascii	"IABR\000"
 3410      00
 3411              	.LASF26:
 3412 16d6 696F7373 		.ascii	"ioss_interrupt_vdd_IRQn\000"
 3412      5F696E74 
 3412      65727275 
 3412      70745F76 
 3412      64645F49 
ARM GAS  C:\Users\Finik\AppData\Local\Temp\ccnRnT2c.s 			page 141


 3413              	.LASF161:
 3414 16ee 5F5F7569 		.ascii	"__uint8_t\000"
 3414      6E74385F 
 3414      7400
 3415              	.LASF49:
 3416 16f8 63707573 		.ascii	"cpuss_interrupts_ipc_14_IRQn\000"
 3416      735F696E 
 3416      74657272 
 3416      75707473 
 3416      5F697063 
 3417              	.LASF0:
 3418 1715 52657365 		.ascii	"Reset_IRQn\000"
 3418      745F4952 
 3418      516E00
 3419              	.LASF257:
 3420 1720 666C6173 		.ascii	"flashRwwRequired\000"
 3420      68527777 
 3420      52657175 
 3420      69726564 
 3420      00
 3421              	.LASF286:
 3422 1731 6770696F 		.ascii	"gpioPrtCfgOffset\000"
 3422      50727443 
 3422      66674F66 
 3422      66736574 
 3422      00
 3423              	.LASF321:
 3424 1742 70696E4E 		.ascii	"pinNum\000"
 3424      756D00
 3425              	.LASF252:
 3426 1749 65704D6F 		.ascii	"epMonitorNr\000"
 3426      6E69746F 
 3426      724E7200 
 3427              	.LASF68:
 3428 1755 63707573 		.ascii	"cpuss_interrupts_dw0_8_IRQn\000"
 3428      735F696E 
 3428      74657272 
 3428      75707473 
 3428      5F647730 
 3429              	.LASF213:
 3430 1771 5644445F 		.ascii	"VDD_INTR_MASK\000"
 3430      494E5452 
 3430      5F4D4153 
 3430      4B00
 3431              	.LASF2:
 3432 177f 48617264 		.ascii	"HardFault_IRQn\000"
 3432      4661756C 
 3432      745F4952 
 3432      516E00
 3433              	.LASF159:
 3434 178e 7369676E 		.ascii	"signed char\000"
 3434      65642063 
 3434      68617200 
 3435              	.LASF148:
 3436 179a 70617373 		.ascii	"pass_interrupt_sar_IRQn\000"
 3436      5F696E74 
 3436      65727275 
ARM GAS  C:\Users\Finik\AppData\Local\Temp\ccnRnT2c.s 			page 142


 3436      70745F73 
 3436      61725F49 
 3437              	.LASF132:
 3438 17b2 7564625F 		.ascii	"udb_interrupts_0_IRQn\000"
 3438      696E7465 
 3438      72727570 
 3438      74735F30 
 3438      5F495251 
 3439              	.LASF240:
 3440 17c8 63707573 		.ascii	"cpussIpcIrqNr\000"
 3440      73497063 
 3440      4972714E 
 3440      7200
 3441              	.LASF270:
 3442 17d6 64774368 		.ascii	"dwChCtlPreemptablePos\000"
 3442      43746C50 
 3442      7265656D 
 3442      70746162 
 3442      6C65506F 
 3443              	.LASF317:
 3444 17ec 5F5F4E56 		.ascii	"__NVIC_ClearPendingIRQ\000"
 3444      49435F43 
 3444      6C656172 
 3444      50656E64 
 3444      696E6749 
 3445              	.LASF339:
 3446 1803 6D61696E 		.ascii	"main\000"
 3446      00
 3447              	.LASF118:
 3448 1808 74637077 		.ascii	"tcpwm_1_interrupts_10_IRQn\000"
 3448      6D5F315F 
 3448      696E7465 
 3448      72727570 
 3448      74735F31 
 3449              	.LASF15:
 3450 1823 696F7373 		.ascii	"ioss_interrupts_gpio_5_IRQn\000"
 3450      5F696E74 
 3450      65727275 
 3450      7074735F 
 3450      6770696F 
 3451              	.LASF44:
 3452 183f 63707573 		.ascii	"cpuss_interrupts_ipc_9_IRQn\000"
 3452      735F696E 
 3452      74657272 
 3452      75707473 
 3452      5F697063 
 3453              	.LASF337:
 3454 185b 5F5F656E 		.ascii	"__enable_irq\000"
 3454      61626C65 
 3454      5F697271 
 3454      00
 3455              	.LASF182:
 3456 1868 49535052 		.ascii	"ISPR\000"
 3456      00
 3457              	.LASF237:
 3458 186d 70657269 		.ascii	"periVersion\000"
 3458      56657273 
ARM GAS  C:\Users\Finik\AppData\Local\Temp\ccnRnT2c.s 			page 143


 3458      696F6E00 
 3459              	.LASF93:
 3460 1879 63707573 		.ascii	"cpuss_interrupts_fault_1_IRQn\000"
 3460      735F696E 
 3460      74657272 
 3460      75707473 
 3460      5F666175 
 3461              	.LASF310:
 3462 1897 646F7562 		.ascii	"double\000"
 3462      6C6500
 3463              	.LASF227:
 3464 189e 70617373 		.ascii	"passBase\000"
 3464      42617365 
 3464      00
 3465              	.LASF318:
 3466 18a7 43795F47 		.ascii	"Cy_GPIO_ClearInterrupt\000"
 3466      50494F5F 
 3466      436C6561 
 3466      72496E74 
 3466      65727275 
 3467              	.LASF10:
 3468 18be 696F7373 		.ascii	"ioss_interrupts_gpio_0_IRQn\000"
 3468      5F696E74 
 3468      65727275 
 3468      7074735F 
 3468      6770696F 
 3469              	.LASF205:
 3470 18da 52455345 		.ascii	"RESERVED1\000"
 3470      52564544 
 3470      3100
 3471              	.LASF71:
 3472 18e4 63707573 		.ascii	"cpuss_interrupts_dw0_11_IRQn\000"
 3472      735F696E 
 3472      74657272 
 3472      75707473 
 3472      5F647730 
 3473              	.LASF241:
 3474 1901 63707573 		.ascii	"cpussDwChNr\000"
 3474      73447743 
 3474      684E7200 
 3475              	.LASF266:
 3476 190d 666C6173 		.ascii	"flashCtlMainWs4Freq\000"
 3476      6843746C 
 3476      4D61696E 
 3476      57733446 
 3476      72657100 
 3477              	.LASF79:
 3478 1921 63707573 		.ascii	"cpuss_interrupts_dw1_3_IRQn\000"
 3478      735F696E 
 3478      74657272 
 3478      75707473 
 3478      5F647731 
 3479              	.LASF330:
 3480 193d 696E7465 		.ascii	"interrupt_flag\000"
 3480      72727570 
 3480      745F666C 
 3480      616700
ARM GAS  C:\Users\Finik\AppData\Local\Temp\ccnRnT2c.s 			page 144


 3481              	.LASF105:
 3482 194c 74637077 		.ascii	"tcpwm_0_interrupts_5_IRQn\000"
 3482      6D5F305F 
 3482      696E7465 
 3482      72727570 
 3482      74735F35 
 3483              	.LASF94:
 3484 1966 63707573 		.ascii	"cpuss_interrupt_crypto_IRQn\000"
 3484      735F696E 
 3484      74657272 
 3484      7570745F 
 3484      63727970 
 3485              	.LASF100:
 3486 1982 74637077 		.ascii	"tcpwm_0_interrupts_0_IRQn\000"
 3486      6D5F305F 
 3486      696E7465 
 3486      72727570 
 3486      74735F30 
 3487              	.LASF329:
 3488 199c 53797349 		.ascii	"SysInt_Port0_cfg\000"
 3488      6E745F50 
 3488      6F727430 
 3488      5F636667 
 3488      00
 3489              	.LASF236:
 3490 19ad 69706356 		.ascii	"ipcVersion\000"
 3490      65727369 
 3490      6F6E00
 3491              	.LASF38:
 3492 19b8 63707573 		.ascii	"cpuss_interrupts_ipc_3_IRQn\000"
 3492      735F696E 
 3492      74657272 
 3492      75707473 
 3492      5F697063 
 3493              	.LASF58:
 3494 19d4 7363625F 		.ascii	"scb_7_interrupt_IRQn\000"
 3494      375F696E 
 3494      74657272 
 3494      7570745F 
 3494      4952516E 
 3495              	.LASF98:
 3496 19e9 63707573 		.ascii	"cpuss_interrupts_cm4_cti_0_IRQn\000"
 3496      735F696E 
 3496      74657272 
 3496      75707473 
 3496      5F636D34 
 3497              	.LASF110:
 3498 1a09 74637077 		.ascii	"tcpwm_1_interrupts_2_IRQn\000"
 3498      6D5F315F 
 3498      696E7465 
 3498      72727570 
 3498      74735F32 
 3499              		.ident	"GCC: (GNU Tools for ARM Embedded Processors) 5.4.1 20160609 (release) [ARM/embedded-5-bran
