ARM GAS  C:\Users\Finik\AppData\Local\Temp\ccY85NDM.s 			page 1


   1              		.syntax unified
   2              		.cpu cortex-m4
   3              		.eabi_attribute 27, 1
   4              		.fpu fpv4-sp-d16
   5              		.eabi_attribute 20, 1
   6              		.eabi_attribute 21, 1
   7              		.eabi_attribute 23, 3
   8              		.eabi_attribute 24, 1
   9              		.eabi_attribute 25, 1
  10              		.eabi_attribute 26, 1
  11              		.eabi_attribute 30, 1
  12              		.eabi_attribute 34, 1
  13              		.eabi_attribute 18, 4
  14              		.thumb
  15              		.syntax unified
  16              		.file	"main_cm4.c"
  17              		.text
  18              	.Ltext0:
  19              		.cfi_sections	.debug_frame
  20              		.section	.text.Isr_Timer,"ax",%progbits
  21              		.align	2
  22              		.global	Isr_Timer
  23              		.thumb
  24              		.thumb_func
  25              		.type	Isr_Timer, %function
  26              	Isr_Timer:
  27              	.LFB558:
  28              		.file 1 "main_cm4.c"
   1:main_cm4.c    **** // LR_9_1
   2:main_cm4.c    **** #include "project.h"
   3:main_cm4.c    **** 
   4:main_cm4.c    **** #define LED_ON  (0)
   5:main_cm4.c    **** #define LED_OFF (1)
   6:main_cm4.c    **** 
   7:main_cm4.c    **** void UartInit(void);
   8:main_cm4.c    **** void TimerInit(void);
   9:main_cm4.c    **** void Isr_Timer(void);
  10:main_cm4.c    **** 
  11:main_cm4.c    **** bool LEDupdateFlag = false;
  12:main_cm4.c    **** 
  13:main_cm4.c    **** int main(void)
  14:main_cm4.c    **** {
  15:main_cm4.c    ****     UartInit();
  16:main_cm4.c    ****     __enable_irq();
  17:main_cm4.c    **** 
  18:main_cm4.c    ****     Cy_SCB_UART_PutString(UART_HW, "\x1b[2J\x1b[;H");
  19:main_cm4.c    ****     Cy_SCB_UART_PutString(UART_HW, "*** Example Project UART ***\r\n\n");
  20:main_cm4.c    ****     Cy_SCB_UART_PutString(UART_HW, " --- Lab_Work_9 ---\r\n\n");
  21:main_cm4.c    ****     Cy_SCB_UART_PutString(UART_HW, "Press Enter key to start blinking the LED\r\n\n");
  22:main_cm4.c    **** 
  23:main_cm4.c    ****     while (Cy_SCB_UART_Get(UART_HW) != '\r');
  24:main_cm4.c    **** 
  25:main_cm4.c    ****     TimerInit();
  26:main_cm4.c    ****     Cy_SCB_UART_PutString(UART_HW, "Observe the LED blinking on the kit!!!\r\n");
  27:main_cm4.c    **** 
  28:main_cm4.c    ****     for (;;)
  29:main_cm4.c    ****     {
ARM GAS  C:\Users\Finik\AppData\Local\Temp\ccY85NDM.s 			page 2


  30:main_cm4.c    ****         if (LEDupdateFlag)
  31:main_cm4.c    ****         {
  32:main_cm4.c    ****             LEDupdateFlag = false;
  33:main_cm4.c    ****             Cy_GPIO_Inv(LED_Green_0_PORT, LED_Green_0_NUM);
  34:main_cm4.c    ****         }
  35:main_cm4.c    ****     }
  36:main_cm4.c    **** }
  37:main_cm4.c    **** 
  38:main_cm4.c    **** void UartInit(void)
  39:main_cm4.c    **** {
  40:main_cm4.c    ****     Cy_SCB_UART_Init(UART_HW, &UART_config, &UART_context);
  41:main_cm4.c    ****     Cy_SCB_UART_Enable(UART_HW);
  42:main_cm4.c    **** }
  43:main_cm4.c    **** 
  44:main_cm4.c    **** void TimerInit(void)
  45:main_cm4.c    **** {
  46:main_cm4.c    ****     Cy_TCPWM_Counter_Init(Timer_HW, Timer_CNT_NUM, &Timer_config);
  47:main_cm4.c    ****     Cy_TCPWM_Counter_Enable(Timer_HW, Timer_CNT_NUM);
  48:main_cm4.c    ****     Cy_TCPWM_TriggerStart(Timer_HW, Timer_CNT_MASK);
  49:main_cm4.c    **** 
  50:main_cm4.c    ****     Cy_SysInt_Init(&SysInt_Timer_cfg, Isr_Timer);
  51:main_cm4.c    ****     NVIC_EnableIRQ((IRQn_Type)SysInt_Timer_cfg.intrSrc);
  52:main_cm4.c    **** }
  53:main_cm4.c    **** 
  54:main_cm4.c    **** void Isr_Timer(void)
  55:main_cm4.c    **** {
  29              		.loc 1 55 0
  30              		.cfi_startproc
  31              		@ args = 0, pretend = 0, frame = 0
  32              		@ frame_needed = 0, uses_anonymous_args = 0
  33              		@ link register save eliminated.
  34              	.LVL0:
  35              	.LBB36:
  36              	.LBB37:
  37              		.file 2 "Generated_Source\\PSoC6\\pdl\\drivers/peripheral/tcpwm/cy_tcpwm.h"
   1:Generated_Source\PSoC6\pdl\drivers/peripheral/tcpwm/cy_tcpwm.h **** /***************************************************************************//**
   2:Generated_Source\PSoC6\pdl\drivers/peripheral/tcpwm/cy_tcpwm.h **** * \file cy_tcpwm.h
   3:Generated_Source\PSoC6\pdl\drivers/peripheral/tcpwm/cy_tcpwm.h **** * \version 1.10
   4:Generated_Source\PSoC6\pdl\drivers/peripheral/tcpwm/cy_tcpwm.h **** *
   5:Generated_Source\PSoC6\pdl\drivers/peripheral/tcpwm/cy_tcpwm.h **** * The header file of the TCPWM driver.
   6:Generated_Source\PSoC6\pdl\drivers/peripheral/tcpwm/cy_tcpwm.h **** *
   7:Generated_Source\PSoC6\pdl\drivers/peripheral/tcpwm/cy_tcpwm.h **** ********************************************************************************
   8:Generated_Source\PSoC6\pdl\drivers/peripheral/tcpwm/cy_tcpwm.h **** * \copyright
   9:Generated_Source\PSoC6\pdl\drivers/peripheral/tcpwm/cy_tcpwm.h **** * Copyright 2016-2018, Cypress Semiconductor Corporation. All rights reserved.
  10:Generated_Source\PSoC6\pdl\drivers/peripheral/tcpwm/cy_tcpwm.h **** * You may use this file only in accordance with the license, terms, conditions,
  11:Generated_Source\PSoC6\pdl\drivers/peripheral/tcpwm/cy_tcpwm.h **** * disclaimers, and limitations in the end user license agreement accompanying
  12:Generated_Source\PSoC6\pdl\drivers/peripheral/tcpwm/cy_tcpwm.h **** * the software package with which this file was provided.
  13:Generated_Source\PSoC6\pdl\drivers/peripheral/tcpwm/cy_tcpwm.h **** *******************************************************************************/
  14:Generated_Source\PSoC6\pdl\drivers/peripheral/tcpwm/cy_tcpwm.h **** 
  15:Generated_Source\PSoC6\pdl\drivers/peripheral/tcpwm/cy_tcpwm.h **** /**
  16:Generated_Source\PSoC6\pdl\drivers/peripheral/tcpwm/cy_tcpwm.h **** * \addtogroup group_tcpwm
  17:Generated_Source\PSoC6\pdl\drivers/peripheral/tcpwm/cy_tcpwm.h **** * \{
  18:Generated_Source\PSoC6\pdl\drivers/peripheral/tcpwm/cy_tcpwm.h **** * \defgroup group_tcpwm_common  Common
  19:Generated_Source\PSoC6\pdl\drivers/peripheral/tcpwm/cy_tcpwm.h **** * \defgroup group_tcpwm_counter Timer/Counter (TCPWM)
  20:Generated_Source\PSoC6\pdl\drivers/peripheral/tcpwm/cy_tcpwm.h **** * \defgroup group_tcpwm_pwm     PWM (TCPWM)
  21:Generated_Source\PSoC6\pdl\drivers/peripheral/tcpwm/cy_tcpwm.h **** * \defgroup group_tcpwm_quaddec Quadrature Decoder (TCPWM)
  22:Generated_Source\PSoC6\pdl\drivers/peripheral/tcpwm/cy_tcpwm.h **** * \} */
ARM GAS  C:\Users\Finik\AppData\Local\Temp\ccY85NDM.s 			page 3


  23:Generated_Source\PSoC6\pdl\drivers/peripheral/tcpwm/cy_tcpwm.h **** 
  24:Generated_Source\PSoC6\pdl\drivers/peripheral/tcpwm/cy_tcpwm.h **** /**
  25:Generated_Source\PSoC6\pdl\drivers/peripheral/tcpwm/cy_tcpwm.h **** * \addtogroup group_tcpwm
  26:Generated_Source\PSoC6\pdl\drivers/peripheral/tcpwm/cy_tcpwm.h **** * \{
  27:Generated_Source\PSoC6\pdl\drivers/peripheral/tcpwm/cy_tcpwm.h **** * 
  28:Generated_Source\PSoC6\pdl\drivers/peripheral/tcpwm/cy_tcpwm.h **** * The TCPWM driver is a multifunction driver that implements Timer Counter, 
  29:Generated_Source\PSoC6\pdl\drivers/peripheral/tcpwm/cy_tcpwm.h **** * PWM, and Quadrature Decoder functionality using the TCPWM block.
  30:Generated_Source\PSoC6\pdl\drivers/peripheral/tcpwm/cy_tcpwm.h **** *
  31:Generated_Source\PSoC6\pdl\drivers/peripheral/tcpwm/cy_tcpwm.h **** * The functions and other declarations used in this driver are in cy_tcpwm_counter.h, 
  32:Generated_Source\PSoC6\pdl\drivers/peripheral/tcpwm/cy_tcpwm.h **** * cy_tcpwm_pwm.h, cy_tcpwm_quaddec.h respectively. Include cy_pdl.h 
  33:Generated_Source\PSoC6\pdl\drivers/peripheral/tcpwm/cy_tcpwm.h **** * (ModusToolbox only) to get access to all functions and declarations in the PDL.
  34:Generated_Source\PSoC6\pdl\drivers/peripheral/tcpwm/cy_tcpwm.h **** *
  35:Generated_Source\PSoC6\pdl\drivers/peripheral/tcpwm/cy_tcpwm.h **** * Each TCPWM block is a collection of counters that can all be triggered 
  36:Generated_Source\PSoC6\pdl\drivers/peripheral/tcpwm/cy_tcpwm.h **** * simultaneously. For each function call, the base register address of 
  37:Generated_Source\PSoC6\pdl\drivers/peripheral/tcpwm/cy_tcpwm.h **** * the TCPWM being used must be passed first, followed by the index of 
  38:Generated_Source\PSoC6\pdl\drivers/peripheral/tcpwm/cy_tcpwm.h **** * the counter you want to touch next. 
  39:Generated_Source\PSoC6\pdl\drivers/peripheral/tcpwm/cy_tcpwm.h **** * For some functions, you can manage multiple counters simultaneously. You 
  40:Generated_Source\PSoC6\pdl\drivers/peripheral/tcpwm/cy_tcpwm.h **** * provide a bit field representing each counter, rather than the single counter 
  41:Generated_Source\PSoC6\pdl\drivers/peripheral/tcpwm/cy_tcpwm.h **** * index). 
  42:Generated_Source\PSoC6\pdl\drivers/peripheral/tcpwm/cy_tcpwm.h **** *
  43:Generated_Source\PSoC6\pdl\drivers/peripheral/tcpwm/cy_tcpwm.h **** * The TCPWM supports three operating modes:
  44:Generated_Source\PSoC6\pdl\drivers/peripheral/tcpwm/cy_tcpwm.h **** * * Timer/Counter
  45:Generated_Source\PSoC6\pdl\drivers/peripheral/tcpwm/cy_tcpwm.h **** * * PWM
  46:Generated_Source\PSoC6\pdl\drivers/peripheral/tcpwm/cy_tcpwm.h **** * * Quadrature Decoder
  47:Generated_Source\PSoC6\pdl\drivers/peripheral/tcpwm/cy_tcpwm.h **** *
  48:Generated_Source\PSoC6\pdl\drivers/peripheral/tcpwm/cy_tcpwm.h **** * \n
  49:Generated_Source\PSoC6\pdl\drivers/peripheral/tcpwm/cy_tcpwm.h **** * \b Timer/Counter
  50:Generated_Source\PSoC6\pdl\drivers/peripheral/tcpwm/cy_tcpwm.h **** *
  51:Generated_Source\PSoC6\pdl\drivers/peripheral/tcpwm/cy_tcpwm.h **** * Use this mode whenever a specific timing interval or measurement is 
  52:Generated_Source\PSoC6\pdl\drivers/peripheral/tcpwm/cy_tcpwm.h **** * needed. Examples include:
  53:Generated_Source\PSoC6\pdl\drivers/peripheral/tcpwm/cy_tcpwm.h **** * * Creating a periodic interrupt for running other system tasks
  54:Generated_Source\PSoC6\pdl\drivers/peripheral/tcpwm/cy_tcpwm.h **** * * Measuring frequency of an input signal
  55:Generated_Source\PSoC6\pdl\drivers/peripheral/tcpwm/cy_tcpwm.h **** * * Measuring pulse width of an input signal
  56:Generated_Source\PSoC6\pdl\drivers/peripheral/tcpwm/cy_tcpwm.h **** * * Measuring time between two external events
  57:Generated_Source\PSoC6\pdl\drivers/peripheral/tcpwm/cy_tcpwm.h **** * * Counting events
  58:Generated_Source\PSoC6\pdl\drivers/peripheral/tcpwm/cy_tcpwm.h **** * * Triggering other system resources after x number events
  59:Generated_Source\PSoC6\pdl\drivers/peripheral/tcpwm/cy_tcpwm.h **** * * Capturing time stamps when events occur
  60:Generated_Source\PSoC6\pdl\drivers/peripheral/tcpwm/cy_tcpwm.h **** *
  61:Generated_Source\PSoC6\pdl\drivers/peripheral/tcpwm/cy_tcpwm.h **** * The Timer/Counter has the following features:
  62:Generated_Source\PSoC6\pdl\drivers/peripheral/tcpwm/cy_tcpwm.h **** * * 16- or 32-bit Timer/Counter
  63:Generated_Source\PSoC6\pdl\drivers/peripheral/tcpwm/cy_tcpwm.h **** * * Programmable Period Register
  64:Generated_Source\PSoC6\pdl\drivers/peripheral/tcpwm/cy_tcpwm.h **** * * Programmable Compare Register. Compare value can be swapped with a 
  65:Generated_Source\PSoC6\pdl\drivers/peripheral/tcpwm/cy_tcpwm.h **** * buffered compare value on comparison event
  66:Generated_Source\PSoC6\pdl\drivers/peripheral/tcpwm/cy_tcpwm.h **** * * Capture with buffer register
  67:Generated_Source\PSoC6\pdl\drivers/peripheral/tcpwm/cy_tcpwm.h **** * * Count Up, Count Down, or Count Up and Down Counting modes
  68:Generated_Source\PSoC6\pdl\drivers/peripheral/tcpwm/cy_tcpwm.h **** * * Continuous or One Shot Run modes
  69:Generated_Source\PSoC6\pdl\drivers/peripheral/tcpwm/cy_tcpwm.h **** * * Interrupt and Output on Overflow, Underflow, Capture, or Compare 
  70:Generated_Source\PSoC6\pdl\drivers/peripheral/tcpwm/cy_tcpwm.h **** * * Start, Reload, Stop, Capture, and Count Inputs
  71:Generated_Source\PSoC6\pdl\drivers/peripheral/tcpwm/cy_tcpwm.h **** *
  72:Generated_Source\PSoC6\pdl\drivers/peripheral/tcpwm/cy_tcpwm.h **** * \n
  73:Generated_Source\PSoC6\pdl\drivers/peripheral/tcpwm/cy_tcpwm.h **** * \b PWM
  74:Generated_Source\PSoC6\pdl\drivers/peripheral/tcpwm/cy_tcpwm.h **** *
  75:Generated_Source\PSoC6\pdl\drivers/peripheral/tcpwm/cy_tcpwm.h **** * Use this mode when an output square wave is needed with a specific 
  76:Generated_Source\PSoC6\pdl\drivers/peripheral/tcpwm/cy_tcpwm.h **** * period and duty cycle, such as:
  77:Generated_Source\PSoC6\pdl\drivers/peripheral/tcpwm/cy_tcpwm.h **** * * Creating arbitrary square wave outputs
  78:Generated_Source\PSoC6\pdl\drivers/peripheral/tcpwm/cy_tcpwm.h **** * * Driving an LED (changing the brightness)
  79:Generated_Source\PSoC6\pdl\drivers/peripheral/tcpwm/cy_tcpwm.h **** * * Driving Motors (dead time assertion available)
ARM GAS  C:\Users\Finik\AppData\Local\Temp\ccY85NDM.s 			page 4


  80:Generated_Source\PSoC6\pdl\drivers/peripheral/tcpwm/cy_tcpwm.h **** *
  81:Generated_Source\PSoC6\pdl\drivers/peripheral/tcpwm/cy_tcpwm.h **** * The PWM has the following features:
  82:Generated_Source\PSoC6\pdl\drivers/peripheral/tcpwm/cy_tcpwm.h **** * * 16- or 32-bit Counter
  83:Generated_Source\PSoC6\pdl\drivers/peripheral/tcpwm/cy_tcpwm.h **** * * Two Programmable Period registers that can be swapped
  84:Generated_Source\PSoC6\pdl\drivers/peripheral/tcpwm/cy_tcpwm.h **** * * Two Output Compare registers that can be swapped on overflow and/or 
  85:Generated_Source\PSoC6\pdl\drivers/peripheral/tcpwm/cy_tcpwm.h **** * underflow
  86:Generated_Source\PSoC6\pdl\drivers/peripheral/tcpwm/cy_tcpwm.h **** * * Left Aligned, Right Aligned, Center Aligned, and Asymmetric Aligned modes
  87:Generated_Source\PSoC6\pdl\drivers/peripheral/tcpwm/cy_tcpwm.h **** * * Continuous or One Shot run modes
  88:Generated_Source\PSoC6\pdl\drivers/peripheral/tcpwm/cy_tcpwm.h **** * * Pseudo Random mode
  89:Generated_Source\PSoC6\pdl\drivers/peripheral/tcpwm/cy_tcpwm.h **** * * Two PWM outputs with Dead Time insertion, and programmable polarity
  90:Generated_Source\PSoC6\pdl\drivers/peripheral/tcpwm/cy_tcpwm.h **** * * Interrupt and Output on Overflow, Underflow, or Compare 
  91:Generated_Source\PSoC6\pdl\drivers/peripheral/tcpwm/cy_tcpwm.h **** * * Start, Reload, Stop, Swap (Capture), and Count Inputs
  92:Generated_Source\PSoC6\pdl\drivers/peripheral/tcpwm/cy_tcpwm.h **** * * Multiple Components can be synchronized together for applications 
  93:Generated_Source\PSoC6\pdl\drivers/peripheral/tcpwm/cy_tcpwm.h **** * such as three phase motor control
  94:Generated_Source\PSoC6\pdl\drivers/peripheral/tcpwm/cy_tcpwm.h **** *
  95:Generated_Source\PSoC6\pdl\drivers/peripheral/tcpwm/cy_tcpwm.h **** * \n
  96:Generated_Source\PSoC6\pdl\drivers/peripheral/tcpwm/cy_tcpwm.h **** * \b Quadrature \b Decoder
  97:Generated_Source\PSoC6\pdl\drivers/peripheral/tcpwm/cy_tcpwm.h **** *
  98:Generated_Source\PSoC6\pdl\drivers/peripheral/tcpwm/cy_tcpwm.h **** * A quadrature decoder is used to decode the output of a quadrature encoder. 
  99:Generated_Source\PSoC6\pdl\drivers/peripheral/tcpwm/cy_tcpwm.h **** * A quadrature encoder senses the position, velocity, and direction of 
 100:Generated_Source\PSoC6\pdl\drivers/peripheral/tcpwm/cy_tcpwm.h **** * an object (for example a rotating axle, or a spinning mouse ball). 
 101:Generated_Source\PSoC6\pdl\drivers/peripheral/tcpwm/cy_tcpwm.h **** * A quadrature decoder can also be used for precision measurement of speed, 
 102:Generated_Source\PSoC6\pdl\drivers/peripheral/tcpwm/cy_tcpwm.h **** * acceleration, and position of a motor's rotor, or with a rotary switch to 
 103:Generated_Source\PSoC6\pdl\drivers/peripheral/tcpwm/cy_tcpwm.h **** * determine user input. \n
 104:Generated_Source\PSoC6\pdl\drivers/peripheral/tcpwm/cy_tcpwm.h **** * 
 105:Generated_Source\PSoC6\pdl\drivers/peripheral/tcpwm/cy_tcpwm.h **** * The Quadrature Decoder has the following features:
 106:Generated_Source\PSoC6\pdl\drivers/peripheral/tcpwm/cy_tcpwm.h **** * * 16- or 32-bit Counter
 107:Generated_Source\PSoC6\pdl\drivers/peripheral/tcpwm/cy_tcpwm.h **** * * Counter Resolution of x1, x2, and x4 the frequency of the phiA (Count) and 
 108:Generated_Source\PSoC6\pdl\drivers/peripheral/tcpwm/cy_tcpwm.h **** * phiB (Start) inputs
 109:Generated_Source\PSoC6\pdl\drivers/peripheral/tcpwm/cy_tcpwm.h **** * * Index Input to determine absolute position
 110:Generated_Source\PSoC6\pdl\drivers/peripheral/tcpwm/cy_tcpwm.h **** * * A positive edge on phiA increments the counter when phiB is 0 and decrements
 111:Generated_Source\PSoC6\pdl\drivers/peripheral/tcpwm/cy_tcpwm.h **** * the counter when phiB is 1
 112:Generated_Source\PSoC6\pdl\drivers/peripheral/tcpwm/cy_tcpwm.h **** *
 113:Generated_Source\PSoC6\pdl\drivers/peripheral/tcpwm/cy_tcpwm.h **** * \section group_tcpwm_configuration Configuration Considerations
 114:Generated_Source\PSoC6\pdl\drivers/peripheral/tcpwm/cy_tcpwm.h **** *
 115:Generated_Source\PSoC6\pdl\drivers/peripheral/tcpwm/cy_tcpwm.h **** * For each mode, the TCPWM driver has a configuration structure, an Init 
 116:Generated_Source\PSoC6\pdl\drivers/peripheral/tcpwm/cy_tcpwm.h **** * function, and an Enable function. 
 117:Generated_Source\PSoC6\pdl\drivers/peripheral/tcpwm/cy_tcpwm.h **** *
 118:Generated_Source\PSoC6\pdl\drivers/peripheral/tcpwm/cy_tcpwm.h **** * Provide the configuration parameters in the appropriate structure (see
 119:Generated_Source\PSoC6\pdl\drivers/peripheral/tcpwm/cy_tcpwm.h **** * Counter \ref group_tcpwm_data_structures_counter, PWM 
 120:Generated_Source\PSoC6\pdl\drivers/peripheral/tcpwm/cy_tcpwm.h **** * \ref group_tcpwm_data_structures_pwm, or QuadDec 
 121:Generated_Source\PSoC6\pdl\drivers/peripheral/tcpwm/cy_tcpwm.h **** * \ref group_tcpwm_data_structures_quaddec). 
 122:Generated_Source\PSoC6\pdl\drivers/peripheral/tcpwm/cy_tcpwm.h **** * Then call the appropriate Init function: 
 123:Generated_Source\PSoC6\pdl\drivers/peripheral/tcpwm/cy_tcpwm.h **** * \ref Cy_TCPWM_Counter_Init, \ref Cy_TCPWM_PWM_Init, or 
 124:Generated_Source\PSoC6\pdl\drivers/peripheral/tcpwm/cy_tcpwm.h **** * \ref Cy_TCPWM_QuadDec_Init. Provide the address of the filled structure as a 
 125:Generated_Source\PSoC6\pdl\drivers/peripheral/tcpwm/cy_tcpwm.h **** * parameter. To enable the counter, call the appropriate Enable function: 
 126:Generated_Source\PSoC6\pdl\drivers/peripheral/tcpwm/cy_tcpwm.h **** * \ref Cy_TCPWM_Counter_Enable, \ref Cy_TCPWM_PWM_Enable, or 
 127:Generated_Source\PSoC6\pdl\drivers/peripheral/tcpwm/cy_tcpwm.h **** * \ref Cy_TCPWM_QuadDec_Enable).
 128:Generated_Source\PSoC6\pdl\drivers/peripheral/tcpwm/cy_tcpwm.h **** *
 129:Generated_Source\PSoC6\pdl\drivers/peripheral/tcpwm/cy_tcpwm.h **** * Many functions work with an individual counter. You can also manage multiple 
 130:Generated_Source\PSoC6\pdl\drivers/peripheral/tcpwm/cy_tcpwm.h **** * counters simultaneously for certain functions. These are listed in the 
 131:Generated_Source\PSoC6\pdl\drivers/peripheral/tcpwm/cy_tcpwm.h **** * \ref group_tcpwm_functions_common 
 132:Generated_Source\PSoC6\pdl\drivers/peripheral/tcpwm/cy_tcpwm.h **** * section of the TCPWM. You can enable, disable, or trigger (in various ways) 
 133:Generated_Source\PSoC6\pdl\drivers/peripheral/tcpwm/cy_tcpwm.h **** * multiple counters simultaneously. For these functions you provide a bit field 
 134:Generated_Source\PSoC6\pdl\drivers/peripheral/tcpwm/cy_tcpwm.h **** * representing each counter in the TCPWM you want to control. You can 
 135:Generated_Source\PSoC6\pdl\drivers/peripheral/tcpwm/cy_tcpwm.h **** * represent the bit field as an ORed mask of each counter, like 
 136:Generated_Source\PSoC6\pdl\drivers/peripheral/tcpwm/cy_tcpwm.h **** * ((1U << cntNumX) | (1U << cntNumX) | (1U << cntNumX)), where X is the counter 
ARM GAS  C:\Users\Finik\AppData\Local\Temp\ccY85NDM.s 			page 5


 137:Generated_Source\PSoC6\pdl\drivers/peripheral/tcpwm/cy_tcpwm.h **** * number from 0 to 31.
 138:Generated_Source\PSoC6\pdl\drivers/peripheral/tcpwm/cy_tcpwm.h **** *
 139:Generated_Source\PSoC6\pdl\drivers/peripheral/tcpwm/cy_tcpwm.h **** * \note
 140:Generated_Source\PSoC6\pdl\drivers/peripheral/tcpwm/cy_tcpwm.h **** * * If none of the input terminals (start, reload(index)) are used, the 
 141:Generated_Source\PSoC6\pdl\drivers/peripheral/tcpwm/cy_tcpwm.h **** * software event \ref Cy_TCPWM_TriggerStart or 
 142:Generated_Source\PSoC6\pdl\drivers/peripheral/tcpwm/cy_tcpwm.h **** * \ref Cy_TCPWM_TriggerReloadOrIndex must be called to start the counting.
 143:Generated_Source\PSoC6\pdl\drivers/peripheral/tcpwm/cy_tcpwm.h **** * * If count input terminal is not used, the \ref CY_TCPWM_INPUT_LEVEL macro 
 144:Generated_Source\PSoC6\pdl\drivers/peripheral/tcpwm/cy_tcpwm.h **** * should be set for the countInputMode parameter and the \ref CY_TCPWM_INPUT_1 
 145:Generated_Source\PSoC6\pdl\drivers/peripheral/tcpwm/cy_tcpwm.h **** * macro should be set for the countInput parameter in the configuration 
 146:Generated_Source\PSoC6\pdl\drivers/peripheral/tcpwm/cy_tcpwm.h **** * structure of the appropriate mode(Counter 
 147:Generated_Source\PSoC6\pdl\drivers/peripheral/tcpwm/cy_tcpwm.h **** * \ref group_tcpwm_data_structures_counter, PWM 
 148:Generated_Source\PSoC6\pdl\drivers/peripheral/tcpwm/cy_tcpwm.h **** * \ref group_tcpwm_data_structures_pwm, or QuadDec 
 149:Generated_Source\PSoC6\pdl\drivers/peripheral/tcpwm/cy_tcpwm.h **** * \ref group_tcpwm_data_structures_quaddec).
 150:Generated_Source\PSoC6\pdl\drivers/peripheral/tcpwm/cy_tcpwm.h **** *
 151:Generated_Source\PSoC6\pdl\drivers/peripheral/tcpwm/cy_tcpwm.h **** * \subsection group_tcpwm_pins Assign and Configure Pins
 152:Generated_Source\PSoC6\pdl\drivers/peripheral/tcpwm/cy_tcpwm.h **** * The dedicated TCPWM pins can be used. The HSIOM register must be configured to
 153:Generated_Source\PSoC6\pdl\drivers/peripheral/tcpwm/cy_tcpwm.h **** * connect the block to the pins. Use the \ref group_gpio driver API to do that.
 154:Generated_Source\PSoC6\pdl\drivers/peripheral/tcpwm/cy_tcpwm.h **** *
 155:Generated_Source\PSoC6\pdl\drivers/peripheral/tcpwm/cy_tcpwm.h **** * \snippet tcpwm\1.10\counter\snippet\main.c snippet_Cy_TCPWM_Pins
 156:Generated_Source\PSoC6\pdl\drivers/peripheral/tcpwm/cy_tcpwm.h **** *
 157:Generated_Source\PSoC6\pdl\drivers/peripheral/tcpwm/cy_tcpwm.h **** * \subsection group_tcpwm_clock Assign Clock Divider
 158:Generated_Source\PSoC6\pdl\drivers/peripheral/tcpwm/cy_tcpwm.h **** * The clock source must be connected to proper working.
 159:Generated_Source\PSoC6\pdl\drivers/peripheral/tcpwm/cy_tcpwm.h **** * Any of the peripheral clock dividers could be used. Use the  
 160:Generated_Source\PSoC6\pdl\drivers/peripheral/tcpwm/cy_tcpwm.h **** * \ref group_sysclk driver API to do that.
 161:Generated_Source\PSoC6\pdl\drivers/peripheral/tcpwm/cy_tcpwm.h **** *
 162:Generated_Source\PSoC6\pdl\drivers/peripheral/tcpwm/cy_tcpwm.h **** * \snippet tcpwm\1.10\counter\snippet\main.c snippet_Cy_TCPWM_Clock
 163:Generated_Source\PSoC6\pdl\drivers/peripheral/tcpwm/cy_tcpwm.h **** *
 164:Generated_Source\PSoC6\pdl\drivers/peripheral/tcpwm/cy_tcpwm.h **** * \section group_tcpwm_more_information More Information
 165:Generated_Source\PSoC6\pdl\drivers/peripheral/tcpwm/cy_tcpwm.h **** *
 166:Generated_Source\PSoC6\pdl\drivers/peripheral/tcpwm/cy_tcpwm.h **** * For more information on the TCPWM peripheral, refer to the technical 
 167:Generated_Source\PSoC6\pdl\drivers/peripheral/tcpwm/cy_tcpwm.h **** * reference manual (TRM).
 168:Generated_Source\PSoC6\pdl\drivers/peripheral/tcpwm/cy_tcpwm.h **** *
 169:Generated_Source\PSoC6\pdl\drivers/peripheral/tcpwm/cy_tcpwm.h **** * \section group_tcpwm_MISRA MISRA-C Compliance 
 170:Generated_Source\PSoC6\pdl\drivers/peripheral/tcpwm/cy_tcpwm.h **** * <table class="doxtable">
 171:Generated_Source\PSoC6\pdl\drivers/peripheral/tcpwm/cy_tcpwm.h **** *   <tr>
 172:Generated_Source\PSoC6\pdl\drivers/peripheral/tcpwm/cy_tcpwm.h **** *     <th>MISRA Rule</th>
 173:Generated_Source\PSoC6\pdl\drivers/peripheral/tcpwm/cy_tcpwm.h **** *     <th>Rule Class (Required/Advisory)</th>
 174:Generated_Source\PSoC6\pdl\drivers/peripheral/tcpwm/cy_tcpwm.h **** *     <th>Rule Description</th>
 175:Generated_Source\PSoC6\pdl\drivers/peripheral/tcpwm/cy_tcpwm.h **** *     <th>Description of Deviation(s)</th>
 176:Generated_Source\PSoC6\pdl\drivers/peripheral/tcpwm/cy_tcpwm.h **** *   </tr>
 177:Generated_Source\PSoC6\pdl\drivers/peripheral/tcpwm/cy_tcpwm.h **** *   <tr>
 178:Generated_Source\PSoC6\pdl\drivers/peripheral/tcpwm/cy_tcpwm.h **** *     <td>14.2</td>
 179:Generated_Source\PSoC6\pdl\drivers/peripheral/tcpwm/cy_tcpwm.h **** *     <td>R</td>
 180:Generated_Source\PSoC6\pdl\drivers/peripheral/tcpwm/cy_tcpwm.h **** *     <td>All non-null statements shall either: a) have at least one side-effect
 181:Generated_Source\PSoC6\pdl\drivers/peripheral/tcpwm/cy_tcpwm.h **** *         however executed, or b) cause control flow to change.</td>
 182:Generated_Source\PSoC6\pdl\drivers/peripheral/tcpwm/cy_tcpwm.h **** *     <td>The unused function parameters are cast to void. This statement
 183:Generated_Source\PSoC6\pdl\drivers/peripheral/tcpwm/cy_tcpwm.h **** *         has no side-effect and is used to suppress a compiler warning.</td>
 184:Generated_Source\PSoC6\pdl\drivers/peripheral/tcpwm/cy_tcpwm.h **** *   </tr>
 185:Generated_Source\PSoC6\pdl\drivers/peripheral/tcpwm/cy_tcpwm.h **** * </table>
 186:Generated_Source\PSoC6\pdl\drivers/peripheral/tcpwm/cy_tcpwm.h **** *
 187:Generated_Source\PSoC6\pdl\drivers/peripheral/tcpwm/cy_tcpwm.h **** * \section group_tcpwm_changelog Changelog
 188:Generated_Source\PSoC6\pdl\drivers/peripheral/tcpwm/cy_tcpwm.h **** * <table class="doxtable">
 189:Generated_Source\PSoC6\pdl\drivers/peripheral/tcpwm/cy_tcpwm.h **** *   <tr><th>Version</th><th>Changes</th><th>Reason for Change</th></tr>
 190:Generated_Source\PSoC6\pdl\drivers/peripheral/tcpwm/cy_tcpwm.h **** *   <tr>
 191:Generated_Source\PSoC6\pdl\drivers/peripheral/tcpwm/cy_tcpwm.h **** *     <td rowspan="2">1.10</td>
 192:Generated_Source\PSoC6\pdl\drivers/peripheral/tcpwm/cy_tcpwm.h **** *     <td>Flattened the organization of the driver source code into the single 
 193:Generated_Source\PSoC6\pdl\drivers/peripheral/tcpwm/cy_tcpwm.h **** *         source directory and the single include directory.
ARM GAS  C:\Users\Finik\AppData\Local\Temp\ccY85NDM.s 			page 6


 194:Generated_Source\PSoC6\pdl\drivers/peripheral/tcpwm/cy_tcpwm.h **** *     </td>
 195:Generated_Source\PSoC6\pdl\drivers/peripheral/tcpwm/cy_tcpwm.h **** *     <td>Driver library directory-structure simplification.</td>
 196:Generated_Source\PSoC6\pdl\drivers/peripheral/tcpwm/cy_tcpwm.h **** *   </tr>
 197:Generated_Source\PSoC6\pdl\drivers/peripheral/tcpwm/cy_tcpwm.h **** *   <tr>
 198:Generated_Source\PSoC6\pdl\drivers/peripheral/tcpwm/cy_tcpwm.h **** *     <td>Added register access layer. Use register access macros instead
 199:Generated_Source\PSoC6\pdl\drivers/peripheral/tcpwm/cy_tcpwm.h **** *         of direct register access using dereferenced pointers.</td>
 200:Generated_Source\PSoC6\pdl\drivers/peripheral/tcpwm/cy_tcpwm.h **** *     <td>Makes register access device-independent, so that the PDL does 
 201:Generated_Source\PSoC6\pdl\drivers/peripheral/tcpwm/cy_tcpwm.h **** *         not need to be recompiled for each supported part number.</td>
 202:Generated_Source\PSoC6\pdl\drivers/peripheral/tcpwm/cy_tcpwm.h **** *   </tr>
 203:Generated_Source\PSoC6\pdl\drivers/peripheral/tcpwm/cy_tcpwm.h **** *   <tr>
 204:Generated_Source\PSoC6\pdl\drivers/peripheral/tcpwm/cy_tcpwm.h **** *     <td>1.0.1</td>
 205:Generated_Source\PSoC6\pdl\drivers/peripheral/tcpwm/cy_tcpwm.h **** *     <td>Added a deviation to the MISRA Compliance section.
 206:Generated_Source\PSoC6\pdl\drivers/peripheral/tcpwm/cy_tcpwm.h **** *         Added function-level code snippets.</td>
 207:Generated_Source\PSoC6\pdl\drivers/peripheral/tcpwm/cy_tcpwm.h **** *     <td>Documentation update and clarification</td>
 208:Generated_Source\PSoC6\pdl\drivers/peripheral/tcpwm/cy_tcpwm.h **** *   </tr>
 209:Generated_Source\PSoC6\pdl\drivers/peripheral/tcpwm/cy_tcpwm.h **** *   <tr>
 210:Generated_Source\PSoC6\pdl\drivers/peripheral/tcpwm/cy_tcpwm.h **** *     <td>1.0</td>
 211:Generated_Source\PSoC6\pdl\drivers/peripheral/tcpwm/cy_tcpwm.h **** *     <td>Initial version</td>
 212:Generated_Source\PSoC6\pdl\drivers/peripheral/tcpwm/cy_tcpwm.h **** *     <td></td>
 213:Generated_Source\PSoC6\pdl\drivers/peripheral/tcpwm/cy_tcpwm.h **** *   </tr>
 214:Generated_Source\PSoC6\pdl\drivers/peripheral/tcpwm/cy_tcpwm.h **** * </table>
 215:Generated_Source\PSoC6\pdl\drivers/peripheral/tcpwm/cy_tcpwm.h **** */
 216:Generated_Source\PSoC6\pdl\drivers/peripheral/tcpwm/cy_tcpwm.h **** 
 217:Generated_Source\PSoC6\pdl\drivers/peripheral/tcpwm/cy_tcpwm.h **** /** \} group_tcpwm */
 218:Generated_Source\PSoC6\pdl\drivers/peripheral/tcpwm/cy_tcpwm.h **** 
 219:Generated_Source\PSoC6\pdl\drivers/peripheral/tcpwm/cy_tcpwm.h **** /**
 220:Generated_Source\PSoC6\pdl\drivers/peripheral/tcpwm/cy_tcpwm.h **** * \addtogroup group_tcpwm_common
 221:Generated_Source\PSoC6\pdl\drivers/peripheral/tcpwm/cy_tcpwm.h **** * Common API for the Timer Counter PWM Block.
 222:Generated_Source\PSoC6\pdl\drivers/peripheral/tcpwm/cy_tcpwm.h **** *
 223:Generated_Source\PSoC6\pdl\drivers/peripheral/tcpwm/cy_tcpwm.h **** * This is the common API that provides an interface to the TCPWM hardware.
 224:Generated_Source\PSoC6\pdl\drivers/peripheral/tcpwm/cy_tcpwm.h **** * The Timer Counter, PWM, and Quadrature Decoder drivers use this common API.
 225:Generated_Source\PSoC6\pdl\drivers/peripheral/tcpwm/cy_tcpwm.h **** * Most users will use individual drivers and do not need to use the common
 226:Generated_Source\PSoC6\pdl\drivers/peripheral/tcpwm/cy_tcpwm.h **** * API for the TCPWM.
 227:Generated_Source\PSoC6\pdl\drivers/peripheral/tcpwm/cy_tcpwm.h **** *
 228:Generated_Source\PSoC6\pdl\drivers/peripheral/tcpwm/cy_tcpwm.h **** * The functions and other declarations used in this part of the driver are in cy_tcpwm.h. 
 229:Generated_Source\PSoC6\pdl\drivers/peripheral/tcpwm/cy_tcpwm.h **** * Include either of cy_tcpwm_counter.h, cy_tcpwm_pwm.h, cy_tcpwm_quaddec.h 
 230:Generated_Source\PSoC6\pdl\drivers/peripheral/tcpwm/cy_tcpwm.h **** * depending on the desired functionality. You can also include cy_pdl.h 
 231:Generated_Source\PSoC6\pdl\drivers/peripheral/tcpwm/cy_tcpwm.h **** * to get access to all functions and declarations in the PDL.
 232:Generated_Source\PSoC6\pdl\drivers/peripheral/tcpwm/cy_tcpwm.h **** *
 233:Generated_Source\PSoC6\pdl\drivers/peripheral/tcpwm/cy_tcpwm.h **** * \{
 234:Generated_Source\PSoC6\pdl\drivers/peripheral/tcpwm/cy_tcpwm.h **** * \defgroup group_tcpwm_macros_common           Macros
 235:Generated_Source\PSoC6\pdl\drivers/peripheral/tcpwm/cy_tcpwm.h **** * \defgroup group_tcpwm_functions_common        Functions
 236:Generated_Source\PSoC6\pdl\drivers/peripheral/tcpwm/cy_tcpwm.h **** * \defgroup group_tcpwm_data_structures_common  Data Structures
 237:Generated_Source\PSoC6\pdl\drivers/peripheral/tcpwm/cy_tcpwm.h **** * \defgroup group_tcpwm_enums Enumerated Types
 238:Generated_Source\PSoC6\pdl\drivers/peripheral/tcpwm/cy_tcpwm.h **** */
 239:Generated_Source\PSoC6\pdl\drivers/peripheral/tcpwm/cy_tcpwm.h **** 
 240:Generated_Source\PSoC6\pdl\drivers/peripheral/tcpwm/cy_tcpwm.h **** 
 241:Generated_Source\PSoC6\pdl\drivers/peripheral/tcpwm/cy_tcpwm.h **** #if !defined(CY_TCPWM_H)
 242:Generated_Source\PSoC6\pdl\drivers/peripheral/tcpwm/cy_tcpwm.h **** #define CY_TCPWM_H
 243:Generated_Source\PSoC6\pdl\drivers/peripheral/tcpwm/cy_tcpwm.h **** 
 244:Generated_Source\PSoC6\pdl\drivers/peripheral/tcpwm/cy_tcpwm.h **** #include <stdint.h>
 245:Generated_Source\PSoC6\pdl\drivers/peripheral/tcpwm/cy_tcpwm.h **** #include <stdbool.h>
 246:Generated_Source\PSoC6\pdl\drivers/peripheral/tcpwm/cy_tcpwm.h **** #include <stddef.h>
 247:Generated_Source\PSoC6\pdl\drivers/peripheral/tcpwm/cy_tcpwm.h **** #include "cy_syslib.h"
 248:Generated_Source\PSoC6\pdl\drivers/peripheral/tcpwm/cy_tcpwm.h **** #include "cy_device_headers.h"
 249:Generated_Source\PSoC6\pdl\drivers/peripheral/tcpwm/cy_tcpwm.h **** #include "cy_device.h"
 250:Generated_Source\PSoC6\pdl\drivers/peripheral/tcpwm/cy_tcpwm.h **** 
ARM GAS  C:\Users\Finik\AppData\Local\Temp\ccY85NDM.s 			page 7


 251:Generated_Source\PSoC6\pdl\drivers/peripheral/tcpwm/cy_tcpwm.h **** #ifdef CY_IP_MXTCPWM
 252:Generated_Source\PSoC6\pdl\drivers/peripheral/tcpwm/cy_tcpwm.h **** 
 253:Generated_Source\PSoC6\pdl\drivers/peripheral/tcpwm/cy_tcpwm.h **** #if defined(__cplusplus)
 254:Generated_Source\PSoC6\pdl\drivers/peripheral/tcpwm/cy_tcpwm.h **** extern "C" {
 255:Generated_Source\PSoC6\pdl\drivers/peripheral/tcpwm/cy_tcpwm.h **** #endif
 256:Generated_Source\PSoC6\pdl\drivers/peripheral/tcpwm/cy_tcpwm.h **** 
 257:Generated_Source\PSoC6\pdl\drivers/peripheral/tcpwm/cy_tcpwm.h **** /**
 258:Generated_Source\PSoC6\pdl\drivers/peripheral/tcpwm/cy_tcpwm.h **** * \addtogroup group_tcpwm_macros_common
 259:Generated_Source\PSoC6\pdl\drivers/peripheral/tcpwm/cy_tcpwm.h **** * \{
 260:Generated_Source\PSoC6\pdl\drivers/peripheral/tcpwm/cy_tcpwm.h **** */
 261:Generated_Source\PSoC6\pdl\drivers/peripheral/tcpwm/cy_tcpwm.h **** 
 262:Generated_Source\PSoC6\pdl\drivers/peripheral/tcpwm/cy_tcpwm.h **** /** Driver major version */
 263:Generated_Source\PSoC6\pdl\drivers/peripheral/tcpwm/cy_tcpwm.h **** #define CY_TCPWM_DRV_VERSION_MAJOR       1
 264:Generated_Source\PSoC6\pdl\drivers/peripheral/tcpwm/cy_tcpwm.h **** 
 265:Generated_Source\PSoC6\pdl\drivers/peripheral/tcpwm/cy_tcpwm.h **** /** Driver minor version */
 266:Generated_Source\PSoC6\pdl\drivers/peripheral/tcpwm/cy_tcpwm.h **** #define CY_TCPWM_DRV_VERSION_MINOR       10
 267:Generated_Source\PSoC6\pdl\drivers/peripheral/tcpwm/cy_tcpwm.h **** 
 268:Generated_Source\PSoC6\pdl\drivers/peripheral/tcpwm/cy_tcpwm.h **** 
 269:Generated_Source\PSoC6\pdl\drivers/peripheral/tcpwm/cy_tcpwm.h **** /******************************************************************************
 270:Generated_Source\PSoC6\pdl\drivers/peripheral/tcpwm/cy_tcpwm.h **** * API Constants
 271:Generated_Source\PSoC6\pdl\drivers/peripheral/tcpwm/cy_tcpwm.h **** ******************************************************************************/
 272:Generated_Source\PSoC6\pdl\drivers/peripheral/tcpwm/cy_tcpwm.h **** 
 273:Generated_Source\PSoC6\pdl\drivers/peripheral/tcpwm/cy_tcpwm.h **** /** TCPWM driver identifier */
 274:Generated_Source\PSoC6\pdl\drivers/peripheral/tcpwm/cy_tcpwm.h **** #define CY_TCPWM_ID                     (CY_PDL_DRV_ID(0x2DU))
 275:Generated_Source\PSoC6\pdl\drivers/peripheral/tcpwm/cy_tcpwm.h **** 
 276:Generated_Source\PSoC6\pdl\drivers/peripheral/tcpwm/cy_tcpwm.h **** /** \defgroup group_tcpwm_input_selection  TCPWM Input Selection
 277:Generated_Source\PSoC6\pdl\drivers/peripheral/tcpwm/cy_tcpwm.h **** * \{
 278:Generated_Source\PSoC6\pdl\drivers/peripheral/tcpwm/cy_tcpwm.h **** * Selects which input to use
 279:Generated_Source\PSoC6\pdl\drivers/peripheral/tcpwm/cy_tcpwm.h **** */
 280:Generated_Source\PSoC6\pdl\drivers/peripheral/tcpwm/cy_tcpwm.h **** #define CY_TCPWM_INPUT_0                (0U)  /**< Input is tied to logic 0 */
 281:Generated_Source\PSoC6\pdl\drivers/peripheral/tcpwm/cy_tcpwm.h **** #define CY_TCPWM_INPUT_1                (1U)  /**< Input is tied to logic 1 */
 282:Generated_Source\PSoC6\pdl\drivers/peripheral/tcpwm/cy_tcpwm.h **** #define CY_TCPWM_INPUT_TRIG_0           (2U)  /**< Input is connected to the trigger input 0 */
 283:Generated_Source\PSoC6\pdl\drivers/peripheral/tcpwm/cy_tcpwm.h **** #define CY_TCPWM_INPUT_TRIG_1           (3U)  /**< Input is connected to the trigger input 1 */
 284:Generated_Source\PSoC6\pdl\drivers/peripheral/tcpwm/cy_tcpwm.h **** #define CY_TCPWM_INPUT_TRIG_2           (4U)  /**< Input is connected to the trigger input 2 */
 285:Generated_Source\PSoC6\pdl\drivers/peripheral/tcpwm/cy_tcpwm.h **** #define CY_TCPWM_INPUT_TRIG_3           (5U)  /**< Input is connected to the trigger input 3 */
 286:Generated_Source\PSoC6\pdl\drivers/peripheral/tcpwm/cy_tcpwm.h **** #define CY_TCPWM_INPUT_TRIG_4           (6U)  /**< Input is connected to the trigger input 4 */
 287:Generated_Source\PSoC6\pdl\drivers/peripheral/tcpwm/cy_tcpwm.h **** #define CY_TCPWM_INPUT_TRIG_5           (7U)  /**< Input is connected to the trigger input 5 */
 288:Generated_Source\PSoC6\pdl\drivers/peripheral/tcpwm/cy_tcpwm.h **** #define CY_TCPWM_INPUT_TRIG_6           (8U)  /**< Input is connected to the trigger input 6 */
 289:Generated_Source\PSoC6\pdl\drivers/peripheral/tcpwm/cy_tcpwm.h **** #define CY_TCPWM_INPUT_TRIG_7           (9U)  /**< Input is connected to the trigger input 7 */
 290:Generated_Source\PSoC6\pdl\drivers/peripheral/tcpwm/cy_tcpwm.h **** #define CY_TCPWM_INPUT_TRIG_8           (10U) /**< Input is connected to the trigger input 8 */
 291:Generated_Source\PSoC6\pdl\drivers/peripheral/tcpwm/cy_tcpwm.h **** #define CY_TCPWM_INPUT_TRIG_9           (11U) /**< Input is connected to the trigger input 9 */
 292:Generated_Source\PSoC6\pdl\drivers/peripheral/tcpwm/cy_tcpwm.h **** #define CY_TCPWM_INPUT_TRIG_10          (12U) /**< Input is connected to the trigger input 10 */
 293:Generated_Source\PSoC6\pdl\drivers/peripheral/tcpwm/cy_tcpwm.h **** #define CY_TCPWM_INPUT_TRIG_11          (13U) /**< Input is connected to the trigger input 11 */
 294:Generated_Source\PSoC6\pdl\drivers/peripheral/tcpwm/cy_tcpwm.h **** #define CY_TCPWM_INPUT_TRIG_12          (14U) /**< Input is connected to the trigger input 12 */
 295:Generated_Source\PSoC6\pdl\drivers/peripheral/tcpwm/cy_tcpwm.h **** #define CY_TCPWM_INPUT_TRIG_13          (15U) /**< Input is connected to the trigger input 13 */
 296:Generated_Source\PSoC6\pdl\drivers/peripheral/tcpwm/cy_tcpwm.h **** 
 297:Generated_Source\PSoC6\pdl\drivers/peripheral/tcpwm/cy_tcpwm.h **** /** Input is defined by Creator, and Init() function does not need to configure input */
 298:Generated_Source\PSoC6\pdl\drivers/peripheral/tcpwm/cy_tcpwm.h **** #define CY_TCPWM_INPUT_CREATOR          (0xFFFFFFFFU)
 299:Generated_Source\PSoC6\pdl\drivers/peripheral/tcpwm/cy_tcpwm.h **** /** \} group_tcpwm_input_selection */
 300:Generated_Source\PSoC6\pdl\drivers/peripheral/tcpwm/cy_tcpwm.h **** 
 301:Generated_Source\PSoC6\pdl\drivers/peripheral/tcpwm/cy_tcpwm.h **** /**
 302:Generated_Source\PSoC6\pdl\drivers/peripheral/tcpwm/cy_tcpwm.h **** * \defgroup group_tcpwm_input_modes  Input Modes
 303:Generated_Source\PSoC6\pdl\drivers/peripheral/tcpwm/cy_tcpwm.h **** * \{
 304:Generated_Source\PSoC6\pdl\drivers/peripheral/tcpwm/cy_tcpwm.h **** * Configures how TCPWM inputs behave
 305:Generated_Source\PSoC6\pdl\drivers/peripheral/tcpwm/cy_tcpwm.h **** */
 306:Generated_Source\PSoC6\pdl\drivers/peripheral/tcpwm/cy_tcpwm.h **** /** A rising edge triggers the event (Capture, Start, Reload, etc..) */
 307:Generated_Source\PSoC6\pdl\drivers/peripheral/tcpwm/cy_tcpwm.h **** #define CY_TCPWM_INPUT_RISINGEDGE       (0U)
ARM GAS  C:\Users\Finik\AppData\Local\Temp\ccY85NDM.s 			page 8


 308:Generated_Source\PSoC6\pdl\drivers/peripheral/tcpwm/cy_tcpwm.h **** /** A falling edge triggers the event (Capture, Start, Reload, etc..) */
 309:Generated_Source\PSoC6\pdl\drivers/peripheral/tcpwm/cy_tcpwm.h **** #define CY_TCPWM_INPUT_FALLINGEDGE      (1U)
 310:Generated_Source\PSoC6\pdl\drivers/peripheral/tcpwm/cy_tcpwm.h **** /** A rising edge or falling edge triggers the event (Capture, Start, Reload, etc..) */
 311:Generated_Source\PSoC6\pdl\drivers/peripheral/tcpwm/cy_tcpwm.h **** #define CY_TCPWM_INPUT_EITHEREDGE       (2U)
 312:Generated_Source\PSoC6\pdl\drivers/peripheral/tcpwm/cy_tcpwm.h **** /** The event is triggered on each edge of the TCPWM clock if the input is high */
 313:Generated_Source\PSoC6\pdl\drivers/peripheral/tcpwm/cy_tcpwm.h **** #define CY_TCPWM_INPUT_LEVEL            (3U)
 314:Generated_Source\PSoC6\pdl\drivers/peripheral/tcpwm/cy_tcpwm.h **** /** \} group_tcpwm_input_modes */
 315:Generated_Source\PSoC6\pdl\drivers/peripheral/tcpwm/cy_tcpwm.h **** 
 316:Generated_Source\PSoC6\pdl\drivers/peripheral/tcpwm/cy_tcpwm.h **** /**
 317:Generated_Source\PSoC6\pdl\drivers/peripheral/tcpwm/cy_tcpwm.h **** * \defgroup group_tcpwm_interrupt_sources  Interrupt Sources
 318:Generated_Source\PSoC6\pdl\drivers/peripheral/tcpwm/cy_tcpwm.h **** * \{
 319:Generated_Source\PSoC6\pdl\drivers/peripheral/tcpwm/cy_tcpwm.h **** * Interrupt Sources 
 320:Generated_Source\PSoC6\pdl\drivers/peripheral/tcpwm/cy_tcpwm.h **** */
 321:Generated_Source\PSoC6\pdl\drivers/peripheral/tcpwm/cy_tcpwm.h **** #define CY_TCPWM_INT_ON_TC              (1U) /**< Interrupt on Terminal count(TC) */
 322:Generated_Source\PSoC6\pdl\drivers/peripheral/tcpwm/cy_tcpwm.h **** #define CY_TCPWM_INT_ON_CC              (2U) /**< Interrupt on Compare/Capture(CC) */
 323:Generated_Source\PSoC6\pdl\drivers/peripheral/tcpwm/cy_tcpwm.h **** #define CY_TCPWM_INT_NONE               (0U) /**< No Interrupt */
 324:Generated_Source\PSoC6\pdl\drivers/peripheral/tcpwm/cy_tcpwm.h **** #define CY_TCPWM_INT_ON_CC_OR_TC        (3U) /**< Interrupt on TC or CC */
 325:Generated_Source\PSoC6\pdl\drivers/peripheral/tcpwm/cy_tcpwm.h **** /** \} group_tcpwm_interrupt_sources */
 326:Generated_Source\PSoC6\pdl\drivers/peripheral/tcpwm/cy_tcpwm.h **** 
 327:Generated_Source\PSoC6\pdl\drivers/peripheral/tcpwm/cy_tcpwm.h **** 
 328:Generated_Source\PSoC6\pdl\drivers/peripheral/tcpwm/cy_tcpwm.h **** /***************************************
 329:Generated_Source\PSoC6\pdl\drivers/peripheral/tcpwm/cy_tcpwm.h **** *        Registers Constants
 330:Generated_Source\PSoC6\pdl\drivers/peripheral/tcpwm/cy_tcpwm.h **** ***************************************/
 331:Generated_Source\PSoC6\pdl\drivers/peripheral/tcpwm/cy_tcpwm.h **** 
 332:Generated_Source\PSoC6\pdl\drivers/peripheral/tcpwm/cy_tcpwm.h **** /**
 333:Generated_Source\PSoC6\pdl\drivers/peripheral/tcpwm/cy_tcpwm.h **** * \defgroup group_tcpwm_reg_const Default registers constants
 334:Generated_Source\PSoC6\pdl\drivers/peripheral/tcpwm/cy_tcpwm.h **** * \{
 335:Generated_Source\PSoC6\pdl\drivers/peripheral/tcpwm/cy_tcpwm.h **** * Default constants for CNT Registers
 336:Generated_Source\PSoC6\pdl\drivers/peripheral/tcpwm/cy_tcpwm.h **** */
 337:Generated_Source\PSoC6\pdl\drivers/peripheral/tcpwm/cy_tcpwm.h **** #define CY_TCPWM_CNT_CTRL_DEFAULT           (0x0U) /**< Default value for CTRL register */
 338:Generated_Source\PSoC6\pdl\drivers/peripheral/tcpwm/cy_tcpwm.h **** #define CY_TCPWM_CNT_COUNTER_DEFAULT        (0x0U) /**< Default value for COUNTER register */
 339:Generated_Source\PSoC6\pdl\drivers/peripheral/tcpwm/cy_tcpwm.h **** #define CY_TCPWM_CNT_CC_DEFAULT             (0xFFFFFFFFU) /**< Default value for CC register */
 340:Generated_Source\PSoC6\pdl\drivers/peripheral/tcpwm/cy_tcpwm.h **** #define CY_TCPWM_CNT_CC_BUFF_DEFAULT        (0xFFFFFFFFU) /**< Default value for CC_BUFF register *
 341:Generated_Source\PSoC6\pdl\drivers/peripheral/tcpwm/cy_tcpwm.h **** #define CY_TCPWM_CNT_PERIOD_DEFAULT         (0xFFFFFFFFU) /**< Default value for PERIOD register */
 342:Generated_Source\PSoC6\pdl\drivers/peripheral/tcpwm/cy_tcpwm.h **** #define CY_TCPWM_CNT_PERIOD_BUFF_DEFAULT    (0xFFFFFFFFU) /**< Default value for PERIOD_BUFF regist
 343:Generated_Source\PSoC6\pdl\drivers/peripheral/tcpwm/cy_tcpwm.h **** #define CY_TCPWM_CNT_TR_CTRL0_DEFAULT       (0x10U)  /**< Default value for TR_CTRL0 register */
 344:Generated_Source\PSoC6\pdl\drivers/peripheral/tcpwm/cy_tcpwm.h **** #define CY_TCPWM_CNT_TR_CTRL1_DEFAULT       (0x3FFU) /**< Default value for TR_CTRL1 register */
 345:Generated_Source\PSoC6\pdl\drivers/peripheral/tcpwm/cy_tcpwm.h **** #define CY_TCPWM_CNT_TR_CTRL2_DEFAULT       (0x3FU)  /**< Default value for TR_CTRL2 register */
 346:Generated_Source\PSoC6\pdl\drivers/peripheral/tcpwm/cy_tcpwm.h **** #define CY_TCPWM_CNT_INTR_DEFAULT           (0x3U)   /**< Default value for INTR register */
 347:Generated_Source\PSoC6\pdl\drivers/peripheral/tcpwm/cy_tcpwm.h **** #define CY_TCPWM_CNT_INTR_SET_DEFAULT       (0x0U)   /**< Default value for INTR_SET register */
 348:Generated_Source\PSoC6\pdl\drivers/peripheral/tcpwm/cy_tcpwm.h **** #define CY_TCPWM_CNT_INTR_MASK_DEFAULT      (0x0U)   /**< Default value for INTR_MASK register */
 349:Generated_Source\PSoC6\pdl\drivers/peripheral/tcpwm/cy_tcpwm.h **** /** \} group_tcpwm_reg_const */
 350:Generated_Source\PSoC6\pdl\drivers/peripheral/tcpwm/cy_tcpwm.h **** 
 351:Generated_Source\PSoC6\pdl\drivers/peripheral/tcpwm/cy_tcpwm.h **** /** Position of Up counting counter status */
 352:Generated_Source\PSoC6\pdl\drivers/peripheral/tcpwm/cy_tcpwm.h **** #define CY_TCPWM_CNT_STATUS_UP_POS          (0x1U)
 353:Generated_Source\PSoC6\pdl\drivers/peripheral/tcpwm/cy_tcpwm.h **** /** Initial value for the counter in the Up counting mode */
 354:Generated_Source\PSoC6\pdl\drivers/peripheral/tcpwm/cy_tcpwm.h **** #define CY_TCPWM_CNT_UP_INIT_VAL            (0x0U)
 355:Generated_Source\PSoC6\pdl\drivers/peripheral/tcpwm/cy_tcpwm.h **** /** Initial value for the counter in the Up/Down counting modes */
 356:Generated_Source\PSoC6\pdl\drivers/peripheral/tcpwm/cy_tcpwm.h **** #define CY_TCPWM_CNT_UP_DOWN_INIT_VAL       (0x1U)
 357:Generated_Source\PSoC6\pdl\drivers/peripheral/tcpwm/cy_tcpwm.h **** /** \} group_tcpwm_macros_common */
 358:Generated_Source\PSoC6\pdl\drivers/peripheral/tcpwm/cy_tcpwm.h **** 
 359:Generated_Source\PSoC6\pdl\drivers/peripheral/tcpwm/cy_tcpwm.h **** 
 360:Generated_Source\PSoC6\pdl\drivers/peripheral/tcpwm/cy_tcpwm.h **** /*******************************************************************************
 361:Generated_Source\PSoC6\pdl\drivers/peripheral/tcpwm/cy_tcpwm.h ****  * Enumerations
 362:Generated_Source\PSoC6\pdl\drivers/peripheral/tcpwm/cy_tcpwm.h ****  ******************************************************************************/
 363:Generated_Source\PSoC6\pdl\drivers/peripheral/tcpwm/cy_tcpwm.h **** 
 364:Generated_Source\PSoC6\pdl\drivers/peripheral/tcpwm/cy_tcpwm.h ****  /**
ARM GAS  C:\Users\Finik\AppData\Local\Temp\ccY85NDM.s 			page 9


 365:Generated_Source\PSoC6\pdl\drivers/peripheral/tcpwm/cy_tcpwm.h **** * \addtogroup group_tcpwm_enums
 366:Generated_Source\PSoC6\pdl\drivers/peripheral/tcpwm/cy_tcpwm.h **** * \{
 367:Generated_Source\PSoC6\pdl\drivers/peripheral/tcpwm/cy_tcpwm.h **** */
 368:Generated_Source\PSoC6\pdl\drivers/peripheral/tcpwm/cy_tcpwm.h **** 
 369:Generated_Source\PSoC6\pdl\drivers/peripheral/tcpwm/cy_tcpwm.h **** /** TCPWM status definitions */
 370:Generated_Source\PSoC6\pdl\drivers/peripheral/tcpwm/cy_tcpwm.h **** typedef enum 
 371:Generated_Source\PSoC6\pdl\drivers/peripheral/tcpwm/cy_tcpwm.h **** {
 372:Generated_Source\PSoC6\pdl\drivers/peripheral/tcpwm/cy_tcpwm.h ****     CY_TCPWM_SUCCESS = 0x00U,                                           /**< Successful */
 373:Generated_Source\PSoC6\pdl\drivers/peripheral/tcpwm/cy_tcpwm.h ****     CY_TCPWM_BAD_PARAM = CY_TCPWM_ID | CY_PDL_STATUS_ERROR | 0x01U,     /**< One or more invalid pa
 374:Generated_Source\PSoC6\pdl\drivers/peripheral/tcpwm/cy_tcpwm.h **** } cy_en_tcpwm_status_t;
 375:Generated_Source\PSoC6\pdl\drivers/peripheral/tcpwm/cy_tcpwm.h **** /** \} group_tcpwm_enums */
 376:Generated_Source\PSoC6\pdl\drivers/peripheral/tcpwm/cy_tcpwm.h ****  
 377:Generated_Source\PSoC6\pdl\drivers/peripheral/tcpwm/cy_tcpwm.h **** /*******************************************************************************
 378:Generated_Source\PSoC6\pdl\drivers/peripheral/tcpwm/cy_tcpwm.h **** *        Function Prototypes
 379:Generated_Source\PSoC6\pdl\drivers/peripheral/tcpwm/cy_tcpwm.h **** *******************************************************************************/
 380:Generated_Source\PSoC6\pdl\drivers/peripheral/tcpwm/cy_tcpwm.h **** 
 381:Generated_Source\PSoC6\pdl\drivers/peripheral/tcpwm/cy_tcpwm.h **** /**
 382:Generated_Source\PSoC6\pdl\drivers/peripheral/tcpwm/cy_tcpwm.h **** * \addtogroup group_tcpwm_functions_common
 383:Generated_Source\PSoC6\pdl\drivers/peripheral/tcpwm/cy_tcpwm.h **** * \{
 384:Generated_Source\PSoC6\pdl\drivers/peripheral/tcpwm/cy_tcpwm.h **** */
 385:Generated_Source\PSoC6\pdl\drivers/peripheral/tcpwm/cy_tcpwm.h **** 
 386:Generated_Source\PSoC6\pdl\drivers/peripheral/tcpwm/cy_tcpwm.h **** __STATIC_INLINE void Cy_TCPWM_Enable_Multiple(TCPWM_Type *base, uint32_t counters);
 387:Generated_Source\PSoC6\pdl\drivers/peripheral/tcpwm/cy_tcpwm.h **** __STATIC_INLINE void Cy_TCPWM_Disable_Multiple(TCPWM_Type *base, uint32_t counters);
 388:Generated_Source\PSoC6\pdl\drivers/peripheral/tcpwm/cy_tcpwm.h **** __STATIC_INLINE void Cy_TCPWM_TriggerStart(TCPWM_Type *base, uint32_t counters);
 389:Generated_Source\PSoC6\pdl\drivers/peripheral/tcpwm/cy_tcpwm.h **** __STATIC_INLINE void Cy_TCPWM_TriggerReloadOrIndex(TCPWM_Type *base, uint32_t counters);
 390:Generated_Source\PSoC6\pdl\drivers/peripheral/tcpwm/cy_tcpwm.h **** __STATIC_INLINE void Cy_TCPWM_TriggerStopOrKill(TCPWM_Type *base, uint32_t counters);
 391:Generated_Source\PSoC6\pdl\drivers/peripheral/tcpwm/cy_tcpwm.h **** __STATIC_INLINE void Cy_TCPWM_TriggerCaptureOrSwap(TCPWM_Type *base, uint32_t counters);
 392:Generated_Source\PSoC6\pdl\drivers/peripheral/tcpwm/cy_tcpwm.h **** __STATIC_INLINE uint32_t Cy_TCPWM_GetInterruptStatus(TCPWM_Type const *base, uint32_t cntNum);
 393:Generated_Source\PSoC6\pdl\drivers/peripheral/tcpwm/cy_tcpwm.h **** __STATIC_INLINE void Cy_TCPWM_ClearInterrupt(TCPWM_Type *base, uint32_t cntNum, uint32_t source);
 394:Generated_Source\PSoC6\pdl\drivers/peripheral/tcpwm/cy_tcpwm.h **** __STATIC_INLINE void Cy_TCPWM_SetInterrupt(TCPWM_Type *base, uint32_t cntNum, uint32_t source);
 395:Generated_Source\PSoC6\pdl\drivers/peripheral/tcpwm/cy_tcpwm.h **** __STATIC_INLINE void Cy_TCPWM_SetInterruptMask(TCPWM_Type *base, uint32_t cntNum, uint32_t mask);
 396:Generated_Source\PSoC6\pdl\drivers/peripheral/tcpwm/cy_tcpwm.h **** __STATIC_INLINE uint32_t Cy_TCPWM_GetInterruptMask(TCPWM_Type const *base, uint32_t cntNum);
 397:Generated_Source\PSoC6\pdl\drivers/peripheral/tcpwm/cy_tcpwm.h **** __STATIC_INLINE uint32_t Cy_TCPWM_GetInterruptStatusMasked(TCPWM_Type const *base, uint32_t cntNum)
 398:Generated_Source\PSoC6\pdl\drivers/peripheral/tcpwm/cy_tcpwm.h **** 
 399:Generated_Source\PSoC6\pdl\drivers/peripheral/tcpwm/cy_tcpwm.h **** 
 400:Generated_Source\PSoC6\pdl\drivers/peripheral/tcpwm/cy_tcpwm.h **** /*******************************************************************************
 401:Generated_Source\PSoC6\pdl\drivers/peripheral/tcpwm/cy_tcpwm.h **** * Function Name: Cy_TCPWM_Enable_Multiple
 402:Generated_Source\PSoC6\pdl\drivers/peripheral/tcpwm/cy_tcpwm.h **** ****************************************************************************//**
 403:Generated_Source\PSoC6\pdl\drivers/peripheral/tcpwm/cy_tcpwm.h **** *
 404:Generated_Source\PSoC6\pdl\drivers/peripheral/tcpwm/cy_tcpwm.h **** * Enables the counter(s) in the TCPWM block. Multiple blocks can be started 
 405:Generated_Source\PSoC6\pdl\drivers/peripheral/tcpwm/cy_tcpwm.h **** * simultaneously.
 406:Generated_Source\PSoC6\pdl\drivers/peripheral/tcpwm/cy_tcpwm.h **** *
 407:Generated_Source\PSoC6\pdl\drivers/peripheral/tcpwm/cy_tcpwm.h **** * \param base
 408:Generated_Source\PSoC6\pdl\drivers/peripheral/tcpwm/cy_tcpwm.h **** * The pointer to a TCPWM instance.
 409:Generated_Source\PSoC6\pdl\drivers/peripheral/tcpwm/cy_tcpwm.h **** *
 410:Generated_Source\PSoC6\pdl\drivers/peripheral/tcpwm/cy_tcpwm.h **** * \param counters
 411:Generated_Source\PSoC6\pdl\drivers/peripheral/tcpwm/cy_tcpwm.h **** * A bit field representing each counter in the TCPWM block.
 412:Generated_Source\PSoC6\pdl\drivers/peripheral/tcpwm/cy_tcpwm.h **** *
 413:Generated_Source\PSoC6\pdl\drivers/peripheral/tcpwm/cy_tcpwm.h **** * \funcusage
 414:Generated_Source\PSoC6\pdl\drivers/peripheral/tcpwm/cy_tcpwm.h **** * \snippet tcpwm\1.10\counter\snippet\main.c snippet_Cy_TCPWM_Enable_Multiple
 415:Generated_Source\PSoC6\pdl\drivers/peripheral/tcpwm/cy_tcpwm.h **** *
 416:Generated_Source\PSoC6\pdl\drivers/peripheral/tcpwm/cy_tcpwm.h **** *******************************************************************************/
 417:Generated_Source\PSoC6\pdl\drivers/peripheral/tcpwm/cy_tcpwm.h **** __STATIC_INLINE void Cy_TCPWM_Enable_Multiple(TCPWM_Type *base, uint32_t counters)
 418:Generated_Source\PSoC6\pdl\drivers/peripheral/tcpwm/cy_tcpwm.h **** {
 419:Generated_Source\PSoC6\pdl\drivers/peripheral/tcpwm/cy_tcpwm.h ****     TCPWM_CTRL_SET(base) = counters;
 420:Generated_Source\PSoC6\pdl\drivers/peripheral/tcpwm/cy_tcpwm.h **** }
 421:Generated_Source\PSoC6\pdl\drivers/peripheral/tcpwm/cy_tcpwm.h **** 
ARM GAS  C:\Users\Finik\AppData\Local\Temp\ccY85NDM.s 			page 10


 422:Generated_Source\PSoC6\pdl\drivers/peripheral/tcpwm/cy_tcpwm.h **** 
 423:Generated_Source\PSoC6\pdl\drivers/peripheral/tcpwm/cy_tcpwm.h **** /*******************************************************************************
 424:Generated_Source\PSoC6\pdl\drivers/peripheral/tcpwm/cy_tcpwm.h **** * Function Name: Cy_TCPWM_Disable_Multiple
 425:Generated_Source\PSoC6\pdl\drivers/peripheral/tcpwm/cy_tcpwm.h **** ****************************************************************************//**
 426:Generated_Source\PSoC6\pdl\drivers/peripheral/tcpwm/cy_tcpwm.h **** *
 427:Generated_Source\PSoC6\pdl\drivers/peripheral/tcpwm/cy_tcpwm.h **** * Disables the counter(s) in the TCPWM block. Multiple TCPWM can be disabled 
 428:Generated_Source\PSoC6\pdl\drivers/peripheral/tcpwm/cy_tcpwm.h **** * simultaneously.
 429:Generated_Source\PSoC6\pdl\drivers/peripheral/tcpwm/cy_tcpwm.h **** *
 430:Generated_Source\PSoC6\pdl\drivers/peripheral/tcpwm/cy_tcpwm.h **** * \param base
 431:Generated_Source\PSoC6\pdl\drivers/peripheral/tcpwm/cy_tcpwm.h **** * The pointer to a TCPWM instance.
 432:Generated_Source\PSoC6\pdl\drivers/peripheral/tcpwm/cy_tcpwm.h **** *
 433:Generated_Source\PSoC6\pdl\drivers/peripheral/tcpwm/cy_tcpwm.h **** * \param counters
 434:Generated_Source\PSoC6\pdl\drivers/peripheral/tcpwm/cy_tcpwm.h **** * A bit field representing each counter in the TCPWM block.
 435:Generated_Source\PSoC6\pdl\drivers/peripheral/tcpwm/cy_tcpwm.h **** *
 436:Generated_Source\PSoC6\pdl\drivers/peripheral/tcpwm/cy_tcpwm.h **** * \funcusage
 437:Generated_Source\PSoC6\pdl\drivers/peripheral/tcpwm/cy_tcpwm.h **** * \snippet tcpwm\1.10\counter\snippet\main.c snippet_Cy_TCPWM_Disable_Multiple
 438:Generated_Source\PSoC6\pdl\drivers/peripheral/tcpwm/cy_tcpwm.h **** *
 439:Generated_Source\PSoC6\pdl\drivers/peripheral/tcpwm/cy_tcpwm.h **** *******************************************************************************/
 440:Generated_Source\PSoC6\pdl\drivers/peripheral/tcpwm/cy_tcpwm.h **** __STATIC_INLINE void Cy_TCPWM_Disable_Multiple(TCPWM_Type *base, uint32_t counters)
 441:Generated_Source\PSoC6\pdl\drivers/peripheral/tcpwm/cy_tcpwm.h **** {
 442:Generated_Source\PSoC6\pdl\drivers/peripheral/tcpwm/cy_tcpwm.h ****     TCPWM_CTRL_CLR(base) = counters;
 443:Generated_Source\PSoC6\pdl\drivers/peripheral/tcpwm/cy_tcpwm.h **** }
 444:Generated_Source\PSoC6\pdl\drivers/peripheral/tcpwm/cy_tcpwm.h **** 
 445:Generated_Source\PSoC6\pdl\drivers/peripheral/tcpwm/cy_tcpwm.h **** 
 446:Generated_Source\PSoC6\pdl\drivers/peripheral/tcpwm/cy_tcpwm.h **** /*******************************************************************************
 447:Generated_Source\PSoC6\pdl\drivers/peripheral/tcpwm/cy_tcpwm.h **** * Function Name: Cy_TCPWM_TriggerStart
 448:Generated_Source\PSoC6\pdl\drivers/peripheral/tcpwm/cy_tcpwm.h **** ****************************************************************************//**
 449:Generated_Source\PSoC6\pdl\drivers/peripheral/tcpwm/cy_tcpwm.h **** *
 450:Generated_Source\PSoC6\pdl\drivers/peripheral/tcpwm/cy_tcpwm.h **** * Triggers a software start on the selected TCPWMs.
 451:Generated_Source\PSoC6\pdl\drivers/peripheral/tcpwm/cy_tcpwm.h **** *
 452:Generated_Source\PSoC6\pdl\drivers/peripheral/tcpwm/cy_tcpwm.h **** * \param base
 453:Generated_Source\PSoC6\pdl\drivers/peripheral/tcpwm/cy_tcpwm.h **** * The pointer to a TCPWM instance.
 454:Generated_Source\PSoC6\pdl\drivers/peripheral/tcpwm/cy_tcpwm.h **** *
 455:Generated_Source\PSoC6\pdl\drivers/peripheral/tcpwm/cy_tcpwm.h **** * \param counters
 456:Generated_Source\PSoC6\pdl\drivers/peripheral/tcpwm/cy_tcpwm.h **** * A bit field representing each counter in the TCPWM block.
 457:Generated_Source\PSoC6\pdl\drivers/peripheral/tcpwm/cy_tcpwm.h **** *
 458:Generated_Source\PSoC6\pdl\drivers/peripheral/tcpwm/cy_tcpwm.h **** * \funcusage
 459:Generated_Source\PSoC6\pdl\drivers/peripheral/tcpwm/cy_tcpwm.h **** * \snippet tcpwm\1.10\counter\snippet\main.c snippet_Cy_TCPWM_Enable_Multiple
 460:Generated_Source\PSoC6\pdl\drivers/peripheral/tcpwm/cy_tcpwm.h **** *
 461:Generated_Source\PSoC6\pdl\drivers/peripheral/tcpwm/cy_tcpwm.h **** *******************************************************************************/
 462:Generated_Source\PSoC6\pdl\drivers/peripheral/tcpwm/cy_tcpwm.h **** __STATIC_INLINE  void Cy_TCPWM_TriggerStart(TCPWM_Type *base, uint32_t counters)
 463:Generated_Source\PSoC6\pdl\drivers/peripheral/tcpwm/cy_tcpwm.h **** {
 464:Generated_Source\PSoC6\pdl\drivers/peripheral/tcpwm/cy_tcpwm.h ****     TCPWM_CMD_START(base) = counters;
 465:Generated_Source\PSoC6\pdl\drivers/peripheral/tcpwm/cy_tcpwm.h **** }
 466:Generated_Source\PSoC6\pdl\drivers/peripheral/tcpwm/cy_tcpwm.h **** 
 467:Generated_Source\PSoC6\pdl\drivers/peripheral/tcpwm/cy_tcpwm.h **** 
 468:Generated_Source\PSoC6\pdl\drivers/peripheral/tcpwm/cy_tcpwm.h **** /*******************************************************************************
 469:Generated_Source\PSoC6\pdl\drivers/peripheral/tcpwm/cy_tcpwm.h **** * Function Name: Cy_TCPWM_TriggerReloadOrIndex
 470:Generated_Source\PSoC6\pdl\drivers/peripheral/tcpwm/cy_tcpwm.h **** ****************************************************************************//**
 471:Generated_Source\PSoC6\pdl\drivers/peripheral/tcpwm/cy_tcpwm.h **** *
 472:Generated_Source\PSoC6\pdl\drivers/peripheral/tcpwm/cy_tcpwm.h **** * Triggers a software reload event (or index in QuadDec mode).
 473:Generated_Source\PSoC6\pdl\drivers/peripheral/tcpwm/cy_tcpwm.h **** *
 474:Generated_Source\PSoC6\pdl\drivers/peripheral/tcpwm/cy_tcpwm.h **** * \param base
 475:Generated_Source\PSoC6\pdl\drivers/peripheral/tcpwm/cy_tcpwm.h **** * The pointer to a TCPWM instance
 476:Generated_Source\PSoC6\pdl\drivers/peripheral/tcpwm/cy_tcpwm.h **** *
 477:Generated_Source\PSoC6\pdl\drivers/peripheral/tcpwm/cy_tcpwm.h **** * \param counters
 478:Generated_Source\PSoC6\pdl\drivers/peripheral/tcpwm/cy_tcpwm.h **** * A bit field representing each counter in the TCPWM block.
ARM GAS  C:\Users\Finik\AppData\Local\Temp\ccY85NDM.s 			page 11


 479:Generated_Source\PSoC6\pdl\drivers/peripheral/tcpwm/cy_tcpwm.h **** *
 480:Generated_Source\PSoC6\pdl\drivers/peripheral/tcpwm/cy_tcpwm.h **** * \funcusage
 481:Generated_Source\PSoC6\pdl\drivers/peripheral/tcpwm/cy_tcpwm.h **** * \snippet tcpwm\1.10\counter\snippet\main.c snippet_Cy_TCPWM_TriggerReloadOrIndex
 482:Generated_Source\PSoC6\pdl\drivers/peripheral/tcpwm/cy_tcpwm.h **** *
 483:Generated_Source\PSoC6\pdl\drivers/peripheral/tcpwm/cy_tcpwm.h **** *******************************************************************************/
 484:Generated_Source\PSoC6\pdl\drivers/peripheral/tcpwm/cy_tcpwm.h **** __STATIC_INLINE void Cy_TCPWM_TriggerReloadOrIndex(TCPWM_Type *base, uint32_t counters)
 485:Generated_Source\PSoC6\pdl\drivers/peripheral/tcpwm/cy_tcpwm.h **** {
 486:Generated_Source\PSoC6\pdl\drivers/peripheral/tcpwm/cy_tcpwm.h ****     TCPWM_CMD_RELOAD(base) = counters;
 487:Generated_Source\PSoC6\pdl\drivers/peripheral/tcpwm/cy_tcpwm.h **** }
 488:Generated_Source\PSoC6\pdl\drivers/peripheral/tcpwm/cy_tcpwm.h **** 
 489:Generated_Source\PSoC6\pdl\drivers/peripheral/tcpwm/cy_tcpwm.h **** 
 490:Generated_Source\PSoC6\pdl\drivers/peripheral/tcpwm/cy_tcpwm.h **** /*******************************************************************************
 491:Generated_Source\PSoC6\pdl\drivers/peripheral/tcpwm/cy_tcpwm.h **** * Function Name: Cy_TCPWM_TriggerStopOrKill
 492:Generated_Source\PSoC6\pdl\drivers/peripheral/tcpwm/cy_tcpwm.h **** ****************************************************************************//**
 493:Generated_Source\PSoC6\pdl\drivers/peripheral/tcpwm/cy_tcpwm.h **** *
 494:Generated_Source\PSoC6\pdl\drivers/peripheral/tcpwm/cy_tcpwm.h **** * Triggers a stop in the Timer Counter mode, or a kill in the PWM mode.
 495:Generated_Source\PSoC6\pdl\drivers/peripheral/tcpwm/cy_tcpwm.h **** *
 496:Generated_Source\PSoC6\pdl\drivers/peripheral/tcpwm/cy_tcpwm.h **** * \param base
 497:Generated_Source\PSoC6\pdl\drivers/peripheral/tcpwm/cy_tcpwm.h **** * The pointer to a TCPWM instance.
 498:Generated_Source\PSoC6\pdl\drivers/peripheral/tcpwm/cy_tcpwm.h **** *
 499:Generated_Source\PSoC6\pdl\drivers/peripheral/tcpwm/cy_tcpwm.h **** * \param counters
 500:Generated_Source\PSoC6\pdl\drivers/peripheral/tcpwm/cy_tcpwm.h **** * A bit field representing each counter in the TCPWM block.
 501:Generated_Source\PSoC6\pdl\drivers/peripheral/tcpwm/cy_tcpwm.h **** *
 502:Generated_Source\PSoC6\pdl\drivers/peripheral/tcpwm/cy_tcpwm.h **** * \funcusage
 503:Generated_Source\PSoC6\pdl\drivers/peripheral/tcpwm/cy_tcpwm.h **** * \snippet tcpwm\1.10\counter\snippet\main.c snippet_Cy_TCPWM_TriggerStopOrKill
 504:Generated_Source\PSoC6\pdl\drivers/peripheral/tcpwm/cy_tcpwm.h **** *
 505:Generated_Source\PSoC6\pdl\drivers/peripheral/tcpwm/cy_tcpwm.h **** *******************************************************************************/
 506:Generated_Source\PSoC6\pdl\drivers/peripheral/tcpwm/cy_tcpwm.h **** __STATIC_INLINE void Cy_TCPWM_TriggerStopOrKill(TCPWM_Type *base, uint32_t counters)
 507:Generated_Source\PSoC6\pdl\drivers/peripheral/tcpwm/cy_tcpwm.h **** {
 508:Generated_Source\PSoC6\pdl\drivers/peripheral/tcpwm/cy_tcpwm.h ****     TCPWM_CMD_STOP(base) = counters;
 509:Generated_Source\PSoC6\pdl\drivers/peripheral/tcpwm/cy_tcpwm.h **** }
 510:Generated_Source\PSoC6\pdl\drivers/peripheral/tcpwm/cy_tcpwm.h **** 
 511:Generated_Source\PSoC6\pdl\drivers/peripheral/tcpwm/cy_tcpwm.h **** 
 512:Generated_Source\PSoC6\pdl\drivers/peripheral/tcpwm/cy_tcpwm.h **** /*******************************************************************************
 513:Generated_Source\PSoC6\pdl\drivers/peripheral/tcpwm/cy_tcpwm.h **** * Function Name: Cy_TCPWM_TriggerCaptureOrSwap
 514:Generated_Source\PSoC6\pdl\drivers/peripheral/tcpwm/cy_tcpwm.h **** ****************************************************************************//**
 515:Generated_Source\PSoC6\pdl\drivers/peripheral/tcpwm/cy_tcpwm.h **** *
 516:Generated_Source\PSoC6\pdl\drivers/peripheral/tcpwm/cy_tcpwm.h **** * Triggers a Capture in the Timer Counter mode, and a Swap in the PWM mode.
 517:Generated_Source\PSoC6\pdl\drivers/peripheral/tcpwm/cy_tcpwm.h **** *
 518:Generated_Source\PSoC6\pdl\drivers/peripheral/tcpwm/cy_tcpwm.h **** * \param base
 519:Generated_Source\PSoC6\pdl\drivers/peripheral/tcpwm/cy_tcpwm.h **** * The pointer to a TCPWM instance.
 520:Generated_Source\PSoC6\pdl\drivers/peripheral/tcpwm/cy_tcpwm.h **** *
 521:Generated_Source\PSoC6\pdl\drivers/peripheral/tcpwm/cy_tcpwm.h **** * \param counters
 522:Generated_Source\PSoC6\pdl\drivers/peripheral/tcpwm/cy_tcpwm.h **** * A bit field representing each counter in the TCPWM block.
 523:Generated_Source\PSoC6\pdl\drivers/peripheral/tcpwm/cy_tcpwm.h **** *
 524:Generated_Source\PSoC6\pdl\drivers/peripheral/tcpwm/cy_tcpwm.h **** * \funcusage
 525:Generated_Source\PSoC6\pdl\drivers/peripheral/tcpwm/cy_tcpwm.h **** * \snippet tcpwm\1.10\counter\snippet\main.c snippet_Cy_TCPWM_Counter_Capture
 526:Generated_Source\PSoC6\pdl\drivers/peripheral/tcpwm/cy_tcpwm.h **** *
 527:Generated_Source\PSoC6\pdl\drivers/peripheral/tcpwm/cy_tcpwm.h **** *******************************************************************************/
 528:Generated_Source\PSoC6\pdl\drivers/peripheral/tcpwm/cy_tcpwm.h **** __STATIC_INLINE void Cy_TCPWM_TriggerCaptureOrSwap(TCPWM_Type *base, uint32_t counters)
 529:Generated_Source\PSoC6\pdl\drivers/peripheral/tcpwm/cy_tcpwm.h **** {
 530:Generated_Source\PSoC6\pdl\drivers/peripheral/tcpwm/cy_tcpwm.h ****     TCPWM_CMD_CAPTURE(base) = counters;
 531:Generated_Source\PSoC6\pdl\drivers/peripheral/tcpwm/cy_tcpwm.h **** }
 532:Generated_Source\PSoC6\pdl\drivers/peripheral/tcpwm/cy_tcpwm.h **** 
 533:Generated_Source\PSoC6\pdl\drivers/peripheral/tcpwm/cy_tcpwm.h **** 
 534:Generated_Source\PSoC6\pdl\drivers/peripheral/tcpwm/cy_tcpwm.h **** /*******************************************************************************
 535:Generated_Source\PSoC6\pdl\drivers/peripheral/tcpwm/cy_tcpwm.h **** * Function Name: Cy_TCPWM_GetInterruptStatus
ARM GAS  C:\Users\Finik\AppData\Local\Temp\ccY85NDM.s 			page 12


 536:Generated_Source\PSoC6\pdl\drivers/peripheral/tcpwm/cy_tcpwm.h **** ****************************************************************************//**
 537:Generated_Source\PSoC6\pdl\drivers/peripheral/tcpwm/cy_tcpwm.h **** *
 538:Generated_Source\PSoC6\pdl\drivers/peripheral/tcpwm/cy_tcpwm.h **** * Returns which event triggered the interrupt.
 539:Generated_Source\PSoC6\pdl\drivers/peripheral/tcpwm/cy_tcpwm.h **** *
 540:Generated_Source\PSoC6\pdl\drivers/peripheral/tcpwm/cy_tcpwm.h **** * \param base
 541:Generated_Source\PSoC6\pdl\drivers/peripheral/tcpwm/cy_tcpwm.h **** * The pointer to a TCPWM instance.
 542:Generated_Source\PSoC6\pdl\drivers/peripheral/tcpwm/cy_tcpwm.h **** *
 543:Generated_Source\PSoC6\pdl\drivers/peripheral/tcpwm/cy_tcpwm.h **** * \param cntNum 
 544:Generated_Source\PSoC6\pdl\drivers/peripheral/tcpwm/cy_tcpwm.h **** * The Counter instance number in the selected TCPWM.
 545:Generated_Source\PSoC6\pdl\drivers/peripheral/tcpwm/cy_tcpwm.h **** *
 546:Generated_Source\PSoC6\pdl\drivers/peripheral/tcpwm/cy_tcpwm.h **** * \return 
 547:Generated_Source\PSoC6\pdl\drivers/peripheral/tcpwm/cy_tcpwm.h **** * See \ref group_tcpwm_interrupt_sources
 548:Generated_Source\PSoC6\pdl\drivers/peripheral/tcpwm/cy_tcpwm.h **** *
 549:Generated_Source\PSoC6\pdl\drivers/peripheral/tcpwm/cy_tcpwm.h **** * \funcusage
 550:Generated_Source\PSoC6\pdl\drivers/peripheral/tcpwm/cy_tcpwm.h **** * \snippet tcpwm\1.10\counter\snippet\main.c snippet_Cy_TCPWM_GetInterruptStatus
 551:Generated_Source\PSoC6\pdl\drivers/peripheral/tcpwm/cy_tcpwm.h **** *
 552:Generated_Source\PSoC6\pdl\drivers/peripheral/tcpwm/cy_tcpwm.h **** *******************************************************************************/
 553:Generated_Source\PSoC6\pdl\drivers/peripheral/tcpwm/cy_tcpwm.h **** __STATIC_INLINE uint32_t Cy_TCPWM_GetInterruptStatus(TCPWM_Type const *base, uint32_t cntNum)
 554:Generated_Source\PSoC6\pdl\drivers/peripheral/tcpwm/cy_tcpwm.h **** {
 555:Generated_Source\PSoC6\pdl\drivers/peripheral/tcpwm/cy_tcpwm.h ****     return(TCPWM_CNT_INTR(base, cntNum));
 556:Generated_Source\PSoC6\pdl\drivers/peripheral/tcpwm/cy_tcpwm.h **** }
 557:Generated_Source\PSoC6\pdl\drivers/peripheral/tcpwm/cy_tcpwm.h **** 
 558:Generated_Source\PSoC6\pdl\drivers/peripheral/tcpwm/cy_tcpwm.h **** 
 559:Generated_Source\PSoC6\pdl\drivers/peripheral/tcpwm/cy_tcpwm.h **** /*******************************************************************************
 560:Generated_Source\PSoC6\pdl\drivers/peripheral/tcpwm/cy_tcpwm.h **** * Function Name: Cy_TCPWM_ClearInterrupt
 561:Generated_Source\PSoC6\pdl\drivers/peripheral/tcpwm/cy_tcpwm.h **** ****************************************************************************//**
 562:Generated_Source\PSoC6\pdl\drivers/peripheral/tcpwm/cy_tcpwm.h **** *
 563:Generated_Source\PSoC6\pdl\drivers/peripheral/tcpwm/cy_tcpwm.h **** * Clears Active Interrupt Source
 564:Generated_Source\PSoC6\pdl\drivers/peripheral/tcpwm/cy_tcpwm.h **** *
 565:Generated_Source\PSoC6\pdl\drivers/peripheral/tcpwm/cy_tcpwm.h **** * \param base
 566:Generated_Source\PSoC6\pdl\drivers/peripheral/tcpwm/cy_tcpwm.h **** * The pointer to a TCPWM instance.
 567:Generated_Source\PSoC6\pdl\drivers/peripheral/tcpwm/cy_tcpwm.h **** *
 568:Generated_Source\PSoC6\pdl\drivers/peripheral/tcpwm/cy_tcpwm.h **** * \param cntNum 
 569:Generated_Source\PSoC6\pdl\drivers/peripheral/tcpwm/cy_tcpwm.h **** * The Counter instance number in the selected TCPWM.
 570:Generated_Source\PSoC6\pdl\drivers/peripheral/tcpwm/cy_tcpwm.h **** *
 571:Generated_Source\PSoC6\pdl\drivers/peripheral/tcpwm/cy_tcpwm.h **** * \param source
 572:Generated_Source\PSoC6\pdl\drivers/peripheral/tcpwm/cy_tcpwm.h **** * source to clear. See \ref group_tcpwm_interrupt_sources
 573:Generated_Source\PSoC6\pdl\drivers/peripheral/tcpwm/cy_tcpwm.h **** *
 574:Generated_Source\PSoC6\pdl\drivers/peripheral/tcpwm/cy_tcpwm.h **** * \funcusage
 575:Generated_Source\PSoC6\pdl\drivers/peripheral/tcpwm/cy_tcpwm.h **** * \snippet tcpwm\1.10\counter\snippet\main.c snippet_Cy_TCPWM_GetInterruptStatusMasked
 576:Generated_Source\PSoC6\pdl\drivers/peripheral/tcpwm/cy_tcpwm.h **** *
 577:Generated_Source\PSoC6\pdl\drivers/peripheral/tcpwm/cy_tcpwm.h **** *******************************************************************************/
 578:Generated_Source\PSoC6\pdl\drivers/peripheral/tcpwm/cy_tcpwm.h **** __STATIC_INLINE void Cy_TCPWM_ClearInterrupt(TCPWM_Type *base, uint32_t cntNum,  uint32_t source)
 579:Generated_Source\PSoC6\pdl\drivers/peripheral/tcpwm/cy_tcpwm.h **** {
 580:Generated_Source\PSoC6\pdl\drivers/peripheral/tcpwm/cy_tcpwm.h ****     TCPWM_CNT_INTR(base, cntNum) = source;
  38              		.loc 2 580 0
  39 0000 0C4B     		ldr	r3, .L3
  40 0002 0122     		movs	r2, #1
  41 0004 C3F83021 		str	r2, [r3, #304]
 581:Generated_Source\PSoC6\pdl\drivers/peripheral/tcpwm/cy_tcpwm.h ****     (void)TCPWM_CNT_INTR(base, cntNum);
  42              		.loc 2 581 0
  43 0008 D3F83031 		ldr	r3, [r3, #304]
  44              	.LVL1:
  45              	.LBE37:
  46              	.LBE36:
  56:main_cm4.c    ****     Cy_TCPWM_ClearInterrupt(Timer_HW, Timer_CNT_NUM, CY_TCPWM_INT_ON_TC);
  57:main_cm4.c    ****     NVIC_ClearPendingIRQ(SysInt_Timer_cfg.intrSrc);
ARM GAS  C:\Users\Finik\AppData\Local\Temp\ccY85NDM.s 			page 13


  47              		.loc 1 57 0
  48 000c 0A4B     		ldr	r3, .L3+4
  49 000e B3F90030 		ldrsh	r3, [r3]
  50              	.LVL2:
  51              	.LBB38:
  52              	.LBB39:
  53              		.file 3 "Generated_Source\\PSoC6\\pdl\\cmsis/include/core_cm4.h"
   1:Generated_Source\PSoC6\pdl\cmsis/include/core_cm4.h **** /**************************************************************************//**
   2:Generated_Source\PSoC6\pdl\cmsis/include/core_cm4.h ****  * @file     core_cm4.h
   3:Generated_Source\PSoC6\pdl\cmsis/include/core_cm4.h ****  * @brief    CMSIS Cortex-M4 Core Peripheral Access Layer Header File
   4:Generated_Source\PSoC6\pdl\cmsis/include/core_cm4.h ****  * @version  V5.0.5
   5:Generated_Source\PSoC6\pdl\cmsis/include/core_cm4.h ****  * @date     08. January 2018
   6:Generated_Source\PSoC6\pdl\cmsis/include/core_cm4.h ****  ******************************************************************************/
   7:Generated_Source\PSoC6\pdl\cmsis/include/core_cm4.h **** /*
   8:Generated_Source\PSoC6\pdl\cmsis/include/core_cm4.h ****  * Copyright (c) 2009-2017 ARM Limited. All rights reserved.
   9:Generated_Source\PSoC6\pdl\cmsis/include/core_cm4.h ****  *
  10:Generated_Source\PSoC6\pdl\cmsis/include/core_cm4.h ****  * SPDX-License-Identifier: Apache-2.0
  11:Generated_Source\PSoC6\pdl\cmsis/include/core_cm4.h ****  *
  12:Generated_Source\PSoC6\pdl\cmsis/include/core_cm4.h ****  * Licensed under the Apache License, Version 2.0 (the License); you may
  13:Generated_Source\PSoC6\pdl\cmsis/include/core_cm4.h ****  * not use this file except in compliance with the License.
  14:Generated_Source\PSoC6\pdl\cmsis/include/core_cm4.h ****  * You may obtain a copy of the License at
  15:Generated_Source\PSoC6\pdl\cmsis/include/core_cm4.h ****  *
  16:Generated_Source\PSoC6\pdl\cmsis/include/core_cm4.h ****  * www.apache.org/licenses/LICENSE-2.0
  17:Generated_Source\PSoC6\pdl\cmsis/include/core_cm4.h ****  *
  18:Generated_Source\PSoC6\pdl\cmsis/include/core_cm4.h ****  * Unless required by applicable law or agreed to in writing, software
  19:Generated_Source\PSoC6\pdl\cmsis/include/core_cm4.h ****  * distributed under the License is distributed on an AS IS BASIS, WITHOUT
  20:Generated_Source\PSoC6\pdl\cmsis/include/core_cm4.h ****  * WARRANTIES OR CONDITIONS OF ANY KIND, either express or implied.
  21:Generated_Source\PSoC6\pdl\cmsis/include/core_cm4.h ****  * See the License for the specific language governing permissions and
  22:Generated_Source\PSoC6\pdl\cmsis/include/core_cm4.h ****  * limitations under the License.
  23:Generated_Source\PSoC6\pdl\cmsis/include/core_cm4.h ****  */
  24:Generated_Source\PSoC6\pdl\cmsis/include/core_cm4.h **** 
  25:Generated_Source\PSoC6\pdl\cmsis/include/core_cm4.h **** #if   defined ( __ICCARM__ )
  26:Generated_Source\PSoC6\pdl\cmsis/include/core_cm4.h ****   #pragma system_include         /* treat file as system include file for MISRA check */
  27:Generated_Source\PSoC6\pdl\cmsis/include/core_cm4.h **** #elif defined (__clang__)
  28:Generated_Source\PSoC6\pdl\cmsis/include/core_cm4.h ****   #pragma clang system_header   /* treat file as system include file */
  29:Generated_Source\PSoC6\pdl\cmsis/include/core_cm4.h **** #endif
  30:Generated_Source\PSoC6\pdl\cmsis/include/core_cm4.h **** 
  31:Generated_Source\PSoC6\pdl\cmsis/include/core_cm4.h **** #ifndef __CORE_CM4_H_GENERIC
  32:Generated_Source\PSoC6\pdl\cmsis/include/core_cm4.h **** #define __CORE_CM4_H_GENERIC
  33:Generated_Source\PSoC6\pdl\cmsis/include/core_cm4.h **** 
  34:Generated_Source\PSoC6\pdl\cmsis/include/core_cm4.h **** #include <stdint.h>
  35:Generated_Source\PSoC6\pdl\cmsis/include/core_cm4.h **** 
  36:Generated_Source\PSoC6\pdl\cmsis/include/core_cm4.h **** #ifdef __cplusplus
  37:Generated_Source\PSoC6\pdl\cmsis/include/core_cm4.h ****  extern "C" {
  38:Generated_Source\PSoC6\pdl\cmsis/include/core_cm4.h **** #endif
  39:Generated_Source\PSoC6\pdl\cmsis/include/core_cm4.h **** 
  40:Generated_Source\PSoC6\pdl\cmsis/include/core_cm4.h **** /**
  41:Generated_Source\PSoC6\pdl\cmsis/include/core_cm4.h ****   \page CMSIS_MISRA_Exceptions  MISRA-C:2004 Compliance Exceptions
  42:Generated_Source\PSoC6\pdl\cmsis/include/core_cm4.h ****   CMSIS violates the following MISRA-C:2004 rules:
  43:Generated_Source\PSoC6\pdl\cmsis/include/core_cm4.h **** 
  44:Generated_Source\PSoC6\pdl\cmsis/include/core_cm4.h ****    \li Required Rule 8.5, object/function definition in header file.<br>
  45:Generated_Source\PSoC6\pdl\cmsis/include/core_cm4.h ****      Function definitions in header files are used to allow 'inlining'.
  46:Generated_Source\PSoC6\pdl\cmsis/include/core_cm4.h **** 
  47:Generated_Source\PSoC6\pdl\cmsis/include/core_cm4.h ****    \li Required Rule 18.4, declaration of union type or object of union type: '{...}'.<br>
  48:Generated_Source\PSoC6\pdl\cmsis/include/core_cm4.h ****      Unions are used for effective representation of core registers.
  49:Generated_Source\PSoC6\pdl\cmsis/include/core_cm4.h **** 
  50:Generated_Source\PSoC6\pdl\cmsis/include/core_cm4.h ****    \li Advisory Rule 19.7, Function-like macro defined.<br>
ARM GAS  C:\Users\Finik\AppData\Local\Temp\ccY85NDM.s 			page 14


  51:Generated_Source\PSoC6\pdl\cmsis/include/core_cm4.h ****      Function-like macros are used to allow more efficient code.
  52:Generated_Source\PSoC6\pdl\cmsis/include/core_cm4.h ****  */
  53:Generated_Source\PSoC6\pdl\cmsis/include/core_cm4.h **** 
  54:Generated_Source\PSoC6\pdl\cmsis/include/core_cm4.h **** 
  55:Generated_Source\PSoC6\pdl\cmsis/include/core_cm4.h **** /*******************************************************************************
  56:Generated_Source\PSoC6\pdl\cmsis/include/core_cm4.h ****  *                 CMSIS definitions
  57:Generated_Source\PSoC6\pdl\cmsis/include/core_cm4.h ****  ******************************************************************************/
  58:Generated_Source\PSoC6\pdl\cmsis/include/core_cm4.h **** /**
  59:Generated_Source\PSoC6\pdl\cmsis/include/core_cm4.h ****   \ingroup Cortex_M4
  60:Generated_Source\PSoC6\pdl\cmsis/include/core_cm4.h ****   @{
  61:Generated_Source\PSoC6\pdl\cmsis/include/core_cm4.h ****  */
  62:Generated_Source\PSoC6\pdl\cmsis/include/core_cm4.h **** 
  63:Generated_Source\PSoC6\pdl\cmsis/include/core_cm4.h **** #include "cmsis_version.h"
  64:Generated_Source\PSoC6\pdl\cmsis/include/core_cm4.h ****  
  65:Generated_Source\PSoC6\pdl\cmsis/include/core_cm4.h **** /* CMSIS CM4 definitions */
  66:Generated_Source\PSoC6\pdl\cmsis/include/core_cm4.h **** #define __CM4_CMSIS_VERSION_MAIN  (__CM_CMSIS_VERSION_MAIN)              /*!< \deprecated [31:16] C
  67:Generated_Source\PSoC6\pdl\cmsis/include/core_cm4.h **** #define __CM4_CMSIS_VERSION_SUB   (__CM_CMSIS_VERSION_SUB)               /*!< \deprecated [15:0]  C
  68:Generated_Source\PSoC6\pdl\cmsis/include/core_cm4.h **** #define __CM4_CMSIS_VERSION       ((__CM4_CMSIS_VERSION_MAIN << 16U) | \
  69:Generated_Source\PSoC6\pdl\cmsis/include/core_cm4.h ****                                     __CM4_CMSIS_VERSION_SUB           )  /*!< \deprecated CMSIS HAL
  70:Generated_Source\PSoC6\pdl\cmsis/include/core_cm4.h **** 
  71:Generated_Source\PSoC6\pdl\cmsis/include/core_cm4.h **** #define __CORTEX_M                (4U)                                   /*!< Cortex-M Core */
  72:Generated_Source\PSoC6\pdl\cmsis/include/core_cm4.h **** 
  73:Generated_Source\PSoC6\pdl\cmsis/include/core_cm4.h **** /** __FPU_USED indicates whether an FPU is used or not.
  74:Generated_Source\PSoC6\pdl\cmsis/include/core_cm4.h ****     For this, __FPU_PRESENT has to be checked prior to making use of FPU specific registers and fun
  75:Generated_Source\PSoC6\pdl\cmsis/include/core_cm4.h **** */
  76:Generated_Source\PSoC6\pdl\cmsis/include/core_cm4.h **** #if defined ( __CC_ARM )
  77:Generated_Source\PSoC6\pdl\cmsis/include/core_cm4.h ****   #if defined __TARGET_FPU_VFP
  78:Generated_Source\PSoC6\pdl\cmsis/include/core_cm4.h ****     #if defined (__FPU_PRESENT) && (__FPU_PRESENT == 1U)
  79:Generated_Source\PSoC6\pdl\cmsis/include/core_cm4.h ****       #define __FPU_USED       1U
  80:Generated_Source\PSoC6\pdl\cmsis/include/core_cm4.h ****     #else
  81:Generated_Source\PSoC6\pdl\cmsis/include/core_cm4.h ****       #error "Compiler generates FPU instructions for a device without an FPU (check __FPU_PRESENT)
  82:Generated_Source\PSoC6\pdl\cmsis/include/core_cm4.h ****       #define __FPU_USED       0U
  83:Generated_Source\PSoC6\pdl\cmsis/include/core_cm4.h ****     #endif
  84:Generated_Source\PSoC6\pdl\cmsis/include/core_cm4.h ****   #else
  85:Generated_Source\PSoC6\pdl\cmsis/include/core_cm4.h ****     #define __FPU_USED         0U
  86:Generated_Source\PSoC6\pdl\cmsis/include/core_cm4.h ****   #endif
  87:Generated_Source\PSoC6\pdl\cmsis/include/core_cm4.h **** 
  88:Generated_Source\PSoC6\pdl\cmsis/include/core_cm4.h **** #elif defined (__ARMCC_VERSION) && (__ARMCC_VERSION >= 6010050)
  89:Generated_Source\PSoC6\pdl\cmsis/include/core_cm4.h ****   #if defined __ARM_PCS_VFP
  90:Generated_Source\PSoC6\pdl\cmsis/include/core_cm4.h ****     #if defined (__FPU_PRESENT) && (__FPU_PRESENT == 1U)
  91:Generated_Source\PSoC6\pdl\cmsis/include/core_cm4.h ****       #define __FPU_USED       1U
  92:Generated_Source\PSoC6\pdl\cmsis/include/core_cm4.h ****     #else
  93:Generated_Source\PSoC6\pdl\cmsis/include/core_cm4.h ****       #warning "Compiler generates FPU instructions for a device without an FPU (check __FPU_PRESEN
  94:Generated_Source\PSoC6\pdl\cmsis/include/core_cm4.h ****       #define __FPU_USED       0U
  95:Generated_Source\PSoC6\pdl\cmsis/include/core_cm4.h ****     #endif
  96:Generated_Source\PSoC6\pdl\cmsis/include/core_cm4.h ****   #else
  97:Generated_Source\PSoC6\pdl\cmsis/include/core_cm4.h ****     #define __FPU_USED         0U
  98:Generated_Source\PSoC6\pdl\cmsis/include/core_cm4.h ****   #endif
  99:Generated_Source\PSoC6\pdl\cmsis/include/core_cm4.h **** 
 100:Generated_Source\PSoC6\pdl\cmsis/include/core_cm4.h **** #elif defined ( __GNUC__ )
 101:Generated_Source\PSoC6\pdl\cmsis/include/core_cm4.h ****   #if defined (__VFP_FP__) && !defined(__SOFTFP__)
 102:Generated_Source\PSoC6\pdl\cmsis/include/core_cm4.h ****     #if defined (__FPU_PRESENT) && (__FPU_PRESENT == 1U)
 103:Generated_Source\PSoC6\pdl\cmsis/include/core_cm4.h ****       #define __FPU_USED       1U
 104:Generated_Source\PSoC6\pdl\cmsis/include/core_cm4.h ****     #else
 105:Generated_Source\PSoC6\pdl\cmsis/include/core_cm4.h ****       #error "Compiler generates FPU instructions for a device without an FPU (check __FPU_PRESENT)
 106:Generated_Source\PSoC6\pdl\cmsis/include/core_cm4.h ****       #define __FPU_USED       0U
 107:Generated_Source\PSoC6\pdl\cmsis/include/core_cm4.h ****     #endif
ARM GAS  C:\Users\Finik\AppData\Local\Temp\ccY85NDM.s 			page 15


 108:Generated_Source\PSoC6\pdl\cmsis/include/core_cm4.h ****   #else
 109:Generated_Source\PSoC6\pdl\cmsis/include/core_cm4.h ****     #define __FPU_USED         0U
 110:Generated_Source\PSoC6\pdl\cmsis/include/core_cm4.h ****   #endif
 111:Generated_Source\PSoC6\pdl\cmsis/include/core_cm4.h **** 
 112:Generated_Source\PSoC6\pdl\cmsis/include/core_cm4.h **** #elif defined ( __ICCARM__ )
 113:Generated_Source\PSoC6\pdl\cmsis/include/core_cm4.h ****   #if defined __ARMVFP__
 114:Generated_Source\PSoC6\pdl\cmsis/include/core_cm4.h ****     #if defined (__FPU_PRESENT) && (__FPU_PRESENT == 1U)
 115:Generated_Source\PSoC6\pdl\cmsis/include/core_cm4.h ****       #define __FPU_USED       1U
 116:Generated_Source\PSoC6\pdl\cmsis/include/core_cm4.h ****     #else
 117:Generated_Source\PSoC6\pdl\cmsis/include/core_cm4.h ****       #error "Compiler generates FPU instructions for a device without an FPU (check __FPU_PRESENT)
 118:Generated_Source\PSoC6\pdl\cmsis/include/core_cm4.h ****       #define __FPU_USED       0U
 119:Generated_Source\PSoC6\pdl\cmsis/include/core_cm4.h ****     #endif
 120:Generated_Source\PSoC6\pdl\cmsis/include/core_cm4.h ****   #else
 121:Generated_Source\PSoC6\pdl\cmsis/include/core_cm4.h ****     #define __FPU_USED         0U
 122:Generated_Source\PSoC6\pdl\cmsis/include/core_cm4.h ****   #endif
 123:Generated_Source\PSoC6\pdl\cmsis/include/core_cm4.h **** 
 124:Generated_Source\PSoC6\pdl\cmsis/include/core_cm4.h **** #elif defined ( __TI_ARM__ )
 125:Generated_Source\PSoC6\pdl\cmsis/include/core_cm4.h ****   #if defined __TI_VFP_SUPPORT__
 126:Generated_Source\PSoC6\pdl\cmsis/include/core_cm4.h ****     #if defined (__FPU_PRESENT) && (__FPU_PRESENT == 1U)
 127:Generated_Source\PSoC6\pdl\cmsis/include/core_cm4.h ****       #define __FPU_USED       1U
 128:Generated_Source\PSoC6\pdl\cmsis/include/core_cm4.h ****     #else
 129:Generated_Source\PSoC6\pdl\cmsis/include/core_cm4.h ****       #error "Compiler generates FPU instructions for a device without an FPU (check __FPU_PRESENT)
 130:Generated_Source\PSoC6\pdl\cmsis/include/core_cm4.h ****       #define __FPU_USED       0U
 131:Generated_Source\PSoC6\pdl\cmsis/include/core_cm4.h ****     #endif
 132:Generated_Source\PSoC6\pdl\cmsis/include/core_cm4.h ****   #else
 133:Generated_Source\PSoC6\pdl\cmsis/include/core_cm4.h ****     #define __FPU_USED         0U
 134:Generated_Source\PSoC6\pdl\cmsis/include/core_cm4.h ****   #endif
 135:Generated_Source\PSoC6\pdl\cmsis/include/core_cm4.h **** 
 136:Generated_Source\PSoC6\pdl\cmsis/include/core_cm4.h **** #elif defined ( __TASKING__ )
 137:Generated_Source\PSoC6\pdl\cmsis/include/core_cm4.h ****   #if defined __FPU_VFP__
 138:Generated_Source\PSoC6\pdl\cmsis/include/core_cm4.h ****     #if defined (__FPU_PRESENT) && (__FPU_PRESENT == 1U)
 139:Generated_Source\PSoC6\pdl\cmsis/include/core_cm4.h ****       #define __FPU_USED       1U
 140:Generated_Source\PSoC6\pdl\cmsis/include/core_cm4.h ****     #else
 141:Generated_Source\PSoC6\pdl\cmsis/include/core_cm4.h ****       #error "Compiler generates FPU instructions for a device without an FPU (check __FPU_PRESENT)
 142:Generated_Source\PSoC6\pdl\cmsis/include/core_cm4.h ****       #define __FPU_USED       0U
 143:Generated_Source\PSoC6\pdl\cmsis/include/core_cm4.h ****     #endif
 144:Generated_Source\PSoC6\pdl\cmsis/include/core_cm4.h ****   #else
 145:Generated_Source\PSoC6\pdl\cmsis/include/core_cm4.h ****     #define __FPU_USED         0U
 146:Generated_Source\PSoC6\pdl\cmsis/include/core_cm4.h ****   #endif
 147:Generated_Source\PSoC6\pdl\cmsis/include/core_cm4.h **** 
 148:Generated_Source\PSoC6\pdl\cmsis/include/core_cm4.h **** #elif defined ( __CSMC__ )
 149:Generated_Source\PSoC6\pdl\cmsis/include/core_cm4.h ****   #if ( __CSMC__ & 0x400U)
 150:Generated_Source\PSoC6\pdl\cmsis/include/core_cm4.h ****     #if defined (__FPU_PRESENT) && (__FPU_PRESENT == 1U)
 151:Generated_Source\PSoC6\pdl\cmsis/include/core_cm4.h ****       #define __FPU_USED       1U
 152:Generated_Source\PSoC6\pdl\cmsis/include/core_cm4.h ****     #else
 153:Generated_Source\PSoC6\pdl\cmsis/include/core_cm4.h ****       #error "Compiler generates FPU instructions for a device without an FPU (check __FPU_PRESENT)
 154:Generated_Source\PSoC6\pdl\cmsis/include/core_cm4.h ****       #define __FPU_USED       0U
 155:Generated_Source\PSoC6\pdl\cmsis/include/core_cm4.h ****     #endif
 156:Generated_Source\PSoC6\pdl\cmsis/include/core_cm4.h ****   #else
 157:Generated_Source\PSoC6\pdl\cmsis/include/core_cm4.h ****     #define __FPU_USED         0U
 158:Generated_Source\PSoC6\pdl\cmsis/include/core_cm4.h ****   #endif
 159:Generated_Source\PSoC6\pdl\cmsis/include/core_cm4.h **** 
 160:Generated_Source\PSoC6\pdl\cmsis/include/core_cm4.h **** #endif
 161:Generated_Source\PSoC6\pdl\cmsis/include/core_cm4.h **** 
 162:Generated_Source\PSoC6\pdl\cmsis/include/core_cm4.h **** #include "cmsis_compiler.h"               /* CMSIS compiler specific defines */
 163:Generated_Source\PSoC6\pdl\cmsis/include/core_cm4.h **** 
 164:Generated_Source\PSoC6\pdl\cmsis/include/core_cm4.h **** 
ARM GAS  C:\Users\Finik\AppData\Local\Temp\ccY85NDM.s 			page 16


 165:Generated_Source\PSoC6\pdl\cmsis/include/core_cm4.h **** #ifdef __cplusplus
 166:Generated_Source\PSoC6\pdl\cmsis/include/core_cm4.h **** }
 167:Generated_Source\PSoC6\pdl\cmsis/include/core_cm4.h **** #endif
 168:Generated_Source\PSoC6\pdl\cmsis/include/core_cm4.h **** 
 169:Generated_Source\PSoC6\pdl\cmsis/include/core_cm4.h **** #endif /* __CORE_CM4_H_GENERIC */
 170:Generated_Source\PSoC6\pdl\cmsis/include/core_cm4.h **** 
 171:Generated_Source\PSoC6\pdl\cmsis/include/core_cm4.h **** #ifndef __CMSIS_GENERIC
 172:Generated_Source\PSoC6\pdl\cmsis/include/core_cm4.h **** 
 173:Generated_Source\PSoC6\pdl\cmsis/include/core_cm4.h **** #ifndef __CORE_CM4_H_DEPENDANT
 174:Generated_Source\PSoC6\pdl\cmsis/include/core_cm4.h **** #define __CORE_CM4_H_DEPENDANT
 175:Generated_Source\PSoC6\pdl\cmsis/include/core_cm4.h **** 
 176:Generated_Source\PSoC6\pdl\cmsis/include/core_cm4.h **** #ifdef __cplusplus
 177:Generated_Source\PSoC6\pdl\cmsis/include/core_cm4.h ****  extern "C" {
 178:Generated_Source\PSoC6\pdl\cmsis/include/core_cm4.h **** #endif
 179:Generated_Source\PSoC6\pdl\cmsis/include/core_cm4.h **** 
 180:Generated_Source\PSoC6\pdl\cmsis/include/core_cm4.h **** /* check device defines and use defaults */
 181:Generated_Source\PSoC6\pdl\cmsis/include/core_cm4.h **** #if defined __CHECK_DEVICE_DEFINES
 182:Generated_Source\PSoC6\pdl\cmsis/include/core_cm4.h ****   #ifndef __CM4_REV
 183:Generated_Source\PSoC6\pdl\cmsis/include/core_cm4.h ****     #define __CM4_REV               0x0000U
 184:Generated_Source\PSoC6\pdl\cmsis/include/core_cm4.h ****     #warning "__CM4_REV not defined in device header file; using default!"
 185:Generated_Source\PSoC6\pdl\cmsis/include/core_cm4.h ****   #endif
 186:Generated_Source\PSoC6\pdl\cmsis/include/core_cm4.h **** 
 187:Generated_Source\PSoC6\pdl\cmsis/include/core_cm4.h ****   #ifndef __FPU_PRESENT
 188:Generated_Source\PSoC6\pdl\cmsis/include/core_cm4.h ****     #define __FPU_PRESENT             0U
 189:Generated_Source\PSoC6\pdl\cmsis/include/core_cm4.h ****     #warning "__FPU_PRESENT not defined in device header file; using default!"
 190:Generated_Source\PSoC6\pdl\cmsis/include/core_cm4.h ****   #endif
 191:Generated_Source\PSoC6\pdl\cmsis/include/core_cm4.h **** 
 192:Generated_Source\PSoC6\pdl\cmsis/include/core_cm4.h ****   #ifndef __MPU_PRESENT
 193:Generated_Source\PSoC6\pdl\cmsis/include/core_cm4.h ****     #define __MPU_PRESENT             0U
 194:Generated_Source\PSoC6\pdl\cmsis/include/core_cm4.h ****     #warning "__MPU_PRESENT not defined in device header file; using default!"
 195:Generated_Source\PSoC6\pdl\cmsis/include/core_cm4.h ****   #endif
 196:Generated_Source\PSoC6\pdl\cmsis/include/core_cm4.h **** 
 197:Generated_Source\PSoC6\pdl\cmsis/include/core_cm4.h ****   #ifndef __NVIC_PRIO_BITS
 198:Generated_Source\PSoC6\pdl\cmsis/include/core_cm4.h ****     #define __NVIC_PRIO_BITS          3U
 199:Generated_Source\PSoC6\pdl\cmsis/include/core_cm4.h ****     #warning "__NVIC_PRIO_BITS not defined in device header file; using default!"
 200:Generated_Source\PSoC6\pdl\cmsis/include/core_cm4.h ****   #endif
 201:Generated_Source\PSoC6\pdl\cmsis/include/core_cm4.h **** 
 202:Generated_Source\PSoC6\pdl\cmsis/include/core_cm4.h ****   #ifndef __Vendor_SysTickConfig
 203:Generated_Source\PSoC6\pdl\cmsis/include/core_cm4.h ****     #define __Vendor_SysTickConfig    0U
 204:Generated_Source\PSoC6\pdl\cmsis/include/core_cm4.h ****     #warning "__Vendor_SysTickConfig not defined in device header file; using default!"
 205:Generated_Source\PSoC6\pdl\cmsis/include/core_cm4.h ****   #endif
 206:Generated_Source\PSoC6\pdl\cmsis/include/core_cm4.h **** #endif
 207:Generated_Source\PSoC6\pdl\cmsis/include/core_cm4.h **** 
 208:Generated_Source\PSoC6\pdl\cmsis/include/core_cm4.h **** /* IO definitions (access restrictions to peripheral registers) */
 209:Generated_Source\PSoC6\pdl\cmsis/include/core_cm4.h **** /**
 210:Generated_Source\PSoC6\pdl\cmsis/include/core_cm4.h ****     \defgroup CMSIS_glob_defs CMSIS Global Defines
 211:Generated_Source\PSoC6\pdl\cmsis/include/core_cm4.h **** 
 212:Generated_Source\PSoC6\pdl\cmsis/include/core_cm4.h ****     <strong>IO Type Qualifiers</strong> are used
 213:Generated_Source\PSoC6\pdl\cmsis/include/core_cm4.h ****     \li to specify the access to peripheral variables.
 214:Generated_Source\PSoC6\pdl\cmsis/include/core_cm4.h ****     \li for automatic generation of peripheral register debug information.
 215:Generated_Source\PSoC6\pdl\cmsis/include/core_cm4.h **** */
 216:Generated_Source\PSoC6\pdl\cmsis/include/core_cm4.h **** #ifdef __cplusplus
 217:Generated_Source\PSoC6\pdl\cmsis/include/core_cm4.h ****   #define   __I     volatile             /*!< Defines 'read only' permissions */
 218:Generated_Source\PSoC6\pdl\cmsis/include/core_cm4.h **** #else
 219:Generated_Source\PSoC6\pdl\cmsis/include/core_cm4.h ****   #define   __I     volatile const       /*!< Defines 'read only' permissions */
 220:Generated_Source\PSoC6\pdl\cmsis/include/core_cm4.h **** #endif
 221:Generated_Source\PSoC6\pdl\cmsis/include/core_cm4.h **** #define     __O     volatile             /*!< Defines 'write only' permissions */
ARM GAS  C:\Users\Finik\AppData\Local\Temp\ccY85NDM.s 			page 17


 222:Generated_Source\PSoC6\pdl\cmsis/include/core_cm4.h **** #define     __IO    volatile             /*!< Defines 'read / write' permissions */
 223:Generated_Source\PSoC6\pdl\cmsis/include/core_cm4.h **** 
 224:Generated_Source\PSoC6\pdl\cmsis/include/core_cm4.h **** /* following defines should be used for structure members */
 225:Generated_Source\PSoC6\pdl\cmsis/include/core_cm4.h **** #define     __IM     volatile const      /*! Defines 'read only' structure member permissions */
 226:Generated_Source\PSoC6\pdl\cmsis/include/core_cm4.h **** #define     __OM     volatile            /*! Defines 'write only' structure member permissions */
 227:Generated_Source\PSoC6\pdl\cmsis/include/core_cm4.h **** #define     __IOM    volatile            /*! Defines 'read / write' structure member permissions */
 228:Generated_Source\PSoC6\pdl\cmsis/include/core_cm4.h **** 
 229:Generated_Source\PSoC6\pdl\cmsis/include/core_cm4.h **** /*@} end of group Cortex_M4 */
 230:Generated_Source\PSoC6\pdl\cmsis/include/core_cm4.h **** 
 231:Generated_Source\PSoC6\pdl\cmsis/include/core_cm4.h **** 
 232:Generated_Source\PSoC6\pdl\cmsis/include/core_cm4.h **** 
 233:Generated_Source\PSoC6\pdl\cmsis/include/core_cm4.h **** /*******************************************************************************
 234:Generated_Source\PSoC6\pdl\cmsis/include/core_cm4.h ****  *                 Register Abstraction
 235:Generated_Source\PSoC6\pdl\cmsis/include/core_cm4.h ****   Core Register contain:
 236:Generated_Source\PSoC6\pdl\cmsis/include/core_cm4.h ****   - Core Register
 237:Generated_Source\PSoC6\pdl\cmsis/include/core_cm4.h ****   - Core NVIC Register
 238:Generated_Source\PSoC6\pdl\cmsis/include/core_cm4.h ****   - Core SCB Register
 239:Generated_Source\PSoC6\pdl\cmsis/include/core_cm4.h ****   - Core SysTick Register
 240:Generated_Source\PSoC6\pdl\cmsis/include/core_cm4.h ****   - Core Debug Register
 241:Generated_Source\PSoC6\pdl\cmsis/include/core_cm4.h ****   - Core MPU Register
 242:Generated_Source\PSoC6\pdl\cmsis/include/core_cm4.h ****   - Core FPU Register
 243:Generated_Source\PSoC6\pdl\cmsis/include/core_cm4.h ****  ******************************************************************************/
 244:Generated_Source\PSoC6\pdl\cmsis/include/core_cm4.h **** /**
 245:Generated_Source\PSoC6\pdl\cmsis/include/core_cm4.h ****   \defgroup CMSIS_core_register Defines and Type Definitions
 246:Generated_Source\PSoC6\pdl\cmsis/include/core_cm4.h ****   \brief Type definitions and defines for Cortex-M processor based devices.
 247:Generated_Source\PSoC6\pdl\cmsis/include/core_cm4.h **** */
 248:Generated_Source\PSoC6\pdl\cmsis/include/core_cm4.h **** 
 249:Generated_Source\PSoC6\pdl\cmsis/include/core_cm4.h **** /**
 250:Generated_Source\PSoC6\pdl\cmsis/include/core_cm4.h ****   \ingroup    CMSIS_core_register
 251:Generated_Source\PSoC6\pdl\cmsis/include/core_cm4.h ****   \defgroup   CMSIS_CORE  Status and Control Registers
 252:Generated_Source\PSoC6\pdl\cmsis/include/core_cm4.h ****   \brief      Core Register type definitions.
 253:Generated_Source\PSoC6\pdl\cmsis/include/core_cm4.h ****   @{
 254:Generated_Source\PSoC6\pdl\cmsis/include/core_cm4.h ****  */
 255:Generated_Source\PSoC6\pdl\cmsis/include/core_cm4.h **** 
 256:Generated_Source\PSoC6\pdl\cmsis/include/core_cm4.h **** /**
 257:Generated_Source\PSoC6\pdl\cmsis/include/core_cm4.h ****   \brief  Union type to access the Application Program Status Register (APSR).
 258:Generated_Source\PSoC6\pdl\cmsis/include/core_cm4.h ****  */
 259:Generated_Source\PSoC6\pdl\cmsis/include/core_cm4.h **** typedef union
 260:Generated_Source\PSoC6\pdl\cmsis/include/core_cm4.h **** {
 261:Generated_Source\PSoC6\pdl\cmsis/include/core_cm4.h ****   struct
 262:Generated_Source\PSoC6\pdl\cmsis/include/core_cm4.h ****   {
 263:Generated_Source\PSoC6\pdl\cmsis/include/core_cm4.h ****     uint32_t _reserved0:16;              /*!< bit:  0..15  Reserved */
 264:Generated_Source\PSoC6\pdl\cmsis/include/core_cm4.h ****     uint32_t GE:4;                       /*!< bit: 16..19  Greater than or Equal flags */
 265:Generated_Source\PSoC6\pdl\cmsis/include/core_cm4.h ****     uint32_t _reserved1:7;               /*!< bit: 20..26  Reserved */
 266:Generated_Source\PSoC6\pdl\cmsis/include/core_cm4.h ****     uint32_t Q:1;                        /*!< bit:     27  Saturation condition flag */
 267:Generated_Source\PSoC6\pdl\cmsis/include/core_cm4.h ****     uint32_t V:1;                        /*!< bit:     28  Overflow condition code flag */
 268:Generated_Source\PSoC6\pdl\cmsis/include/core_cm4.h ****     uint32_t C:1;                        /*!< bit:     29  Carry condition code flag */
 269:Generated_Source\PSoC6\pdl\cmsis/include/core_cm4.h ****     uint32_t Z:1;                        /*!< bit:     30  Zero condition code flag */
 270:Generated_Source\PSoC6\pdl\cmsis/include/core_cm4.h ****     uint32_t N:1;                        /*!< bit:     31  Negative condition code flag */
 271:Generated_Source\PSoC6\pdl\cmsis/include/core_cm4.h ****   } b;                                   /*!< Structure used for bit  access */
 272:Generated_Source\PSoC6\pdl\cmsis/include/core_cm4.h ****   uint32_t w;                            /*!< Type      used for word access */
 273:Generated_Source\PSoC6\pdl\cmsis/include/core_cm4.h **** } APSR_Type;
 274:Generated_Source\PSoC6\pdl\cmsis/include/core_cm4.h **** 
 275:Generated_Source\PSoC6\pdl\cmsis/include/core_cm4.h **** /* APSR Register Definitions */
 276:Generated_Source\PSoC6\pdl\cmsis/include/core_cm4.h **** #define APSR_N_Pos                         31U                                            /*!< APSR
 277:Generated_Source\PSoC6\pdl\cmsis/include/core_cm4.h **** #define APSR_N_Msk                         (1UL << APSR_N_Pos)                            /*!< APSR
 278:Generated_Source\PSoC6\pdl\cmsis/include/core_cm4.h **** 
ARM GAS  C:\Users\Finik\AppData\Local\Temp\ccY85NDM.s 			page 18


 279:Generated_Source\PSoC6\pdl\cmsis/include/core_cm4.h **** #define APSR_Z_Pos                         30U                                            /*!< APSR
 280:Generated_Source\PSoC6\pdl\cmsis/include/core_cm4.h **** #define APSR_Z_Msk                         (1UL << APSR_Z_Pos)                            /*!< APSR
 281:Generated_Source\PSoC6\pdl\cmsis/include/core_cm4.h **** 
 282:Generated_Source\PSoC6\pdl\cmsis/include/core_cm4.h **** #define APSR_C_Pos                         29U                                            /*!< APSR
 283:Generated_Source\PSoC6\pdl\cmsis/include/core_cm4.h **** #define APSR_C_Msk                         (1UL << APSR_C_Pos)                            /*!< APSR
 284:Generated_Source\PSoC6\pdl\cmsis/include/core_cm4.h **** 
 285:Generated_Source\PSoC6\pdl\cmsis/include/core_cm4.h **** #define APSR_V_Pos                         28U                                            /*!< APSR
 286:Generated_Source\PSoC6\pdl\cmsis/include/core_cm4.h **** #define APSR_V_Msk                         (1UL << APSR_V_Pos)                            /*!< APSR
 287:Generated_Source\PSoC6\pdl\cmsis/include/core_cm4.h **** 
 288:Generated_Source\PSoC6\pdl\cmsis/include/core_cm4.h **** #define APSR_Q_Pos                         27U                                            /*!< APSR
 289:Generated_Source\PSoC6\pdl\cmsis/include/core_cm4.h **** #define APSR_Q_Msk                         (1UL << APSR_Q_Pos)                            /*!< APSR
 290:Generated_Source\PSoC6\pdl\cmsis/include/core_cm4.h **** 
 291:Generated_Source\PSoC6\pdl\cmsis/include/core_cm4.h **** #define APSR_GE_Pos                        16U                                            /*!< APSR
 292:Generated_Source\PSoC6\pdl\cmsis/include/core_cm4.h **** #define APSR_GE_Msk                        (0xFUL << APSR_GE_Pos)                         /*!< APSR
 293:Generated_Source\PSoC6\pdl\cmsis/include/core_cm4.h **** 
 294:Generated_Source\PSoC6\pdl\cmsis/include/core_cm4.h **** 
 295:Generated_Source\PSoC6\pdl\cmsis/include/core_cm4.h **** /**
 296:Generated_Source\PSoC6\pdl\cmsis/include/core_cm4.h ****   \brief  Union type to access the Interrupt Program Status Register (IPSR).
 297:Generated_Source\PSoC6\pdl\cmsis/include/core_cm4.h ****  */
 298:Generated_Source\PSoC6\pdl\cmsis/include/core_cm4.h **** typedef union
 299:Generated_Source\PSoC6\pdl\cmsis/include/core_cm4.h **** {
 300:Generated_Source\PSoC6\pdl\cmsis/include/core_cm4.h ****   struct
 301:Generated_Source\PSoC6\pdl\cmsis/include/core_cm4.h ****   {
 302:Generated_Source\PSoC6\pdl\cmsis/include/core_cm4.h ****     uint32_t ISR:9;                      /*!< bit:  0.. 8  Exception number */
 303:Generated_Source\PSoC6\pdl\cmsis/include/core_cm4.h ****     uint32_t _reserved0:23;              /*!< bit:  9..31  Reserved */
 304:Generated_Source\PSoC6\pdl\cmsis/include/core_cm4.h ****   } b;                                   /*!< Structure used for bit  access */
 305:Generated_Source\PSoC6\pdl\cmsis/include/core_cm4.h ****   uint32_t w;                            /*!< Type      used for word access */
 306:Generated_Source\PSoC6\pdl\cmsis/include/core_cm4.h **** } IPSR_Type;
 307:Generated_Source\PSoC6\pdl\cmsis/include/core_cm4.h **** 
 308:Generated_Source\PSoC6\pdl\cmsis/include/core_cm4.h **** /* IPSR Register Definitions */
 309:Generated_Source\PSoC6\pdl\cmsis/include/core_cm4.h **** #define IPSR_ISR_Pos                        0U                                            /*!< IPSR
 310:Generated_Source\PSoC6\pdl\cmsis/include/core_cm4.h **** #define IPSR_ISR_Msk                       (0x1FFUL /*<< IPSR_ISR_Pos*/)                  /*!< IPSR
 311:Generated_Source\PSoC6\pdl\cmsis/include/core_cm4.h **** 
 312:Generated_Source\PSoC6\pdl\cmsis/include/core_cm4.h **** 
 313:Generated_Source\PSoC6\pdl\cmsis/include/core_cm4.h **** /**
 314:Generated_Source\PSoC6\pdl\cmsis/include/core_cm4.h ****   \brief  Union type to access the Special-Purpose Program Status Registers (xPSR).
 315:Generated_Source\PSoC6\pdl\cmsis/include/core_cm4.h ****  */
 316:Generated_Source\PSoC6\pdl\cmsis/include/core_cm4.h **** typedef union
 317:Generated_Source\PSoC6\pdl\cmsis/include/core_cm4.h **** {
 318:Generated_Source\PSoC6\pdl\cmsis/include/core_cm4.h ****   struct
 319:Generated_Source\PSoC6\pdl\cmsis/include/core_cm4.h ****   {
 320:Generated_Source\PSoC6\pdl\cmsis/include/core_cm4.h ****     uint32_t ISR:9;                      /*!< bit:  0.. 8  Exception number */
 321:Generated_Source\PSoC6\pdl\cmsis/include/core_cm4.h ****     uint32_t _reserved0:1;               /*!< bit:      9  Reserved */
 322:Generated_Source\PSoC6\pdl\cmsis/include/core_cm4.h ****     uint32_t ICI_IT_1:6;                 /*!< bit: 10..15  ICI/IT part 1 */
 323:Generated_Source\PSoC6\pdl\cmsis/include/core_cm4.h ****     uint32_t GE:4;                       /*!< bit: 16..19  Greater than or Equal flags */
 324:Generated_Source\PSoC6\pdl\cmsis/include/core_cm4.h ****     uint32_t _reserved1:4;               /*!< bit: 20..23  Reserved */
 325:Generated_Source\PSoC6\pdl\cmsis/include/core_cm4.h ****     uint32_t T:1;                        /*!< bit:     24  Thumb bit */
 326:Generated_Source\PSoC6\pdl\cmsis/include/core_cm4.h ****     uint32_t ICI_IT_2:2;                 /*!< bit: 25..26  ICI/IT part 2 */
 327:Generated_Source\PSoC6\pdl\cmsis/include/core_cm4.h ****     uint32_t Q:1;                        /*!< bit:     27  Saturation condition flag */
 328:Generated_Source\PSoC6\pdl\cmsis/include/core_cm4.h ****     uint32_t V:1;                        /*!< bit:     28  Overflow condition code flag */
 329:Generated_Source\PSoC6\pdl\cmsis/include/core_cm4.h ****     uint32_t C:1;                        /*!< bit:     29  Carry condition code flag */
 330:Generated_Source\PSoC6\pdl\cmsis/include/core_cm4.h ****     uint32_t Z:1;                        /*!< bit:     30  Zero condition code flag */
 331:Generated_Source\PSoC6\pdl\cmsis/include/core_cm4.h ****     uint32_t N:1;                        /*!< bit:     31  Negative condition code flag */
 332:Generated_Source\PSoC6\pdl\cmsis/include/core_cm4.h ****   } b;                                   /*!< Structure used for bit  access */
 333:Generated_Source\PSoC6\pdl\cmsis/include/core_cm4.h ****   uint32_t w;                            /*!< Type      used for word access */
 334:Generated_Source\PSoC6\pdl\cmsis/include/core_cm4.h **** } xPSR_Type;
 335:Generated_Source\PSoC6\pdl\cmsis/include/core_cm4.h **** 
ARM GAS  C:\Users\Finik\AppData\Local\Temp\ccY85NDM.s 			page 19


 336:Generated_Source\PSoC6\pdl\cmsis/include/core_cm4.h **** /* xPSR Register Definitions */
 337:Generated_Source\PSoC6\pdl\cmsis/include/core_cm4.h **** #define xPSR_N_Pos                         31U                                            /*!< xPSR
 338:Generated_Source\PSoC6\pdl\cmsis/include/core_cm4.h **** #define xPSR_N_Msk                         (1UL << xPSR_N_Pos)                            /*!< xPSR
 339:Generated_Source\PSoC6\pdl\cmsis/include/core_cm4.h **** 
 340:Generated_Source\PSoC6\pdl\cmsis/include/core_cm4.h **** #define xPSR_Z_Pos                         30U                                            /*!< xPSR
 341:Generated_Source\PSoC6\pdl\cmsis/include/core_cm4.h **** #define xPSR_Z_Msk                         (1UL << xPSR_Z_Pos)                            /*!< xPSR
 342:Generated_Source\PSoC6\pdl\cmsis/include/core_cm4.h **** 
 343:Generated_Source\PSoC6\pdl\cmsis/include/core_cm4.h **** #define xPSR_C_Pos                         29U                                            /*!< xPSR
 344:Generated_Source\PSoC6\pdl\cmsis/include/core_cm4.h **** #define xPSR_C_Msk                         (1UL << xPSR_C_Pos)                            /*!< xPSR
 345:Generated_Source\PSoC6\pdl\cmsis/include/core_cm4.h **** 
 346:Generated_Source\PSoC6\pdl\cmsis/include/core_cm4.h **** #define xPSR_V_Pos                         28U                                            /*!< xPSR
 347:Generated_Source\PSoC6\pdl\cmsis/include/core_cm4.h **** #define xPSR_V_Msk                         (1UL << xPSR_V_Pos)                            /*!< xPSR
 348:Generated_Source\PSoC6\pdl\cmsis/include/core_cm4.h **** 
 349:Generated_Source\PSoC6\pdl\cmsis/include/core_cm4.h **** #define xPSR_Q_Pos                         27U                                            /*!< xPSR
 350:Generated_Source\PSoC6\pdl\cmsis/include/core_cm4.h **** #define xPSR_Q_Msk                         (1UL << xPSR_Q_Pos)                            /*!< xPSR
 351:Generated_Source\PSoC6\pdl\cmsis/include/core_cm4.h **** 
 352:Generated_Source\PSoC6\pdl\cmsis/include/core_cm4.h **** #define xPSR_ICI_IT_2_Pos                  25U                                            /*!< xPSR
 353:Generated_Source\PSoC6\pdl\cmsis/include/core_cm4.h **** #define xPSR_ICI_IT_2_Msk                  (3UL << xPSR_ICI_IT_2_Pos)                     /*!< xPSR
 354:Generated_Source\PSoC6\pdl\cmsis/include/core_cm4.h **** 
 355:Generated_Source\PSoC6\pdl\cmsis/include/core_cm4.h **** #define xPSR_T_Pos                         24U                                            /*!< xPSR
 356:Generated_Source\PSoC6\pdl\cmsis/include/core_cm4.h **** #define xPSR_T_Msk                         (1UL << xPSR_T_Pos)                            /*!< xPSR
 357:Generated_Source\PSoC6\pdl\cmsis/include/core_cm4.h **** 
 358:Generated_Source\PSoC6\pdl\cmsis/include/core_cm4.h **** #define xPSR_GE_Pos                        16U                                            /*!< xPSR
 359:Generated_Source\PSoC6\pdl\cmsis/include/core_cm4.h **** #define xPSR_GE_Msk                        (0xFUL << xPSR_GE_Pos)                         /*!< xPSR
 360:Generated_Source\PSoC6\pdl\cmsis/include/core_cm4.h **** 
 361:Generated_Source\PSoC6\pdl\cmsis/include/core_cm4.h **** #define xPSR_ICI_IT_1_Pos                  10U                                            /*!< xPSR
 362:Generated_Source\PSoC6\pdl\cmsis/include/core_cm4.h **** #define xPSR_ICI_IT_1_Msk                  (0x3FUL << xPSR_ICI_IT_1_Pos)                  /*!< xPSR
 363:Generated_Source\PSoC6\pdl\cmsis/include/core_cm4.h **** 
 364:Generated_Source\PSoC6\pdl\cmsis/include/core_cm4.h **** #define xPSR_ISR_Pos                        0U                                            /*!< xPSR
 365:Generated_Source\PSoC6\pdl\cmsis/include/core_cm4.h **** #define xPSR_ISR_Msk                       (0x1FFUL /*<< xPSR_ISR_Pos*/)                  /*!< xPSR
 366:Generated_Source\PSoC6\pdl\cmsis/include/core_cm4.h **** 
 367:Generated_Source\PSoC6\pdl\cmsis/include/core_cm4.h **** 
 368:Generated_Source\PSoC6\pdl\cmsis/include/core_cm4.h **** /**
 369:Generated_Source\PSoC6\pdl\cmsis/include/core_cm4.h ****   \brief  Union type to access the Control Registers (CONTROL).
 370:Generated_Source\PSoC6\pdl\cmsis/include/core_cm4.h ****  */
 371:Generated_Source\PSoC6\pdl\cmsis/include/core_cm4.h **** typedef union
 372:Generated_Source\PSoC6\pdl\cmsis/include/core_cm4.h **** {
 373:Generated_Source\PSoC6\pdl\cmsis/include/core_cm4.h ****   struct
 374:Generated_Source\PSoC6\pdl\cmsis/include/core_cm4.h ****   {
 375:Generated_Source\PSoC6\pdl\cmsis/include/core_cm4.h ****     uint32_t nPRIV:1;                    /*!< bit:      0  Execution privilege in Thread mode */
 376:Generated_Source\PSoC6\pdl\cmsis/include/core_cm4.h ****     uint32_t SPSEL:1;                    /*!< bit:      1  Stack to be used */
 377:Generated_Source\PSoC6\pdl\cmsis/include/core_cm4.h ****     uint32_t FPCA:1;                     /*!< bit:      2  FP extension active flag */
 378:Generated_Source\PSoC6\pdl\cmsis/include/core_cm4.h ****     uint32_t _reserved0:29;              /*!< bit:  3..31  Reserved */
 379:Generated_Source\PSoC6\pdl\cmsis/include/core_cm4.h ****   } b;                                   /*!< Structure used for bit  access */
 380:Generated_Source\PSoC6\pdl\cmsis/include/core_cm4.h ****   uint32_t w;                            /*!< Type      used for word access */
 381:Generated_Source\PSoC6\pdl\cmsis/include/core_cm4.h **** } CONTROL_Type;
 382:Generated_Source\PSoC6\pdl\cmsis/include/core_cm4.h **** 
 383:Generated_Source\PSoC6\pdl\cmsis/include/core_cm4.h **** /* CONTROL Register Definitions */
 384:Generated_Source\PSoC6\pdl\cmsis/include/core_cm4.h **** #define CONTROL_FPCA_Pos                    2U                                            /*!< CONT
 385:Generated_Source\PSoC6\pdl\cmsis/include/core_cm4.h **** #define CONTROL_FPCA_Msk                   (1UL << CONTROL_FPCA_Pos)                      /*!< CONT
 386:Generated_Source\PSoC6\pdl\cmsis/include/core_cm4.h **** 
 387:Generated_Source\PSoC6\pdl\cmsis/include/core_cm4.h **** #define CONTROL_SPSEL_Pos                   1U                                            /*!< CONT
 388:Generated_Source\PSoC6\pdl\cmsis/include/core_cm4.h **** #define CONTROL_SPSEL_Msk                  (1UL << CONTROL_SPSEL_Pos)                     /*!< CONT
 389:Generated_Source\PSoC6\pdl\cmsis/include/core_cm4.h **** 
 390:Generated_Source\PSoC6\pdl\cmsis/include/core_cm4.h **** #define CONTROL_nPRIV_Pos                   0U                                            /*!< CONT
 391:Generated_Source\PSoC6\pdl\cmsis/include/core_cm4.h **** #define CONTROL_nPRIV_Msk                  (1UL /*<< CONTROL_nPRIV_Pos*/)                 /*!< CONT
 392:Generated_Source\PSoC6\pdl\cmsis/include/core_cm4.h **** 
ARM GAS  C:\Users\Finik\AppData\Local\Temp\ccY85NDM.s 			page 20


 393:Generated_Source\PSoC6\pdl\cmsis/include/core_cm4.h **** /*@} end of group CMSIS_CORE */
 394:Generated_Source\PSoC6\pdl\cmsis/include/core_cm4.h **** 
 395:Generated_Source\PSoC6\pdl\cmsis/include/core_cm4.h **** 
 396:Generated_Source\PSoC6\pdl\cmsis/include/core_cm4.h **** /**
 397:Generated_Source\PSoC6\pdl\cmsis/include/core_cm4.h ****   \ingroup    CMSIS_core_register
 398:Generated_Source\PSoC6\pdl\cmsis/include/core_cm4.h ****   \defgroup   CMSIS_NVIC  Nested Vectored Interrupt Controller (NVIC)
 399:Generated_Source\PSoC6\pdl\cmsis/include/core_cm4.h ****   \brief      Type definitions for the NVIC Registers
 400:Generated_Source\PSoC6\pdl\cmsis/include/core_cm4.h ****   @{
 401:Generated_Source\PSoC6\pdl\cmsis/include/core_cm4.h ****  */
 402:Generated_Source\PSoC6\pdl\cmsis/include/core_cm4.h **** 
 403:Generated_Source\PSoC6\pdl\cmsis/include/core_cm4.h **** /**
 404:Generated_Source\PSoC6\pdl\cmsis/include/core_cm4.h ****   \brief  Structure type to access the Nested Vectored Interrupt Controller (NVIC).
 405:Generated_Source\PSoC6\pdl\cmsis/include/core_cm4.h ****  */
 406:Generated_Source\PSoC6\pdl\cmsis/include/core_cm4.h **** typedef struct
 407:Generated_Source\PSoC6\pdl\cmsis/include/core_cm4.h **** {
 408:Generated_Source\PSoC6\pdl\cmsis/include/core_cm4.h ****   __IOM uint32_t ISER[8U];               /*!< Offset: 0x000 (R/W)  Interrupt Set Enable Register */
 409:Generated_Source\PSoC6\pdl\cmsis/include/core_cm4.h ****         uint32_t RESERVED0[24U];
 410:Generated_Source\PSoC6\pdl\cmsis/include/core_cm4.h ****   __IOM uint32_t ICER[8U];               /*!< Offset: 0x080 (R/W)  Interrupt Clear Enable Register 
 411:Generated_Source\PSoC6\pdl\cmsis/include/core_cm4.h ****         uint32_t RSERVED1[24U];
 412:Generated_Source\PSoC6\pdl\cmsis/include/core_cm4.h ****   __IOM uint32_t ISPR[8U];               /*!< Offset: 0x100 (R/W)  Interrupt Set Pending Register *
 413:Generated_Source\PSoC6\pdl\cmsis/include/core_cm4.h ****         uint32_t RESERVED2[24U];
 414:Generated_Source\PSoC6\pdl\cmsis/include/core_cm4.h ****   __IOM uint32_t ICPR[8U];               /*!< Offset: 0x180 (R/W)  Interrupt Clear Pending Register
 415:Generated_Source\PSoC6\pdl\cmsis/include/core_cm4.h ****         uint32_t RESERVED3[24U];
 416:Generated_Source\PSoC6\pdl\cmsis/include/core_cm4.h ****   __IOM uint32_t IABR[8U];               /*!< Offset: 0x200 (R/W)  Interrupt Active bit Register */
 417:Generated_Source\PSoC6\pdl\cmsis/include/core_cm4.h ****         uint32_t RESERVED4[56U];
 418:Generated_Source\PSoC6\pdl\cmsis/include/core_cm4.h ****   __IOM uint8_t  IP[240U];               /*!< Offset: 0x300 (R/W)  Interrupt Priority Register (8Bi
 419:Generated_Source\PSoC6\pdl\cmsis/include/core_cm4.h ****         uint32_t RESERVED5[644U];
 420:Generated_Source\PSoC6\pdl\cmsis/include/core_cm4.h ****   __OM  uint32_t STIR;                   /*!< Offset: 0xE00 ( /W)  Software Trigger Interrupt Regis
 421:Generated_Source\PSoC6\pdl\cmsis/include/core_cm4.h **** }  NVIC_Type;
 422:Generated_Source\PSoC6\pdl\cmsis/include/core_cm4.h **** 
 423:Generated_Source\PSoC6\pdl\cmsis/include/core_cm4.h **** /* Software Triggered Interrupt Register Definitions */
 424:Generated_Source\PSoC6\pdl\cmsis/include/core_cm4.h **** #define NVIC_STIR_INTID_Pos                 0U                                         /*!< STIR: I
 425:Generated_Source\PSoC6\pdl\cmsis/include/core_cm4.h **** #define NVIC_STIR_INTID_Msk                (0x1FFUL /*<< NVIC_STIR_INTID_Pos*/)        /*!< STIR: I
 426:Generated_Source\PSoC6\pdl\cmsis/include/core_cm4.h **** 
 427:Generated_Source\PSoC6\pdl\cmsis/include/core_cm4.h **** /*@} end of group CMSIS_NVIC */
 428:Generated_Source\PSoC6\pdl\cmsis/include/core_cm4.h **** 
 429:Generated_Source\PSoC6\pdl\cmsis/include/core_cm4.h **** 
 430:Generated_Source\PSoC6\pdl\cmsis/include/core_cm4.h **** /**
 431:Generated_Source\PSoC6\pdl\cmsis/include/core_cm4.h ****   \ingroup  CMSIS_core_register
 432:Generated_Source\PSoC6\pdl\cmsis/include/core_cm4.h ****   \defgroup CMSIS_SCB     System Control Block (SCB)
 433:Generated_Source\PSoC6\pdl\cmsis/include/core_cm4.h ****   \brief    Type definitions for the System Control Block Registers
 434:Generated_Source\PSoC6\pdl\cmsis/include/core_cm4.h ****   @{
 435:Generated_Source\PSoC6\pdl\cmsis/include/core_cm4.h ****  */
 436:Generated_Source\PSoC6\pdl\cmsis/include/core_cm4.h **** 
 437:Generated_Source\PSoC6\pdl\cmsis/include/core_cm4.h **** /**
 438:Generated_Source\PSoC6\pdl\cmsis/include/core_cm4.h ****   \brief  Structure type to access the System Control Block (SCB).
 439:Generated_Source\PSoC6\pdl\cmsis/include/core_cm4.h ****  */
 440:Generated_Source\PSoC6\pdl\cmsis/include/core_cm4.h **** typedef struct
 441:Generated_Source\PSoC6\pdl\cmsis/include/core_cm4.h **** {
 442:Generated_Source\PSoC6\pdl\cmsis/include/core_cm4.h ****   __IM  uint32_t CPUID;                  /*!< Offset: 0x000 (R/ )  CPUID Base Register */
 443:Generated_Source\PSoC6\pdl\cmsis/include/core_cm4.h ****   __IOM uint32_t ICSR;                   /*!< Offset: 0x004 (R/W)  Interrupt Control and State Regi
 444:Generated_Source\PSoC6\pdl\cmsis/include/core_cm4.h ****   __IOM uint32_t VTOR;                   /*!< Offset: 0x008 (R/W)  Vector Table Offset Register */
 445:Generated_Source\PSoC6\pdl\cmsis/include/core_cm4.h ****   __IOM uint32_t AIRCR;                  /*!< Offset: 0x00C (R/W)  Application Interrupt and Reset 
 446:Generated_Source\PSoC6\pdl\cmsis/include/core_cm4.h ****   __IOM uint32_t SCR;                    /*!< Offset: 0x010 (R/W)  System Control Register */
 447:Generated_Source\PSoC6\pdl\cmsis/include/core_cm4.h ****   __IOM uint32_t CCR;                    /*!< Offset: 0x014 (R/W)  Configuration Control Register *
 448:Generated_Source\PSoC6\pdl\cmsis/include/core_cm4.h ****   __IOM uint8_t  SHP[12U];               /*!< Offset: 0x018 (R/W)  System Handlers Priority Registe
 449:Generated_Source\PSoC6\pdl\cmsis/include/core_cm4.h ****   __IOM uint32_t SHCSR;                  /*!< Offset: 0x024 (R/W)  System Handler Control and State
ARM GAS  C:\Users\Finik\AppData\Local\Temp\ccY85NDM.s 			page 21


 450:Generated_Source\PSoC6\pdl\cmsis/include/core_cm4.h ****   __IOM uint32_t CFSR;                   /*!< Offset: 0x028 (R/W)  Configurable Fault Status Regist
 451:Generated_Source\PSoC6\pdl\cmsis/include/core_cm4.h ****   __IOM uint32_t HFSR;                   /*!< Offset: 0x02C (R/W)  HardFault Status Register */
 452:Generated_Source\PSoC6\pdl\cmsis/include/core_cm4.h ****   __IOM uint32_t DFSR;                   /*!< Offset: 0x030 (R/W)  Debug Fault Status Register */
 453:Generated_Source\PSoC6\pdl\cmsis/include/core_cm4.h ****   __IOM uint32_t MMFAR;                  /*!< Offset: 0x034 (R/W)  MemManage Fault Address Register
 454:Generated_Source\PSoC6\pdl\cmsis/include/core_cm4.h ****   __IOM uint32_t BFAR;                   /*!< Offset: 0x038 (R/W)  BusFault Address Register */
 455:Generated_Source\PSoC6\pdl\cmsis/include/core_cm4.h ****   __IOM uint32_t AFSR;                   /*!< Offset: 0x03C (R/W)  Auxiliary Fault Status Register 
 456:Generated_Source\PSoC6\pdl\cmsis/include/core_cm4.h ****   __IM  uint32_t PFR[2U];                /*!< Offset: 0x040 (R/ )  Processor Feature Register */
 457:Generated_Source\PSoC6\pdl\cmsis/include/core_cm4.h ****   __IM  uint32_t DFR;                    /*!< Offset: 0x048 (R/ )  Debug Feature Register */
 458:Generated_Source\PSoC6\pdl\cmsis/include/core_cm4.h ****   __IM  uint32_t ADR;                    /*!< Offset: 0x04C (R/ )  Auxiliary Feature Register */
 459:Generated_Source\PSoC6\pdl\cmsis/include/core_cm4.h ****   __IM  uint32_t MMFR[4U];               /*!< Offset: 0x050 (R/ )  Memory Model Feature Register */
 460:Generated_Source\PSoC6\pdl\cmsis/include/core_cm4.h ****   __IM  uint32_t ISAR[5U];               /*!< Offset: 0x060 (R/ )  Instruction Set Attributes Regis
 461:Generated_Source\PSoC6\pdl\cmsis/include/core_cm4.h ****         uint32_t RESERVED0[5U];
 462:Generated_Source\PSoC6\pdl\cmsis/include/core_cm4.h ****   __IOM uint32_t CPACR;                  /*!< Offset: 0x088 (R/W)  Coprocessor Access Control Regis
 463:Generated_Source\PSoC6\pdl\cmsis/include/core_cm4.h **** } SCB_Type;
 464:Generated_Source\PSoC6\pdl\cmsis/include/core_cm4.h **** 
 465:Generated_Source\PSoC6\pdl\cmsis/include/core_cm4.h **** /* SCB CPUID Register Definitions */
 466:Generated_Source\PSoC6\pdl\cmsis/include/core_cm4.h **** #define SCB_CPUID_IMPLEMENTER_Pos          24U                                            /*!< SCB 
 467:Generated_Source\PSoC6\pdl\cmsis/include/core_cm4.h **** #define SCB_CPUID_IMPLEMENTER_Msk          (0xFFUL << SCB_CPUID_IMPLEMENTER_Pos)          /*!< SCB 
 468:Generated_Source\PSoC6\pdl\cmsis/include/core_cm4.h **** 
 469:Generated_Source\PSoC6\pdl\cmsis/include/core_cm4.h **** #define SCB_CPUID_VARIANT_Pos              20U                                            /*!< SCB 
 470:Generated_Source\PSoC6\pdl\cmsis/include/core_cm4.h **** #define SCB_CPUID_VARIANT_Msk              (0xFUL << SCB_CPUID_VARIANT_Pos)               /*!< SCB 
 471:Generated_Source\PSoC6\pdl\cmsis/include/core_cm4.h **** 
 472:Generated_Source\PSoC6\pdl\cmsis/include/core_cm4.h **** #define SCB_CPUID_ARCHITECTURE_Pos         16U                                            /*!< SCB 
 473:Generated_Source\PSoC6\pdl\cmsis/include/core_cm4.h **** #define SCB_CPUID_ARCHITECTURE_Msk         (0xFUL << SCB_CPUID_ARCHITECTURE_Pos)          /*!< SCB 
 474:Generated_Source\PSoC6\pdl\cmsis/include/core_cm4.h **** 
 475:Generated_Source\PSoC6\pdl\cmsis/include/core_cm4.h **** #define SCB_CPUID_PARTNO_Pos                4U                                            /*!< SCB 
 476:Generated_Source\PSoC6\pdl\cmsis/include/core_cm4.h **** #define SCB_CPUID_PARTNO_Msk               (0xFFFUL << SCB_CPUID_PARTNO_Pos)              /*!< SCB 
 477:Generated_Source\PSoC6\pdl\cmsis/include/core_cm4.h **** 
 478:Generated_Source\PSoC6\pdl\cmsis/include/core_cm4.h **** #define SCB_CPUID_REVISION_Pos              0U                                            /*!< SCB 
 479:Generated_Source\PSoC6\pdl\cmsis/include/core_cm4.h **** #define SCB_CPUID_REVISION_Msk             (0xFUL /*<< SCB_CPUID_REVISION_Pos*/)          /*!< SCB 
 480:Generated_Source\PSoC6\pdl\cmsis/include/core_cm4.h **** 
 481:Generated_Source\PSoC6\pdl\cmsis/include/core_cm4.h **** /* SCB Interrupt Control State Register Definitions */
 482:Generated_Source\PSoC6\pdl\cmsis/include/core_cm4.h **** #define SCB_ICSR_NMIPENDSET_Pos            31U                                            /*!< SCB 
 483:Generated_Source\PSoC6\pdl\cmsis/include/core_cm4.h **** #define SCB_ICSR_NMIPENDSET_Msk            (1UL << SCB_ICSR_NMIPENDSET_Pos)               /*!< SCB 
 484:Generated_Source\PSoC6\pdl\cmsis/include/core_cm4.h **** 
 485:Generated_Source\PSoC6\pdl\cmsis/include/core_cm4.h **** #define SCB_ICSR_PENDSVSET_Pos             28U                                            /*!< SCB 
 486:Generated_Source\PSoC6\pdl\cmsis/include/core_cm4.h **** #define SCB_ICSR_PENDSVSET_Msk             (1UL << SCB_ICSR_PENDSVSET_Pos)                /*!< SCB 
 487:Generated_Source\PSoC6\pdl\cmsis/include/core_cm4.h **** 
 488:Generated_Source\PSoC6\pdl\cmsis/include/core_cm4.h **** #define SCB_ICSR_PENDSVCLR_Pos             27U                                            /*!< SCB 
 489:Generated_Source\PSoC6\pdl\cmsis/include/core_cm4.h **** #define SCB_ICSR_PENDSVCLR_Msk             (1UL << SCB_ICSR_PENDSVCLR_Pos)                /*!< SCB 
 490:Generated_Source\PSoC6\pdl\cmsis/include/core_cm4.h **** 
 491:Generated_Source\PSoC6\pdl\cmsis/include/core_cm4.h **** #define SCB_ICSR_PENDSTSET_Pos             26U                                            /*!< SCB 
 492:Generated_Source\PSoC6\pdl\cmsis/include/core_cm4.h **** #define SCB_ICSR_PENDSTSET_Msk             (1UL << SCB_ICSR_PENDSTSET_Pos)                /*!< SCB 
 493:Generated_Source\PSoC6\pdl\cmsis/include/core_cm4.h **** 
 494:Generated_Source\PSoC6\pdl\cmsis/include/core_cm4.h **** #define SCB_ICSR_PENDSTCLR_Pos             25U                                            /*!< SCB 
 495:Generated_Source\PSoC6\pdl\cmsis/include/core_cm4.h **** #define SCB_ICSR_PENDSTCLR_Msk             (1UL << SCB_ICSR_PENDSTCLR_Pos)                /*!< SCB 
 496:Generated_Source\PSoC6\pdl\cmsis/include/core_cm4.h **** 
 497:Generated_Source\PSoC6\pdl\cmsis/include/core_cm4.h **** #define SCB_ICSR_ISRPREEMPT_Pos            23U                                            /*!< SCB 
 498:Generated_Source\PSoC6\pdl\cmsis/include/core_cm4.h **** #define SCB_ICSR_ISRPREEMPT_Msk            (1UL << SCB_ICSR_ISRPREEMPT_Pos)               /*!< SCB 
 499:Generated_Source\PSoC6\pdl\cmsis/include/core_cm4.h **** 
 500:Generated_Source\PSoC6\pdl\cmsis/include/core_cm4.h **** #define SCB_ICSR_ISRPENDING_Pos            22U                                            /*!< SCB 
 501:Generated_Source\PSoC6\pdl\cmsis/include/core_cm4.h **** #define SCB_ICSR_ISRPENDING_Msk            (1UL << SCB_ICSR_ISRPENDING_Pos)               /*!< SCB 
 502:Generated_Source\PSoC6\pdl\cmsis/include/core_cm4.h **** 
 503:Generated_Source\PSoC6\pdl\cmsis/include/core_cm4.h **** #define SCB_ICSR_VECTPENDING_Pos           12U                                            /*!< SCB 
 504:Generated_Source\PSoC6\pdl\cmsis/include/core_cm4.h **** #define SCB_ICSR_VECTPENDING_Msk           (0x1FFUL << SCB_ICSR_VECTPENDING_Pos)          /*!< SCB 
 505:Generated_Source\PSoC6\pdl\cmsis/include/core_cm4.h **** 
 506:Generated_Source\PSoC6\pdl\cmsis/include/core_cm4.h **** #define SCB_ICSR_RETTOBASE_Pos             11U                                            /*!< SCB 
ARM GAS  C:\Users\Finik\AppData\Local\Temp\ccY85NDM.s 			page 22


 507:Generated_Source\PSoC6\pdl\cmsis/include/core_cm4.h **** #define SCB_ICSR_RETTOBASE_Msk             (1UL << SCB_ICSR_RETTOBASE_Pos)                /*!< SCB 
 508:Generated_Source\PSoC6\pdl\cmsis/include/core_cm4.h **** 
 509:Generated_Source\PSoC6\pdl\cmsis/include/core_cm4.h **** #define SCB_ICSR_VECTACTIVE_Pos             0U                                            /*!< SCB 
 510:Generated_Source\PSoC6\pdl\cmsis/include/core_cm4.h **** #define SCB_ICSR_VECTACTIVE_Msk            (0x1FFUL /*<< SCB_ICSR_VECTACTIVE_Pos*/)       /*!< SCB 
 511:Generated_Source\PSoC6\pdl\cmsis/include/core_cm4.h **** 
 512:Generated_Source\PSoC6\pdl\cmsis/include/core_cm4.h **** /* SCB Vector Table Offset Register Definitions */
 513:Generated_Source\PSoC6\pdl\cmsis/include/core_cm4.h **** #define SCB_VTOR_TBLOFF_Pos                 7U                                            /*!< SCB 
 514:Generated_Source\PSoC6\pdl\cmsis/include/core_cm4.h **** #define SCB_VTOR_TBLOFF_Msk                (0x1FFFFFFUL << SCB_VTOR_TBLOFF_Pos)           /*!< SCB 
 515:Generated_Source\PSoC6\pdl\cmsis/include/core_cm4.h **** 
 516:Generated_Source\PSoC6\pdl\cmsis/include/core_cm4.h **** /* SCB Application Interrupt and Reset Control Register Definitions */
 517:Generated_Source\PSoC6\pdl\cmsis/include/core_cm4.h **** #define SCB_AIRCR_VECTKEY_Pos              16U                                            /*!< SCB 
 518:Generated_Source\PSoC6\pdl\cmsis/include/core_cm4.h **** #define SCB_AIRCR_VECTKEY_Msk              (0xFFFFUL << SCB_AIRCR_VECTKEY_Pos)            /*!< SCB 
 519:Generated_Source\PSoC6\pdl\cmsis/include/core_cm4.h **** 
 520:Generated_Source\PSoC6\pdl\cmsis/include/core_cm4.h **** #define SCB_AIRCR_VECTKEYSTAT_Pos          16U                                            /*!< SCB 
 521:Generated_Source\PSoC6\pdl\cmsis/include/core_cm4.h **** #define SCB_AIRCR_VECTKEYSTAT_Msk          (0xFFFFUL << SCB_AIRCR_VECTKEYSTAT_Pos)        /*!< SCB 
 522:Generated_Source\PSoC6\pdl\cmsis/include/core_cm4.h **** 
 523:Generated_Source\PSoC6\pdl\cmsis/include/core_cm4.h **** #define SCB_AIRCR_ENDIANESS_Pos            15U                                            /*!< SCB 
 524:Generated_Source\PSoC6\pdl\cmsis/include/core_cm4.h **** #define SCB_AIRCR_ENDIANESS_Msk            (1UL << SCB_AIRCR_ENDIANESS_Pos)               /*!< SCB 
 525:Generated_Source\PSoC6\pdl\cmsis/include/core_cm4.h **** 
 526:Generated_Source\PSoC6\pdl\cmsis/include/core_cm4.h **** #define SCB_AIRCR_PRIGROUP_Pos              8U                                            /*!< SCB 
 527:Generated_Source\PSoC6\pdl\cmsis/include/core_cm4.h **** #define SCB_AIRCR_PRIGROUP_Msk             (7UL << SCB_AIRCR_PRIGROUP_Pos)                /*!< SCB 
 528:Generated_Source\PSoC6\pdl\cmsis/include/core_cm4.h **** 
 529:Generated_Source\PSoC6\pdl\cmsis/include/core_cm4.h **** #define SCB_AIRCR_SYSRESETREQ_Pos           2U                                            /*!< SCB 
 530:Generated_Source\PSoC6\pdl\cmsis/include/core_cm4.h **** #define SCB_AIRCR_SYSRESETREQ_Msk          (1UL << SCB_AIRCR_SYSRESETREQ_Pos)             /*!< SCB 
 531:Generated_Source\PSoC6\pdl\cmsis/include/core_cm4.h **** 
 532:Generated_Source\PSoC6\pdl\cmsis/include/core_cm4.h **** #define SCB_AIRCR_VECTCLRACTIVE_Pos         1U                                            /*!< SCB 
 533:Generated_Source\PSoC6\pdl\cmsis/include/core_cm4.h **** #define SCB_AIRCR_VECTCLRACTIVE_Msk        (1UL << SCB_AIRCR_VECTCLRACTIVE_Pos)           /*!< SCB 
 534:Generated_Source\PSoC6\pdl\cmsis/include/core_cm4.h **** 
 535:Generated_Source\PSoC6\pdl\cmsis/include/core_cm4.h **** #define SCB_AIRCR_VECTRESET_Pos             0U                                            /*!< SCB 
 536:Generated_Source\PSoC6\pdl\cmsis/include/core_cm4.h **** #define SCB_AIRCR_VECTRESET_Msk            (1UL /*<< SCB_AIRCR_VECTRESET_Pos*/)           /*!< SCB 
 537:Generated_Source\PSoC6\pdl\cmsis/include/core_cm4.h **** 
 538:Generated_Source\PSoC6\pdl\cmsis/include/core_cm4.h **** /* SCB System Control Register Definitions */
 539:Generated_Source\PSoC6\pdl\cmsis/include/core_cm4.h **** #define SCB_SCR_SEVONPEND_Pos               4U                                            /*!< SCB 
 540:Generated_Source\PSoC6\pdl\cmsis/include/core_cm4.h **** #define SCB_SCR_SEVONPEND_Msk              (1UL << SCB_SCR_SEVONPEND_Pos)                 /*!< SCB 
 541:Generated_Source\PSoC6\pdl\cmsis/include/core_cm4.h **** 
 542:Generated_Source\PSoC6\pdl\cmsis/include/core_cm4.h **** #define SCB_SCR_SLEEPDEEP_Pos               2U                                            /*!< SCB 
 543:Generated_Source\PSoC6\pdl\cmsis/include/core_cm4.h **** #define SCB_SCR_SLEEPDEEP_Msk              (1UL << SCB_SCR_SLEEPDEEP_Pos)                 /*!< SCB 
 544:Generated_Source\PSoC6\pdl\cmsis/include/core_cm4.h **** 
 545:Generated_Source\PSoC6\pdl\cmsis/include/core_cm4.h **** #define SCB_SCR_SLEEPONEXIT_Pos             1U                                            /*!< SCB 
 546:Generated_Source\PSoC6\pdl\cmsis/include/core_cm4.h **** #define SCB_SCR_SLEEPONEXIT_Msk            (1UL << SCB_SCR_SLEEPONEXIT_Pos)               /*!< SCB 
 547:Generated_Source\PSoC6\pdl\cmsis/include/core_cm4.h **** 
 548:Generated_Source\PSoC6\pdl\cmsis/include/core_cm4.h **** /* SCB Configuration Control Register Definitions */
 549:Generated_Source\PSoC6\pdl\cmsis/include/core_cm4.h **** #define SCB_CCR_STKALIGN_Pos                9U                                            /*!< SCB 
 550:Generated_Source\PSoC6\pdl\cmsis/include/core_cm4.h **** #define SCB_CCR_STKALIGN_Msk               (1UL << SCB_CCR_STKALIGN_Pos)                  /*!< SCB 
 551:Generated_Source\PSoC6\pdl\cmsis/include/core_cm4.h **** 
 552:Generated_Source\PSoC6\pdl\cmsis/include/core_cm4.h **** #define SCB_CCR_BFHFNMIGN_Pos               8U                                            /*!< SCB 
 553:Generated_Source\PSoC6\pdl\cmsis/include/core_cm4.h **** #define SCB_CCR_BFHFNMIGN_Msk              (1UL << SCB_CCR_BFHFNMIGN_Pos)                 /*!< SCB 
 554:Generated_Source\PSoC6\pdl\cmsis/include/core_cm4.h **** 
 555:Generated_Source\PSoC6\pdl\cmsis/include/core_cm4.h **** #define SCB_CCR_DIV_0_TRP_Pos               4U                                            /*!< SCB 
 556:Generated_Source\PSoC6\pdl\cmsis/include/core_cm4.h **** #define SCB_CCR_DIV_0_TRP_Msk              (1UL << SCB_CCR_DIV_0_TRP_Pos)                 /*!< SCB 
 557:Generated_Source\PSoC6\pdl\cmsis/include/core_cm4.h **** 
 558:Generated_Source\PSoC6\pdl\cmsis/include/core_cm4.h **** #define SCB_CCR_UNALIGN_TRP_Pos             3U                                            /*!< SCB 
 559:Generated_Source\PSoC6\pdl\cmsis/include/core_cm4.h **** #define SCB_CCR_UNALIGN_TRP_Msk            (1UL << SCB_CCR_UNALIGN_TRP_Pos)               /*!< SCB 
 560:Generated_Source\PSoC6\pdl\cmsis/include/core_cm4.h **** 
 561:Generated_Source\PSoC6\pdl\cmsis/include/core_cm4.h **** #define SCB_CCR_USERSETMPEND_Pos            1U                                            /*!< SCB 
 562:Generated_Source\PSoC6\pdl\cmsis/include/core_cm4.h **** #define SCB_CCR_USERSETMPEND_Msk           (1UL << SCB_CCR_USERSETMPEND_Pos)              /*!< SCB 
 563:Generated_Source\PSoC6\pdl\cmsis/include/core_cm4.h **** 
ARM GAS  C:\Users\Finik\AppData\Local\Temp\ccY85NDM.s 			page 23


 564:Generated_Source\PSoC6\pdl\cmsis/include/core_cm4.h **** #define SCB_CCR_NONBASETHRDENA_Pos          0U                                            /*!< SCB 
 565:Generated_Source\PSoC6\pdl\cmsis/include/core_cm4.h **** #define SCB_CCR_NONBASETHRDENA_Msk         (1UL /*<< SCB_CCR_NONBASETHRDENA_Pos*/)        /*!< SCB 
 566:Generated_Source\PSoC6\pdl\cmsis/include/core_cm4.h **** 
 567:Generated_Source\PSoC6\pdl\cmsis/include/core_cm4.h **** /* SCB System Handler Control and State Register Definitions */
 568:Generated_Source\PSoC6\pdl\cmsis/include/core_cm4.h **** #define SCB_SHCSR_USGFAULTENA_Pos          18U                                            /*!< SCB 
 569:Generated_Source\PSoC6\pdl\cmsis/include/core_cm4.h **** #define SCB_SHCSR_USGFAULTENA_Msk          (1UL << SCB_SHCSR_USGFAULTENA_Pos)             /*!< SCB 
 570:Generated_Source\PSoC6\pdl\cmsis/include/core_cm4.h **** 
 571:Generated_Source\PSoC6\pdl\cmsis/include/core_cm4.h **** #define SCB_SHCSR_BUSFAULTENA_Pos          17U                                            /*!< SCB 
 572:Generated_Source\PSoC6\pdl\cmsis/include/core_cm4.h **** #define SCB_SHCSR_BUSFAULTENA_Msk          (1UL << SCB_SHCSR_BUSFAULTENA_Pos)             /*!< SCB 
 573:Generated_Source\PSoC6\pdl\cmsis/include/core_cm4.h **** 
 574:Generated_Source\PSoC6\pdl\cmsis/include/core_cm4.h **** #define SCB_SHCSR_MEMFAULTENA_Pos          16U                                            /*!< SCB 
 575:Generated_Source\PSoC6\pdl\cmsis/include/core_cm4.h **** #define SCB_SHCSR_MEMFAULTENA_Msk          (1UL << SCB_SHCSR_MEMFAULTENA_Pos)             /*!< SCB 
 576:Generated_Source\PSoC6\pdl\cmsis/include/core_cm4.h **** 
 577:Generated_Source\PSoC6\pdl\cmsis/include/core_cm4.h **** #define SCB_SHCSR_SVCALLPENDED_Pos         15U                                            /*!< SCB 
 578:Generated_Source\PSoC6\pdl\cmsis/include/core_cm4.h **** #define SCB_SHCSR_SVCALLPENDED_Msk         (1UL << SCB_SHCSR_SVCALLPENDED_Pos)            /*!< SCB 
 579:Generated_Source\PSoC6\pdl\cmsis/include/core_cm4.h **** 
 580:Generated_Source\PSoC6\pdl\cmsis/include/core_cm4.h **** #define SCB_SHCSR_BUSFAULTPENDED_Pos       14U                                            /*!< SCB 
 581:Generated_Source\PSoC6\pdl\cmsis/include/core_cm4.h **** #define SCB_SHCSR_BUSFAULTPENDED_Msk       (1UL << SCB_SHCSR_BUSFAULTPENDED_Pos)          /*!< SCB 
 582:Generated_Source\PSoC6\pdl\cmsis/include/core_cm4.h **** 
 583:Generated_Source\PSoC6\pdl\cmsis/include/core_cm4.h **** #define SCB_SHCSR_MEMFAULTPENDED_Pos       13U                                            /*!< SCB 
 584:Generated_Source\PSoC6\pdl\cmsis/include/core_cm4.h **** #define SCB_SHCSR_MEMFAULTPENDED_Msk       (1UL << SCB_SHCSR_MEMFAULTPENDED_Pos)          /*!< SCB 
 585:Generated_Source\PSoC6\pdl\cmsis/include/core_cm4.h **** 
 586:Generated_Source\PSoC6\pdl\cmsis/include/core_cm4.h **** #define SCB_SHCSR_USGFAULTPENDED_Pos       12U                                            /*!< SCB 
 587:Generated_Source\PSoC6\pdl\cmsis/include/core_cm4.h **** #define SCB_SHCSR_USGFAULTPENDED_Msk       (1UL << SCB_SHCSR_USGFAULTPENDED_Pos)          /*!< SCB 
 588:Generated_Source\PSoC6\pdl\cmsis/include/core_cm4.h **** 
 589:Generated_Source\PSoC6\pdl\cmsis/include/core_cm4.h **** #define SCB_SHCSR_SYSTICKACT_Pos           11U                                            /*!< SCB 
 590:Generated_Source\PSoC6\pdl\cmsis/include/core_cm4.h **** #define SCB_SHCSR_SYSTICKACT_Msk           (1UL << SCB_SHCSR_SYSTICKACT_Pos)              /*!< SCB 
 591:Generated_Source\PSoC6\pdl\cmsis/include/core_cm4.h **** 
 592:Generated_Source\PSoC6\pdl\cmsis/include/core_cm4.h **** #define SCB_SHCSR_PENDSVACT_Pos            10U                                            /*!< SCB 
 593:Generated_Source\PSoC6\pdl\cmsis/include/core_cm4.h **** #define SCB_SHCSR_PENDSVACT_Msk            (1UL << SCB_SHCSR_PENDSVACT_Pos)               /*!< SCB 
 594:Generated_Source\PSoC6\pdl\cmsis/include/core_cm4.h **** 
 595:Generated_Source\PSoC6\pdl\cmsis/include/core_cm4.h **** #define SCB_SHCSR_MONITORACT_Pos            8U                                            /*!< SCB 
 596:Generated_Source\PSoC6\pdl\cmsis/include/core_cm4.h **** #define SCB_SHCSR_MONITORACT_Msk           (1UL << SCB_SHCSR_MONITORACT_Pos)              /*!< SCB 
 597:Generated_Source\PSoC6\pdl\cmsis/include/core_cm4.h **** 
 598:Generated_Source\PSoC6\pdl\cmsis/include/core_cm4.h **** #define SCB_SHCSR_SVCALLACT_Pos             7U                                            /*!< SCB 
 599:Generated_Source\PSoC6\pdl\cmsis/include/core_cm4.h **** #define SCB_SHCSR_SVCALLACT_Msk            (1UL << SCB_SHCSR_SVCALLACT_Pos)               /*!< SCB 
 600:Generated_Source\PSoC6\pdl\cmsis/include/core_cm4.h **** 
 601:Generated_Source\PSoC6\pdl\cmsis/include/core_cm4.h **** #define SCB_SHCSR_USGFAULTACT_Pos           3U                                            /*!< SCB 
 602:Generated_Source\PSoC6\pdl\cmsis/include/core_cm4.h **** #define SCB_SHCSR_USGFAULTACT_Msk          (1UL << SCB_SHCSR_USGFAULTACT_Pos)             /*!< SCB 
 603:Generated_Source\PSoC6\pdl\cmsis/include/core_cm4.h **** 
 604:Generated_Source\PSoC6\pdl\cmsis/include/core_cm4.h **** #define SCB_SHCSR_BUSFAULTACT_Pos           1U                                            /*!< SCB 
 605:Generated_Source\PSoC6\pdl\cmsis/include/core_cm4.h **** #define SCB_SHCSR_BUSFAULTACT_Msk          (1UL << SCB_SHCSR_BUSFAULTACT_Pos)             /*!< SCB 
 606:Generated_Source\PSoC6\pdl\cmsis/include/core_cm4.h **** 
 607:Generated_Source\PSoC6\pdl\cmsis/include/core_cm4.h **** #define SCB_SHCSR_MEMFAULTACT_Pos           0U                                            /*!< SCB 
 608:Generated_Source\PSoC6\pdl\cmsis/include/core_cm4.h **** #define SCB_SHCSR_MEMFAULTACT_Msk          (1UL /*<< SCB_SHCSR_MEMFAULTACT_Pos*/)         /*!< SCB 
 609:Generated_Source\PSoC6\pdl\cmsis/include/core_cm4.h **** 
 610:Generated_Source\PSoC6\pdl\cmsis/include/core_cm4.h **** /* SCB Configurable Fault Status Register Definitions */
 611:Generated_Source\PSoC6\pdl\cmsis/include/core_cm4.h **** #define SCB_CFSR_USGFAULTSR_Pos            16U                                            /*!< SCB 
 612:Generated_Source\PSoC6\pdl\cmsis/include/core_cm4.h **** #define SCB_CFSR_USGFAULTSR_Msk            (0xFFFFUL << SCB_CFSR_USGFAULTSR_Pos)          /*!< SCB 
 613:Generated_Source\PSoC6\pdl\cmsis/include/core_cm4.h **** 
 614:Generated_Source\PSoC6\pdl\cmsis/include/core_cm4.h **** #define SCB_CFSR_BUSFAULTSR_Pos             8U                                            /*!< SCB 
 615:Generated_Source\PSoC6\pdl\cmsis/include/core_cm4.h **** #define SCB_CFSR_BUSFAULTSR_Msk            (0xFFUL << SCB_CFSR_BUSFAULTSR_Pos)            /*!< SCB 
 616:Generated_Source\PSoC6\pdl\cmsis/include/core_cm4.h **** 
 617:Generated_Source\PSoC6\pdl\cmsis/include/core_cm4.h **** #define SCB_CFSR_MEMFAULTSR_Pos             0U                                            /*!< SCB 
 618:Generated_Source\PSoC6\pdl\cmsis/include/core_cm4.h **** #define SCB_CFSR_MEMFAULTSR_Msk            (0xFFUL /*<< SCB_CFSR_MEMFAULTSR_Pos*/)        /*!< SCB 
 619:Generated_Source\PSoC6\pdl\cmsis/include/core_cm4.h **** 
 620:Generated_Source\PSoC6\pdl\cmsis/include/core_cm4.h **** /* MemManage Fault Status Register (part of SCB Configurable Fault Status Register) */
ARM GAS  C:\Users\Finik\AppData\Local\Temp\ccY85NDM.s 			page 24


 621:Generated_Source\PSoC6\pdl\cmsis/include/core_cm4.h **** #define SCB_CFSR_MMARVALID_Pos             (SCB_SHCSR_MEMFAULTACT_Pos + 7U)               /*!< SCB 
 622:Generated_Source\PSoC6\pdl\cmsis/include/core_cm4.h **** #define SCB_CFSR_MMARVALID_Msk             (1UL << SCB_CFSR_MMARVALID_Pos)                /*!< SCB 
 623:Generated_Source\PSoC6\pdl\cmsis/include/core_cm4.h **** 
 624:Generated_Source\PSoC6\pdl\cmsis/include/core_cm4.h **** #define SCB_CFSR_MLSPERR_Pos               (SCB_SHCSR_MEMFAULTACT_Pos + 5U)               /*!< SCB 
 625:Generated_Source\PSoC6\pdl\cmsis/include/core_cm4.h **** #define SCB_CFSR_MLSPERR_Msk               (1UL << SCB_CFSR_MLSPERR_Pos)                  /*!< SCB 
 626:Generated_Source\PSoC6\pdl\cmsis/include/core_cm4.h **** 
 627:Generated_Source\PSoC6\pdl\cmsis/include/core_cm4.h **** #define SCB_CFSR_MSTKERR_Pos               (SCB_SHCSR_MEMFAULTACT_Pos + 4U)               /*!< SCB 
 628:Generated_Source\PSoC6\pdl\cmsis/include/core_cm4.h **** #define SCB_CFSR_MSTKERR_Msk               (1UL << SCB_CFSR_MSTKERR_Pos)                  /*!< SCB 
 629:Generated_Source\PSoC6\pdl\cmsis/include/core_cm4.h **** 
 630:Generated_Source\PSoC6\pdl\cmsis/include/core_cm4.h **** #define SCB_CFSR_MUNSTKERR_Pos             (SCB_SHCSR_MEMFAULTACT_Pos + 3U)               /*!< SCB 
 631:Generated_Source\PSoC6\pdl\cmsis/include/core_cm4.h **** #define SCB_CFSR_MUNSTKERR_Msk             (1UL << SCB_CFSR_MUNSTKERR_Pos)                /*!< SCB 
 632:Generated_Source\PSoC6\pdl\cmsis/include/core_cm4.h **** 
 633:Generated_Source\PSoC6\pdl\cmsis/include/core_cm4.h **** #define SCB_CFSR_DACCVIOL_Pos              (SCB_SHCSR_MEMFAULTACT_Pos + 1U)               /*!< SCB 
 634:Generated_Source\PSoC6\pdl\cmsis/include/core_cm4.h **** #define SCB_CFSR_DACCVIOL_Msk              (1UL << SCB_CFSR_DACCVIOL_Pos)                 /*!< SCB 
 635:Generated_Source\PSoC6\pdl\cmsis/include/core_cm4.h **** 
 636:Generated_Source\PSoC6\pdl\cmsis/include/core_cm4.h **** #define SCB_CFSR_IACCVIOL_Pos              (SCB_SHCSR_MEMFAULTACT_Pos + 0U)               /*!< SCB 
 637:Generated_Source\PSoC6\pdl\cmsis/include/core_cm4.h **** #define SCB_CFSR_IACCVIOL_Msk              (1UL /*<< SCB_CFSR_IACCVIOL_Pos*/)             /*!< SCB 
 638:Generated_Source\PSoC6\pdl\cmsis/include/core_cm4.h **** 
 639:Generated_Source\PSoC6\pdl\cmsis/include/core_cm4.h **** /* BusFault Status Register (part of SCB Configurable Fault Status Register) */
 640:Generated_Source\PSoC6\pdl\cmsis/include/core_cm4.h **** #define SCB_CFSR_BFARVALID_Pos            (SCB_CFSR_BUSFAULTSR_Pos + 7U)                  /*!< SCB 
 641:Generated_Source\PSoC6\pdl\cmsis/include/core_cm4.h **** #define SCB_CFSR_BFARVALID_Msk            (1UL << SCB_CFSR_BFARVALID_Pos)                 /*!< SCB 
 642:Generated_Source\PSoC6\pdl\cmsis/include/core_cm4.h **** 
 643:Generated_Source\PSoC6\pdl\cmsis/include/core_cm4.h **** #define SCB_CFSR_LSPERR_Pos               (SCB_CFSR_BUSFAULTSR_Pos + 5U)                  /*!< SCB 
 644:Generated_Source\PSoC6\pdl\cmsis/include/core_cm4.h **** #define SCB_CFSR_LSPERR_Msk               (1UL << SCB_CFSR_LSPERR_Pos)                    /*!< SCB 
 645:Generated_Source\PSoC6\pdl\cmsis/include/core_cm4.h **** 
 646:Generated_Source\PSoC6\pdl\cmsis/include/core_cm4.h **** #define SCB_CFSR_STKERR_Pos               (SCB_CFSR_BUSFAULTSR_Pos + 4U)                  /*!< SCB 
 647:Generated_Source\PSoC6\pdl\cmsis/include/core_cm4.h **** #define SCB_CFSR_STKERR_Msk               (1UL << SCB_CFSR_STKERR_Pos)                    /*!< SCB 
 648:Generated_Source\PSoC6\pdl\cmsis/include/core_cm4.h **** 
 649:Generated_Source\PSoC6\pdl\cmsis/include/core_cm4.h **** #define SCB_CFSR_UNSTKERR_Pos             (SCB_CFSR_BUSFAULTSR_Pos + 3U)                  /*!< SCB 
 650:Generated_Source\PSoC6\pdl\cmsis/include/core_cm4.h **** #define SCB_CFSR_UNSTKERR_Msk             (1UL << SCB_CFSR_UNSTKERR_Pos)                  /*!< SCB 
 651:Generated_Source\PSoC6\pdl\cmsis/include/core_cm4.h **** 
 652:Generated_Source\PSoC6\pdl\cmsis/include/core_cm4.h **** #define SCB_CFSR_IMPRECISERR_Pos          (SCB_CFSR_BUSFAULTSR_Pos + 2U)                  /*!< SCB 
 653:Generated_Source\PSoC6\pdl\cmsis/include/core_cm4.h **** #define SCB_CFSR_IMPRECISERR_Msk          (1UL << SCB_CFSR_IMPRECISERR_Pos)               /*!< SCB 
 654:Generated_Source\PSoC6\pdl\cmsis/include/core_cm4.h **** 
 655:Generated_Source\PSoC6\pdl\cmsis/include/core_cm4.h **** #define SCB_CFSR_PRECISERR_Pos            (SCB_CFSR_BUSFAULTSR_Pos + 1U)                  /*!< SCB 
 656:Generated_Source\PSoC6\pdl\cmsis/include/core_cm4.h **** #define SCB_CFSR_PRECISERR_Msk            (1UL << SCB_CFSR_PRECISERR_Pos)                 /*!< SCB 
 657:Generated_Source\PSoC6\pdl\cmsis/include/core_cm4.h **** 
 658:Generated_Source\PSoC6\pdl\cmsis/include/core_cm4.h **** #define SCB_CFSR_IBUSERR_Pos              (SCB_CFSR_BUSFAULTSR_Pos + 0U)                  /*!< SCB 
 659:Generated_Source\PSoC6\pdl\cmsis/include/core_cm4.h **** #define SCB_CFSR_IBUSERR_Msk              (1UL << SCB_CFSR_IBUSERR_Pos)                   /*!< SCB 
 660:Generated_Source\PSoC6\pdl\cmsis/include/core_cm4.h **** 
 661:Generated_Source\PSoC6\pdl\cmsis/include/core_cm4.h **** /* UsageFault Status Register (part of SCB Configurable Fault Status Register) */
 662:Generated_Source\PSoC6\pdl\cmsis/include/core_cm4.h **** #define SCB_CFSR_DIVBYZERO_Pos            (SCB_CFSR_USGFAULTSR_Pos + 9U)                  /*!< SCB 
 663:Generated_Source\PSoC6\pdl\cmsis/include/core_cm4.h **** #define SCB_CFSR_DIVBYZERO_Msk            (1UL << SCB_CFSR_DIVBYZERO_Pos)                 /*!< SCB 
 664:Generated_Source\PSoC6\pdl\cmsis/include/core_cm4.h **** 
 665:Generated_Source\PSoC6\pdl\cmsis/include/core_cm4.h **** #define SCB_CFSR_UNALIGNED_Pos            (SCB_CFSR_USGFAULTSR_Pos + 8U)                  /*!< SCB 
 666:Generated_Source\PSoC6\pdl\cmsis/include/core_cm4.h **** #define SCB_CFSR_UNALIGNED_Msk            (1UL << SCB_CFSR_UNALIGNED_Pos)                 /*!< SCB 
 667:Generated_Source\PSoC6\pdl\cmsis/include/core_cm4.h **** 
 668:Generated_Source\PSoC6\pdl\cmsis/include/core_cm4.h **** #define SCB_CFSR_NOCP_Pos                 (SCB_CFSR_USGFAULTSR_Pos + 3U)                  /*!< SCB 
 669:Generated_Source\PSoC6\pdl\cmsis/include/core_cm4.h **** #define SCB_CFSR_NOCP_Msk                 (1UL << SCB_CFSR_NOCP_Pos)                      /*!< SCB 
 670:Generated_Source\PSoC6\pdl\cmsis/include/core_cm4.h **** 
 671:Generated_Source\PSoC6\pdl\cmsis/include/core_cm4.h **** #define SCB_CFSR_INVPC_Pos                (SCB_CFSR_USGFAULTSR_Pos + 2U)                  /*!< SCB 
 672:Generated_Source\PSoC6\pdl\cmsis/include/core_cm4.h **** #define SCB_CFSR_INVPC_Msk                (1UL << SCB_CFSR_INVPC_Pos)                     /*!< SCB 
 673:Generated_Source\PSoC6\pdl\cmsis/include/core_cm4.h **** 
 674:Generated_Source\PSoC6\pdl\cmsis/include/core_cm4.h **** #define SCB_CFSR_INVSTATE_Pos             (SCB_CFSR_USGFAULTSR_Pos + 1U)                  /*!< SCB 
 675:Generated_Source\PSoC6\pdl\cmsis/include/core_cm4.h **** #define SCB_CFSR_INVSTATE_Msk             (1UL << SCB_CFSR_INVSTATE_Pos)                  /*!< SCB 
 676:Generated_Source\PSoC6\pdl\cmsis/include/core_cm4.h **** 
 677:Generated_Source\PSoC6\pdl\cmsis/include/core_cm4.h **** #define SCB_CFSR_UNDEFINSTR_Pos           (SCB_CFSR_USGFAULTSR_Pos + 0U)                  /*!< SCB 
ARM GAS  C:\Users\Finik\AppData\Local\Temp\ccY85NDM.s 			page 25


 678:Generated_Source\PSoC6\pdl\cmsis/include/core_cm4.h **** #define SCB_CFSR_UNDEFINSTR_Msk           (1UL << SCB_CFSR_UNDEFINSTR_Pos)                /*!< SCB 
 679:Generated_Source\PSoC6\pdl\cmsis/include/core_cm4.h **** 
 680:Generated_Source\PSoC6\pdl\cmsis/include/core_cm4.h **** /* SCB Hard Fault Status Register Definitions */
 681:Generated_Source\PSoC6\pdl\cmsis/include/core_cm4.h **** #define SCB_HFSR_DEBUGEVT_Pos              31U                                            /*!< SCB 
 682:Generated_Source\PSoC6\pdl\cmsis/include/core_cm4.h **** #define SCB_HFSR_DEBUGEVT_Msk              (1UL << SCB_HFSR_DEBUGEVT_Pos)                 /*!< SCB 
 683:Generated_Source\PSoC6\pdl\cmsis/include/core_cm4.h **** 
 684:Generated_Source\PSoC6\pdl\cmsis/include/core_cm4.h **** #define SCB_HFSR_FORCED_Pos                30U                                            /*!< SCB 
 685:Generated_Source\PSoC6\pdl\cmsis/include/core_cm4.h **** #define SCB_HFSR_FORCED_Msk                (1UL << SCB_HFSR_FORCED_Pos)                   /*!< SCB 
 686:Generated_Source\PSoC6\pdl\cmsis/include/core_cm4.h **** 
 687:Generated_Source\PSoC6\pdl\cmsis/include/core_cm4.h **** #define SCB_HFSR_VECTTBL_Pos                1U                                            /*!< SCB 
 688:Generated_Source\PSoC6\pdl\cmsis/include/core_cm4.h **** #define SCB_HFSR_VECTTBL_Msk               (1UL << SCB_HFSR_VECTTBL_Pos)                  /*!< SCB 
 689:Generated_Source\PSoC6\pdl\cmsis/include/core_cm4.h **** 
 690:Generated_Source\PSoC6\pdl\cmsis/include/core_cm4.h **** /* SCB Debug Fault Status Register Definitions */
 691:Generated_Source\PSoC6\pdl\cmsis/include/core_cm4.h **** #define SCB_DFSR_EXTERNAL_Pos               4U                                            /*!< SCB 
 692:Generated_Source\PSoC6\pdl\cmsis/include/core_cm4.h **** #define SCB_DFSR_EXTERNAL_Msk              (1UL << SCB_DFSR_EXTERNAL_Pos)                 /*!< SCB 
 693:Generated_Source\PSoC6\pdl\cmsis/include/core_cm4.h **** 
 694:Generated_Source\PSoC6\pdl\cmsis/include/core_cm4.h **** #define SCB_DFSR_VCATCH_Pos                 3U                                            /*!< SCB 
 695:Generated_Source\PSoC6\pdl\cmsis/include/core_cm4.h **** #define SCB_DFSR_VCATCH_Msk                (1UL << SCB_DFSR_VCATCH_Pos)                   /*!< SCB 
 696:Generated_Source\PSoC6\pdl\cmsis/include/core_cm4.h **** 
 697:Generated_Source\PSoC6\pdl\cmsis/include/core_cm4.h **** #define SCB_DFSR_DWTTRAP_Pos                2U                                            /*!< SCB 
 698:Generated_Source\PSoC6\pdl\cmsis/include/core_cm4.h **** #define SCB_DFSR_DWTTRAP_Msk               (1UL << SCB_DFSR_DWTTRAP_Pos)                  /*!< SCB 
 699:Generated_Source\PSoC6\pdl\cmsis/include/core_cm4.h **** 
 700:Generated_Source\PSoC6\pdl\cmsis/include/core_cm4.h **** #define SCB_DFSR_BKPT_Pos                   1U                                            /*!< SCB 
 701:Generated_Source\PSoC6\pdl\cmsis/include/core_cm4.h **** #define SCB_DFSR_BKPT_Msk                  (1UL << SCB_DFSR_BKPT_Pos)                     /*!< SCB 
 702:Generated_Source\PSoC6\pdl\cmsis/include/core_cm4.h **** 
 703:Generated_Source\PSoC6\pdl\cmsis/include/core_cm4.h **** #define SCB_DFSR_HALTED_Pos                 0U                                            /*!< SCB 
 704:Generated_Source\PSoC6\pdl\cmsis/include/core_cm4.h **** #define SCB_DFSR_HALTED_Msk                (1UL /*<< SCB_DFSR_HALTED_Pos*/)               /*!< SCB 
 705:Generated_Source\PSoC6\pdl\cmsis/include/core_cm4.h **** 
 706:Generated_Source\PSoC6\pdl\cmsis/include/core_cm4.h **** /*@} end of group CMSIS_SCB */
 707:Generated_Source\PSoC6\pdl\cmsis/include/core_cm4.h **** 
 708:Generated_Source\PSoC6\pdl\cmsis/include/core_cm4.h **** 
 709:Generated_Source\PSoC6\pdl\cmsis/include/core_cm4.h **** /**
 710:Generated_Source\PSoC6\pdl\cmsis/include/core_cm4.h ****   \ingroup  CMSIS_core_register
 711:Generated_Source\PSoC6\pdl\cmsis/include/core_cm4.h ****   \defgroup CMSIS_SCnSCB System Controls not in SCB (SCnSCB)
 712:Generated_Source\PSoC6\pdl\cmsis/include/core_cm4.h ****   \brief    Type definitions for the System Control and ID Register not in the SCB
 713:Generated_Source\PSoC6\pdl\cmsis/include/core_cm4.h ****   @{
 714:Generated_Source\PSoC6\pdl\cmsis/include/core_cm4.h ****  */
 715:Generated_Source\PSoC6\pdl\cmsis/include/core_cm4.h **** 
 716:Generated_Source\PSoC6\pdl\cmsis/include/core_cm4.h **** /**
 717:Generated_Source\PSoC6\pdl\cmsis/include/core_cm4.h ****   \brief  Structure type to access the System Control and ID Register not in the SCB.
 718:Generated_Source\PSoC6\pdl\cmsis/include/core_cm4.h ****  */
 719:Generated_Source\PSoC6\pdl\cmsis/include/core_cm4.h **** typedef struct
 720:Generated_Source\PSoC6\pdl\cmsis/include/core_cm4.h **** {
 721:Generated_Source\PSoC6\pdl\cmsis/include/core_cm4.h ****         uint32_t RESERVED0[1U];
 722:Generated_Source\PSoC6\pdl\cmsis/include/core_cm4.h ****   __IM  uint32_t ICTR;                   /*!< Offset: 0x004 (R/ )  Interrupt Controller Type Regist
 723:Generated_Source\PSoC6\pdl\cmsis/include/core_cm4.h ****   __IOM uint32_t ACTLR;                  /*!< Offset: 0x008 (R/W)  Auxiliary Control Register */
 724:Generated_Source\PSoC6\pdl\cmsis/include/core_cm4.h **** } SCnSCB_Type;
 725:Generated_Source\PSoC6\pdl\cmsis/include/core_cm4.h **** 
 726:Generated_Source\PSoC6\pdl\cmsis/include/core_cm4.h **** /* Interrupt Controller Type Register Definitions */
 727:Generated_Source\PSoC6\pdl\cmsis/include/core_cm4.h **** #define SCnSCB_ICTR_INTLINESNUM_Pos         0U                                         /*!< ICTR: I
 728:Generated_Source\PSoC6\pdl\cmsis/include/core_cm4.h **** #define SCnSCB_ICTR_INTLINESNUM_Msk        (0xFUL /*<< SCnSCB_ICTR_INTLINESNUM_Pos*/)  /*!< ICTR: I
 729:Generated_Source\PSoC6\pdl\cmsis/include/core_cm4.h **** 
 730:Generated_Source\PSoC6\pdl\cmsis/include/core_cm4.h **** /* Auxiliary Control Register Definitions */
 731:Generated_Source\PSoC6\pdl\cmsis/include/core_cm4.h **** #define SCnSCB_ACTLR_DISOOFP_Pos            9U                                         /*!< ACTLR: 
 732:Generated_Source\PSoC6\pdl\cmsis/include/core_cm4.h **** #define SCnSCB_ACTLR_DISOOFP_Msk           (1UL << SCnSCB_ACTLR_DISOOFP_Pos)           /*!< ACTLR: 
 733:Generated_Source\PSoC6\pdl\cmsis/include/core_cm4.h **** 
 734:Generated_Source\PSoC6\pdl\cmsis/include/core_cm4.h **** #define SCnSCB_ACTLR_DISFPCA_Pos            8U                                         /*!< ACTLR: 
ARM GAS  C:\Users\Finik\AppData\Local\Temp\ccY85NDM.s 			page 26


 735:Generated_Source\PSoC6\pdl\cmsis/include/core_cm4.h **** #define SCnSCB_ACTLR_DISFPCA_Msk           (1UL << SCnSCB_ACTLR_DISFPCA_Pos)           /*!< ACTLR: 
 736:Generated_Source\PSoC6\pdl\cmsis/include/core_cm4.h **** 
 737:Generated_Source\PSoC6\pdl\cmsis/include/core_cm4.h **** #define SCnSCB_ACTLR_DISFOLD_Pos            2U                                         /*!< ACTLR: 
 738:Generated_Source\PSoC6\pdl\cmsis/include/core_cm4.h **** #define SCnSCB_ACTLR_DISFOLD_Msk           (1UL << SCnSCB_ACTLR_DISFOLD_Pos)           /*!< ACTLR: 
 739:Generated_Source\PSoC6\pdl\cmsis/include/core_cm4.h **** 
 740:Generated_Source\PSoC6\pdl\cmsis/include/core_cm4.h **** #define SCnSCB_ACTLR_DISDEFWBUF_Pos         1U                                         /*!< ACTLR: 
 741:Generated_Source\PSoC6\pdl\cmsis/include/core_cm4.h **** #define SCnSCB_ACTLR_DISDEFWBUF_Msk        (1UL << SCnSCB_ACTLR_DISDEFWBUF_Pos)        /*!< ACTLR: 
 742:Generated_Source\PSoC6\pdl\cmsis/include/core_cm4.h **** 
 743:Generated_Source\PSoC6\pdl\cmsis/include/core_cm4.h **** #define SCnSCB_ACTLR_DISMCYCINT_Pos         0U                                         /*!< ACTLR: 
 744:Generated_Source\PSoC6\pdl\cmsis/include/core_cm4.h **** #define SCnSCB_ACTLR_DISMCYCINT_Msk        (1UL /*<< SCnSCB_ACTLR_DISMCYCINT_Pos*/)    /*!< ACTLR: 
 745:Generated_Source\PSoC6\pdl\cmsis/include/core_cm4.h **** 
 746:Generated_Source\PSoC6\pdl\cmsis/include/core_cm4.h **** /*@} end of group CMSIS_SCnotSCB */
 747:Generated_Source\PSoC6\pdl\cmsis/include/core_cm4.h **** 
 748:Generated_Source\PSoC6\pdl\cmsis/include/core_cm4.h **** 
 749:Generated_Source\PSoC6\pdl\cmsis/include/core_cm4.h **** /**
 750:Generated_Source\PSoC6\pdl\cmsis/include/core_cm4.h ****   \ingroup  CMSIS_core_register
 751:Generated_Source\PSoC6\pdl\cmsis/include/core_cm4.h ****   \defgroup CMSIS_SysTick     System Tick Timer (SysTick)
 752:Generated_Source\PSoC6\pdl\cmsis/include/core_cm4.h ****   \brief    Type definitions for the System Timer Registers.
 753:Generated_Source\PSoC6\pdl\cmsis/include/core_cm4.h ****   @{
 754:Generated_Source\PSoC6\pdl\cmsis/include/core_cm4.h ****  */
 755:Generated_Source\PSoC6\pdl\cmsis/include/core_cm4.h **** 
 756:Generated_Source\PSoC6\pdl\cmsis/include/core_cm4.h **** /**
 757:Generated_Source\PSoC6\pdl\cmsis/include/core_cm4.h ****   \brief  Structure type to access the System Timer (SysTick).
 758:Generated_Source\PSoC6\pdl\cmsis/include/core_cm4.h ****  */
 759:Generated_Source\PSoC6\pdl\cmsis/include/core_cm4.h **** typedef struct
 760:Generated_Source\PSoC6\pdl\cmsis/include/core_cm4.h **** {
 761:Generated_Source\PSoC6\pdl\cmsis/include/core_cm4.h ****   __IOM uint32_t CTRL;                   /*!< Offset: 0x000 (R/W)  SysTick Control and Status Regis
 762:Generated_Source\PSoC6\pdl\cmsis/include/core_cm4.h ****   __IOM uint32_t LOAD;                   /*!< Offset: 0x004 (R/W)  SysTick Reload Value Register */
 763:Generated_Source\PSoC6\pdl\cmsis/include/core_cm4.h ****   __IOM uint32_t VAL;                    /*!< Offset: 0x008 (R/W)  SysTick Current Value Register *
 764:Generated_Source\PSoC6\pdl\cmsis/include/core_cm4.h ****   __IM  uint32_t CALIB;                  /*!< Offset: 0x00C (R/ )  SysTick Calibration Register */
 765:Generated_Source\PSoC6\pdl\cmsis/include/core_cm4.h **** } SysTick_Type;
 766:Generated_Source\PSoC6\pdl\cmsis/include/core_cm4.h **** 
 767:Generated_Source\PSoC6\pdl\cmsis/include/core_cm4.h **** /* SysTick Control / Status Register Definitions */
 768:Generated_Source\PSoC6\pdl\cmsis/include/core_cm4.h **** #define SysTick_CTRL_COUNTFLAG_Pos         16U                                            /*!< SysT
 769:Generated_Source\PSoC6\pdl\cmsis/include/core_cm4.h **** #define SysTick_CTRL_COUNTFLAG_Msk         (1UL << SysTick_CTRL_COUNTFLAG_Pos)            /*!< SysT
 770:Generated_Source\PSoC6\pdl\cmsis/include/core_cm4.h **** 
 771:Generated_Source\PSoC6\pdl\cmsis/include/core_cm4.h **** #define SysTick_CTRL_CLKSOURCE_Pos          2U                                            /*!< SysT
 772:Generated_Source\PSoC6\pdl\cmsis/include/core_cm4.h **** #define SysTick_CTRL_CLKSOURCE_Msk         (1UL << SysTick_CTRL_CLKSOURCE_Pos)            /*!< SysT
 773:Generated_Source\PSoC6\pdl\cmsis/include/core_cm4.h **** 
 774:Generated_Source\PSoC6\pdl\cmsis/include/core_cm4.h **** #define SysTick_CTRL_TICKINT_Pos            1U                                            /*!< SysT
 775:Generated_Source\PSoC6\pdl\cmsis/include/core_cm4.h **** #define SysTick_CTRL_TICKINT_Msk           (1UL << SysTick_CTRL_TICKINT_Pos)              /*!< SysT
 776:Generated_Source\PSoC6\pdl\cmsis/include/core_cm4.h **** 
 777:Generated_Source\PSoC6\pdl\cmsis/include/core_cm4.h **** #define SysTick_CTRL_ENABLE_Pos             0U                                            /*!< SysT
 778:Generated_Source\PSoC6\pdl\cmsis/include/core_cm4.h **** #define SysTick_CTRL_ENABLE_Msk            (1UL /*<< SysTick_CTRL_ENABLE_Pos*/)           /*!< SysT
 779:Generated_Source\PSoC6\pdl\cmsis/include/core_cm4.h **** 
 780:Generated_Source\PSoC6\pdl\cmsis/include/core_cm4.h **** /* SysTick Reload Register Definitions */
 781:Generated_Source\PSoC6\pdl\cmsis/include/core_cm4.h **** #define SysTick_LOAD_RELOAD_Pos             0U                                            /*!< SysT
 782:Generated_Source\PSoC6\pdl\cmsis/include/core_cm4.h **** #define SysTick_LOAD_RELOAD_Msk            (0xFFFFFFUL /*<< SysTick_LOAD_RELOAD_Pos*/)    /*!< SysT
 783:Generated_Source\PSoC6\pdl\cmsis/include/core_cm4.h **** 
 784:Generated_Source\PSoC6\pdl\cmsis/include/core_cm4.h **** /* SysTick Current Register Definitions */
 785:Generated_Source\PSoC6\pdl\cmsis/include/core_cm4.h **** #define SysTick_VAL_CURRENT_Pos             0U                                            /*!< SysT
 786:Generated_Source\PSoC6\pdl\cmsis/include/core_cm4.h **** #define SysTick_VAL_CURRENT_Msk            (0xFFFFFFUL /*<< SysTick_VAL_CURRENT_Pos*/)    /*!< SysT
 787:Generated_Source\PSoC6\pdl\cmsis/include/core_cm4.h **** 
 788:Generated_Source\PSoC6\pdl\cmsis/include/core_cm4.h **** /* SysTick Calibration Register Definitions */
 789:Generated_Source\PSoC6\pdl\cmsis/include/core_cm4.h **** #define SysTick_CALIB_NOREF_Pos            31U                                            /*!< SysT
 790:Generated_Source\PSoC6\pdl\cmsis/include/core_cm4.h **** #define SysTick_CALIB_NOREF_Msk            (1UL << SysTick_CALIB_NOREF_Pos)               /*!< SysT
 791:Generated_Source\PSoC6\pdl\cmsis/include/core_cm4.h **** 
ARM GAS  C:\Users\Finik\AppData\Local\Temp\ccY85NDM.s 			page 27


 792:Generated_Source\PSoC6\pdl\cmsis/include/core_cm4.h **** #define SysTick_CALIB_SKEW_Pos             30U                                            /*!< SysT
 793:Generated_Source\PSoC6\pdl\cmsis/include/core_cm4.h **** #define SysTick_CALIB_SKEW_Msk             (1UL << SysTick_CALIB_SKEW_Pos)                /*!< SysT
 794:Generated_Source\PSoC6\pdl\cmsis/include/core_cm4.h **** 
 795:Generated_Source\PSoC6\pdl\cmsis/include/core_cm4.h **** #define SysTick_CALIB_TENMS_Pos             0U                                            /*!< SysT
 796:Generated_Source\PSoC6\pdl\cmsis/include/core_cm4.h **** #define SysTick_CALIB_TENMS_Msk            (0xFFFFFFUL /*<< SysTick_CALIB_TENMS_Pos*/)    /*!< SysT
 797:Generated_Source\PSoC6\pdl\cmsis/include/core_cm4.h **** 
 798:Generated_Source\PSoC6\pdl\cmsis/include/core_cm4.h **** /*@} end of group CMSIS_SysTick */
 799:Generated_Source\PSoC6\pdl\cmsis/include/core_cm4.h **** 
 800:Generated_Source\PSoC6\pdl\cmsis/include/core_cm4.h **** 
 801:Generated_Source\PSoC6\pdl\cmsis/include/core_cm4.h **** /**
 802:Generated_Source\PSoC6\pdl\cmsis/include/core_cm4.h ****   \ingroup  CMSIS_core_register
 803:Generated_Source\PSoC6\pdl\cmsis/include/core_cm4.h ****   \defgroup CMSIS_ITM     Instrumentation Trace Macrocell (ITM)
 804:Generated_Source\PSoC6\pdl\cmsis/include/core_cm4.h ****   \brief    Type definitions for the Instrumentation Trace Macrocell (ITM)
 805:Generated_Source\PSoC6\pdl\cmsis/include/core_cm4.h ****   @{
 806:Generated_Source\PSoC6\pdl\cmsis/include/core_cm4.h ****  */
 807:Generated_Source\PSoC6\pdl\cmsis/include/core_cm4.h **** 
 808:Generated_Source\PSoC6\pdl\cmsis/include/core_cm4.h **** /**
 809:Generated_Source\PSoC6\pdl\cmsis/include/core_cm4.h ****   \brief  Structure type to access the Instrumentation Trace Macrocell Register (ITM).
 810:Generated_Source\PSoC6\pdl\cmsis/include/core_cm4.h ****  */
 811:Generated_Source\PSoC6\pdl\cmsis/include/core_cm4.h **** typedef struct
 812:Generated_Source\PSoC6\pdl\cmsis/include/core_cm4.h **** {
 813:Generated_Source\PSoC6\pdl\cmsis/include/core_cm4.h ****   __OM  union
 814:Generated_Source\PSoC6\pdl\cmsis/include/core_cm4.h ****   {
 815:Generated_Source\PSoC6\pdl\cmsis/include/core_cm4.h ****     __OM  uint8_t    u8;                 /*!< Offset: 0x000 ( /W)  ITM Stimulus Port 8-bit */
 816:Generated_Source\PSoC6\pdl\cmsis/include/core_cm4.h ****     __OM  uint16_t   u16;                /*!< Offset: 0x000 ( /W)  ITM Stimulus Port 16-bit */
 817:Generated_Source\PSoC6\pdl\cmsis/include/core_cm4.h ****     __OM  uint32_t   u32;                /*!< Offset: 0x000 ( /W)  ITM Stimulus Port 32-bit */
 818:Generated_Source\PSoC6\pdl\cmsis/include/core_cm4.h ****   }  PORT [32U];                         /*!< Offset: 0x000 ( /W)  ITM Stimulus Port Registers */
 819:Generated_Source\PSoC6\pdl\cmsis/include/core_cm4.h ****         uint32_t RESERVED0[864U];
 820:Generated_Source\PSoC6\pdl\cmsis/include/core_cm4.h ****   __IOM uint32_t TER;                    /*!< Offset: 0xE00 (R/W)  ITM Trace Enable Register */
 821:Generated_Source\PSoC6\pdl\cmsis/include/core_cm4.h ****         uint32_t RESERVED1[15U];
 822:Generated_Source\PSoC6\pdl\cmsis/include/core_cm4.h ****   __IOM uint32_t TPR;                    /*!< Offset: 0xE40 (R/W)  ITM Trace Privilege Register */
 823:Generated_Source\PSoC6\pdl\cmsis/include/core_cm4.h ****         uint32_t RESERVED2[15U];
 824:Generated_Source\PSoC6\pdl\cmsis/include/core_cm4.h ****   __IOM uint32_t TCR;                    /*!< Offset: 0xE80 (R/W)  ITM Trace Control Register */
 825:Generated_Source\PSoC6\pdl\cmsis/include/core_cm4.h ****         uint32_t RESERVED3[29U];
 826:Generated_Source\PSoC6\pdl\cmsis/include/core_cm4.h ****   __OM  uint32_t IWR;                    /*!< Offset: 0xEF8 ( /W)  ITM Integration Write Register *
 827:Generated_Source\PSoC6\pdl\cmsis/include/core_cm4.h ****   __IM  uint32_t IRR;                    /*!< Offset: 0xEFC (R/ )  ITM Integration Read Register */
 828:Generated_Source\PSoC6\pdl\cmsis/include/core_cm4.h ****   __IOM uint32_t IMCR;                   /*!< Offset: 0xF00 (R/W)  ITM Integration Mode Control Reg
 829:Generated_Source\PSoC6\pdl\cmsis/include/core_cm4.h ****         uint32_t RESERVED4[43U];
 830:Generated_Source\PSoC6\pdl\cmsis/include/core_cm4.h ****   __OM  uint32_t LAR;                    /*!< Offset: 0xFB0 ( /W)  ITM Lock Access Register */
 831:Generated_Source\PSoC6\pdl\cmsis/include/core_cm4.h ****   __IM  uint32_t LSR;                    /*!< Offset: 0xFB4 (R/ )  ITM Lock Status Register */
 832:Generated_Source\PSoC6\pdl\cmsis/include/core_cm4.h ****         uint32_t RESERVED5[6U];
 833:Generated_Source\PSoC6\pdl\cmsis/include/core_cm4.h ****   __IM  uint32_t PID4;                   /*!< Offset: 0xFD0 (R/ )  ITM Peripheral Identification Re
 834:Generated_Source\PSoC6\pdl\cmsis/include/core_cm4.h ****   __IM  uint32_t PID5;                   /*!< Offset: 0xFD4 (R/ )  ITM Peripheral Identification Re
 835:Generated_Source\PSoC6\pdl\cmsis/include/core_cm4.h ****   __IM  uint32_t PID6;                   /*!< Offset: 0xFD8 (R/ )  ITM Peripheral Identification Re
 836:Generated_Source\PSoC6\pdl\cmsis/include/core_cm4.h ****   __IM  uint32_t PID7;                   /*!< Offset: 0xFDC (R/ )  ITM Peripheral Identification Re
 837:Generated_Source\PSoC6\pdl\cmsis/include/core_cm4.h ****   __IM  uint32_t PID0;                   /*!< Offset: 0xFE0 (R/ )  ITM Peripheral Identification Re
 838:Generated_Source\PSoC6\pdl\cmsis/include/core_cm4.h ****   __IM  uint32_t PID1;                   /*!< Offset: 0xFE4 (R/ )  ITM Peripheral Identification Re
 839:Generated_Source\PSoC6\pdl\cmsis/include/core_cm4.h ****   __IM  uint32_t PID2;                   /*!< Offset: 0xFE8 (R/ )  ITM Peripheral Identification Re
 840:Generated_Source\PSoC6\pdl\cmsis/include/core_cm4.h ****   __IM  uint32_t PID3;                   /*!< Offset: 0xFEC (R/ )  ITM Peripheral Identification Re
 841:Generated_Source\PSoC6\pdl\cmsis/include/core_cm4.h ****   __IM  uint32_t CID0;                   /*!< Offset: 0xFF0 (R/ )  ITM Component  Identification Re
 842:Generated_Source\PSoC6\pdl\cmsis/include/core_cm4.h ****   __IM  uint32_t CID1;                   /*!< Offset: 0xFF4 (R/ )  ITM Component  Identification Re
 843:Generated_Source\PSoC6\pdl\cmsis/include/core_cm4.h ****   __IM  uint32_t CID2;                   /*!< Offset: 0xFF8 (R/ )  ITM Component  Identification Re
 844:Generated_Source\PSoC6\pdl\cmsis/include/core_cm4.h ****   __IM  uint32_t CID3;                   /*!< Offset: 0xFFC (R/ )  ITM Component  Identification Re
 845:Generated_Source\PSoC6\pdl\cmsis/include/core_cm4.h **** } ITM_Type;
 846:Generated_Source\PSoC6\pdl\cmsis/include/core_cm4.h **** 
 847:Generated_Source\PSoC6\pdl\cmsis/include/core_cm4.h **** /* ITM Trace Privilege Register Definitions */
 848:Generated_Source\PSoC6\pdl\cmsis/include/core_cm4.h **** #define ITM_TPR_PRIVMASK_Pos                0U                                            /*!< ITM 
ARM GAS  C:\Users\Finik\AppData\Local\Temp\ccY85NDM.s 			page 28


 849:Generated_Source\PSoC6\pdl\cmsis/include/core_cm4.h **** #define ITM_TPR_PRIVMASK_Msk               (0xFFFFFFFFUL /*<< ITM_TPR_PRIVMASK_Pos*/)     /*!< ITM 
 850:Generated_Source\PSoC6\pdl\cmsis/include/core_cm4.h **** 
 851:Generated_Source\PSoC6\pdl\cmsis/include/core_cm4.h **** /* ITM Trace Control Register Definitions */
 852:Generated_Source\PSoC6\pdl\cmsis/include/core_cm4.h **** #define ITM_TCR_BUSY_Pos                   23U                                            /*!< ITM 
 853:Generated_Source\PSoC6\pdl\cmsis/include/core_cm4.h **** #define ITM_TCR_BUSY_Msk                   (1UL << ITM_TCR_BUSY_Pos)                      /*!< ITM 
 854:Generated_Source\PSoC6\pdl\cmsis/include/core_cm4.h **** 
 855:Generated_Source\PSoC6\pdl\cmsis/include/core_cm4.h **** #define ITM_TCR_TraceBusID_Pos             16U                                            /*!< ITM 
 856:Generated_Source\PSoC6\pdl\cmsis/include/core_cm4.h **** #define ITM_TCR_TraceBusID_Msk             (0x7FUL << ITM_TCR_TraceBusID_Pos)             /*!< ITM 
 857:Generated_Source\PSoC6\pdl\cmsis/include/core_cm4.h **** 
 858:Generated_Source\PSoC6\pdl\cmsis/include/core_cm4.h **** #define ITM_TCR_GTSFREQ_Pos                10U                                            /*!< ITM 
 859:Generated_Source\PSoC6\pdl\cmsis/include/core_cm4.h **** #define ITM_TCR_GTSFREQ_Msk                (3UL << ITM_TCR_GTSFREQ_Pos)                   /*!< ITM 
 860:Generated_Source\PSoC6\pdl\cmsis/include/core_cm4.h **** 
 861:Generated_Source\PSoC6\pdl\cmsis/include/core_cm4.h **** #define ITM_TCR_TSPrescale_Pos              8U                                            /*!< ITM 
 862:Generated_Source\PSoC6\pdl\cmsis/include/core_cm4.h **** #define ITM_TCR_TSPrescale_Msk             (3UL << ITM_TCR_TSPrescale_Pos)                /*!< ITM 
 863:Generated_Source\PSoC6\pdl\cmsis/include/core_cm4.h **** 
 864:Generated_Source\PSoC6\pdl\cmsis/include/core_cm4.h **** #define ITM_TCR_SWOENA_Pos                  4U                                            /*!< ITM 
 865:Generated_Source\PSoC6\pdl\cmsis/include/core_cm4.h **** #define ITM_TCR_SWOENA_Msk                 (1UL << ITM_TCR_SWOENA_Pos)                    /*!< ITM 
 866:Generated_Source\PSoC6\pdl\cmsis/include/core_cm4.h **** 
 867:Generated_Source\PSoC6\pdl\cmsis/include/core_cm4.h **** #define ITM_TCR_DWTENA_Pos                  3U                                            /*!< ITM 
 868:Generated_Source\PSoC6\pdl\cmsis/include/core_cm4.h **** #define ITM_TCR_DWTENA_Msk                 (1UL << ITM_TCR_DWTENA_Pos)                    /*!< ITM 
 869:Generated_Source\PSoC6\pdl\cmsis/include/core_cm4.h **** 
 870:Generated_Source\PSoC6\pdl\cmsis/include/core_cm4.h **** #define ITM_TCR_SYNCENA_Pos                 2U                                            /*!< ITM 
 871:Generated_Source\PSoC6\pdl\cmsis/include/core_cm4.h **** #define ITM_TCR_SYNCENA_Msk                (1UL << ITM_TCR_SYNCENA_Pos)                   /*!< ITM 
 872:Generated_Source\PSoC6\pdl\cmsis/include/core_cm4.h **** 
 873:Generated_Source\PSoC6\pdl\cmsis/include/core_cm4.h **** #define ITM_TCR_TSENA_Pos                   1U                                            /*!< ITM 
 874:Generated_Source\PSoC6\pdl\cmsis/include/core_cm4.h **** #define ITM_TCR_TSENA_Msk                  (1UL << ITM_TCR_TSENA_Pos)                     /*!< ITM 
 875:Generated_Source\PSoC6\pdl\cmsis/include/core_cm4.h **** 
 876:Generated_Source\PSoC6\pdl\cmsis/include/core_cm4.h **** #define ITM_TCR_ITMENA_Pos                  0U                                            /*!< ITM 
 877:Generated_Source\PSoC6\pdl\cmsis/include/core_cm4.h **** #define ITM_TCR_ITMENA_Msk                 (1UL /*<< ITM_TCR_ITMENA_Pos*/)                /*!< ITM 
 878:Generated_Source\PSoC6\pdl\cmsis/include/core_cm4.h **** 
 879:Generated_Source\PSoC6\pdl\cmsis/include/core_cm4.h **** /* ITM Integration Write Register Definitions */
 880:Generated_Source\PSoC6\pdl\cmsis/include/core_cm4.h **** #define ITM_IWR_ATVALIDM_Pos                0U                                            /*!< ITM 
 881:Generated_Source\PSoC6\pdl\cmsis/include/core_cm4.h **** #define ITM_IWR_ATVALIDM_Msk               (1UL /*<< ITM_IWR_ATVALIDM_Pos*/)              /*!< ITM 
 882:Generated_Source\PSoC6\pdl\cmsis/include/core_cm4.h **** 
 883:Generated_Source\PSoC6\pdl\cmsis/include/core_cm4.h **** /* ITM Integration Read Register Definitions */
 884:Generated_Source\PSoC6\pdl\cmsis/include/core_cm4.h **** #define ITM_IRR_ATREADYM_Pos                0U                                            /*!< ITM 
 885:Generated_Source\PSoC6\pdl\cmsis/include/core_cm4.h **** #define ITM_IRR_ATREADYM_Msk               (1UL /*<< ITM_IRR_ATREADYM_Pos*/)              /*!< ITM 
 886:Generated_Source\PSoC6\pdl\cmsis/include/core_cm4.h **** 
 887:Generated_Source\PSoC6\pdl\cmsis/include/core_cm4.h **** /* ITM Integration Mode Control Register Definitions */
 888:Generated_Source\PSoC6\pdl\cmsis/include/core_cm4.h **** #define ITM_IMCR_INTEGRATION_Pos            0U                                            /*!< ITM 
 889:Generated_Source\PSoC6\pdl\cmsis/include/core_cm4.h **** #define ITM_IMCR_INTEGRATION_Msk           (1UL /*<< ITM_IMCR_INTEGRATION_Pos*/)          /*!< ITM 
 890:Generated_Source\PSoC6\pdl\cmsis/include/core_cm4.h **** 
 891:Generated_Source\PSoC6\pdl\cmsis/include/core_cm4.h **** /* ITM Lock Status Register Definitions */
 892:Generated_Source\PSoC6\pdl\cmsis/include/core_cm4.h **** #define ITM_LSR_ByteAcc_Pos                 2U                                            /*!< ITM 
 893:Generated_Source\PSoC6\pdl\cmsis/include/core_cm4.h **** #define ITM_LSR_ByteAcc_Msk                (1UL << ITM_LSR_ByteAcc_Pos)                   /*!< ITM 
 894:Generated_Source\PSoC6\pdl\cmsis/include/core_cm4.h **** 
 895:Generated_Source\PSoC6\pdl\cmsis/include/core_cm4.h **** #define ITM_LSR_Access_Pos                  1U                                            /*!< ITM 
 896:Generated_Source\PSoC6\pdl\cmsis/include/core_cm4.h **** #define ITM_LSR_Access_Msk                 (1UL << ITM_LSR_Access_Pos)                    /*!< ITM 
 897:Generated_Source\PSoC6\pdl\cmsis/include/core_cm4.h **** 
 898:Generated_Source\PSoC6\pdl\cmsis/include/core_cm4.h **** #define ITM_LSR_Present_Pos                 0U                                            /*!< ITM 
 899:Generated_Source\PSoC6\pdl\cmsis/include/core_cm4.h **** #define ITM_LSR_Present_Msk                (1UL /*<< ITM_LSR_Present_Pos*/)               /*!< ITM 
 900:Generated_Source\PSoC6\pdl\cmsis/include/core_cm4.h **** 
 901:Generated_Source\PSoC6\pdl\cmsis/include/core_cm4.h **** /*@}*/ /* end of group CMSIS_ITM */
 902:Generated_Source\PSoC6\pdl\cmsis/include/core_cm4.h **** 
 903:Generated_Source\PSoC6\pdl\cmsis/include/core_cm4.h **** 
 904:Generated_Source\PSoC6\pdl\cmsis/include/core_cm4.h **** /**
 905:Generated_Source\PSoC6\pdl\cmsis/include/core_cm4.h ****   \ingroup  CMSIS_core_register
ARM GAS  C:\Users\Finik\AppData\Local\Temp\ccY85NDM.s 			page 29


 906:Generated_Source\PSoC6\pdl\cmsis/include/core_cm4.h ****   \defgroup CMSIS_DWT     Data Watchpoint and Trace (DWT)
 907:Generated_Source\PSoC6\pdl\cmsis/include/core_cm4.h ****   \brief    Type definitions for the Data Watchpoint and Trace (DWT)
 908:Generated_Source\PSoC6\pdl\cmsis/include/core_cm4.h ****   @{
 909:Generated_Source\PSoC6\pdl\cmsis/include/core_cm4.h ****  */
 910:Generated_Source\PSoC6\pdl\cmsis/include/core_cm4.h **** 
 911:Generated_Source\PSoC6\pdl\cmsis/include/core_cm4.h **** /**
 912:Generated_Source\PSoC6\pdl\cmsis/include/core_cm4.h ****   \brief  Structure type to access the Data Watchpoint and Trace Register (DWT).
 913:Generated_Source\PSoC6\pdl\cmsis/include/core_cm4.h ****  */
 914:Generated_Source\PSoC6\pdl\cmsis/include/core_cm4.h **** typedef struct
 915:Generated_Source\PSoC6\pdl\cmsis/include/core_cm4.h **** {
 916:Generated_Source\PSoC6\pdl\cmsis/include/core_cm4.h ****   __IOM uint32_t CTRL;                   /*!< Offset: 0x000 (R/W)  Control Register */
 917:Generated_Source\PSoC6\pdl\cmsis/include/core_cm4.h ****   __IOM uint32_t CYCCNT;                 /*!< Offset: 0x004 (R/W)  Cycle Count Register */
 918:Generated_Source\PSoC6\pdl\cmsis/include/core_cm4.h ****   __IOM uint32_t CPICNT;                 /*!< Offset: 0x008 (R/W)  CPI Count Register */
 919:Generated_Source\PSoC6\pdl\cmsis/include/core_cm4.h ****   __IOM uint32_t EXCCNT;                 /*!< Offset: 0x00C (R/W)  Exception Overhead Count Registe
 920:Generated_Source\PSoC6\pdl\cmsis/include/core_cm4.h ****   __IOM uint32_t SLEEPCNT;               /*!< Offset: 0x010 (R/W)  Sleep Count Register */
 921:Generated_Source\PSoC6\pdl\cmsis/include/core_cm4.h ****   __IOM uint32_t LSUCNT;                 /*!< Offset: 0x014 (R/W)  LSU Count Register */
 922:Generated_Source\PSoC6\pdl\cmsis/include/core_cm4.h ****   __IOM uint32_t FOLDCNT;                /*!< Offset: 0x018 (R/W)  Folded-instruction Count Registe
 923:Generated_Source\PSoC6\pdl\cmsis/include/core_cm4.h ****   __IM  uint32_t PCSR;                   /*!< Offset: 0x01C (R/ )  Program Counter Sample Register 
 924:Generated_Source\PSoC6\pdl\cmsis/include/core_cm4.h ****   __IOM uint32_t COMP0;                  /*!< Offset: 0x020 (R/W)  Comparator Register 0 */
 925:Generated_Source\PSoC6\pdl\cmsis/include/core_cm4.h ****   __IOM uint32_t MASK0;                  /*!< Offset: 0x024 (R/W)  Mask Register 0 */
 926:Generated_Source\PSoC6\pdl\cmsis/include/core_cm4.h ****   __IOM uint32_t FUNCTION0;              /*!< Offset: 0x028 (R/W)  Function Register 0 */
 927:Generated_Source\PSoC6\pdl\cmsis/include/core_cm4.h ****         uint32_t RESERVED0[1U];
 928:Generated_Source\PSoC6\pdl\cmsis/include/core_cm4.h ****   __IOM uint32_t COMP1;                  /*!< Offset: 0x030 (R/W)  Comparator Register 1 */
 929:Generated_Source\PSoC6\pdl\cmsis/include/core_cm4.h ****   __IOM uint32_t MASK1;                  /*!< Offset: 0x034 (R/W)  Mask Register 1 */
 930:Generated_Source\PSoC6\pdl\cmsis/include/core_cm4.h ****   __IOM uint32_t FUNCTION1;              /*!< Offset: 0x038 (R/W)  Function Register 1 */
 931:Generated_Source\PSoC6\pdl\cmsis/include/core_cm4.h ****         uint32_t RESERVED1[1U];
 932:Generated_Source\PSoC6\pdl\cmsis/include/core_cm4.h ****   __IOM uint32_t COMP2;                  /*!< Offset: 0x040 (R/W)  Comparator Register 2 */
 933:Generated_Source\PSoC6\pdl\cmsis/include/core_cm4.h ****   __IOM uint32_t MASK2;                  /*!< Offset: 0x044 (R/W)  Mask Register 2 */
 934:Generated_Source\PSoC6\pdl\cmsis/include/core_cm4.h ****   __IOM uint32_t FUNCTION2;              /*!< Offset: 0x048 (R/W)  Function Register 2 */
 935:Generated_Source\PSoC6\pdl\cmsis/include/core_cm4.h ****         uint32_t RESERVED2[1U];
 936:Generated_Source\PSoC6\pdl\cmsis/include/core_cm4.h ****   __IOM uint32_t COMP3;                  /*!< Offset: 0x050 (R/W)  Comparator Register 3 */
 937:Generated_Source\PSoC6\pdl\cmsis/include/core_cm4.h ****   __IOM uint32_t MASK3;                  /*!< Offset: 0x054 (R/W)  Mask Register 3 */
 938:Generated_Source\PSoC6\pdl\cmsis/include/core_cm4.h ****   __IOM uint32_t FUNCTION3;              /*!< Offset: 0x058 (R/W)  Function Register 3 */
 939:Generated_Source\PSoC6\pdl\cmsis/include/core_cm4.h **** } DWT_Type;
 940:Generated_Source\PSoC6\pdl\cmsis/include/core_cm4.h **** 
 941:Generated_Source\PSoC6\pdl\cmsis/include/core_cm4.h **** /* DWT Control Register Definitions */
 942:Generated_Source\PSoC6\pdl\cmsis/include/core_cm4.h **** #define DWT_CTRL_NUMCOMP_Pos               28U                                         /*!< DWT CTR
 943:Generated_Source\PSoC6\pdl\cmsis/include/core_cm4.h **** #define DWT_CTRL_NUMCOMP_Msk               (0xFUL << DWT_CTRL_NUMCOMP_Pos)             /*!< DWT CTR
 944:Generated_Source\PSoC6\pdl\cmsis/include/core_cm4.h **** 
 945:Generated_Source\PSoC6\pdl\cmsis/include/core_cm4.h **** #define DWT_CTRL_NOTRCPKT_Pos              27U                                         /*!< DWT CTR
 946:Generated_Source\PSoC6\pdl\cmsis/include/core_cm4.h **** #define DWT_CTRL_NOTRCPKT_Msk              (0x1UL << DWT_CTRL_NOTRCPKT_Pos)            /*!< DWT CTR
 947:Generated_Source\PSoC6\pdl\cmsis/include/core_cm4.h **** 
 948:Generated_Source\PSoC6\pdl\cmsis/include/core_cm4.h **** #define DWT_CTRL_NOEXTTRIG_Pos             26U                                         /*!< DWT CTR
 949:Generated_Source\PSoC6\pdl\cmsis/include/core_cm4.h **** #define DWT_CTRL_NOEXTTRIG_Msk             (0x1UL << DWT_CTRL_NOEXTTRIG_Pos)           /*!< DWT CTR
 950:Generated_Source\PSoC6\pdl\cmsis/include/core_cm4.h **** 
 951:Generated_Source\PSoC6\pdl\cmsis/include/core_cm4.h **** #define DWT_CTRL_NOCYCCNT_Pos              25U                                         /*!< DWT CTR
 952:Generated_Source\PSoC6\pdl\cmsis/include/core_cm4.h **** #define DWT_CTRL_NOCYCCNT_Msk              (0x1UL << DWT_CTRL_NOCYCCNT_Pos)            /*!< DWT CTR
 953:Generated_Source\PSoC6\pdl\cmsis/include/core_cm4.h **** 
 954:Generated_Source\PSoC6\pdl\cmsis/include/core_cm4.h **** #define DWT_CTRL_NOPRFCNT_Pos              24U                                         /*!< DWT CTR
 955:Generated_Source\PSoC6\pdl\cmsis/include/core_cm4.h **** #define DWT_CTRL_NOPRFCNT_Msk              (0x1UL << DWT_CTRL_NOPRFCNT_Pos)            /*!< DWT CTR
 956:Generated_Source\PSoC6\pdl\cmsis/include/core_cm4.h **** 
 957:Generated_Source\PSoC6\pdl\cmsis/include/core_cm4.h **** #define DWT_CTRL_CYCEVTENA_Pos             22U                                         /*!< DWT CTR
 958:Generated_Source\PSoC6\pdl\cmsis/include/core_cm4.h **** #define DWT_CTRL_CYCEVTENA_Msk             (0x1UL << DWT_CTRL_CYCEVTENA_Pos)           /*!< DWT CTR
 959:Generated_Source\PSoC6\pdl\cmsis/include/core_cm4.h **** 
 960:Generated_Source\PSoC6\pdl\cmsis/include/core_cm4.h **** #define DWT_CTRL_FOLDEVTENA_Pos            21U                                         /*!< DWT CTR
 961:Generated_Source\PSoC6\pdl\cmsis/include/core_cm4.h **** #define DWT_CTRL_FOLDEVTENA_Msk            (0x1UL << DWT_CTRL_FOLDEVTENA_Pos)          /*!< DWT CTR
 962:Generated_Source\PSoC6\pdl\cmsis/include/core_cm4.h **** 
ARM GAS  C:\Users\Finik\AppData\Local\Temp\ccY85NDM.s 			page 30


 963:Generated_Source\PSoC6\pdl\cmsis/include/core_cm4.h **** #define DWT_CTRL_LSUEVTENA_Pos             20U                                         /*!< DWT CTR
 964:Generated_Source\PSoC6\pdl\cmsis/include/core_cm4.h **** #define DWT_CTRL_LSUEVTENA_Msk             (0x1UL << DWT_CTRL_LSUEVTENA_Pos)           /*!< DWT CTR
 965:Generated_Source\PSoC6\pdl\cmsis/include/core_cm4.h **** 
 966:Generated_Source\PSoC6\pdl\cmsis/include/core_cm4.h **** #define DWT_CTRL_SLEEPEVTENA_Pos           19U                                         /*!< DWT CTR
 967:Generated_Source\PSoC6\pdl\cmsis/include/core_cm4.h **** #define DWT_CTRL_SLEEPEVTENA_Msk           (0x1UL << DWT_CTRL_SLEEPEVTENA_Pos)         /*!< DWT CTR
 968:Generated_Source\PSoC6\pdl\cmsis/include/core_cm4.h **** 
 969:Generated_Source\PSoC6\pdl\cmsis/include/core_cm4.h **** #define DWT_CTRL_EXCEVTENA_Pos             18U                                         /*!< DWT CTR
 970:Generated_Source\PSoC6\pdl\cmsis/include/core_cm4.h **** #define DWT_CTRL_EXCEVTENA_Msk             (0x1UL << DWT_CTRL_EXCEVTENA_Pos)           /*!< DWT CTR
 971:Generated_Source\PSoC6\pdl\cmsis/include/core_cm4.h **** 
 972:Generated_Source\PSoC6\pdl\cmsis/include/core_cm4.h **** #define DWT_CTRL_CPIEVTENA_Pos             17U                                         /*!< DWT CTR
 973:Generated_Source\PSoC6\pdl\cmsis/include/core_cm4.h **** #define DWT_CTRL_CPIEVTENA_Msk             (0x1UL << DWT_CTRL_CPIEVTENA_Pos)           /*!< DWT CTR
 974:Generated_Source\PSoC6\pdl\cmsis/include/core_cm4.h **** 
 975:Generated_Source\PSoC6\pdl\cmsis/include/core_cm4.h **** #define DWT_CTRL_EXCTRCENA_Pos             16U                                         /*!< DWT CTR
 976:Generated_Source\PSoC6\pdl\cmsis/include/core_cm4.h **** #define DWT_CTRL_EXCTRCENA_Msk             (0x1UL << DWT_CTRL_EXCTRCENA_Pos)           /*!< DWT CTR
 977:Generated_Source\PSoC6\pdl\cmsis/include/core_cm4.h **** 
 978:Generated_Source\PSoC6\pdl\cmsis/include/core_cm4.h **** #define DWT_CTRL_PCSAMPLENA_Pos            12U                                         /*!< DWT CTR
 979:Generated_Source\PSoC6\pdl\cmsis/include/core_cm4.h **** #define DWT_CTRL_PCSAMPLENA_Msk            (0x1UL << DWT_CTRL_PCSAMPLENA_Pos)          /*!< DWT CTR
 980:Generated_Source\PSoC6\pdl\cmsis/include/core_cm4.h **** 
 981:Generated_Source\PSoC6\pdl\cmsis/include/core_cm4.h **** #define DWT_CTRL_SYNCTAP_Pos               10U                                         /*!< DWT CTR
 982:Generated_Source\PSoC6\pdl\cmsis/include/core_cm4.h **** #define DWT_CTRL_SYNCTAP_Msk               (0x3UL << DWT_CTRL_SYNCTAP_Pos)             /*!< DWT CTR
 983:Generated_Source\PSoC6\pdl\cmsis/include/core_cm4.h **** 
 984:Generated_Source\PSoC6\pdl\cmsis/include/core_cm4.h **** #define DWT_CTRL_CYCTAP_Pos                 9U                                         /*!< DWT CTR
 985:Generated_Source\PSoC6\pdl\cmsis/include/core_cm4.h **** #define DWT_CTRL_CYCTAP_Msk                (0x1UL << DWT_CTRL_CYCTAP_Pos)              /*!< DWT CTR
 986:Generated_Source\PSoC6\pdl\cmsis/include/core_cm4.h **** 
 987:Generated_Source\PSoC6\pdl\cmsis/include/core_cm4.h **** #define DWT_CTRL_POSTINIT_Pos               5U                                         /*!< DWT CTR
 988:Generated_Source\PSoC6\pdl\cmsis/include/core_cm4.h **** #define DWT_CTRL_POSTINIT_Msk              (0xFUL << DWT_CTRL_POSTINIT_Pos)            /*!< DWT CTR
 989:Generated_Source\PSoC6\pdl\cmsis/include/core_cm4.h **** 
 990:Generated_Source\PSoC6\pdl\cmsis/include/core_cm4.h **** #define DWT_CTRL_POSTPRESET_Pos             1U                                         /*!< DWT CTR
 991:Generated_Source\PSoC6\pdl\cmsis/include/core_cm4.h **** #define DWT_CTRL_POSTPRESET_Msk            (0xFUL << DWT_CTRL_POSTPRESET_Pos)          /*!< DWT CTR
 992:Generated_Source\PSoC6\pdl\cmsis/include/core_cm4.h **** 
 993:Generated_Source\PSoC6\pdl\cmsis/include/core_cm4.h **** #define DWT_CTRL_CYCCNTENA_Pos              0U                                         /*!< DWT CTR
 994:Generated_Source\PSoC6\pdl\cmsis/include/core_cm4.h **** #define DWT_CTRL_CYCCNTENA_Msk             (0x1UL /*<< DWT_CTRL_CYCCNTENA_Pos*/)       /*!< DWT CTR
 995:Generated_Source\PSoC6\pdl\cmsis/include/core_cm4.h **** 
 996:Generated_Source\PSoC6\pdl\cmsis/include/core_cm4.h **** /* DWT CPI Count Register Definitions */
 997:Generated_Source\PSoC6\pdl\cmsis/include/core_cm4.h **** #define DWT_CPICNT_CPICNT_Pos               0U                                         /*!< DWT CPI
 998:Generated_Source\PSoC6\pdl\cmsis/include/core_cm4.h **** #define DWT_CPICNT_CPICNT_Msk              (0xFFUL /*<< DWT_CPICNT_CPICNT_Pos*/)       /*!< DWT CPI
 999:Generated_Source\PSoC6\pdl\cmsis/include/core_cm4.h **** 
1000:Generated_Source\PSoC6\pdl\cmsis/include/core_cm4.h **** /* DWT Exception Overhead Count Register Definitions */
1001:Generated_Source\PSoC6\pdl\cmsis/include/core_cm4.h **** #define DWT_EXCCNT_EXCCNT_Pos               0U                                         /*!< DWT EXC
1002:Generated_Source\PSoC6\pdl\cmsis/include/core_cm4.h **** #define DWT_EXCCNT_EXCCNT_Msk              (0xFFUL /*<< DWT_EXCCNT_EXCCNT_Pos*/)       /*!< DWT EXC
1003:Generated_Source\PSoC6\pdl\cmsis/include/core_cm4.h **** 
1004:Generated_Source\PSoC6\pdl\cmsis/include/core_cm4.h **** /* DWT Sleep Count Register Definitions */
1005:Generated_Source\PSoC6\pdl\cmsis/include/core_cm4.h **** #define DWT_SLEEPCNT_SLEEPCNT_Pos           0U                                         /*!< DWT SLE
1006:Generated_Source\PSoC6\pdl\cmsis/include/core_cm4.h **** #define DWT_SLEEPCNT_SLEEPCNT_Msk          (0xFFUL /*<< DWT_SLEEPCNT_SLEEPCNT_Pos*/)   /*!< DWT SLE
1007:Generated_Source\PSoC6\pdl\cmsis/include/core_cm4.h **** 
1008:Generated_Source\PSoC6\pdl\cmsis/include/core_cm4.h **** /* DWT LSU Count Register Definitions */
1009:Generated_Source\PSoC6\pdl\cmsis/include/core_cm4.h **** #define DWT_LSUCNT_LSUCNT_Pos               0U                                         /*!< DWT LSU
1010:Generated_Source\PSoC6\pdl\cmsis/include/core_cm4.h **** #define DWT_LSUCNT_LSUCNT_Msk              (0xFFUL /*<< DWT_LSUCNT_LSUCNT_Pos*/)       /*!< DWT LSU
1011:Generated_Source\PSoC6\pdl\cmsis/include/core_cm4.h **** 
1012:Generated_Source\PSoC6\pdl\cmsis/include/core_cm4.h **** /* DWT Folded-instruction Count Register Definitions */
1013:Generated_Source\PSoC6\pdl\cmsis/include/core_cm4.h **** #define DWT_FOLDCNT_FOLDCNT_Pos             0U                                         /*!< DWT FOL
1014:Generated_Source\PSoC6\pdl\cmsis/include/core_cm4.h **** #define DWT_FOLDCNT_FOLDCNT_Msk            (0xFFUL /*<< DWT_FOLDCNT_FOLDCNT_Pos*/)     /*!< DWT FOL
1015:Generated_Source\PSoC6\pdl\cmsis/include/core_cm4.h **** 
1016:Generated_Source\PSoC6\pdl\cmsis/include/core_cm4.h **** /* DWT Comparator Mask Register Definitions */
1017:Generated_Source\PSoC6\pdl\cmsis/include/core_cm4.h **** #define DWT_MASK_MASK_Pos                   0U                                         /*!< DWT MAS
1018:Generated_Source\PSoC6\pdl\cmsis/include/core_cm4.h **** #define DWT_MASK_MASK_Msk                  (0x1FUL /*<< DWT_MASK_MASK_Pos*/)           /*!< DWT MAS
1019:Generated_Source\PSoC6\pdl\cmsis/include/core_cm4.h **** 
ARM GAS  C:\Users\Finik\AppData\Local\Temp\ccY85NDM.s 			page 31


1020:Generated_Source\PSoC6\pdl\cmsis/include/core_cm4.h **** /* DWT Comparator Function Register Definitions */
1021:Generated_Source\PSoC6\pdl\cmsis/include/core_cm4.h **** #define DWT_FUNCTION_MATCHED_Pos           24U                                         /*!< DWT FUN
1022:Generated_Source\PSoC6\pdl\cmsis/include/core_cm4.h **** #define DWT_FUNCTION_MATCHED_Msk           (0x1UL << DWT_FUNCTION_MATCHED_Pos)         /*!< DWT FUN
1023:Generated_Source\PSoC6\pdl\cmsis/include/core_cm4.h **** 
1024:Generated_Source\PSoC6\pdl\cmsis/include/core_cm4.h **** #define DWT_FUNCTION_DATAVADDR1_Pos        16U                                         /*!< DWT FUN
1025:Generated_Source\PSoC6\pdl\cmsis/include/core_cm4.h **** #define DWT_FUNCTION_DATAVADDR1_Msk        (0xFUL << DWT_FUNCTION_DATAVADDR1_Pos)      /*!< DWT FUN
1026:Generated_Source\PSoC6\pdl\cmsis/include/core_cm4.h **** 
1027:Generated_Source\PSoC6\pdl\cmsis/include/core_cm4.h **** #define DWT_FUNCTION_DATAVADDR0_Pos        12U                                         /*!< DWT FUN
1028:Generated_Source\PSoC6\pdl\cmsis/include/core_cm4.h **** #define DWT_FUNCTION_DATAVADDR0_Msk        (0xFUL << DWT_FUNCTION_DATAVADDR0_Pos)      /*!< DWT FUN
1029:Generated_Source\PSoC6\pdl\cmsis/include/core_cm4.h **** 
1030:Generated_Source\PSoC6\pdl\cmsis/include/core_cm4.h **** #define DWT_FUNCTION_DATAVSIZE_Pos         10U                                         /*!< DWT FUN
1031:Generated_Source\PSoC6\pdl\cmsis/include/core_cm4.h **** #define DWT_FUNCTION_DATAVSIZE_Msk         (0x3UL << DWT_FUNCTION_DATAVSIZE_Pos)       /*!< DWT FUN
1032:Generated_Source\PSoC6\pdl\cmsis/include/core_cm4.h **** 
1033:Generated_Source\PSoC6\pdl\cmsis/include/core_cm4.h **** #define DWT_FUNCTION_LNK1ENA_Pos            9U                                         /*!< DWT FUN
1034:Generated_Source\PSoC6\pdl\cmsis/include/core_cm4.h **** #define DWT_FUNCTION_LNK1ENA_Msk           (0x1UL << DWT_FUNCTION_LNK1ENA_Pos)         /*!< DWT FUN
1035:Generated_Source\PSoC6\pdl\cmsis/include/core_cm4.h **** 
1036:Generated_Source\PSoC6\pdl\cmsis/include/core_cm4.h **** #define DWT_FUNCTION_DATAVMATCH_Pos         8U                                         /*!< DWT FUN
1037:Generated_Source\PSoC6\pdl\cmsis/include/core_cm4.h **** #define DWT_FUNCTION_DATAVMATCH_Msk        (0x1UL << DWT_FUNCTION_DATAVMATCH_Pos)      /*!< DWT FUN
1038:Generated_Source\PSoC6\pdl\cmsis/include/core_cm4.h **** 
1039:Generated_Source\PSoC6\pdl\cmsis/include/core_cm4.h **** #define DWT_FUNCTION_CYCMATCH_Pos           7U                                         /*!< DWT FUN
1040:Generated_Source\PSoC6\pdl\cmsis/include/core_cm4.h **** #define DWT_FUNCTION_CYCMATCH_Msk          (0x1UL << DWT_FUNCTION_CYCMATCH_Pos)        /*!< DWT FUN
1041:Generated_Source\PSoC6\pdl\cmsis/include/core_cm4.h **** 
1042:Generated_Source\PSoC6\pdl\cmsis/include/core_cm4.h **** #define DWT_FUNCTION_EMITRANGE_Pos          5U                                         /*!< DWT FUN
1043:Generated_Source\PSoC6\pdl\cmsis/include/core_cm4.h **** #define DWT_FUNCTION_EMITRANGE_Msk         (0x1UL << DWT_FUNCTION_EMITRANGE_Pos)       /*!< DWT FUN
1044:Generated_Source\PSoC6\pdl\cmsis/include/core_cm4.h **** 
1045:Generated_Source\PSoC6\pdl\cmsis/include/core_cm4.h **** #define DWT_FUNCTION_FUNCTION_Pos           0U                                         /*!< DWT FUN
1046:Generated_Source\PSoC6\pdl\cmsis/include/core_cm4.h **** #define DWT_FUNCTION_FUNCTION_Msk          (0xFUL /*<< DWT_FUNCTION_FUNCTION_Pos*/)    /*!< DWT FUN
1047:Generated_Source\PSoC6\pdl\cmsis/include/core_cm4.h **** 
1048:Generated_Source\PSoC6\pdl\cmsis/include/core_cm4.h **** /*@}*/ /* end of group CMSIS_DWT */
1049:Generated_Source\PSoC6\pdl\cmsis/include/core_cm4.h **** 
1050:Generated_Source\PSoC6\pdl\cmsis/include/core_cm4.h **** 
1051:Generated_Source\PSoC6\pdl\cmsis/include/core_cm4.h **** /**
1052:Generated_Source\PSoC6\pdl\cmsis/include/core_cm4.h ****   \ingroup  CMSIS_core_register
1053:Generated_Source\PSoC6\pdl\cmsis/include/core_cm4.h ****   \defgroup CMSIS_TPI     Trace Port Interface (TPI)
1054:Generated_Source\PSoC6\pdl\cmsis/include/core_cm4.h ****   \brief    Type definitions for the Trace Port Interface (TPI)
1055:Generated_Source\PSoC6\pdl\cmsis/include/core_cm4.h ****   @{
1056:Generated_Source\PSoC6\pdl\cmsis/include/core_cm4.h ****  */
1057:Generated_Source\PSoC6\pdl\cmsis/include/core_cm4.h **** 
1058:Generated_Source\PSoC6\pdl\cmsis/include/core_cm4.h **** /**
1059:Generated_Source\PSoC6\pdl\cmsis/include/core_cm4.h ****   \brief  Structure type to access the Trace Port Interface Register (TPI).
1060:Generated_Source\PSoC6\pdl\cmsis/include/core_cm4.h ****  */
1061:Generated_Source\PSoC6\pdl\cmsis/include/core_cm4.h **** typedef struct
1062:Generated_Source\PSoC6\pdl\cmsis/include/core_cm4.h **** {
1063:Generated_Source\PSoC6\pdl\cmsis/include/core_cm4.h ****   __IOM uint32_t SSPSR;                  /*!< Offset: 0x000 (R/ )  Supported Parallel Port Size Reg
1064:Generated_Source\PSoC6\pdl\cmsis/include/core_cm4.h ****   __IOM uint32_t CSPSR;                  /*!< Offset: 0x004 (R/W)  Current Parallel Port Size Regis
1065:Generated_Source\PSoC6\pdl\cmsis/include/core_cm4.h ****         uint32_t RESERVED0[2U];
1066:Generated_Source\PSoC6\pdl\cmsis/include/core_cm4.h ****   __IOM uint32_t ACPR;                   /*!< Offset: 0x010 (R/W)  Asynchronous Clock Prescaler Reg
1067:Generated_Source\PSoC6\pdl\cmsis/include/core_cm4.h ****         uint32_t RESERVED1[55U];
1068:Generated_Source\PSoC6\pdl\cmsis/include/core_cm4.h ****   __IOM uint32_t SPPR;                   /*!< Offset: 0x0F0 (R/W)  Selected Pin Protocol Register *
1069:Generated_Source\PSoC6\pdl\cmsis/include/core_cm4.h ****         uint32_t RESERVED2[131U];
1070:Generated_Source\PSoC6\pdl\cmsis/include/core_cm4.h ****   __IM  uint32_t FFSR;                   /*!< Offset: 0x300 (R/ )  Formatter and Flush Status Regis
1071:Generated_Source\PSoC6\pdl\cmsis/include/core_cm4.h ****   __IOM uint32_t FFCR;                   /*!< Offset: 0x304 (R/W)  Formatter and Flush Control Regi
1072:Generated_Source\PSoC6\pdl\cmsis/include/core_cm4.h ****   __IM  uint32_t FSCR;                   /*!< Offset: 0x308 (R/ )  Formatter Synchronization Counte
1073:Generated_Source\PSoC6\pdl\cmsis/include/core_cm4.h ****         uint32_t RESERVED3[759U];
1074:Generated_Source\PSoC6\pdl\cmsis/include/core_cm4.h ****   __IM  uint32_t TRIGGER;                /*!< Offset: 0xEE8 (R/ )  TRIGGER */
1075:Generated_Source\PSoC6\pdl\cmsis/include/core_cm4.h ****   __IM  uint32_t FIFO0;                  /*!< Offset: 0xEEC (R/ )  Integration ETM Data */
1076:Generated_Source\PSoC6\pdl\cmsis/include/core_cm4.h ****   __IM  uint32_t ITATBCTR2;              /*!< Offset: 0xEF0 (R/ )  ITATBCTR2 */
ARM GAS  C:\Users\Finik\AppData\Local\Temp\ccY85NDM.s 			page 32


1077:Generated_Source\PSoC6\pdl\cmsis/include/core_cm4.h ****         uint32_t RESERVED4[1U];
1078:Generated_Source\PSoC6\pdl\cmsis/include/core_cm4.h ****   __IM  uint32_t ITATBCTR0;              /*!< Offset: 0xEF8 (R/ )  ITATBCTR0 */
1079:Generated_Source\PSoC6\pdl\cmsis/include/core_cm4.h ****   __IM  uint32_t FIFO1;                  /*!< Offset: 0xEFC (R/ )  Integration ITM Data */
1080:Generated_Source\PSoC6\pdl\cmsis/include/core_cm4.h ****   __IOM uint32_t ITCTRL;                 /*!< Offset: 0xF00 (R/W)  Integration Mode Control */
1081:Generated_Source\PSoC6\pdl\cmsis/include/core_cm4.h ****         uint32_t RESERVED5[39U];
1082:Generated_Source\PSoC6\pdl\cmsis/include/core_cm4.h ****   __IOM uint32_t CLAIMSET;               /*!< Offset: 0xFA0 (R/W)  Claim tag set */
1083:Generated_Source\PSoC6\pdl\cmsis/include/core_cm4.h ****   __IOM uint32_t CLAIMCLR;               /*!< Offset: 0xFA4 (R/W)  Claim tag clear */
1084:Generated_Source\PSoC6\pdl\cmsis/include/core_cm4.h ****         uint32_t RESERVED7[8U];
1085:Generated_Source\PSoC6\pdl\cmsis/include/core_cm4.h ****   __IM  uint32_t DEVID;                  /*!< Offset: 0xFC8 (R/ )  TPIU_DEVID */
1086:Generated_Source\PSoC6\pdl\cmsis/include/core_cm4.h ****   __IM  uint32_t DEVTYPE;                /*!< Offset: 0xFCC (R/ )  TPIU_DEVTYPE */
1087:Generated_Source\PSoC6\pdl\cmsis/include/core_cm4.h **** } TPI_Type;
1088:Generated_Source\PSoC6\pdl\cmsis/include/core_cm4.h **** 
1089:Generated_Source\PSoC6\pdl\cmsis/include/core_cm4.h **** /* TPI Asynchronous Clock Prescaler Register Definitions */
1090:Generated_Source\PSoC6\pdl\cmsis/include/core_cm4.h **** #define TPI_ACPR_PRESCALER_Pos              0U                                         /*!< @Deprec
1091:Generated_Source\PSoC6\pdl\cmsis/include/core_cm4.h **** #define TPI_ACPR_PRESCALER_Msk             (0x1FFFUL /*<< TPI_ACPR_PRESCALER_Pos*/)    /*!< @Deprec
1092:Generated_Source\PSoC6\pdl\cmsis/include/core_cm4.h **** 
1093:Generated_Source\PSoC6\pdl\cmsis/include/core_cm4.h **** #define TPI_ACPR_SWOSCALER_Pos              0U                                         /*!< TPI ACP
1094:Generated_Source\PSoC6\pdl\cmsis/include/core_cm4.h **** #define TPI_ACPR_SWOSCALER_Msk             (0xFFFFUL /*<< TPI_ACPR_SWOSCALER_Pos*/)    /*!< TPI ACP
1095:Generated_Source\PSoC6\pdl\cmsis/include/core_cm4.h **** 
1096:Generated_Source\PSoC6\pdl\cmsis/include/core_cm4.h **** /* TPI Selected Pin Protocol Register Definitions */
1097:Generated_Source\PSoC6\pdl\cmsis/include/core_cm4.h **** #define TPI_SPPR_TXMODE_Pos                 0U                                         /*!< TPI SPP
1098:Generated_Source\PSoC6\pdl\cmsis/include/core_cm4.h **** #define TPI_SPPR_TXMODE_Msk                (0x3UL /*<< TPI_SPPR_TXMODE_Pos*/)          /*!< TPI SPP
1099:Generated_Source\PSoC6\pdl\cmsis/include/core_cm4.h **** 
1100:Generated_Source\PSoC6\pdl\cmsis/include/core_cm4.h **** /* TPI Formatter and Flush Status Register Definitions */
1101:Generated_Source\PSoC6\pdl\cmsis/include/core_cm4.h **** #define TPI_FFSR_FtNonStop_Pos              3U                                         /*!< TPI FFS
1102:Generated_Source\PSoC6\pdl\cmsis/include/core_cm4.h **** #define TPI_FFSR_FtNonStop_Msk             (0x1UL << TPI_FFSR_FtNonStop_Pos)           /*!< TPI FFS
1103:Generated_Source\PSoC6\pdl\cmsis/include/core_cm4.h **** 
1104:Generated_Source\PSoC6\pdl\cmsis/include/core_cm4.h **** #define TPI_FFSR_TCPresent_Pos              2U                                         /*!< TPI FFS
1105:Generated_Source\PSoC6\pdl\cmsis/include/core_cm4.h **** #define TPI_FFSR_TCPresent_Msk             (0x1UL << TPI_FFSR_TCPresent_Pos)           /*!< TPI FFS
1106:Generated_Source\PSoC6\pdl\cmsis/include/core_cm4.h **** 
1107:Generated_Source\PSoC6\pdl\cmsis/include/core_cm4.h **** #define TPI_FFSR_FtStopped_Pos              1U                                         /*!< TPI FFS
1108:Generated_Source\PSoC6\pdl\cmsis/include/core_cm4.h **** #define TPI_FFSR_FtStopped_Msk             (0x1UL << TPI_FFSR_FtStopped_Pos)           /*!< TPI FFS
1109:Generated_Source\PSoC6\pdl\cmsis/include/core_cm4.h **** 
1110:Generated_Source\PSoC6\pdl\cmsis/include/core_cm4.h **** #define TPI_FFSR_FlInProg_Pos               0U                                         /*!< TPI FFS
1111:Generated_Source\PSoC6\pdl\cmsis/include/core_cm4.h **** #define TPI_FFSR_FlInProg_Msk              (0x1UL /*<< TPI_FFSR_FlInProg_Pos*/)        /*!< TPI FFS
1112:Generated_Source\PSoC6\pdl\cmsis/include/core_cm4.h **** 
1113:Generated_Source\PSoC6\pdl\cmsis/include/core_cm4.h **** /* TPI Formatter and Flush Control Register Definitions */
1114:Generated_Source\PSoC6\pdl\cmsis/include/core_cm4.h **** #define TPI_FFCR_TrigIn_Pos                 8U                                         /*!< TPI FFC
1115:Generated_Source\PSoC6\pdl\cmsis/include/core_cm4.h **** #define TPI_FFCR_TrigIn_Msk                (0x1UL << TPI_FFCR_TrigIn_Pos)              /*!< TPI FFC
1116:Generated_Source\PSoC6\pdl\cmsis/include/core_cm4.h **** 
1117:Generated_Source\PSoC6\pdl\cmsis/include/core_cm4.h **** #define TPI_FFCR_EnFCont_Pos                1U                                         /*!< TPI FFC
1118:Generated_Source\PSoC6\pdl\cmsis/include/core_cm4.h **** #define TPI_FFCR_EnFCont_Msk               (0x1UL << TPI_FFCR_EnFCont_Pos)             /*!< TPI FFC
1119:Generated_Source\PSoC6\pdl\cmsis/include/core_cm4.h **** 
1120:Generated_Source\PSoC6\pdl\cmsis/include/core_cm4.h **** /* TPI TRIGGER Register Definitions */
1121:Generated_Source\PSoC6\pdl\cmsis/include/core_cm4.h **** #define TPI_TRIGGER_TRIGGER_Pos             0U                                         /*!< TPI TRI
1122:Generated_Source\PSoC6\pdl\cmsis/include/core_cm4.h **** #define TPI_TRIGGER_TRIGGER_Msk            (0x1UL /*<< TPI_TRIGGER_TRIGGER_Pos*/)      /*!< TPI TRI
1123:Generated_Source\PSoC6\pdl\cmsis/include/core_cm4.h **** 
1124:Generated_Source\PSoC6\pdl\cmsis/include/core_cm4.h **** /* TPI Integration ETM Data Register Definitions (FIFO0) */
1125:Generated_Source\PSoC6\pdl\cmsis/include/core_cm4.h **** #define TPI_FIFO0_ITM_ATVALID_Pos          29U                                         /*!< TPI FIF
1126:Generated_Source\PSoC6\pdl\cmsis/include/core_cm4.h **** #define TPI_FIFO0_ITM_ATVALID_Msk          (0x3UL << TPI_FIFO0_ITM_ATVALID_Pos)        /*!< TPI FIF
1127:Generated_Source\PSoC6\pdl\cmsis/include/core_cm4.h **** 
1128:Generated_Source\PSoC6\pdl\cmsis/include/core_cm4.h **** #define TPI_FIFO0_ITM_bytecount_Pos        27U                                         /*!< TPI FIF
1129:Generated_Source\PSoC6\pdl\cmsis/include/core_cm4.h **** #define TPI_FIFO0_ITM_bytecount_Msk        (0x3UL << TPI_FIFO0_ITM_bytecount_Pos)      /*!< TPI FIF
1130:Generated_Source\PSoC6\pdl\cmsis/include/core_cm4.h **** 
1131:Generated_Source\PSoC6\pdl\cmsis/include/core_cm4.h **** #define TPI_FIFO0_ETM_ATVALID_Pos          26U                                         /*!< TPI FIF
1132:Generated_Source\PSoC6\pdl\cmsis/include/core_cm4.h **** #define TPI_FIFO0_ETM_ATVALID_Msk          (0x3UL << TPI_FIFO0_ETM_ATVALID_Pos)        /*!< TPI FIF
1133:Generated_Source\PSoC6\pdl\cmsis/include/core_cm4.h **** 
ARM GAS  C:\Users\Finik\AppData\Local\Temp\ccY85NDM.s 			page 33


1134:Generated_Source\PSoC6\pdl\cmsis/include/core_cm4.h **** #define TPI_FIFO0_ETM_bytecount_Pos        24U                                         /*!< TPI FIF
1135:Generated_Source\PSoC6\pdl\cmsis/include/core_cm4.h **** #define TPI_FIFO0_ETM_bytecount_Msk        (0x3UL << TPI_FIFO0_ETM_bytecount_Pos)      /*!< TPI FIF
1136:Generated_Source\PSoC6\pdl\cmsis/include/core_cm4.h **** 
1137:Generated_Source\PSoC6\pdl\cmsis/include/core_cm4.h **** #define TPI_FIFO0_ETM2_Pos                 16U                                         /*!< TPI FIF
1138:Generated_Source\PSoC6\pdl\cmsis/include/core_cm4.h **** #define TPI_FIFO0_ETM2_Msk                 (0xFFUL << TPI_FIFO0_ETM2_Pos)              /*!< TPI FIF
1139:Generated_Source\PSoC6\pdl\cmsis/include/core_cm4.h **** 
1140:Generated_Source\PSoC6\pdl\cmsis/include/core_cm4.h **** #define TPI_FIFO0_ETM1_Pos                  8U                                         /*!< TPI FIF
1141:Generated_Source\PSoC6\pdl\cmsis/include/core_cm4.h **** #define TPI_FIFO0_ETM1_Msk                 (0xFFUL << TPI_FIFO0_ETM1_Pos)              /*!< TPI FIF
1142:Generated_Source\PSoC6\pdl\cmsis/include/core_cm4.h **** 
1143:Generated_Source\PSoC6\pdl\cmsis/include/core_cm4.h **** #define TPI_FIFO0_ETM0_Pos                  0U                                         /*!< TPI FIF
1144:Generated_Source\PSoC6\pdl\cmsis/include/core_cm4.h **** #define TPI_FIFO0_ETM0_Msk                 (0xFFUL /*<< TPI_FIFO0_ETM0_Pos*/)          /*!< TPI FIF
1145:Generated_Source\PSoC6\pdl\cmsis/include/core_cm4.h **** 
1146:Generated_Source\PSoC6\pdl\cmsis/include/core_cm4.h **** /* TPI ITATBCTR2 Register Definitions */
1147:Generated_Source\PSoC6\pdl\cmsis/include/core_cm4.h **** #define TPI_ITATBCTR2_ATREADY_Pos           0U                                         /*!< TPI ITA
1148:Generated_Source\PSoC6\pdl\cmsis/include/core_cm4.h **** #define TPI_ITATBCTR2_ATREADY_Msk          (0x1UL /*<< TPI_ITATBCTR2_ATREADY_Pos*/)    /*!< TPI ITA
1149:Generated_Source\PSoC6\pdl\cmsis/include/core_cm4.h **** 
1150:Generated_Source\PSoC6\pdl\cmsis/include/core_cm4.h **** /* TPI Integration ITM Data Register Definitions (FIFO1) */
1151:Generated_Source\PSoC6\pdl\cmsis/include/core_cm4.h **** #define TPI_FIFO1_ITM_ATVALID_Pos          29U                                         /*!< TPI FIF
1152:Generated_Source\PSoC6\pdl\cmsis/include/core_cm4.h **** #define TPI_FIFO1_ITM_ATVALID_Msk          (0x3UL << TPI_FIFO1_ITM_ATVALID_Pos)        /*!< TPI FIF
1153:Generated_Source\PSoC6\pdl\cmsis/include/core_cm4.h **** 
1154:Generated_Source\PSoC6\pdl\cmsis/include/core_cm4.h **** #define TPI_FIFO1_ITM_bytecount_Pos        27U                                         /*!< TPI FIF
1155:Generated_Source\PSoC6\pdl\cmsis/include/core_cm4.h **** #define TPI_FIFO1_ITM_bytecount_Msk        (0x3UL << TPI_FIFO1_ITM_bytecount_Pos)      /*!< TPI FIF
1156:Generated_Source\PSoC6\pdl\cmsis/include/core_cm4.h **** 
1157:Generated_Source\PSoC6\pdl\cmsis/include/core_cm4.h **** #define TPI_FIFO1_ETM_ATVALID_Pos          26U                                         /*!< TPI FIF
1158:Generated_Source\PSoC6\pdl\cmsis/include/core_cm4.h **** #define TPI_FIFO1_ETM_ATVALID_Msk          (0x3UL << TPI_FIFO1_ETM_ATVALID_Pos)        /*!< TPI FIF
1159:Generated_Source\PSoC6\pdl\cmsis/include/core_cm4.h **** 
1160:Generated_Source\PSoC6\pdl\cmsis/include/core_cm4.h **** #define TPI_FIFO1_ETM_bytecount_Pos        24U                                         /*!< TPI FIF
1161:Generated_Source\PSoC6\pdl\cmsis/include/core_cm4.h **** #define TPI_FIFO1_ETM_bytecount_Msk        (0x3UL << TPI_FIFO1_ETM_bytecount_Pos)      /*!< TPI FIF
1162:Generated_Source\PSoC6\pdl\cmsis/include/core_cm4.h **** 
1163:Generated_Source\PSoC6\pdl\cmsis/include/core_cm4.h **** #define TPI_FIFO1_ITM2_Pos                 16U                                         /*!< TPI FIF
1164:Generated_Source\PSoC6\pdl\cmsis/include/core_cm4.h **** #define TPI_FIFO1_ITM2_Msk                 (0xFFUL << TPI_FIFO1_ITM2_Pos)              /*!< TPI FIF
1165:Generated_Source\PSoC6\pdl\cmsis/include/core_cm4.h **** 
1166:Generated_Source\PSoC6\pdl\cmsis/include/core_cm4.h **** #define TPI_FIFO1_ITM1_Pos                  8U                                         /*!< TPI FIF
1167:Generated_Source\PSoC6\pdl\cmsis/include/core_cm4.h **** #define TPI_FIFO1_ITM1_Msk                 (0xFFUL << TPI_FIFO1_ITM1_Pos)              /*!< TPI FIF
1168:Generated_Source\PSoC6\pdl\cmsis/include/core_cm4.h **** 
1169:Generated_Source\PSoC6\pdl\cmsis/include/core_cm4.h **** #define TPI_FIFO1_ITM0_Pos                  0U                                         /*!< TPI FIF
1170:Generated_Source\PSoC6\pdl\cmsis/include/core_cm4.h **** #define TPI_FIFO1_ITM0_Msk                 (0xFFUL /*<< TPI_FIFO1_ITM0_Pos*/)          /*!< TPI FIF
1171:Generated_Source\PSoC6\pdl\cmsis/include/core_cm4.h **** 
1172:Generated_Source\PSoC6\pdl\cmsis/include/core_cm4.h **** /* TPI ITATBCTR0 Register Definitions */
1173:Generated_Source\PSoC6\pdl\cmsis/include/core_cm4.h **** #define TPI_ITATBCTR0_ATREADY_Pos           0U                                         /*!< TPI ITA
1174:Generated_Source\PSoC6\pdl\cmsis/include/core_cm4.h **** #define TPI_ITATBCTR0_ATREADY_Msk          (0x1UL /*<< TPI_ITATBCTR0_ATREADY_Pos*/)    /*!< TPI ITA
1175:Generated_Source\PSoC6\pdl\cmsis/include/core_cm4.h **** 
1176:Generated_Source\PSoC6\pdl\cmsis/include/core_cm4.h **** /* TPI Integration Mode Control Register Definitions */
1177:Generated_Source\PSoC6\pdl\cmsis/include/core_cm4.h **** #define TPI_ITCTRL_Mode_Pos                 0U                                         /*!< TPI ITC
1178:Generated_Source\PSoC6\pdl\cmsis/include/core_cm4.h **** #define TPI_ITCTRL_Mode_Msk                (0x1UL /*<< TPI_ITCTRL_Mode_Pos*/)          /*!< TPI ITC
1179:Generated_Source\PSoC6\pdl\cmsis/include/core_cm4.h **** 
1180:Generated_Source\PSoC6\pdl\cmsis/include/core_cm4.h **** /* TPI DEVID Register Definitions */
1181:Generated_Source\PSoC6\pdl\cmsis/include/core_cm4.h **** #define TPI_DEVID_NRZVALID_Pos             11U                                         /*!< TPI DEV
1182:Generated_Source\PSoC6\pdl\cmsis/include/core_cm4.h **** #define TPI_DEVID_NRZVALID_Msk             (0x1UL << TPI_DEVID_NRZVALID_Pos)           /*!< TPI DEV
1183:Generated_Source\PSoC6\pdl\cmsis/include/core_cm4.h **** 
1184:Generated_Source\PSoC6\pdl\cmsis/include/core_cm4.h **** #define TPI_DEVID_MANCVALID_Pos            10U                                         /*!< TPI DEV
1185:Generated_Source\PSoC6\pdl\cmsis/include/core_cm4.h **** #define TPI_DEVID_MANCVALID_Msk            (0x1UL << TPI_DEVID_MANCVALID_Pos)          /*!< TPI DEV
1186:Generated_Source\PSoC6\pdl\cmsis/include/core_cm4.h **** 
1187:Generated_Source\PSoC6\pdl\cmsis/include/core_cm4.h **** #define TPI_DEVID_PTINVALID_Pos             9U                                         /*!< TPI DEV
1188:Generated_Source\PSoC6\pdl\cmsis/include/core_cm4.h **** #define TPI_DEVID_PTINVALID_Msk            (0x1UL << TPI_DEVID_PTINVALID_Pos)          /*!< TPI DEV
1189:Generated_Source\PSoC6\pdl\cmsis/include/core_cm4.h **** 
1190:Generated_Source\PSoC6\pdl\cmsis/include/core_cm4.h **** #define TPI_DEVID_MinBufSz_Pos              6U                                         /*!< TPI DEV
ARM GAS  C:\Users\Finik\AppData\Local\Temp\ccY85NDM.s 			page 34


1191:Generated_Source\PSoC6\pdl\cmsis/include/core_cm4.h **** #define TPI_DEVID_MinBufSz_Msk             (0x7UL << TPI_DEVID_MinBufSz_Pos)           /*!< TPI DEV
1192:Generated_Source\PSoC6\pdl\cmsis/include/core_cm4.h **** 
1193:Generated_Source\PSoC6\pdl\cmsis/include/core_cm4.h **** #define TPI_DEVID_AsynClkIn_Pos             5U                                         /*!< TPI DEV
1194:Generated_Source\PSoC6\pdl\cmsis/include/core_cm4.h **** #define TPI_DEVID_AsynClkIn_Msk            (0x1UL << TPI_DEVID_AsynClkIn_Pos)          /*!< TPI DEV
1195:Generated_Source\PSoC6\pdl\cmsis/include/core_cm4.h **** 
1196:Generated_Source\PSoC6\pdl\cmsis/include/core_cm4.h **** #define TPI_DEVID_NrTraceInput_Pos          0U                                         /*!< TPI DEV
1197:Generated_Source\PSoC6\pdl\cmsis/include/core_cm4.h **** #define TPI_DEVID_NrTraceInput_Msk         (0x1FUL /*<< TPI_DEVID_NrTraceInput_Pos*/)  /*!< TPI DEV
1198:Generated_Source\PSoC6\pdl\cmsis/include/core_cm4.h **** 
1199:Generated_Source\PSoC6\pdl\cmsis/include/core_cm4.h **** /* TPI DEVTYPE Register Definitions */
1200:Generated_Source\PSoC6\pdl\cmsis/include/core_cm4.h **** #define TPI_DEVTYPE_MajorType_Pos           4U                                         /*!< TPI DEV
1201:Generated_Source\PSoC6\pdl\cmsis/include/core_cm4.h **** #define TPI_DEVTYPE_MajorType_Msk          (0xFUL << TPI_DEVTYPE_MajorType_Pos)        /*!< TPI DEV
1202:Generated_Source\PSoC6\pdl\cmsis/include/core_cm4.h **** 
1203:Generated_Source\PSoC6\pdl\cmsis/include/core_cm4.h **** #define TPI_DEVTYPE_SubType_Pos             0U                                         /*!< TPI DEV
1204:Generated_Source\PSoC6\pdl\cmsis/include/core_cm4.h **** #define TPI_DEVTYPE_SubType_Msk            (0xFUL /*<< TPI_DEVTYPE_SubType_Pos*/)      /*!< TPI DEV
1205:Generated_Source\PSoC6\pdl\cmsis/include/core_cm4.h **** 
1206:Generated_Source\PSoC6\pdl\cmsis/include/core_cm4.h **** /*@}*/ /* end of group CMSIS_TPI */
1207:Generated_Source\PSoC6\pdl\cmsis/include/core_cm4.h **** 
1208:Generated_Source\PSoC6\pdl\cmsis/include/core_cm4.h **** 
1209:Generated_Source\PSoC6\pdl\cmsis/include/core_cm4.h **** #if defined (__MPU_PRESENT) && (__MPU_PRESENT == 1U)
1210:Generated_Source\PSoC6\pdl\cmsis/include/core_cm4.h **** /**
1211:Generated_Source\PSoC6\pdl\cmsis/include/core_cm4.h ****   \ingroup  CMSIS_core_register
1212:Generated_Source\PSoC6\pdl\cmsis/include/core_cm4.h ****   \defgroup CMSIS_MPU     Memory Protection Unit (MPU)
1213:Generated_Source\PSoC6\pdl\cmsis/include/core_cm4.h ****   \brief    Type definitions for the Memory Protection Unit (MPU)
1214:Generated_Source\PSoC6\pdl\cmsis/include/core_cm4.h ****   @{
1215:Generated_Source\PSoC6\pdl\cmsis/include/core_cm4.h ****  */
1216:Generated_Source\PSoC6\pdl\cmsis/include/core_cm4.h **** 
1217:Generated_Source\PSoC6\pdl\cmsis/include/core_cm4.h **** /**
1218:Generated_Source\PSoC6\pdl\cmsis/include/core_cm4.h ****   \brief  Structure type to access the Memory Protection Unit (MPU).
1219:Generated_Source\PSoC6\pdl\cmsis/include/core_cm4.h ****  */
1220:Generated_Source\PSoC6\pdl\cmsis/include/core_cm4.h **** typedef struct
1221:Generated_Source\PSoC6\pdl\cmsis/include/core_cm4.h **** {
1222:Generated_Source\PSoC6\pdl\cmsis/include/core_cm4.h ****   __IM  uint32_t TYPE;                   /*!< Offset: 0x000 (R/ )  MPU Type Register */
1223:Generated_Source\PSoC6\pdl\cmsis/include/core_cm4.h ****   __IOM uint32_t CTRL;                   /*!< Offset: 0x004 (R/W)  MPU Control Register */
1224:Generated_Source\PSoC6\pdl\cmsis/include/core_cm4.h ****   __IOM uint32_t RNR;                    /*!< Offset: 0x008 (R/W)  MPU Region RNRber Register */
1225:Generated_Source\PSoC6\pdl\cmsis/include/core_cm4.h ****   __IOM uint32_t RBAR;                   /*!< Offset: 0x00C (R/W)  MPU Region Base Address Register
1226:Generated_Source\PSoC6\pdl\cmsis/include/core_cm4.h ****   __IOM uint32_t RASR;                   /*!< Offset: 0x010 (R/W)  MPU Region Attribute and Size Re
1227:Generated_Source\PSoC6\pdl\cmsis/include/core_cm4.h ****   __IOM uint32_t RBAR_A1;                /*!< Offset: 0x014 (R/W)  MPU Alias 1 Region Base Address 
1228:Generated_Source\PSoC6\pdl\cmsis/include/core_cm4.h ****   __IOM uint32_t RASR_A1;                /*!< Offset: 0x018 (R/W)  MPU Alias 1 Region Attribute and
1229:Generated_Source\PSoC6\pdl\cmsis/include/core_cm4.h ****   __IOM uint32_t RBAR_A2;                /*!< Offset: 0x01C (R/W)  MPU Alias 2 Region Base Address 
1230:Generated_Source\PSoC6\pdl\cmsis/include/core_cm4.h ****   __IOM uint32_t RASR_A2;                /*!< Offset: 0x020 (R/W)  MPU Alias 2 Region Attribute and
1231:Generated_Source\PSoC6\pdl\cmsis/include/core_cm4.h ****   __IOM uint32_t RBAR_A3;                /*!< Offset: 0x024 (R/W)  MPU Alias 3 Region Base Address 
1232:Generated_Source\PSoC6\pdl\cmsis/include/core_cm4.h ****   __IOM uint32_t RASR_A3;                /*!< Offset: 0x028 (R/W)  MPU Alias 3 Region Attribute and
1233:Generated_Source\PSoC6\pdl\cmsis/include/core_cm4.h **** } MPU_Type;
1234:Generated_Source\PSoC6\pdl\cmsis/include/core_cm4.h **** 
1235:Generated_Source\PSoC6\pdl\cmsis/include/core_cm4.h **** #define MPU_TYPE_RALIASES                  4U
1236:Generated_Source\PSoC6\pdl\cmsis/include/core_cm4.h **** 
1237:Generated_Source\PSoC6\pdl\cmsis/include/core_cm4.h **** /* MPU Type Register Definitions */
1238:Generated_Source\PSoC6\pdl\cmsis/include/core_cm4.h **** #define MPU_TYPE_IREGION_Pos               16U                                            /*!< MPU 
1239:Generated_Source\PSoC6\pdl\cmsis/include/core_cm4.h **** #define MPU_TYPE_IREGION_Msk               (0xFFUL << MPU_TYPE_IREGION_Pos)               /*!< MPU 
1240:Generated_Source\PSoC6\pdl\cmsis/include/core_cm4.h **** 
1241:Generated_Source\PSoC6\pdl\cmsis/include/core_cm4.h **** #define MPU_TYPE_DREGION_Pos                8U                                            /*!< MPU 
1242:Generated_Source\PSoC6\pdl\cmsis/include/core_cm4.h **** #define MPU_TYPE_DREGION_Msk               (0xFFUL << MPU_TYPE_DREGION_Pos)               /*!< MPU 
1243:Generated_Source\PSoC6\pdl\cmsis/include/core_cm4.h **** 
1244:Generated_Source\PSoC6\pdl\cmsis/include/core_cm4.h **** #define MPU_TYPE_SEPARATE_Pos               0U                                            /*!< MPU 
1245:Generated_Source\PSoC6\pdl\cmsis/include/core_cm4.h **** #define MPU_TYPE_SEPARATE_Msk              (1UL /*<< MPU_TYPE_SEPARATE_Pos*/)             /*!< MPU 
1246:Generated_Source\PSoC6\pdl\cmsis/include/core_cm4.h **** 
1247:Generated_Source\PSoC6\pdl\cmsis/include/core_cm4.h **** /* MPU Control Register Definitions */
ARM GAS  C:\Users\Finik\AppData\Local\Temp\ccY85NDM.s 			page 35


1248:Generated_Source\PSoC6\pdl\cmsis/include/core_cm4.h **** #define MPU_CTRL_PRIVDEFENA_Pos             2U                                            /*!< MPU 
1249:Generated_Source\PSoC6\pdl\cmsis/include/core_cm4.h **** #define MPU_CTRL_PRIVDEFENA_Msk            (1UL << MPU_CTRL_PRIVDEFENA_Pos)               /*!< MPU 
1250:Generated_Source\PSoC6\pdl\cmsis/include/core_cm4.h **** 
1251:Generated_Source\PSoC6\pdl\cmsis/include/core_cm4.h **** #define MPU_CTRL_HFNMIENA_Pos               1U                                            /*!< MPU 
1252:Generated_Source\PSoC6\pdl\cmsis/include/core_cm4.h **** #define MPU_CTRL_HFNMIENA_Msk              (1UL << MPU_CTRL_HFNMIENA_Pos)                 /*!< MPU 
1253:Generated_Source\PSoC6\pdl\cmsis/include/core_cm4.h **** 
1254:Generated_Source\PSoC6\pdl\cmsis/include/core_cm4.h **** #define MPU_CTRL_ENABLE_Pos                 0U                                            /*!< MPU 
1255:Generated_Source\PSoC6\pdl\cmsis/include/core_cm4.h **** #define MPU_CTRL_ENABLE_Msk                (1UL /*<< MPU_CTRL_ENABLE_Pos*/)               /*!< MPU 
1256:Generated_Source\PSoC6\pdl\cmsis/include/core_cm4.h **** 
1257:Generated_Source\PSoC6\pdl\cmsis/include/core_cm4.h **** /* MPU Region Number Register Definitions */
1258:Generated_Source\PSoC6\pdl\cmsis/include/core_cm4.h **** #define MPU_RNR_REGION_Pos                  0U                                            /*!< MPU 
1259:Generated_Source\PSoC6\pdl\cmsis/include/core_cm4.h **** #define MPU_RNR_REGION_Msk                 (0xFFUL /*<< MPU_RNR_REGION_Pos*/)             /*!< MPU 
1260:Generated_Source\PSoC6\pdl\cmsis/include/core_cm4.h **** 
1261:Generated_Source\PSoC6\pdl\cmsis/include/core_cm4.h **** /* MPU Region Base Address Register Definitions */
1262:Generated_Source\PSoC6\pdl\cmsis/include/core_cm4.h **** #define MPU_RBAR_ADDR_Pos                   5U                                            /*!< MPU 
1263:Generated_Source\PSoC6\pdl\cmsis/include/core_cm4.h **** #define MPU_RBAR_ADDR_Msk                  (0x7FFFFFFUL << MPU_RBAR_ADDR_Pos)             /*!< MPU 
1264:Generated_Source\PSoC6\pdl\cmsis/include/core_cm4.h **** 
1265:Generated_Source\PSoC6\pdl\cmsis/include/core_cm4.h **** #define MPU_RBAR_VALID_Pos                  4U                                            /*!< MPU 
1266:Generated_Source\PSoC6\pdl\cmsis/include/core_cm4.h **** #define MPU_RBAR_VALID_Msk                 (1UL << MPU_RBAR_VALID_Pos)                    /*!< MPU 
1267:Generated_Source\PSoC6\pdl\cmsis/include/core_cm4.h **** 
1268:Generated_Source\PSoC6\pdl\cmsis/include/core_cm4.h **** #define MPU_RBAR_REGION_Pos                 0U                                            /*!< MPU 
1269:Generated_Source\PSoC6\pdl\cmsis/include/core_cm4.h **** #define MPU_RBAR_REGION_Msk                (0xFUL /*<< MPU_RBAR_REGION_Pos*/)             /*!< MPU 
1270:Generated_Source\PSoC6\pdl\cmsis/include/core_cm4.h **** 
1271:Generated_Source\PSoC6\pdl\cmsis/include/core_cm4.h **** /* MPU Region Attribute and Size Register Definitions */
1272:Generated_Source\PSoC6\pdl\cmsis/include/core_cm4.h **** #define MPU_RASR_ATTRS_Pos                 16U                                            /*!< MPU 
1273:Generated_Source\PSoC6\pdl\cmsis/include/core_cm4.h **** #define MPU_RASR_ATTRS_Msk                 (0xFFFFUL << MPU_RASR_ATTRS_Pos)               /*!< MPU 
1274:Generated_Source\PSoC6\pdl\cmsis/include/core_cm4.h **** 
1275:Generated_Source\PSoC6\pdl\cmsis/include/core_cm4.h **** #define MPU_RASR_XN_Pos                    28U                                            /*!< MPU 
1276:Generated_Source\PSoC6\pdl\cmsis/include/core_cm4.h **** #define MPU_RASR_XN_Msk                    (1UL << MPU_RASR_XN_Pos)                       /*!< MPU 
1277:Generated_Source\PSoC6\pdl\cmsis/include/core_cm4.h **** 
1278:Generated_Source\PSoC6\pdl\cmsis/include/core_cm4.h **** #define MPU_RASR_AP_Pos                    24U                                            /*!< MPU 
1279:Generated_Source\PSoC6\pdl\cmsis/include/core_cm4.h **** #define MPU_RASR_AP_Msk                    (0x7UL << MPU_RASR_AP_Pos)                     /*!< MPU 
1280:Generated_Source\PSoC6\pdl\cmsis/include/core_cm4.h **** 
1281:Generated_Source\PSoC6\pdl\cmsis/include/core_cm4.h **** #define MPU_RASR_TEX_Pos                   19U                                            /*!< MPU 
1282:Generated_Source\PSoC6\pdl\cmsis/include/core_cm4.h **** #define MPU_RASR_TEX_Msk                   (0x7UL << MPU_RASR_TEX_Pos)                    /*!< MPU 
1283:Generated_Source\PSoC6\pdl\cmsis/include/core_cm4.h **** 
1284:Generated_Source\PSoC6\pdl\cmsis/include/core_cm4.h **** #define MPU_RASR_S_Pos                     18U                                            /*!< MPU 
1285:Generated_Source\PSoC6\pdl\cmsis/include/core_cm4.h **** #define MPU_RASR_S_Msk                     (1UL << MPU_RASR_S_Pos)                        /*!< MPU 
1286:Generated_Source\PSoC6\pdl\cmsis/include/core_cm4.h **** 
1287:Generated_Source\PSoC6\pdl\cmsis/include/core_cm4.h **** #define MPU_RASR_C_Pos                     17U                                            /*!< MPU 
1288:Generated_Source\PSoC6\pdl\cmsis/include/core_cm4.h **** #define MPU_RASR_C_Msk                     (1UL << MPU_RASR_C_Pos)                        /*!< MPU 
1289:Generated_Source\PSoC6\pdl\cmsis/include/core_cm4.h **** 
1290:Generated_Source\PSoC6\pdl\cmsis/include/core_cm4.h **** #define MPU_RASR_B_Pos                     16U                                            /*!< MPU 
1291:Generated_Source\PSoC6\pdl\cmsis/include/core_cm4.h **** #define MPU_RASR_B_Msk                     (1UL << MPU_RASR_B_Pos)                        /*!< MPU 
1292:Generated_Source\PSoC6\pdl\cmsis/include/core_cm4.h **** 
1293:Generated_Source\PSoC6\pdl\cmsis/include/core_cm4.h **** #define MPU_RASR_SRD_Pos                    8U                                            /*!< MPU 
1294:Generated_Source\PSoC6\pdl\cmsis/include/core_cm4.h **** #define MPU_RASR_SRD_Msk                   (0xFFUL << MPU_RASR_SRD_Pos)                   /*!< MPU 
1295:Generated_Source\PSoC6\pdl\cmsis/include/core_cm4.h **** 
1296:Generated_Source\PSoC6\pdl\cmsis/include/core_cm4.h **** #define MPU_RASR_SIZE_Pos                   1U                                            /*!< MPU 
1297:Generated_Source\PSoC6\pdl\cmsis/include/core_cm4.h **** #define MPU_RASR_SIZE_Msk                  (0x1FUL << MPU_RASR_SIZE_Pos)                  /*!< MPU 
1298:Generated_Source\PSoC6\pdl\cmsis/include/core_cm4.h **** 
1299:Generated_Source\PSoC6\pdl\cmsis/include/core_cm4.h **** #define MPU_RASR_ENABLE_Pos                 0U                                            /*!< MPU 
1300:Generated_Source\PSoC6\pdl\cmsis/include/core_cm4.h **** #define MPU_RASR_ENABLE_Msk                (1UL /*<< MPU_RASR_ENABLE_Pos*/)               /*!< MPU 
1301:Generated_Source\PSoC6\pdl\cmsis/include/core_cm4.h **** 
1302:Generated_Source\PSoC6\pdl\cmsis/include/core_cm4.h **** /*@} end of group CMSIS_MPU */
1303:Generated_Source\PSoC6\pdl\cmsis/include/core_cm4.h **** #endif /* defined (__MPU_PRESENT) && (__MPU_PRESENT == 1U) */
1304:Generated_Source\PSoC6\pdl\cmsis/include/core_cm4.h **** 
ARM GAS  C:\Users\Finik\AppData\Local\Temp\ccY85NDM.s 			page 36


1305:Generated_Source\PSoC6\pdl\cmsis/include/core_cm4.h **** 
1306:Generated_Source\PSoC6\pdl\cmsis/include/core_cm4.h **** /**
1307:Generated_Source\PSoC6\pdl\cmsis/include/core_cm4.h ****   \ingroup  CMSIS_core_register
1308:Generated_Source\PSoC6\pdl\cmsis/include/core_cm4.h ****   \defgroup CMSIS_FPU     Floating Point Unit (FPU)
1309:Generated_Source\PSoC6\pdl\cmsis/include/core_cm4.h ****   \brief    Type definitions for the Floating Point Unit (FPU)
1310:Generated_Source\PSoC6\pdl\cmsis/include/core_cm4.h ****   @{
1311:Generated_Source\PSoC6\pdl\cmsis/include/core_cm4.h ****  */
1312:Generated_Source\PSoC6\pdl\cmsis/include/core_cm4.h **** 
1313:Generated_Source\PSoC6\pdl\cmsis/include/core_cm4.h **** /**
1314:Generated_Source\PSoC6\pdl\cmsis/include/core_cm4.h ****   \brief  Structure type to access the Floating Point Unit (FPU).
1315:Generated_Source\PSoC6\pdl\cmsis/include/core_cm4.h ****  */
1316:Generated_Source\PSoC6\pdl\cmsis/include/core_cm4.h **** typedef struct
1317:Generated_Source\PSoC6\pdl\cmsis/include/core_cm4.h **** {
1318:Generated_Source\PSoC6\pdl\cmsis/include/core_cm4.h ****         uint32_t RESERVED0[1U];
1319:Generated_Source\PSoC6\pdl\cmsis/include/core_cm4.h ****   __IOM uint32_t FPCCR;                  /*!< Offset: 0x004 (R/W)  Floating-Point Context Control R
1320:Generated_Source\PSoC6\pdl\cmsis/include/core_cm4.h ****   __IOM uint32_t FPCAR;                  /*!< Offset: 0x008 (R/W)  Floating-Point Context Address R
1321:Generated_Source\PSoC6\pdl\cmsis/include/core_cm4.h ****   __IOM uint32_t FPDSCR;                 /*!< Offset: 0x00C (R/W)  Floating-Point Default Status Co
1322:Generated_Source\PSoC6\pdl\cmsis/include/core_cm4.h ****   __IM  uint32_t MVFR0;                  /*!< Offset: 0x010 (R/ )  Media and FP Feature Register 0 
1323:Generated_Source\PSoC6\pdl\cmsis/include/core_cm4.h ****   __IM  uint32_t MVFR1;                  /*!< Offset: 0x014 (R/ )  Media and FP Feature Register 1 
1324:Generated_Source\PSoC6\pdl\cmsis/include/core_cm4.h **** } FPU_Type;
1325:Generated_Source\PSoC6\pdl\cmsis/include/core_cm4.h **** 
1326:Generated_Source\PSoC6\pdl\cmsis/include/core_cm4.h **** /* Floating-Point Context Control Register Definitions */
1327:Generated_Source\PSoC6\pdl\cmsis/include/core_cm4.h **** #define FPU_FPCCR_ASPEN_Pos                31U                                            /*!< FPCC
1328:Generated_Source\PSoC6\pdl\cmsis/include/core_cm4.h **** #define FPU_FPCCR_ASPEN_Msk                (1UL << FPU_FPCCR_ASPEN_Pos)                   /*!< FPCC
1329:Generated_Source\PSoC6\pdl\cmsis/include/core_cm4.h **** 
1330:Generated_Source\PSoC6\pdl\cmsis/include/core_cm4.h **** #define FPU_FPCCR_LSPEN_Pos                30U                                            /*!< FPCC
1331:Generated_Source\PSoC6\pdl\cmsis/include/core_cm4.h **** #define FPU_FPCCR_LSPEN_Msk                (1UL << FPU_FPCCR_LSPEN_Pos)                   /*!< FPCC
1332:Generated_Source\PSoC6\pdl\cmsis/include/core_cm4.h **** 
1333:Generated_Source\PSoC6\pdl\cmsis/include/core_cm4.h **** #define FPU_FPCCR_MONRDY_Pos                8U                                            /*!< FPCC
1334:Generated_Source\PSoC6\pdl\cmsis/include/core_cm4.h **** #define FPU_FPCCR_MONRDY_Msk               (1UL << FPU_FPCCR_MONRDY_Pos)                  /*!< FPCC
1335:Generated_Source\PSoC6\pdl\cmsis/include/core_cm4.h **** 
1336:Generated_Source\PSoC6\pdl\cmsis/include/core_cm4.h **** #define FPU_FPCCR_BFRDY_Pos                 6U                                            /*!< FPCC
1337:Generated_Source\PSoC6\pdl\cmsis/include/core_cm4.h **** #define FPU_FPCCR_BFRDY_Msk                (1UL << FPU_FPCCR_BFRDY_Pos)                   /*!< FPCC
1338:Generated_Source\PSoC6\pdl\cmsis/include/core_cm4.h **** 
1339:Generated_Source\PSoC6\pdl\cmsis/include/core_cm4.h **** #define FPU_FPCCR_MMRDY_Pos                 5U                                            /*!< FPCC
1340:Generated_Source\PSoC6\pdl\cmsis/include/core_cm4.h **** #define FPU_FPCCR_MMRDY_Msk                (1UL << FPU_FPCCR_MMRDY_Pos)                   /*!< FPCC
1341:Generated_Source\PSoC6\pdl\cmsis/include/core_cm4.h **** 
1342:Generated_Source\PSoC6\pdl\cmsis/include/core_cm4.h **** #define FPU_FPCCR_HFRDY_Pos                 4U                                            /*!< FPCC
1343:Generated_Source\PSoC6\pdl\cmsis/include/core_cm4.h **** #define FPU_FPCCR_HFRDY_Msk                (1UL << FPU_FPCCR_HFRDY_Pos)                   /*!< FPCC
1344:Generated_Source\PSoC6\pdl\cmsis/include/core_cm4.h **** 
1345:Generated_Source\PSoC6\pdl\cmsis/include/core_cm4.h **** #define FPU_FPCCR_THREAD_Pos                3U                                            /*!< FPCC
1346:Generated_Source\PSoC6\pdl\cmsis/include/core_cm4.h **** #define FPU_FPCCR_THREAD_Msk               (1UL << FPU_FPCCR_THREAD_Pos)                  /*!< FPCC
1347:Generated_Source\PSoC6\pdl\cmsis/include/core_cm4.h **** 
1348:Generated_Source\PSoC6\pdl\cmsis/include/core_cm4.h **** #define FPU_FPCCR_USER_Pos                  1U                                            /*!< FPCC
1349:Generated_Source\PSoC6\pdl\cmsis/include/core_cm4.h **** #define FPU_FPCCR_USER_Msk                 (1UL << FPU_FPCCR_USER_Pos)                    /*!< FPCC
1350:Generated_Source\PSoC6\pdl\cmsis/include/core_cm4.h **** 
1351:Generated_Source\PSoC6\pdl\cmsis/include/core_cm4.h **** #define FPU_FPCCR_LSPACT_Pos                0U                                            /*!< FPCC
1352:Generated_Source\PSoC6\pdl\cmsis/include/core_cm4.h **** #define FPU_FPCCR_LSPACT_Msk               (1UL /*<< FPU_FPCCR_LSPACT_Pos*/)              /*!< FPCC
1353:Generated_Source\PSoC6\pdl\cmsis/include/core_cm4.h **** 
1354:Generated_Source\PSoC6\pdl\cmsis/include/core_cm4.h **** /* Floating-Point Context Address Register Definitions */
1355:Generated_Source\PSoC6\pdl\cmsis/include/core_cm4.h **** #define FPU_FPCAR_ADDRESS_Pos               3U                                            /*!< FPCA
1356:Generated_Source\PSoC6\pdl\cmsis/include/core_cm4.h **** #define FPU_FPCAR_ADDRESS_Msk              (0x1FFFFFFFUL << FPU_FPCAR_ADDRESS_Pos)        /*!< FPCA
1357:Generated_Source\PSoC6\pdl\cmsis/include/core_cm4.h **** 
1358:Generated_Source\PSoC6\pdl\cmsis/include/core_cm4.h **** /* Floating-Point Default Status Control Register Definitions */
1359:Generated_Source\PSoC6\pdl\cmsis/include/core_cm4.h **** #define FPU_FPDSCR_AHP_Pos                 26U                                            /*!< FPDS
1360:Generated_Source\PSoC6\pdl\cmsis/include/core_cm4.h **** #define FPU_FPDSCR_AHP_Msk                 (1UL << FPU_FPDSCR_AHP_Pos)                    /*!< FPDS
1361:Generated_Source\PSoC6\pdl\cmsis/include/core_cm4.h **** 
ARM GAS  C:\Users\Finik\AppData\Local\Temp\ccY85NDM.s 			page 37


1362:Generated_Source\PSoC6\pdl\cmsis/include/core_cm4.h **** #define FPU_FPDSCR_DN_Pos                  25U                                            /*!< FPDS
1363:Generated_Source\PSoC6\pdl\cmsis/include/core_cm4.h **** #define FPU_FPDSCR_DN_Msk                  (1UL << FPU_FPDSCR_DN_Pos)                     /*!< FPDS
1364:Generated_Source\PSoC6\pdl\cmsis/include/core_cm4.h **** 
1365:Generated_Source\PSoC6\pdl\cmsis/include/core_cm4.h **** #define FPU_FPDSCR_FZ_Pos                  24U                                            /*!< FPDS
1366:Generated_Source\PSoC6\pdl\cmsis/include/core_cm4.h **** #define FPU_FPDSCR_FZ_Msk                  (1UL << FPU_FPDSCR_FZ_Pos)                     /*!< FPDS
1367:Generated_Source\PSoC6\pdl\cmsis/include/core_cm4.h **** 
1368:Generated_Source\PSoC6\pdl\cmsis/include/core_cm4.h **** #define FPU_FPDSCR_RMode_Pos               22U                                            /*!< FPDS
1369:Generated_Source\PSoC6\pdl\cmsis/include/core_cm4.h **** #define FPU_FPDSCR_RMode_Msk               (3UL << FPU_FPDSCR_RMode_Pos)                  /*!< FPDS
1370:Generated_Source\PSoC6\pdl\cmsis/include/core_cm4.h **** 
1371:Generated_Source\PSoC6\pdl\cmsis/include/core_cm4.h **** /* Media and FP Feature Register 0 Definitions */
1372:Generated_Source\PSoC6\pdl\cmsis/include/core_cm4.h **** #define FPU_MVFR0_FP_rounding_modes_Pos    28U                                            /*!< MVFR
1373:Generated_Source\PSoC6\pdl\cmsis/include/core_cm4.h **** #define FPU_MVFR0_FP_rounding_modes_Msk    (0xFUL << FPU_MVFR0_FP_rounding_modes_Pos)     /*!< MVFR
1374:Generated_Source\PSoC6\pdl\cmsis/include/core_cm4.h **** 
1375:Generated_Source\PSoC6\pdl\cmsis/include/core_cm4.h **** #define FPU_MVFR0_Short_vectors_Pos        24U                                            /*!< MVFR
1376:Generated_Source\PSoC6\pdl\cmsis/include/core_cm4.h **** #define FPU_MVFR0_Short_vectors_Msk        (0xFUL << FPU_MVFR0_Short_vectors_Pos)         /*!< MVFR
1377:Generated_Source\PSoC6\pdl\cmsis/include/core_cm4.h **** 
1378:Generated_Source\PSoC6\pdl\cmsis/include/core_cm4.h **** #define FPU_MVFR0_Square_root_Pos          20U                                            /*!< MVFR
1379:Generated_Source\PSoC6\pdl\cmsis/include/core_cm4.h **** #define FPU_MVFR0_Square_root_Msk          (0xFUL << FPU_MVFR0_Square_root_Pos)           /*!< MVFR
1380:Generated_Source\PSoC6\pdl\cmsis/include/core_cm4.h **** 
1381:Generated_Source\PSoC6\pdl\cmsis/include/core_cm4.h **** #define FPU_MVFR0_Divide_Pos               16U                                            /*!< MVFR
1382:Generated_Source\PSoC6\pdl\cmsis/include/core_cm4.h **** #define FPU_MVFR0_Divide_Msk               (0xFUL << FPU_MVFR0_Divide_Pos)                /*!< MVFR
1383:Generated_Source\PSoC6\pdl\cmsis/include/core_cm4.h **** 
1384:Generated_Source\PSoC6\pdl\cmsis/include/core_cm4.h **** #define FPU_MVFR0_FP_excep_trapping_Pos    12U                                            /*!< MVFR
1385:Generated_Source\PSoC6\pdl\cmsis/include/core_cm4.h **** #define FPU_MVFR0_FP_excep_trapping_Msk    (0xFUL << FPU_MVFR0_FP_excep_trapping_Pos)     /*!< MVFR
1386:Generated_Source\PSoC6\pdl\cmsis/include/core_cm4.h **** 
1387:Generated_Source\PSoC6\pdl\cmsis/include/core_cm4.h **** #define FPU_MVFR0_Double_precision_Pos      8U                                            /*!< MVFR
1388:Generated_Source\PSoC6\pdl\cmsis/include/core_cm4.h **** #define FPU_MVFR0_Double_precision_Msk     (0xFUL << FPU_MVFR0_Double_precision_Pos)      /*!< MVFR
1389:Generated_Source\PSoC6\pdl\cmsis/include/core_cm4.h **** 
1390:Generated_Source\PSoC6\pdl\cmsis/include/core_cm4.h **** #define FPU_MVFR0_Single_precision_Pos      4U                                            /*!< MVFR
1391:Generated_Source\PSoC6\pdl\cmsis/include/core_cm4.h **** #define FPU_MVFR0_Single_precision_Msk     (0xFUL << FPU_MVFR0_Single_precision_Pos)      /*!< MVFR
1392:Generated_Source\PSoC6\pdl\cmsis/include/core_cm4.h **** 
1393:Generated_Source\PSoC6\pdl\cmsis/include/core_cm4.h **** #define FPU_MVFR0_A_SIMD_registers_Pos      0U                                            /*!< MVFR
1394:Generated_Source\PSoC6\pdl\cmsis/include/core_cm4.h **** #define FPU_MVFR0_A_SIMD_registers_Msk     (0xFUL /*<< FPU_MVFR0_A_SIMD_registers_Pos*/)  /*!< MVFR
1395:Generated_Source\PSoC6\pdl\cmsis/include/core_cm4.h **** 
1396:Generated_Source\PSoC6\pdl\cmsis/include/core_cm4.h **** /* Media and FP Feature Register 1 Definitions */
1397:Generated_Source\PSoC6\pdl\cmsis/include/core_cm4.h **** #define FPU_MVFR1_FP_fused_MAC_Pos         28U                                            /*!< MVFR
1398:Generated_Source\PSoC6\pdl\cmsis/include/core_cm4.h **** #define FPU_MVFR1_FP_fused_MAC_Msk         (0xFUL << FPU_MVFR1_FP_fused_MAC_Pos)          /*!< MVFR
1399:Generated_Source\PSoC6\pdl\cmsis/include/core_cm4.h **** 
1400:Generated_Source\PSoC6\pdl\cmsis/include/core_cm4.h **** #define FPU_MVFR1_FP_HPFP_Pos              24U                                            /*!< MVFR
1401:Generated_Source\PSoC6\pdl\cmsis/include/core_cm4.h **** #define FPU_MVFR1_FP_HPFP_Msk              (0xFUL << FPU_MVFR1_FP_HPFP_Pos)               /*!< MVFR
1402:Generated_Source\PSoC6\pdl\cmsis/include/core_cm4.h **** 
1403:Generated_Source\PSoC6\pdl\cmsis/include/core_cm4.h **** #define FPU_MVFR1_D_NaN_mode_Pos            4U                                            /*!< MVFR
1404:Generated_Source\PSoC6\pdl\cmsis/include/core_cm4.h **** #define FPU_MVFR1_D_NaN_mode_Msk           (0xFUL << FPU_MVFR1_D_NaN_mode_Pos)            /*!< MVFR
1405:Generated_Source\PSoC6\pdl\cmsis/include/core_cm4.h **** 
1406:Generated_Source\PSoC6\pdl\cmsis/include/core_cm4.h **** #define FPU_MVFR1_FtZ_mode_Pos              0U                                            /*!< MVFR
1407:Generated_Source\PSoC6\pdl\cmsis/include/core_cm4.h **** #define FPU_MVFR1_FtZ_mode_Msk             (0xFUL /*<< FPU_MVFR1_FtZ_mode_Pos*/)          /*!< MVFR
1408:Generated_Source\PSoC6\pdl\cmsis/include/core_cm4.h **** 
1409:Generated_Source\PSoC6\pdl\cmsis/include/core_cm4.h **** /*@} end of group CMSIS_FPU */
1410:Generated_Source\PSoC6\pdl\cmsis/include/core_cm4.h **** 
1411:Generated_Source\PSoC6\pdl\cmsis/include/core_cm4.h **** 
1412:Generated_Source\PSoC6\pdl\cmsis/include/core_cm4.h **** /**
1413:Generated_Source\PSoC6\pdl\cmsis/include/core_cm4.h ****   \ingroup  CMSIS_core_register
1414:Generated_Source\PSoC6\pdl\cmsis/include/core_cm4.h ****   \defgroup CMSIS_CoreDebug       Core Debug Registers (CoreDebug)
1415:Generated_Source\PSoC6\pdl\cmsis/include/core_cm4.h ****   \brief    Type definitions for the Core Debug Registers
1416:Generated_Source\PSoC6\pdl\cmsis/include/core_cm4.h ****   @{
1417:Generated_Source\PSoC6\pdl\cmsis/include/core_cm4.h ****  */
1418:Generated_Source\PSoC6\pdl\cmsis/include/core_cm4.h **** 
ARM GAS  C:\Users\Finik\AppData\Local\Temp\ccY85NDM.s 			page 38


1419:Generated_Source\PSoC6\pdl\cmsis/include/core_cm4.h **** /**
1420:Generated_Source\PSoC6\pdl\cmsis/include/core_cm4.h ****   \brief  Structure type to access the Core Debug Register (CoreDebug).
1421:Generated_Source\PSoC6\pdl\cmsis/include/core_cm4.h ****  */
1422:Generated_Source\PSoC6\pdl\cmsis/include/core_cm4.h **** typedef struct
1423:Generated_Source\PSoC6\pdl\cmsis/include/core_cm4.h **** {
1424:Generated_Source\PSoC6\pdl\cmsis/include/core_cm4.h ****   __IOM uint32_t DHCSR;                  /*!< Offset: 0x000 (R/W)  Debug Halting Control and Status
1425:Generated_Source\PSoC6\pdl\cmsis/include/core_cm4.h ****   __OM  uint32_t DCRSR;                  /*!< Offset: 0x004 ( /W)  Debug Core Register Selector Reg
1426:Generated_Source\PSoC6\pdl\cmsis/include/core_cm4.h ****   __IOM uint32_t DCRDR;                  /*!< Offset: 0x008 (R/W)  Debug Core Register Data Registe
1427:Generated_Source\PSoC6\pdl\cmsis/include/core_cm4.h ****   __IOM uint32_t DEMCR;                  /*!< Offset: 0x00C (R/W)  Debug Exception and Monitor Cont
1428:Generated_Source\PSoC6\pdl\cmsis/include/core_cm4.h **** } CoreDebug_Type;
1429:Generated_Source\PSoC6\pdl\cmsis/include/core_cm4.h **** 
1430:Generated_Source\PSoC6\pdl\cmsis/include/core_cm4.h **** /* Debug Halting Control and Status Register Definitions */
1431:Generated_Source\PSoC6\pdl\cmsis/include/core_cm4.h **** #define CoreDebug_DHCSR_DBGKEY_Pos         16U                                            /*!< Core
1432:Generated_Source\PSoC6\pdl\cmsis/include/core_cm4.h **** #define CoreDebug_DHCSR_DBGKEY_Msk         (0xFFFFUL << CoreDebug_DHCSR_DBGKEY_Pos)       /*!< Core
1433:Generated_Source\PSoC6\pdl\cmsis/include/core_cm4.h **** 
1434:Generated_Source\PSoC6\pdl\cmsis/include/core_cm4.h **** #define CoreDebug_DHCSR_S_RESET_ST_Pos     25U                                            /*!< Core
1435:Generated_Source\PSoC6\pdl\cmsis/include/core_cm4.h **** #define CoreDebug_DHCSR_S_RESET_ST_Msk     (1UL << CoreDebug_DHCSR_S_RESET_ST_Pos)        /*!< Core
1436:Generated_Source\PSoC6\pdl\cmsis/include/core_cm4.h **** 
1437:Generated_Source\PSoC6\pdl\cmsis/include/core_cm4.h **** #define CoreDebug_DHCSR_S_RETIRE_ST_Pos    24U                                            /*!< Core
1438:Generated_Source\PSoC6\pdl\cmsis/include/core_cm4.h **** #define CoreDebug_DHCSR_S_RETIRE_ST_Msk    (1UL << CoreDebug_DHCSR_S_RETIRE_ST_Pos)       /*!< Core
1439:Generated_Source\PSoC6\pdl\cmsis/include/core_cm4.h **** 
1440:Generated_Source\PSoC6\pdl\cmsis/include/core_cm4.h **** #define CoreDebug_DHCSR_S_LOCKUP_Pos       19U                                            /*!< Core
1441:Generated_Source\PSoC6\pdl\cmsis/include/core_cm4.h **** #define CoreDebug_DHCSR_S_LOCKUP_Msk       (1UL << CoreDebug_DHCSR_S_LOCKUP_Pos)          /*!< Core
1442:Generated_Source\PSoC6\pdl\cmsis/include/core_cm4.h **** 
1443:Generated_Source\PSoC6\pdl\cmsis/include/core_cm4.h **** #define CoreDebug_DHCSR_S_SLEEP_Pos        18U                                            /*!< Core
1444:Generated_Source\PSoC6\pdl\cmsis/include/core_cm4.h **** #define CoreDebug_DHCSR_S_SLEEP_Msk        (1UL << CoreDebug_DHCSR_S_SLEEP_Pos)           /*!< Core
1445:Generated_Source\PSoC6\pdl\cmsis/include/core_cm4.h **** 
1446:Generated_Source\PSoC6\pdl\cmsis/include/core_cm4.h **** #define CoreDebug_DHCSR_S_HALT_Pos         17U                                            /*!< Core
1447:Generated_Source\PSoC6\pdl\cmsis/include/core_cm4.h **** #define CoreDebug_DHCSR_S_HALT_Msk         (1UL << CoreDebug_DHCSR_S_HALT_Pos)            /*!< Core
1448:Generated_Source\PSoC6\pdl\cmsis/include/core_cm4.h **** 
1449:Generated_Source\PSoC6\pdl\cmsis/include/core_cm4.h **** #define CoreDebug_DHCSR_S_REGRDY_Pos       16U                                            /*!< Core
1450:Generated_Source\PSoC6\pdl\cmsis/include/core_cm4.h **** #define CoreDebug_DHCSR_S_REGRDY_Msk       (1UL << CoreDebug_DHCSR_S_REGRDY_Pos)          /*!< Core
1451:Generated_Source\PSoC6\pdl\cmsis/include/core_cm4.h **** 
1452:Generated_Source\PSoC6\pdl\cmsis/include/core_cm4.h **** #define CoreDebug_DHCSR_C_SNAPSTALL_Pos     5U                                            /*!< Core
1453:Generated_Source\PSoC6\pdl\cmsis/include/core_cm4.h **** #define CoreDebug_DHCSR_C_SNAPSTALL_Msk    (1UL << CoreDebug_DHCSR_C_SNAPSTALL_Pos)       /*!< Core
1454:Generated_Source\PSoC6\pdl\cmsis/include/core_cm4.h **** 
1455:Generated_Source\PSoC6\pdl\cmsis/include/core_cm4.h **** #define CoreDebug_DHCSR_C_MASKINTS_Pos      3U                                            /*!< Core
1456:Generated_Source\PSoC6\pdl\cmsis/include/core_cm4.h **** #define CoreDebug_DHCSR_C_MASKINTS_Msk     (1UL << CoreDebug_DHCSR_C_MASKINTS_Pos)        /*!< Core
1457:Generated_Source\PSoC6\pdl\cmsis/include/core_cm4.h **** 
1458:Generated_Source\PSoC6\pdl\cmsis/include/core_cm4.h **** #define CoreDebug_DHCSR_C_STEP_Pos          2U                                            /*!< Core
1459:Generated_Source\PSoC6\pdl\cmsis/include/core_cm4.h **** #define CoreDebug_DHCSR_C_STEP_Msk         (1UL << CoreDebug_DHCSR_C_STEP_Pos)            /*!< Core
1460:Generated_Source\PSoC6\pdl\cmsis/include/core_cm4.h **** 
1461:Generated_Source\PSoC6\pdl\cmsis/include/core_cm4.h **** #define CoreDebug_DHCSR_C_HALT_Pos          1U                                            /*!< Core
1462:Generated_Source\PSoC6\pdl\cmsis/include/core_cm4.h **** #define CoreDebug_DHCSR_C_HALT_Msk         (1UL << CoreDebug_DHCSR_C_HALT_Pos)            /*!< Core
1463:Generated_Source\PSoC6\pdl\cmsis/include/core_cm4.h **** 
1464:Generated_Source\PSoC6\pdl\cmsis/include/core_cm4.h **** #define CoreDebug_DHCSR_C_DEBUGEN_Pos       0U                                            /*!< Core
1465:Generated_Source\PSoC6\pdl\cmsis/include/core_cm4.h **** #define CoreDebug_DHCSR_C_DEBUGEN_Msk      (1UL /*<< CoreDebug_DHCSR_C_DEBUGEN_Pos*/)     /*!< Core
1466:Generated_Source\PSoC6\pdl\cmsis/include/core_cm4.h **** 
1467:Generated_Source\PSoC6\pdl\cmsis/include/core_cm4.h **** /* Debug Core Register Selector Register Definitions */
1468:Generated_Source\PSoC6\pdl\cmsis/include/core_cm4.h **** #define CoreDebug_DCRSR_REGWnR_Pos         16U                                            /*!< Core
1469:Generated_Source\PSoC6\pdl\cmsis/include/core_cm4.h **** #define CoreDebug_DCRSR_REGWnR_Msk         (1UL << CoreDebug_DCRSR_REGWnR_Pos)            /*!< Core
1470:Generated_Source\PSoC6\pdl\cmsis/include/core_cm4.h **** 
1471:Generated_Source\PSoC6\pdl\cmsis/include/core_cm4.h **** #define CoreDebug_DCRSR_REGSEL_Pos          0U                                            /*!< Core
1472:Generated_Source\PSoC6\pdl\cmsis/include/core_cm4.h **** #define CoreDebug_DCRSR_REGSEL_Msk         (0x1FUL /*<< CoreDebug_DCRSR_REGSEL_Pos*/)     /*!< Core
1473:Generated_Source\PSoC6\pdl\cmsis/include/core_cm4.h **** 
1474:Generated_Source\PSoC6\pdl\cmsis/include/core_cm4.h **** /* Debug Exception and Monitor Control Register Definitions */
1475:Generated_Source\PSoC6\pdl\cmsis/include/core_cm4.h **** #define CoreDebug_DEMCR_TRCENA_Pos         24U                                            /*!< Core
ARM GAS  C:\Users\Finik\AppData\Local\Temp\ccY85NDM.s 			page 39


1476:Generated_Source\PSoC6\pdl\cmsis/include/core_cm4.h **** #define CoreDebug_DEMCR_TRCENA_Msk         (1UL << CoreDebug_DEMCR_TRCENA_Pos)            /*!< Core
1477:Generated_Source\PSoC6\pdl\cmsis/include/core_cm4.h **** 
1478:Generated_Source\PSoC6\pdl\cmsis/include/core_cm4.h **** #define CoreDebug_DEMCR_MON_REQ_Pos        19U                                            /*!< Core
1479:Generated_Source\PSoC6\pdl\cmsis/include/core_cm4.h **** #define CoreDebug_DEMCR_MON_REQ_Msk        (1UL << CoreDebug_DEMCR_MON_REQ_Pos)           /*!< Core
1480:Generated_Source\PSoC6\pdl\cmsis/include/core_cm4.h **** 
1481:Generated_Source\PSoC6\pdl\cmsis/include/core_cm4.h **** #define CoreDebug_DEMCR_MON_STEP_Pos       18U                                            /*!< Core
1482:Generated_Source\PSoC6\pdl\cmsis/include/core_cm4.h **** #define CoreDebug_DEMCR_MON_STEP_Msk       (1UL << CoreDebug_DEMCR_MON_STEP_Pos)          /*!< Core
1483:Generated_Source\PSoC6\pdl\cmsis/include/core_cm4.h **** 
1484:Generated_Source\PSoC6\pdl\cmsis/include/core_cm4.h **** #define CoreDebug_DEMCR_MON_PEND_Pos       17U                                            /*!< Core
1485:Generated_Source\PSoC6\pdl\cmsis/include/core_cm4.h **** #define CoreDebug_DEMCR_MON_PEND_Msk       (1UL << CoreDebug_DEMCR_MON_PEND_Pos)          /*!< Core
1486:Generated_Source\PSoC6\pdl\cmsis/include/core_cm4.h **** 
1487:Generated_Source\PSoC6\pdl\cmsis/include/core_cm4.h **** #define CoreDebug_DEMCR_MON_EN_Pos         16U                                            /*!< Core
1488:Generated_Source\PSoC6\pdl\cmsis/include/core_cm4.h **** #define CoreDebug_DEMCR_MON_EN_Msk         (1UL << CoreDebug_DEMCR_MON_EN_Pos)            /*!< Core
1489:Generated_Source\PSoC6\pdl\cmsis/include/core_cm4.h **** 
1490:Generated_Source\PSoC6\pdl\cmsis/include/core_cm4.h **** #define CoreDebug_DEMCR_VC_HARDERR_Pos     10U                                            /*!< Core
1491:Generated_Source\PSoC6\pdl\cmsis/include/core_cm4.h **** #define CoreDebug_DEMCR_VC_HARDERR_Msk     (1UL << CoreDebug_DEMCR_VC_HARDERR_Pos)        /*!< Core
1492:Generated_Source\PSoC6\pdl\cmsis/include/core_cm4.h **** 
1493:Generated_Source\PSoC6\pdl\cmsis/include/core_cm4.h **** #define CoreDebug_DEMCR_VC_INTERR_Pos       9U                                            /*!< Core
1494:Generated_Source\PSoC6\pdl\cmsis/include/core_cm4.h **** #define CoreDebug_DEMCR_VC_INTERR_Msk      (1UL << CoreDebug_DEMCR_VC_INTERR_Pos)         /*!< Core
1495:Generated_Source\PSoC6\pdl\cmsis/include/core_cm4.h **** 
1496:Generated_Source\PSoC6\pdl\cmsis/include/core_cm4.h **** #define CoreDebug_DEMCR_VC_BUSERR_Pos       8U                                            /*!< Core
1497:Generated_Source\PSoC6\pdl\cmsis/include/core_cm4.h **** #define CoreDebug_DEMCR_VC_BUSERR_Msk      (1UL << CoreDebug_DEMCR_VC_BUSERR_Pos)         /*!< Core
1498:Generated_Source\PSoC6\pdl\cmsis/include/core_cm4.h **** 
1499:Generated_Source\PSoC6\pdl\cmsis/include/core_cm4.h **** #define CoreDebug_DEMCR_VC_STATERR_Pos      7U                                            /*!< Core
1500:Generated_Source\PSoC6\pdl\cmsis/include/core_cm4.h **** #define CoreDebug_DEMCR_VC_STATERR_Msk     (1UL << CoreDebug_DEMCR_VC_STATERR_Pos)        /*!< Core
1501:Generated_Source\PSoC6\pdl\cmsis/include/core_cm4.h **** 
1502:Generated_Source\PSoC6\pdl\cmsis/include/core_cm4.h **** #define CoreDebug_DEMCR_VC_CHKERR_Pos       6U                                            /*!< Core
1503:Generated_Source\PSoC6\pdl\cmsis/include/core_cm4.h **** #define CoreDebug_DEMCR_VC_CHKERR_Msk      (1UL << CoreDebug_DEMCR_VC_CHKERR_Pos)         /*!< Core
1504:Generated_Source\PSoC6\pdl\cmsis/include/core_cm4.h **** 
1505:Generated_Source\PSoC6\pdl\cmsis/include/core_cm4.h **** #define CoreDebug_DEMCR_VC_NOCPERR_Pos      5U                                            /*!< Core
1506:Generated_Source\PSoC6\pdl\cmsis/include/core_cm4.h **** #define CoreDebug_DEMCR_VC_NOCPERR_Msk     (1UL << CoreDebug_DEMCR_VC_NOCPERR_Pos)        /*!< Core
1507:Generated_Source\PSoC6\pdl\cmsis/include/core_cm4.h **** 
1508:Generated_Source\PSoC6\pdl\cmsis/include/core_cm4.h **** #define CoreDebug_DEMCR_VC_MMERR_Pos        4U                                            /*!< Core
1509:Generated_Source\PSoC6\pdl\cmsis/include/core_cm4.h **** #define CoreDebug_DEMCR_VC_MMERR_Msk       (1UL << CoreDebug_DEMCR_VC_MMERR_Pos)          /*!< Core
1510:Generated_Source\PSoC6\pdl\cmsis/include/core_cm4.h **** 
1511:Generated_Source\PSoC6\pdl\cmsis/include/core_cm4.h **** #define CoreDebug_DEMCR_VC_CORERESET_Pos    0U                                            /*!< Core
1512:Generated_Source\PSoC6\pdl\cmsis/include/core_cm4.h **** #define CoreDebug_DEMCR_VC_CORERESET_Msk   (1UL /*<< CoreDebug_DEMCR_VC_CORERESET_Pos*/)  /*!< Core
1513:Generated_Source\PSoC6\pdl\cmsis/include/core_cm4.h **** 
1514:Generated_Source\PSoC6\pdl\cmsis/include/core_cm4.h **** /*@} end of group CMSIS_CoreDebug */
1515:Generated_Source\PSoC6\pdl\cmsis/include/core_cm4.h **** 
1516:Generated_Source\PSoC6\pdl\cmsis/include/core_cm4.h **** 
1517:Generated_Source\PSoC6\pdl\cmsis/include/core_cm4.h **** /**
1518:Generated_Source\PSoC6\pdl\cmsis/include/core_cm4.h ****   \ingroup    CMSIS_core_register
1519:Generated_Source\PSoC6\pdl\cmsis/include/core_cm4.h ****   \defgroup   CMSIS_core_bitfield     Core register bit field macros
1520:Generated_Source\PSoC6\pdl\cmsis/include/core_cm4.h ****   \brief      Macros for use with bit field definitions (xxx_Pos, xxx_Msk).
1521:Generated_Source\PSoC6\pdl\cmsis/include/core_cm4.h ****   @{
1522:Generated_Source\PSoC6\pdl\cmsis/include/core_cm4.h ****  */
1523:Generated_Source\PSoC6\pdl\cmsis/include/core_cm4.h **** 
1524:Generated_Source\PSoC6\pdl\cmsis/include/core_cm4.h **** /**
1525:Generated_Source\PSoC6\pdl\cmsis/include/core_cm4.h ****   \brief   Mask and shift a bit field value for use in a register bit range.
1526:Generated_Source\PSoC6\pdl\cmsis/include/core_cm4.h ****   \param[in] field  Name of the register bit field.
1527:Generated_Source\PSoC6\pdl\cmsis/include/core_cm4.h ****   \param[in] value  Value of the bit field. This parameter is interpreted as an uint32_t type.
1528:Generated_Source\PSoC6\pdl\cmsis/include/core_cm4.h ****   \return           Masked and shifted value.
1529:Generated_Source\PSoC6\pdl\cmsis/include/core_cm4.h **** */
1530:Generated_Source\PSoC6\pdl\cmsis/include/core_cm4.h **** #define _VAL2FLD(field, value)    (((uint32_t)(value) << field ## _Pos) & field ## _Msk)
1531:Generated_Source\PSoC6\pdl\cmsis/include/core_cm4.h **** 
1532:Generated_Source\PSoC6\pdl\cmsis/include/core_cm4.h **** /**
ARM GAS  C:\Users\Finik\AppData\Local\Temp\ccY85NDM.s 			page 40


1533:Generated_Source\PSoC6\pdl\cmsis/include/core_cm4.h ****   \brief     Mask and shift a register value to extract a bit filed value.
1534:Generated_Source\PSoC6\pdl\cmsis/include/core_cm4.h ****   \param[in] field  Name of the register bit field.
1535:Generated_Source\PSoC6\pdl\cmsis/include/core_cm4.h ****   \param[in] value  Value of register. This parameter is interpreted as an uint32_t type.
1536:Generated_Source\PSoC6\pdl\cmsis/include/core_cm4.h ****   \return           Masked and shifted bit field value.
1537:Generated_Source\PSoC6\pdl\cmsis/include/core_cm4.h **** */
1538:Generated_Source\PSoC6\pdl\cmsis/include/core_cm4.h **** #define _FLD2VAL(field, value)    (((uint32_t)(value) & field ## _Msk) >> field ## _Pos)
1539:Generated_Source\PSoC6\pdl\cmsis/include/core_cm4.h **** 
1540:Generated_Source\PSoC6\pdl\cmsis/include/core_cm4.h **** /*@} end of group CMSIS_core_bitfield */
1541:Generated_Source\PSoC6\pdl\cmsis/include/core_cm4.h **** 
1542:Generated_Source\PSoC6\pdl\cmsis/include/core_cm4.h **** 
1543:Generated_Source\PSoC6\pdl\cmsis/include/core_cm4.h **** /**
1544:Generated_Source\PSoC6\pdl\cmsis/include/core_cm4.h ****   \ingroup    CMSIS_core_register
1545:Generated_Source\PSoC6\pdl\cmsis/include/core_cm4.h ****   \defgroup   CMSIS_core_base     Core Definitions
1546:Generated_Source\PSoC6\pdl\cmsis/include/core_cm4.h ****   \brief      Definitions for base addresses, unions, and structures.
1547:Generated_Source\PSoC6\pdl\cmsis/include/core_cm4.h ****   @{
1548:Generated_Source\PSoC6\pdl\cmsis/include/core_cm4.h ****  */
1549:Generated_Source\PSoC6\pdl\cmsis/include/core_cm4.h **** 
1550:Generated_Source\PSoC6\pdl\cmsis/include/core_cm4.h **** /* Memory mapping of Core Hardware */
1551:Generated_Source\PSoC6\pdl\cmsis/include/core_cm4.h **** #define SCS_BASE            (0xE000E000UL)                            /*!< System Control Space Bas
1552:Generated_Source\PSoC6\pdl\cmsis/include/core_cm4.h **** #define ITM_BASE            (0xE0000000UL)                            /*!< ITM Base Address */
1553:Generated_Source\PSoC6\pdl\cmsis/include/core_cm4.h **** #define DWT_BASE            (0xE0001000UL)                            /*!< DWT Base Address */
1554:Generated_Source\PSoC6\pdl\cmsis/include/core_cm4.h **** #define TPI_BASE            (0xE0040000UL)                            /*!< TPI Base Address */
1555:Generated_Source\PSoC6\pdl\cmsis/include/core_cm4.h **** #define CoreDebug_BASE      (0xE000EDF0UL)                            /*!< Core Debug Base Address 
1556:Generated_Source\PSoC6\pdl\cmsis/include/core_cm4.h **** #define SysTick_BASE        (SCS_BASE +  0x0010UL)                    /*!< SysTick Base Address */
1557:Generated_Source\PSoC6\pdl\cmsis/include/core_cm4.h **** #define NVIC_BASE           (SCS_BASE +  0x0100UL)                    /*!< NVIC Base Address */
1558:Generated_Source\PSoC6\pdl\cmsis/include/core_cm4.h **** #define SCB_BASE            (SCS_BASE +  0x0D00UL)                    /*!< System Control Block Bas
1559:Generated_Source\PSoC6\pdl\cmsis/include/core_cm4.h **** 
1560:Generated_Source\PSoC6\pdl\cmsis/include/core_cm4.h **** #define SCnSCB              ((SCnSCB_Type    *)     SCS_BASE      )   /*!< System control Register 
1561:Generated_Source\PSoC6\pdl\cmsis/include/core_cm4.h **** #define SCB                 ((SCB_Type       *)     SCB_BASE      )   /*!< SCB configuration struct
1562:Generated_Source\PSoC6\pdl\cmsis/include/core_cm4.h **** #define SysTick             ((SysTick_Type   *)     SysTick_BASE  )   /*!< SysTick configuration st
1563:Generated_Source\PSoC6\pdl\cmsis/include/core_cm4.h **** #define NVIC                ((NVIC_Type      *)     NVIC_BASE     )   /*!< NVIC configuration struc
1564:Generated_Source\PSoC6\pdl\cmsis/include/core_cm4.h **** #define ITM                 ((ITM_Type       *)     ITM_BASE      )   /*!< ITM configuration struct
1565:Generated_Source\PSoC6\pdl\cmsis/include/core_cm4.h **** #define DWT                 ((DWT_Type       *)     DWT_BASE      )   /*!< DWT configuration struct
1566:Generated_Source\PSoC6\pdl\cmsis/include/core_cm4.h **** #define TPI                 ((TPI_Type       *)     TPI_BASE      )   /*!< TPI configuration struct
1567:Generated_Source\PSoC6\pdl\cmsis/include/core_cm4.h **** #define CoreDebug           ((CoreDebug_Type *)     CoreDebug_BASE)   /*!< Core Debug configuration
1568:Generated_Source\PSoC6\pdl\cmsis/include/core_cm4.h **** 
1569:Generated_Source\PSoC6\pdl\cmsis/include/core_cm4.h **** #if defined (__MPU_PRESENT) && (__MPU_PRESENT == 1U)
1570:Generated_Source\PSoC6\pdl\cmsis/include/core_cm4.h ****   #define MPU_BASE          (SCS_BASE +  0x0D90UL)                    /*!< Memory Protection Unit *
1571:Generated_Source\PSoC6\pdl\cmsis/include/core_cm4.h ****   #define MPU               ((MPU_Type       *)     MPU_BASE      )   /*!< Memory Protection Unit *
1572:Generated_Source\PSoC6\pdl\cmsis/include/core_cm4.h **** #endif
1573:Generated_Source\PSoC6\pdl\cmsis/include/core_cm4.h **** 
1574:Generated_Source\PSoC6\pdl\cmsis/include/core_cm4.h **** #define FPU_BASE            (SCS_BASE +  0x0F30UL)                    /*!< Floating Point Unit */
1575:Generated_Source\PSoC6\pdl\cmsis/include/core_cm4.h **** #define FPU                 ((FPU_Type       *)     FPU_BASE      )   /*!< Floating Point Unit */
1576:Generated_Source\PSoC6\pdl\cmsis/include/core_cm4.h **** 
1577:Generated_Source\PSoC6\pdl\cmsis/include/core_cm4.h **** /*@} */
1578:Generated_Source\PSoC6\pdl\cmsis/include/core_cm4.h **** 
1579:Generated_Source\PSoC6\pdl\cmsis/include/core_cm4.h **** 
1580:Generated_Source\PSoC6\pdl\cmsis/include/core_cm4.h **** 
1581:Generated_Source\PSoC6\pdl\cmsis/include/core_cm4.h **** /*******************************************************************************
1582:Generated_Source\PSoC6\pdl\cmsis/include/core_cm4.h ****  *                Hardware Abstraction Layer
1583:Generated_Source\PSoC6\pdl\cmsis/include/core_cm4.h ****   Core Function Interface contains:
1584:Generated_Source\PSoC6\pdl\cmsis/include/core_cm4.h ****   - Core NVIC Functions
1585:Generated_Source\PSoC6\pdl\cmsis/include/core_cm4.h ****   - Core SysTick Functions
1586:Generated_Source\PSoC6\pdl\cmsis/include/core_cm4.h ****   - Core Debug Functions
1587:Generated_Source\PSoC6\pdl\cmsis/include/core_cm4.h ****   - Core Register Access Functions
1588:Generated_Source\PSoC6\pdl\cmsis/include/core_cm4.h ****  ******************************************************************************/
1589:Generated_Source\PSoC6\pdl\cmsis/include/core_cm4.h **** /**
ARM GAS  C:\Users\Finik\AppData\Local\Temp\ccY85NDM.s 			page 41


1590:Generated_Source\PSoC6\pdl\cmsis/include/core_cm4.h ****   \defgroup CMSIS_Core_FunctionInterface Functions and Instructions Reference
1591:Generated_Source\PSoC6\pdl\cmsis/include/core_cm4.h **** */
1592:Generated_Source\PSoC6\pdl\cmsis/include/core_cm4.h **** 
1593:Generated_Source\PSoC6\pdl\cmsis/include/core_cm4.h **** 
1594:Generated_Source\PSoC6\pdl\cmsis/include/core_cm4.h **** 
1595:Generated_Source\PSoC6\pdl\cmsis/include/core_cm4.h **** /* ##########################   NVIC functions  #################################### */
1596:Generated_Source\PSoC6\pdl\cmsis/include/core_cm4.h **** /**
1597:Generated_Source\PSoC6\pdl\cmsis/include/core_cm4.h ****   \ingroup  CMSIS_Core_FunctionInterface
1598:Generated_Source\PSoC6\pdl\cmsis/include/core_cm4.h ****   \defgroup CMSIS_Core_NVICFunctions NVIC Functions
1599:Generated_Source\PSoC6\pdl\cmsis/include/core_cm4.h ****   \brief    Functions that manage interrupts and exceptions via the NVIC.
1600:Generated_Source\PSoC6\pdl\cmsis/include/core_cm4.h ****   @{
1601:Generated_Source\PSoC6\pdl\cmsis/include/core_cm4.h ****  */
1602:Generated_Source\PSoC6\pdl\cmsis/include/core_cm4.h **** 
1603:Generated_Source\PSoC6\pdl\cmsis/include/core_cm4.h **** #ifdef CMSIS_NVIC_VIRTUAL
1604:Generated_Source\PSoC6\pdl\cmsis/include/core_cm4.h ****   #ifndef CMSIS_NVIC_VIRTUAL_HEADER_FILE
1605:Generated_Source\PSoC6\pdl\cmsis/include/core_cm4.h ****     #define CMSIS_NVIC_VIRTUAL_HEADER_FILE "cmsis_nvic_virtual.h"
1606:Generated_Source\PSoC6\pdl\cmsis/include/core_cm4.h ****   #endif
1607:Generated_Source\PSoC6\pdl\cmsis/include/core_cm4.h ****   #include CMSIS_NVIC_VIRTUAL_HEADER_FILE
1608:Generated_Source\PSoC6\pdl\cmsis/include/core_cm4.h **** #else
1609:Generated_Source\PSoC6\pdl\cmsis/include/core_cm4.h ****   #define NVIC_SetPriorityGrouping    __NVIC_SetPriorityGrouping
1610:Generated_Source\PSoC6\pdl\cmsis/include/core_cm4.h ****   #define NVIC_GetPriorityGrouping    __NVIC_GetPriorityGrouping
1611:Generated_Source\PSoC6\pdl\cmsis/include/core_cm4.h ****   #define NVIC_EnableIRQ              __NVIC_EnableIRQ
1612:Generated_Source\PSoC6\pdl\cmsis/include/core_cm4.h ****   #define NVIC_GetEnableIRQ           __NVIC_GetEnableIRQ
1613:Generated_Source\PSoC6\pdl\cmsis/include/core_cm4.h ****   #define NVIC_DisableIRQ             __NVIC_DisableIRQ
1614:Generated_Source\PSoC6\pdl\cmsis/include/core_cm4.h ****   #define NVIC_GetPendingIRQ          __NVIC_GetPendingIRQ
1615:Generated_Source\PSoC6\pdl\cmsis/include/core_cm4.h ****   #define NVIC_SetPendingIRQ          __NVIC_SetPendingIRQ
1616:Generated_Source\PSoC6\pdl\cmsis/include/core_cm4.h ****   #define NVIC_ClearPendingIRQ        __NVIC_ClearPendingIRQ
1617:Generated_Source\PSoC6\pdl\cmsis/include/core_cm4.h ****   #define NVIC_GetActive              __NVIC_GetActive
1618:Generated_Source\PSoC6\pdl\cmsis/include/core_cm4.h ****   #define NVIC_SetPriority            __NVIC_SetPriority
1619:Generated_Source\PSoC6\pdl\cmsis/include/core_cm4.h ****   #define NVIC_GetPriority            __NVIC_GetPriority
1620:Generated_Source\PSoC6\pdl\cmsis/include/core_cm4.h ****   #define NVIC_SystemReset            __NVIC_SystemReset
1621:Generated_Source\PSoC6\pdl\cmsis/include/core_cm4.h **** #endif /* CMSIS_NVIC_VIRTUAL */
1622:Generated_Source\PSoC6\pdl\cmsis/include/core_cm4.h **** 
1623:Generated_Source\PSoC6\pdl\cmsis/include/core_cm4.h **** #ifdef CMSIS_VECTAB_VIRTUAL
1624:Generated_Source\PSoC6\pdl\cmsis/include/core_cm4.h ****   #ifndef CMSIS_VECTAB_VIRTUAL_HEADER_FILE
1625:Generated_Source\PSoC6\pdl\cmsis/include/core_cm4.h ****    #define CMSIS_VECTAB_VIRTUAL_HEADER_FILE "cmsis_vectab_virtual.h"
1626:Generated_Source\PSoC6\pdl\cmsis/include/core_cm4.h ****   #endif
1627:Generated_Source\PSoC6\pdl\cmsis/include/core_cm4.h ****   #include CMSIS_VECTAB_VIRTUAL_HEADER_FILE
1628:Generated_Source\PSoC6\pdl\cmsis/include/core_cm4.h **** #else
1629:Generated_Source\PSoC6\pdl\cmsis/include/core_cm4.h ****   #define NVIC_SetVector              __NVIC_SetVector
1630:Generated_Source\PSoC6\pdl\cmsis/include/core_cm4.h ****   #define NVIC_GetVector              __NVIC_GetVector
1631:Generated_Source\PSoC6\pdl\cmsis/include/core_cm4.h **** #endif  /* (CMSIS_VECTAB_VIRTUAL) */
1632:Generated_Source\PSoC6\pdl\cmsis/include/core_cm4.h **** 
1633:Generated_Source\PSoC6\pdl\cmsis/include/core_cm4.h **** #define NVIC_USER_IRQ_OFFSET          16
1634:Generated_Source\PSoC6\pdl\cmsis/include/core_cm4.h **** 
1635:Generated_Source\PSoC6\pdl\cmsis/include/core_cm4.h **** 
1636:Generated_Source\PSoC6\pdl\cmsis/include/core_cm4.h **** 
1637:Generated_Source\PSoC6\pdl\cmsis/include/core_cm4.h **** /**
1638:Generated_Source\PSoC6\pdl\cmsis/include/core_cm4.h ****   \brief   Set Priority Grouping
1639:Generated_Source\PSoC6\pdl\cmsis/include/core_cm4.h ****   \details Sets the priority grouping field using the required unlock sequence.
1640:Generated_Source\PSoC6\pdl\cmsis/include/core_cm4.h ****            The parameter PriorityGroup is assigned to the field SCB->AIRCR [10:8] PRIGROUP field.
1641:Generated_Source\PSoC6\pdl\cmsis/include/core_cm4.h ****            Only values from 0..7 are used.
1642:Generated_Source\PSoC6\pdl\cmsis/include/core_cm4.h ****            In case of a conflict between priority grouping and available
1643:Generated_Source\PSoC6\pdl\cmsis/include/core_cm4.h ****            priority bits (__NVIC_PRIO_BITS), the smallest possible priority group is set.
1644:Generated_Source\PSoC6\pdl\cmsis/include/core_cm4.h ****   \param [in]      PriorityGroup  Priority grouping field.
1645:Generated_Source\PSoC6\pdl\cmsis/include/core_cm4.h ****  */
1646:Generated_Source\PSoC6\pdl\cmsis/include/core_cm4.h **** __STATIC_INLINE void __NVIC_SetPriorityGrouping(uint32_t PriorityGroup)
ARM GAS  C:\Users\Finik\AppData\Local\Temp\ccY85NDM.s 			page 42


1647:Generated_Source\PSoC6\pdl\cmsis/include/core_cm4.h **** {
1648:Generated_Source\PSoC6\pdl\cmsis/include/core_cm4.h ****   uint32_t reg_value;
1649:Generated_Source\PSoC6\pdl\cmsis/include/core_cm4.h ****   uint32_t PriorityGroupTmp = (PriorityGroup & (uint32_t)0x07UL);             /* only values 0..7 a
1650:Generated_Source\PSoC6\pdl\cmsis/include/core_cm4.h **** 
1651:Generated_Source\PSoC6\pdl\cmsis/include/core_cm4.h ****   reg_value  =  SCB->AIRCR;                                                   /* read old register 
1652:Generated_Source\PSoC6\pdl\cmsis/include/core_cm4.h ****   reg_value &= ~((uint32_t)(SCB_AIRCR_VECTKEY_Msk | SCB_AIRCR_PRIGROUP_Msk)); /* clear bits to chan
1653:Generated_Source\PSoC6\pdl\cmsis/include/core_cm4.h ****   reg_value  =  (reg_value                                   |
1654:Generated_Source\PSoC6\pdl\cmsis/include/core_cm4.h ****                 ((uint32_t)0x5FAUL << SCB_AIRCR_VECTKEY_Pos) |
1655:Generated_Source\PSoC6\pdl\cmsis/include/core_cm4.h ****                 (PriorityGroupTmp << SCB_AIRCR_PRIGROUP_Pos)  );              /* Insert write key a
1656:Generated_Source\PSoC6\pdl\cmsis/include/core_cm4.h ****   SCB->AIRCR =  reg_value;
1657:Generated_Source\PSoC6\pdl\cmsis/include/core_cm4.h **** }
1658:Generated_Source\PSoC6\pdl\cmsis/include/core_cm4.h **** 
1659:Generated_Source\PSoC6\pdl\cmsis/include/core_cm4.h **** 
1660:Generated_Source\PSoC6\pdl\cmsis/include/core_cm4.h **** /**
1661:Generated_Source\PSoC6\pdl\cmsis/include/core_cm4.h ****   \brief   Get Priority Grouping
1662:Generated_Source\PSoC6\pdl\cmsis/include/core_cm4.h ****   \details Reads the priority grouping field from the NVIC Interrupt Controller.
1663:Generated_Source\PSoC6\pdl\cmsis/include/core_cm4.h ****   \return                Priority grouping field (SCB->AIRCR [10:8] PRIGROUP field).
1664:Generated_Source\PSoC6\pdl\cmsis/include/core_cm4.h ****  */
1665:Generated_Source\PSoC6\pdl\cmsis/include/core_cm4.h **** __STATIC_INLINE uint32_t __NVIC_GetPriorityGrouping(void)
1666:Generated_Source\PSoC6\pdl\cmsis/include/core_cm4.h **** {
1667:Generated_Source\PSoC6\pdl\cmsis/include/core_cm4.h ****   return ((uint32_t)((SCB->AIRCR & SCB_AIRCR_PRIGROUP_Msk) >> SCB_AIRCR_PRIGROUP_Pos));
1668:Generated_Source\PSoC6\pdl\cmsis/include/core_cm4.h **** }
1669:Generated_Source\PSoC6\pdl\cmsis/include/core_cm4.h **** 
1670:Generated_Source\PSoC6\pdl\cmsis/include/core_cm4.h **** 
1671:Generated_Source\PSoC6\pdl\cmsis/include/core_cm4.h **** /**
1672:Generated_Source\PSoC6\pdl\cmsis/include/core_cm4.h ****   \brief   Enable Interrupt
1673:Generated_Source\PSoC6\pdl\cmsis/include/core_cm4.h ****   \details Enables a device specific interrupt in the NVIC interrupt controller.
1674:Generated_Source\PSoC6\pdl\cmsis/include/core_cm4.h ****   \param [in]      IRQn  Device specific interrupt number.
1675:Generated_Source\PSoC6\pdl\cmsis/include/core_cm4.h ****   \note    IRQn must not be negative.
1676:Generated_Source\PSoC6\pdl\cmsis/include/core_cm4.h ****  */
1677:Generated_Source\PSoC6\pdl\cmsis/include/core_cm4.h **** __STATIC_INLINE void __NVIC_EnableIRQ(IRQn_Type IRQn)
1678:Generated_Source\PSoC6\pdl\cmsis/include/core_cm4.h **** {
1679:Generated_Source\PSoC6\pdl\cmsis/include/core_cm4.h ****   if ((int32_t)(IRQn) >= 0)
1680:Generated_Source\PSoC6\pdl\cmsis/include/core_cm4.h ****   {
1681:Generated_Source\PSoC6\pdl\cmsis/include/core_cm4.h ****     NVIC->ISER[(((uint32_t)IRQn) >> 5UL)] = (uint32_t)(1UL << (((uint32_t)IRQn) & 0x1FUL));
1682:Generated_Source\PSoC6\pdl\cmsis/include/core_cm4.h ****   }
1683:Generated_Source\PSoC6\pdl\cmsis/include/core_cm4.h **** }
1684:Generated_Source\PSoC6\pdl\cmsis/include/core_cm4.h **** 
1685:Generated_Source\PSoC6\pdl\cmsis/include/core_cm4.h **** 
1686:Generated_Source\PSoC6\pdl\cmsis/include/core_cm4.h **** /**
1687:Generated_Source\PSoC6\pdl\cmsis/include/core_cm4.h ****   \brief   Get Interrupt Enable status
1688:Generated_Source\PSoC6\pdl\cmsis/include/core_cm4.h ****   \details Returns a device specific interrupt enable status from the NVIC interrupt controller.
1689:Generated_Source\PSoC6\pdl\cmsis/include/core_cm4.h ****   \param [in]      IRQn  Device specific interrupt number.
1690:Generated_Source\PSoC6\pdl\cmsis/include/core_cm4.h ****   \return             0  Interrupt is not enabled.
1691:Generated_Source\PSoC6\pdl\cmsis/include/core_cm4.h ****   \return             1  Interrupt is enabled.
1692:Generated_Source\PSoC6\pdl\cmsis/include/core_cm4.h ****   \note    IRQn must not be negative.
1693:Generated_Source\PSoC6\pdl\cmsis/include/core_cm4.h ****  */
1694:Generated_Source\PSoC6\pdl\cmsis/include/core_cm4.h **** __STATIC_INLINE uint32_t __NVIC_GetEnableIRQ(IRQn_Type IRQn)
1695:Generated_Source\PSoC6\pdl\cmsis/include/core_cm4.h **** {
1696:Generated_Source\PSoC6\pdl\cmsis/include/core_cm4.h ****   if ((int32_t)(IRQn) >= 0)
1697:Generated_Source\PSoC6\pdl\cmsis/include/core_cm4.h ****   {
1698:Generated_Source\PSoC6\pdl\cmsis/include/core_cm4.h ****     return((uint32_t)(((NVIC->ISER[(((uint32_t)IRQn) >> 5UL)] & (1UL << (((uint32_t)IRQn) & 0x1FUL)
1699:Generated_Source\PSoC6\pdl\cmsis/include/core_cm4.h ****   }
1700:Generated_Source\PSoC6\pdl\cmsis/include/core_cm4.h ****   else
1701:Generated_Source\PSoC6\pdl\cmsis/include/core_cm4.h ****   {
1702:Generated_Source\PSoC6\pdl\cmsis/include/core_cm4.h ****     return(0U);
1703:Generated_Source\PSoC6\pdl\cmsis/include/core_cm4.h ****   }
ARM GAS  C:\Users\Finik\AppData\Local\Temp\ccY85NDM.s 			page 43


1704:Generated_Source\PSoC6\pdl\cmsis/include/core_cm4.h **** }
1705:Generated_Source\PSoC6\pdl\cmsis/include/core_cm4.h **** 
1706:Generated_Source\PSoC6\pdl\cmsis/include/core_cm4.h **** 
1707:Generated_Source\PSoC6\pdl\cmsis/include/core_cm4.h **** /**
1708:Generated_Source\PSoC6\pdl\cmsis/include/core_cm4.h ****   \brief   Disable Interrupt
1709:Generated_Source\PSoC6\pdl\cmsis/include/core_cm4.h ****   \details Disables a device specific interrupt in the NVIC interrupt controller.
1710:Generated_Source\PSoC6\pdl\cmsis/include/core_cm4.h ****   \param [in]      IRQn  Device specific interrupt number.
1711:Generated_Source\PSoC6\pdl\cmsis/include/core_cm4.h ****   \note    IRQn must not be negative.
1712:Generated_Source\PSoC6\pdl\cmsis/include/core_cm4.h ****  */
1713:Generated_Source\PSoC6\pdl\cmsis/include/core_cm4.h **** __STATIC_INLINE void __NVIC_DisableIRQ(IRQn_Type IRQn)
1714:Generated_Source\PSoC6\pdl\cmsis/include/core_cm4.h **** {
1715:Generated_Source\PSoC6\pdl\cmsis/include/core_cm4.h ****   if ((int32_t)(IRQn) >= 0)
1716:Generated_Source\PSoC6\pdl\cmsis/include/core_cm4.h ****   {
1717:Generated_Source\PSoC6\pdl\cmsis/include/core_cm4.h ****     NVIC->ICER[(((uint32_t)IRQn) >> 5UL)] = (uint32_t)(1UL << (((uint32_t)IRQn) & 0x1FUL));
1718:Generated_Source\PSoC6\pdl\cmsis/include/core_cm4.h ****     __DSB();
1719:Generated_Source\PSoC6\pdl\cmsis/include/core_cm4.h ****     __ISB();
1720:Generated_Source\PSoC6\pdl\cmsis/include/core_cm4.h ****   }
1721:Generated_Source\PSoC6\pdl\cmsis/include/core_cm4.h **** }
1722:Generated_Source\PSoC6\pdl\cmsis/include/core_cm4.h **** 
1723:Generated_Source\PSoC6\pdl\cmsis/include/core_cm4.h **** 
1724:Generated_Source\PSoC6\pdl\cmsis/include/core_cm4.h **** /**
1725:Generated_Source\PSoC6\pdl\cmsis/include/core_cm4.h ****   \brief   Get Pending Interrupt
1726:Generated_Source\PSoC6\pdl\cmsis/include/core_cm4.h ****   \details Reads the NVIC pending register and returns the pending bit for the specified device spe
1727:Generated_Source\PSoC6\pdl\cmsis/include/core_cm4.h ****   \param [in]      IRQn  Device specific interrupt number.
1728:Generated_Source\PSoC6\pdl\cmsis/include/core_cm4.h ****   \return             0  Interrupt status is not pending.
1729:Generated_Source\PSoC6\pdl\cmsis/include/core_cm4.h ****   \return             1  Interrupt status is pending.
1730:Generated_Source\PSoC6\pdl\cmsis/include/core_cm4.h ****   \note    IRQn must not be negative.
1731:Generated_Source\PSoC6\pdl\cmsis/include/core_cm4.h ****  */
1732:Generated_Source\PSoC6\pdl\cmsis/include/core_cm4.h **** __STATIC_INLINE uint32_t __NVIC_GetPendingIRQ(IRQn_Type IRQn)
1733:Generated_Source\PSoC6\pdl\cmsis/include/core_cm4.h **** {
1734:Generated_Source\PSoC6\pdl\cmsis/include/core_cm4.h ****   if ((int32_t)(IRQn) >= 0)
1735:Generated_Source\PSoC6\pdl\cmsis/include/core_cm4.h ****   {
1736:Generated_Source\PSoC6\pdl\cmsis/include/core_cm4.h ****     return((uint32_t)(((NVIC->ISPR[(((uint32_t)IRQn) >> 5UL)] & (1UL << (((uint32_t)IRQn) & 0x1FUL)
1737:Generated_Source\PSoC6\pdl\cmsis/include/core_cm4.h ****   }
1738:Generated_Source\PSoC6\pdl\cmsis/include/core_cm4.h ****   else
1739:Generated_Source\PSoC6\pdl\cmsis/include/core_cm4.h ****   {
1740:Generated_Source\PSoC6\pdl\cmsis/include/core_cm4.h ****     return(0U);
1741:Generated_Source\PSoC6\pdl\cmsis/include/core_cm4.h ****   }
1742:Generated_Source\PSoC6\pdl\cmsis/include/core_cm4.h **** }
1743:Generated_Source\PSoC6\pdl\cmsis/include/core_cm4.h **** 
1744:Generated_Source\PSoC6\pdl\cmsis/include/core_cm4.h **** 
1745:Generated_Source\PSoC6\pdl\cmsis/include/core_cm4.h **** /**
1746:Generated_Source\PSoC6\pdl\cmsis/include/core_cm4.h ****   \brief   Set Pending Interrupt
1747:Generated_Source\PSoC6\pdl\cmsis/include/core_cm4.h ****   \details Sets the pending bit of a device specific interrupt in the NVIC pending register.
1748:Generated_Source\PSoC6\pdl\cmsis/include/core_cm4.h ****   \param [in]      IRQn  Device specific interrupt number.
1749:Generated_Source\PSoC6\pdl\cmsis/include/core_cm4.h ****   \note    IRQn must not be negative.
1750:Generated_Source\PSoC6\pdl\cmsis/include/core_cm4.h ****  */
1751:Generated_Source\PSoC6\pdl\cmsis/include/core_cm4.h **** __STATIC_INLINE void __NVIC_SetPendingIRQ(IRQn_Type IRQn)
1752:Generated_Source\PSoC6\pdl\cmsis/include/core_cm4.h **** {
1753:Generated_Source\PSoC6\pdl\cmsis/include/core_cm4.h ****   if ((int32_t)(IRQn) >= 0)
1754:Generated_Source\PSoC6\pdl\cmsis/include/core_cm4.h ****   {
1755:Generated_Source\PSoC6\pdl\cmsis/include/core_cm4.h ****     NVIC->ISPR[(((uint32_t)IRQn) >> 5UL)] = (uint32_t)(1UL << (((uint32_t)IRQn) & 0x1FUL));
1756:Generated_Source\PSoC6\pdl\cmsis/include/core_cm4.h ****   }
1757:Generated_Source\PSoC6\pdl\cmsis/include/core_cm4.h **** }
1758:Generated_Source\PSoC6\pdl\cmsis/include/core_cm4.h **** 
1759:Generated_Source\PSoC6\pdl\cmsis/include/core_cm4.h **** 
1760:Generated_Source\PSoC6\pdl\cmsis/include/core_cm4.h **** /**
ARM GAS  C:\Users\Finik\AppData\Local\Temp\ccY85NDM.s 			page 44


1761:Generated_Source\PSoC6\pdl\cmsis/include/core_cm4.h ****   \brief   Clear Pending Interrupt
1762:Generated_Source\PSoC6\pdl\cmsis/include/core_cm4.h ****   \details Clears the pending bit of a device specific interrupt in the NVIC pending register.
1763:Generated_Source\PSoC6\pdl\cmsis/include/core_cm4.h ****   \param [in]      IRQn  Device specific interrupt number.
1764:Generated_Source\PSoC6\pdl\cmsis/include/core_cm4.h ****   \note    IRQn must not be negative.
1765:Generated_Source\PSoC6\pdl\cmsis/include/core_cm4.h ****  */
1766:Generated_Source\PSoC6\pdl\cmsis/include/core_cm4.h **** __STATIC_INLINE void __NVIC_ClearPendingIRQ(IRQn_Type IRQn)
1767:Generated_Source\PSoC6\pdl\cmsis/include/core_cm4.h **** {
1768:Generated_Source\PSoC6\pdl\cmsis/include/core_cm4.h ****   if ((int32_t)(IRQn) >= 0)
  54              		.loc 3 1768 0
  55 0012 002B     		cmp	r3, #0
  56 0014 09DB     		blt	.L2
1769:Generated_Source\PSoC6\pdl\cmsis/include/core_cm4.h ****   {
1770:Generated_Source\PSoC6\pdl\cmsis/include/core_cm4.h ****     NVIC->ICPR[(((uint32_t)IRQn) >> 5UL)] = (uint32_t)(1UL << (((uint32_t)IRQn) & 0x1FUL));
  57              		.loc 3 1770 0
  58 0016 5A09     		lsrs	r2, r3, #5
  59 0018 03F01F03 		and	r3, r3, #31
  60              	.LVL3:
  61 001c 0121     		movs	r1, #1
  62 001e 01FA03F3 		lsl	r3, r1, r3
  63 0022 6032     		adds	r2, r2, #96
  64 0024 0549     		ldr	r1, .L3+8
  65 0026 41F82230 		str	r3, [r1, r2, lsl #2]
  66              	.L2:
  67              	.LVL4:
  68              	.LBE39:
  69              	.LBE38:
  58:main_cm4.c    ****     LEDupdateFlag = true;
  70              		.loc 1 58 0
  71 002a 0122     		movs	r2, #1
  72 002c 044B     		ldr	r3, .L3+12
  73 002e 1A70     		strb	r2, [r3]
  74 0030 7047     		bx	lr
  75              	.L4:
  76 0032 00BF     		.align	2
  77              	.L3:
  78 0034 00003840 		.word	1077411840
  79 0038 00000000 		.word	SysInt_Timer_cfg
  80 003c 00E100E0 		.word	-536813312
  81 0040 00000000 		.word	.LANCHOR0
  82              		.cfi_endproc
  83              	.LFE558:
  84              		.size	Isr_Timer, .-Isr_Timer
  85              		.section	.text.UartInit,"ax",%progbits
  86              		.align	2
  87              		.global	UartInit
  88              		.thumb
  89              		.thumb_func
  90              		.type	UartInit, %function
  91              	UartInit:
  92              	.LFB556:
  39:main_cm4.c    ****     Cy_SCB_UART_Init(UART_HW, &UART_config, &UART_context);
  93              		.loc 1 39 0
  94              		.cfi_startproc
  95              		@ args = 0, pretend = 0, frame = 0
  96              		@ frame_needed = 0, uses_anonymous_args = 0
  97 0000 10B5     		push	{r4, lr}
  98              		.cfi_def_cfa_offset 8
ARM GAS  C:\Users\Finik\AppData\Local\Temp\ccY85NDM.s 			page 45


  99              		.cfi_offset 4, -8
 100              		.cfi_offset 14, -4
  40:main_cm4.c    ****     Cy_SCB_UART_Enable(UART_HW);
 101              		.loc 1 40 0
 102 0002 054C     		ldr	r4, .L7
 103 0004 054A     		ldr	r2, .L7+4
 104 0006 0649     		ldr	r1, .L7+8
 105 0008 2046     		mov	r0, r4
 106 000a FFF7FEFF 		bl	Cy_SCB_UART_Init
 107              	.LVL5:
 108              	.LBB40:
 109              	.LBB41:
 110              		.file 4 "Generated_Source\\PSoC6\\pdl\\drivers/peripheral/scb/cy_scb_uart.h"
   1:Generated_Source\PSoC6\pdl\drivers/peripheral/scb/cy_scb_uart.h **** /***************************************************************************//**
   2:Generated_Source\PSoC6\pdl\drivers/peripheral/scb/cy_scb_uart.h **** * \file cy_scb_uart.h
   3:Generated_Source\PSoC6\pdl\drivers/peripheral/scb/cy_scb_uart.h **** * \version 2.20
   4:Generated_Source\PSoC6\pdl\drivers/peripheral/scb/cy_scb_uart.h **** *
   5:Generated_Source\PSoC6\pdl\drivers/peripheral/scb/cy_scb_uart.h **** * Provides UART API declarations of the SCB driver.
   6:Generated_Source\PSoC6\pdl\drivers/peripheral/scb/cy_scb_uart.h **** *
   7:Generated_Source\PSoC6\pdl\drivers/peripheral/scb/cy_scb_uart.h **** ********************************************************************************
   8:Generated_Source\PSoC6\pdl\drivers/peripheral/scb/cy_scb_uart.h **** * \copyright
   9:Generated_Source\PSoC6\pdl\drivers/peripheral/scb/cy_scb_uart.h **** * Copyright 2016-2018, Cypress Semiconductor Corporation.  All rights reserved.
  10:Generated_Source\PSoC6\pdl\drivers/peripheral/scb/cy_scb_uart.h **** * You may use this file only in accordance with the license, terms, conditions,
  11:Generated_Source\PSoC6\pdl\drivers/peripheral/scb/cy_scb_uart.h **** * disclaimers, and limitations in the end user license agreement accompanying
  12:Generated_Source\PSoC6\pdl\drivers/peripheral/scb/cy_scb_uart.h **** * the software package with which this file was provided.
  13:Generated_Source\PSoC6\pdl\drivers/peripheral/scb/cy_scb_uart.h **** *******************************************************************************/
  14:Generated_Source\PSoC6\pdl\drivers/peripheral/scb/cy_scb_uart.h **** 
  15:Generated_Source\PSoC6\pdl\drivers/peripheral/scb/cy_scb_uart.h **** /**
  16:Generated_Source\PSoC6\pdl\drivers/peripheral/scb/cy_scb_uart.h **** * \addtogroup group_scb_uart
  17:Generated_Source\PSoC6\pdl\drivers/peripheral/scb/cy_scb_uart.h **** * \{
  18:Generated_Source\PSoC6\pdl\drivers/peripheral/scb/cy_scb_uart.h **** * Driver API for UART
  19:Generated_Source\PSoC6\pdl\drivers/peripheral/scb/cy_scb_uart.h **** *
  20:Generated_Source\PSoC6\pdl\drivers/peripheral/scb/cy_scb_uart.h **** * The functions and other declarations used in this part of the driver are in 
  21:Generated_Source\PSoC6\pdl\drivers/peripheral/scb/cy_scb_uart.h **** * cy_scb_uart.h. You can also include cy_pdl.h (ModusToolbox only) to get access 
  22:Generated_Source\PSoC6\pdl\drivers/peripheral/scb/cy_scb_uart.h **** * to all functions and declarations in the PDL.
  23:Generated_Source\PSoC6\pdl\drivers/peripheral/scb/cy_scb_uart.h **** *
  24:Generated_Source\PSoC6\pdl\drivers/peripheral/scb/cy_scb_uart.h **** * The Universal Asynchronous Receiver/Transmitter (UART) protocol is an 
  25:Generated_Source\PSoC6\pdl\drivers/peripheral/scb/cy_scb_uart.h **** * asynchronous serial interface protocol. UART communication is typically 
  26:Generated_Source\PSoC6\pdl\drivers/peripheral/scb/cy_scb_uart.h **** * point-to-point. The UART interface consists of two signals:
  27:Generated_Source\PSoC6\pdl\drivers/peripheral/scb/cy_scb_uart.h **** * * TX: Transmitter output
  28:Generated_Source\PSoC6\pdl\drivers/peripheral/scb/cy_scb_uart.h **** * * RX: Receiver input
  29:Generated_Source\PSoC6\pdl\drivers/peripheral/scb/cy_scb_uart.h **** *
  30:Generated_Source\PSoC6\pdl\drivers/peripheral/scb/cy_scb_uart.h **** * Additionally, two side-band signals are used to implement flow control in 
  31:Generated_Source\PSoC6\pdl\drivers/peripheral/scb/cy_scb_uart.h **** * UART. Note that the flow control applies only to TX functionality.
  32:Generated_Source\PSoC6\pdl\drivers/peripheral/scb/cy_scb_uart.h **** * * Clear to Send (CTS): This is an input signal to the transmitter. 
  33:Generated_Source\PSoC6\pdl\drivers/peripheral/scb/cy_scb_uart.h **** *   When active, it indicates that the slave is ready for the master to 
  34:Generated_Source\PSoC6\pdl\drivers/peripheral/scb/cy_scb_uart.h **** *   transmit data.
  35:Generated_Source\PSoC6\pdl\drivers/peripheral/scb/cy_scb_uart.h **** * * Ready to Send (RTS): This is an output signal from the receiver. When 
  36:Generated_Source\PSoC6\pdl\drivers/peripheral/scb/cy_scb_uart.h **** *   active, it indicates that the receiver is ready to receive data
  37:Generated_Source\PSoC6\pdl\drivers/peripheral/scb/cy_scb_uart.h **** *
  38:Generated_Source\PSoC6\pdl\drivers/peripheral/scb/cy_scb_uart.h **** * Features:
  39:Generated_Source\PSoC6\pdl\drivers/peripheral/scb/cy_scb_uart.h **** * * Supports UART protocol
  40:Generated_Source\PSoC6\pdl\drivers/peripheral/scb/cy_scb_uart.h **** *   * Standard UART
  41:Generated_Source\PSoC6\pdl\drivers/peripheral/scb/cy_scb_uart.h **** *   * Multi-processor mode
  42:Generated_Source\PSoC6\pdl\drivers/peripheral/scb/cy_scb_uart.h **** * * SmartCard (ISO7816) reader
  43:Generated_Source\PSoC6\pdl\drivers/peripheral/scb/cy_scb_uart.h **** * * IrDA
  44:Generated_Source\PSoC6\pdl\drivers/peripheral/scb/cy_scb_uart.h **** * * Data frame size programmable from 4 to 16 bits
ARM GAS  C:\Users\Finik\AppData\Local\Temp\ccY85NDM.s 			page 46


  45:Generated_Source\PSoC6\pdl\drivers/peripheral/scb/cy_scb_uart.h **** * * Programmable number of STOP bits, which can be set in terms of half bit 
  46:Generated_Source\PSoC6\pdl\drivers/peripheral/scb/cy_scb_uart.h **** *   periods between 1 and 4
  47:Generated_Source\PSoC6\pdl\drivers/peripheral/scb/cy_scb_uart.h **** * * Parity support (odd and even parity)
  48:Generated_Source\PSoC6\pdl\drivers/peripheral/scb/cy_scb_uart.h **** * * Median filter on Rx input
  49:Generated_Source\PSoC6\pdl\drivers/peripheral/scb/cy_scb_uart.h **** * * Programmable oversampling
  50:Generated_Source\PSoC6\pdl\drivers/peripheral/scb/cy_scb_uart.h **** * * Start skipping
  51:Generated_Source\PSoC6\pdl\drivers/peripheral/scb/cy_scb_uart.h **** *
  52:Generated_Source\PSoC6\pdl\drivers/peripheral/scb/cy_scb_uart.h **** ********************************************************************************
  53:Generated_Source\PSoC6\pdl\drivers/peripheral/scb/cy_scb_uart.h **** * \section group_scb_uart_configuration Configuration Considerations
  54:Generated_Source\PSoC6\pdl\drivers/peripheral/scb/cy_scb_uart.h **** ********************************************************************************
  55:Generated_Source\PSoC6\pdl\drivers/peripheral/scb/cy_scb_uart.h **** * The UART driver configuration can be divided to number of sequential
  56:Generated_Source\PSoC6\pdl\drivers/peripheral/scb/cy_scb_uart.h **** * steps listed below:
  57:Generated_Source\PSoC6\pdl\drivers/peripheral/scb/cy_scb_uart.h **** * * \ref group_scb_uart_config
  58:Generated_Source\PSoC6\pdl\drivers/peripheral/scb/cy_scb_uart.h **** * * \ref group_scb_uart_pins
  59:Generated_Source\PSoC6\pdl\drivers/peripheral/scb/cy_scb_uart.h **** * * \ref group_scb_uart_clock
  60:Generated_Source\PSoC6\pdl\drivers/peripheral/scb/cy_scb_uart.h **** * * \ref group_scb_uart_data_rate
  61:Generated_Source\PSoC6\pdl\drivers/peripheral/scb/cy_scb_uart.h **** * * \ref group_scb_uart_intr
  62:Generated_Source\PSoC6\pdl\drivers/peripheral/scb/cy_scb_uart.h **** * * \ref group_scb_uart_enable
  63:Generated_Source\PSoC6\pdl\drivers/peripheral/scb/cy_scb_uart.h **** *
  64:Generated_Source\PSoC6\pdl\drivers/peripheral/scb/cy_scb_uart.h **** * \note
  65:Generated_Source\PSoC6\pdl\drivers/peripheral/scb/cy_scb_uart.h **** * UART driver is built on top of the SCB hardware block. The SCB5 instance is
  66:Generated_Source\PSoC6\pdl\drivers/peripheral/scb/cy_scb_uart.h **** * used as an example for all code snippets. Modify the code to match your
  67:Generated_Source\PSoC6\pdl\drivers/peripheral/scb/cy_scb_uart.h **** * design.
  68:Generated_Source\PSoC6\pdl\drivers/peripheral/scb/cy_scb_uart.h **** *
  69:Generated_Source\PSoC6\pdl\drivers/peripheral/scb/cy_scb_uart.h **** ********************************************************************************
  70:Generated_Source\PSoC6\pdl\drivers/peripheral/scb/cy_scb_uart.h **** * \subsection group_scb_uart_config Configure UART
  71:Generated_Source\PSoC6\pdl\drivers/peripheral/scb/cy_scb_uart.h **** ********************************************************************************
  72:Generated_Source\PSoC6\pdl\drivers/peripheral/scb/cy_scb_uart.h **** * To set up the UART driver, provide the configuration parameters in the
  73:Generated_Source\PSoC6\pdl\drivers/peripheral/scb/cy_scb_uart.h **** * \ref cy_stc_scb_uart_config_t structure. For example: provide uartMode,
  74:Generated_Source\PSoC6\pdl\drivers/peripheral/scb/cy_scb_uart.h **** * oversample, dataWidth, enableMsbFirst, parity, and stopBits. The other
  75:Generated_Source\PSoC6\pdl\drivers/peripheral/scb/cy_scb_uart.h **** * parameters are optional. To initialize the driver, call \ref Cy_SCB_UART_Init 
  76:Generated_Source\PSoC6\pdl\drivers/peripheral/scb/cy_scb_uart.h **** * function providing a pointer to the populated \ref cy_stc_scb_uart_config_t 
  77:Generated_Source\PSoC6\pdl\drivers/peripheral/scb/cy_scb_uart.h **** * structure and the allocated \ref cy_stc_scb_uart_context_t structure.
  78:Generated_Source\PSoC6\pdl\drivers/peripheral/scb/cy_scb_uart.h **** *
  79:Generated_Source\PSoC6\pdl\drivers/peripheral/scb/cy_scb_uart.h **** * \snippet SCB_CompDatasheet_sut_01_revA.cydsn\uart_snippets.c UART_CFG
  80:Generated_Source\PSoC6\pdl\drivers/peripheral/scb/cy_scb_uart.h **** *
  81:Generated_Source\PSoC6\pdl\drivers/peripheral/scb/cy_scb_uart.h **** ********************************************************************************
  82:Generated_Source\PSoC6\pdl\drivers/peripheral/scb/cy_scb_uart.h **** * \subsection group_scb_uart_pins Assign and Configure Pins
  83:Generated_Source\PSoC6\pdl\drivers/peripheral/scb/cy_scb_uart.h **** ********************************************************************************
  84:Generated_Source\PSoC6\pdl\drivers/peripheral/scb/cy_scb_uart.h **** * Only dedicated SCB pins can be used for UART operation. The HSIOM
  85:Generated_Source\PSoC6\pdl\drivers/peripheral/scb/cy_scb_uart.h **** * register must be configured to connect dedicated SCB UART pins to the 
  86:Generated_Source\PSoC6\pdl\drivers/peripheral/scb/cy_scb_uart.h **** * SCB block. Also, the UART output pins must be configured in Strong Drive 
  87:Generated_Source\PSoC6\pdl\drivers/peripheral/scb/cy_scb_uart.h **** * Input Off mode and UART input pins in Digital High-Z:
  88:Generated_Source\PSoC6\pdl\drivers/peripheral/scb/cy_scb_uart.h **** *
  89:Generated_Source\PSoC6\pdl\drivers/peripheral/scb/cy_scb_uart.h **** * \snippet SCB_CompDatasheet_sut_01_revA.cydsn\uart_snippets.c UART_CFG_PINS
  90:Generated_Source\PSoC6\pdl\drivers/peripheral/scb/cy_scb_uart.h **** *
  91:Generated_Source\PSoC6\pdl\drivers/peripheral/scb/cy_scb_uart.h **** ********************************************************************************
  92:Generated_Source\PSoC6\pdl\drivers/peripheral/scb/cy_scb_uart.h **** * \subsection group_scb_uart_clock Assign Clock Divider
  93:Generated_Source\PSoC6\pdl\drivers/peripheral/scb/cy_scb_uart.h **** ********************************************************************************
  94:Generated_Source\PSoC6\pdl\drivers/peripheral/scb/cy_scb_uart.h **** * A clock source must be connected to the SCB block to oversample input and
  95:Generated_Source\PSoC6\pdl\drivers/peripheral/scb/cy_scb_uart.h **** * output signals, in this document this clock will be referred as clk_scb.
  96:Generated_Source\PSoC6\pdl\drivers/peripheral/scb/cy_scb_uart.h **** * You must use one of available integer or fractional dividers. Use the 
  97:Generated_Source\PSoC6\pdl\drivers/peripheral/scb/cy_scb_uart.h **** * \ref group_sysclk driver API to do this.
  98:Generated_Source\PSoC6\pdl\drivers/peripheral/scb/cy_scb_uart.h **** *
  99:Generated_Source\PSoC6\pdl\drivers/peripheral/scb/cy_scb_uart.h **** * \snippet SCB_CompDatasheet_sut_01_revA.cydsn\uart_snippets.c UART_CFG_ASSIGN_CLOCK
 100:Generated_Source\PSoC6\pdl\drivers/peripheral/scb/cy_scb_uart.h **** *
 101:Generated_Source\PSoC6\pdl\drivers/peripheral/scb/cy_scb_uart.h **** ********************************************************************************
ARM GAS  C:\Users\Finik\AppData\Local\Temp\ccY85NDM.s 			page 47


 102:Generated_Source\PSoC6\pdl\drivers/peripheral/scb/cy_scb_uart.h **** * \subsection group_scb_uart_data_rate Configure Baud Rate
 103:Generated_Source\PSoC6\pdl\drivers/peripheral/scb/cy_scb_uart.h **** ********************************************************************************
 104:Generated_Source\PSoC6\pdl\drivers/peripheral/scb/cy_scb_uart.h **** * To get the UART to operate with the desired baud rate, the clk_scb frequency
 105:Generated_Source\PSoC6\pdl\drivers/peripheral/scb/cy_scb_uart.h **** * and the oversample must be configured. Use the \ref group_sysclk driver API
 106:Generated_Source\PSoC6\pdl\drivers/peripheral/scb/cy_scb_uart.h **** * to configure clk_scb frequency. Set the <em><b>oversample parameter
 107:Generated_Source\PSoC6\pdl\drivers/peripheral/scb/cy_scb_uart.h **** * in configuration structure</b></em> to define the number of the SCB clocks
 108:Generated_Source\PSoC6\pdl\drivers/peripheral/scb/cy_scb_uart.h **** * within one UART bit-time.
 109:Generated_Source\PSoC6\pdl\drivers/peripheral/scb/cy_scb_uart.h **** *
 110:Generated_Source\PSoC6\pdl\drivers/peripheral/scb/cy_scb_uart.h **** * \snippet SCB_CompDatasheet_sut_01_revA.cydsn\uart_snippets.c UART_CFG_DATA_RATE
 111:Generated_Source\PSoC6\pdl\drivers/peripheral/scb/cy_scb_uart.h **** *
 112:Generated_Source\PSoC6\pdl\drivers/peripheral/scb/cy_scb_uart.h **** * <b>Refer to the technical reference manual (TRM) section UART sub-section
 113:Generated_Source\PSoC6\pdl\drivers/peripheral/scb/cy_scb_uart.h **** * Clocking and Oversampling to get information about how to configure the UART to run with
 114:Generated_Source\PSoC6\pdl\drivers/peripheral/scb/cy_scb_uart.h **** * desired baud rate.</b>
 115:Generated_Source\PSoC6\pdl\drivers/peripheral/scb/cy_scb_uart.h **** *
 116:Generated_Source\PSoC6\pdl\drivers/peripheral/scb/cy_scb_uart.h **** ********************************************************************************
 117:Generated_Source\PSoC6\pdl\drivers/peripheral/scb/cy_scb_uart.h **** * \subsection group_scb_uart_intr Configure Interrupt
 118:Generated_Source\PSoC6\pdl\drivers/peripheral/scb/cy_scb_uart.h **** ********************************************************************************
 119:Generated_Source\PSoC6\pdl\drivers/peripheral/scb/cy_scb_uart.h **** * The interrupt is optional for the UART operation. To configure interrupt
 120:Generated_Source\PSoC6\pdl\drivers/peripheral/scb/cy_scb_uart.h **** * the \ref Cy_SCB_UART_Interrupt function must be called in the interrupt
 121:Generated_Source\PSoC6\pdl\drivers/peripheral/scb/cy_scb_uart.h **** * handler for the selected SCB instance. Also, this interrupt must be enabled
 122:Generated_Source\PSoC6\pdl\drivers/peripheral/scb/cy_scb_uart.h **** * in the NVIC.
 123:Generated_Source\PSoC6\pdl\drivers/peripheral/scb/cy_scb_uart.h **** * The interrupt must be configured when \ref group_scb_uart_hl will be used.
 124:Generated_Source\PSoC6\pdl\drivers/peripheral/scb/cy_scb_uart.h **** *
 125:Generated_Source\PSoC6\pdl\drivers/peripheral/scb/cy_scb_uart.h **** * \snippet SCB_CompDatasheet_sut_01_revA.cydsn\uart_snippets.c UART_INTR_A
 126:Generated_Source\PSoC6\pdl\drivers/peripheral/scb/cy_scb_uart.h **** * \snippet SCB_CompDatasheet_sut_01_revA.cydsn\uart_snippets.c UART_INTR_B
 127:Generated_Source\PSoC6\pdl\drivers/peripheral/scb/cy_scb_uart.h **** *
 128:Generated_Source\PSoC6\pdl\drivers/peripheral/scb/cy_scb_uart.h **** ********************************************************************************
 129:Generated_Source\PSoC6\pdl\drivers/peripheral/scb/cy_scb_uart.h **** * \subsection group_scb_uart_enable Enable UART
 130:Generated_Source\PSoC6\pdl\drivers/peripheral/scb/cy_scb_uart.h **** ********************************************************************************
 131:Generated_Source\PSoC6\pdl\drivers/peripheral/scb/cy_scb_uart.h **** * Finally, enable the UART operation by calling \ref Cy_SCB_UART_Enable.
 132:Generated_Source\PSoC6\pdl\drivers/peripheral/scb/cy_scb_uart.h **** *
 133:Generated_Source\PSoC6\pdl\drivers/peripheral/scb/cy_scb_uart.h **** * \snippet SCB_CompDatasheet_sut_01_revA.cydsn\uart_snippets.c UART_ENABLE
 134:Generated_Source\PSoC6\pdl\drivers/peripheral/scb/cy_scb_uart.h **** *
 135:Generated_Source\PSoC6\pdl\drivers/peripheral/scb/cy_scb_uart.h **** ********************************************************************************
 136:Generated_Source\PSoC6\pdl\drivers/peripheral/scb/cy_scb_uart.h **** * \section group_scb_uart_use_cases Common Use Cases
 137:Generated_Source\PSoC6\pdl\drivers/peripheral/scb/cy_scb_uart.h **** ********************************************************************************
 138:Generated_Source\PSoC6\pdl\drivers/peripheral/scb/cy_scb_uart.h **** * The UART API is divided into two categories: \ref group_scb_uart_low_level_functions
 139:Generated_Source\PSoC6\pdl\drivers/peripheral/scb/cy_scb_uart.h **** * and \ref group_scb_uart_high_level_functions. \n
 140:Generated_Source\PSoC6\pdl\drivers/peripheral/scb/cy_scb_uart.h **** * <em>Do not mix <b>High-Level</b> and <b>Low-Level</b> API because a Low-Level
 141:Generated_Source\PSoC6\pdl\drivers/peripheral/scb/cy_scb_uart.h **** * API can adversely affect the operation of a High-Level API.</em>
 142:Generated_Source\PSoC6\pdl\drivers/peripheral/scb/cy_scb_uart.h **** *
 143:Generated_Source\PSoC6\pdl\drivers/peripheral/scb/cy_scb_uart.h **** ********************************************************************************
 144:Generated_Source\PSoC6\pdl\drivers/peripheral/scb/cy_scb_uart.h **** * \subsection group_scb_uart_ll Low-Level API
 145:Generated_Source\PSoC6\pdl\drivers/peripheral/scb/cy_scb_uart.h **** ********************************************************************************
 146:Generated_Source\PSoC6\pdl\drivers/peripheral/scb/cy_scb_uart.h **** * The \ref group_scb_uart_low_level_functions functions allow
 147:Generated_Source\PSoC6\pdl\drivers/peripheral/scb/cy_scb_uart.h **** * interacting directly with the hardware and do not use \ref Cy_SCB_UART_Interrupt.
 148:Generated_Source\PSoC6\pdl\drivers/peripheral/scb/cy_scb_uart.h **** * These functions do not require context for operation. Thus, NULL can be
 149:Generated_Source\PSoC6\pdl\drivers/peripheral/scb/cy_scb_uart.h **** * passed for context parameter in \ref Cy_SCB_UART_Init and \ref Cy_SCB_UART_Disable 
 150:Generated_Source\PSoC6\pdl\drivers/peripheral/scb/cy_scb_uart.h **** * instead of a pointer to the context structure.
 151:Generated_Source\PSoC6\pdl\drivers/peripheral/scb/cy_scb_uart.h **** *
 152:Generated_Source\PSoC6\pdl\drivers/peripheral/scb/cy_scb_uart.h **** * * To write data into the TX FIFO, use one of the provided functions:
 153:Generated_Source\PSoC6\pdl\drivers/peripheral/scb/cy_scb_uart.h **** *   \ref Cy_SCB_UART_Put, \ref Cy_SCB_UART_PutArray,
 154:Generated_Source\PSoC6\pdl\drivers/peripheral/scb/cy_scb_uart.h **** *   \ref Cy_SCB_UART_PutArrayBlocking or \ref Cy_SCB_UART_PutString.
 155:Generated_Source\PSoC6\pdl\drivers/peripheral/scb/cy_scb_uart.h **** *   Note that putting data into the TX FIFO starts data transfer.
 156:Generated_Source\PSoC6\pdl\drivers/peripheral/scb/cy_scb_uart.h **** *
 157:Generated_Source\PSoC6\pdl\drivers/peripheral/scb/cy_scb_uart.h **** * * To read data from the RX FIFO, use one of the provided functions:
 158:Generated_Source\PSoC6\pdl\drivers/peripheral/scb/cy_scb_uart.h **** *   \ref Cy_SCB_UART_Get, \ref Cy_SCB_UART_GetArray or
ARM GAS  C:\Users\Finik\AppData\Local\Temp\ccY85NDM.s 			page 48


 159:Generated_Source\PSoC6\pdl\drivers/peripheral/scb/cy_scb_uart.h **** *   \ref Cy_SCB_UART_GetArrayBlocking.
 160:Generated_Source\PSoC6\pdl\drivers/peripheral/scb/cy_scb_uart.h **** *
 161:Generated_Source\PSoC6\pdl\drivers/peripheral/scb/cy_scb_uart.h **** * * The statuses can be polled using: \ref Cy_SCB_UART_GetRxFifoStatus and
 162:Generated_Source\PSoC6\pdl\drivers/peripheral/scb/cy_scb_uart.h **** *   \ref Cy_SCB_UART_GetTxFifoStatus.
 163:Generated_Source\PSoC6\pdl\drivers/peripheral/scb/cy_scb_uart.h **** *   <em>The statuses are <b>W1C (Write 1 to Clear)</b> and after a status
 164:Generated_Source\PSoC6\pdl\drivers/peripheral/scb/cy_scb_uart.h **** *   is set, it must be cleared.</em> Note that there are statuses evaluated as level.
 165:Generated_Source\PSoC6\pdl\drivers/peripheral/scb/cy_scb_uart.h **** *   These statuses remain set until an event is true. Therefore, after the clear
 166:Generated_Source\PSoC6\pdl\drivers/peripheral/scb/cy_scb_uart.h **** *   operation, the status is cleared but then it is restored (if event is still
 167:Generated_Source\PSoC6\pdl\drivers/peripheral/scb/cy_scb_uart.h **** *   true).
 168:Generated_Source\PSoC6\pdl\drivers/peripheral/scb/cy_scb_uart.h **** *   Also, the following functions can be used for polling as well
 169:Generated_Source\PSoC6\pdl\drivers/peripheral/scb/cy_scb_uart.h **** *   \ref Cy_SCB_UART_IsTxComplete, \ref Cy_SCB_UART_GetNumInRxFifo and
 170:Generated_Source\PSoC6\pdl\drivers/peripheral/scb/cy_scb_uart.h **** *   \ref Cy_SCB_UART_GetNumInTxFifo.
 171:Generated_Source\PSoC6\pdl\drivers/peripheral/scb/cy_scb_uart.h **** *
 172:Generated_Source\PSoC6\pdl\drivers/peripheral/scb/cy_scb_uart.h **** * \snippet SCB_CompDatasheet_sut_01_revA.cydsn\uart_snippets.c UART_TRANSMIT_DATA_LL
 173:Generated_Source\PSoC6\pdl\drivers/peripheral/scb/cy_scb_uart.h **** *
 174:Generated_Source\PSoC6\pdl\drivers/peripheral/scb/cy_scb_uart.h **** ********************************************************************************
 175:Generated_Source\PSoC6\pdl\drivers/peripheral/scb/cy_scb_uart.h **** * \subsection group_scb_uart_hl High-Level API
 176:Generated_Source\PSoC6\pdl\drivers/peripheral/scb/cy_scb_uart.h **** ********************************************************************************
 177:Generated_Source\PSoC6\pdl\drivers/peripheral/scb/cy_scb_uart.h **** * The \ref group_scb_uart_high_level_functions API use \ref Cy_SCB_UART_Interrupt
 178:Generated_Source\PSoC6\pdl\drivers/peripheral/scb/cy_scb_uart.h **** * to execute the transfer. Call \ref Cy_SCB_UART_Transmit to start transmission.
 179:Generated_Source\PSoC6\pdl\drivers/peripheral/scb/cy_scb_uart.h **** * Call \ref Cy_SCB_UART_Receive to start receive operation. After the
 180:Generated_Source\PSoC6\pdl\drivers/peripheral/scb/cy_scb_uart.h **** * operation is started the \ref Cy_SCB_UART_Interrupt handles the data
 181:Generated_Source\PSoC6\pdl\drivers/peripheral/scb/cy_scb_uart.h **** * transfer until its completion.
 182:Generated_Source\PSoC6\pdl\drivers/peripheral/scb/cy_scb_uart.h **** * Therefore \ref Cy_SCB_UART_Interrupt must be called inside the user 
 183:Generated_Source\PSoC6\pdl\drivers/peripheral/scb/cy_scb_uart.h **** * interrupt handler to make the High-Level API work. To monitor status
 184:Generated_Source\PSoC6\pdl\drivers/peripheral/scb/cy_scb_uart.h **** * of transmit operation, use \ref Cy_SCB_UART_GetTransmitStatus and
 185:Generated_Source\PSoC6\pdl\drivers/peripheral/scb/cy_scb_uart.h **** * \ref Cy_SCB_UART_GetReceiveStatus to monitor receive status appropriately.
 186:Generated_Source\PSoC6\pdl\drivers/peripheral/scb/cy_scb_uart.h **** * Alternatively use \ref Cy_SCB_UART_RegisterCallback to register callback
 187:Generated_Source\PSoC6\pdl\drivers/peripheral/scb/cy_scb_uart.h **** * function to be notified about \ref group_scb_uart_macros_callback_events.
 188:Generated_Source\PSoC6\pdl\drivers/peripheral/scb/cy_scb_uart.h **** *
 189:Generated_Source\PSoC6\pdl\drivers/peripheral/scb/cy_scb_uart.h **** * <b>Receive Operation</b>
 190:Generated_Source\PSoC6\pdl\drivers/peripheral/scb/cy_scb_uart.h **** * \snippet SCB_CompDatasheet_sut_01_revA.cydsn\uart_snippets.c UART_RECEIVE_DATA_HL
 191:Generated_Source\PSoC6\pdl\drivers/peripheral/scb/cy_scb_uart.h **** *
 192:Generated_Source\PSoC6\pdl\drivers/peripheral/scb/cy_scb_uart.h **** * <b>Transmit Operation</b>
 193:Generated_Source\PSoC6\pdl\drivers/peripheral/scb/cy_scb_uart.h **** * \snippet SCB_CompDatasheet_sut_01_revA.cydsn\uart_snippets.c UART_TRANSMIT_DATA_HL
 194:Generated_Source\PSoC6\pdl\drivers/peripheral/scb/cy_scb_uart.h **** *
 195:Generated_Source\PSoC6\pdl\drivers/peripheral/scb/cy_scb_uart.h **** * There is also capability to insert a receive ring buffer that operates between
 196:Generated_Source\PSoC6\pdl\drivers/peripheral/scb/cy_scb_uart.h **** * the RX FIFO and the user buffer. The received data is copied into the ring
 197:Generated_Source\PSoC6\pdl\drivers/peripheral/scb/cy_scb_uart.h **** * buffer from the RX FIFO. This process runs in the background after the ring
 198:Generated_Source\PSoC6\pdl\drivers/peripheral/scb/cy_scb_uart.h **** * buffer operation is started by \ref Cy_SCB_UART_StartRingBuffer.
 199:Generated_Source\PSoC6\pdl\drivers/peripheral/scb/cy_scb_uart.h **** * When \ref Cy_SCB_UART_Receive is called, it first reads data from the ring
 200:Generated_Source\PSoC6\pdl\drivers/peripheral/scb/cy_scb_uart.h **** * buffer and then sets up an interrupt to receive more data if the required
 201:Generated_Source\PSoC6\pdl\drivers/peripheral/scb/cy_scb_uart.h **** * amount has not yet been read.
 202:Generated_Source\PSoC6\pdl\drivers/peripheral/scb/cy_scb_uart.h **** *
 203:Generated_Source\PSoC6\pdl\drivers/peripheral/scb/cy_scb_uart.h **** ********************************************************************************
 204:Generated_Source\PSoC6\pdl\drivers/peripheral/scb/cy_scb_uart.h **** * \section group_scb_uart_dma_trig DMA Trigger
 205:Generated_Source\PSoC6\pdl\drivers/peripheral/scb/cy_scb_uart.h **** ********************************************************************************
 206:Generated_Source\PSoC6\pdl\drivers/peripheral/scb/cy_scb_uart.h **** * The SCB provides TX and RX output trigger signals that can be routed to the
 207:Generated_Source\PSoC6\pdl\drivers/peripheral/scb/cy_scb_uart.h **** * DMA controller inputs. These signals are assigned based on the data availability
 208:Generated_Source\PSoC6\pdl\drivers/peripheral/scb/cy_scb_uart.h **** * in the TX and RX FIFOs appropriately.
 209:Generated_Source\PSoC6\pdl\drivers/peripheral/scb/cy_scb_uart.h **** *
 210:Generated_Source\PSoC6\pdl\drivers/peripheral/scb/cy_scb_uart.h **** * * The RX trigger signal is active while the number of data
 211:Generated_Source\PSoC6\pdl\drivers/peripheral/scb/cy_scb_uart.h **** *   elements in the RX FIFO is greater than the value of RX FIFO level. Use
 212:Generated_Source\PSoC6\pdl\drivers/peripheral/scb/cy_scb_uart.h **** *   function \ref Cy_SCB_SetRxFifoLevel or set configuration structure
 213:Generated_Source\PSoC6\pdl\drivers/peripheral/scb/cy_scb_uart.h **** *   rxFifoTriggerLevel parameter to configure RX FIFO level value. \n
 214:Generated_Source\PSoC6\pdl\drivers/peripheral/scb/cy_scb_uart.h **** *   <em>For example, the RX FIFO has 8 data elements and the RX FIFO level is 0.
 215:Generated_Source\PSoC6\pdl\drivers/peripheral/scb/cy_scb_uart.h **** *   The RX trigger signal is active until DMA reads all data from
ARM GAS  C:\Users\Finik\AppData\Local\Temp\ccY85NDM.s 			page 49


 216:Generated_Source\PSoC6\pdl\drivers/peripheral/scb/cy_scb_uart.h **** *   the RX FIFO.</em>
 217:Generated_Source\PSoC6\pdl\drivers/peripheral/scb/cy_scb_uart.h **** *
 218:Generated_Source\PSoC6\pdl\drivers/peripheral/scb/cy_scb_uart.h **** * * The TX trigger signal is active while the number of data elements
 219:Generated_Source\PSoC6\pdl\drivers/peripheral/scb/cy_scb_uart.h **** *   in the TX FIFO is less than the value of TX FIFO level. Use function
 220:Generated_Source\PSoC6\pdl\drivers/peripheral/scb/cy_scb_uart.h **** *   \ref Cy_SCB_SetTxFifoLevel or set configuration structure txFifoTriggerLevel
 221:Generated_Source\PSoC6\pdl\drivers/peripheral/scb/cy_scb_uart.h **** *   parameter to configure TX FIFO level value. \n
 222:Generated_Source\PSoC6\pdl\drivers/peripheral/scb/cy_scb_uart.h **** *   <em>For example, the TX FIFO has 0 data elements (empty) and the TX FIFO level
 223:Generated_Source\PSoC6\pdl\drivers/peripheral/scb/cy_scb_uart.h **** *   is 7. The TX trigger signal is active until DMA loads TX FIFO
 224:Generated_Source\PSoC6\pdl\drivers/peripheral/scb/cy_scb_uart.h **** *   with 8 data elements (note that after the first TX load operation, the data 
 225:Generated_Source\PSoC6\pdl\drivers/peripheral/scb/cy_scb_uart.h **** *   element goes to the shift register and TX FIFO is empty).</em>
 226:Generated_Source\PSoC6\pdl\drivers/peripheral/scb/cy_scb_uart.h **** *
 227:Generated_Source\PSoC6\pdl\drivers/peripheral/scb/cy_scb_uart.h **** * To route SCB TX or RX trigger signals to DMA controller use \ref group_trigmux
 228:Generated_Source\PSoC6\pdl\drivers/peripheral/scb/cy_scb_uart.h **** * driver API.
 229:Generated_Source\PSoC6\pdl\drivers/peripheral/scb/cy_scb_uart.h **** *
 230:Generated_Source\PSoC6\pdl\drivers/peripheral/scb/cy_scb_uart.h **** * \note
 231:Generated_Source\PSoC6\pdl\drivers/peripheral/scb/cy_scb_uart.h **** * To properly handle DMA level request signal activation and de-activation from the SCB
 232:Generated_Source\PSoC6\pdl\drivers/peripheral/scb/cy_scb_uart.h **** * peripheral block the DMA Descriptor typically must be configured to re-trigger
 233:Generated_Source\PSoC6\pdl\drivers/peripheral/scb/cy_scb_uart.h **** * after 16 Clk_Slow cycles.
 234:Generated_Source\PSoC6\pdl\drivers/peripheral/scb/cy_scb_uart.h **** *
 235:Generated_Source\PSoC6\pdl\drivers/peripheral/scb/cy_scb_uart.h **** ********************************************************************************
 236:Generated_Source\PSoC6\pdl\drivers/peripheral/scb/cy_scb_uart.h **** * \section group_scb_uart_lp Low Power Support
 237:Generated_Source\PSoC6\pdl\drivers/peripheral/scb/cy_scb_uart.h **** ********************************************************************************
 238:Generated_Source\PSoC6\pdl\drivers/peripheral/scb/cy_scb_uart.h **** * The UART driver provides callback functions to handle power mode
 239:Generated_Source\PSoC6\pdl\drivers/peripheral/scb/cy_scb_uart.h **** * transition. The callback \ref Cy_SCB_UART_DeepSleepCallback must be called
 240:Generated_Source\PSoC6\pdl\drivers/peripheral/scb/cy_scb_uart.h **** * during execution of \ref Cy_SysPm_CpuEnterDeepSleep \ref Cy_SCB_UART_HibernateCallback
 241:Generated_Source\PSoC6\pdl\drivers/peripheral/scb/cy_scb_uart.h **** * must be called during execution of \ref Cy_SysPm_SystemEnterHibernate. To trigger the
 242:Generated_Source\PSoC6\pdl\drivers/peripheral/scb/cy_scb_uart.h **** * callback execution, the callback must be registered before calling the
 243:Generated_Source\PSoC6\pdl\drivers/peripheral/scb/cy_scb_uart.h **** * power mode transition function. Refer to \ref group_syspm driver for more
 244:Generated_Source\PSoC6\pdl\drivers/peripheral/scb/cy_scb_uart.h **** * information about power mode transitions and callback registration.
 245:Generated_Source\PSoC6\pdl\drivers/peripheral/scb/cy_scb_uart.h **** *
 246:Generated_Source\PSoC6\pdl\drivers/peripheral/scb/cy_scb_uart.h **** * The UART is disabled during Deep Sleep and Hibernate and stops driving 
 247:Generated_Source\PSoC6\pdl\drivers/peripheral/scb/cy_scb_uart.h **** * the output pins. The state of the UART output pins TX and RTS is High-Z, 
 248:Generated_Source\PSoC6\pdl\drivers/peripheral/scb/cy_scb_uart.h **** * which can cause unexpected behavior of the UART receiver due to possible
 249:Generated_Source\PSoC6\pdl\drivers/peripheral/scb/cy_scb_uart.h **** * glitches on these lines. These pins must be set to the inactive state before 
 250:Generated_Source\PSoC6\pdl\drivers/peripheral/scb/cy_scb_uart.h **** * entering Deep Sleep or Hibernate mode.
 251:Generated_Source\PSoC6\pdl\drivers/peripheral/scb/cy_scb_uart.h **** * These pins must keep the inactive level (the same state 
 252:Generated_Source\PSoC6\pdl\drivers/peripheral/scb/cy_scb_uart.h **** * when UART TX is enabled and does not transfer data) before entering Deep 
 253:Generated_Source\PSoC6\pdl\drivers/peripheral/scb/cy_scb_uart.h **** * Sleep or Hibernate mode. To do that, write the GPIO data register of each pin 
 254:Generated_Source\PSoC6\pdl\drivers/peripheral/scb/cy_scb_uart.h **** * to the inactive level for each output pin. Then configure High-Speed Input 
 255:Generated_Source\PSoC6\pdl\drivers/peripheral/scb/cy_scb_uart.h **** * Output Multiplexer (HSIOM) of each pin to be controlled by the GPIO (use 
 256:Generated_Source\PSoC6\pdl\drivers/peripheral/scb/cy_scb_uart.h **** * \ref group_gpio driver API). After exiting Deep Sleep mode the UART 
 257:Generated_Source\PSoC6\pdl\drivers/peripheral/scb/cy_scb_uart.h **** * must be enabled and the pins configuration restored to return the 
 258:Generated_Source\PSoC6\pdl\drivers/peripheral/scb/cy_scb_uart.h **** * UART control of the pins (after exiting Hibernate mode, the 
 259:Generated_Source\PSoC6\pdl\drivers/peripheral/scb/cy_scb_uart.h **** * system initialization code does the same). Copy either or 
 260:Generated_Source\PSoC6\pdl\drivers/peripheral/scb/cy_scb_uart.h **** * both \ref Cy_SCB_UART_DeepSleepCallback and \ref Cy_SCB_UART_HibernateCallback 
 261:Generated_Source\PSoC6\pdl\drivers/peripheral/scb/cy_scb_uart.h **** * as appropriate, and make the changes described above inside the function.
 262:Generated_Source\PSoC6\pdl\drivers/peripheral/scb/cy_scb_uart.h **** * Alternately, external pull-up or pull-down resistors can be connected 
 263:Generated_Source\PSoC6\pdl\drivers/peripheral/scb/cy_scb_uart.h **** * to the appropriate UART lines to keep them inactive during Deep-Sleep or 
 264:Generated_Source\PSoC6\pdl\drivers/peripheral/scb/cy_scb_uart.h **** * Hibernate.
 265:Generated_Source\PSoC6\pdl\drivers/peripheral/scb/cy_scb_uart.h **** *
 266:Generated_Source\PSoC6\pdl\drivers/peripheral/scb/cy_scb_uart.h **** ********************************************************************************
 267:Generated_Source\PSoC6\pdl\drivers/peripheral/scb/cy_scb_uart.h **** * \section group_scb_uart_more_information More Information
 268:Generated_Source\PSoC6\pdl\drivers/peripheral/scb/cy_scb_uart.h **** ********************************************************************************
 269:Generated_Source\PSoC6\pdl\drivers/peripheral/scb/cy_scb_uart.h **** * For more information on the SCB peripheral, refer to the technical reference
 270:Generated_Source\PSoC6\pdl\drivers/peripheral/scb/cy_scb_uart.h **** * manual (TRM).
 271:Generated_Source\PSoC6\pdl\drivers/peripheral/scb/cy_scb_uart.h **** *
 272:Generated_Source\PSoC6\pdl\drivers/peripheral/scb/cy_scb_uart.h **** ********************************************************************************
ARM GAS  C:\Users\Finik\AppData\Local\Temp\ccY85NDM.s 			page 50


 273:Generated_Source\PSoC6\pdl\drivers/peripheral/scb/cy_scb_uart.h **** * \section group_scb_uart_MISRA MISRA-C Compliance
 274:Generated_Source\PSoC6\pdl\drivers/peripheral/scb/cy_scb_uart.h **** ********************************************************************************
 275:Generated_Source\PSoC6\pdl\drivers/peripheral/scb/cy_scb_uart.h **** * <table class="doxtable">
 276:Generated_Source\PSoC6\pdl\drivers/peripheral/scb/cy_scb_uart.h **** *   <tr>
 277:Generated_Source\PSoC6\pdl\drivers/peripheral/scb/cy_scb_uart.h **** *     <th>MISRA Rule</th>
 278:Generated_Source\PSoC6\pdl\drivers/peripheral/scb/cy_scb_uart.h **** *     <th>Rule Class (Required/Advisory)</th>
 279:Generated_Source\PSoC6\pdl\drivers/peripheral/scb/cy_scb_uart.h **** *     <th>Rule Description</th>
 280:Generated_Source\PSoC6\pdl\drivers/peripheral/scb/cy_scb_uart.h **** *     <th>Description of Deviation(s)</th>
 281:Generated_Source\PSoC6\pdl\drivers/peripheral/scb/cy_scb_uart.h **** *   </tr>
 282:Generated_Source\PSoC6\pdl\drivers/peripheral/scb/cy_scb_uart.h **** *   <tr>
 283:Generated_Source\PSoC6\pdl\drivers/peripheral/scb/cy_scb_uart.h **** *     <td>11.4</td>
 284:Generated_Source\PSoC6\pdl\drivers/peripheral/scb/cy_scb_uart.h **** *     <td>A</td>
 285:Generated_Source\PSoC6\pdl\drivers/peripheral/scb/cy_scb_uart.h **** *     <td>A cast should not be performed between a pointer to object type and
 286:Generated_Source\PSoC6\pdl\drivers/peripheral/scb/cy_scb_uart.h **** *         a different pointer to object type.</td>
 287:Generated_Source\PSoC6\pdl\drivers/peripheral/scb/cy_scb_uart.h **** *     <td>
 288:Generated_Source\PSoC6\pdl\drivers/peripheral/scb/cy_scb_uart.h **** *         * The pointer to the buffer memory is void to allow handling different
 289:Generated_Source\PSoC6\pdl\drivers/peripheral/scb/cy_scb_uart.h **** *         different data types: uint8_t (4-8 bits) or uint16_t (9-16 bits).
 290:Generated_Source\PSoC6\pdl\drivers/peripheral/scb/cy_scb_uart.h **** *         The cast operation is safe because the configuration is verified
 291:Generated_Source\PSoC6\pdl\drivers/peripheral/scb/cy_scb_uart.h **** *         before operation is performed.
 292:Generated_Source\PSoC6\pdl\drivers/peripheral/scb/cy_scb_uart.h **** *         * The functions \ref Cy_SCB_UART_DeepSleepCallback and
 293:Generated_Source\PSoC6\pdl\drivers/peripheral/scb/cy_scb_uart.h **** *         \ref Cy_SCB_UART_HibernateCallback are callback of
 294:Generated_Source\PSoC6\pdl\drivers/peripheral/scb/cy_scb_uart.h **** *         \ref cy_en_syspm_status_t type. The cast operation safety in these
 295:Generated_Source\PSoC6\pdl\drivers/peripheral/scb/cy_scb_uart.h **** *         functions becomes the user's responsibility because pointers are
 296:Generated_Source\PSoC6\pdl\drivers/peripheral/scb/cy_scb_uart.h **** *         initialized when callback is registered in SysPm driver.</td>
 297:Generated_Source\PSoC6\pdl\drivers/peripheral/scb/cy_scb_uart.h **** *   </tr>
 298:Generated_Source\PSoC6\pdl\drivers/peripheral/scb/cy_scb_uart.h **** *   <tr>
 299:Generated_Source\PSoC6\pdl\drivers/peripheral/scb/cy_scb_uart.h **** *     <td>14.2</td>
 300:Generated_Source\PSoC6\pdl\drivers/peripheral/scb/cy_scb_uart.h **** *     <td>R</td>
 301:Generated_Source\PSoC6\pdl\drivers/peripheral/scb/cy_scb_uart.h **** *     <td>All non-null statements shall either: a) have at least one side-effect
 302:Generated_Source\PSoC6\pdl\drivers/peripheral/scb/cy_scb_uart.h **** *         however executed, or b) cause control flow to change.</td>
 303:Generated_Source\PSoC6\pdl\drivers/peripheral/scb/cy_scb_uart.h **** *     <td>The unused function parameters are cast to void. This statement
 304:Generated_Source\PSoC6\pdl\drivers/peripheral/scb/cy_scb_uart.h **** *         has no side-effect and is used to suppress a compiler warning.</td>
 305:Generated_Source\PSoC6\pdl\drivers/peripheral/scb/cy_scb_uart.h **** *   </tr>
 306:Generated_Source\PSoC6\pdl\drivers/peripheral/scb/cy_scb_uart.h **** *   <tr>
 307:Generated_Source\PSoC6\pdl\drivers/peripheral/scb/cy_scb_uart.h **** *     <td>14.7</td>
 308:Generated_Source\PSoC6\pdl\drivers/peripheral/scb/cy_scb_uart.h **** *     <td>R</td>
 309:Generated_Source\PSoC6\pdl\drivers/peripheral/scb/cy_scb_uart.h **** *     <td>A function shall have a single point of exit at the end of the
 310:Generated_Source\PSoC6\pdl\drivers/peripheral/scb/cy_scb_uart.h **** *         function.</td>
 311:Generated_Source\PSoC6\pdl\drivers/peripheral/scb/cy_scb_uart.h **** *     <td>The functions can return from several points. This is done to improve
 312:Generated_Source\PSoC6\pdl\drivers/peripheral/scb/cy_scb_uart.h **** *         code clarity when returning error status code if input parameters
 313:Generated_Source\PSoC6\pdl\drivers/peripheral/scb/cy_scb_uart.h **** *         validation fails.</td>
 314:Generated_Source\PSoC6\pdl\drivers/peripheral/scb/cy_scb_uart.h **** *   </tr>
 315:Generated_Source\PSoC6\pdl\drivers/peripheral/scb/cy_scb_uart.h **** * </table>
 316:Generated_Source\PSoC6\pdl\drivers/peripheral/scb/cy_scb_uart.h **** *
 317:Generated_Source\PSoC6\pdl\drivers/peripheral/scb/cy_scb_uart.h **** * \section group_scb_uart_changelog Changelog
 318:Generated_Source\PSoC6\pdl\drivers/peripheral/scb/cy_scb_uart.h **** * <table class="doxtable">
 319:Generated_Source\PSoC6\pdl\drivers/peripheral/scb/cy_scb_uart.h **** *   <tr><th>Version</th><th>Changes</th><th>Reason for Change</th></tr>
 320:Generated_Source\PSoC6\pdl\drivers/peripheral/scb/cy_scb_uart.h **** *   <tr>
 321:Generated_Source\PSoC6\pdl\drivers/peripheral/scb/cy_scb_uart.h **** *     <td rowspan="2">2.20</td>
 322:Generated_Source\PSoC6\pdl\drivers/peripheral/scb/cy_scb_uart.h **** *     <td>Flattened the organization of the driver source code into the single 
 323:Generated_Source\PSoC6\pdl\drivers/peripheral/scb/cy_scb_uart.h **** *         source directory and the single include directory.
 324:Generated_Source\PSoC6\pdl\drivers/peripheral/scb/cy_scb_uart.h **** *     </td>
 325:Generated_Source\PSoC6\pdl\drivers/peripheral/scb/cy_scb_uart.h **** *     <td>Driver library directory-structure simplification.</td>
 326:Generated_Source\PSoC6\pdl\drivers/peripheral/scb/cy_scb_uart.h **** *   </tr>
 327:Generated_Source\PSoC6\pdl\drivers/peripheral/scb/cy_scb_uart.h **** *   <tr>
 328:Generated_Source\PSoC6\pdl\drivers/peripheral/scb/cy_scb_uart.h **** *     <td>Added register access layer. Use register access macros instead
 329:Generated_Source\PSoC6\pdl\drivers/peripheral/scb/cy_scb_uart.h **** *         of direct register access using dereferenced pointers.</td>
ARM GAS  C:\Users\Finik\AppData\Local\Temp\ccY85NDM.s 			page 51


 330:Generated_Source\PSoC6\pdl\drivers/peripheral/scb/cy_scb_uart.h **** *     <td>Makes register access device-independent, so that the PDL does 
 331:Generated_Source\PSoC6\pdl\drivers/peripheral/scb/cy_scb_uart.h **** *         not need to be recompiled for each supported part number.</td>
 332:Generated_Source\PSoC6\pdl\drivers/peripheral/scb/cy_scb_uart.h **** *   </tr>
 333:Generated_Source\PSoC6\pdl\drivers/peripheral/scb/cy_scb_uart.h **** *   <tr>
 334:Generated_Source\PSoC6\pdl\drivers/peripheral/scb/cy_scb_uart.h **** *     <td>2.10</td>
 335:Generated_Source\PSoC6\pdl\drivers/peripheral/scb/cy_scb_uart.h **** *     <td>None.</td>
 336:Generated_Source\PSoC6\pdl\drivers/peripheral/scb/cy_scb_uart.h **** *     <td>SCB I2C driver updated.</td>
 337:Generated_Source\PSoC6\pdl\drivers/peripheral/scb/cy_scb_uart.h **** *   </tr>
 338:Generated_Source\PSoC6\pdl\drivers/peripheral/scb/cy_scb_uart.h **** *   <tr>
 339:Generated_Source\PSoC6\pdl\drivers/peripheral/scb/cy_scb_uart.h **** *     <td rowspan="5">2.0</td>
 340:Generated_Source\PSoC6\pdl\drivers/peripheral/scb/cy_scb_uart.h **** *     <td>Added parameters validation for public API.</td>
 341:Generated_Source\PSoC6\pdl\drivers/peripheral/scb/cy_scb_uart.h **** *     <td></td>
 342:Generated_Source\PSoC6\pdl\drivers/peripheral/scb/cy_scb_uart.h **** *   </tr>
 343:Generated_Source\PSoC6\pdl\drivers/peripheral/scb/cy_scb_uart.h **** *   <tr>
 344:Generated_Source\PSoC6\pdl\drivers/peripheral/scb/cy_scb_uart.h **** *     <td>Replaced variables that have limited range of values with enumerated
 345:Generated_Source\PSoC6\pdl\drivers/peripheral/scb/cy_scb_uart.h **** *         types.</td>
 346:Generated_Source\PSoC6\pdl\drivers/peripheral/scb/cy_scb_uart.h **** *     <td></td>
 347:Generated_Source\PSoC6\pdl\drivers/peripheral/scb/cy_scb_uart.h **** *   </tr>
 348:Generated_Source\PSoC6\pdl\drivers/peripheral/scb/cy_scb_uart.h **** *   <tr>
 349:Generated_Source\PSoC6\pdl\drivers/peripheral/scb/cy_scb_uart.h **** *     <td>Added missing "cy_cb_" to the callback function type names.</td>
 350:Generated_Source\PSoC6\pdl\drivers/peripheral/scb/cy_scb_uart.h **** *     <td></td>
 351:Generated_Source\PSoC6\pdl\drivers/peripheral/scb/cy_scb_uart.h **** *   </tr>
 352:Generated_Source\PSoC6\pdl\drivers/peripheral/scb/cy_scb_uart.h **** *   <tr>
 353:Generated_Source\PSoC6\pdl\drivers/peripheral/scb/cy_scb_uart.h **** *     <td>Added function \ref Cy_SCB_UART_SendBreakBlocking for break condition
 354:Generated_Source\PSoC6\pdl\drivers/peripheral/scb/cy_scb_uart.h **** *         generation.</td>
 355:Generated_Source\PSoC6\pdl\drivers/peripheral/scb/cy_scb_uart.h **** *     <td></td>
 356:Generated_Source\PSoC6\pdl\drivers/peripheral/scb/cy_scb_uart.h **** *   </tr>
 357:Generated_Source\PSoC6\pdl\drivers/peripheral/scb/cy_scb_uart.h **** *   <tr>
 358:Generated_Source\PSoC6\pdl\drivers/peripheral/scb/cy_scb_uart.h **** *     <td>Fixed low power callbacks \ref Cy_SCB_UART_DeepSleepCallback and
 359:Generated_Source\PSoC6\pdl\drivers/peripheral/scb/cy_scb_uart.h **** *         \ref Cy_SCB_UART_HibernateCallback to prevent the device from entering
 360:Generated_Source\PSoC6\pdl\drivers/peripheral/scb/cy_scb_uart.h **** *         low power mode when RX FIFO is not empty.</td>
 361:Generated_Source\PSoC6\pdl\drivers/peripheral/scb/cy_scb_uart.h **** *     <td>The callbacks allowed entering device into low power mode when RX FIFO
 362:Generated_Source\PSoC6\pdl\drivers/peripheral/scb/cy_scb_uart.h **** *         had data.</td>
 363:Generated_Source\PSoC6\pdl\drivers/peripheral/scb/cy_scb_uart.h **** *   </tr>
 364:Generated_Source\PSoC6\pdl\drivers/peripheral/scb/cy_scb_uart.h **** *   <tr>
 365:Generated_Source\PSoC6\pdl\drivers/peripheral/scb/cy_scb_uart.h **** *     <td>1.0</td>
 366:Generated_Source\PSoC6\pdl\drivers/peripheral/scb/cy_scb_uart.h **** *     <td>Initial version.</td>
 367:Generated_Source\PSoC6\pdl\drivers/peripheral/scb/cy_scb_uart.h **** *     <td></td>
 368:Generated_Source\PSoC6\pdl\drivers/peripheral/scb/cy_scb_uart.h **** *   </tr>
 369:Generated_Source\PSoC6\pdl\drivers/peripheral/scb/cy_scb_uart.h **** * </table>
 370:Generated_Source\PSoC6\pdl\drivers/peripheral/scb/cy_scb_uart.h **** *
 371:Generated_Source\PSoC6\pdl\drivers/peripheral/scb/cy_scb_uart.h **** * \defgroup group_scb_uart_macros Macros
 372:Generated_Source\PSoC6\pdl\drivers/peripheral/scb/cy_scb_uart.h **** * \defgroup group_scb_uart_functions Functions
 373:Generated_Source\PSoC6\pdl\drivers/peripheral/scb/cy_scb_uart.h **** * \{
 374:Generated_Source\PSoC6\pdl\drivers/peripheral/scb/cy_scb_uart.h **** * \defgroup group_scb_uart_general_functions General
 375:Generated_Source\PSoC6\pdl\drivers/peripheral/scb/cy_scb_uart.h **** * \defgroup group_scb_uart_high_level_functions High-Level
 376:Generated_Source\PSoC6\pdl\drivers/peripheral/scb/cy_scb_uart.h **** * \defgroup group_scb_uart_low_level_functions Low-Level
 377:Generated_Source\PSoC6\pdl\drivers/peripheral/scb/cy_scb_uart.h **** * \defgroup group_scb_uart_interrupt_functions Interrupt
 378:Generated_Source\PSoC6\pdl\drivers/peripheral/scb/cy_scb_uart.h **** * \defgroup group_scb_uart_low_power_functions Low Power Callbacks
 379:Generated_Source\PSoC6\pdl\drivers/peripheral/scb/cy_scb_uart.h **** * \}
 380:Generated_Source\PSoC6\pdl\drivers/peripheral/scb/cy_scb_uart.h **** * \defgroup group_scb_uart_data_structures Data Structures
 381:Generated_Source\PSoC6\pdl\drivers/peripheral/scb/cy_scb_uart.h **** * \defgroup group_scb_uart_enums Enumerated Types
 382:Generated_Source\PSoC6\pdl\drivers/peripheral/scb/cy_scb_uart.h **** */
 383:Generated_Source\PSoC6\pdl\drivers/peripheral/scb/cy_scb_uart.h **** 
 384:Generated_Source\PSoC6\pdl\drivers/peripheral/scb/cy_scb_uart.h **** #if !defined(CY_SCB_UART_H)
 385:Generated_Source\PSoC6\pdl\drivers/peripheral/scb/cy_scb_uart.h **** #define CY_SCB_UART_H
 386:Generated_Source\PSoC6\pdl\drivers/peripheral/scb/cy_scb_uart.h **** 
ARM GAS  C:\Users\Finik\AppData\Local\Temp\ccY85NDM.s 			page 52


 387:Generated_Source\PSoC6\pdl\drivers/peripheral/scb/cy_scb_uart.h **** #include "cy_scb_common.h"
 388:Generated_Source\PSoC6\pdl\drivers/peripheral/scb/cy_scb_uart.h **** 
 389:Generated_Source\PSoC6\pdl\drivers/peripheral/scb/cy_scb_uart.h **** #if defined(__cplusplus)
 390:Generated_Source\PSoC6\pdl\drivers/peripheral/scb/cy_scb_uart.h **** extern "C" {
 391:Generated_Source\PSoC6\pdl\drivers/peripheral/scb/cy_scb_uart.h **** #endif
 392:Generated_Source\PSoC6\pdl\drivers/peripheral/scb/cy_scb_uart.h **** 
 393:Generated_Source\PSoC6\pdl\drivers/peripheral/scb/cy_scb_uart.h **** /***************************************
 394:Generated_Source\PSoC6\pdl\drivers/peripheral/scb/cy_scb_uart.h **** *          Enumerated Types
 395:Generated_Source\PSoC6\pdl\drivers/peripheral/scb/cy_scb_uart.h **** ***************************************/
 396:Generated_Source\PSoC6\pdl\drivers/peripheral/scb/cy_scb_uart.h **** 
 397:Generated_Source\PSoC6\pdl\drivers/peripheral/scb/cy_scb_uart.h **** /**
 398:Generated_Source\PSoC6\pdl\drivers/peripheral/scb/cy_scb_uart.h **** * \addtogroup group_scb_uart_enums
 399:Generated_Source\PSoC6\pdl\drivers/peripheral/scb/cy_scb_uart.h **** * \{
 400:Generated_Source\PSoC6\pdl\drivers/peripheral/scb/cy_scb_uart.h **** */
 401:Generated_Source\PSoC6\pdl\drivers/peripheral/scb/cy_scb_uart.h **** 
 402:Generated_Source\PSoC6\pdl\drivers/peripheral/scb/cy_scb_uart.h **** /** UART status codes */
 403:Generated_Source\PSoC6\pdl\drivers/peripheral/scb/cy_scb_uart.h **** typedef enum
 404:Generated_Source\PSoC6\pdl\drivers/peripheral/scb/cy_scb_uart.h **** {
 405:Generated_Source\PSoC6\pdl\drivers/peripheral/scb/cy_scb_uart.h ****     /** Operation completed successfully */
 406:Generated_Source\PSoC6\pdl\drivers/peripheral/scb/cy_scb_uart.h ****     CY_SCB_UART_SUCCESS = 0U,
 407:Generated_Source\PSoC6\pdl\drivers/peripheral/scb/cy_scb_uart.h **** 
 408:Generated_Source\PSoC6\pdl\drivers/peripheral/scb/cy_scb_uart.h ****     /** One or more of input parameters are invalid */
 409:Generated_Source\PSoC6\pdl\drivers/peripheral/scb/cy_scb_uart.h ****     CY_SCB_UART_BAD_PARAM = (CY_SCB_ID | CY_PDL_STATUS_ERROR | CY_SCB_UART_ID | 1U),
 410:Generated_Source\PSoC6\pdl\drivers/peripheral/scb/cy_scb_uart.h **** 
 411:Generated_Source\PSoC6\pdl\drivers/peripheral/scb/cy_scb_uart.h ****     /**
 412:Generated_Source\PSoC6\pdl\drivers/peripheral/scb/cy_scb_uart.h ****     * The UART is busy processing a receive operation.
 413:Generated_Source\PSoC6\pdl\drivers/peripheral/scb/cy_scb_uart.h ****     */
 414:Generated_Source\PSoC6\pdl\drivers/peripheral/scb/cy_scb_uart.h ****     CY_SCB_UART_RECEIVE_BUSY = (CY_SCB_ID | CY_PDL_STATUS_ERROR | CY_SCB_UART_ID | 2U),
 415:Generated_Source\PSoC6\pdl\drivers/peripheral/scb/cy_scb_uart.h **** 
 416:Generated_Source\PSoC6\pdl\drivers/peripheral/scb/cy_scb_uart.h ****     /**
 417:Generated_Source\PSoC6\pdl\drivers/peripheral/scb/cy_scb_uart.h ****     * The UART is busy processing a transmit operation.
 418:Generated_Source\PSoC6\pdl\drivers/peripheral/scb/cy_scb_uart.h ****     */
 419:Generated_Source\PSoC6\pdl\drivers/peripheral/scb/cy_scb_uart.h ****     CY_SCB_UART_TRANSMIT_BUSY = (CY_SCB_ID | CY_PDL_STATUS_ERROR | CY_SCB_UART_ID | 3U)
 420:Generated_Source\PSoC6\pdl\drivers/peripheral/scb/cy_scb_uart.h **** } cy_en_scb_uart_status_t;
 421:Generated_Source\PSoC6\pdl\drivers/peripheral/scb/cy_scb_uart.h **** 
 422:Generated_Source\PSoC6\pdl\drivers/peripheral/scb/cy_scb_uart.h **** /** UART Mode */
 423:Generated_Source\PSoC6\pdl\drivers/peripheral/scb/cy_scb_uart.h **** typedef enum
 424:Generated_Source\PSoC6\pdl\drivers/peripheral/scb/cy_scb_uart.h **** {
 425:Generated_Source\PSoC6\pdl\drivers/peripheral/scb/cy_scb_uart.h ****     CY_SCB_UART_STANDARD  = 0U, /**< Configures the SCB for Standard UART operation */
 426:Generated_Source\PSoC6\pdl\drivers/peripheral/scb/cy_scb_uart.h ****     CY_SCB_UART_SMARTCARD = 1U, /**< Configures the SCB for SmartCard operation */
 427:Generated_Source\PSoC6\pdl\drivers/peripheral/scb/cy_scb_uart.h ****     CY_SCB_UART_IRDA      = 2U, /**< Configures the SCB for IrDA operation */
 428:Generated_Source\PSoC6\pdl\drivers/peripheral/scb/cy_scb_uart.h **** } cy_en_scb_uart_mode_t;
 429:Generated_Source\PSoC6\pdl\drivers/peripheral/scb/cy_scb_uart.h **** 
 430:Generated_Source\PSoC6\pdl\drivers/peripheral/scb/cy_scb_uart.h **** /** UART Stop Bits */
 431:Generated_Source\PSoC6\pdl\drivers/peripheral/scb/cy_scb_uart.h **** typedef enum
 432:Generated_Source\PSoC6\pdl\drivers/peripheral/scb/cy_scb_uart.h **** {
 433:Generated_Source\PSoC6\pdl\drivers/peripheral/scb/cy_scb_uart.h ****     CY_SCB_UART_STOP_BITS_1   = 2U,  /**< UART looks for 1 Stop Bit    */
 434:Generated_Source\PSoC6\pdl\drivers/peripheral/scb/cy_scb_uart.h ****     CY_SCB_UART_STOP_BITS_1_5 = 3U,  /**< UART looks for 1.5 Stop Bits */
 435:Generated_Source\PSoC6\pdl\drivers/peripheral/scb/cy_scb_uart.h ****     CY_SCB_UART_STOP_BITS_2   = 4U,  /**< UART looks for 2 Stop Bits   */
 436:Generated_Source\PSoC6\pdl\drivers/peripheral/scb/cy_scb_uart.h ****     CY_SCB_UART_STOP_BITS_2_5 = 5U,  /**< UART looks for 2.5 Stop Bits */
 437:Generated_Source\PSoC6\pdl\drivers/peripheral/scb/cy_scb_uart.h ****     CY_SCB_UART_STOP_BITS_3   = 6U,  /**< UART looks for 3 Stop Bits   */
 438:Generated_Source\PSoC6\pdl\drivers/peripheral/scb/cy_scb_uart.h ****     CY_SCB_UART_STOP_BITS_3_5 = 7U,  /**< UART looks for 3.5 Stop Bits */
 439:Generated_Source\PSoC6\pdl\drivers/peripheral/scb/cy_scb_uart.h ****     CY_SCB_UART_STOP_BITS_4   = 8U,  /**< UART looks for 4 Stop Bits   */
 440:Generated_Source\PSoC6\pdl\drivers/peripheral/scb/cy_scb_uart.h **** } cy_en_scb_uart_stop_bits_t;
 441:Generated_Source\PSoC6\pdl\drivers/peripheral/scb/cy_scb_uart.h **** 
 442:Generated_Source\PSoC6\pdl\drivers/peripheral/scb/cy_scb_uart.h **** /** UART Parity */
 443:Generated_Source\PSoC6\pdl\drivers/peripheral/scb/cy_scb_uart.h **** typedef enum
ARM GAS  C:\Users\Finik\AppData\Local\Temp\ccY85NDM.s 			page 53


 444:Generated_Source\PSoC6\pdl\drivers/peripheral/scb/cy_scb_uart.h **** {
 445:Generated_Source\PSoC6\pdl\drivers/peripheral/scb/cy_scb_uart.h ****     CY_SCB_UART_PARITY_NONE = 0U,    /**< UART has no parity check   */
 446:Generated_Source\PSoC6\pdl\drivers/peripheral/scb/cy_scb_uart.h ****     CY_SCB_UART_PARITY_EVEN = 2U,    /**< UART has even parity check */
 447:Generated_Source\PSoC6\pdl\drivers/peripheral/scb/cy_scb_uart.h ****     CY_SCB_UART_PARITY_ODD  = 3U,    /**< UART has odd parity check  */
 448:Generated_Source\PSoC6\pdl\drivers/peripheral/scb/cy_scb_uart.h **** } cy_en_scb_uart_parity_t;
 449:Generated_Source\PSoC6\pdl\drivers/peripheral/scb/cy_scb_uart.h **** 
 450:Generated_Source\PSoC6\pdl\drivers/peripheral/scb/cy_scb_uart.h **** /** UART Polarity */
 451:Generated_Source\PSoC6\pdl\drivers/peripheral/scb/cy_scb_uart.h **** typedef enum
 452:Generated_Source\PSoC6\pdl\drivers/peripheral/scb/cy_scb_uart.h **** {
 453:Generated_Source\PSoC6\pdl\drivers/peripheral/scb/cy_scb_uart.h ****     CY_SCB_UART_ACTIVE_LOW  = 0U,   /**< Signal is active low */
 454:Generated_Source\PSoC6\pdl\drivers/peripheral/scb/cy_scb_uart.h ****     CY_SCB_UART_ACTIVE_HIGH = 1U,   /**< Signal is active high */
 455:Generated_Source\PSoC6\pdl\drivers/peripheral/scb/cy_scb_uart.h **** } cy_en_scb_uart_polarity_t;
 456:Generated_Source\PSoC6\pdl\drivers/peripheral/scb/cy_scb_uart.h **** /** \} group_scb_uart_enums */
 457:Generated_Source\PSoC6\pdl\drivers/peripheral/scb/cy_scb_uart.h **** 
 458:Generated_Source\PSoC6\pdl\drivers/peripheral/scb/cy_scb_uart.h **** 
 459:Generated_Source\PSoC6\pdl\drivers/peripheral/scb/cy_scb_uart.h **** /*******************************************************************************
 460:Generated_Source\PSoC6\pdl\drivers/peripheral/scb/cy_scb_uart.h **** *                           Type Definitions
 461:Generated_Source\PSoC6\pdl\drivers/peripheral/scb/cy_scb_uart.h **** *******************************************************************************/
 462:Generated_Source\PSoC6\pdl\drivers/peripheral/scb/cy_scb_uart.h **** 
 463:Generated_Source\PSoC6\pdl\drivers/peripheral/scb/cy_scb_uart.h **** /**
 464:Generated_Source\PSoC6\pdl\drivers/peripheral/scb/cy_scb_uart.h **** * \addtogroup group_scb_uart_data_structures
 465:Generated_Source\PSoC6\pdl\drivers/peripheral/scb/cy_scb_uart.h **** * \{
 466:Generated_Source\PSoC6\pdl\drivers/peripheral/scb/cy_scb_uart.h **** */
 467:Generated_Source\PSoC6\pdl\drivers/peripheral/scb/cy_scb_uart.h **** 
 468:Generated_Source\PSoC6\pdl\drivers/peripheral/scb/cy_scb_uart.h **** /**
 469:Generated_Source\PSoC6\pdl\drivers/peripheral/scb/cy_scb_uart.h **** * Provides the typedef for the callback function called in the
 470:Generated_Source\PSoC6\pdl\drivers/peripheral/scb/cy_scb_uart.h **** * \ref Cy_SCB_UART_Interrupt to notify the user about occurrences of
 471:Generated_Source\PSoC6\pdl\drivers/peripheral/scb/cy_scb_uart.h **** * \ref group_scb_uart_macros_callback_events.
 472:Generated_Source\PSoC6\pdl\drivers/peripheral/scb/cy_scb_uart.h **** */
 473:Generated_Source\PSoC6\pdl\drivers/peripheral/scb/cy_scb_uart.h **** typedef void (* cy_cb_scb_uart_handle_events_t)(uint32_t event);
 474:Generated_Source\PSoC6\pdl\drivers/peripheral/scb/cy_scb_uart.h **** 
 475:Generated_Source\PSoC6\pdl\drivers/peripheral/scb/cy_scb_uart.h **** /** UART configuration structure */
 476:Generated_Source\PSoC6\pdl\drivers/peripheral/scb/cy_scb_uart.h **** typedef struct stc_scb_uart_config
 477:Generated_Source\PSoC6\pdl\drivers/peripheral/scb/cy_scb_uart.h **** {
 478:Generated_Source\PSoC6\pdl\drivers/peripheral/scb/cy_scb_uart.h ****     /** Specifies the UART's mode of operation */
 479:Generated_Source\PSoC6\pdl\drivers/peripheral/scb/cy_scb_uart.h ****     cy_en_scb_uart_mode_t    uartMode;
 480:Generated_Source\PSoC6\pdl\drivers/peripheral/scb/cy_scb_uart.h **** 
 481:Generated_Source\PSoC6\pdl\drivers/peripheral/scb/cy_scb_uart.h ****     /**
 482:Generated_Source\PSoC6\pdl\drivers/peripheral/scb/cy_scb_uart.h ****     * Oversample factor for UART.
 483:Generated_Source\PSoC6\pdl\drivers/peripheral/scb/cy_scb_uart.h ****     * * The UART baud rate is the SCB Clock frequency / oversample
 484:Generated_Source\PSoC6\pdl\drivers/peripheral/scb/cy_scb_uart.h ****     *  (valid range is 8-16).
 485:Generated_Source\PSoC6\pdl\drivers/peripheral/scb/cy_scb_uart.h ****     * * For IrDA, the oversample is always 16, unless
 486:Generated_Source\PSoC6\pdl\drivers/peripheral/scb/cy_scb_uart.h ****     * \ref irdaEnableLowPowerReceiver is enabled. Then the oversample is
 487:Generated_Source\PSoC6\pdl\drivers/peripheral/scb/cy_scb_uart.h ****     * reduced to the \ref group_scb_uart_macros_irda_lp_ovs set.
 488:Generated_Source\PSoC6\pdl\drivers/peripheral/scb/cy_scb_uart.h ****     */
 489:Generated_Source\PSoC6\pdl\drivers/peripheral/scb/cy_scb_uart.h ****     uint32_t    oversample;
 490:Generated_Source\PSoC6\pdl\drivers/peripheral/scb/cy_scb_uart.h **** 
 491:Generated_Source\PSoC6\pdl\drivers/peripheral/scb/cy_scb_uart.h ****     /** The width of UART data (valid range is 5 to 9) */
 492:Generated_Source\PSoC6\pdl\drivers/peripheral/scb/cy_scb_uart.h ****     uint32_t    dataWidth;
 493:Generated_Source\PSoC6\pdl\drivers/peripheral/scb/cy_scb_uart.h **** 
 494:Generated_Source\PSoC6\pdl\drivers/peripheral/scb/cy_scb_uart.h ****     /**
 495:Generated_Source\PSoC6\pdl\drivers/peripheral/scb/cy_scb_uart.h ****     * Enables the hardware to shift out data element MSB first; otherwise,
 496:Generated_Source\PSoC6\pdl\drivers/peripheral/scb/cy_scb_uart.h ****     * LSB first
 497:Generated_Source\PSoC6\pdl\drivers/peripheral/scb/cy_scb_uart.h ****     */
 498:Generated_Source\PSoC6\pdl\drivers/peripheral/scb/cy_scb_uart.h ****     bool        enableMsbFirst;
 499:Generated_Source\PSoC6\pdl\drivers/peripheral/scb/cy_scb_uart.h **** 
 500:Generated_Source\PSoC6\pdl\drivers/peripheral/scb/cy_scb_uart.h ****     /**
ARM GAS  C:\Users\Finik\AppData\Local\Temp\ccY85NDM.s 			page 54


 501:Generated_Source\PSoC6\pdl\drivers/peripheral/scb/cy_scb_uart.h ****     * Specifies the number of stop bits in the UART transaction, in half-bit
 502:Generated_Source\PSoC6\pdl\drivers/peripheral/scb/cy_scb_uart.h ****     * increments
 503:Generated_Source\PSoC6\pdl\drivers/peripheral/scb/cy_scb_uart.h ****     */
 504:Generated_Source\PSoC6\pdl\drivers/peripheral/scb/cy_scb_uart.h ****     cy_en_scb_uart_stop_bits_t    stopBits;
 505:Generated_Source\PSoC6\pdl\drivers/peripheral/scb/cy_scb_uart.h **** 
 506:Generated_Source\PSoC6\pdl\drivers/peripheral/scb/cy_scb_uart.h ****     /** Configures the UART parity */
 507:Generated_Source\PSoC6\pdl\drivers/peripheral/scb/cy_scb_uart.h ****     cy_en_scb_uart_parity_t    parity;
 508:Generated_Source\PSoC6\pdl\drivers/peripheral/scb/cy_scb_uart.h **** 
 509:Generated_Source\PSoC6\pdl\drivers/peripheral/scb/cy_scb_uart.h ****     /**
 510:Generated_Source\PSoC6\pdl\drivers/peripheral/scb/cy_scb_uart.h ****     * Enables a digital 3-tap median filter (2 out of 3 voting) to be applied 
 511:Generated_Source\PSoC6\pdl\drivers/peripheral/scb/cy_scb_uart.h ****     * to the input of the RX FIFO to filter glitches on the line (for IrDA, 
 512:Generated_Source\PSoC6\pdl\drivers/peripheral/scb/cy_scb_uart.h ****     * this parameter is ignored)
 513:Generated_Source\PSoC6\pdl\drivers/peripheral/scb/cy_scb_uart.h ****     *
 514:Generated_Source\PSoC6\pdl\drivers/peripheral/scb/cy_scb_uart.h ****     */
 515:Generated_Source\PSoC6\pdl\drivers/peripheral/scb/cy_scb_uart.h ****     bool        enableInputFilter;
 516:Generated_Source\PSoC6\pdl\drivers/peripheral/scb/cy_scb_uart.h **** 
 517:Generated_Source\PSoC6\pdl\drivers/peripheral/scb/cy_scb_uart.h ****     /**
 518:Generated_Source\PSoC6\pdl\drivers/peripheral/scb/cy_scb_uart.h ****     * Enables the hardware to drop data in the RX FIFO when a parity error is
 519:Generated_Source\PSoC6\pdl\drivers/peripheral/scb/cy_scb_uart.h ****     * detected
 520:Generated_Source\PSoC6\pdl\drivers/peripheral/scb/cy_scb_uart.h ****     */
 521:Generated_Source\PSoC6\pdl\drivers/peripheral/scb/cy_scb_uart.h ****     bool        dropOnParityError;
 522:Generated_Source\PSoC6\pdl\drivers/peripheral/scb/cy_scb_uart.h **** 
 523:Generated_Source\PSoC6\pdl\drivers/peripheral/scb/cy_scb_uart.h ****     /**
 524:Generated_Source\PSoC6\pdl\drivers/peripheral/scb/cy_scb_uart.h ****     * Enables the hardware to drop data in the RX FIFO when a frame error is
 525:Generated_Source\PSoC6\pdl\drivers/peripheral/scb/cy_scb_uart.h ****     * detected
 526:Generated_Source\PSoC6\pdl\drivers/peripheral/scb/cy_scb_uart.h ****     */
 527:Generated_Source\PSoC6\pdl\drivers/peripheral/scb/cy_scb_uart.h ****     bool        dropOnFrameError;
 528:Generated_Source\PSoC6\pdl\drivers/peripheral/scb/cy_scb_uart.h **** 
 529:Generated_Source\PSoC6\pdl\drivers/peripheral/scb/cy_scb_uart.h ****     /**
 530:Generated_Source\PSoC6\pdl\drivers/peripheral/scb/cy_scb_uart.h ****     * Enables the UART operation in Multi-Processor mode which requires
 531:Generated_Source\PSoC6\pdl\drivers/peripheral/scb/cy_scb_uart.h ****     * dataWidth to be 9 bits (the 9th bit is used to indicate address byte)
 532:Generated_Source\PSoC6\pdl\drivers/peripheral/scb/cy_scb_uart.h ****     */
 533:Generated_Source\PSoC6\pdl\drivers/peripheral/scb/cy_scb_uart.h ****     bool        enableMutliProcessorMode;
 534:Generated_Source\PSoC6\pdl\drivers/peripheral/scb/cy_scb_uart.h **** 
 535:Generated_Source\PSoC6\pdl\drivers/peripheral/scb/cy_scb_uart.h ****     /**
 536:Generated_Source\PSoC6\pdl\drivers/peripheral/scb/cy_scb_uart.h ****     * If Multi Processor mode is enabled, this is the address of the RX
 537:Generated_Source\PSoC6\pdl\drivers/peripheral/scb/cy_scb_uart.h ****     * FIFO. If the address matches, data is accepted into the FIFO. If
 538:Generated_Source\PSoC6\pdl\drivers/peripheral/scb/cy_scb_uart.h ****     * it does not match, the data is ignored.
 539:Generated_Source\PSoC6\pdl\drivers/peripheral/scb/cy_scb_uart.h ****     */
 540:Generated_Source\PSoC6\pdl\drivers/peripheral/scb/cy_scb_uart.h ****     uint32_t    receiverAddress;
 541:Generated_Source\PSoC6\pdl\drivers/peripheral/scb/cy_scb_uart.h **** 
 542:Generated_Source\PSoC6\pdl\drivers/peripheral/scb/cy_scb_uart.h ****     /**
 543:Generated_Source\PSoC6\pdl\drivers/peripheral/scb/cy_scb_uart.h ****     * This is the address mask for the Multi Processor address. 1 indicates
 544:Generated_Source\PSoC6\pdl\drivers/peripheral/scb/cy_scb_uart.h ****     * that the incoming address must match the corresponding bit in the slave
 545:Generated_Source\PSoC6\pdl\drivers/peripheral/scb/cy_scb_uart.h ****     * address. A 0 in the mask indicates that the incoming address does
 546:Generated_Source\PSoC6\pdl\drivers/peripheral/scb/cy_scb_uart.h ****     * not need to match.
 547:Generated_Source\PSoC6\pdl\drivers/peripheral/scb/cy_scb_uart.h ****     */
 548:Generated_Source\PSoC6\pdl\drivers/peripheral/scb/cy_scb_uart.h ****     uint32_t    receiverAddressMask;
 549:Generated_Source\PSoC6\pdl\drivers/peripheral/scb/cy_scb_uart.h **** 
 550:Generated_Source\PSoC6\pdl\drivers/peripheral/scb/cy_scb_uart.h ****     /**
 551:Generated_Source\PSoC6\pdl\drivers/peripheral/scb/cy_scb_uart.h ****     * Enables the hardware to accept the matching address in the RX FIFO.
 552:Generated_Source\PSoC6\pdl\drivers/peripheral/scb/cy_scb_uart.h ****     * This is useful when the device supports more than one address.
 553:Generated_Source\PSoC6\pdl\drivers/peripheral/scb/cy_scb_uart.h ****     */
 554:Generated_Source\PSoC6\pdl\drivers/peripheral/scb/cy_scb_uart.h ****     bool        acceptAddrInFifo;
 555:Generated_Source\PSoC6\pdl\drivers/peripheral/scb/cy_scb_uart.h **** 
 556:Generated_Source\PSoC6\pdl\drivers/peripheral/scb/cy_scb_uart.h ****     /** Inverts the IrDA RX input */
 557:Generated_Source\PSoC6\pdl\drivers/peripheral/scb/cy_scb_uart.h ****     bool        irdaInvertRx;
ARM GAS  C:\Users\Finik\AppData\Local\Temp\ccY85NDM.s 			page 55


 558:Generated_Source\PSoC6\pdl\drivers/peripheral/scb/cy_scb_uart.h **** 
 559:Generated_Source\PSoC6\pdl\drivers/peripheral/scb/cy_scb_uart.h ****     /**
 560:Generated_Source\PSoC6\pdl\drivers/peripheral/scb/cy_scb_uart.h ****     * Enables the low-power receive for IrDA mode.
 561:Generated_Source\PSoC6\pdl\drivers/peripheral/scb/cy_scb_uart.h ****     * Note that the transmission must be disabled if this mode is enabled.
 562:Generated_Source\PSoC6\pdl\drivers/peripheral/scb/cy_scb_uart.h ****     */
 563:Generated_Source\PSoC6\pdl\drivers/peripheral/scb/cy_scb_uart.h ****     bool        irdaEnableLowPowerReceiver;
 564:Generated_Source\PSoC6\pdl\drivers/peripheral/scb/cy_scb_uart.h **** 
 565:Generated_Source\PSoC6\pdl\drivers/peripheral/scb/cy_scb_uart.h ****     /**
 566:Generated_Source\PSoC6\pdl\drivers/peripheral/scb/cy_scb_uart.h ****     * Enables retransmission of the frame placed in the TX FIFO when
 567:Generated_Source\PSoC6\pdl\drivers/peripheral/scb/cy_scb_uart.h ****     * NACK is received in SmartCard mode (for Standard and IrDA , this parameter
 568:Generated_Source\PSoC6\pdl\drivers/peripheral/scb/cy_scb_uart.h ****     * is ignored)
 569:Generated_Source\PSoC6\pdl\drivers/peripheral/scb/cy_scb_uart.h ****     */
 570:Generated_Source\PSoC6\pdl\drivers/peripheral/scb/cy_scb_uart.h ****     bool        smartCardRetryOnNack;
 571:Generated_Source\PSoC6\pdl\drivers/peripheral/scb/cy_scb_uart.h **** 
 572:Generated_Source\PSoC6\pdl\drivers/peripheral/scb/cy_scb_uart.h ****     /**
 573:Generated_Source\PSoC6\pdl\drivers/peripheral/scb/cy_scb_uart.h ****     * Enables the usage of the CTS input signal for the transmitter. The
 574:Generated_Source\PSoC6\pdl\drivers/peripheral/scb/cy_scb_uart.h ****     * transmitter waits for CTS to be active before sending data
 575:Generated_Source\PSoC6\pdl\drivers/peripheral/scb/cy_scb_uart.h ****     */
 576:Generated_Source\PSoC6\pdl\drivers/peripheral/scb/cy_scb_uart.h ****     bool        enableCts;
 577:Generated_Source\PSoC6\pdl\drivers/peripheral/scb/cy_scb_uart.h **** 
 578:Generated_Source\PSoC6\pdl\drivers/peripheral/scb/cy_scb_uart.h ****     /** Sets the CTS Polarity */
 579:Generated_Source\PSoC6\pdl\drivers/peripheral/scb/cy_scb_uart.h ****     cy_en_scb_uart_polarity_t    ctsPolarity;
 580:Generated_Source\PSoC6\pdl\drivers/peripheral/scb/cy_scb_uart.h **** 
 581:Generated_Source\PSoC6\pdl\drivers/peripheral/scb/cy_scb_uart.h ****     /**
 582:Generated_Source\PSoC6\pdl\drivers/peripheral/scb/cy_scb_uart.h ****     * When the RX FIFO has fewer entries than rtsRxFifoLevel, the
 583:Generated_Source\PSoC6\pdl\drivers/peripheral/scb/cy_scb_uart.h ****     * RTS signal is active (note to disable RTS, set this field to zero)
 584:Generated_Source\PSoC6\pdl\drivers/peripheral/scb/cy_scb_uart.h ****     */
 585:Generated_Source\PSoC6\pdl\drivers/peripheral/scb/cy_scb_uart.h ****     uint32_t    rtsRxFifoLevel;
 586:Generated_Source\PSoC6\pdl\drivers/peripheral/scb/cy_scb_uart.h **** 
 587:Generated_Source\PSoC6\pdl\drivers/peripheral/scb/cy_scb_uart.h ****     /** Sets the RTS Polarity */
 588:Generated_Source\PSoC6\pdl\drivers/peripheral/scb/cy_scb_uart.h ****     cy_en_scb_uart_polarity_t    rtsPolarity;
 589:Generated_Source\PSoC6\pdl\drivers/peripheral/scb/cy_scb_uart.h **** 
 590:Generated_Source\PSoC6\pdl\drivers/peripheral/scb/cy_scb_uart.h ****     /** Specifies the number of bits to detect a break condition */
 591:Generated_Source\PSoC6\pdl\drivers/peripheral/scb/cy_scb_uart.h ****     uint32_t    breakWidth;
 592:Generated_Source\PSoC6\pdl\drivers/peripheral/scb/cy_scb_uart.h **** 
 593:Generated_Source\PSoC6\pdl\drivers/peripheral/scb/cy_scb_uart.h ****     /**
 594:Generated_Source\PSoC6\pdl\drivers/peripheral/scb/cy_scb_uart.h ****     * When there are more entries in the RX FIFO than this level
 595:Generated_Source\PSoC6\pdl\drivers/peripheral/scb/cy_scb_uart.h ****     * the RX trigger output goes high. This output can be connected
 596:Generated_Source\PSoC6\pdl\drivers/peripheral/scb/cy_scb_uart.h ****     * to a DMA channel through a trigger mux.
 597:Generated_Source\PSoC6\pdl\drivers/peripheral/scb/cy_scb_uart.h ****     * Also, it controls the \ref CY_SCB_UART_RX_TRIGGER interrupt source.
 598:Generated_Source\PSoC6\pdl\drivers/peripheral/scb/cy_scb_uart.h ****     */
 599:Generated_Source\PSoC6\pdl\drivers/peripheral/scb/cy_scb_uart.h ****     uint32_t    rxFifoTriggerLevel;
 600:Generated_Source\PSoC6\pdl\drivers/peripheral/scb/cy_scb_uart.h **** 
 601:Generated_Source\PSoC6\pdl\drivers/peripheral/scb/cy_scb_uart.h ****     /**
 602:Generated_Source\PSoC6\pdl\drivers/peripheral/scb/cy_scb_uart.h ****     * The bits set in this mask allow the event to cause an interrupt
 603:Generated_Source\PSoC6\pdl\drivers/peripheral/scb/cy_scb_uart.h ****     * (See \ref group_scb_uart_macros_rx_fifo_status for the set of constants)
 604:Generated_Source\PSoC6\pdl\drivers/peripheral/scb/cy_scb_uart.h ****     */
 605:Generated_Source\PSoC6\pdl\drivers/peripheral/scb/cy_scb_uart.h ****     uint32_t    rxFifoIntEnableMask;
 606:Generated_Source\PSoC6\pdl\drivers/peripheral/scb/cy_scb_uart.h **** 
 607:Generated_Source\PSoC6\pdl\drivers/peripheral/scb/cy_scb_uart.h ****     /**
 608:Generated_Source\PSoC6\pdl\drivers/peripheral/scb/cy_scb_uart.h ****     * When there are fewer entries in the TX FIFO then this level
 609:Generated_Source\PSoC6\pdl\drivers/peripheral/scb/cy_scb_uart.h ****     * the TX trigger output goes high. This output can be connected
 610:Generated_Source\PSoC6\pdl\drivers/peripheral/scb/cy_scb_uart.h ****     * to a DMA channel through a trigger mux.
 611:Generated_Source\PSoC6\pdl\drivers/peripheral/scb/cy_scb_uart.h ****     * Also, it controls \ref CY_SCB_UART_TX_TRIGGER interrupt source.
 612:Generated_Source\PSoC6\pdl\drivers/peripheral/scb/cy_scb_uart.h ****     */
 613:Generated_Source\PSoC6\pdl\drivers/peripheral/scb/cy_scb_uart.h ****     uint32_t    txFifoTriggerLevel;
 614:Generated_Source\PSoC6\pdl\drivers/peripheral/scb/cy_scb_uart.h **** 
ARM GAS  C:\Users\Finik\AppData\Local\Temp\ccY85NDM.s 			page 56


 615:Generated_Source\PSoC6\pdl\drivers/peripheral/scb/cy_scb_uart.h ****     /**
 616:Generated_Source\PSoC6\pdl\drivers/peripheral/scb/cy_scb_uart.h ****     * Bits set in this mask allows the event to cause an interrupt
 617:Generated_Source\PSoC6\pdl\drivers/peripheral/scb/cy_scb_uart.h ****     * (See \ref group_scb_uart_macros_tx_fifo_status for the set of constants)
 618:Generated_Source\PSoC6\pdl\drivers/peripheral/scb/cy_scb_uart.h ****     */
 619:Generated_Source\PSoC6\pdl\drivers/peripheral/scb/cy_scb_uart.h ****     uint32_t    txFifoIntEnableMask;
 620:Generated_Source\PSoC6\pdl\drivers/peripheral/scb/cy_scb_uart.h **** } cy_stc_scb_uart_config_t;
 621:Generated_Source\PSoC6\pdl\drivers/peripheral/scb/cy_scb_uart.h **** 
 622:Generated_Source\PSoC6\pdl\drivers/peripheral/scb/cy_scb_uart.h **** /** UART context structure.
 623:Generated_Source\PSoC6\pdl\drivers/peripheral/scb/cy_scb_uart.h **** * All fields for the context structure are internal. Firmware never reads or
 624:Generated_Source\PSoC6\pdl\drivers/peripheral/scb/cy_scb_uart.h **** * writes these values. Firmware allocates the structure and provides the
 625:Generated_Source\PSoC6\pdl\drivers/peripheral/scb/cy_scb_uart.h **** * address of the structure to the driver in function calls. Firmware must
 626:Generated_Source\PSoC6\pdl\drivers/peripheral/scb/cy_scb_uart.h **** * ensure that the defined instance of this structure remains in scope
 627:Generated_Source\PSoC6\pdl\drivers/peripheral/scb/cy_scb_uart.h **** * while the drive is in use.
 628:Generated_Source\PSoC6\pdl\drivers/peripheral/scb/cy_scb_uart.h **** */
 629:Generated_Source\PSoC6\pdl\drivers/peripheral/scb/cy_scb_uart.h **** typedef struct cy_stc_scb_uart_context
 630:Generated_Source\PSoC6\pdl\drivers/peripheral/scb/cy_scb_uart.h **** {
 631:Generated_Source\PSoC6\pdl\drivers/peripheral/scb/cy_scb_uart.h ****     /** \cond INTERNAL */
 632:Generated_Source\PSoC6\pdl\drivers/peripheral/scb/cy_scb_uart.h ****     uint32_t volatile txStatus;         /**< The transmit status */
 633:Generated_Source\PSoC6\pdl\drivers/peripheral/scb/cy_scb_uart.h ****     uint32_t volatile rxStatus;         /**< The receive status */
 634:Generated_Source\PSoC6\pdl\drivers/peripheral/scb/cy_scb_uart.h **** 
 635:Generated_Source\PSoC6\pdl\drivers/peripheral/scb/cy_scb_uart.h ****     void     *rxRingBuf;                /**< The pointer to the ring buffer */
 636:Generated_Source\PSoC6\pdl\drivers/peripheral/scb/cy_scb_uart.h ****     uint32_t  rxRingBufSize;            /**< The ring buffer size */
 637:Generated_Source\PSoC6\pdl\drivers/peripheral/scb/cy_scb_uart.h ****     uint32_t volatile rxRingBufHead;    /**< The ring buffer head index */
 638:Generated_Source\PSoC6\pdl\drivers/peripheral/scb/cy_scb_uart.h ****     uint32_t volatile rxRingBufTail;    /**< The ring buffer tail index */
 639:Generated_Source\PSoC6\pdl\drivers/peripheral/scb/cy_scb_uart.h **** 
 640:Generated_Source\PSoC6\pdl\drivers/peripheral/scb/cy_scb_uart.h ****     void     *rxBuf;                    /**< The pointer to the receive buffer */
 641:Generated_Source\PSoC6\pdl\drivers/peripheral/scb/cy_scb_uart.h ****     uint32_t  rxBufSize;                /**< The receive buffer size */
 642:Generated_Source\PSoC6\pdl\drivers/peripheral/scb/cy_scb_uart.h ****     uint32_t volatile rxBufIdx;         /**< The current location in the receive buffer */
 643:Generated_Source\PSoC6\pdl\drivers/peripheral/scb/cy_scb_uart.h **** 
 644:Generated_Source\PSoC6\pdl\drivers/peripheral/scb/cy_scb_uart.h ****     void     *txBuf;                    /**< The pointer to the transmit buffer */
 645:Generated_Source\PSoC6\pdl\drivers/peripheral/scb/cy_scb_uart.h ****     uint32_t  txBufSize;                /**< The transmit buffer size */
 646:Generated_Source\PSoC6\pdl\drivers/peripheral/scb/cy_scb_uart.h ****     uint32_t volatile txLeftToTransmit; /**< The number of data elements left to be transmitted */
 647:Generated_Source\PSoC6\pdl\drivers/peripheral/scb/cy_scb_uart.h **** 
 648:Generated_Source\PSoC6\pdl\drivers/peripheral/scb/cy_scb_uart.h ****     /** The pointer to an event callback that is called when any of
 649:Generated_Source\PSoC6\pdl\drivers/peripheral/scb/cy_scb_uart.h ****     * \ref group_scb_uart_macros_callback_events occurs
 650:Generated_Source\PSoC6\pdl\drivers/peripheral/scb/cy_scb_uart.h ****     */
 651:Generated_Source\PSoC6\pdl\drivers/peripheral/scb/cy_scb_uart.h ****     cy_cb_scb_uart_handle_events_t cbEvents;
 652:Generated_Source\PSoC6\pdl\drivers/peripheral/scb/cy_scb_uart.h **** 
 653:Generated_Source\PSoC6\pdl\drivers/peripheral/scb/cy_scb_uart.h **** #if !defined(NDEBUG)
 654:Generated_Source\PSoC6\pdl\drivers/peripheral/scb/cy_scb_uart.h ****     uint32_t initKey;               /**< Tracks the context initialization */
 655:Generated_Source\PSoC6\pdl\drivers/peripheral/scb/cy_scb_uart.h **** #endif /* !(NDEBUG) */
 656:Generated_Source\PSoC6\pdl\drivers/peripheral/scb/cy_scb_uart.h ****     /** \endcond */
 657:Generated_Source\PSoC6\pdl\drivers/peripheral/scb/cy_scb_uart.h **** } cy_stc_scb_uart_context_t;
 658:Generated_Source\PSoC6\pdl\drivers/peripheral/scb/cy_scb_uart.h **** /** \} group_scb_uart_data_structures */
 659:Generated_Source\PSoC6\pdl\drivers/peripheral/scb/cy_scb_uart.h **** 
 660:Generated_Source\PSoC6\pdl\drivers/peripheral/scb/cy_scb_uart.h **** 
 661:Generated_Source\PSoC6\pdl\drivers/peripheral/scb/cy_scb_uart.h **** /*******************************************************************************
 662:Generated_Source\PSoC6\pdl\drivers/peripheral/scb/cy_scb_uart.h **** *                           Function Prototypes
 663:Generated_Source\PSoC6\pdl\drivers/peripheral/scb/cy_scb_uart.h **** *******************************************************************************/
 664:Generated_Source\PSoC6\pdl\drivers/peripheral/scb/cy_scb_uart.h **** 
 665:Generated_Source\PSoC6\pdl\drivers/peripheral/scb/cy_scb_uart.h **** /**
 666:Generated_Source\PSoC6\pdl\drivers/peripheral/scb/cy_scb_uart.h **** * \addtogroup group_scb_uart_general_functions
 667:Generated_Source\PSoC6\pdl\drivers/peripheral/scb/cy_scb_uart.h **** * \{
 668:Generated_Source\PSoC6\pdl\drivers/peripheral/scb/cy_scb_uart.h **** */
 669:Generated_Source\PSoC6\pdl\drivers/peripheral/scb/cy_scb_uart.h **** cy_en_scb_uart_status_t Cy_SCB_UART_Init(CySCB_Type *base, cy_stc_scb_uart_config_t const *config,
 670:Generated_Source\PSoC6\pdl\drivers/peripheral/scb/cy_scb_uart.h ****                                          cy_stc_scb_uart_context_t *context);
 671:Generated_Source\PSoC6\pdl\drivers/peripheral/scb/cy_scb_uart.h **** void Cy_SCB_UART_DeInit (CySCB_Type *base);
ARM GAS  C:\Users\Finik\AppData\Local\Temp\ccY85NDM.s 			page 57


 672:Generated_Source\PSoC6\pdl\drivers/peripheral/scb/cy_scb_uart.h **** __STATIC_INLINE void Cy_SCB_UART_Enable(CySCB_Type *base);
 673:Generated_Source\PSoC6\pdl\drivers/peripheral/scb/cy_scb_uart.h **** void Cy_SCB_UART_Disable(CySCB_Type *base, cy_stc_scb_uart_context_t *context);
 674:Generated_Source\PSoC6\pdl\drivers/peripheral/scb/cy_scb_uart.h **** 
 675:Generated_Source\PSoC6\pdl\drivers/peripheral/scb/cy_scb_uart.h **** __STATIC_INLINE void     Cy_SCB_UART_EnableCts      (CySCB_Type *base);
 676:Generated_Source\PSoC6\pdl\drivers/peripheral/scb/cy_scb_uart.h **** __STATIC_INLINE void     Cy_SCB_UART_DisableCts     (CySCB_Type *base);
 677:Generated_Source\PSoC6\pdl\drivers/peripheral/scb/cy_scb_uart.h **** __STATIC_INLINE void     Cy_SCB_UART_SetRtsFifoLevel(CySCB_Type *base, uint32_t level);
 678:Generated_Source\PSoC6\pdl\drivers/peripheral/scb/cy_scb_uart.h **** __STATIC_INLINE uint32_t Cy_SCB_UART_GetRtsFifoLevel(CySCB_Type const *base);
 679:Generated_Source\PSoC6\pdl\drivers/peripheral/scb/cy_scb_uart.h **** 
 680:Generated_Source\PSoC6\pdl\drivers/peripheral/scb/cy_scb_uart.h **** __STATIC_INLINE void Cy_SCB_UART_EnableSkipStart (CySCB_Type *base);
 681:Generated_Source\PSoC6\pdl\drivers/peripheral/scb/cy_scb_uart.h **** __STATIC_INLINE void Cy_SCB_UART_DisableSkipStart(CySCB_Type *base);
 682:Generated_Source\PSoC6\pdl\drivers/peripheral/scb/cy_scb_uart.h **** /** \} group_scb_uart_general_functions */
 683:Generated_Source\PSoC6\pdl\drivers/peripheral/scb/cy_scb_uart.h **** 
 684:Generated_Source\PSoC6\pdl\drivers/peripheral/scb/cy_scb_uart.h **** /**
 685:Generated_Source\PSoC6\pdl\drivers/peripheral/scb/cy_scb_uart.h **** * \addtogroup group_scb_uart_high_level_functions
 686:Generated_Source\PSoC6\pdl\drivers/peripheral/scb/cy_scb_uart.h **** * \{
 687:Generated_Source\PSoC6\pdl\drivers/peripheral/scb/cy_scb_uart.h **** */
 688:Generated_Source\PSoC6\pdl\drivers/peripheral/scb/cy_scb_uart.h **** void     Cy_SCB_UART_StartRingBuffer   (CySCB_Type *base, void *buffer, uint32_t size,
 689:Generated_Source\PSoC6\pdl\drivers/peripheral/scb/cy_scb_uart.h ****                                         cy_stc_scb_uart_context_t *context);
 690:Generated_Source\PSoC6\pdl\drivers/peripheral/scb/cy_scb_uart.h **** void     Cy_SCB_UART_StopRingBuffer    (CySCB_Type *base, cy_stc_scb_uart_context_t *context);
 691:Generated_Source\PSoC6\pdl\drivers/peripheral/scb/cy_scb_uart.h **** uint32_t Cy_SCB_UART_GetNumInRingBuffer(CySCB_Type const *base, cy_stc_scb_uart_context_t const *co
 692:Generated_Source\PSoC6\pdl\drivers/peripheral/scb/cy_scb_uart.h **** void     Cy_SCB_UART_ClearRingBuffer   (CySCB_Type const *base, cy_stc_scb_uart_context_t *context)
 693:Generated_Source\PSoC6\pdl\drivers/peripheral/scb/cy_scb_uart.h **** 
 694:Generated_Source\PSoC6\pdl\drivers/peripheral/scb/cy_scb_uart.h **** cy_en_scb_uart_status_t Cy_SCB_UART_Receive(CySCB_Type *base, void *buffer, uint32_t size,
 695:Generated_Source\PSoC6\pdl\drivers/peripheral/scb/cy_scb_uart.h ****                                             cy_stc_scb_uart_context_t *context);
 696:Generated_Source\PSoC6\pdl\drivers/peripheral/scb/cy_scb_uart.h **** void     Cy_SCB_UART_AbortReceive    (CySCB_Type *base, cy_stc_scb_uart_context_t *context);
 697:Generated_Source\PSoC6\pdl\drivers/peripheral/scb/cy_scb_uart.h **** uint32_t Cy_SCB_UART_GetReceiveStatus(CySCB_Type const *base, cy_stc_scb_uart_context_t const *cont
 698:Generated_Source\PSoC6\pdl\drivers/peripheral/scb/cy_scb_uart.h **** uint32_t Cy_SCB_UART_GetNumReceived  (CySCB_Type const *base, cy_stc_scb_uart_context_t const *cont
 699:Generated_Source\PSoC6\pdl\drivers/peripheral/scb/cy_scb_uart.h **** 
 700:Generated_Source\PSoC6\pdl\drivers/peripheral/scb/cy_scb_uart.h **** cy_en_scb_uart_status_t Cy_SCB_UART_Transmit(CySCB_Type *base, void *buffer, uint32_t size,
 701:Generated_Source\PSoC6\pdl\drivers/peripheral/scb/cy_scb_uart.h ****                                              cy_stc_scb_uart_context_t *context);
 702:Generated_Source\PSoC6\pdl\drivers/peripheral/scb/cy_scb_uart.h **** void     Cy_SCB_UART_AbortTransmit       (CySCB_Type *base, cy_stc_scb_uart_context_t *context);
 703:Generated_Source\PSoC6\pdl\drivers/peripheral/scb/cy_scb_uart.h **** uint32_t Cy_SCB_UART_GetTransmitStatus   (CySCB_Type const *base, cy_stc_scb_uart_context_t const *
 704:Generated_Source\PSoC6\pdl\drivers/peripheral/scb/cy_scb_uart.h **** uint32_t Cy_SCB_UART_GetNumLeftToTransmit(CySCB_Type const *base, cy_stc_scb_uart_context_t const *
 705:Generated_Source\PSoC6\pdl\drivers/peripheral/scb/cy_scb_uart.h **** /** \} group_scb_uart_high_level_functions */
 706:Generated_Source\PSoC6\pdl\drivers/peripheral/scb/cy_scb_uart.h **** 
 707:Generated_Source\PSoC6\pdl\drivers/peripheral/scb/cy_scb_uart.h **** /**
 708:Generated_Source\PSoC6\pdl\drivers/peripheral/scb/cy_scb_uart.h **** * \addtogroup group_scb_uart_low_level_functions
 709:Generated_Source\PSoC6\pdl\drivers/peripheral/scb/cy_scb_uart.h **** * \{
 710:Generated_Source\PSoC6\pdl\drivers/peripheral/scb/cy_scb_uart.h **** */
 711:Generated_Source\PSoC6\pdl\drivers/peripheral/scb/cy_scb_uart.h **** __STATIC_INLINE uint32_t Cy_SCB_UART_Put             (CySCB_Type *base, uint32_t data);
 712:Generated_Source\PSoC6\pdl\drivers/peripheral/scb/cy_scb_uart.h **** __STATIC_INLINE uint32_t Cy_SCB_UART_PutArray        (CySCB_Type *base, void *buffer, uint32_t size
 713:Generated_Source\PSoC6\pdl\drivers/peripheral/scb/cy_scb_uart.h **** __STATIC_INLINE void     Cy_SCB_UART_PutArrayBlocking(CySCB_Type *base, void *buffer, uint32_t size
 714:Generated_Source\PSoC6\pdl\drivers/peripheral/scb/cy_scb_uart.h **** __STATIC_INLINE void     Cy_SCB_UART_PutString       (CySCB_Type *base, char_t const string[]);
 715:Generated_Source\PSoC6\pdl\drivers/peripheral/scb/cy_scb_uart.h **** void Cy_SCB_UART_SendBreakBlocking(CySCB_Type *base, uint32_t breakWidth);
 716:Generated_Source\PSoC6\pdl\drivers/peripheral/scb/cy_scb_uart.h **** 
 717:Generated_Source\PSoC6\pdl\drivers/peripheral/scb/cy_scb_uart.h **** __STATIC_INLINE uint32_t Cy_SCB_UART_Get             (CySCB_Type const *base);
 718:Generated_Source\PSoC6\pdl\drivers/peripheral/scb/cy_scb_uart.h **** __STATIC_INLINE uint32_t Cy_SCB_UART_GetArray        (CySCB_Type const *base, void *buffer, uint32_
 719:Generated_Source\PSoC6\pdl\drivers/peripheral/scb/cy_scb_uart.h **** __STATIC_INLINE void     Cy_SCB_UART_GetArrayBlocking(CySCB_Type const *base, void *buffer, uint32_
 720:Generated_Source\PSoC6\pdl\drivers/peripheral/scb/cy_scb_uart.h **** 
 721:Generated_Source\PSoC6\pdl\drivers/peripheral/scb/cy_scb_uart.h **** __STATIC_INLINE uint32_t Cy_SCB_UART_GetTxFifoStatus  (CySCB_Type const *base);
 722:Generated_Source\PSoC6\pdl\drivers/peripheral/scb/cy_scb_uart.h **** __STATIC_INLINE void     Cy_SCB_UART_ClearTxFifoStatus(CySCB_Type *base, uint32_t clearMask);
 723:Generated_Source\PSoC6\pdl\drivers/peripheral/scb/cy_scb_uart.h **** 
 724:Generated_Source\PSoC6\pdl\drivers/peripheral/scb/cy_scb_uart.h **** __STATIC_INLINE uint32_t Cy_SCB_UART_GetRxFifoStatus  (CySCB_Type const *base);
 725:Generated_Source\PSoC6\pdl\drivers/peripheral/scb/cy_scb_uart.h **** __STATIC_INLINE void     Cy_SCB_UART_ClearRxFifoStatus(CySCB_Type *base, uint32_t clearMask);
 726:Generated_Source\PSoC6\pdl\drivers/peripheral/scb/cy_scb_uart.h **** 
 727:Generated_Source\PSoC6\pdl\drivers/peripheral/scb/cy_scb_uart.h **** __STATIC_INLINE uint32_t Cy_SCB_UART_GetNumInTxFifo   (CySCB_Type const *base);
 728:Generated_Source\PSoC6\pdl\drivers/peripheral/scb/cy_scb_uart.h **** __STATIC_INLINE bool     Cy_SCB_UART_IsTxComplete     (CySCB_Type const *base);
ARM GAS  C:\Users\Finik\AppData\Local\Temp\ccY85NDM.s 			page 58


 729:Generated_Source\PSoC6\pdl\drivers/peripheral/scb/cy_scb_uart.h **** 
 730:Generated_Source\PSoC6\pdl\drivers/peripheral/scb/cy_scb_uart.h **** __STATIC_INLINE uint32_t Cy_SCB_UART_GetNumInRxFifo   (CySCB_Type const *base);
 731:Generated_Source\PSoC6\pdl\drivers/peripheral/scb/cy_scb_uart.h **** 
 732:Generated_Source\PSoC6\pdl\drivers/peripheral/scb/cy_scb_uart.h **** __STATIC_INLINE void     Cy_SCB_UART_ClearRxFifo      (CySCB_Type *base);
 733:Generated_Source\PSoC6\pdl\drivers/peripheral/scb/cy_scb_uart.h **** __STATIC_INLINE void     Cy_SCB_UART_ClearTxFifo      (CySCB_Type *base);
 734:Generated_Source\PSoC6\pdl\drivers/peripheral/scb/cy_scb_uart.h **** /** \} group_scb_uart_low_level_functions */
 735:Generated_Source\PSoC6\pdl\drivers/peripheral/scb/cy_scb_uart.h **** 
 736:Generated_Source\PSoC6\pdl\drivers/peripheral/scb/cy_scb_uart.h **** /**
 737:Generated_Source\PSoC6\pdl\drivers/peripheral/scb/cy_scb_uart.h **** * \addtogroup group_scb_uart_interrupt_functions
 738:Generated_Source\PSoC6\pdl\drivers/peripheral/scb/cy_scb_uart.h **** * \{
 739:Generated_Source\PSoC6\pdl\drivers/peripheral/scb/cy_scb_uart.h **** */
 740:Generated_Source\PSoC6\pdl\drivers/peripheral/scb/cy_scb_uart.h **** void Cy_SCB_UART_Interrupt(CySCB_Type *base, cy_stc_scb_uart_context_t *context);
 741:Generated_Source\PSoC6\pdl\drivers/peripheral/scb/cy_scb_uart.h **** 
 742:Generated_Source\PSoC6\pdl\drivers/peripheral/scb/cy_scb_uart.h **** __STATIC_INLINE void Cy_SCB_UART_RegisterCallback(CySCB_Type const *base, cy_cb_scb_uart_handle_eve
 743:Generated_Source\PSoC6\pdl\drivers/peripheral/scb/cy_scb_uart.h ****                                                   cy_stc_scb_uart_context_t *context);
 744:Generated_Source\PSoC6\pdl\drivers/peripheral/scb/cy_scb_uart.h **** /** \} group_scb_uart_interrupt_functions */
 745:Generated_Source\PSoC6\pdl\drivers/peripheral/scb/cy_scb_uart.h **** 
 746:Generated_Source\PSoC6\pdl\drivers/peripheral/scb/cy_scb_uart.h **** /**
 747:Generated_Source\PSoC6\pdl\drivers/peripheral/scb/cy_scb_uart.h **** * \addtogroup group_scb_uart_low_power_functions
 748:Generated_Source\PSoC6\pdl\drivers/peripheral/scb/cy_scb_uart.h **** * \{
 749:Generated_Source\PSoC6\pdl\drivers/peripheral/scb/cy_scb_uart.h **** */
 750:Generated_Source\PSoC6\pdl\drivers/peripheral/scb/cy_scb_uart.h **** cy_en_syspm_status_t Cy_SCB_UART_DeepSleepCallback(cy_stc_syspm_callback_params_t *callbackParams, 
 751:Generated_Source\PSoC6\pdl\drivers/peripheral/scb/cy_scb_uart.h **** cy_en_syspm_status_t Cy_SCB_UART_HibernateCallback(cy_stc_syspm_callback_params_t *callbackParams, 
 752:Generated_Source\PSoC6\pdl\drivers/peripheral/scb/cy_scb_uart.h **** /** \} group_scb_uart_low_power_functions */
 753:Generated_Source\PSoC6\pdl\drivers/peripheral/scb/cy_scb_uart.h **** 
 754:Generated_Source\PSoC6\pdl\drivers/peripheral/scb/cy_scb_uart.h **** 
 755:Generated_Source\PSoC6\pdl\drivers/peripheral/scb/cy_scb_uart.h **** /*******************************************************************************
 756:Generated_Source\PSoC6\pdl\drivers/peripheral/scb/cy_scb_uart.h **** *                               API Constants
 757:Generated_Source\PSoC6\pdl\drivers/peripheral/scb/cy_scb_uart.h **** *******************************************************************************/
 758:Generated_Source\PSoC6\pdl\drivers/peripheral/scb/cy_scb_uart.h **** 
 759:Generated_Source\PSoC6\pdl\drivers/peripheral/scb/cy_scb_uart.h **** /**
 760:Generated_Source\PSoC6\pdl\drivers/peripheral/scb/cy_scb_uart.h **** * \addtogroup group_scb_uart_macros
 761:Generated_Source\PSoC6\pdl\drivers/peripheral/scb/cy_scb_uart.h **** * \{
 762:Generated_Source\PSoC6\pdl\drivers/peripheral/scb/cy_scb_uart.h **** */
 763:Generated_Source\PSoC6\pdl\drivers/peripheral/scb/cy_scb_uart.h **** 
 764:Generated_Source\PSoC6\pdl\drivers/peripheral/scb/cy_scb_uart.h **** /**
 765:Generated_Source\PSoC6\pdl\drivers/peripheral/scb/cy_scb_uart.h **** * \defgroup group_scb_uart_macros_irda_lp_ovs UART IRDA Low Power Oversample factors
 766:Generated_Source\PSoC6\pdl\drivers/peripheral/scb/cy_scb_uart.h **** * \{
 767:Generated_Source\PSoC6\pdl\drivers/peripheral/scb/cy_scb_uart.h **** */
 768:Generated_Source\PSoC6\pdl\drivers/peripheral/scb/cy_scb_uart.h **** #define CY_SCB_UART_IRDA_LP_OVS16      (1UL)   /**< IrDA in low-power mode oversampled by 16   */
 769:Generated_Source\PSoC6\pdl\drivers/peripheral/scb/cy_scb_uart.h **** #define CY_SCB_UART_IRDA_LP_OVS32      (2UL)   /**< IrDA in low-power mode oversampled by 32   */
 770:Generated_Source\PSoC6\pdl\drivers/peripheral/scb/cy_scb_uart.h **** #define CY_SCB_UART_IRDA_LP_OVS48      (3UL)   /**< IrDA in low-power mode oversampled by 48   */
 771:Generated_Source\PSoC6\pdl\drivers/peripheral/scb/cy_scb_uart.h **** #define CY_SCB_UART_IRDA_LP_OVS96      (4UL)   /**< IrDA in low-power mode oversampled by 96   */
 772:Generated_Source\PSoC6\pdl\drivers/peripheral/scb/cy_scb_uart.h **** #define CY_SCB_UART_IRDA_LP_OVS192     (5UL)   /**< IrDA in low-power mode oversampled by 192  */
 773:Generated_Source\PSoC6\pdl\drivers/peripheral/scb/cy_scb_uart.h **** #define CY_SCB_UART_IRDA_LP_OVS768     (6UL)   /**< IrDA in low-power mode oversampled by 768  */
 774:Generated_Source\PSoC6\pdl\drivers/peripheral/scb/cy_scb_uart.h **** #define CY_SCB_UART_IRDA_LP_OVS1536    (7UL)   /**< IrDA in low-power mode oversampled by 1536 */
 775:Generated_Source\PSoC6\pdl\drivers/peripheral/scb/cy_scb_uart.h **** /** \} group_scb_uart_macros_irda_lp_ovs */
 776:Generated_Source\PSoC6\pdl\drivers/peripheral/scb/cy_scb_uart.h **** 
 777:Generated_Source\PSoC6\pdl\drivers/peripheral/scb/cy_scb_uart.h **** /**
 778:Generated_Source\PSoC6\pdl\drivers/peripheral/scb/cy_scb_uart.h **** * \defgroup group_scb_uart_macros_rx_fifo_status UART RX FIFO status.
 779:Generated_Source\PSoC6\pdl\drivers/peripheral/scb/cy_scb_uart.h **** * \{
 780:Generated_Source\PSoC6\pdl\drivers/peripheral/scb/cy_scb_uart.h **** * Macros to check UART RX FIFO status returned by \ref Cy_SCB_UART_GetRxFifoStatus
 781:Generated_Source\PSoC6\pdl\drivers/peripheral/scb/cy_scb_uart.h **** * function or assign mask for \ref Cy_SCB_UART_ClearRxFifoStatus function.
 782:Generated_Source\PSoC6\pdl\drivers/peripheral/scb/cy_scb_uart.h **** * Each UART RX FIFO status is encoded in a separate bit, therefore multiple
 783:Generated_Source\PSoC6\pdl\drivers/peripheral/scb/cy_scb_uart.h **** * bits may be set to indicate the current status.
 784:Generated_Source\PSoC6\pdl\drivers/peripheral/scb/cy_scb_uart.h **** */
 785:Generated_Source\PSoC6\pdl\drivers/peripheral/scb/cy_scb_uart.h **** 
ARM GAS  C:\Users\Finik\AppData\Local\Temp\ccY85NDM.s 			page 59


 786:Generated_Source\PSoC6\pdl\drivers/peripheral/scb/cy_scb_uart.h **** /** The number of entries in the RX FIFO is more than the RX FIFO trigger level
 787:Generated_Source\PSoC6\pdl\drivers/peripheral/scb/cy_scb_uart.h **** * value
 788:Generated_Source\PSoC6\pdl\drivers/peripheral/scb/cy_scb_uart.h **** */
 789:Generated_Source\PSoC6\pdl\drivers/peripheral/scb/cy_scb_uart.h **** #define CY_SCB_UART_RX_TRIGGER         (SCB_INTR_RX_TRIGGER_Msk)
 790:Generated_Source\PSoC6\pdl\drivers/peripheral/scb/cy_scb_uart.h **** 
 791:Generated_Source\PSoC6\pdl\drivers/peripheral/scb/cy_scb_uart.h **** /** The RX FIFO is not empty, there is data to read */
 792:Generated_Source\PSoC6\pdl\drivers/peripheral/scb/cy_scb_uart.h **** #define CY_SCB_UART_RX_NOT_EMPTY       (SCB_INTR_RX_NOT_EMPTY_Msk)
 793:Generated_Source\PSoC6\pdl\drivers/peripheral/scb/cy_scb_uart.h **** 
 794:Generated_Source\PSoC6\pdl\drivers/peripheral/scb/cy_scb_uart.h **** /**
 795:Generated_Source\PSoC6\pdl\drivers/peripheral/scb/cy_scb_uart.h **** * The RX FIFO is full, there is no more space for additional data, and
 796:Generated_Source\PSoC6\pdl\drivers/peripheral/scb/cy_scb_uart.h **** * any additional data will be dropped
 797:Generated_Source\PSoC6\pdl\drivers/peripheral/scb/cy_scb_uart.h **** */
 798:Generated_Source\PSoC6\pdl\drivers/peripheral/scb/cy_scb_uart.h **** #define CY_SCB_UART_RX_FULL            (SCB_INTR_RX_FULL_Msk)
 799:Generated_Source\PSoC6\pdl\drivers/peripheral/scb/cy_scb_uart.h **** 
 800:Generated_Source\PSoC6\pdl\drivers/peripheral/scb/cy_scb_uart.h **** /**
 801:Generated_Source\PSoC6\pdl\drivers/peripheral/scb/cy_scb_uart.h **** * The RX FIFO was full and there was an attempt to write to it.
 802:Generated_Source\PSoC6\pdl\drivers/peripheral/scb/cy_scb_uart.h **** * That additional data was dropped.
 803:Generated_Source\PSoC6\pdl\drivers/peripheral/scb/cy_scb_uart.h **** */
 804:Generated_Source\PSoC6\pdl\drivers/peripheral/scb/cy_scb_uart.h **** #define CY_SCB_UART_RX_OVERFLOW        (SCB_INTR_RX_OVERFLOW_Msk)
 805:Generated_Source\PSoC6\pdl\drivers/peripheral/scb/cy_scb_uart.h **** 
 806:Generated_Source\PSoC6\pdl\drivers/peripheral/scb/cy_scb_uart.h **** /** An attempt to read from an empty RX FIFO */
 807:Generated_Source\PSoC6\pdl\drivers/peripheral/scb/cy_scb_uart.h **** #define CY_SCB_UART_RX_UNDERFLOW       (SCB_INTR_RX_UNDERFLOW_Msk)
 808:Generated_Source\PSoC6\pdl\drivers/peripheral/scb/cy_scb_uart.h **** 
 809:Generated_Source\PSoC6\pdl\drivers/peripheral/scb/cy_scb_uart.h **** /** The RX FIFO detected a frame error, either a stop or stop-bit error */
 810:Generated_Source\PSoC6\pdl\drivers/peripheral/scb/cy_scb_uart.h **** #define CY_SCB_UART_RX_ERR_FRAME       (SCB_INTR_RX_FRAME_ERROR_Msk)
 811:Generated_Source\PSoC6\pdl\drivers/peripheral/scb/cy_scb_uart.h **** 
 812:Generated_Source\PSoC6\pdl\drivers/peripheral/scb/cy_scb_uart.h **** /** The RX FIFO detected a parity error */
 813:Generated_Source\PSoC6\pdl\drivers/peripheral/scb/cy_scb_uart.h **** #define CY_SCB_UART_RX_ERR_PARITY      (SCB_INTR_RX_PARITY_ERROR_Msk)
 814:Generated_Source\PSoC6\pdl\drivers/peripheral/scb/cy_scb_uart.h **** 
 815:Generated_Source\PSoC6\pdl\drivers/peripheral/scb/cy_scb_uart.h **** /** The RX FIFO detected a break transmission from the transmitter */
 816:Generated_Source\PSoC6\pdl\drivers/peripheral/scb/cy_scb_uart.h **** #define CY_SCB_UART_RX_BREAK_DETECT    (SCB_INTR_RX_BREAK_DETECT_Msk)
 817:Generated_Source\PSoC6\pdl\drivers/peripheral/scb/cy_scb_uart.h **** /** \} group_scb_uart_macros_rx_fifo_status */
 818:Generated_Source\PSoC6\pdl\drivers/peripheral/scb/cy_scb_uart.h **** 
 819:Generated_Source\PSoC6\pdl\drivers/peripheral/scb/cy_scb_uart.h **** /**
 820:Generated_Source\PSoC6\pdl\drivers/peripheral/scb/cy_scb_uart.h **** * \defgroup group_scb_uart_macros_tx_fifo_status UART TX FIFO Statuses
 821:Generated_Source\PSoC6\pdl\drivers/peripheral/scb/cy_scb_uart.h **** * \{
 822:Generated_Source\PSoC6\pdl\drivers/peripheral/scb/cy_scb_uart.h **** * Macros to check UART TX FIFO status returned by \ref Cy_SCB_UART_GetTxFifoStatus
 823:Generated_Source\PSoC6\pdl\drivers/peripheral/scb/cy_scb_uart.h **** * function or assign mask for \ref Cy_SCB_UART_ClearTxFifoStatus function.
 824:Generated_Source\PSoC6\pdl\drivers/peripheral/scb/cy_scb_uart.h **** * Each UART TX FIFO status is encoded in a separate bit, therefore multiple bits
 825:Generated_Source\PSoC6\pdl\drivers/peripheral/scb/cy_scb_uart.h **** * may be set to indicate the current status.
 826:Generated_Source\PSoC6\pdl\drivers/peripheral/scb/cy_scb_uart.h **** */
 827:Generated_Source\PSoC6\pdl\drivers/peripheral/scb/cy_scb_uart.h **** 
 828:Generated_Source\PSoC6\pdl\drivers/peripheral/scb/cy_scb_uart.h **** /** The number of entries in the TX FIFO is less than the TX FIFO trigger level
 829:Generated_Source\PSoC6\pdl\drivers/peripheral/scb/cy_scb_uart.h **** * value
 830:Generated_Source\PSoC6\pdl\drivers/peripheral/scb/cy_scb_uart.h **** */
 831:Generated_Source\PSoC6\pdl\drivers/peripheral/scb/cy_scb_uart.h **** #define CY_SCB_UART_TX_TRIGGER     (SCB_INTR_TX_TRIGGER_Msk)
 832:Generated_Source\PSoC6\pdl\drivers/peripheral/scb/cy_scb_uart.h **** 
 833:Generated_Source\PSoC6\pdl\drivers/peripheral/scb/cy_scb_uart.h **** /** The TX FIFO is not full, there is a space for more data */
 834:Generated_Source\PSoC6\pdl\drivers/peripheral/scb/cy_scb_uart.h **** #define CY_SCB_UART_TX_NOT_FULL    (SCB_INTR_TX_NOT_FULL_Msk)
 835:Generated_Source\PSoC6\pdl\drivers/peripheral/scb/cy_scb_uart.h **** 
 836:Generated_Source\PSoC6\pdl\drivers/peripheral/scb/cy_scb_uart.h **** /** The TX FIFO is empty, note there may still be data in the shift register.*/
 837:Generated_Source\PSoC6\pdl\drivers/peripheral/scb/cy_scb_uart.h **** #define CY_SCB_UART_TX_EMPTY       (SCB_INTR_TX_EMPTY_Msk)
 838:Generated_Source\PSoC6\pdl\drivers/peripheral/scb/cy_scb_uart.h **** 
 839:Generated_Source\PSoC6\pdl\drivers/peripheral/scb/cy_scb_uart.h **** /** An attempt to write to the full TX FIFO */
 840:Generated_Source\PSoC6\pdl\drivers/peripheral/scb/cy_scb_uart.h **** #define CY_SCB_UART_TX_OVERFLOW    (SCB_INTR_TX_OVERFLOW_Msk)
 841:Generated_Source\PSoC6\pdl\drivers/peripheral/scb/cy_scb_uart.h **** 
 842:Generated_Source\PSoC6\pdl\drivers/peripheral/scb/cy_scb_uart.h **** /** An attempt to read from an empty transmitter FIFO (hardware reads). */
ARM GAS  C:\Users\Finik\AppData\Local\Temp\ccY85NDM.s 			page 60


 843:Generated_Source\PSoC6\pdl\drivers/peripheral/scb/cy_scb_uart.h **** #define CY_SCB_UART_TX_UNDERFLOW (SCB_INTR_TX_UNDERFLOW_Msk)
 844:Generated_Source\PSoC6\pdl\drivers/peripheral/scb/cy_scb_uart.h **** 
 845:Generated_Source\PSoC6\pdl\drivers/peripheral/scb/cy_scb_uart.h **** /** All data has been transmitted out of the FIFO, including shifter */
 846:Generated_Source\PSoC6\pdl\drivers/peripheral/scb/cy_scb_uart.h **** #define CY_SCB_UART_TX_DONE        (SCB_INTR_TX_UART_DONE_Msk)
 847:Generated_Source\PSoC6\pdl\drivers/peripheral/scb/cy_scb_uart.h **** 
 848:Generated_Source\PSoC6\pdl\drivers/peripheral/scb/cy_scb_uart.h **** /** SmartCard only: the transmitter received a NACK */
 849:Generated_Source\PSoC6\pdl\drivers/peripheral/scb/cy_scb_uart.h **** #define CY_SCB_UART_TX_NACK        (SCB_INTR_TX_UART_NACK_Msk)
 850:Generated_Source\PSoC6\pdl\drivers/peripheral/scb/cy_scb_uart.h **** 
 851:Generated_Source\PSoC6\pdl\drivers/peripheral/scb/cy_scb_uart.h **** /** SmartCard only: the transmitter lost arbitration */
 852:Generated_Source\PSoC6\pdl\drivers/peripheral/scb/cy_scb_uart.h **** #define CY_SCB_UART_TX_ARB_LOST    (SCB_INTR_TX_UART_ARB_LOST_Msk)
 853:Generated_Source\PSoC6\pdl\drivers/peripheral/scb/cy_scb_uart.h **** /** \} group_scb_uart_macros_tx_fifo_status */
 854:Generated_Source\PSoC6\pdl\drivers/peripheral/scb/cy_scb_uart.h **** 
 855:Generated_Source\PSoC6\pdl\drivers/peripheral/scb/cy_scb_uart.h **** /**
 856:Generated_Source\PSoC6\pdl\drivers/peripheral/scb/cy_scb_uart.h **** * \defgroup group_scb_uart_macros_receive_status UART Receive Statuses
 857:Generated_Source\PSoC6\pdl\drivers/peripheral/scb/cy_scb_uart.h **** * \{
 858:Generated_Source\PSoC6\pdl\drivers/peripheral/scb/cy_scb_uart.h **** * Macros to check current UART receive status returned by 
 859:Generated_Source\PSoC6\pdl\drivers/peripheral/scb/cy_scb_uart.h **** * \ref Cy_SCB_UART_GetReceiveStatus function. 
 860:Generated_Source\PSoC6\pdl\drivers/peripheral/scb/cy_scb_uart.h **** * Each UART receive status is encoded in a separate bit, therefore multiple bits
 861:Generated_Source\PSoC6\pdl\drivers/peripheral/scb/cy_scb_uart.h **** * may be set to indicate the current status.
 862:Generated_Source\PSoC6\pdl\drivers/peripheral/scb/cy_scb_uart.h **** */
 863:Generated_Source\PSoC6\pdl\drivers/peripheral/scb/cy_scb_uart.h **** /** The receive operation started by \ref Cy_SCB_UART_Receive is in progress */
 864:Generated_Source\PSoC6\pdl\drivers/peripheral/scb/cy_scb_uart.h **** #define CY_SCB_UART_RECEIVE_ACTIVE         (0x01UL)
 865:Generated_Source\PSoC6\pdl\drivers/peripheral/scb/cy_scb_uart.h **** 
 866:Generated_Source\PSoC6\pdl\drivers/peripheral/scb/cy_scb_uart.h **** /**
 867:Generated_Source\PSoC6\pdl\drivers/peripheral/scb/cy_scb_uart.h **** * The hardware RX FIFO was full and there was an attempt to write to it.
 868:Generated_Source\PSoC6\pdl\drivers/peripheral/scb/cy_scb_uart.h **** * That additional data was dropped.
 869:Generated_Source\PSoC6\pdl\drivers/peripheral/scb/cy_scb_uart.h **** */
 870:Generated_Source\PSoC6\pdl\drivers/peripheral/scb/cy_scb_uart.h **** #define CY_SCB_UART_RECEIVE_OVERFLOW       (SCB_INTR_RX_OVERFLOW_Msk)
 871:Generated_Source\PSoC6\pdl\drivers/peripheral/scb/cy_scb_uart.h **** 
 872:Generated_Source\PSoC6\pdl\drivers/peripheral/scb/cy_scb_uart.h **** /** The receive hardware detected a frame error, either a start or
 873:Generated_Source\PSoC6\pdl\drivers/peripheral/scb/cy_scb_uart.h **** * stop bit error
 874:Generated_Source\PSoC6\pdl\drivers/peripheral/scb/cy_scb_uart.h **** */
 875:Generated_Source\PSoC6\pdl\drivers/peripheral/scb/cy_scb_uart.h **** #define CY_SCB_UART_RECEIVE_ERR_FRAME      (SCB_INTR_RX_FRAME_ERROR_Msk)
 876:Generated_Source\PSoC6\pdl\drivers/peripheral/scb/cy_scb_uart.h **** 
 877:Generated_Source\PSoC6\pdl\drivers/peripheral/scb/cy_scb_uart.h **** /** The receive hardware detected a parity error */
 878:Generated_Source\PSoC6\pdl\drivers/peripheral/scb/cy_scb_uart.h **** #define CY_SCB_UART_RECEIVE_ERR_PARITY     (SCB_INTR_RX_PARITY_ERROR_Msk)
 879:Generated_Source\PSoC6\pdl\drivers/peripheral/scb/cy_scb_uart.h **** 
 880:Generated_Source\PSoC6\pdl\drivers/peripheral/scb/cy_scb_uart.h **** /** The receive hardware detected a break transmission from transmitter */
 881:Generated_Source\PSoC6\pdl\drivers/peripheral/scb/cy_scb_uart.h **** #define CY_SCB_UART_RECEIVE_BREAK_DETECT   (SCB_INTR_RX_BREAK_DETECT_Msk)
 882:Generated_Source\PSoC6\pdl\drivers/peripheral/scb/cy_scb_uart.h **** /** \} group_scb_uart_macros_receive_status */
 883:Generated_Source\PSoC6\pdl\drivers/peripheral/scb/cy_scb_uart.h **** 
 884:Generated_Source\PSoC6\pdl\drivers/peripheral/scb/cy_scb_uart.h **** /**
 885:Generated_Source\PSoC6\pdl\drivers/peripheral/scb/cy_scb_uart.h **** * \defgroup group_scb_uart_macros_transmit_status UART Transmit Status
 886:Generated_Source\PSoC6\pdl\drivers/peripheral/scb/cy_scb_uart.h **** * \{
 887:Generated_Source\PSoC6\pdl\drivers/peripheral/scb/cy_scb_uart.h **** * Macros to check current UART transmit status returned by 
 888:Generated_Source\PSoC6\pdl\drivers/peripheral/scb/cy_scb_uart.h **** * \ref Cy_SCB_UART_GetTransmitStatus function. 
 889:Generated_Source\PSoC6\pdl\drivers/peripheral/scb/cy_scb_uart.h **** * Each UART transmit status is encoded in a separate bit, therefore multiple bits
 890:Generated_Source\PSoC6\pdl\drivers/peripheral/scb/cy_scb_uart.h **** * may be set to indicate the current status.
 891:Generated_Source\PSoC6\pdl\drivers/peripheral/scb/cy_scb_uart.h **** */
 892:Generated_Source\PSoC6\pdl\drivers/peripheral/scb/cy_scb_uart.h **** 
 893:Generated_Source\PSoC6\pdl\drivers/peripheral/scb/cy_scb_uart.h **** /** The transmit operation started by \ref Cy_SCB_UART_Transmit is in progress */
 894:Generated_Source\PSoC6\pdl\drivers/peripheral/scb/cy_scb_uart.h **** #define CY_SCB_UART_TRANSMIT_ACTIVE    (0x01UL)
 895:Generated_Source\PSoC6\pdl\drivers/peripheral/scb/cy_scb_uart.h **** 
 896:Generated_Source\PSoC6\pdl\drivers/peripheral/scb/cy_scb_uart.h **** /**
 897:Generated_Source\PSoC6\pdl\drivers/peripheral/scb/cy_scb_uart.h **** * All data elements specified by \ref Cy_SCB_UART_Transmit have been loaded
 898:Generated_Source\PSoC6\pdl\drivers/peripheral/scb/cy_scb_uart.h **** * into the TX FIFO
 899:Generated_Source\PSoC6\pdl\drivers/peripheral/scb/cy_scb_uart.h **** */
ARM GAS  C:\Users\Finik\AppData\Local\Temp\ccY85NDM.s 			page 61


 900:Generated_Source\PSoC6\pdl\drivers/peripheral/scb/cy_scb_uart.h **** #define CY_SCB_UART_TRANSMIT_IN_FIFO   (0x02UL)
 901:Generated_Source\PSoC6\pdl\drivers/peripheral/scb/cy_scb_uart.h **** 
 902:Generated_Source\PSoC6\pdl\drivers/peripheral/scb/cy_scb_uart.h **** /** SmartCard only: the transmitter received a NACK */
 903:Generated_Source\PSoC6\pdl\drivers/peripheral/scb/cy_scb_uart.h **** #define CY_SCB_UART_TRANSMIT_NACK      (SCB_INTR_TX_UART_NACK_Msk)
 904:Generated_Source\PSoC6\pdl\drivers/peripheral/scb/cy_scb_uart.h **** 
 905:Generated_Source\PSoC6\pdl\drivers/peripheral/scb/cy_scb_uart.h **** /** SmartCard only: the transmitter lost arbitration */
 906:Generated_Source\PSoC6\pdl\drivers/peripheral/scb/cy_scb_uart.h **** #define CY_SCB_UART_TRANSMIT_ARB_LOST  (SCB_INTR_TX_UART_ARB_LOST_Msk)
 907:Generated_Source\PSoC6\pdl\drivers/peripheral/scb/cy_scb_uart.h **** /** \} group_scb_uart_macros_transmit_status */
 908:Generated_Source\PSoC6\pdl\drivers/peripheral/scb/cy_scb_uart.h **** 
 909:Generated_Source\PSoC6\pdl\drivers/peripheral/scb/cy_scb_uart.h **** /**
 910:Generated_Source\PSoC6\pdl\drivers/peripheral/scb/cy_scb_uart.h **** * \defgroup group_scb_uart_macros_callback_events UART Callback Events
 911:Generated_Source\PSoC6\pdl\drivers/peripheral/scb/cy_scb_uart.h **** * \{
 912:Generated_Source\PSoC6\pdl\drivers/peripheral/scb/cy_scb_uart.h **** * Macros to check UART events passed by \ref cy_cb_scb_uart_handle_events_t callback.
 913:Generated_Source\PSoC6\pdl\drivers/peripheral/scb/cy_scb_uart.h **** * Note that only single event is notified by the callback when it is called.
 914:Generated_Source\PSoC6\pdl\drivers/peripheral/scb/cy_scb_uart.h **** */
 915:Generated_Source\PSoC6\pdl\drivers/peripheral/scb/cy_scb_uart.h **** 
 916:Generated_Source\PSoC6\pdl\drivers/peripheral/scb/cy_scb_uart.h **** /**
 917:Generated_Source\PSoC6\pdl\drivers/peripheral/scb/cy_scb_uart.h **** * All data elements specified by \ref Cy_SCB_UART_Transmit have been loaded
 918:Generated_Source\PSoC6\pdl\drivers/peripheral/scb/cy_scb_uart.h **** * into the TX FIFO
 919:Generated_Source\PSoC6\pdl\drivers/peripheral/scb/cy_scb_uart.h **** */
 920:Generated_Source\PSoC6\pdl\drivers/peripheral/scb/cy_scb_uart.h **** #define CY_SCB_UART_TRANSMIT_IN_FIFO_EVENT (0x01UL)
 921:Generated_Source\PSoC6\pdl\drivers/peripheral/scb/cy_scb_uart.h **** 
 922:Generated_Source\PSoC6\pdl\drivers/peripheral/scb/cy_scb_uart.h **** /** The transmit operation started by \ref Cy_SCB_UART_Transmit is complete */
 923:Generated_Source\PSoC6\pdl\drivers/peripheral/scb/cy_scb_uart.h **** #define CY_SCB_UART_TRANSMIT_DONE_EVENT    (0x02UL)
 924:Generated_Source\PSoC6\pdl\drivers/peripheral/scb/cy_scb_uart.h **** 
 925:Generated_Source\PSoC6\pdl\drivers/peripheral/scb/cy_scb_uart.h **** /** The receive operation started by \ref Cy_SCB_UART_Receive is complete */
 926:Generated_Source\PSoC6\pdl\drivers/peripheral/scb/cy_scb_uart.h **** #define CY_SCB_UART_RECEIVE_DONE_EVENT     (0x04UL)
 927:Generated_Source\PSoC6\pdl\drivers/peripheral/scb/cy_scb_uart.h **** 
 928:Generated_Source\PSoC6\pdl\drivers/peripheral/scb/cy_scb_uart.h **** /**
 929:Generated_Source\PSoC6\pdl\drivers/peripheral/scb/cy_scb_uart.h **** * The ring buffer is full, there is no more space for additional data.
 930:Generated_Source\PSoC6\pdl\drivers/peripheral/scb/cy_scb_uart.h **** * Additional data is stored in the RX FIFO until it becomes full, at which
 931:Generated_Source\PSoC6\pdl\drivers/peripheral/scb/cy_scb_uart.h **** * point data is dropped.
 932:Generated_Source\PSoC6\pdl\drivers/peripheral/scb/cy_scb_uart.h **** */
 933:Generated_Source\PSoC6\pdl\drivers/peripheral/scb/cy_scb_uart.h **** #define CY_SCB_UART_RB_FULL_EVENT          (0x08UL)
 934:Generated_Source\PSoC6\pdl\drivers/peripheral/scb/cy_scb_uart.h **** 
 935:Generated_Source\PSoC6\pdl\drivers/peripheral/scb/cy_scb_uart.h **** /**
 936:Generated_Source\PSoC6\pdl\drivers/peripheral/scb/cy_scb_uart.h **** * An error was detected during the receive operation. This includes overflow,
 937:Generated_Source\PSoC6\pdl\drivers/peripheral/scb/cy_scb_uart.h **** * frame error, or parity error. Check \ref Cy_SCB_UART_GetReceiveStatus to
 938:Generated_Source\PSoC6\pdl\drivers/peripheral/scb/cy_scb_uart.h **** * determine the source of the error.
 939:Generated_Source\PSoC6\pdl\drivers/peripheral/scb/cy_scb_uart.h **** */
 940:Generated_Source\PSoC6\pdl\drivers/peripheral/scb/cy_scb_uart.h **** #define CY_SCB_UART_RECEIVE_ERR_EVENT      (0x10UL)
 941:Generated_Source\PSoC6\pdl\drivers/peripheral/scb/cy_scb_uart.h **** 
 942:Generated_Source\PSoC6\pdl\drivers/peripheral/scb/cy_scb_uart.h **** /**
 943:Generated_Source\PSoC6\pdl\drivers/peripheral/scb/cy_scb_uart.h **** * An error was detected during the transmit operation. This includes a NACK
 944:Generated_Source\PSoC6\pdl\drivers/peripheral/scb/cy_scb_uart.h **** * or lost arbitration. Check \ref Cy_SCB_UART_GetTransmitStatus to determine
 945:Generated_Source\PSoC6\pdl\drivers/peripheral/scb/cy_scb_uart.h **** * the source of the error
 946:Generated_Source\PSoC6\pdl\drivers/peripheral/scb/cy_scb_uart.h **** */
 947:Generated_Source\PSoC6\pdl\drivers/peripheral/scb/cy_scb_uart.h **** #define CY_SCB_UART_TRANSMIT_ERR_EVENT     (0x20UL)
 948:Generated_Source\PSoC6\pdl\drivers/peripheral/scb/cy_scb_uart.h **** /** \} group_scb_uart_macros_callback_events */
 949:Generated_Source\PSoC6\pdl\drivers/peripheral/scb/cy_scb_uart.h **** 
 950:Generated_Source\PSoC6\pdl\drivers/peripheral/scb/cy_scb_uart.h **** /** Data returned by the hardware when an empty RX FIFO is read */
 951:Generated_Source\PSoC6\pdl\drivers/peripheral/scb/cy_scb_uart.h **** #define CY_SCB_UART_RX_NO_DATA         (0xFFFFFFFFUL)
 952:Generated_Source\PSoC6\pdl\drivers/peripheral/scb/cy_scb_uart.h **** 
 953:Generated_Source\PSoC6\pdl\drivers/peripheral/scb/cy_scb_uart.h **** 
 954:Generated_Source\PSoC6\pdl\drivers/peripheral/scb/cy_scb_uart.h **** /*******************************************************************************
 955:Generated_Source\PSoC6\pdl\drivers/peripheral/scb/cy_scb_uart.h **** *                            Internal Constants
 956:Generated_Source\PSoC6\pdl\drivers/peripheral/scb/cy_scb_uart.h **** *******************************************************************************/
ARM GAS  C:\Users\Finik\AppData\Local\Temp\ccY85NDM.s 			page 62


 957:Generated_Source\PSoC6\pdl\drivers/peripheral/scb/cy_scb_uart.h **** 
 958:Generated_Source\PSoC6\pdl\drivers/peripheral/scb/cy_scb_uart.h **** /** \cond INTERNAL */
 959:Generated_Source\PSoC6\pdl\drivers/peripheral/scb/cy_scb_uart.h **** #define CY_SCB_UART_TX_INTR_MASK    (CY_SCB_UART_TX_TRIGGER  | CY_SCB_UART_TX_NOT_FULL  | CY_SCB_UA
 960:Generated_Source\PSoC6\pdl\drivers/peripheral/scb/cy_scb_uart.h ****                                      CY_SCB_UART_TX_OVERFLOW | CY_SCB_UART_TX_UNDERFLOW | CY_SCB_UA
 961:Generated_Source\PSoC6\pdl\drivers/peripheral/scb/cy_scb_uart.h ****                                      CY_SCB_UART_TX_NACK     | CY_SCB_UART_TX_ARB_LOST)
 962:Generated_Source\PSoC6\pdl\drivers/peripheral/scb/cy_scb_uart.h **** 
 963:Generated_Source\PSoC6\pdl\drivers/peripheral/scb/cy_scb_uart.h **** #define CY_SCB_UART_RX_INTR_MASK    (CY_SCB_UART_RX_TRIGGER    | CY_SCB_UART_RX_NOT_EMPTY | CY_SCB_
 964:Generated_Source\PSoC6\pdl\drivers/peripheral/scb/cy_scb_uart.h ****                                      CY_SCB_UART_RX_OVERFLOW   | CY_SCB_UART_RX_UNDERFLOW | CY_SCB_
 965:Generated_Source\PSoC6\pdl\drivers/peripheral/scb/cy_scb_uart.h ****                                      CY_SCB_UART_RX_ERR_PARITY | CY_SCB_UART_RX_BREAK_DETECT)
 966:Generated_Source\PSoC6\pdl\drivers/peripheral/scb/cy_scb_uart.h **** 
 967:Generated_Source\PSoC6\pdl\drivers/peripheral/scb/cy_scb_uart.h **** #define CY_SCB_UART_TX_INTR        (CY_SCB_TX_INTR_LEVEL | CY_SCB_TX_INTR_UART_NACK | CY_SCB_TX_INT
 968:Generated_Source\PSoC6\pdl\drivers/peripheral/scb/cy_scb_uart.h **** 
 969:Generated_Source\PSoC6\pdl\drivers/peripheral/scb/cy_scb_uart.h **** #define CY_SCB_UART_RX_INTR        (CY_SCB_RX_INTR_LEVEL | CY_SCB_RX_INTR_OVERFLOW | CY_SCB_RX_INTR
 970:Generated_Source\PSoC6\pdl\drivers/peripheral/scb/cy_scb_uart.h ****                                     CY_SCB_RX_INTR_UART_PARITY_ERROR | CY_SCB_RX_INTR_UART_BREAK_DE
 971:Generated_Source\PSoC6\pdl\drivers/peripheral/scb/cy_scb_uart.h **** 
 972:Generated_Source\PSoC6\pdl\drivers/peripheral/scb/cy_scb_uart.h **** #define CY_SCB_UART_RECEIVE_ERR    (CY_SCB_RX_INTR_OVERFLOW | CY_SCB_RX_INTR_UART_FRAME_ERROR | \
 973:Generated_Source\PSoC6\pdl\drivers/peripheral/scb/cy_scb_uart.h ****                                     CY_SCB_RX_INTR_UART_PARITY_ERROR)
 974:Generated_Source\PSoC6\pdl\drivers/peripheral/scb/cy_scb_uart.h **** 
 975:Generated_Source\PSoC6\pdl\drivers/peripheral/scb/cy_scb_uart.h **** #define CY_SCB_UART_TRANSMIT_ERR   (CY_SCB_TX_INTR_UART_NACK | CY_SCB_TX_INTR_UART_ARB_LOST)
 976:Generated_Source\PSoC6\pdl\drivers/peripheral/scb/cy_scb_uart.h **** 
 977:Generated_Source\PSoC6\pdl\drivers/peripheral/scb/cy_scb_uart.h **** #define CY_SCB_UART_INIT_KEY       (0x00ABCDEFUL)
 978:Generated_Source\PSoC6\pdl\drivers/peripheral/scb/cy_scb_uart.h **** 
 979:Generated_Source\PSoC6\pdl\drivers/peripheral/scb/cy_scb_uart.h **** #define CY_SCB_UART_IS_MODE_VALID(mode)     ( (CY_SCB_UART_STANDARD  == (mode)) || \
 980:Generated_Source\PSoC6\pdl\drivers/peripheral/scb/cy_scb_uart.h ****                                               (CY_SCB_UART_SMARTCARD == (mode)) || \
 981:Generated_Source\PSoC6\pdl\drivers/peripheral/scb/cy_scb_uart.h ****                                               (CY_SCB_UART_IRDA      == (mode)) )
 982:Generated_Source\PSoC6\pdl\drivers/peripheral/scb/cy_scb_uart.h **** 
 983:Generated_Source\PSoC6\pdl\drivers/peripheral/scb/cy_scb_uart.h **** #define CY_SCB_UART_IS_STOP_BITS_VALID(stopBits)    ( (CY_SCB_UART_STOP_BITS_1   == (stopBits)) || 
 984:Generated_Source\PSoC6\pdl\drivers/peripheral/scb/cy_scb_uart.h ****                                                       (CY_SCB_UART_STOP_BITS_1_5 == (stopBits)) || 
 985:Generated_Source\PSoC6\pdl\drivers/peripheral/scb/cy_scb_uart.h ****                                                       (CY_SCB_UART_STOP_BITS_2   == (stopBits)) || 
 986:Generated_Source\PSoC6\pdl\drivers/peripheral/scb/cy_scb_uart.h ****                                                       (CY_SCB_UART_STOP_BITS_2_5 == (stopBits)) || 
 987:Generated_Source\PSoC6\pdl\drivers/peripheral/scb/cy_scb_uart.h ****                                                       (CY_SCB_UART_STOP_BITS_3   == (stopBits)) || 
 988:Generated_Source\PSoC6\pdl\drivers/peripheral/scb/cy_scb_uart.h ****                                                       (CY_SCB_UART_STOP_BITS_3_5 == (stopBits)) || 
 989:Generated_Source\PSoC6\pdl\drivers/peripheral/scb/cy_scb_uart.h ****                                                       (CY_SCB_UART_STOP_BITS_4   == (stopBits)) )
 990:Generated_Source\PSoC6\pdl\drivers/peripheral/scb/cy_scb_uart.h **** 
 991:Generated_Source\PSoC6\pdl\drivers/peripheral/scb/cy_scb_uart.h **** #define CY_SCB_UART_IS_PARITY_VALID(parity)         ( (CY_SCB_UART_PARITY_NONE == (parity)) || \
 992:Generated_Source\PSoC6\pdl\drivers/peripheral/scb/cy_scb_uart.h ****                                                       (CY_SCB_UART_PARITY_EVEN == (parity)) || \
 993:Generated_Source\PSoC6\pdl\drivers/peripheral/scb/cy_scb_uart.h ****                                                       (CY_SCB_UART_PARITY_ODD  == (parity)) )
 994:Generated_Source\PSoC6\pdl\drivers/peripheral/scb/cy_scb_uart.h **** 
 995:Generated_Source\PSoC6\pdl\drivers/peripheral/scb/cy_scb_uart.h **** #define CY_SCB_UART_IS_POLARITY_VALID(polarity)     ( (CY_SCB_UART_ACTIVE_LOW  == (polarity)) || \
 996:Generated_Source\PSoC6\pdl\drivers/peripheral/scb/cy_scb_uart.h ****                                                       (CY_SCB_UART_ACTIVE_HIGH == (polarity)) )
 997:Generated_Source\PSoC6\pdl\drivers/peripheral/scb/cy_scb_uart.h **** 
 998:Generated_Source\PSoC6\pdl\drivers/peripheral/scb/cy_scb_uart.h **** #define CY_SCB_UART_IS_IRDA_LP_OVS_VALID(ovs)       ( (CY_SCB_UART_IRDA_LP_OVS16   == (ovs)) || \
 999:Generated_Source\PSoC6\pdl\drivers/peripheral/scb/cy_scb_uart.h ****                                                       (CY_SCB_UART_IRDA_LP_OVS32   == (ovs)) || \
1000:Generated_Source\PSoC6\pdl\drivers/peripheral/scb/cy_scb_uart.h ****                                                       (CY_SCB_UART_IRDA_LP_OVS48   == (ovs)) || \
1001:Generated_Source\PSoC6\pdl\drivers/peripheral/scb/cy_scb_uart.h ****                                                       (CY_SCB_UART_IRDA_LP_OVS96   == (ovs)) || \
1002:Generated_Source\PSoC6\pdl\drivers/peripheral/scb/cy_scb_uart.h ****                                                       (CY_SCB_UART_IRDA_LP_OVS192  == (ovs)) || \
1003:Generated_Source\PSoC6\pdl\drivers/peripheral/scb/cy_scb_uart.h ****                                                       (CY_SCB_UART_IRDA_LP_OVS768  == (ovs)) || \
1004:Generated_Source\PSoC6\pdl\drivers/peripheral/scb/cy_scb_uart.h ****                                                       (CY_SCB_UART_IRDA_LP_OVS1536 == (ovs)) )
1005:Generated_Source\PSoC6\pdl\drivers/peripheral/scb/cy_scb_uart.h **** 
1006:Generated_Source\PSoC6\pdl\drivers/peripheral/scb/cy_scb_uart.h **** #define CY_SCB_UART_IS_ADDRESS_VALID(addr)          ((addr) <= 0xFFUL)
1007:Generated_Source\PSoC6\pdl\drivers/peripheral/scb/cy_scb_uart.h **** #define CY_SCB_UART_IS_ADDRESS_MASK_VALID(mask)     ((mask) <= 0xFFUL)
1008:Generated_Source\PSoC6\pdl\drivers/peripheral/scb/cy_scb_uart.h **** #define CY_SCB_UART_IS_DATA_WIDTH_VALID(width)      ( ((width) >= 5UL) && ((width) <= 9UL) )
1009:Generated_Source\PSoC6\pdl\drivers/peripheral/scb/cy_scb_uart.h **** #define CY_SCB_UART_IS_OVERSAMPLE_VALID(ovs, mode, lpRx)    ( ((CY_SCB_UART_STANDARD  == (mode)) ||
1010:Generated_Source\PSoC6\pdl\drivers/peripheral/scb/cy_scb_uart.h ****                                                               (((ovs) >= 8UL) && ((ovs) <= 16UL)) :
1011:Generated_Source\PSoC6\pdl\drivers/peripheral/scb/cy_scb_uart.h ****                                                               ((lpRx) ? CY_SCB_UART_IS_IRDA_LP_OVS_
1012:Generated_Source\PSoC6\pdl\drivers/peripheral/scb/cy_scb_uart.h **** 
1013:Generated_Source\PSoC6\pdl\drivers/peripheral/scb/cy_scb_uart.h **** #define CY_SCB_UART_IS_RX_BREAK_WIDTH_VALID(base, width)    ( ((width) >= (_FLD2VAL(SCB_RX_CTRL_DAT
ARM GAS  C:\Users\Finik\AppData\Local\Temp\ccY85NDM.s 			page 63


1014:Generated_Source\PSoC6\pdl\drivers/peripheral/scb/cy_scb_uart.h ****                                                               ((width) <= 16UL) )
1015:Generated_Source\PSoC6\pdl\drivers/peripheral/scb/cy_scb_uart.h **** #define CY_SCB_UART_IS_TX_BREAK_WIDTH_VALID(width)          ( ((width) >= 4UL) && ((width) <= 16UL)
1016:Generated_Source\PSoC6\pdl\drivers/peripheral/scb/cy_scb_uart.h **** 
1017:Generated_Source\PSoC6\pdl\drivers/peripheral/scb/cy_scb_uart.h **** #define CY_SCB_UART_IS_MUTLI_PROC_VALID(mp, mode, width, parity)    ( (mp) ? ((CY_SCB_UART_STANDARD
1018:Generated_Source\PSoC6\pdl\drivers/peripheral/scb/cy_scb_uart.h ****                                                                               (CY_SCB_UART_PARITY_N
1019:Generated_Source\PSoC6\pdl\drivers/peripheral/scb/cy_scb_uart.h **** /** \endcond */
1020:Generated_Source\PSoC6\pdl\drivers/peripheral/scb/cy_scb_uart.h **** 
1021:Generated_Source\PSoC6\pdl\drivers/peripheral/scb/cy_scb_uart.h **** /** \} group_scb_uart_macros */
1022:Generated_Source\PSoC6\pdl\drivers/peripheral/scb/cy_scb_uart.h **** 
1023:Generated_Source\PSoC6\pdl\drivers/peripheral/scb/cy_scb_uart.h **** 
1024:Generated_Source\PSoC6\pdl\drivers/peripheral/scb/cy_scb_uart.h **** /*******************************************************************************
1025:Generated_Source\PSoC6\pdl\drivers/peripheral/scb/cy_scb_uart.h **** *                    In-line Function Implementation
1026:Generated_Source\PSoC6\pdl\drivers/peripheral/scb/cy_scb_uart.h **** *******************************************************************************/
1027:Generated_Source\PSoC6\pdl\drivers/peripheral/scb/cy_scb_uart.h **** 
1028:Generated_Source\PSoC6\pdl\drivers/peripheral/scb/cy_scb_uart.h **** /**
1029:Generated_Source\PSoC6\pdl\drivers/peripheral/scb/cy_scb_uart.h **** * \addtogroup group_scb_uart_general_functions
1030:Generated_Source\PSoC6\pdl\drivers/peripheral/scb/cy_scb_uart.h **** * \{
1031:Generated_Source\PSoC6\pdl\drivers/peripheral/scb/cy_scb_uart.h **** */
1032:Generated_Source\PSoC6\pdl\drivers/peripheral/scb/cy_scb_uart.h **** 
1033:Generated_Source\PSoC6\pdl\drivers/peripheral/scb/cy_scb_uart.h **** /*******************************************************************************
1034:Generated_Source\PSoC6\pdl\drivers/peripheral/scb/cy_scb_uart.h **** * Function Name: Cy_SCB_UART_Enable
1035:Generated_Source\PSoC6\pdl\drivers/peripheral/scb/cy_scb_uart.h **** ****************************************************************************//**
1036:Generated_Source\PSoC6\pdl\drivers/peripheral/scb/cy_scb_uart.h **** *
1037:Generated_Source\PSoC6\pdl\drivers/peripheral/scb/cy_scb_uart.h **** * Enables the SCB block for the UART operation.
1038:Generated_Source\PSoC6\pdl\drivers/peripheral/scb/cy_scb_uart.h **** *
1039:Generated_Source\PSoC6\pdl\drivers/peripheral/scb/cy_scb_uart.h **** * \param base
1040:Generated_Source\PSoC6\pdl\drivers/peripheral/scb/cy_scb_uart.h **** * The pointer to the UART SCB instance.
1041:Generated_Source\PSoC6\pdl\drivers/peripheral/scb/cy_scb_uart.h **** *
1042:Generated_Source\PSoC6\pdl\drivers/peripheral/scb/cy_scb_uart.h **** *******************************************************************************/
1043:Generated_Source\PSoC6\pdl\drivers/peripheral/scb/cy_scb_uart.h **** __STATIC_INLINE void Cy_SCB_UART_Enable(CySCB_Type *base)
1044:Generated_Source\PSoC6\pdl\drivers/peripheral/scb/cy_scb_uart.h **** {
1045:Generated_Source\PSoC6\pdl\drivers/peripheral/scb/cy_scb_uart.h ****     SCB_CTRL(base) |= SCB_CTRL_ENABLED_Msk;
 111              		.loc 4 1045 0
 112 000e 2368     		ldr	r3, [r4]
 113 0010 43F00043 		orr	r3, r3, #-2147483648
 114 0014 2360     		str	r3, [r4]
 115              	.LVL6:
 116 0016 10BD     		pop	{r4, pc}
 117              	.L8:
 118              		.align	2
 119              	.L7:
 120 0018 00006640 		.word	1080426496
 121 001c 00000000 		.word	UART_context
 122 0020 00000000 		.word	UART_config
 123              	.LBE41:
 124              	.LBE40:
 125              		.cfi_endproc
 126              	.LFE556:
 127              		.size	UartInit, .-UartInit
 128              		.section	.text.TimerInit,"ax",%progbits
 129              		.align	2
 130              		.global	TimerInit
 131              		.thumb
 132              		.thumb_func
 133              		.type	TimerInit, %function
 134              	TimerInit:
 135              	.LFB557:
ARM GAS  C:\Users\Finik\AppData\Local\Temp\ccY85NDM.s 			page 64


  45:main_cm4.c    ****     Cy_TCPWM_Counter_Init(Timer_HW, Timer_CNT_NUM, &Timer_config);
 136              		.loc 1 45 0
 137              		.cfi_startproc
 138              		@ args = 0, pretend = 0, frame = 0
 139              		@ frame_needed = 0, uses_anonymous_args = 0
 140 0000 10B5     		push	{r4, lr}
 141              		.cfi_def_cfa_offset 8
 142              		.cfi_offset 4, -8
 143              		.cfi_offset 14, -4
  46:main_cm4.c    ****     Cy_TCPWM_Counter_Enable(Timer_HW, Timer_CNT_NUM);
 144              		.loc 1 46 0
 145 0002 0E4C     		ldr	r4, .L12
 146 0004 0E4A     		ldr	r2, .L12+4
 147 0006 0021     		movs	r1, #0
 148 0008 2046     		mov	r0, r4
 149 000a FFF7FEFF 		bl	Cy_TCPWM_Counter_Init
 150              	.LVL7:
 151              	.LBB42:
 152              	.LBB43:
 153              		.file 5 "Generated_Source\\PSoC6\\pdl\\drivers/peripheral/tcpwm/cy_tcpwm_counter.h"
   1:Generated_Source\PSoC6\pdl\drivers/peripheral/tcpwm/cy_tcpwm_counter.h **** /***************************************************************************//**
   2:Generated_Source\PSoC6\pdl\drivers/peripheral/tcpwm/cy_tcpwm_counter.h **** * \file cy_tcpwm_counter.h
   3:Generated_Source\PSoC6\pdl\drivers/peripheral/tcpwm/cy_tcpwm_counter.h **** * \version 1.10
   4:Generated_Source\PSoC6\pdl\drivers/peripheral/tcpwm/cy_tcpwm_counter.h **** *
   5:Generated_Source\PSoC6\pdl\drivers/peripheral/tcpwm/cy_tcpwm_counter.h **** * \brief
   6:Generated_Source\PSoC6\pdl\drivers/peripheral/tcpwm/cy_tcpwm_counter.h **** * The header file of the TCPWM Timer Counter driver.
   7:Generated_Source\PSoC6\pdl\drivers/peripheral/tcpwm/cy_tcpwm_counter.h **** *
   8:Generated_Source\PSoC6\pdl\drivers/peripheral/tcpwm/cy_tcpwm_counter.h **** ********************************************************************************
   9:Generated_Source\PSoC6\pdl\drivers/peripheral/tcpwm/cy_tcpwm_counter.h **** * \copyright
  10:Generated_Source\PSoC6\pdl\drivers/peripheral/tcpwm/cy_tcpwm_counter.h **** * Copyright 2016-2018, Cypress Semiconductor Corporation. All rights reserved.
  11:Generated_Source\PSoC6\pdl\drivers/peripheral/tcpwm/cy_tcpwm_counter.h **** * You may use this file only in accordance with the license, terms, conditions,
  12:Generated_Source\PSoC6\pdl\drivers/peripheral/tcpwm/cy_tcpwm_counter.h **** * disclaimers, and limitations in the end user license agreement accompanying
  13:Generated_Source\PSoC6\pdl\drivers/peripheral/tcpwm/cy_tcpwm_counter.h **** * the software package with which this file was provided.
  14:Generated_Source\PSoC6\pdl\drivers/peripheral/tcpwm/cy_tcpwm_counter.h **** *******************************************************************************/
  15:Generated_Source\PSoC6\pdl\drivers/peripheral/tcpwm/cy_tcpwm_counter.h **** 
  16:Generated_Source\PSoC6\pdl\drivers/peripheral/tcpwm/cy_tcpwm_counter.h **** #if !defined(CY_TCPWM_COUNTER_H)
  17:Generated_Source\PSoC6\pdl\drivers/peripheral/tcpwm/cy_tcpwm_counter.h **** #define CY_TCPWM_COUNTER_H
  18:Generated_Source\PSoC6\pdl\drivers/peripheral/tcpwm/cy_tcpwm_counter.h **** 
  19:Generated_Source\PSoC6\pdl\drivers/peripheral/tcpwm/cy_tcpwm_counter.h **** #include "cy_tcpwm.h"
  20:Generated_Source\PSoC6\pdl\drivers/peripheral/tcpwm/cy_tcpwm_counter.h **** 
  21:Generated_Source\PSoC6\pdl\drivers/peripheral/tcpwm/cy_tcpwm_counter.h **** #if defined(__cplusplus)
  22:Generated_Source\PSoC6\pdl\drivers/peripheral/tcpwm/cy_tcpwm_counter.h **** extern "C" {
  23:Generated_Source\PSoC6\pdl\drivers/peripheral/tcpwm/cy_tcpwm_counter.h **** #endif
  24:Generated_Source\PSoC6\pdl\drivers/peripheral/tcpwm/cy_tcpwm_counter.h **** 
  25:Generated_Source\PSoC6\pdl\drivers/peripheral/tcpwm/cy_tcpwm_counter.h **** /**
  26:Generated_Source\PSoC6\pdl\drivers/peripheral/tcpwm/cy_tcpwm_counter.h **** * \addtogroup group_tcpwm_counter
  27:Generated_Source\PSoC6\pdl\drivers/peripheral/tcpwm/cy_tcpwm_counter.h **** * \{
  28:Generated_Source\PSoC6\pdl\drivers/peripheral/tcpwm/cy_tcpwm_counter.h **** * Driver API for Timer/Counter.
  29:Generated_Source\PSoC6\pdl\drivers/peripheral/tcpwm/cy_tcpwm_counter.h **** * 
  30:Generated_Source\PSoC6\pdl\drivers/peripheral/tcpwm/cy_tcpwm_counter.h **** * The functions and other declarations used in this part of the driver are 
  31:Generated_Source\PSoC6\pdl\drivers/peripheral/tcpwm/cy_tcpwm_counter.h **** * in cy_tcpwm_counter.h. You can also include cy_pdl.h (ModusToolbox only) 
  32:Generated_Source\PSoC6\pdl\drivers/peripheral/tcpwm/cy_tcpwm_counter.h **** * to get access to all functions and declarations in the PDL.
  33:Generated_Source\PSoC6\pdl\drivers/peripheral/tcpwm/cy_tcpwm_counter.h **** */
  34:Generated_Source\PSoC6\pdl\drivers/peripheral/tcpwm/cy_tcpwm_counter.h **** 
  35:Generated_Source\PSoC6\pdl\drivers/peripheral/tcpwm/cy_tcpwm_counter.h **** /**
  36:Generated_Source\PSoC6\pdl\drivers/peripheral/tcpwm/cy_tcpwm_counter.h **** * \defgroup group_tcpwm_macros_counter          Macros
  37:Generated_Source\PSoC6\pdl\drivers/peripheral/tcpwm/cy_tcpwm_counter.h **** * \defgroup group_tcpwm_functions_counter       Functions
ARM GAS  C:\Users\Finik\AppData\Local\Temp\ccY85NDM.s 			page 65


  38:Generated_Source\PSoC6\pdl\drivers/peripheral/tcpwm/cy_tcpwm_counter.h **** * \defgroup group_tcpwm_data_structures_counter Data Structures
  39:Generated_Source\PSoC6\pdl\drivers/peripheral/tcpwm/cy_tcpwm_counter.h **** * \} */
  40:Generated_Source\PSoC6\pdl\drivers/peripheral/tcpwm/cy_tcpwm_counter.h **** 
  41:Generated_Source\PSoC6\pdl\drivers/peripheral/tcpwm/cy_tcpwm_counter.h **** /**
  42:Generated_Source\PSoC6\pdl\drivers/peripheral/tcpwm/cy_tcpwm_counter.h **** * \addtogroup group_tcpwm_data_structures_counter
  43:Generated_Source\PSoC6\pdl\drivers/peripheral/tcpwm/cy_tcpwm_counter.h **** * \{
  44:Generated_Source\PSoC6\pdl\drivers/peripheral/tcpwm/cy_tcpwm_counter.h **** */
  45:Generated_Source\PSoC6\pdl\drivers/peripheral/tcpwm/cy_tcpwm_counter.h **** 
  46:Generated_Source\PSoC6\pdl\drivers/peripheral/tcpwm/cy_tcpwm_counter.h **** /** Counter Timer configuration structure */
  47:Generated_Source\PSoC6\pdl\drivers/peripheral/tcpwm/cy_tcpwm_counter.h **** typedef struct cy_stc_tcpwm_counter_config
  48:Generated_Source\PSoC6\pdl\drivers/peripheral/tcpwm/cy_tcpwm_counter.h **** {
  49:Generated_Source\PSoC6\pdl\drivers/peripheral/tcpwm/cy_tcpwm_counter.h ****     uint32_t    period;             /**< Sets the period of the counter */
  50:Generated_Source\PSoC6\pdl\drivers/peripheral/tcpwm/cy_tcpwm_counter.h ****     /** Sets the clock prescaler inside the TCWPM block. See \ref group_tcpwm_counter_clk_prescaler
  51:Generated_Source\PSoC6\pdl\drivers/peripheral/tcpwm/cy_tcpwm_counter.h ****     uint32_t    clockPrescaler;     
  52:Generated_Source\PSoC6\pdl\drivers/peripheral/tcpwm/cy_tcpwm_counter.h ****     uint32_t    runMode;            /**< Sets the run mode. See \ref group_tcpwm_counter_run_modes 
  53:Generated_Source\PSoC6\pdl\drivers/peripheral/tcpwm/cy_tcpwm_counter.h ****     uint32_t    countDirection;     /**< Sets the counter direction. See \ref group_tcpwm_counter_d
  54:Generated_Source\PSoC6\pdl\drivers/peripheral/tcpwm/cy_tcpwm_counter.h ****     /** The counter can either compare or capture a value. See \ref group_tcpwm_counter_compare_cap
  55:Generated_Source\PSoC6\pdl\drivers/peripheral/tcpwm/cy_tcpwm_counter.h ****     uint32_t    compareOrCapture;   
  56:Generated_Source\PSoC6\pdl\drivers/peripheral/tcpwm/cy_tcpwm_counter.h ****     uint32_t    compare0;           /**< Sets the value for Compare0*/
  57:Generated_Source\PSoC6\pdl\drivers/peripheral/tcpwm/cy_tcpwm_counter.h ****     uint32_t    compare1;           /**< Sets the value for Compare1*/
  58:Generated_Source\PSoC6\pdl\drivers/peripheral/tcpwm/cy_tcpwm_counter.h ****     bool        enableCompareSwap;  /**< If enabled, the compare values are swapped each time the c
  59:Generated_Source\PSoC6\pdl\drivers/peripheral/tcpwm/cy_tcpwm_counter.h ****     /** Enabled an interrupt on the terminal count, capture or compare. See \ref group_tcpwm_interr
  60:Generated_Source\PSoC6\pdl\drivers/peripheral/tcpwm/cy_tcpwm_counter.h ****     uint32_t    interruptSources;
  61:Generated_Source\PSoC6\pdl\drivers/peripheral/tcpwm/cy_tcpwm_counter.h ****     uint32_t    captureInputMode;   /**< Configures how the capture input behaves. See \ref group_t
  62:Generated_Source\PSoC6\pdl\drivers/peripheral/tcpwm/cy_tcpwm_counter.h ****     /** Selects which input the capture uses, the inputs are device-specific. See \ref group_tcpwm_
  63:Generated_Source\PSoC6\pdl\drivers/peripheral/tcpwm/cy_tcpwm_counter.h ****     uint32_t    captureInput;
  64:Generated_Source\PSoC6\pdl\drivers/peripheral/tcpwm/cy_tcpwm_counter.h ****     uint32_t    reloadInputMode;    /**< Configures how the reload input behaves. See \ref group_tc
  65:Generated_Source\PSoC6\pdl\drivers/peripheral/tcpwm/cy_tcpwm_counter.h ****     /** Selects which input the reload uses, the inputs are device-specific. See \ref group_tcpwm_i
  66:Generated_Source\PSoC6\pdl\drivers/peripheral/tcpwm/cy_tcpwm_counter.h ****     uint32_t    reloadInput;
  67:Generated_Source\PSoC6\pdl\drivers/peripheral/tcpwm/cy_tcpwm_counter.h ****     uint32_t    startInputMode;     /**< Configures how the start input behaves. See \ref group_tcp
  68:Generated_Source\PSoC6\pdl\drivers/peripheral/tcpwm/cy_tcpwm_counter.h ****     /** Selects which input the start uses, the inputs are device-specific. See \ref group_tcpwm_in
  69:Generated_Source\PSoC6\pdl\drivers/peripheral/tcpwm/cy_tcpwm_counter.h ****     uint32_t    startInput;
  70:Generated_Source\PSoC6\pdl\drivers/peripheral/tcpwm/cy_tcpwm_counter.h ****     uint32_t    stopInputMode;      /**< Configures how the stop input behaves. See \ref group_tcpw
  71:Generated_Source\PSoC6\pdl\drivers/peripheral/tcpwm/cy_tcpwm_counter.h ****     /** Selects which input the stop uses, the inputs are device-specific. See \ref group_tcpwm_inp
  72:Generated_Source\PSoC6\pdl\drivers/peripheral/tcpwm/cy_tcpwm_counter.h ****     uint32_t    stopInput;
  73:Generated_Source\PSoC6\pdl\drivers/peripheral/tcpwm/cy_tcpwm_counter.h ****     uint32_t    countInputMode;     /**< Configures how the count input behaves. See \ref group_tcp
  74:Generated_Source\PSoC6\pdl\drivers/peripheral/tcpwm/cy_tcpwm_counter.h ****     /** Selects which input the count uses, the inputs are device-specific. See \ref group_tcpwm_in
  75:Generated_Source\PSoC6\pdl\drivers/peripheral/tcpwm/cy_tcpwm_counter.h ****     uint32_t    countInput;
  76:Generated_Source\PSoC6\pdl\drivers/peripheral/tcpwm/cy_tcpwm_counter.h **** }cy_stc_tcpwm_counter_config_t;
  77:Generated_Source\PSoC6\pdl\drivers/peripheral/tcpwm/cy_tcpwm_counter.h **** /** \} group_tcpwm_data_structures_counter */
  78:Generated_Source\PSoC6\pdl\drivers/peripheral/tcpwm/cy_tcpwm_counter.h **** 
  79:Generated_Source\PSoC6\pdl\drivers/peripheral/tcpwm/cy_tcpwm_counter.h **** /**
  80:Generated_Source\PSoC6\pdl\drivers/peripheral/tcpwm/cy_tcpwm_counter.h **** * \addtogroup group_tcpwm_macros_counter
  81:Generated_Source\PSoC6\pdl\drivers/peripheral/tcpwm/cy_tcpwm_counter.h **** * \{
  82:Generated_Source\PSoC6\pdl\drivers/peripheral/tcpwm/cy_tcpwm_counter.h **** * \defgroup group_tcpwm_counter_run_modes Counter Run Modes
  83:Generated_Source\PSoC6\pdl\drivers/peripheral/tcpwm/cy_tcpwm_counter.h **** * \{
  84:Generated_Source\PSoC6\pdl\drivers/peripheral/tcpwm/cy_tcpwm_counter.h **** * Run modes for the counter timer.
  85:Generated_Source\PSoC6\pdl\drivers/peripheral/tcpwm/cy_tcpwm_counter.h **** */
  86:Generated_Source\PSoC6\pdl\drivers/peripheral/tcpwm/cy_tcpwm_counter.h **** #define CY_TCPWM_COUNTER_ONESHOT                (1U)    /**< Counter runs once and then stops */
  87:Generated_Source\PSoC6\pdl\drivers/peripheral/tcpwm/cy_tcpwm_counter.h **** #define CY_TCPWM_COUNTER_CONTINUOUS             (0U)    /**< Counter runs forever */
  88:Generated_Source\PSoC6\pdl\drivers/peripheral/tcpwm/cy_tcpwm_counter.h **** /** \} group_tcpwm_counter_run_modes */
  89:Generated_Source\PSoC6\pdl\drivers/peripheral/tcpwm/cy_tcpwm_counter.h **** 
  90:Generated_Source\PSoC6\pdl\drivers/peripheral/tcpwm/cy_tcpwm_counter.h **** /** \defgroup group_tcpwm_counter_direction Counter Direction
  91:Generated_Source\PSoC6\pdl\drivers/peripheral/tcpwm/cy_tcpwm_counter.h **** * The counter directions.
  92:Generated_Source\PSoC6\pdl\drivers/peripheral/tcpwm/cy_tcpwm_counter.h **** * \{
  93:Generated_Source\PSoC6\pdl\drivers/peripheral/tcpwm/cy_tcpwm_counter.h **** */
  94:Generated_Source\PSoC6\pdl\drivers/peripheral/tcpwm/cy_tcpwm_counter.h **** #define CY_TCPWM_COUNTER_COUNT_UP               (0U)    /**< Counter counts up */
ARM GAS  C:\Users\Finik\AppData\Local\Temp\ccY85NDM.s 			page 66


  95:Generated_Source\PSoC6\pdl\drivers/peripheral/tcpwm/cy_tcpwm_counter.h **** #define CY_TCPWM_COUNTER_COUNT_DOWN             (1U)    /**< Counter counts down */
  96:Generated_Source\PSoC6\pdl\drivers/peripheral/tcpwm/cy_tcpwm_counter.h **** /** Counter counts up and down terminal count only occurs on underflow. */
  97:Generated_Source\PSoC6\pdl\drivers/peripheral/tcpwm/cy_tcpwm_counter.h **** #define CY_TCPWM_COUNTER_COUNT_UP_DOWN_1        (2U)
  98:Generated_Source\PSoC6\pdl\drivers/peripheral/tcpwm/cy_tcpwm_counter.h **** /** Counter counts up and down terminal count occurs on both overflow and underflow. */
  99:Generated_Source\PSoC6\pdl\drivers/peripheral/tcpwm/cy_tcpwm_counter.h **** #define CY_TCPWM_COUNTER_COUNT_UP_DOWN_2        (3U)
 100:Generated_Source\PSoC6\pdl\drivers/peripheral/tcpwm/cy_tcpwm_counter.h **** /** \} group_tcpwm_counter_direction */
 101:Generated_Source\PSoC6\pdl\drivers/peripheral/tcpwm/cy_tcpwm_counter.h **** 
 102:Generated_Source\PSoC6\pdl\drivers/peripheral/tcpwm/cy_tcpwm_counter.h **** /** \defgroup group_tcpwm_counter_clk_prescalers Counter CLK Prescalers
 103:Generated_Source\PSoC6\pdl\drivers/peripheral/tcpwm/cy_tcpwm_counter.h **** * \{
 104:Generated_Source\PSoC6\pdl\drivers/peripheral/tcpwm/cy_tcpwm_counter.h **** * The clock prescaler values.
 105:Generated_Source\PSoC6\pdl\drivers/peripheral/tcpwm/cy_tcpwm_counter.h **** */
 106:Generated_Source\PSoC6\pdl\drivers/peripheral/tcpwm/cy_tcpwm_counter.h **** #define CY_TCPWM_COUNTER_PRESCALER_DIVBY_1      (0U) /**< Divide by 1 */
 107:Generated_Source\PSoC6\pdl\drivers/peripheral/tcpwm/cy_tcpwm_counter.h **** #define CY_TCPWM_COUNTER_PRESCALER_DIVBY_2      (1U) /**< Divide by 2 */
 108:Generated_Source\PSoC6\pdl\drivers/peripheral/tcpwm/cy_tcpwm_counter.h **** #define CY_TCPWM_COUNTER_PRESCALER_DIVBY_4      (2U) /**< Divide by 4 */
 109:Generated_Source\PSoC6\pdl\drivers/peripheral/tcpwm/cy_tcpwm_counter.h **** #define CY_TCPWM_COUNTER_PRESCALER_DIVBY_8      (3U) /**< Divide by 8 */
 110:Generated_Source\PSoC6\pdl\drivers/peripheral/tcpwm/cy_tcpwm_counter.h **** #define CY_TCPWM_COUNTER_PRESCALER_DIVBY_16     (4U) /**< Divide by 16 */
 111:Generated_Source\PSoC6\pdl\drivers/peripheral/tcpwm/cy_tcpwm_counter.h **** #define CY_TCPWM_COUNTER_PRESCALER_DIVBY_32     (5U) /**< Divide by 32 */
 112:Generated_Source\PSoC6\pdl\drivers/peripheral/tcpwm/cy_tcpwm_counter.h **** #define CY_TCPWM_COUNTER_PRESCALER_DIVBY_64     (6U) /**< Divide by 64 */
 113:Generated_Source\PSoC6\pdl\drivers/peripheral/tcpwm/cy_tcpwm_counter.h **** #define CY_TCPWM_COUNTER_PRESCALER_DIVBY_128    (7U) /**< Divide by 128 */
 114:Generated_Source\PSoC6\pdl\drivers/peripheral/tcpwm/cy_tcpwm_counter.h **** /** \} group_tcpwm_counter_clk_prescalers */
 115:Generated_Source\PSoC6\pdl\drivers/peripheral/tcpwm/cy_tcpwm_counter.h **** 
 116:Generated_Source\PSoC6\pdl\drivers/peripheral/tcpwm/cy_tcpwm_counter.h **** /** \defgroup group_tcpwm_counter_compare_capture Counter Compare Capture
 117:Generated_Source\PSoC6\pdl\drivers/peripheral/tcpwm/cy_tcpwm_counter.h **** * \{
 118:Generated_Source\PSoC6\pdl\drivers/peripheral/tcpwm/cy_tcpwm_counter.h **** * A compare or capture mode.
 119:Generated_Source\PSoC6\pdl\drivers/peripheral/tcpwm/cy_tcpwm_counter.h **** */
 120:Generated_Source\PSoC6\pdl\drivers/peripheral/tcpwm/cy_tcpwm_counter.h **** #define CY_TCPWM_COUNTER_MODE_CAPTURE           (2U)  /**< Timer/Counter is in Capture Mode */
 121:Generated_Source\PSoC6\pdl\drivers/peripheral/tcpwm/cy_tcpwm_counter.h **** #define CY_TCPWM_COUNTER_MODE_COMPARE           (0U)  /**< Timer/Counter is in Compare Mode */
 122:Generated_Source\PSoC6\pdl\drivers/peripheral/tcpwm/cy_tcpwm_counter.h **** /** \} group_tcpwm_counter_compare_capture */
 123:Generated_Source\PSoC6\pdl\drivers/peripheral/tcpwm/cy_tcpwm_counter.h **** 
 124:Generated_Source\PSoC6\pdl\drivers/peripheral/tcpwm/cy_tcpwm_counter.h **** /** \defgroup group_tcpwm_counter_status Counter Status
 125:Generated_Source\PSoC6\pdl\drivers/peripheral/tcpwm/cy_tcpwm_counter.h **** * \{
 126:Generated_Source\PSoC6\pdl\drivers/peripheral/tcpwm/cy_tcpwm_counter.h **** * The counter status.
 127:Generated_Source\PSoC6\pdl\drivers/peripheral/tcpwm/cy_tcpwm_counter.h **** */
 128:Generated_Source\PSoC6\pdl\drivers/peripheral/tcpwm/cy_tcpwm_counter.h **** #define CY_TCPWM_COUNTER_STATUS_DOWN_COUNTING   (0x1UL)        /**< Timer/Counter is down counting 
 129:Generated_Source\PSoC6\pdl\drivers/peripheral/tcpwm/cy_tcpwm_counter.h **** #define CY_TCPWM_COUNTER_STATUS_UP_COUNTING     (0x2UL)        /**< Timer/Counter is up counting */
 130:Generated_Source\PSoC6\pdl\drivers/peripheral/tcpwm/cy_tcpwm_counter.h **** 
 131:Generated_Source\PSoC6\pdl\drivers/peripheral/tcpwm/cy_tcpwm_counter.h **** /** Timer/Counter is running */
 132:Generated_Source\PSoC6\pdl\drivers/peripheral/tcpwm/cy_tcpwm_counter.h **** #define CY_TCPWM_COUNTER_STATUS_COUNTER_RUNNING (TCPWM_CNT_STATUS_RUNNING_Msk)
 133:Generated_Source\PSoC6\pdl\drivers/peripheral/tcpwm/cy_tcpwm_counter.h **** /** \} group_tcpwm_counter_status */
 134:Generated_Source\PSoC6\pdl\drivers/peripheral/tcpwm/cy_tcpwm_counter.h **** /** \} group_tcpwm_macros_counter */
 135:Generated_Source\PSoC6\pdl\drivers/peripheral/tcpwm/cy_tcpwm_counter.h **** 
 136:Generated_Source\PSoC6\pdl\drivers/peripheral/tcpwm/cy_tcpwm_counter.h **** 
 137:Generated_Source\PSoC6\pdl\drivers/peripheral/tcpwm/cy_tcpwm_counter.h **** /*******************************************************************************
 138:Generated_Source\PSoC6\pdl\drivers/peripheral/tcpwm/cy_tcpwm_counter.h **** *        Function Prototypes
 139:Generated_Source\PSoC6\pdl\drivers/peripheral/tcpwm/cy_tcpwm_counter.h **** *******************************************************************************/
 140:Generated_Source\PSoC6\pdl\drivers/peripheral/tcpwm/cy_tcpwm_counter.h **** 
 141:Generated_Source\PSoC6\pdl\drivers/peripheral/tcpwm/cy_tcpwm_counter.h **** /**
 142:Generated_Source\PSoC6\pdl\drivers/peripheral/tcpwm/cy_tcpwm_counter.h **** * \addtogroup group_tcpwm_functions_counter
 143:Generated_Source\PSoC6\pdl\drivers/peripheral/tcpwm/cy_tcpwm_counter.h **** * \{
 144:Generated_Source\PSoC6\pdl\drivers/peripheral/tcpwm/cy_tcpwm_counter.h **** */
 145:Generated_Source\PSoC6\pdl\drivers/peripheral/tcpwm/cy_tcpwm_counter.h **** cy_en_tcpwm_status_t Cy_TCPWM_Counter_Init(TCPWM_Type *base, uint32_t cntNum, 
 146:Generated_Source\PSoC6\pdl\drivers/peripheral/tcpwm/cy_tcpwm_counter.h ****                                            cy_stc_tcpwm_counter_config_t const *config);
 147:Generated_Source\PSoC6\pdl\drivers/peripheral/tcpwm/cy_tcpwm_counter.h **** void Cy_TCPWM_Counter_DeInit(TCPWM_Type *base, uint32_t cntNum, cy_stc_tcpwm_counter_config_t const
 148:Generated_Source\PSoC6\pdl\drivers/peripheral/tcpwm/cy_tcpwm_counter.h **** __STATIC_INLINE void Cy_TCPWM_Counter_Enable(TCPWM_Type *base, uint32_t cntNum);
 149:Generated_Source\PSoC6\pdl\drivers/peripheral/tcpwm/cy_tcpwm_counter.h **** __STATIC_INLINE void Cy_TCPWM_Counter_Disable(TCPWM_Type *base, uint32_t cntNum);
 150:Generated_Source\PSoC6\pdl\drivers/peripheral/tcpwm/cy_tcpwm_counter.h **** __STATIC_INLINE uint32_t Cy_TCPWM_Counter_GetStatus(TCPWM_Type const *base, uint32_t cntNum);
 151:Generated_Source\PSoC6\pdl\drivers/peripheral/tcpwm/cy_tcpwm_counter.h **** __STATIC_INLINE uint32_t Cy_TCPWM_Counter_GetCapture(TCPWM_Type const *base, uint32_t cntNum);
ARM GAS  C:\Users\Finik\AppData\Local\Temp\ccY85NDM.s 			page 67


 152:Generated_Source\PSoC6\pdl\drivers/peripheral/tcpwm/cy_tcpwm_counter.h **** __STATIC_INLINE uint32_t Cy_TCPWM_Counter_GetCaptureBuf(TCPWM_Type const *base, uint32_t cntNum);
 153:Generated_Source\PSoC6\pdl\drivers/peripheral/tcpwm/cy_tcpwm_counter.h **** __STATIC_INLINE void Cy_TCPWM_Counter_SetCompare0(TCPWM_Type *base, uint32_t cntNum, uint32_t compa
 154:Generated_Source\PSoC6\pdl\drivers/peripheral/tcpwm/cy_tcpwm_counter.h **** __STATIC_INLINE uint32_t Cy_TCPWM_Counter_GetCompare0(TCPWM_Type const *base, uint32_t cntNum);
 155:Generated_Source\PSoC6\pdl\drivers/peripheral/tcpwm/cy_tcpwm_counter.h **** __STATIC_INLINE void Cy_TCPWM_Counter_SetCompare1(TCPWM_Type *base, uint32_t cntNum, uint32_t compa
 156:Generated_Source\PSoC6\pdl\drivers/peripheral/tcpwm/cy_tcpwm_counter.h **** __STATIC_INLINE uint32_t Cy_TCPWM_Counter_GetCompare1(TCPWM_Type const *base, uint32_t cntNum);
 157:Generated_Source\PSoC6\pdl\drivers/peripheral/tcpwm/cy_tcpwm_counter.h **** __STATIC_INLINE void Cy_TCPWM_Counter_EnableCompareSwap(TCPWM_Type *base, uint32_t cntNum, bool ena
 158:Generated_Source\PSoC6\pdl\drivers/peripheral/tcpwm/cy_tcpwm_counter.h **** __STATIC_INLINE void Cy_TCPWM_Counter_SetCounter(TCPWM_Type *base, uint32_t cntNum, uint32_t count)
 159:Generated_Source\PSoC6\pdl\drivers/peripheral/tcpwm/cy_tcpwm_counter.h **** __STATIC_INLINE uint32_t Cy_TCPWM_Counter_GetCounter(TCPWM_Type const *base, uint32_t cntNum);
 160:Generated_Source\PSoC6\pdl\drivers/peripheral/tcpwm/cy_tcpwm_counter.h **** __STATIC_INLINE void Cy_TCPWM_Counter_SetPeriod(TCPWM_Type *base, uint32_t cntNum, uint32_t period)
 161:Generated_Source\PSoC6\pdl\drivers/peripheral/tcpwm/cy_tcpwm_counter.h **** __STATIC_INLINE uint32_t Cy_TCPWM_Counter_GetPeriod(TCPWM_Type const *base, uint32_t cntNum);
 162:Generated_Source\PSoC6\pdl\drivers/peripheral/tcpwm/cy_tcpwm_counter.h **** 
 163:Generated_Source\PSoC6\pdl\drivers/peripheral/tcpwm/cy_tcpwm_counter.h **** 
 164:Generated_Source\PSoC6\pdl\drivers/peripheral/tcpwm/cy_tcpwm_counter.h **** /*******************************************************************************
 165:Generated_Source\PSoC6\pdl\drivers/peripheral/tcpwm/cy_tcpwm_counter.h **** * Function Name: Cy_TCPWM_Counter_Enable
 166:Generated_Source\PSoC6\pdl\drivers/peripheral/tcpwm/cy_tcpwm_counter.h **** ****************************************************************************//**
 167:Generated_Source\PSoC6\pdl\drivers/peripheral/tcpwm/cy_tcpwm_counter.h **** *
 168:Generated_Source\PSoC6\pdl\drivers/peripheral/tcpwm/cy_tcpwm_counter.h **** * Enables the counter in the TCPWM block for the Counter operation.
 169:Generated_Source\PSoC6\pdl\drivers/peripheral/tcpwm/cy_tcpwm_counter.h **** *
 170:Generated_Source\PSoC6\pdl\drivers/peripheral/tcpwm/cy_tcpwm_counter.h **** * \param base
 171:Generated_Source\PSoC6\pdl\drivers/peripheral/tcpwm/cy_tcpwm_counter.h **** * The pointer to a TCPWM instance.
 172:Generated_Source\PSoC6\pdl\drivers/peripheral/tcpwm/cy_tcpwm_counter.h **** *
 173:Generated_Source\PSoC6\pdl\drivers/peripheral/tcpwm/cy_tcpwm_counter.h **** * \param cntNum 
 174:Generated_Source\PSoC6\pdl\drivers/peripheral/tcpwm/cy_tcpwm_counter.h **** * The Counter instance number in the selected TCPWM.
 175:Generated_Source\PSoC6\pdl\drivers/peripheral/tcpwm/cy_tcpwm_counter.h **** *
 176:Generated_Source\PSoC6\pdl\drivers/peripheral/tcpwm/cy_tcpwm_counter.h **** * \funcusage
 177:Generated_Source\PSoC6\pdl\drivers/peripheral/tcpwm/cy_tcpwm_counter.h **** * \snippet tcpwm\1.10\counter\snippet\main.c snippet_Cy_TCPWM_Counter_Init
 178:Generated_Source\PSoC6\pdl\drivers/peripheral/tcpwm/cy_tcpwm_counter.h **** *
 179:Generated_Source\PSoC6\pdl\drivers/peripheral/tcpwm/cy_tcpwm_counter.h **** *******************************************************************************/
 180:Generated_Source\PSoC6\pdl\drivers/peripheral/tcpwm/cy_tcpwm_counter.h **** __STATIC_INLINE void Cy_TCPWM_Counter_Enable(TCPWM_Type *base, uint32_t cntNum)
 181:Generated_Source\PSoC6\pdl\drivers/peripheral/tcpwm/cy_tcpwm_counter.h **** {
 182:Generated_Source\PSoC6\pdl\drivers/peripheral/tcpwm/cy_tcpwm_counter.h ****     TCPWM_CTRL_SET(base) = (1UL << cntNum);
 154              		.loc 5 182 0
 155 000e 0123     		movs	r3, #1
 156 0010 A360     		str	r3, [r4, #8]
 157              	.LVL8:
 158              	.LBE43:
 159              	.LBE42:
 160              	.LBB44:
 161              	.LBB45:
 464:Generated_Source\PSoC6\pdl\drivers/peripheral/tcpwm/cy_tcpwm.h **** }
 162              		.loc 2 464 0
 163 0012 A361     		str	r3, [r4, #24]
 164              	.LVL9:
 165              	.LBE45:
 166              	.LBE44:
  50:main_cm4.c    ****     NVIC_EnableIRQ((IRQn_Type)SysInt_Timer_cfg.intrSrc);
 167              		.loc 1 50 0
 168 0014 0B4C     		ldr	r4, .L12+8
 169 0016 0C49     		ldr	r1, .L12+12
 170 0018 2046     		mov	r0, r4
 171 001a FFF7FEFF 		bl	Cy_SysInt_Init
 172              	.LVL10:
  51:main_cm4.c    **** }
 173              		.loc 1 51 0
 174 001e B4F90030 		ldrsh	r3, [r4]
 175              	.LVL11:
 176              	.LBB46:
ARM GAS  C:\Users\Finik\AppData\Local\Temp\ccY85NDM.s 			page 68


 177              	.LBB47:
1679:Generated_Source\PSoC6\pdl\cmsis/include/core_cm4.h ****   {
 178              		.loc 3 1679 0
 179 0022 002B     		cmp	r3, #0
 180 0024 08DB     		blt	.L9
1681:Generated_Source\PSoC6\pdl\cmsis/include/core_cm4.h ****   }
 181              		.loc 3 1681 0
 182 0026 5909     		lsrs	r1, r3, #5
 183 0028 03F01F03 		and	r3, r3, #31
 184              	.LVL12:
 185 002c 0122     		movs	r2, #1
 186 002e 02FA03F3 		lsl	r3, r2, r3
 187 0032 064A     		ldr	r2, .L12+16
 188 0034 42F82130 		str	r3, [r2, r1, lsl #2]
 189              	.LVL13:
 190              	.L9:
 191 0038 10BD     		pop	{r4, pc}
 192              	.L13:
 193 003a 00BF     		.align	2
 194              	.L12:
 195 003c 00003840 		.word	1077411840
 196 0040 00000000 		.word	Timer_config
 197 0044 00000000 		.word	SysInt_Timer_cfg
 198 0048 00000000 		.word	Isr_Timer
 199 004c 00E100E0 		.word	-536813312
 200              	.LBE47:
 201              	.LBE46:
 202              		.cfi_endproc
 203              	.LFE557:
 204              		.size	TimerInit, .-TimerInit
 205              		.section	.text.main,"ax",%progbits
 206              		.align	2
 207              		.global	main
 208              		.thumb
 209              		.thumb_func
 210              		.type	main, %function
 211              	main:
 212              	.LFB555:
  14:main_cm4.c    ****     UartInit();
 213              		.loc 1 14 0
 214              		.cfi_startproc
 215              		@ Volatile: function does not return.
 216              		@ args = 0, pretend = 0, frame = 0
 217              		@ frame_needed = 0, uses_anonymous_args = 0
 218 0000 08B5     		push	{r3, lr}
 219              		.cfi_def_cfa_offset 8
 220              		.cfi_offset 3, -8
 221              		.cfi_offset 14, -4
  15:main_cm4.c    ****     __enable_irq();
 222              		.loc 1 15 0
 223 0002 FFF7FEFF 		bl	UartInit
 224              	.LVL14:
 225              	.LBB48:
 226              	.LBB49:
 227              		.file 6 "Generated_Source\\PSoC6\\pdl\\cmsis/include/cmsis_gcc.h"
   1:Generated_Source\PSoC6\pdl\cmsis/include/cmsis_gcc.h **** /**************************************************************************//**
   2:Generated_Source\PSoC6\pdl\cmsis/include/cmsis_gcc.h ****  * @file     cmsis_gcc.h
ARM GAS  C:\Users\Finik\AppData\Local\Temp\ccY85NDM.s 			page 69


   3:Generated_Source\PSoC6\pdl\cmsis/include/cmsis_gcc.h ****  * @brief    CMSIS compiler GCC header file
   4:Generated_Source\PSoC6\pdl\cmsis/include/cmsis_gcc.h ****  * @version  V5.0.3
   5:Generated_Source\PSoC6\pdl\cmsis/include/cmsis_gcc.h ****  * @date     16. January 2018
   6:Generated_Source\PSoC6\pdl\cmsis/include/cmsis_gcc.h ****  ******************************************************************************/
   7:Generated_Source\PSoC6\pdl\cmsis/include/cmsis_gcc.h **** /*
   8:Generated_Source\PSoC6\pdl\cmsis/include/cmsis_gcc.h ****  * Copyright (c) 2009-2017 ARM Limited. All rights reserved.
   9:Generated_Source\PSoC6\pdl\cmsis/include/cmsis_gcc.h ****  *
  10:Generated_Source\PSoC6\pdl\cmsis/include/cmsis_gcc.h ****  * SPDX-License-Identifier: Apache-2.0
  11:Generated_Source\PSoC6\pdl\cmsis/include/cmsis_gcc.h ****  *
  12:Generated_Source\PSoC6\pdl\cmsis/include/cmsis_gcc.h ****  * Licensed under the Apache License, Version 2.0 (the License); you may
  13:Generated_Source\PSoC6\pdl\cmsis/include/cmsis_gcc.h ****  * not use this file except in compliance with the License.
  14:Generated_Source\PSoC6\pdl\cmsis/include/cmsis_gcc.h ****  * You may obtain a copy of the License at
  15:Generated_Source\PSoC6\pdl\cmsis/include/cmsis_gcc.h ****  *
  16:Generated_Source\PSoC6\pdl\cmsis/include/cmsis_gcc.h ****  * www.apache.org/licenses/LICENSE-2.0
  17:Generated_Source\PSoC6\pdl\cmsis/include/cmsis_gcc.h ****  *
  18:Generated_Source\PSoC6\pdl\cmsis/include/cmsis_gcc.h ****  * Unless required by applicable law or agreed to in writing, software
  19:Generated_Source\PSoC6\pdl\cmsis/include/cmsis_gcc.h ****  * distributed under the License is distributed on an AS IS BASIS, WITHOUT
  20:Generated_Source\PSoC6\pdl\cmsis/include/cmsis_gcc.h ****  * WARRANTIES OR CONDITIONS OF ANY KIND, either express or implied.
  21:Generated_Source\PSoC6\pdl\cmsis/include/cmsis_gcc.h ****  * See the License for the specific language governing permissions and
  22:Generated_Source\PSoC6\pdl\cmsis/include/cmsis_gcc.h ****  * limitations under the License.
  23:Generated_Source\PSoC6\pdl\cmsis/include/cmsis_gcc.h ****  */
  24:Generated_Source\PSoC6\pdl\cmsis/include/cmsis_gcc.h **** 
  25:Generated_Source\PSoC6\pdl\cmsis/include/cmsis_gcc.h **** #ifndef __CMSIS_GCC_H
  26:Generated_Source\PSoC6\pdl\cmsis/include/cmsis_gcc.h **** #define __CMSIS_GCC_H
  27:Generated_Source\PSoC6\pdl\cmsis/include/cmsis_gcc.h **** 
  28:Generated_Source\PSoC6\pdl\cmsis/include/cmsis_gcc.h **** /* ignore some GCC warnings */
  29:Generated_Source\PSoC6\pdl\cmsis/include/cmsis_gcc.h **** #pragma GCC diagnostic push
  30:Generated_Source\PSoC6\pdl\cmsis/include/cmsis_gcc.h **** #pragma GCC diagnostic ignored "-Wsign-conversion"
  31:Generated_Source\PSoC6\pdl\cmsis/include/cmsis_gcc.h **** #pragma GCC diagnostic ignored "-Wconversion"
  32:Generated_Source\PSoC6\pdl\cmsis/include/cmsis_gcc.h **** #pragma GCC diagnostic ignored "-Wunused-parameter"
  33:Generated_Source\PSoC6\pdl\cmsis/include/cmsis_gcc.h **** 
  34:Generated_Source\PSoC6\pdl\cmsis/include/cmsis_gcc.h **** /* Fallback for __has_builtin */
  35:Generated_Source\PSoC6\pdl\cmsis/include/cmsis_gcc.h **** #ifndef __has_builtin
  36:Generated_Source\PSoC6\pdl\cmsis/include/cmsis_gcc.h ****   #define __has_builtin(x) (0)
  37:Generated_Source\PSoC6\pdl\cmsis/include/cmsis_gcc.h **** #endif
  38:Generated_Source\PSoC6\pdl\cmsis/include/cmsis_gcc.h **** 
  39:Generated_Source\PSoC6\pdl\cmsis/include/cmsis_gcc.h **** /* CMSIS compiler specific defines */
  40:Generated_Source\PSoC6\pdl\cmsis/include/cmsis_gcc.h **** #ifndef   __ASM
  41:Generated_Source\PSoC6\pdl\cmsis/include/cmsis_gcc.h ****   #define __ASM                                  __asm
  42:Generated_Source\PSoC6\pdl\cmsis/include/cmsis_gcc.h **** #endif
  43:Generated_Source\PSoC6\pdl\cmsis/include/cmsis_gcc.h **** #ifndef   __INLINE
  44:Generated_Source\PSoC6\pdl\cmsis/include/cmsis_gcc.h ****   #define __INLINE                               inline
  45:Generated_Source\PSoC6\pdl\cmsis/include/cmsis_gcc.h **** #endif
  46:Generated_Source\PSoC6\pdl\cmsis/include/cmsis_gcc.h **** #ifndef   __STATIC_INLINE
  47:Generated_Source\PSoC6\pdl\cmsis/include/cmsis_gcc.h ****   #define __STATIC_INLINE                        static inline
  48:Generated_Source\PSoC6\pdl\cmsis/include/cmsis_gcc.h **** #endif
  49:Generated_Source\PSoC6\pdl\cmsis/include/cmsis_gcc.h **** #ifndef   __STATIC_FORCEINLINE                 
  50:Generated_Source\PSoC6\pdl\cmsis/include/cmsis_gcc.h ****   #define __STATIC_FORCEINLINE                   __attribute__((always_inline)) static inline
  51:Generated_Source\PSoC6\pdl\cmsis/include/cmsis_gcc.h **** #endif                                           
  52:Generated_Source\PSoC6\pdl\cmsis/include/cmsis_gcc.h **** #ifndef   __NO_RETURN
  53:Generated_Source\PSoC6\pdl\cmsis/include/cmsis_gcc.h ****   #define __NO_RETURN                            __attribute__((__noreturn__))
  54:Generated_Source\PSoC6\pdl\cmsis/include/cmsis_gcc.h **** #endif
  55:Generated_Source\PSoC6\pdl\cmsis/include/cmsis_gcc.h **** #ifndef   __USED
  56:Generated_Source\PSoC6\pdl\cmsis/include/cmsis_gcc.h ****   #define __USED                                 __attribute__((used))
  57:Generated_Source\PSoC6\pdl\cmsis/include/cmsis_gcc.h **** #endif
  58:Generated_Source\PSoC6\pdl\cmsis/include/cmsis_gcc.h **** #ifndef   __WEAK
  59:Generated_Source\PSoC6\pdl\cmsis/include/cmsis_gcc.h ****   #define __WEAK                                 __attribute__((weak))
ARM GAS  C:\Users\Finik\AppData\Local\Temp\ccY85NDM.s 			page 70


  60:Generated_Source\PSoC6\pdl\cmsis/include/cmsis_gcc.h **** #endif
  61:Generated_Source\PSoC6\pdl\cmsis/include/cmsis_gcc.h **** #ifndef   __PACKED
  62:Generated_Source\PSoC6\pdl\cmsis/include/cmsis_gcc.h ****   #define __PACKED                               __attribute__((packed, aligned(1)))
  63:Generated_Source\PSoC6\pdl\cmsis/include/cmsis_gcc.h **** #endif
  64:Generated_Source\PSoC6\pdl\cmsis/include/cmsis_gcc.h **** #ifndef   __PACKED_STRUCT
  65:Generated_Source\PSoC6\pdl\cmsis/include/cmsis_gcc.h ****   #define __PACKED_STRUCT                        struct __attribute__((packed, aligned(1)))
  66:Generated_Source\PSoC6\pdl\cmsis/include/cmsis_gcc.h **** #endif
  67:Generated_Source\PSoC6\pdl\cmsis/include/cmsis_gcc.h **** #ifndef   __PACKED_UNION
  68:Generated_Source\PSoC6\pdl\cmsis/include/cmsis_gcc.h ****   #define __PACKED_UNION                         union __attribute__((packed, aligned(1)))
  69:Generated_Source\PSoC6\pdl\cmsis/include/cmsis_gcc.h **** #endif
  70:Generated_Source\PSoC6\pdl\cmsis/include/cmsis_gcc.h **** #ifndef   __UNALIGNED_UINT32        /* deprecated */
  71:Generated_Source\PSoC6\pdl\cmsis/include/cmsis_gcc.h ****   #pragma GCC diagnostic push
  72:Generated_Source\PSoC6\pdl\cmsis/include/cmsis_gcc.h ****   #pragma GCC diagnostic ignored "-Wpacked"
  73:Generated_Source\PSoC6\pdl\cmsis/include/cmsis_gcc.h ****   #pragma GCC diagnostic ignored "-Wattributes"
  74:Generated_Source\PSoC6\pdl\cmsis/include/cmsis_gcc.h ****   struct __attribute__((packed)) T_UINT32 { uint32_t v; };
  75:Generated_Source\PSoC6\pdl\cmsis/include/cmsis_gcc.h ****   #pragma GCC diagnostic pop
  76:Generated_Source\PSoC6\pdl\cmsis/include/cmsis_gcc.h ****   #define __UNALIGNED_UINT32(x)                  (((struct T_UINT32 *)(x))->v)
  77:Generated_Source\PSoC6\pdl\cmsis/include/cmsis_gcc.h **** #endif
  78:Generated_Source\PSoC6\pdl\cmsis/include/cmsis_gcc.h **** #ifndef   __UNALIGNED_UINT16_WRITE
  79:Generated_Source\PSoC6\pdl\cmsis/include/cmsis_gcc.h ****   #pragma GCC diagnostic push
  80:Generated_Source\PSoC6\pdl\cmsis/include/cmsis_gcc.h ****   #pragma GCC diagnostic ignored "-Wpacked"
  81:Generated_Source\PSoC6\pdl\cmsis/include/cmsis_gcc.h ****   #pragma GCC diagnostic ignored "-Wattributes"
  82:Generated_Source\PSoC6\pdl\cmsis/include/cmsis_gcc.h ****   __PACKED_STRUCT T_UINT16_WRITE { uint16_t v; };
  83:Generated_Source\PSoC6\pdl\cmsis/include/cmsis_gcc.h ****   #pragma GCC diagnostic pop
  84:Generated_Source\PSoC6\pdl\cmsis/include/cmsis_gcc.h ****   #define __UNALIGNED_UINT16_WRITE(addr, val)    (void)((((struct T_UINT16_WRITE *)(void *)(addr))-
  85:Generated_Source\PSoC6\pdl\cmsis/include/cmsis_gcc.h **** #endif
  86:Generated_Source\PSoC6\pdl\cmsis/include/cmsis_gcc.h **** #ifndef   __UNALIGNED_UINT16_READ
  87:Generated_Source\PSoC6\pdl\cmsis/include/cmsis_gcc.h ****   #pragma GCC diagnostic push
  88:Generated_Source\PSoC6\pdl\cmsis/include/cmsis_gcc.h ****   #pragma GCC diagnostic ignored "-Wpacked"
  89:Generated_Source\PSoC6\pdl\cmsis/include/cmsis_gcc.h ****   #pragma GCC diagnostic ignored "-Wattributes"
  90:Generated_Source\PSoC6\pdl\cmsis/include/cmsis_gcc.h ****   __PACKED_STRUCT T_UINT16_READ { uint16_t v; };
  91:Generated_Source\PSoC6\pdl\cmsis/include/cmsis_gcc.h ****   #pragma GCC diagnostic pop
  92:Generated_Source\PSoC6\pdl\cmsis/include/cmsis_gcc.h ****   #define __UNALIGNED_UINT16_READ(addr)          (((const struct T_UINT16_READ *)(const void *)(add
  93:Generated_Source\PSoC6\pdl\cmsis/include/cmsis_gcc.h **** #endif
  94:Generated_Source\PSoC6\pdl\cmsis/include/cmsis_gcc.h **** #ifndef   __UNALIGNED_UINT32_WRITE
  95:Generated_Source\PSoC6\pdl\cmsis/include/cmsis_gcc.h ****   #pragma GCC diagnostic push
  96:Generated_Source\PSoC6\pdl\cmsis/include/cmsis_gcc.h ****   #pragma GCC diagnostic ignored "-Wpacked"
  97:Generated_Source\PSoC6\pdl\cmsis/include/cmsis_gcc.h ****   #pragma GCC diagnostic ignored "-Wattributes"
  98:Generated_Source\PSoC6\pdl\cmsis/include/cmsis_gcc.h ****   __PACKED_STRUCT T_UINT32_WRITE { uint32_t v; };
  99:Generated_Source\PSoC6\pdl\cmsis/include/cmsis_gcc.h ****   #pragma GCC diagnostic pop
 100:Generated_Source\PSoC6\pdl\cmsis/include/cmsis_gcc.h ****   #define __UNALIGNED_UINT32_WRITE(addr, val)    (void)((((struct T_UINT32_WRITE *)(void *)(addr))-
 101:Generated_Source\PSoC6\pdl\cmsis/include/cmsis_gcc.h **** #endif
 102:Generated_Source\PSoC6\pdl\cmsis/include/cmsis_gcc.h **** #ifndef   __UNALIGNED_UINT32_READ
 103:Generated_Source\PSoC6\pdl\cmsis/include/cmsis_gcc.h ****   #pragma GCC diagnostic push
 104:Generated_Source\PSoC6\pdl\cmsis/include/cmsis_gcc.h ****   #pragma GCC diagnostic ignored "-Wpacked"
 105:Generated_Source\PSoC6\pdl\cmsis/include/cmsis_gcc.h ****   #pragma GCC diagnostic ignored "-Wattributes"
 106:Generated_Source\PSoC6\pdl\cmsis/include/cmsis_gcc.h ****   __PACKED_STRUCT T_UINT32_READ { uint32_t v; };
 107:Generated_Source\PSoC6\pdl\cmsis/include/cmsis_gcc.h ****   #pragma GCC diagnostic pop
 108:Generated_Source\PSoC6\pdl\cmsis/include/cmsis_gcc.h ****   #define __UNALIGNED_UINT32_READ(addr)          (((const struct T_UINT32_READ *)(const void *)(add
 109:Generated_Source\PSoC6\pdl\cmsis/include/cmsis_gcc.h **** #endif
 110:Generated_Source\PSoC6\pdl\cmsis/include/cmsis_gcc.h **** #ifndef   __ALIGNED
 111:Generated_Source\PSoC6\pdl\cmsis/include/cmsis_gcc.h ****   #define __ALIGNED(x)                           __attribute__((aligned(x)))
 112:Generated_Source\PSoC6\pdl\cmsis/include/cmsis_gcc.h **** #endif
 113:Generated_Source\PSoC6\pdl\cmsis/include/cmsis_gcc.h **** #ifndef   __RESTRICT
 114:Generated_Source\PSoC6\pdl\cmsis/include/cmsis_gcc.h ****   #define __RESTRICT                             __restrict
 115:Generated_Source\PSoC6\pdl\cmsis/include/cmsis_gcc.h **** #endif
 116:Generated_Source\PSoC6\pdl\cmsis/include/cmsis_gcc.h **** 
ARM GAS  C:\Users\Finik\AppData\Local\Temp\ccY85NDM.s 			page 71


 117:Generated_Source\PSoC6\pdl\cmsis/include/cmsis_gcc.h **** 
 118:Generated_Source\PSoC6\pdl\cmsis/include/cmsis_gcc.h **** /* ###########################  Core Function Access  ########################### */
 119:Generated_Source\PSoC6\pdl\cmsis/include/cmsis_gcc.h **** /** \ingroup  CMSIS_Core_FunctionInterface
 120:Generated_Source\PSoC6\pdl\cmsis/include/cmsis_gcc.h ****     \defgroup CMSIS_Core_RegAccFunctions CMSIS Core Register Access Functions
 121:Generated_Source\PSoC6\pdl\cmsis/include/cmsis_gcc.h ****   @{
 122:Generated_Source\PSoC6\pdl\cmsis/include/cmsis_gcc.h ****  */
 123:Generated_Source\PSoC6\pdl\cmsis/include/cmsis_gcc.h **** 
 124:Generated_Source\PSoC6\pdl\cmsis/include/cmsis_gcc.h **** /**
 125:Generated_Source\PSoC6\pdl\cmsis/include/cmsis_gcc.h ****   \brief   Enable IRQ Interrupts
 126:Generated_Source\PSoC6\pdl\cmsis/include/cmsis_gcc.h ****   \details Enables IRQ interrupts by clearing the I-bit in the CPSR.
 127:Generated_Source\PSoC6\pdl\cmsis/include/cmsis_gcc.h ****            Can only be executed in Privileged modes.
 128:Generated_Source\PSoC6\pdl\cmsis/include/cmsis_gcc.h ****  */
 129:Generated_Source\PSoC6\pdl\cmsis/include/cmsis_gcc.h **** __STATIC_FORCEINLINE void __enable_irq(void)
 130:Generated_Source\PSoC6\pdl\cmsis/include/cmsis_gcc.h **** {
 131:Generated_Source\PSoC6\pdl\cmsis/include/cmsis_gcc.h ****   __ASM volatile ("cpsie i" : : : "memory");
 228              		.loc 6 131 0
 229              		.syntax unified
 230              	@ 131 "Generated_Source\PSoC6\pdl\cmsis/include/cmsis_gcc.h" 1
 231 0006 62B6     		cpsie i
 232              	@ 0 "" 2
 233              	.LVL15:
 234              		.thumb
 235              		.syntax unified
 236              	.LBE49:
 237              	.LBE48:
 238              	.LBB50:
 239              	.LBB51:
1046:Generated_Source\PSoC6\pdl\drivers/peripheral/scb/cy_scb_uart.h **** }
1047:Generated_Source\PSoC6\pdl\drivers/peripheral/scb/cy_scb_uart.h **** 
1048:Generated_Source\PSoC6\pdl\drivers/peripheral/scb/cy_scb_uart.h **** 
1049:Generated_Source\PSoC6\pdl\drivers/peripheral/scb/cy_scb_uart.h **** /*******************************************************************************
1050:Generated_Source\PSoC6\pdl\drivers/peripheral/scb/cy_scb_uart.h **** * Function Name: Cy_SCB_UART_EnableCts
1051:Generated_Source\PSoC6\pdl\drivers/peripheral/scb/cy_scb_uart.h **** ****************************************************************************//**
1052:Generated_Source\PSoC6\pdl\drivers/peripheral/scb/cy_scb_uart.h **** *
1053:Generated_Source\PSoC6\pdl\drivers/peripheral/scb/cy_scb_uart.h **** * Enables the Clear to Send (CTS) input for the UART. The UART will not transmit
1054:Generated_Source\PSoC6\pdl\drivers/peripheral/scb/cy_scb_uart.h **** * data while this signal is inactive.
1055:Generated_Source\PSoC6\pdl\drivers/peripheral/scb/cy_scb_uart.h **** *
1056:Generated_Source\PSoC6\pdl\drivers/peripheral/scb/cy_scb_uart.h **** * \param base
1057:Generated_Source\PSoC6\pdl\drivers/peripheral/scb/cy_scb_uart.h **** * The pointer to the UART SCB instance.
1058:Generated_Source\PSoC6\pdl\drivers/peripheral/scb/cy_scb_uart.h **** *
1059:Generated_Source\PSoC6\pdl\drivers/peripheral/scb/cy_scb_uart.h **** *******************************************************************************/
1060:Generated_Source\PSoC6\pdl\drivers/peripheral/scb/cy_scb_uart.h **** __STATIC_INLINE void Cy_SCB_UART_EnableCts(CySCB_Type *base)
1061:Generated_Source\PSoC6\pdl\drivers/peripheral/scb/cy_scb_uart.h **** {
1062:Generated_Source\PSoC6\pdl\drivers/peripheral/scb/cy_scb_uart.h ****     SCB_UART_FLOW_CTRL(base) |= SCB_UART_FLOW_CTRL_CTS_ENABLED_Msk;
1063:Generated_Source\PSoC6\pdl\drivers/peripheral/scb/cy_scb_uart.h **** }
1064:Generated_Source\PSoC6\pdl\drivers/peripheral/scb/cy_scb_uart.h **** 
1065:Generated_Source\PSoC6\pdl\drivers/peripheral/scb/cy_scb_uart.h **** 
1066:Generated_Source\PSoC6\pdl\drivers/peripheral/scb/cy_scb_uart.h **** /*******************************************************************************
1067:Generated_Source\PSoC6\pdl\drivers/peripheral/scb/cy_scb_uart.h **** * Function Name: Cy_SCB_UART_DisableCts
1068:Generated_Source\PSoC6\pdl\drivers/peripheral/scb/cy_scb_uart.h **** ****************************************************************************//**
1069:Generated_Source\PSoC6\pdl\drivers/peripheral/scb/cy_scb_uart.h **** *
1070:Generated_Source\PSoC6\pdl\drivers/peripheral/scb/cy_scb_uart.h **** * Disables the Clear to Send (CTS) input for the UART.
1071:Generated_Source\PSoC6\pdl\drivers/peripheral/scb/cy_scb_uart.h **** * See \ref Cy_SCB_UART_EnableCts for the details.
1072:Generated_Source\PSoC6\pdl\drivers/peripheral/scb/cy_scb_uart.h **** *
1073:Generated_Source\PSoC6\pdl\drivers/peripheral/scb/cy_scb_uart.h **** * \param base
1074:Generated_Source\PSoC6\pdl\drivers/peripheral/scb/cy_scb_uart.h **** * The pointer to the UART SCB instance.
1075:Generated_Source\PSoC6\pdl\drivers/peripheral/scb/cy_scb_uart.h **** *
ARM GAS  C:\Users\Finik\AppData\Local\Temp\ccY85NDM.s 			page 72


1076:Generated_Source\PSoC6\pdl\drivers/peripheral/scb/cy_scb_uart.h **** *******************************************************************************/
1077:Generated_Source\PSoC6\pdl\drivers/peripheral/scb/cy_scb_uart.h **** __STATIC_INLINE void Cy_SCB_UART_DisableCts(CySCB_Type *base)
1078:Generated_Source\PSoC6\pdl\drivers/peripheral/scb/cy_scb_uart.h **** {
1079:Generated_Source\PSoC6\pdl\drivers/peripheral/scb/cy_scb_uart.h ****     SCB_UART_FLOW_CTRL(base) &= (uint32_t) ~SCB_UART_FLOW_CTRL_CTS_ENABLED_Msk;
1080:Generated_Source\PSoC6\pdl\drivers/peripheral/scb/cy_scb_uart.h **** }
1081:Generated_Source\PSoC6\pdl\drivers/peripheral/scb/cy_scb_uart.h **** 
1082:Generated_Source\PSoC6\pdl\drivers/peripheral/scb/cy_scb_uart.h **** 
1083:Generated_Source\PSoC6\pdl\drivers/peripheral/scb/cy_scb_uart.h **** /*******************************************************************************
1084:Generated_Source\PSoC6\pdl\drivers/peripheral/scb/cy_scb_uart.h **** * Function Name: Cy_SCB_UART_SetRtsFifoLevel
1085:Generated_Source\PSoC6\pdl\drivers/peripheral/scb/cy_scb_uart.h **** ****************************************************************************//**
1086:Generated_Source\PSoC6\pdl\drivers/peripheral/scb/cy_scb_uart.h **** *
1087:Generated_Source\PSoC6\pdl\drivers/peripheral/scb/cy_scb_uart.h **** * Sets a level for the Ready To Send (RTS) signal activation.
1088:Generated_Source\PSoC6\pdl\drivers/peripheral/scb/cy_scb_uart.h **** * When the number of data elements in the receive FIFO is below this level,
1089:Generated_Source\PSoC6\pdl\drivers/peripheral/scb/cy_scb_uart.h **** * then the RTS output is active. Otherwise, the RTS signal is inactive.
1090:Generated_Source\PSoC6\pdl\drivers/peripheral/scb/cy_scb_uart.h **** * To disable the RTS signal generation, set this level to zero.
1091:Generated_Source\PSoC6\pdl\drivers/peripheral/scb/cy_scb_uart.h **** *
1092:Generated_Source\PSoC6\pdl\drivers/peripheral/scb/cy_scb_uart.h **** * \param base
1093:Generated_Source\PSoC6\pdl\drivers/peripheral/scb/cy_scb_uart.h **** * The pointer to the UART SCB instance.
1094:Generated_Source\PSoC6\pdl\drivers/peripheral/scb/cy_scb_uart.h **** *
1095:Generated_Source\PSoC6\pdl\drivers/peripheral/scb/cy_scb_uart.h **** * \param level
1096:Generated_Source\PSoC6\pdl\drivers/peripheral/scb/cy_scb_uart.h **** * The level in the RX FIFO for RTS signal activation.
1097:Generated_Source\PSoC6\pdl\drivers/peripheral/scb/cy_scb_uart.h **** *
1098:Generated_Source\PSoC6\pdl\drivers/peripheral/scb/cy_scb_uart.h **** *******************************************************************************/
1099:Generated_Source\PSoC6\pdl\drivers/peripheral/scb/cy_scb_uart.h **** __STATIC_INLINE void Cy_SCB_UART_SetRtsFifoLevel(CySCB_Type *base, uint32_t level)
1100:Generated_Source\PSoC6\pdl\drivers/peripheral/scb/cy_scb_uart.h **** {
1101:Generated_Source\PSoC6\pdl\drivers/peripheral/scb/cy_scb_uart.h ****     CY_ASSERT_L2(CY_SCB_IS_TRIGGER_LEVEL_VALID(base, level));
1102:Generated_Source\PSoC6\pdl\drivers/peripheral/scb/cy_scb_uart.h **** 
1103:Generated_Source\PSoC6\pdl\drivers/peripheral/scb/cy_scb_uart.h ****     CY_REG32_CLR_SET(SCB_UART_FLOW_CTRL(base), SCB_UART_FLOW_CTRL_TRIGGER_LEVEL, level);
1104:Generated_Source\PSoC6\pdl\drivers/peripheral/scb/cy_scb_uart.h **** }
1105:Generated_Source\PSoC6\pdl\drivers/peripheral/scb/cy_scb_uart.h **** 
1106:Generated_Source\PSoC6\pdl\drivers/peripheral/scb/cy_scb_uart.h **** 
1107:Generated_Source\PSoC6\pdl\drivers/peripheral/scb/cy_scb_uart.h **** /*******************************************************************************
1108:Generated_Source\PSoC6\pdl\drivers/peripheral/scb/cy_scb_uart.h **** * Function Name: Cy_SCB_UART_GetRtsFifoLevel
1109:Generated_Source\PSoC6\pdl\drivers/peripheral/scb/cy_scb_uart.h **** ****************************************************************************//**
1110:Generated_Source\PSoC6\pdl\drivers/peripheral/scb/cy_scb_uart.h **** *
1111:Generated_Source\PSoC6\pdl\drivers/peripheral/scb/cy_scb_uart.h **** * Returns the level in the RX FIFO for the RTS signal activation.
1112:Generated_Source\PSoC6\pdl\drivers/peripheral/scb/cy_scb_uart.h **** *
1113:Generated_Source\PSoC6\pdl\drivers/peripheral/scb/cy_scb_uart.h **** * \param base
1114:Generated_Source\PSoC6\pdl\drivers/peripheral/scb/cy_scb_uart.h **** * The pointer to the UART SCB instance.
1115:Generated_Source\PSoC6\pdl\drivers/peripheral/scb/cy_scb_uart.h **** *
1116:Generated_Source\PSoC6\pdl\drivers/peripheral/scb/cy_scb_uart.h **** * \return
1117:Generated_Source\PSoC6\pdl\drivers/peripheral/scb/cy_scb_uart.h **** * The level in the RX FIFO for RTS signal activation.
1118:Generated_Source\PSoC6\pdl\drivers/peripheral/scb/cy_scb_uart.h **** *
1119:Generated_Source\PSoC6\pdl\drivers/peripheral/scb/cy_scb_uart.h **** *******************************************************************************/
1120:Generated_Source\PSoC6\pdl\drivers/peripheral/scb/cy_scb_uart.h **** __STATIC_INLINE uint32_t Cy_SCB_UART_GetRtsFifoLevel(CySCB_Type const *base)
1121:Generated_Source\PSoC6\pdl\drivers/peripheral/scb/cy_scb_uart.h **** {
1122:Generated_Source\PSoC6\pdl\drivers/peripheral/scb/cy_scb_uart.h ****     return _FLD2VAL(SCB_UART_FLOW_CTRL_TRIGGER_LEVEL, SCB_UART_FLOW_CTRL(base));
1123:Generated_Source\PSoC6\pdl\drivers/peripheral/scb/cy_scb_uart.h **** }
1124:Generated_Source\PSoC6\pdl\drivers/peripheral/scb/cy_scb_uart.h **** 
1125:Generated_Source\PSoC6\pdl\drivers/peripheral/scb/cy_scb_uart.h **** 
1126:Generated_Source\PSoC6\pdl\drivers/peripheral/scb/cy_scb_uart.h **** /*******************************************************************************
1127:Generated_Source\PSoC6\pdl\drivers/peripheral/scb/cy_scb_uart.h **** * Function Name: Cy_SCB_UART_EnableSkipStart
1128:Generated_Source\PSoC6\pdl\drivers/peripheral/scb/cy_scb_uart.h **** ****************************************************************************//**
1129:Generated_Source\PSoC6\pdl\drivers/peripheral/scb/cy_scb_uart.h **** *
1130:Generated_Source\PSoC6\pdl\drivers/peripheral/scb/cy_scb_uart.h **** * Enables the skip start-bit functionality.
1131:Generated_Source\PSoC6\pdl\drivers/peripheral/scb/cy_scb_uart.h **** * When skip start is enabled the UART hardware does not synchronize to a 
1132:Generated_Source\PSoC6\pdl\drivers/peripheral/scb/cy_scb_uart.h **** * start bit but synchronizes to the first rising edge. To create a rising edge, 
ARM GAS  C:\Users\Finik\AppData\Local\Temp\ccY85NDM.s 			page 73


1133:Generated_Source\PSoC6\pdl\drivers/peripheral/scb/cy_scb_uart.h **** * the first data bit must be a 1. This feature is useful when the start bit 
1134:Generated_Source\PSoC6\pdl\drivers/peripheral/scb/cy_scb_uart.h **** * falling edge is used to wake the device through a GPIO interrupt.
1135:Generated_Source\PSoC6\pdl\drivers/peripheral/scb/cy_scb_uart.h **** *
1136:Generated_Source\PSoC6\pdl\drivers/peripheral/scb/cy_scb_uart.h **** * \param base
1137:Generated_Source\PSoC6\pdl\drivers/peripheral/scb/cy_scb_uart.h **** * The pointer to the UART SCB instance.
1138:Generated_Source\PSoC6\pdl\drivers/peripheral/scb/cy_scb_uart.h **** *
1139:Generated_Source\PSoC6\pdl\drivers/peripheral/scb/cy_scb_uart.h **** * \note
1140:Generated_Source\PSoC6\pdl\drivers/peripheral/scb/cy_scb_uart.h **** * When skip start-bit feature is enabled, it is applied (UART synchronizes 
1141:Generated_Source\PSoC6\pdl\drivers/peripheral/scb/cy_scb_uart.h **** * to the first rising edge after start bit) whenever the SCB is enabled. 
1142:Generated_Source\PSoC6\pdl\drivers/peripheral/scb/cy_scb_uart.h **** * This can cause incorrect UART synchronization and data reception when 
1143:Generated_Source\PSoC6\pdl\drivers/peripheral/scb/cy_scb_uart.h **** * the first data bit is not a 1. Therefore, disable the skip start-bit 
1144:Generated_Source\PSoC6\pdl\drivers/peripheral/scb/cy_scb_uart.h **** * when it should not be applied.
1145:Generated_Source\PSoC6\pdl\drivers/peripheral/scb/cy_scb_uart.h **** * Note that SCB is disabled before enter Deep Sleep mode or after calling 
1146:Generated_Source\PSoC6\pdl\drivers/peripheral/scb/cy_scb_uart.h **** * \ref Cy_SCB_UART_Disable.
1147:Generated_Source\PSoC6\pdl\drivers/peripheral/scb/cy_scb_uart.h **** *
1148:Generated_Source\PSoC6\pdl\drivers/peripheral/scb/cy_scb_uart.h **** *******************************************************************************/
1149:Generated_Source\PSoC6\pdl\drivers/peripheral/scb/cy_scb_uart.h **** __STATIC_INLINE void Cy_SCB_UART_EnableSkipStart(CySCB_Type *base)
1150:Generated_Source\PSoC6\pdl\drivers/peripheral/scb/cy_scb_uart.h **** {
1151:Generated_Source\PSoC6\pdl\drivers/peripheral/scb/cy_scb_uart.h ****     SCB_UART_RX_CTRL(base) |= SCB_UART_RX_CTRL_SKIP_START_Msk;
1152:Generated_Source\PSoC6\pdl\drivers/peripheral/scb/cy_scb_uart.h **** }
1153:Generated_Source\PSoC6\pdl\drivers/peripheral/scb/cy_scb_uart.h **** 
1154:Generated_Source\PSoC6\pdl\drivers/peripheral/scb/cy_scb_uart.h **** 
1155:Generated_Source\PSoC6\pdl\drivers/peripheral/scb/cy_scb_uart.h **** /*******************************************************************************
1156:Generated_Source\PSoC6\pdl\drivers/peripheral/scb/cy_scb_uart.h **** * Function Name: Cy_SCB_UART_DisableSkipStart
1157:Generated_Source\PSoC6\pdl\drivers/peripheral/scb/cy_scb_uart.h **** ****************************************************************************//**
1158:Generated_Source\PSoC6\pdl\drivers/peripheral/scb/cy_scb_uart.h **** *
1159:Generated_Source\PSoC6\pdl\drivers/peripheral/scb/cy_scb_uart.h **** * Disable the skip start-bit functionality.
1160:Generated_Source\PSoC6\pdl\drivers/peripheral/scb/cy_scb_uart.h **** * See \ref Cy_SCB_UART_EnableSkipStart for the details.
1161:Generated_Source\PSoC6\pdl\drivers/peripheral/scb/cy_scb_uart.h **** *
1162:Generated_Source\PSoC6\pdl\drivers/peripheral/scb/cy_scb_uart.h **** * \param base
1163:Generated_Source\PSoC6\pdl\drivers/peripheral/scb/cy_scb_uart.h **** * The pointer to the UART SCB instance.
1164:Generated_Source\PSoC6\pdl\drivers/peripheral/scb/cy_scb_uart.h **** *
1165:Generated_Source\PSoC6\pdl\drivers/peripheral/scb/cy_scb_uart.h **** *******************************************************************************/
1166:Generated_Source\PSoC6\pdl\drivers/peripheral/scb/cy_scb_uart.h **** __STATIC_INLINE void Cy_SCB_UART_DisableSkipStart(CySCB_Type *base)
1167:Generated_Source\PSoC6\pdl\drivers/peripheral/scb/cy_scb_uart.h **** {
1168:Generated_Source\PSoC6\pdl\drivers/peripheral/scb/cy_scb_uart.h ****     SCB_UART_RX_CTRL(base) &= (uint32_t) ~SCB_UART_RX_CTRL_SKIP_START_Msk;
1169:Generated_Source\PSoC6\pdl\drivers/peripheral/scb/cy_scb_uart.h **** }
1170:Generated_Source\PSoC6\pdl\drivers/peripheral/scb/cy_scb_uart.h **** /** \} group_scb_uart_general_functions */
1171:Generated_Source\PSoC6\pdl\drivers/peripheral/scb/cy_scb_uart.h **** 
1172:Generated_Source\PSoC6\pdl\drivers/peripheral/scb/cy_scb_uart.h **** 
1173:Generated_Source\PSoC6\pdl\drivers/peripheral/scb/cy_scb_uart.h **** /**
1174:Generated_Source\PSoC6\pdl\drivers/peripheral/scb/cy_scb_uart.h **** * \addtogroup group_scb_uart_low_level_functions
1175:Generated_Source\PSoC6\pdl\drivers/peripheral/scb/cy_scb_uart.h **** * \{
1176:Generated_Source\PSoC6\pdl\drivers/peripheral/scb/cy_scb_uart.h **** */
1177:Generated_Source\PSoC6\pdl\drivers/peripheral/scb/cy_scb_uart.h **** /*******************************************************************************
1178:Generated_Source\PSoC6\pdl\drivers/peripheral/scb/cy_scb_uart.h **** * Function Name: Cy_SCB_UART_Get
1179:Generated_Source\PSoC6\pdl\drivers/peripheral/scb/cy_scb_uart.h **** ****************************************************************************//**
1180:Generated_Source\PSoC6\pdl\drivers/peripheral/scb/cy_scb_uart.h **** *
1181:Generated_Source\PSoC6\pdl\drivers/peripheral/scb/cy_scb_uart.h **** * Reads a single data element from the UART RX FIFO.
1182:Generated_Source\PSoC6\pdl\drivers/peripheral/scb/cy_scb_uart.h **** * This function does not check whether the RX FIFO has data before reading it.
1183:Generated_Source\PSoC6\pdl\drivers/peripheral/scb/cy_scb_uart.h **** * If the RX FIFO is empty, the function returns \ref CY_SCB_UART_RX_NO_DATA.
1184:Generated_Source\PSoC6\pdl\drivers/peripheral/scb/cy_scb_uart.h **** *
1185:Generated_Source\PSoC6\pdl\drivers/peripheral/scb/cy_scb_uart.h **** * \param base
1186:Generated_Source\PSoC6\pdl\drivers/peripheral/scb/cy_scb_uart.h **** * The pointer to the UART SCB instance.
1187:Generated_Source\PSoC6\pdl\drivers/peripheral/scb/cy_scb_uart.h **** *
1188:Generated_Source\PSoC6\pdl\drivers/peripheral/scb/cy_scb_uart.h **** * \return
1189:Generated_Source\PSoC6\pdl\drivers/peripheral/scb/cy_scb_uart.h **** * Data from the RX FIFO.
ARM GAS  C:\Users\Finik\AppData\Local\Temp\ccY85NDM.s 			page 74


1190:Generated_Source\PSoC6\pdl\drivers/peripheral/scb/cy_scb_uart.h **** * The data element size is defined by the configured data width.
1191:Generated_Source\PSoC6\pdl\drivers/peripheral/scb/cy_scb_uart.h **** *
1192:Generated_Source\PSoC6\pdl\drivers/peripheral/scb/cy_scb_uart.h **** *******************************************************************************/
1193:Generated_Source\PSoC6\pdl\drivers/peripheral/scb/cy_scb_uart.h **** __STATIC_INLINE uint32_t Cy_SCB_UART_Get(CySCB_Type const *base)
1194:Generated_Source\PSoC6\pdl\drivers/peripheral/scb/cy_scb_uart.h **** {
1195:Generated_Source\PSoC6\pdl\drivers/peripheral/scb/cy_scb_uart.h ****     return Cy_SCB_ReadRxFifo(base);
1196:Generated_Source\PSoC6\pdl\drivers/peripheral/scb/cy_scb_uart.h **** }
1197:Generated_Source\PSoC6\pdl\drivers/peripheral/scb/cy_scb_uart.h **** 
1198:Generated_Source\PSoC6\pdl\drivers/peripheral/scb/cy_scb_uart.h **** 
1199:Generated_Source\PSoC6\pdl\drivers/peripheral/scb/cy_scb_uart.h **** /*******************************************************************************
1200:Generated_Source\PSoC6\pdl\drivers/peripheral/scb/cy_scb_uart.h **** * Function Name: Cy_SCB_UART_GetArray
1201:Generated_Source\PSoC6\pdl\drivers/peripheral/scb/cy_scb_uart.h **** ****************************************************************************//**
1202:Generated_Source\PSoC6\pdl\drivers/peripheral/scb/cy_scb_uart.h **** *
1203:Generated_Source\PSoC6\pdl\drivers/peripheral/scb/cy_scb_uart.h **** * Reads an array of data out of the UART RX FIFO.
1204:Generated_Source\PSoC6\pdl\drivers/peripheral/scb/cy_scb_uart.h **** * This function does not block. It returns how many data elements were read
1205:Generated_Source\PSoC6\pdl\drivers/peripheral/scb/cy_scb_uart.h **** * from the RX FIFO.
1206:Generated_Source\PSoC6\pdl\drivers/peripheral/scb/cy_scb_uart.h **** *
1207:Generated_Source\PSoC6\pdl\drivers/peripheral/scb/cy_scb_uart.h **** * \param base
1208:Generated_Source\PSoC6\pdl\drivers/peripheral/scb/cy_scb_uart.h **** * The pointer to the UART SCB instance.
1209:Generated_Source\PSoC6\pdl\drivers/peripheral/scb/cy_scb_uart.h **** *
1210:Generated_Source\PSoC6\pdl\drivers/peripheral/scb/cy_scb_uart.h **** * \param buffer
1211:Generated_Source\PSoC6\pdl\drivers/peripheral/scb/cy_scb_uart.h **** * The pointer to the location to place the data read from the RX FIFO.
1212:Generated_Source\PSoC6\pdl\drivers/peripheral/scb/cy_scb_uart.h **** * The element size is defined by the data type, which depends on the configured
1213:Generated_Source\PSoC6\pdl\drivers/peripheral/scb/cy_scb_uart.h **** * data width.
1214:Generated_Source\PSoC6\pdl\drivers/peripheral/scb/cy_scb_uart.h **** *
1215:Generated_Source\PSoC6\pdl\drivers/peripheral/scb/cy_scb_uart.h **** * \param size
1216:Generated_Source\PSoC6\pdl\drivers/peripheral/scb/cy_scb_uart.h **** * The number of data elements to read from the RX FIFO.
1217:Generated_Source\PSoC6\pdl\drivers/peripheral/scb/cy_scb_uart.h **** *
1218:Generated_Source\PSoC6\pdl\drivers/peripheral/scb/cy_scb_uart.h **** * \return
1219:Generated_Source\PSoC6\pdl\drivers/peripheral/scb/cy_scb_uart.h **** * The number of data elements read from the RX FIFO.
1220:Generated_Source\PSoC6\pdl\drivers/peripheral/scb/cy_scb_uart.h **** *
1221:Generated_Source\PSoC6\pdl\drivers/peripheral/scb/cy_scb_uart.h **** *******************************************************************************/
1222:Generated_Source\PSoC6\pdl\drivers/peripheral/scb/cy_scb_uart.h **** __STATIC_INLINE uint32_t Cy_SCB_UART_GetArray(CySCB_Type const *base, void *buffer, uint32_t size)
1223:Generated_Source\PSoC6\pdl\drivers/peripheral/scb/cy_scb_uart.h **** {
1224:Generated_Source\PSoC6\pdl\drivers/peripheral/scb/cy_scb_uart.h ****     CY_ASSERT_L1(CY_SCB_IS_BUFFER_VALID(buffer, size));
1225:Generated_Source\PSoC6\pdl\drivers/peripheral/scb/cy_scb_uart.h **** 
1226:Generated_Source\PSoC6\pdl\drivers/peripheral/scb/cy_scb_uart.h ****     return Cy_SCB_ReadArray(base, buffer, size);
1227:Generated_Source\PSoC6\pdl\drivers/peripheral/scb/cy_scb_uart.h **** }
1228:Generated_Source\PSoC6\pdl\drivers/peripheral/scb/cy_scb_uart.h **** 
1229:Generated_Source\PSoC6\pdl\drivers/peripheral/scb/cy_scb_uart.h **** 
1230:Generated_Source\PSoC6\pdl\drivers/peripheral/scb/cy_scb_uart.h **** /*******************************************************************************
1231:Generated_Source\PSoC6\pdl\drivers/peripheral/scb/cy_scb_uart.h **** * Function Name: Cy_SCB_UART_GetArrayBlocking
1232:Generated_Source\PSoC6\pdl\drivers/peripheral/scb/cy_scb_uart.h **** ****************************************************************************//**
1233:Generated_Source\PSoC6\pdl\drivers/peripheral/scb/cy_scb_uart.h **** *
1234:Generated_Source\PSoC6\pdl\drivers/peripheral/scb/cy_scb_uart.h **** * Reads an array of data out of the UART RX FIFO.
1235:Generated_Source\PSoC6\pdl\drivers/peripheral/scb/cy_scb_uart.h **** * This function blocks until the number of data elements specified by the
1236:Generated_Source\PSoC6\pdl\drivers/peripheral/scb/cy_scb_uart.h **** * size has been read from the RX FIFO.
1237:Generated_Source\PSoC6\pdl\drivers/peripheral/scb/cy_scb_uart.h **** *
1238:Generated_Source\PSoC6\pdl\drivers/peripheral/scb/cy_scb_uart.h **** * \param base
1239:Generated_Source\PSoC6\pdl\drivers/peripheral/scb/cy_scb_uart.h **** * The pointer to the UART SCB instance.
1240:Generated_Source\PSoC6\pdl\drivers/peripheral/scb/cy_scb_uart.h **** *
1241:Generated_Source\PSoC6\pdl\drivers/peripheral/scb/cy_scb_uart.h **** * \param buffer
1242:Generated_Source\PSoC6\pdl\drivers/peripheral/scb/cy_scb_uart.h **** * The pointer to the location to place the data read from the RX FIFO.
1243:Generated_Source\PSoC6\pdl\drivers/peripheral/scb/cy_scb_uart.h **** * The element size is defined by the data type, which depends on the configured
1244:Generated_Source\PSoC6\pdl\drivers/peripheral/scb/cy_scb_uart.h **** * data width.
1245:Generated_Source\PSoC6\pdl\drivers/peripheral/scb/cy_scb_uart.h **** *
1246:Generated_Source\PSoC6\pdl\drivers/peripheral/scb/cy_scb_uart.h **** * \param size
ARM GAS  C:\Users\Finik\AppData\Local\Temp\ccY85NDM.s 			page 75


1247:Generated_Source\PSoC6\pdl\drivers/peripheral/scb/cy_scb_uart.h **** * The number of data elements to read from the RX FIFO.
1248:Generated_Source\PSoC6\pdl\drivers/peripheral/scb/cy_scb_uart.h **** *
1249:Generated_Source\PSoC6\pdl\drivers/peripheral/scb/cy_scb_uart.h **** *******************************************************************************/
1250:Generated_Source\PSoC6\pdl\drivers/peripheral/scb/cy_scb_uart.h **** __STATIC_INLINE void Cy_SCB_UART_GetArrayBlocking(CySCB_Type const *base, void *buffer, uint32_t si
1251:Generated_Source\PSoC6\pdl\drivers/peripheral/scb/cy_scb_uart.h **** {
1252:Generated_Source\PSoC6\pdl\drivers/peripheral/scb/cy_scb_uart.h ****     CY_ASSERT_L1(CY_SCB_IS_BUFFER_VALID(buffer, size));
1253:Generated_Source\PSoC6\pdl\drivers/peripheral/scb/cy_scb_uart.h **** 
1254:Generated_Source\PSoC6\pdl\drivers/peripheral/scb/cy_scb_uart.h ****     Cy_SCB_ReadArrayBlocking(base, buffer, size);
1255:Generated_Source\PSoC6\pdl\drivers/peripheral/scb/cy_scb_uart.h **** }
1256:Generated_Source\PSoC6\pdl\drivers/peripheral/scb/cy_scb_uart.h **** 
1257:Generated_Source\PSoC6\pdl\drivers/peripheral/scb/cy_scb_uart.h **** 
1258:Generated_Source\PSoC6\pdl\drivers/peripheral/scb/cy_scb_uart.h **** /*******************************************************************************
1259:Generated_Source\PSoC6\pdl\drivers/peripheral/scb/cy_scb_uart.h **** * Function Name: Cy_SCB_UART_GetRxFifoStatus
1260:Generated_Source\PSoC6\pdl\drivers/peripheral/scb/cy_scb_uart.h **** ****************************************************************************//**
1261:Generated_Source\PSoC6\pdl\drivers/peripheral/scb/cy_scb_uart.h **** *
1262:Generated_Source\PSoC6\pdl\drivers/peripheral/scb/cy_scb_uart.h **** * Returns the current status of the RX FIFO.
1263:Generated_Source\PSoC6\pdl\drivers/peripheral/scb/cy_scb_uart.h **** *
1264:Generated_Source\PSoC6\pdl\drivers/peripheral/scb/cy_scb_uart.h **** * \param base
1265:Generated_Source\PSoC6\pdl\drivers/peripheral/scb/cy_scb_uart.h **** * The pointer to the UART SCB instance.
1266:Generated_Source\PSoC6\pdl\drivers/peripheral/scb/cy_scb_uart.h **** *
1267:Generated_Source\PSoC6\pdl\drivers/peripheral/scb/cy_scb_uart.h **** * \return
1268:Generated_Source\PSoC6\pdl\drivers/peripheral/scb/cy_scb_uart.h **** * \ref group_scb_uart_macros_rx_fifo_status
1269:Generated_Source\PSoC6\pdl\drivers/peripheral/scb/cy_scb_uart.h **** *
1270:Generated_Source\PSoC6\pdl\drivers/peripheral/scb/cy_scb_uart.h **** *******************************************************************************/
1271:Generated_Source\PSoC6\pdl\drivers/peripheral/scb/cy_scb_uart.h **** __STATIC_INLINE uint32_t Cy_SCB_UART_GetRxFifoStatus(CySCB_Type const *base)
1272:Generated_Source\PSoC6\pdl\drivers/peripheral/scb/cy_scb_uart.h **** {
1273:Generated_Source\PSoC6\pdl\drivers/peripheral/scb/cy_scb_uart.h ****     return (Cy_SCB_GetRxInterruptStatus(base) & CY_SCB_UART_RX_INTR_MASK);
1274:Generated_Source\PSoC6\pdl\drivers/peripheral/scb/cy_scb_uart.h **** }
1275:Generated_Source\PSoC6\pdl\drivers/peripheral/scb/cy_scb_uart.h **** 
1276:Generated_Source\PSoC6\pdl\drivers/peripheral/scb/cy_scb_uart.h **** 
1277:Generated_Source\PSoC6\pdl\drivers/peripheral/scb/cy_scb_uart.h **** /*******************************************************************************
1278:Generated_Source\PSoC6\pdl\drivers/peripheral/scb/cy_scb_uart.h **** * Function Name: Cy_SCB_UART_ClearRxFifoStatus
1279:Generated_Source\PSoC6\pdl\drivers/peripheral/scb/cy_scb_uart.h **** ****************************************************************************//**
1280:Generated_Source\PSoC6\pdl\drivers/peripheral/scb/cy_scb_uart.h **** *
1281:Generated_Source\PSoC6\pdl\drivers/peripheral/scb/cy_scb_uart.h **** * Clears the selected statuses of the RX FIFO.
1282:Generated_Source\PSoC6\pdl\drivers/peripheral/scb/cy_scb_uart.h **** *
1283:Generated_Source\PSoC6\pdl\drivers/peripheral/scb/cy_scb_uart.h **** * \param base
1284:Generated_Source\PSoC6\pdl\drivers/peripheral/scb/cy_scb_uart.h **** * The pointer to the UART SCB instance.
1285:Generated_Source\PSoC6\pdl\drivers/peripheral/scb/cy_scb_uart.h **** *
1286:Generated_Source\PSoC6\pdl\drivers/peripheral/scb/cy_scb_uart.h **** * \param clearMask
1287:Generated_Source\PSoC6\pdl\drivers/peripheral/scb/cy_scb_uart.h **** * The mask whose statuses to clear.
1288:Generated_Source\PSoC6\pdl\drivers/peripheral/scb/cy_scb_uart.h **** * See \ref group_scb_uart_macros_rx_fifo_status for the set of constants.
1289:Generated_Source\PSoC6\pdl\drivers/peripheral/scb/cy_scb_uart.h **** *
1290:Generated_Source\PSoC6\pdl\drivers/peripheral/scb/cy_scb_uart.h **** * \note
1291:Generated_Source\PSoC6\pdl\drivers/peripheral/scb/cy_scb_uart.h **** * * This status is also used for interrupt generation, so clearing it also
1292:Generated_Source\PSoC6\pdl\drivers/peripheral/scb/cy_scb_uart.h **** *   clears the interrupt sources.
1293:Generated_Source\PSoC6\pdl\drivers/peripheral/scb/cy_scb_uart.h **** * * Level-sensitive statuses such as \ref CY_SCB_UART_RX_TRIGGER,
1294:Generated_Source\PSoC6\pdl\drivers/peripheral/scb/cy_scb_uart.h **** *   \ref CY_SCB_UART_RX_NOT_EMPTY and \ref CY_SCB_UART_RX_FULL are set high again after
1295:Generated_Source\PSoC6\pdl\drivers/peripheral/scb/cy_scb_uart.h **** *   being cleared if the condition remains true.
1296:Generated_Source\PSoC6\pdl\drivers/peripheral/scb/cy_scb_uart.h **** *
1297:Generated_Source\PSoC6\pdl\drivers/peripheral/scb/cy_scb_uart.h **** *******************************************************************************/
1298:Generated_Source\PSoC6\pdl\drivers/peripheral/scb/cy_scb_uart.h **** __STATIC_INLINE void Cy_SCB_UART_ClearRxFifoStatus(CySCB_Type *base, uint32_t clearMask)
1299:Generated_Source\PSoC6\pdl\drivers/peripheral/scb/cy_scb_uart.h **** {
1300:Generated_Source\PSoC6\pdl\drivers/peripheral/scb/cy_scb_uart.h ****     CY_ASSERT_L2(CY_SCB_IS_INTR_VALID(clearMask, CY_SCB_UART_RX_INTR_MASK));
1301:Generated_Source\PSoC6\pdl\drivers/peripheral/scb/cy_scb_uart.h **** 
1302:Generated_Source\PSoC6\pdl\drivers/peripheral/scb/cy_scb_uart.h ****     Cy_SCB_ClearRxInterrupt(base, clearMask);
1303:Generated_Source\PSoC6\pdl\drivers/peripheral/scb/cy_scb_uart.h **** }
ARM GAS  C:\Users\Finik\AppData\Local\Temp\ccY85NDM.s 			page 76


1304:Generated_Source\PSoC6\pdl\drivers/peripheral/scb/cy_scb_uart.h **** 
1305:Generated_Source\PSoC6\pdl\drivers/peripheral/scb/cy_scb_uart.h **** 
1306:Generated_Source\PSoC6\pdl\drivers/peripheral/scb/cy_scb_uart.h **** /*******************************************************************************
1307:Generated_Source\PSoC6\pdl\drivers/peripheral/scb/cy_scb_uart.h **** * Function Name: Cy_SCB_UART_GetNumInRxFifo
1308:Generated_Source\PSoC6\pdl\drivers/peripheral/scb/cy_scb_uart.h **** ****************************************************************************//**
1309:Generated_Source\PSoC6\pdl\drivers/peripheral/scb/cy_scb_uart.h **** *
1310:Generated_Source\PSoC6\pdl\drivers/peripheral/scb/cy_scb_uart.h **** * Returns the number of data elements in the UART RX FIFO.
1311:Generated_Source\PSoC6\pdl\drivers/peripheral/scb/cy_scb_uart.h **** *
1312:Generated_Source\PSoC6\pdl\drivers/peripheral/scb/cy_scb_uart.h **** * \param base
1313:Generated_Source\PSoC6\pdl\drivers/peripheral/scb/cy_scb_uart.h **** * The pointer to the UART SCB instance.
1314:Generated_Source\PSoC6\pdl\drivers/peripheral/scb/cy_scb_uart.h **** *
1315:Generated_Source\PSoC6\pdl\drivers/peripheral/scb/cy_scb_uart.h **** * \return
1316:Generated_Source\PSoC6\pdl\drivers/peripheral/scb/cy_scb_uart.h **** * The number of data elements in the RX FIFO.
1317:Generated_Source\PSoC6\pdl\drivers/peripheral/scb/cy_scb_uart.h **** * The size of date element defined by the configured data width.
1318:Generated_Source\PSoC6\pdl\drivers/peripheral/scb/cy_scb_uart.h **** *
1319:Generated_Source\PSoC6\pdl\drivers/peripheral/scb/cy_scb_uart.h **** *******************************************************************************/
1320:Generated_Source\PSoC6\pdl\drivers/peripheral/scb/cy_scb_uart.h **** __STATIC_INLINE uint32_t Cy_SCB_UART_GetNumInRxFifo(CySCB_Type const *base)
1321:Generated_Source\PSoC6\pdl\drivers/peripheral/scb/cy_scb_uart.h **** {
1322:Generated_Source\PSoC6\pdl\drivers/peripheral/scb/cy_scb_uart.h ****     return Cy_SCB_GetNumInRxFifo(base);
1323:Generated_Source\PSoC6\pdl\drivers/peripheral/scb/cy_scb_uart.h **** }
1324:Generated_Source\PSoC6\pdl\drivers/peripheral/scb/cy_scb_uart.h **** 
1325:Generated_Source\PSoC6\pdl\drivers/peripheral/scb/cy_scb_uart.h **** /*******************************************************************************
1326:Generated_Source\PSoC6\pdl\drivers/peripheral/scb/cy_scb_uart.h **** * Function Name: Cy_SCB_UART_ClearRxFifo
1327:Generated_Source\PSoC6\pdl\drivers/peripheral/scb/cy_scb_uart.h **** ****************************************************************************//**
1328:Generated_Source\PSoC6\pdl\drivers/peripheral/scb/cy_scb_uart.h **** *
1329:Generated_Source\PSoC6\pdl\drivers/peripheral/scb/cy_scb_uart.h **** * Clears all data out of the UART RX FIFO.
1330:Generated_Source\PSoC6\pdl\drivers/peripheral/scb/cy_scb_uart.h **** *
1331:Generated_Source\PSoC6\pdl\drivers/peripheral/scb/cy_scb_uart.h **** * \param base
1332:Generated_Source\PSoC6\pdl\drivers/peripheral/scb/cy_scb_uart.h **** * The pointer to the UART SCB instance.
1333:Generated_Source\PSoC6\pdl\drivers/peripheral/scb/cy_scb_uart.h **** *
1334:Generated_Source\PSoC6\pdl\drivers/peripheral/scb/cy_scb_uart.h **** * \sideeffect
1335:Generated_Source\PSoC6\pdl\drivers/peripheral/scb/cy_scb_uart.h **** * Any data currently in the shifter is cleared and lost.
1336:Generated_Source\PSoC6\pdl\drivers/peripheral/scb/cy_scb_uart.h **** *
1337:Generated_Source\PSoC6\pdl\drivers/peripheral/scb/cy_scb_uart.h **** *******************************************************************************/
1338:Generated_Source\PSoC6\pdl\drivers/peripheral/scb/cy_scb_uart.h **** __STATIC_INLINE void Cy_SCB_UART_ClearRxFifo(CySCB_Type *base)
1339:Generated_Source\PSoC6\pdl\drivers/peripheral/scb/cy_scb_uart.h **** {
1340:Generated_Source\PSoC6\pdl\drivers/peripheral/scb/cy_scb_uart.h ****     Cy_SCB_ClearRxFifo(base);
1341:Generated_Source\PSoC6\pdl\drivers/peripheral/scb/cy_scb_uart.h **** }
1342:Generated_Source\PSoC6\pdl\drivers/peripheral/scb/cy_scb_uart.h **** 
1343:Generated_Source\PSoC6\pdl\drivers/peripheral/scb/cy_scb_uart.h **** 
1344:Generated_Source\PSoC6\pdl\drivers/peripheral/scb/cy_scb_uart.h **** /*******************************************************************************
1345:Generated_Source\PSoC6\pdl\drivers/peripheral/scb/cy_scb_uart.h **** * Function Name: Cy_SCB_UART_Put
1346:Generated_Source\PSoC6\pdl\drivers/peripheral/scb/cy_scb_uart.h **** ****************************************************************************//**
1347:Generated_Source\PSoC6\pdl\drivers/peripheral/scb/cy_scb_uart.h **** *
1348:Generated_Source\PSoC6\pdl\drivers/peripheral/scb/cy_scb_uart.h **** * Places a single data element in the UART TX FIFO.
1349:Generated_Source\PSoC6\pdl\drivers/peripheral/scb/cy_scb_uart.h **** * This function does not block and returns how many data elements were placed
1350:Generated_Source\PSoC6\pdl\drivers/peripheral/scb/cy_scb_uart.h **** * in the TX FIFO.
1351:Generated_Source\PSoC6\pdl\drivers/peripheral/scb/cy_scb_uart.h **** *
1352:Generated_Source\PSoC6\pdl\drivers/peripheral/scb/cy_scb_uart.h **** * \param base
1353:Generated_Source\PSoC6\pdl\drivers/peripheral/scb/cy_scb_uart.h **** * The pointer to the UART SCB instance.
1354:Generated_Source\PSoC6\pdl\drivers/peripheral/scb/cy_scb_uart.h **** *
1355:Generated_Source\PSoC6\pdl\drivers/peripheral/scb/cy_scb_uart.h **** * \param data
1356:Generated_Source\PSoC6\pdl\drivers/peripheral/scb/cy_scb_uart.h **** * Data to put in the TX FIFO.
1357:Generated_Source\PSoC6\pdl\drivers/peripheral/scb/cy_scb_uart.h **** * The element size is defined by the data type, which depends on the configured
1358:Generated_Source\PSoC6\pdl\drivers/peripheral/scb/cy_scb_uart.h **** * data width.
1359:Generated_Source\PSoC6\pdl\drivers/peripheral/scb/cy_scb_uart.h **** *
1360:Generated_Source\PSoC6\pdl\drivers/peripheral/scb/cy_scb_uart.h **** * \return
ARM GAS  C:\Users\Finik\AppData\Local\Temp\ccY85NDM.s 			page 77


1361:Generated_Source\PSoC6\pdl\drivers/peripheral/scb/cy_scb_uart.h **** * The number of data elements placed in the TX FIFO: 0 or 1.
1362:Generated_Source\PSoC6\pdl\drivers/peripheral/scb/cy_scb_uart.h **** *
1363:Generated_Source\PSoC6\pdl\drivers/peripheral/scb/cy_scb_uart.h **** *******************************************************************************/
1364:Generated_Source\PSoC6\pdl\drivers/peripheral/scb/cy_scb_uart.h **** __STATIC_INLINE uint32_t Cy_SCB_UART_Put(CySCB_Type *base, uint32_t data)
1365:Generated_Source\PSoC6\pdl\drivers/peripheral/scb/cy_scb_uart.h **** {
1366:Generated_Source\PSoC6\pdl\drivers/peripheral/scb/cy_scb_uart.h ****     return Cy_SCB_Write(base, data);
1367:Generated_Source\PSoC6\pdl\drivers/peripheral/scb/cy_scb_uart.h **** }
1368:Generated_Source\PSoC6\pdl\drivers/peripheral/scb/cy_scb_uart.h **** 
1369:Generated_Source\PSoC6\pdl\drivers/peripheral/scb/cy_scb_uart.h **** 
1370:Generated_Source\PSoC6\pdl\drivers/peripheral/scb/cy_scb_uart.h **** /*******************************************************************************
1371:Generated_Source\PSoC6\pdl\drivers/peripheral/scb/cy_scb_uart.h **** * Function Name: Cy_SCB_UART_PutArray
1372:Generated_Source\PSoC6\pdl\drivers/peripheral/scb/cy_scb_uart.h **** ****************************************************************************//**
1373:Generated_Source\PSoC6\pdl\drivers/peripheral/scb/cy_scb_uart.h **** *
1374:Generated_Source\PSoC6\pdl\drivers/peripheral/scb/cy_scb_uart.h **** * Places an array of data in the UART TX FIFO.
1375:Generated_Source\PSoC6\pdl\drivers/peripheral/scb/cy_scb_uart.h **** * This function does not block. It returns how many data elements were
1376:Generated_Source\PSoC6\pdl\drivers/peripheral/scb/cy_scb_uart.h **** * placed in the TX FIFO.
1377:Generated_Source\PSoC6\pdl\drivers/peripheral/scb/cy_scb_uart.h **** *
1378:Generated_Source\PSoC6\pdl\drivers/peripheral/scb/cy_scb_uart.h **** * \param base
1379:Generated_Source\PSoC6\pdl\drivers/peripheral/scb/cy_scb_uart.h **** * The pointer to the UART SCB instance.
1380:Generated_Source\PSoC6\pdl\drivers/peripheral/scb/cy_scb_uart.h **** *
1381:Generated_Source\PSoC6\pdl\drivers/peripheral/scb/cy_scb_uart.h **** * \param buffer
1382:Generated_Source\PSoC6\pdl\drivers/peripheral/scb/cy_scb_uart.h **** * The pointer to data to place in the TX FIFO.
1383:Generated_Source\PSoC6\pdl\drivers/peripheral/scb/cy_scb_uart.h **** * The element size is defined by the data type, which depends on the configured
1384:Generated_Source\PSoC6\pdl\drivers/peripheral/scb/cy_scb_uart.h **** * TX data width.
1385:Generated_Source\PSoC6\pdl\drivers/peripheral/scb/cy_scb_uart.h **** *
1386:Generated_Source\PSoC6\pdl\drivers/peripheral/scb/cy_scb_uart.h **** * \param size
1387:Generated_Source\PSoC6\pdl\drivers/peripheral/scb/cy_scb_uart.h **** * The number of data elements to TX.
1388:Generated_Source\PSoC6\pdl\drivers/peripheral/scb/cy_scb_uart.h **** *
1389:Generated_Source\PSoC6\pdl\drivers/peripheral/scb/cy_scb_uart.h **** * \return
1390:Generated_Source\PSoC6\pdl\drivers/peripheral/scb/cy_scb_uart.h **** * The number of data elements placed in the TX FIFO.
1391:Generated_Source\PSoC6\pdl\drivers/peripheral/scb/cy_scb_uart.h **** *
1392:Generated_Source\PSoC6\pdl\drivers/peripheral/scb/cy_scb_uart.h **** *******************************************************************************/
1393:Generated_Source\PSoC6\pdl\drivers/peripheral/scb/cy_scb_uart.h **** __STATIC_INLINE uint32_t Cy_SCB_UART_PutArray(CySCB_Type *base, void *buffer, uint32_t size)
1394:Generated_Source\PSoC6\pdl\drivers/peripheral/scb/cy_scb_uart.h **** {
1395:Generated_Source\PSoC6\pdl\drivers/peripheral/scb/cy_scb_uart.h ****     CY_ASSERT_L1(CY_SCB_IS_BUFFER_VALID(buffer, size));
1396:Generated_Source\PSoC6\pdl\drivers/peripheral/scb/cy_scb_uart.h **** 
1397:Generated_Source\PSoC6\pdl\drivers/peripheral/scb/cy_scb_uart.h ****     return Cy_SCB_WriteArray(base, buffer, size);
1398:Generated_Source\PSoC6\pdl\drivers/peripheral/scb/cy_scb_uart.h **** }
1399:Generated_Source\PSoC6\pdl\drivers/peripheral/scb/cy_scb_uart.h **** 
1400:Generated_Source\PSoC6\pdl\drivers/peripheral/scb/cy_scb_uart.h **** 
1401:Generated_Source\PSoC6\pdl\drivers/peripheral/scb/cy_scb_uart.h **** /*******************************************************************************
1402:Generated_Source\PSoC6\pdl\drivers/peripheral/scb/cy_scb_uart.h **** * Function Name: Cy_SCB_UART_PutArrayBlocking
1403:Generated_Source\PSoC6\pdl\drivers/peripheral/scb/cy_scb_uart.h **** ****************************************************************************//**
1404:Generated_Source\PSoC6\pdl\drivers/peripheral/scb/cy_scb_uart.h **** *
1405:Generated_Source\PSoC6\pdl\drivers/peripheral/scb/cy_scb_uart.h **** * Places an array of data in the UART TX FIFO.
1406:Generated_Source\PSoC6\pdl\drivers/peripheral/scb/cy_scb_uart.h **** * This function blocks until the number of data elements specified by the size
1407:Generated_Source\PSoC6\pdl\drivers/peripheral/scb/cy_scb_uart.h **** * is placed in the TX FIFO.
1408:Generated_Source\PSoC6\pdl\drivers/peripheral/scb/cy_scb_uart.h **** *
1409:Generated_Source\PSoC6\pdl\drivers/peripheral/scb/cy_scb_uart.h **** * \param base
1410:Generated_Source\PSoC6\pdl\drivers/peripheral/scb/cy_scb_uart.h **** * The pointer to the UART SCB instance.
1411:Generated_Source\PSoC6\pdl\drivers/peripheral/scb/cy_scb_uart.h **** *
1412:Generated_Source\PSoC6\pdl\drivers/peripheral/scb/cy_scb_uart.h **** * \param buffer
1413:Generated_Source\PSoC6\pdl\drivers/peripheral/scb/cy_scb_uart.h **** * The pointer to data to place in the TX FIFO.
1414:Generated_Source\PSoC6\pdl\drivers/peripheral/scb/cy_scb_uart.h **** * The element size is defined by the data type, which depends on the configured
1415:Generated_Source\PSoC6\pdl\drivers/peripheral/scb/cy_scb_uart.h **** * data width.
1416:Generated_Source\PSoC6\pdl\drivers/peripheral/scb/cy_scb_uart.h **** *
1417:Generated_Source\PSoC6\pdl\drivers/peripheral/scb/cy_scb_uart.h **** * \param size
ARM GAS  C:\Users\Finik\AppData\Local\Temp\ccY85NDM.s 			page 78


1418:Generated_Source\PSoC6\pdl\drivers/peripheral/scb/cy_scb_uart.h **** * The number of data elements to write into the TX FIFO.
1419:Generated_Source\PSoC6\pdl\drivers/peripheral/scb/cy_scb_uart.h **** *
1420:Generated_Source\PSoC6\pdl\drivers/peripheral/scb/cy_scb_uart.h **** *******************************************************************************/
1421:Generated_Source\PSoC6\pdl\drivers/peripheral/scb/cy_scb_uart.h **** __STATIC_INLINE void Cy_SCB_UART_PutArrayBlocking(CySCB_Type *base, void *buffer, uint32_t size)
1422:Generated_Source\PSoC6\pdl\drivers/peripheral/scb/cy_scb_uart.h **** {
1423:Generated_Source\PSoC6\pdl\drivers/peripheral/scb/cy_scb_uart.h ****     CY_ASSERT_L1(CY_SCB_IS_BUFFER_VALID(buffer, size));
1424:Generated_Source\PSoC6\pdl\drivers/peripheral/scb/cy_scb_uart.h **** 
1425:Generated_Source\PSoC6\pdl\drivers/peripheral/scb/cy_scb_uart.h ****     Cy_SCB_WriteArrayBlocking(base, buffer, size);
1426:Generated_Source\PSoC6\pdl\drivers/peripheral/scb/cy_scb_uart.h **** }
1427:Generated_Source\PSoC6\pdl\drivers/peripheral/scb/cy_scb_uart.h **** 
1428:Generated_Source\PSoC6\pdl\drivers/peripheral/scb/cy_scb_uart.h **** 
1429:Generated_Source\PSoC6\pdl\drivers/peripheral/scb/cy_scb_uart.h **** /*******************************************************************************
1430:Generated_Source\PSoC6\pdl\drivers/peripheral/scb/cy_scb_uart.h **** * Function Name: Cy_SCB_UART_PutString
1431:Generated_Source\PSoC6\pdl\drivers/peripheral/scb/cy_scb_uart.h **** ****************************************************************************//**
1432:Generated_Source\PSoC6\pdl\drivers/peripheral/scb/cy_scb_uart.h **** *
1433:Generated_Source\PSoC6\pdl\drivers/peripheral/scb/cy_scb_uart.h **** * Places a NULL terminated string in the UART TX FIFO.
1434:Generated_Source\PSoC6\pdl\drivers/peripheral/scb/cy_scb_uart.h **** * This function blocks until the entire string is placed in the TX FIFO.
1435:Generated_Source\PSoC6\pdl\drivers/peripheral/scb/cy_scb_uart.h **** *
1436:Generated_Source\PSoC6\pdl\drivers/peripheral/scb/cy_scb_uart.h **** * \param base
1437:Generated_Source\PSoC6\pdl\drivers/peripheral/scb/cy_scb_uart.h **** * The pointer to the UART SCB instance.
1438:Generated_Source\PSoC6\pdl\drivers/peripheral/scb/cy_scb_uart.h **** *
1439:Generated_Source\PSoC6\pdl\drivers/peripheral/scb/cy_scb_uart.h **** * \param string
1440:Generated_Source\PSoC6\pdl\drivers/peripheral/scb/cy_scb_uart.h **** * The pointer to the null terminated string array.
1441:Generated_Source\PSoC6\pdl\drivers/peripheral/scb/cy_scb_uart.h **** *
1442:Generated_Source\PSoC6\pdl\drivers/peripheral/scb/cy_scb_uart.h **** *******************************************************************************/
1443:Generated_Source\PSoC6\pdl\drivers/peripheral/scb/cy_scb_uart.h **** __STATIC_INLINE void Cy_SCB_UART_PutString(CySCB_Type *base, char_t const string[])
1444:Generated_Source\PSoC6\pdl\drivers/peripheral/scb/cy_scb_uart.h **** {
1445:Generated_Source\PSoC6\pdl\drivers/peripheral/scb/cy_scb_uart.h ****     CY_ASSERT_L1(CY_SCB_IS_BUFFER_VALID(string, 1UL));
1446:Generated_Source\PSoC6\pdl\drivers/peripheral/scb/cy_scb_uart.h **** 
1447:Generated_Source\PSoC6\pdl\drivers/peripheral/scb/cy_scb_uart.h ****     Cy_SCB_WriteString(base, string);
 240              		.loc 4 1447 0
 241 0008 134C     		ldr	r4, .L19
 242 000a 1449     		ldr	r1, .L19+4
 243 000c 2046     		mov	r0, r4
 244 000e FFF7FEFF 		bl	Cy_SCB_WriteString
 245              	.LVL16:
 246              	.LBE51:
 247              	.LBE50:
 248              	.LBB52:
 249              	.LBB53:
 250 0012 1349     		ldr	r1, .L19+8
 251 0014 2046     		mov	r0, r4
 252 0016 FFF7FEFF 		bl	Cy_SCB_WriteString
 253              	.LVL17:
 254              	.LBE53:
 255              	.LBE52:
 256              	.LBB54:
 257              	.LBB55:
 258 001a 1249     		ldr	r1, .L19+12
 259 001c 2046     		mov	r0, r4
 260 001e FFF7FEFF 		bl	Cy_SCB_WriteString
 261              	.LVL18:
 262              	.LBE55:
 263              	.LBE54:
 264              	.LBB56:
 265              	.LBB57:
 266 0022 1149     		ldr	r1, .L19+16
ARM GAS  C:\Users\Finik\AppData\Local\Temp\ccY85NDM.s 			page 79


 267 0024 2046     		mov	r0, r4
 268 0026 FFF7FEFF 		bl	Cy_SCB_WriteString
 269              	.LVL19:
 270              	.L15:
 271              	.LBE57:
 272              	.LBE56:
 273              	.LBB58:
 274              	.LBB59:
 275              	.LBB60:
 276              		.file 7 "Generated_Source\\PSoC6\\pdl\\drivers/peripheral/scb/cy_scb_common.h"
   1:Generated_Source\PSoC6\pdl\drivers/peripheral/scb/cy_scb_common.h **** /***************************************************************************//**
   2:Generated_Source\PSoC6\pdl\drivers/peripheral/scb/cy_scb_common.h **** * \file cy_scb_common.h
   3:Generated_Source\PSoC6\pdl\drivers/peripheral/scb/cy_scb_common.h **** * \version 2.20
   4:Generated_Source\PSoC6\pdl\drivers/peripheral/scb/cy_scb_common.h **** *
   5:Generated_Source\PSoC6\pdl\drivers/peripheral/scb/cy_scb_common.h **** * Provides common API declarations of the SCB driver.
   6:Generated_Source\PSoC6\pdl\drivers/peripheral/scb/cy_scb_common.h **** *
   7:Generated_Source\PSoC6\pdl\drivers/peripheral/scb/cy_scb_common.h **** ********************************************************************************
   8:Generated_Source\PSoC6\pdl\drivers/peripheral/scb/cy_scb_common.h **** * \copyright
   9:Generated_Source\PSoC6\pdl\drivers/peripheral/scb/cy_scb_common.h **** * Copyright 2016-2018, Cypress Semiconductor Corporation.  All rights reserved.
  10:Generated_Source\PSoC6\pdl\drivers/peripheral/scb/cy_scb_common.h **** * You may use this file only in accordance with the license, terms, conditions,
  11:Generated_Source\PSoC6\pdl\drivers/peripheral/scb/cy_scb_common.h **** * disclaimers, and limitations in the end user license agreement accompanying
  12:Generated_Source\PSoC6\pdl\drivers/peripheral/scb/cy_scb_common.h **** * the software package with which this file was provided.
  13:Generated_Source\PSoC6\pdl\drivers/peripheral/scb/cy_scb_common.h **** *******************************************************************************/
  14:Generated_Source\PSoC6\pdl\drivers/peripheral/scb/cy_scb_common.h **** 
  15:Generated_Source\PSoC6\pdl\drivers/peripheral/scb/cy_scb_common.h **** /**
  16:Generated_Source\PSoC6\pdl\drivers/peripheral/scb/cy_scb_common.h **** * \addtogroup group_scb
  17:Generated_Source\PSoC6\pdl\drivers/peripheral/scb/cy_scb_common.h **** * \{
  18:Generated_Source\PSoC6\pdl\drivers/peripheral/scb/cy_scb_common.h **** * The Serial Communications Block (SCB) supports three serial communication 
  19:Generated_Source\PSoC6\pdl\drivers/peripheral/scb/cy_scb_common.h **** * protocols: Serial Peripheral Interface (SPI), Universal Asynchronous Receiver 
  20:Generated_Source\PSoC6\pdl\drivers/peripheral/scb/cy_scb_common.h **** * Transmitter (UART), and Inter Integrated Circuit (I2C or IIC). Only one of 
  21:Generated_Source\PSoC6\pdl\drivers/peripheral/scb/cy_scb_common.h **** * the protocols is supported by an SCB at any given time.
  22:Generated_Source\PSoC6\pdl\drivers/peripheral/scb/cy_scb_common.h **** *
  23:Generated_Source\PSoC6\pdl\drivers/peripheral/scb/cy_scb_common.h **** * The functions and other declarations used in this driver are in cy_scb_spi.h, 
  24:Generated_Source\PSoC6\pdl\drivers/peripheral/scb/cy_scb_common.h **** * cy_scb_uart.h, cy_scb_ezi2c.h, cy_scb_i2c.h respectively. Include cy_pdl.h 
  25:Generated_Source\PSoC6\pdl\drivers/peripheral/scb/cy_scb_common.h **** * (ModusToolbox only) to get access to all functions and declarations in the PDL.
  26:Generated_Source\PSoC6\pdl\drivers/peripheral/scb/cy_scb_common.h **** 
  27:Generated_Source\PSoC6\pdl\drivers/peripheral/scb/cy_scb_common.h **** * \defgroup group_scb_common Common
  28:Generated_Source\PSoC6\pdl\drivers/peripheral/scb/cy_scb_common.h **** * \defgroup group_scb_ezi2c  EZI2C (SCB)
  29:Generated_Source\PSoC6\pdl\drivers/peripheral/scb/cy_scb_common.h **** * \defgroup group_scb_i2c    I2C (SCB)
  30:Generated_Source\PSoC6\pdl\drivers/peripheral/scb/cy_scb_common.h **** * \defgroup group_scb_spi    SPI (SCB)
  31:Generated_Source\PSoC6\pdl\drivers/peripheral/scb/cy_scb_common.h **** * \defgroup group_scb_uart   UART (SCB)
  32:Generated_Source\PSoC6\pdl\drivers/peripheral/scb/cy_scb_common.h **** * \} */
  33:Generated_Source\PSoC6\pdl\drivers/peripheral/scb/cy_scb_common.h **** 
  34:Generated_Source\PSoC6\pdl\drivers/peripheral/scb/cy_scb_common.h **** /**
  35:Generated_Source\PSoC6\pdl\drivers/peripheral/scb/cy_scb_common.h **** * \addtogroup group_scb_common
  36:Generated_Source\PSoC6\pdl\drivers/peripheral/scb/cy_scb_common.h **** * \{
  37:Generated_Source\PSoC6\pdl\drivers/peripheral/scb/cy_scb_common.h **** *
  38:Generated_Source\PSoC6\pdl\drivers/peripheral/scb/cy_scb_common.h **** * Common API for the Serial Communication Block.
  39:Generated_Source\PSoC6\pdl\drivers/peripheral/scb/cy_scb_common.h **** *
  40:Generated_Source\PSoC6\pdl\drivers/peripheral/scb/cy_scb_common.h **** * This is the common API that provides an interface to the SCB hardware.
  41:Generated_Source\PSoC6\pdl\drivers/peripheral/scb/cy_scb_common.h **** * The I2C, SPI, and UART drivers use this common API.
  42:Generated_Source\PSoC6\pdl\drivers/peripheral/scb/cy_scb_common.h **** * Most users will use individual drivers and do not need to use the common
  43:Generated_Source\PSoC6\pdl\drivers/peripheral/scb/cy_scb_common.h **** * API for the SCB. However, you can use the common SCB API to implement
  44:Generated_Source\PSoC6\pdl\drivers/peripheral/scb/cy_scb_common.h **** * a custom driver based on the SCB hardware.
  45:Generated_Source\PSoC6\pdl\drivers/peripheral/scb/cy_scb_common.h **** *
  46:Generated_Source\PSoC6\pdl\drivers/peripheral/scb/cy_scb_common.h **** * The functions and other declarations used in this part of the driver are in 
  47:Generated_Source\PSoC6\pdl\drivers/peripheral/scb/cy_scb_common.h **** * cy_scb_common.h. You can include either of cy_scb_spi.h, cy_scb_uart.h, 
ARM GAS  C:\Users\Finik\AppData\Local\Temp\ccY85NDM.s 			page 80


  48:Generated_Source\PSoC6\pdl\drivers/peripheral/scb/cy_scb_common.h **** * cy_scb_ezi2c.h, cy_scb_i2c.h depending on the desired functionality. 
  49:Generated_Source\PSoC6\pdl\drivers/peripheral/scb/cy_scb_common.h **** * You can also include cy_pdl.h to get access to all functions and declarations 
  50:Generated_Source\PSoC6\pdl\drivers/peripheral/scb/cy_scb_common.h **** * in the PDL.
  51:Generated_Source\PSoC6\pdl\drivers/peripheral/scb/cy_scb_common.h **** *
  52:Generated_Source\PSoC6\pdl\drivers/peripheral/scb/cy_scb_common.h **** *******************************************************************************
  53:Generated_Source\PSoC6\pdl\drivers/peripheral/scb/cy_scb_common.h **** * \section group_scb_common_configuration Configuration Considerations
  54:Generated_Source\PSoC6\pdl\drivers/peripheral/scb/cy_scb_common.h **** ********************************************************************************
  55:Generated_Source\PSoC6\pdl\drivers/peripheral/scb/cy_scb_common.h **** * This is not a driver and it does not require configuration.
  56:Generated_Source\PSoC6\pdl\drivers/peripheral/scb/cy_scb_common.h **** *
  57:Generated_Source\PSoC6\pdl\drivers/peripheral/scb/cy_scb_common.h **** *******************************************************************************
  58:Generated_Source\PSoC6\pdl\drivers/peripheral/scb/cy_scb_common.h **** * \section group_scb_common_more_information More Information
  59:Generated_Source\PSoC6\pdl\drivers/peripheral/scb/cy_scb_common.h **** *******************************************************************************
  60:Generated_Source\PSoC6\pdl\drivers/peripheral/scb/cy_scb_common.h **** * Refer to the SCB chapter of the technical reference manual (TRM).
  61:Generated_Source\PSoC6\pdl\drivers/peripheral/scb/cy_scb_common.h **** *
  62:Generated_Source\PSoC6\pdl\drivers/peripheral/scb/cy_scb_common.h **** *******************************************************************************
  63:Generated_Source\PSoC6\pdl\drivers/peripheral/scb/cy_scb_common.h **** * \section group_scb_common_MISRA MISRA-C Compliance
  64:Generated_Source\PSoC6\pdl\drivers/peripheral/scb/cy_scb_common.h **** *******************************************************************************
  65:Generated_Source\PSoC6\pdl\drivers/peripheral/scb/cy_scb_common.h **** * <table class="doxtable">
  66:Generated_Source\PSoC6\pdl\drivers/peripheral/scb/cy_scb_common.h **** *   <tr>
  67:Generated_Source\PSoC6\pdl\drivers/peripheral/scb/cy_scb_common.h **** *     <th>MISRA rule</th>
  68:Generated_Source\PSoC6\pdl\drivers/peripheral/scb/cy_scb_common.h **** *     <th>Rule Class (Required/Advisory)</th>
  69:Generated_Source\PSoC6\pdl\drivers/peripheral/scb/cy_scb_common.h **** *     <th>Rule Description</th>
  70:Generated_Source\PSoC6\pdl\drivers/peripheral/scb/cy_scb_common.h **** *     <th>Description of Deviation(s)</th>
  71:Generated_Source\PSoC6\pdl\drivers/peripheral/scb/cy_scb_common.h **** *   </tr>
  72:Generated_Source\PSoC6\pdl\drivers/peripheral/scb/cy_scb_common.h **** *   <tr>
  73:Generated_Source\PSoC6\pdl\drivers/peripheral/scb/cy_scb_common.h **** *     <td>11.4</td>
  74:Generated_Source\PSoC6\pdl\drivers/peripheral/scb/cy_scb_common.h **** *     <td>A</td>
  75:Generated_Source\PSoC6\pdl\drivers/peripheral/scb/cy_scb_common.h **** *     <td>A cast should not be performed between a pointer to object type and
  76:Generated_Source\PSoC6\pdl\drivers/peripheral/scb/cy_scb_common.h **** *         a different pointer to object type.</td>
  77:Generated_Source\PSoC6\pdl\drivers/peripheral/scb/cy_scb_common.h **** *     <td>The pointer to the buffer memory is void to allow handling of
  78:Generated_Source\PSoC6\pdl\drivers/peripheral/scb/cy_scb_common.h **** *         different data types: uint8_t (4-8 bits) or uint16_t (9-16 bits).
  79:Generated_Source\PSoC6\pdl\drivers/peripheral/scb/cy_scb_common.h **** *         The cast operation is safe because the configuration is verified
  80:Generated_Source\PSoC6\pdl\drivers/peripheral/scb/cy_scb_common.h **** *         before operation is performed.
  81:Generated_Source\PSoC6\pdl\drivers/peripheral/scb/cy_scb_common.h **** *         </td>
  82:Generated_Source\PSoC6\pdl\drivers/peripheral/scb/cy_scb_common.h **** *   </tr>
  83:Generated_Source\PSoC6\pdl\drivers/peripheral/scb/cy_scb_common.h **** * </table>
  84:Generated_Source\PSoC6\pdl\drivers/peripheral/scb/cy_scb_common.h **** *
  85:Generated_Source\PSoC6\pdl\drivers/peripheral/scb/cy_scb_common.h **** *******************************************************************************
  86:Generated_Source\PSoC6\pdl\drivers/peripheral/scb/cy_scb_common.h **** * \section group_scb_common_changelog Changelog
  87:Generated_Source\PSoC6\pdl\drivers/peripheral/scb/cy_scb_common.h **** *******************************************************************************
  88:Generated_Source\PSoC6\pdl\drivers/peripheral/scb/cy_scb_common.h **** * <table class="doxtable">
  89:Generated_Source\PSoC6\pdl\drivers/peripheral/scb/cy_scb_common.h **** *   <tr><th>Version</th><th>Changes</th><th>Reason for Change</th></tr>
  90:Generated_Source\PSoC6\pdl\drivers/peripheral/scb/cy_scb_common.h **** *   <tr>
  91:Generated_Source\PSoC6\pdl\drivers/peripheral/scb/cy_scb_common.h **** *     <td rowspan="2">2.20</td>
  92:Generated_Source\PSoC6\pdl\drivers/peripheral/scb/cy_scb_common.h **** *     <td>Flattened the organization of the driver source code into the single 
  93:Generated_Source\PSoC6\pdl\drivers/peripheral/scb/cy_scb_common.h **** *         source directory and the single include directory.
  94:Generated_Source\PSoC6\pdl\drivers/peripheral/scb/cy_scb_common.h **** *     </td>
  95:Generated_Source\PSoC6\pdl\drivers/peripheral/scb/cy_scb_common.h **** *     <td>Driver library directory-structure simplification.</td>
  96:Generated_Source\PSoC6\pdl\drivers/peripheral/scb/cy_scb_common.h **** *   </tr>
  97:Generated_Source\PSoC6\pdl\drivers/peripheral/scb/cy_scb_common.h **** *   <tr>
  98:Generated_Source\PSoC6\pdl\drivers/peripheral/scb/cy_scb_common.h **** *     <td>Added register access layer. Use register access macros instead
  99:Generated_Source\PSoC6\pdl\drivers/peripheral/scb/cy_scb_common.h **** *         of direct register access using dereferenced pointers.</td>
 100:Generated_Source\PSoC6\pdl\drivers/peripheral/scb/cy_scb_common.h **** *     <td>Makes register access device-independent, so that the PDL does 
 101:Generated_Source\PSoC6\pdl\drivers/peripheral/scb/cy_scb_common.h **** *         not need to be recompiled for each supported part number.</td>
 102:Generated_Source\PSoC6\pdl\drivers/peripheral/scb/cy_scb_common.h **** *   </tr>
 103:Generated_Source\PSoC6\pdl\drivers/peripheral/scb/cy_scb_common.h **** *   <tr>
 104:Generated_Source\PSoC6\pdl\drivers/peripheral/scb/cy_scb_common.h **** *     <td>2.10</td>
ARM GAS  C:\Users\Finik\AppData\Local\Temp\ccY85NDM.s 			page 81


 105:Generated_Source\PSoC6\pdl\drivers/peripheral/scb/cy_scb_common.h **** *     <td>None.</td>
 106:Generated_Source\PSoC6\pdl\drivers/peripheral/scb/cy_scb_common.h **** *     <td>SCB I2C driver updated.</td>
 107:Generated_Source\PSoC6\pdl\drivers/peripheral/scb/cy_scb_common.h **** *   </tr>
 108:Generated_Source\PSoC6\pdl\drivers/peripheral/scb/cy_scb_common.h **** *   <tr>
 109:Generated_Source\PSoC6\pdl\drivers/peripheral/scb/cy_scb_common.h **** *     <td rowspan="2"> 2.0</td>
 110:Generated_Source\PSoC6\pdl\drivers/peripheral/scb/cy_scb_common.h **** *     <td>Added parameters validation for public API.
 111:Generated_Source\PSoC6\pdl\drivers/peripheral/scb/cy_scb_common.h **** *     <td></td>
 112:Generated_Source\PSoC6\pdl\drivers/peripheral/scb/cy_scb_common.h **** *   </tr>
 113:Generated_Source\PSoC6\pdl\drivers/peripheral/scb/cy_scb_common.h **** *   <tr>
 114:Generated_Source\PSoC6\pdl\drivers/peripheral/scb/cy_scb_common.h **** *     <td>Fixed functions which return interrupt status to return only defined
 115:Generated_Source\PSoC6\pdl\drivers/peripheral/scb/cy_scb_common.h **** *         set of interrupt statuses.</td>
 116:Generated_Source\PSoC6\pdl\drivers/peripheral/scb/cy_scb_common.h **** *     <td></td>
 117:Generated_Source\PSoC6\pdl\drivers/peripheral/scb/cy_scb_common.h **** *   </tr>
 118:Generated_Source\PSoC6\pdl\drivers/peripheral/scb/cy_scb_common.h **** *   <tr>
 119:Generated_Source\PSoC6\pdl\drivers/peripheral/scb/cy_scb_common.h **** *     <td>1.0</td>
 120:Generated_Source\PSoC6\pdl\drivers/peripheral/scb/cy_scb_common.h **** *     <td>Initial version.</td>
 121:Generated_Source\PSoC6\pdl\drivers/peripheral/scb/cy_scb_common.h **** *     <td></td>
 122:Generated_Source\PSoC6\pdl\drivers/peripheral/scb/cy_scb_common.h **** *   </tr>
 123:Generated_Source\PSoC6\pdl\drivers/peripheral/scb/cy_scb_common.h **** * </table>
 124:Generated_Source\PSoC6\pdl\drivers/peripheral/scb/cy_scb_common.h **** *
 125:Generated_Source\PSoC6\pdl\drivers/peripheral/scb/cy_scb_common.h **** * \defgroup group_scb_common_macros Macros
 126:Generated_Source\PSoC6\pdl\drivers/peripheral/scb/cy_scb_common.h **** * \defgroup group_scb_common_functions Functions
 127:Generated_Source\PSoC6\pdl\drivers/peripheral/scb/cy_scb_common.h **** * \defgroup group_scb_common_data_structures Data Structures
 128:Generated_Source\PSoC6\pdl\drivers/peripheral/scb/cy_scb_common.h **** *
 129:Generated_Source\PSoC6\pdl\drivers/peripheral/scb/cy_scb_common.h **** */
 130:Generated_Source\PSoC6\pdl\drivers/peripheral/scb/cy_scb_common.h **** 
 131:Generated_Source\PSoC6\pdl\drivers/peripheral/scb/cy_scb_common.h **** #if !defined(CY_SCB_COMMON_H)
 132:Generated_Source\PSoC6\pdl\drivers/peripheral/scb/cy_scb_common.h **** #define CY_SCB_COMMON_H
 133:Generated_Source\PSoC6\pdl\drivers/peripheral/scb/cy_scb_common.h **** 
 134:Generated_Source\PSoC6\pdl\drivers/peripheral/scb/cy_scb_common.h **** #include <stdint.h>
 135:Generated_Source\PSoC6\pdl\drivers/peripheral/scb/cy_scb_common.h **** #include <stddef.h>
 136:Generated_Source\PSoC6\pdl\drivers/peripheral/scb/cy_scb_common.h **** #include <stdbool.h>
 137:Generated_Source\PSoC6\pdl\drivers/peripheral/scb/cy_scb_common.h **** #include "cy_device.h"
 138:Generated_Source\PSoC6\pdl\drivers/peripheral/scb/cy_scb_common.h **** #include "cy_device_headers.h"
 139:Generated_Source\PSoC6\pdl\drivers/peripheral/scb/cy_scb_common.h **** #include "cy_syslib.h"
 140:Generated_Source\PSoC6\pdl\drivers/peripheral/scb/cy_scb_common.h **** #include "cy_syspm.h"
 141:Generated_Source\PSoC6\pdl\drivers/peripheral/scb/cy_scb_common.h **** 
 142:Generated_Source\PSoC6\pdl\drivers/peripheral/scb/cy_scb_common.h **** #ifdef CY_IP_MXSCB
 143:Generated_Source\PSoC6\pdl\drivers/peripheral/scb/cy_scb_common.h **** 
 144:Generated_Source\PSoC6\pdl\drivers/peripheral/scb/cy_scb_common.h **** #if defined(__cplusplus)
 145:Generated_Source\PSoC6\pdl\drivers/peripheral/scb/cy_scb_common.h **** extern "C" {
 146:Generated_Source\PSoC6\pdl\drivers/peripheral/scb/cy_scb_common.h **** #endif
 147:Generated_Source\PSoC6\pdl\drivers/peripheral/scb/cy_scb_common.h **** 
 148:Generated_Source\PSoC6\pdl\drivers/peripheral/scb/cy_scb_common.h **** 
 149:Generated_Source\PSoC6\pdl\drivers/peripheral/scb/cy_scb_common.h **** /*******************************************************************************
 150:Generated_Source\PSoC6\pdl\drivers/peripheral/scb/cy_scb_common.h **** *                            Function Prototypes
 151:Generated_Source\PSoC6\pdl\drivers/peripheral/scb/cy_scb_common.h **** *******************************************************************************/
 152:Generated_Source\PSoC6\pdl\drivers/peripheral/scb/cy_scb_common.h **** 
 153:Generated_Source\PSoC6\pdl\drivers/peripheral/scb/cy_scb_common.h **** /**
 154:Generated_Source\PSoC6\pdl\drivers/peripheral/scb/cy_scb_common.h **** * \addtogroup group_scb_common_functions
 155:Generated_Source\PSoC6\pdl\drivers/peripheral/scb/cy_scb_common.h **** * \{
 156:Generated_Source\PSoC6\pdl\drivers/peripheral/scb/cy_scb_common.h **** */
 157:Generated_Source\PSoC6\pdl\drivers/peripheral/scb/cy_scb_common.h **** __STATIC_INLINE uint32_t Cy_SCB_ReadRxFifo    (CySCB_Type const *base);
 158:Generated_Source\PSoC6\pdl\drivers/peripheral/scb/cy_scb_common.h **** __STATIC_INLINE void     Cy_SCB_SetRxFifoLevel(CySCB_Type *base, uint32_t level);
 159:Generated_Source\PSoC6\pdl\drivers/peripheral/scb/cy_scb_common.h **** __STATIC_INLINE uint32_t Cy_SCB_GetNumInRxFifo(CySCB_Type const *base);
 160:Generated_Source\PSoC6\pdl\drivers/peripheral/scb/cy_scb_common.h **** __STATIC_INLINE uint32_t Cy_SCB_GetRxSrValid  (CySCB_Type const *base);
 161:Generated_Source\PSoC6\pdl\drivers/peripheral/scb/cy_scb_common.h **** __STATIC_INLINE void     Cy_SCB_ClearRxFifo   (CySCB_Type *base);
ARM GAS  C:\Users\Finik\AppData\Local\Temp\ccY85NDM.s 			page 82


 162:Generated_Source\PSoC6\pdl\drivers/peripheral/scb/cy_scb_common.h **** 
 163:Generated_Source\PSoC6\pdl\drivers/peripheral/scb/cy_scb_common.h **** __STATIC_INLINE void     Cy_SCB_WriteTxFifo   (CySCB_Type *base, uint32_t data);
 164:Generated_Source\PSoC6\pdl\drivers/peripheral/scb/cy_scb_common.h **** __STATIC_INLINE void     Cy_SCB_SetTxFifoLevel(CySCB_Type *base, uint32_t level);
 165:Generated_Source\PSoC6\pdl\drivers/peripheral/scb/cy_scb_common.h **** __STATIC_INLINE uint32_t Cy_SCB_GetNumInTxFifo(CySCB_Type const *base);
 166:Generated_Source\PSoC6\pdl\drivers/peripheral/scb/cy_scb_common.h **** __STATIC_INLINE uint32_t Cy_SCB_GetTxSrValid  (CySCB_Type const *base);
 167:Generated_Source\PSoC6\pdl\drivers/peripheral/scb/cy_scb_common.h **** __STATIC_INLINE bool     Cy_SCB_IsTxComplete  (CySCB_Type const *base);
 168:Generated_Source\PSoC6\pdl\drivers/peripheral/scb/cy_scb_common.h **** __STATIC_INLINE void     Cy_SCB_ClearTxFifo   (CySCB_Type *base);
 169:Generated_Source\PSoC6\pdl\drivers/peripheral/scb/cy_scb_common.h **** 
 170:Generated_Source\PSoC6\pdl\drivers/peripheral/scb/cy_scb_common.h **** __STATIC_INLINE void     Cy_SCB_SetByteMode(CySCB_Type *base, bool byteMode);
 171:Generated_Source\PSoC6\pdl\drivers/peripheral/scb/cy_scb_common.h **** 
 172:Generated_Source\PSoC6\pdl\drivers/peripheral/scb/cy_scb_common.h **** __STATIC_INLINE uint32_t Cy_SCB_GetInterruptCause(CySCB_Type const *base);
 173:Generated_Source\PSoC6\pdl\drivers/peripheral/scb/cy_scb_common.h **** 
 174:Generated_Source\PSoC6\pdl\drivers/peripheral/scb/cy_scb_common.h **** __STATIC_INLINE uint32_t Cy_SCB_GetRxInterruptStatus(CySCB_Type const *base);
 175:Generated_Source\PSoC6\pdl\drivers/peripheral/scb/cy_scb_common.h **** __STATIC_INLINE void     Cy_SCB_SetRxInterruptMask  (CySCB_Type *base, uint32_t interruptMask);
 176:Generated_Source\PSoC6\pdl\drivers/peripheral/scb/cy_scb_common.h **** __STATIC_INLINE uint32_t Cy_SCB_GetRxInterruptMask  (CySCB_Type const *base);
 177:Generated_Source\PSoC6\pdl\drivers/peripheral/scb/cy_scb_common.h **** __STATIC_INLINE uint32_t Cy_SCB_GetRxInterruptStatusMasked(CySCB_Type const *base);
 178:Generated_Source\PSoC6\pdl\drivers/peripheral/scb/cy_scb_common.h **** __STATIC_INLINE void     Cy_SCB_ClearRxInterrupt    (CySCB_Type *base, uint32_t interruptMask);
 179:Generated_Source\PSoC6\pdl\drivers/peripheral/scb/cy_scb_common.h **** __STATIC_INLINE void     Cy_SCB_SetRxInterrupt      (CySCB_Type *base, uint32_t interruptMask);
 180:Generated_Source\PSoC6\pdl\drivers/peripheral/scb/cy_scb_common.h **** 
 181:Generated_Source\PSoC6\pdl\drivers/peripheral/scb/cy_scb_common.h **** __STATIC_INLINE uint32_t Cy_SCB_GetTxInterruptStatus(CySCB_Type const *base);
 182:Generated_Source\PSoC6\pdl\drivers/peripheral/scb/cy_scb_common.h **** __STATIC_INLINE void     Cy_SCB_SetTxInterruptMask  (CySCB_Type *base, uint32_t interruptMask);
 183:Generated_Source\PSoC6\pdl\drivers/peripheral/scb/cy_scb_common.h **** __STATIC_INLINE uint32_t Cy_SCB_GetTxInterruptMask  (CySCB_Type const *base);
 184:Generated_Source\PSoC6\pdl\drivers/peripheral/scb/cy_scb_common.h **** __STATIC_INLINE uint32_t Cy_SCB_GetTxInterruptStatusMasked(CySCB_Type const *base);
 185:Generated_Source\PSoC6\pdl\drivers/peripheral/scb/cy_scb_common.h **** __STATIC_INLINE void     Cy_SCB_ClearTxInterrupt    (CySCB_Type *base, uint32_t interruptMask);
 186:Generated_Source\PSoC6\pdl\drivers/peripheral/scb/cy_scb_common.h **** __STATIC_INLINE void     Cy_SCB_SetTxInterrupt      (CySCB_Type *base, uint32_t interruptMask);
 187:Generated_Source\PSoC6\pdl\drivers/peripheral/scb/cy_scb_common.h **** 
 188:Generated_Source\PSoC6\pdl\drivers/peripheral/scb/cy_scb_common.h **** __STATIC_INLINE uint32_t Cy_SCB_GetMasterInterruptStatus(CySCB_Type const *base);
 189:Generated_Source\PSoC6\pdl\drivers/peripheral/scb/cy_scb_common.h **** __STATIC_INLINE void     Cy_SCB_SetMasterInterruptMask  (CySCB_Type *base, uint32_t interruptMask);
 190:Generated_Source\PSoC6\pdl\drivers/peripheral/scb/cy_scb_common.h **** __STATIC_INLINE uint32_t Cy_SCB_GetMasterInterruptMask  (CySCB_Type const *base);
 191:Generated_Source\PSoC6\pdl\drivers/peripheral/scb/cy_scb_common.h **** __STATIC_INLINE uint32_t Cy_SCB_GetMasterInterruptStatusMasked(CySCB_Type const *base);
 192:Generated_Source\PSoC6\pdl\drivers/peripheral/scb/cy_scb_common.h **** __STATIC_INLINE void     Cy_SCB_ClearMasterInterrupt    (CySCB_Type *base, uint32_t interruptMask);
 193:Generated_Source\PSoC6\pdl\drivers/peripheral/scb/cy_scb_common.h **** __STATIC_INLINE void     Cy_SCB_SetMasterInterrupt      (CySCB_Type *base, uint32_t interruptMask);
 194:Generated_Source\PSoC6\pdl\drivers/peripheral/scb/cy_scb_common.h **** 
 195:Generated_Source\PSoC6\pdl\drivers/peripheral/scb/cy_scb_common.h **** __STATIC_INLINE uint32_t Cy_SCB_GetSlaveInterruptStatus(CySCB_Type const *base);
 196:Generated_Source\PSoC6\pdl\drivers/peripheral/scb/cy_scb_common.h **** __STATIC_INLINE void     Cy_SCB_SetSlaveInterruptMask  (CySCB_Type *base, uint32_t interruptMask);
 197:Generated_Source\PSoC6\pdl\drivers/peripheral/scb/cy_scb_common.h **** __STATIC_INLINE uint32_t Cy_SCB_GetSlaveInterruptMask  (CySCB_Type const *base);
 198:Generated_Source\PSoC6\pdl\drivers/peripheral/scb/cy_scb_common.h **** __STATIC_INLINE uint32_t Cy_SCB_GetSlaveInterruptStatusMasked(CySCB_Type const *base);
 199:Generated_Source\PSoC6\pdl\drivers/peripheral/scb/cy_scb_common.h **** __STATIC_INLINE void     Cy_SCB_ClearSlaveInterrupt    (CySCB_Type *base, uint32_t interruptMask);
 200:Generated_Source\PSoC6\pdl\drivers/peripheral/scb/cy_scb_common.h **** __STATIC_INLINE void     Cy_SCB_SetSlaveInterrupt      (CySCB_Type *base, uint32_t interruptMask);
 201:Generated_Source\PSoC6\pdl\drivers/peripheral/scb/cy_scb_common.h **** 
 202:Generated_Source\PSoC6\pdl\drivers/peripheral/scb/cy_scb_common.h **** __STATIC_INLINE uint32_t Cy_SCB_GetI2CInterruptStatus(CySCB_Type const *base);
 203:Generated_Source\PSoC6\pdl\drivers/peripheral/scb/cy_scb_common.h **** __STATIC_INLINE void     Cy_SCB_SetI2CInterruptMask  (CySCB_Type *base, uint32_t interruptMask);
 204:Generated_Source\PSoC6\pdl\drivers/peripheral/scb/cy_scb_common.h **** __STATIC_INLINE uint32_t Cy_SCB_GetI2CInterruptMask  (CySCB_Type const *base);
 205:Generated_Source\PSoC6\pdl\drivers/peripheral/scb/cy_scb_common.h **** __STATIC_INLINE uint32_t Cy_SCB_GetI2CInterruptStatusMasked(CySCB_Type const *base);
 206:Generated_Source\PSoC6\pdl\drivers/peripheral/scb/cy_scb_common.h **** __STATIC_INLINE void     Cy_SCB_ClearI2CInterrupt    (CySCB_Type *base, uint32_t interruptMask);
 207:Generated_Source\PSoC6\pdl\drivers/peripheral/scb/cy_scb_common.h **** 
 208:Generated_Source\PSoC6\pdl\drivers/peripheral/scb/cy_scb_common.h **** __STATIC_INLINE uint32_t Cy_SCB_GetSpiInterruptStatus(CySCB_Type const *base);
 209:Generated_Source\PSoC6\pdl\drivers/peripheral/scb/cy_scb_common.h **** __STATIC_INLINE void     Cy_SCB_SetSpiInterruptMask  (CySCB_Type *base, uint32_t interruptMask);
 210:Generated_Source\PSoC6\pdl\drivers/peripheral/scb/cy_scb_common.h **** __STATIC_INLINE uint32_t Cy_SCB_GetSpiInterruptMask  (CySCB_Type const *base);
 211:Generated_Source\PSoC6\pdl\drivers/peripheral/scb/cy_scb_common.h **** __STATIC_INLINE uint32_t Cy_SCB_GetSpiInterruptStatusMasked(CySCB_Type const *base);
 212:Generated_Source\PSoC6\pdl\drivers/peripheral/scb/cy_scb_common.h **** __STATIC_INLINE void     Cy_SCB_ClearSpiInterrupt    (CySCB_Type *base, uint32_t interruptMask);
 213:Generated_Source\PSoC6\pdl\drivers/peripheral/scb/cy_scb_common.h **** 
 214:Generated_Source\PSoC6\pdl\drivers/peripheral/scb/cy_scb_common.h **** 
 215:Generated_Source\PSoC6\pdl\drivers/peripheral/scb/cy_scb_common.h **** /*******************************************************************************
 216:Generated_Source\PSoC6\pdl\drivers/peripheral/scb/cy_scb_common.h **** *                         Internal Function Prototypes
 217:Generated_Source\PSoC6\pdl\drivers/peripheral/scb/cy_scb_common.h **** *******************************************************************************/
 218:Generated_Source\PSoC6\pdl\drivers/peripheral/scb/cy_scb_common.h **** 
ARM GAS  C:\Users\Finik\AppData\Local\Temp\ccY85NDM.s 			page 83


 219:Generated_Source\PSoC6\pdl\drivers/peripheral/scb/cy_scb_common.h **** /** \cond INTERNAL */
 220:Generated_Source\PSoC6\pdl\drivers/peripheral/scb/cy_scb_common.h **** void     Cy_SCB_ReadArrayNoCheck  (CySCB_Type const *base, void *buffer, uint32_t size);
 221:Generated_Source\PSoC6\pdl\drivers/peripheral/scb/cy_scb_common.h **** uint32_t Cy_SCB_ReadArray         (CySCB_Type const *base, void *buffer, uint32_t size);
 222:Generated_Source\PSoC6\pdl\drivers/peripheral/scb/cy_scb_common.h **** void     Cy_SCB_ReadArrayBlocking (CySCB_Type const *base, void *buffer, uint32_t size);
 223:Generated_Source\PSoC6\pdl\drivers/peripheral/scb/cy_scb_common.h **** uint32_t Cy_SCB_Write             (CySCB_Type *base, uint32_t data);
 224:Generated_Source\PSoC6\pdl\drivers/peripheral/scb/cy_scb_common.h **** void     Cy_SCB_WriteArrayNoCheck (CySCB_Type *base, void *buffer, uint32_t size);
 225:Generated_Source\PSoC6\pdl\drivers/peripheral/scb/cy_scb_common.h **** uint32_t Cy_SCB_WriteArray        (CySCB_Type *base, void *buffer, uint32_t size);
 226:Generated_Source\PSoC6\pdl\drivers/peripheral/scb/cy_scb_common.h **** void     Cy_SCB_WriteArrayBlocking(CySCB_Type *base, void *buffer, uint32_t size);
 227:Generated_Source\PSoC6\pdl\drivers/peripheral/scb/cy_scb_common.h **** void     Cy_SCB_WriteString       (CySCB_Type *base, char_t const string[]);
 228:Generated_Source\PSoC6\pdl\drivers/peripheral/scb/cy_scb_common.h **** void     Cy_SCB_WriteDefaultArrayNoCheck(CySCB_Type *base, uint32_t txData, uint32_t size);
 229:Generated_Source\PSoC6\pdl\drivers/peripheral/scb/cy_scb_common.h **** uint32_t Cy_SCB_WriteDefaultArray (CySCB_Type *base, uint32_t txData, uint32_t size);
 230:Generated_Source\PSoC6\pdl\drivers/peripheral/scb/cy_scb_common.h **** 
 231:Generated_Source\PSoC6\pdl\drivers/peripheral/scb/cy_scb_common.h **** __STATIC_INLINE uint32_t Cy_SCB_GetFifoSize (CySCB_Type const *base);
 232:Generated_Source\PSoC6\pdl\drivers/peripheral/scb/cy_scb_common.h **** __STATIC_INLINE void     Cy_SCB_FwBlockReset(CySCB_Type *base);
 233:Generated_Source\PSoC6\pdl\drivers/peripheral/scb/cy_scb_common.h **** __STATIC_INLINE bool     Cy_SCB_IsRxDataWidthByte(CySCB_Type const *base);
 234:Generated_Source\PSoC6\pdl\drivers/peripheral/scb/cy_scb_common.h **** __STATIC_INLINE bool     Cy_SCB_IsTxDataWidthByte(CySCB_Type const *base);
 235:Generated_Source\PSoC6\pdl\drivers/peripheral/scb/cy_scb_common.h **** __STATIC_INLINE uint32_t Cy_SCB_GetRxFifoLevel   (CySCB_Type const *base);
 236:Generated_Source\PSoC6\pdl\drivers/peripheral/scb/cy_scb_common.h **** /** \endcond */
 237:Generated_Source\PSoC6\pdl\drivers/peripheral/scb/cy_scb_common.h **** 
 238:Generated_Source\PSoC6\pdl\drivers/peripheral/scb/cy_scb_common.h **** /** \} group_scb_common_functions */
 239:Generated_Source\PSoC6\pdl\drivers/peripheral/scb/cy_scb_common.h **** 
 240:Generated_Source\PSoC6\pdl\drivers/peripheral/scb/cy_scb_common.h **** 
 241:Generated_Source\PSoC6\pdl\drivers/peripheral/scb/cy_scb_common.h **** /*******************************************************************************
 242:Generated_Source\PSoC6\pdl\drivers/peripheral/scb/cy_scb_common.h **** *                        API Constants
 243:Generated_Source\PSoC6\pdl\drivers/peripheral/scb/cy_scb_common.h **** *******************************************************************************/
 244:Generated_Source\PSoC6\pdl\drivers/peripheral/scb/cy_scb_common.h **** 
 245:Generated_Source\PSoC6\pdl\drivers/peripheral/scb/cy_scb_common.h **** /**
 246:Generated_Source\PSoC6\pdl\drivers/peripheral/scb/cy_scb_common.h **** * \addtogroup group_scb_common_macros
 247:Generated_Source\PSoC6\pdl\drivers/peripheral/scb/cy_scb_common.h **** * \{
 248:Generated_Source\PSoC6\pdl\drivers/peripheral/scb/cy_scb_common.h **** */
 249:Generated_Source\PSoC6\pdl\drivers/peripheral/scb/cy_scb_common.h **** 
 250:Generated_Source\PSoC6\pdl\drivers/peripheral/scb/cy_scb_common.h **** /** Driver major version */
 251:Generated_Source\PSoC6\pdl\drivers/peripheral/scb/cy_scb_common.h **** #define CY_SCB_DRV_VERSION_MAJOR    (2)
 252:Generated_Source\PSoC6\pdl\drivers/peripheral/scb/cy_scb_common.h **** 
 253:Generated_Source\PSoC6\pdl\drivers/peripheral/scb/cy_scb_common.h **** /** Driver minor version */
 254:Generated_Source\PSoC6\pdl\drivers/peripheral/scb/cy_scb_common.h **** #define CY_SCB_DRV_VERSION_MINOR    (20)
 255:Generated_Source\PSoC6\pdl\drivers/peripheral/scb/cy_scb_common.h **** 
 256:Generated_Source\PSoC6\pdl\drivers/peripheral/scb/cy_scb_common.h **** /** SCB driver identifier */
 257:Generated_Source\PSoC6\pdl\drivers/peripheral/scb/cy_scb_common.h **** #define CY_SCB_ID           CY_PDL_DRV_ID(0x2AU)
 258:Generated_Source\PSoC6\pdl\drivers/peripheral/scb/cy_scb_common.h **** 
 259:Generated_Source\PSoC6\pdl\drivers/peripheral/scb/cy_scb_common.h **** /** Position for SCB driver sub mode */
 260:Generated_Source\PSoC6\pdl\drivers/peripheral/scb/cy_scb_common.h **** #define CY_SCB_SUB_MODE_Pos (13UL)
 261:Generated_Source\PSoC6\pdl\drivers/peripheral/scb/cy_scb_common.h **** 
 262:Generated_Source\PSoC6\pdl\drivers/peripheral/scb/cy_scb_common.h **** /** EZI2C mode identifier */
 263:Generated_Source\PSoC6\pdl\drivers/peripheral/scb/cy_scb_common.h **** #define CY_SCB_EZI2C_ID     (0x0UL << CY_SCB_SUB_MODE_Pos)
 264:Generated_Source\PSoC6\pdl\drivers/peripheral/scb/cy_scb_common.h **** 
 265:Generated_Source\PSoC6\pdl\drivers/peripheral/scb/cy_scb_common.h **** /** EZI2C mode identifier */
 266:Generated_Source\PSoC6\pdl\drivers/peripheral/scb/cy_scb_common.h **** #define CY_SCB_I2C_ID       (0x1UL << CY_SCB_SUB_MODE_Pos)
 267:Generated_Source\PSoC6\pdl\drivers/peripheral/scb/cy_scb_common.h **** 
 268:Generated_Source\PSoC6\pdl\drivers/peripheral/scb/cy_scb_common.h **** /** EZI2C mode identifier */
 269:Generated_Source\PSoC6\pdl\drivers/peripheral/scb/cy_scb_common.h **** #define CY_SCB_SPI_ID       (0x2UL << CY_SCB_SUB_MODE_Pos)
 270:Generated_Source\PSoC6\pdl\drivers/peripheral/scb/cy_scb_common.h **** 
 271:Generated_Source\PSoC6\pdl\drivers/peripheral/scb/cy_scb_common.h **** /** EZI2C mode identifier */
 272:Generated_Source\PSoC6\pdl\drivers/peripheral/scb/cy_scb_common.h **** #define CY_SCB_UART_ID      (0x3UL << CY_SCB_SUB_MODE_Pos)
 273:Generated_Source\PSoC6\pdl\drivers/peripheral/scb/cy_scb_common.h **** 
 274:Generated_Source\PSoC6\pdl\drivers/peripheral/scb/cy_scb_common.h **** /**
 275:Generated_Source\PSoC6\pdl\drivers/peripheral/scb/cy_scb_common.h **** * \defgroup group_scb_common_macros_intr_cause SCB Interrupt Causes
ARM GAS  C:\Users\Finik\AppData\Local\Temp\ccY85NDM.s 			page 84


 276:Generated_Source\PSoC6\pdl\drivers/peripheral/scb/cy_scb_common.h **** * \{
 277:Generated_Source\PSoC6\pdl\drivers/peripheral/scb/cy_scb_common.h **** */
 278:Generated_Source\PSoC6\pdl\drivers/peripheral/scb/cy_scb_common.h **** /** Interrupt from Master interrupt sources */
 279:Generated_Source\PSoC6\pdl\drivers/peripheral/scb/cy_scb_common.h **** #define CY_SCB_MASTER_INTR SCB_INTR_CAUSE_M_Msk
 280:Generated_Source\PSoC6\pdl\drivers/peripheral/scb/cy_scb_common.h **** 
 281:Generated_Source\PSoC6\pdl\drivers/peripheral/scb/cy_scb_common.h **** /** Interrupt from Slave interrupt sources  */
 282:Generated_Source\PSoC6\pdl\drivers/peripheral/scb/cy_scb_common.h **** #define CY_SCB_SLAVE_INTR  SCB_INTR_CAUSE_S_Msk
 283:Generated_Source\PSoC6\pdl\drivers/peripheral/scb/cy_scb_common.h **** 
 284:Generated_Source\PSoC6\pdl\drivers/peripheral/scb/cy_scb_common.h **** /** Interrupt from TX interrupt sources */
 285:Generated_Source\PSoC6\pdl\drivers/peripheral/scb/cy_scb_common.h **** #define CY_SCB_TX_INTR     SCB_INTR_CAUSE_TX_Msk
 286:Generated_Source\PSoC6\pdl\drivers/peripheral/scb/cy_scb_common.h **** 
 287:Generated_Source\PSoC6\pdl\drivers/peripheral/scb/cy_scb_common.h **** /** Interrupt from RX interrupt sources */
 288:Generated_Source\PSoC6\pdl\drivers/peripheral/scb/cy_scb_common.h **** #define CY_SCB_RX_INTR     SCB_INTR_CAUSE_RX_Msk
 289:Generated_Source\PSoC6\pdl\drivers/peripheral/scb/cy_scb_common.h **** 
 290:Generated_Source\PSoC6\pdl\drivers/peripheral/scb/cy_scb_common.h **** /** Interrupt from I2C externally clocked interrupt sources */
 291:Generated_Source\PSoC6\pdl\drivers/peripheral/scb/cy_scb_common.h **** #define CY_SCB_I2C_INTR    SCB_INTR_CAUSE_I2C_EC_Msk
 292:Generated_Source\PSoC6\pdl\drivers/peripheral/scb/cy_scb_common.h **** 
 293:Generated_Source\PSoC6\pdl\drivers/peripheral/scb/cy_scb_common.h **** /** Interrupt from SPI externally clocked interrupt sources */
 294:Generated_Source\PSoC6\pdl\drivers/peripheral/scb/cy_scb_common.h **** #define CY_SCB_SPI_INTR    SCB_INTR_CAUSE_SPI_EC_Msk
 295:Generated_Source\PSoC6\pdl\drivers/peripheral/scb/cy_scb_common.h **** /** \} group_scb_common_macros_intr_cause */
 296:Generated_Source\PSoC6\pdl\drivers/peripheral/scb/cy_scb_common.h **** 
 297:Generated_Source\PSoC6\pdl\drivers/peripheral/scb/cy_scb_common.h **** /**
 298:Generated_Source\PSoC6\pdl\drivers/peripheral/scb/cy_scb_common.h **** * \defgroup group_scb_common_macros_tx_intr TX Interrupt Statuses
 299:Generated_Source\PSoC6\pdl\drivers/peripheral/scb/cy_scb_common.h **** * \{
 300:Generated_Source\PSoC6\pdl\drivers/peripheral/scb/cy_scb_common.h **** */
 301:Generated_Source\PSoC6\pdl\drivers/peripheral/scb/cy_scb_common.h **** /**
 302:Generated_Source\PSoC6\pdl\drivers/peripheral/scb/cy_scb_common.h **** * The number of data elements in the TX FIFO is less than the value
 303:Generated_Source\PSoC6\pdl\drivers/peripheral/scb/cy_scb_common.h **** * of the TX FIFO level
 304:Generated_Source\PSoC6\pdl\drivers/peripheral/scb/cy_scb_common.h **** */
 305:Generated_Source\PSoC6\pdl\drivers/peripheral/scb/cy_scb_common.h **** #define CY_SCB_TX_INTR_LEVEL           SCB_INTR_TX_TRIGGER_Msk
 306:Generated_Source\PSoC6\pdl\drivers/peripheral/scb/cy_scb_common.h **** 
 307:Generated_Source\PSoC6\pdl\drivers/peripheral/scb/cy_scb_common.h **** /** The TX FIFO is not full */
 308:Generated_Source\PSoC6\pdl\drivers/peripheral/scb/cy_scb_common.h **** #define CY_SCB_TX_INTR_NOT_FULL        SCB_INTR_TX_NOT_FULL_Msk
 309:Generated_Source\PSoC6\pdl\drivers/peripheral/scb/cy_scb_common.h **** 
 310:Generated_Source\PSoC6\pdl\drivers/peripheral/scb/cy_scb_common.h **** /** The TX FIFO is empty */
 311:Generated_Source\PSoC6\pdl\drivers/peripheral/scb/cy_scb_common.h **** #define CY_SCB_TX_INTR_EMPTY           SCB_INTR_TX_EMPTY_Msk
 312:Generated_Source\PSoC6\pdl\drivers/peripheral/scb/cy_scb_common.h **** 
 313:Generated_Source\PSoC6\pdl\drivers/peripheral/scb/cy_scb_common.h **** /** An attempt to write to a full TX FIFO */
 314:Generated_Source\PSoC6\pdl\drivers/peripheral/scb/cy_scb_common.h **** #define CY_SCB_TX_INTR_OVERFLOW        SCB_INTR_TX_OVERFLOW_Msk
 315:Generated_Source\PSoC6\pdl\drivers/peripheral/scb/cy_scb_common.h **** 
 316:Generated_Source\PSoC6\pdl\drivers/peripheral/scb/cy_scb_common.h **** /** An attempt to read from an empty TX FIFO */
 317:Generated_Source\PSoC6\pdl\drivers/peripheral/scb/cy_scb_common.h **** #define CY_SCB_TX_INTR_UNDERFLOW       SCB_INTR_TX_UNDERFLOW_Msk
 318:Generated_Source\PSoC6\pdl\drivers/peripheral/scb/cy_scb_common.h **** 
 319:Generated_Source\PSoC6\pdl\drivers/peripheral/scb/cy_scb_common.h **** /** The UART transfer is complete: all data elements from the TX FIFO are sent
 320:Generated_Source\PSoC6\pdl\drivers/peripheral/scb/cy_scb_common.h **** */
 321:Generated_Source\PSoC6\pdl\drivers/peripheral/scb/cy_scb_common.h **** #define CY_SCB_TX_INTR_UART_DONE       SCB_INTR_TX_UART_DONE_Msk
 322:Generated_Source\PSoC6\pdl\drivers/peripheral/scb/cy_scb_common.h **** 
 323:Generated_Source\PSoC6\pdl\drivers/peripheral/scb/cy_scb_common.h **** /** SmartCard only: UART received a NACK */
 324:Generated_Source\PSoC6\pdl\drivers/peripheral/scb/cy_scb_common.h **** #define CY_SCB_TX_INTR_UART_NACK       SCB_INTR_TX_UART_NACK_Msk
 325:Generated_Source\PSoC6\pdl\drivers/peripheral/scb/cy_scb_common.h **** 
 326:Generated_Source\PSoC6\pdl\drivers/peripheral/scb/cy_scb_common.h **** /**
 327:Generated_Source\PSoC6\pdl\drivers/peripheral/scb/cy_scb_common.h **** * SmartCard only: the value on the TX line of the UART does not match the
 328:Generated_Source\PSoC6\pdl\drivers/peripheral/scb/cy_scb_common.h **** * value on the RX line
 329:Generated_Source\PSoC6\pdl\drivers/peripheral/scb/cy_scb_common.h **** */
 330:Generated_Source\PSoC6\pdl\drivers/peripheral/scb/cy_scb_common.h **** #define CY_SCB_TX_INTR_UART_ARB_LOST   SCB_INTR_TX_UART_ARB_LOST_Msk
 331:Generated_Source\PSoC6\pdl\drivers/peripheral/scb/cy_scb_common.h **** /** \} group_scb_common_macros_tx_intr */
 332:Generated_Source\PSoC6\pdl\drivers/peripheral/scb/cy_scb_common.h **** 
ARM GAS  C:\Users\Finik\AppData\Local\Temp\ccY85NDM.s 			page 85


 333:Generated_Source\PSoC6\pdl\drivers/peripheral/scb/cy_scb_common.h **** /**
 334:Generated_Source\PSoC6\pdl\drivers/peripheral/scb/cy_scb_common.h **** * \defgroup group_scb_common_macros_rx_intr RX Interrupt Statuses
 335:Generated_Source\PSoC6\pdl\drivers/peripheral/scb/cy_scb_common.h **** * \{
 336:Generated_Source\PSoC6\pdl\drivers/peripheral/scb/cy_scb_common.h **** */
 337:Generated_Source\PSoC6\pdl\drivers/peripheral/scb/cy_scb_common.h **** /**
 338:Generated_Source\PSoC6\pdl\drivers/peripheral/scb/cy_scb_common.h **** * The number of data elements in the RX FIFO is greater than the value of the
 339:Generated_Source\PSoC6\pdl\drivers/peripheral/scb/cy_scb_common.h **** * RX FIFO level
 340:Generated_Source\PSoC6\pdl\drivers/peripheral/scb/cy_scb_common.h **** */
 341:Generated_Source\PSoC6\pdl\drivers/peripheral/scb/cy_scb_common.h **** #define CY_SCB_RX_INTR_LEVEL             SCB_INTR_RX_TRIGGER_Msk
 342:Generated_Source\PSoC6\pdl\drivers/peripheral/scb/cy_scb_common.h **** 
 343:Generated_Source\PSoC6\pdl\drivers/peripheral/scb/cy_scb_common.h **** /** The RX FIFO is not empty */
 344:Generated_Source\PSoC6\pdl\drivers/peripheral/scb/cy_scb_common.h **** #define CY_SCB_RX_INTR_NOT_EMPTY         SCB_INTR_RX_NOT_EMPTY_Msk
 345:Generated_Source\PSoC6\pdl\drivers/peripheral/scb/cy_scb_common.h **** 
 346:Generated_Source\PSoC6\pdl\drivers/peripheral/scb/cy_scb_common.h **** /** The RX FIFO is full */
 347:Generated_Source\PSoC6\pdl\drivers/peripheral/scb/cy_scb_common.h **** #define CY_SCB_RX_INTR_FULL              SCB_INTR_RX_FULL_Msk
 348:Generated_Source\PSoC6\pdl\drivers/peripheral/scb/cy_scb_common.h **** 
 349:Generated_Source\PSoC6\pdl\drivers/peripheral/scb/cy_scb_common.h **** /** An attempt to write to a full RX FIFO */
 350:Generated_Source\PSoC6\pdl\drivers/peripheral/scb/cy_scb_common.h **** #define CY_SCB_RX_INTR_OVERFLOW          SCB_INTR_RX_OVERFLOW_Msk
 351:Generated_Source\PSoC6\pdl\drivers/peripheral/scb/cy_scb_common.h **** 
 352:Generated_Source\PSoC6\pdl\drivers/peripheral/scb/cy_scb_common.h **** /** An attempt to read from an empty RX FIFO */
 353:Generated_Source\PSoC6\pdl\drivers/peripheral/scb/cy_scb_common.h **** #define CY_SCB_RX_INTR_UNDERFLOW         SCB_INTR_RX_UNDERFLOW_Msk
 354:Generated_Source\PSoC6\pdl\drivers/peripheral/scb/cy_scb_common.h **** 
 355:Generated_Source\PSoC6\pdl\drivers/peripheral/scb/cy_scb_common.h **** /** A UART framing error detected */
 356:Generated_Source\PSoC6\pdl\drivers/peripheral/scb/cy_scb_common.h **** #define CY_SCB_RX_INTR_UART_FRAME_ERROR  SCB_INTR_RX_FRAME_ERROR_Msk
 357:Generated_Source\PSoC6\pdl\drivers/peripheral/scb/cy_scb_common.h **** 
 358:Generated_Source\PSoC6\pdl\drivers/peripheral/scb/cy_scb_common.h **** /** A UART parity error detected  */
 359:Generated_Source\PSoC6\pdl\drivers/peripheral/scb/cy_scb_common.h **** #define CY_SCB_RX_INTR_UART_PARITY_ERROR SCB_INTR_RX_PARITY_ERROR_Msk
 360:Generated_Source\PSoC6\pdl\drivers/peripheral/scb/cy_scb_common.h **** 
 361:Generated_Source\PSoC6\pdl\drivers/peripheral/scb/cy_scb_common.h **** /** A UART break detected */
 362:Generated_Source\PSoC6\pdl\drivers/peripheral/scb/cy_scb_common.h **** #define CY_SCB_RX_INTR_UART_BREAK_DETECT SCB_INTR_RX_BREAK_DETECT_Msk
 363:Generated_Source\PSoC6\pdl\drivers/peripheral/scb/cy_scb_common.h **** /** \} group_scb_common_macros_rx_intr */
 364:Generated_Source\PSoC6\pdl\drivers/peripheral/scb/cy_scb_common.h **** 
 365:Generated_Source\PSoC6\pdl\drivers/peripheral/scb/cy_scb_common.h **** /**
 366:Generated_Source\PSoC6\pdl\drivers/peripheral/scb/cy_scb_common.h **** * \defgroup group_scb_common_macros_slave_intr Slave Interrupt Statuses
 367:Generated_Source\PSoC6\pdl\drivers/peripheral/scb/cy_scb_common.h **** * \{
 368:Generated_Source\PSoC6\pdl\drivers/peripheral/scb/cy_scb_common.h **** */
 369:Generated_Source\PSoC6\pdl\drivers/peripheral/scb/cy_scb_common.h **** /**
 370:Generated_Source\PSoC6\pdl\drivers/peripheral/scb/cy_scb_common.h **** * I2C slave lost arbitration: the value driven on the SDA line is not the same
 371:Generated_Source\PSoC6\pdl\drivers/peripheral/scb/cy_scb_common.h **** * as the value observed on the SDA line
 372:Generated_Source\PSoC6\pdl\drivers/peripheral/scb/cy_scb_common.h **** */
 373:Generated_Source\PSoC6\pdl\drivers/peripheral/scb/cy_scb_common.h **** #define CY_SCB_SLAVE_INTR_I2C_ARB_LOST      SCB_INTR_S_I2C_ARB_LOST_Msk
 374:Generated_Source\PSoC6\pdl\drivers/peripheral/scb/cy_scb_common.h **** 
 375:Generated_Source\PSoC6\pdl\drivers/peripheral/scb/cy_scb_common.h **** /** The I2C slave received a NAK */
 376:Generated_Source\PSoC6\pdl\drivers/peripheral/scb/cy_scb_common.h **** #define CY_SCB_SLAVE_INTR_I2C_NACK          SCB_INTR_S_I2C_NACK_Msk
 377:Generated_Source\PSoC6\pdl\drivers/peripheral/scb/cy_scb_common.h **** 
 378:Generated_Source\PSoC6\pdl\drivers/peripheral/scb/cy_scb_common.h **** /** The I2C slave received  an ACK */
 379:Generated_Source\PSoC6\pdl\drivers/peripheral/scb/cy_scb_common.h **** #define CY_SCB_SLAVE_INTR_I2C_ACK           SCB_INTR_S_I2C_ACK_Msk
 380:Generated_Source\PSoC6\pdl\drivers/peripheral/scb/cy_scb_common.h **** 
 381:Generated_Source\PSoC6\pdl\drivers/peripheral/scb/cy_scb_common.h **** /**
 382:Generated_Source\PSoC6\pdl\drivers/peripheral/scb/cy_scb_common.h **** * A Stop or Repeated Start event for a write transfer intended for this slave
 383:Generated_Source\PSoC6\pdl\drivers/peripheral/scb/cy_scb_common.h **** * was detected.
 384:Generated_Source\PSoC6\pdl\drivers/peripheral/scb/cy_scb_common.h **** */
 385:Generated_Source\PSoC6\pdl\drivers/peripheral/scb/cy_scb_common.h **** #define CY_SCB_SLAVE_INTR_I2C_WRITE_STOP    SCB_INTR_S_I2C_WRITE_STOP_Msk
 386:Generated_Source\PSoC6\pdl\drivers/peripheral/scb/cy_scb_common.h **** 
 387:Generated_Source\PSoC6\pdl\drivers/peripheral/scb/cy_scb_common.h **** /** A Stop or Repeated Start event intended for this slave was detected */
 388:Generated_Source\PSoC6\pdl\drivers/peripheral/scb/cy_scb_common.h **** #define CY_SCB_SLAVE_INTR_I2C_STOP          SCB_INTR_S_I2C_STOP_Msk
 389:Generated_Source\PSoC6\pdl\drivers/peripheral/scb/cy_scb_common.h **** 
ARM GAS  C:\Users\Finik\AppData\Local\Temp\ccY85NDM.s 			page 86


 390:Generated_Source\PSoC6\pdl\drivers/peripheral/scb/cy_scb_common.h **** /** The I2C slave received a Start condition */
 391:Generated_Source\PSoC6\pdl\drivers/peripheral/scb/cy_scb_common.h **** #define CY_SCB_SLAVE_INTR_I2C_START         SCB_INTR_S_I2C_START_Msk
 392:Generated_Source\PSoC6\pdl\drivers/peripheral/scb/cy_scb_common.h **** 
 393:Generated_Source\PSoC6\pdl\drivers/peripheral/scb/cy_scb_common.h **** /** The I2C slave received the matching address */
 394:Generated_Source\PSoC6\pdl\drivers/peripheral/scb/cy_scb_common.h **** #define CY_SCB_SLAVE_INTR_I2C_ADDR_MATCH    SCB_INTR_S_I2C_ADDR_MATCH_Msk
 395:Generated_Source\PSoC6\pdl\drivers/peripheral/scb/cy_scb_common.h **** 
 396:Generated_Source\PSoC6\pdl\drivers/peripheral/scb/cy_scb_common.h **** /** The I2C Slave received the general call address */
 397:Generated_Source\PSoC6\pdl\drivers/peripheral/scb/cy_scb_common.h **** #define CY_SCB_SLAVE_INTR_I2C_GENERAL_ADDR  SCB_INTR_S_I2C_GENERAL_Msk
 398:Generated_Source\PSoC6\pdl\drivers/peripheral/scb/cy_scb_common.h **** 
 399:Generated_Source\PSoC6\pdl\drivers/peripheral/scb/cy_scb_common.h **** /** The I2C slave bus error (detection of unexpected Start or Stop condition) */
 400:Generated_Source\PSoC6\pdl\drivers/peripheral/scb/cy_scb_common.h **** #define CY_SCB_SLAVE_INTR_I2C_BUS_ERROR     SCB_INTR_S_I2C_BUS_ERROR_Msk
 401:Generated_Source\PSoC6\pdl\drivers/peripheral/scb/cy_scb_common.h **** 
 402:Generated_Source\PSoC6\pdl\drivers/peripheral/scb/cy_scb_common.h **** /**
 403:Generated_Source\PSoC6\pdl\drivers/peripheral/scb/cy_scb_common.h **** * The SPI slave select line is deselected at an expected time during an
 404:Generated_Source\PSoC6\pdl\drivers/peripheral/scb/cy_scb_common.h **** * SPI transfer.
 405:Generated_Source\PSoC6\pdl\drivers/peripheral/scb/cy_scb_common.h **** */
 406:Generated_Source\PSoC6\pdl\drivers/peripheral/scb/cy_scb_common.h **** #define CY_SCB_SLAVE_INTR_SPI_BUS_ERROR     SCB_INTR_S_SPI_BUS_ERROR_Msk
 407:Generated_Source\PSoC6\pdl\drivers/peripheral/scb/cy_scb_common.h **** /** \} group_scb_common_macros_slave_intr */
 408:Generated_Source\PSoC6\pdl\drivers/peripheral/scb/cy_scb_common.h **** 
 409:Generated_Source\PSoC6\pdl\drivers/peripheral/scb/cy_scb_common.h **** /**
 410:Generated_Source\PSoC6\pdl\drivers/peripheral/scb/cy_scb_common.h **** * \defgroup group_scb_common_macros_master_intr Master Interrupt Statuses
 411:Generated_Source\PSoC6\pdl\drivers/peripheral/scb/cy_scb_common.h **** * \{
 412:Generated_Source\PSoC6\pdl\drivers/peripheral/scb/cy_scb_common.h **** */
 413:Generated_Source\PSoC6\pdl\drivers/peripheral/scb/cy_scb_common.h **** /** The I2C master lost arbitration */
 414:Generated_Source\PSoC6\pdl\drivers/peripheral/scb/cy_scb_common.h **** #define CY_SCB_MASTER_INTR_I2C_ARB_LOST    SCB_INTR_M_I2C_ARB_LOST_Msk
 415:Generated_Source\PSoC6\pdl\drivers/peripheral/scb/cy_scb_common.h **** 
 416:Generated_Source\PSoC6\pdl\drivers/peripheral/scb/cy_scb_common.h **** /** The I2C master received a NACK */
 417:Generated_Source\PSoC6\pdl\drivers/peripheral/scb/cy_scb_common.h **** #define CY_SCB_MASTER_INTR_I2C_NACK        SCB_INTR_M_I2C_NACK_Msk
 418:Generated_Source\PSoC6\pdl\drivers/peripheral/scb/cy_scb_common.h **** 
 419:Generated_Source\PSoC6\pdl\drivers/peripheral/scb/cy_scb_common.h **** /** The I2C master received an ACK */
 420:Generated_Source\PSoC6\pdl\drivers/peripheral/scb/cy_scb_common.h **** #define CY_SCB_MASTER_INTR_I2C_ACK         SCB_INTR_M_I2C_ACK_Msk
 421:Generated_Source\PSoC6\pdl\drivers/peripheral/scb/cy_scb_common.h **** 
 422:Generated_Source\PSoC6\pdl\drivers/peripheral/scb/cy_scb_common.h **** /** The I2C master generated a Stop */
 423:Generated_Source\PSoC6\pdl\drivers/peripheral/scb/cy_scb_common.h **** #define CY_SCB_MASTER_INTR_I2C_STOP        SCB_INTR_M_I2C_STOP_Msk
 424:Generated_Source\PSoC6\pdl\drivers/peripheral/scb/cy_scb_common.h **** 
 425:Generated_Source\PSoC6\pdl\drivers/peripheral/scb/cy_scb_common.h **** /** The I2C master bus error (detection of unexpected START or STOP condition)
 426:Generated_Source\PSoC6\pdl\drivers/peripheral/scb/cy_scb_common.h **** */
 427:Generated_Source\PSoC6\pdl\drivers/peripheral/scb/cy_scb_common.h **** #define CY_SCB_MASTER_INTR_I2C_BUS_ERROR   SCB_INTR_M_I2C_BUS_ERROR_Msk
 428:Generated_Source\PSoC6\pdl\drivers/peripheral/scb/cy_scb_common.h **** 
 429:Generated_Source\PSoC6\pdl\drivers/peripheral/scb/cy_scb_common.h **** /**
 430:Generated_Source\PSoC6\pdl\drivers/peripheral/scb/cy_scb_common.h **** * The SPI master transfer is complete: all data elements transferred from the
 431:Generated_Source\PSoC6\pdl\drivers/peripheral/scb/cy_scb_common.h **** * TX FIFO and TX shift register.
 432:Generated_Source\PSoC6\pdl\drivers/peripheral/scb/cy_scb_common.h **** */
 433:Generated_Source\PSoC6\pdl\drivers/peripheral/scb/cy_scb_common.h **** #define CY_SCB_MASTER_INTR_SPI_DONE        SCB_INTR_M_SPI_DONE_Msk
 434:Generated_Source\PSoC6\pdl\drivers/peripheral/scb/cy_scb_common.h **** /** \} group_scb_common_macros_master_intr */
 435:Generated_Source\PSoC6\pdl\drivers/peripheral/scb/cy_scb_common.h **** 
 436:Generated_Source\PSoC6\pdl\drivers/peripheral/scb/cy_scb_common.h **** /**
 437:Generated_Source\PSoC6\pdl\drivers/peripheral/scb/cy_scb_common.h **** * \defgroup group_scb_common_macros_i2c_intr I2C Interrupt Statuses
 438:Generated_Source\PSoC6\pdl\drivers/peripheral/scb/cy_scb_common.h **** * \{
 439:Generated_Source\PSoC6\pdl\drivers/peripheral/scb/cy_scb_common.h **** */
 440:Generated_Source\PSoC6\pdl\drivers/peripheral/scb/cy_scb_common.h **** /**
 441:Generated_Source\PSoC6\pdl\drivers/peripheral/scb/cy_scb_common.h **** * Wake up request: the I2C slave received the matching address.
 442:Generated_Source\PSoC6\pdl\drivers/peripheral/scb/cy_scb_common.h **** * Note that this interrupt source triggers in active mode.
 443:Generated_Source\PSoC6\pdl\drivers/peripheral/scb/cy_scb_common.h **** */
 444:Generated_Source\PSoC6\pdl\drivers/peripheral/scb/cy_scb_common.h **** #define CY_SCB_I2C_INTR_WAKEUP     SCB_INTR_I2C_EC_WAKE_UP_Msk
 445:Generated_Source\PSoC6\pdl\drivers/peripheral/scb/cy_scb_common.h **** /** \} group_scb_common_macros_i2c_intr */
 446:Generated_Source\PSoC6\pdl\drivers/peripheral/scb/cy_scb_common.h **** 
ARM GAS  C:\Users\Finik\AppData\Local\Temp\ccY85NDM.s 			page 87


 447:Generated_Source\PSoC6\pdl\drivers/peripheral/scb/cy_scb_common.h **** /**
 448:Generated_Source\PSoC6\pdl\drivers/peripheral/scb/cy_scb_common.h **** * \defgroup group_scb_common_macros_SpiIntrStatuses SPI Interrupt Statuses
 449:Generated_Source\PSoC6\pdl\drivers/peripheral/scb/cy_scb_common.h **** * \{
 450:Generated_Source\PSoC6\pdl\drivers/peripheral/scb/cy_scb_common.h **** */
 451:Generated_Source\PSoC6\pdl\drivers/peripheral/scb/cy_scb_common.h **** /**
 452:Generated_Source\PSoC6\pdl\drivers/peripheral/scb/cy_scb_common.h **** * Wake up request: the SPI slave detects an active edge of the slave select
 453:Generated_Source\PSoC6\pdl\drivers/peripheral/scb/cy_scb_common.h **** * signal. Note that this interrupt source triggers in active mode.
 454:Generated_Source\PSoC6\pdl\drivers/peripheral/scb/cy_scb_common.h **** */
 455:Generated_Source\PSoC6\pdl\drivers/peripheral/scb/cy_scb_common.h **** #define CY_SCB_SPI_INTR_WAKEUP     SCB_INTR_SPI_EC_WAKE_UP_Msk
 456:Generated_Source\PSoC6\pdl\drivers/peripheral/scb/cy_scb_common.h **** /** \} group_scb_common_macros_SpiIntrStatuses */
 457:Generated_Source\PSoC6\pdl\drivers/peripheral/scb/cy_scb_common.h **** 
 458:Generated_Source\PSoC6\pdl\drivers/peripheral/scb/cy_scb_common.h **** 
 459:Generated_Source\PSoC6\pdl\drivers/peripheral/scb/cy_scb_common.h **** /*******************************************************************************
 460:Generated_Source\PSoC6\pdl\drivers/peripheral/scb/cy_scb_common.h **** *                           Internal Constants
 461:Generated_Source\PSoC6\pdl\drivers/peripheral/scb/cy_scb_common.h **** *******************************************************************************/
 462:Generated_Source\PSoC6\pdl\drivers/peripheral/scb/cy_scb_common.h **** 
 463:Generated_Source\PSoC6\pdl\drivers/peripheral/scb/cy_scb_common.h **** /** \cond INTERNAL */
 464:Generated_Source\PSoC6\pdl\drivers/peripheral/scb/cy_scb_common.h **** 
 465:Generated_Source\PSoC6\pdl\drivers/peripheral/scb/cy_scb_common.h **** /* Default registers values */
 466:Generated_Source\PSoC6\pdl\drivers/peripheral/scb/cy_scb_common.h **** #define CY_SCB_CTRL_DEF_VAL         (_VAL2FLD(SCB_CTRL_OVS, 15UL) | \
 467:Generated_Source\PSoC6\pdl\drivers/peripheral/scb/cy_scb_common.h ****                                      _VAL2FLD(SCB_CTRL_MODE, 3UL))
 468:Generated_Source\PSoC6\pdl\drivers/peripheral/scb/cy_scb_common.h **** 
 469:Generated_Source\PSoC6\pdl\drivers/peripheral/scb/cy_scb_common.h **** #define CY_SCB_I2C_CTRL_DEF_VAL     (_VAL2FLD(SCB_I2C_CTRL_HIGH_PHASE_OVS, 8UL)        | \
 470:Generated_Source\PSoC6\pdl\drivers/peripheral/scb/cy_scb_common.h ****                                      _VAL2FLD(SCB_I2C_CTRL_HIGH_PHASE_OVS, 8UL)        | \
 471:Generated_Source\PSoC6\pdl\drivers/peripheral/scb/cy_scb_common.h ****                                      _VAL2FLD(SCB_I2C_CTRL_M_READY_DATA_ACK, 1UL)      | \
 472:Generated_Source\PSoC6\pdl\drivers/peripheral/scb/cy_scb_common.h ****                                      _VAL2FLD(SCB_I2C_CTRL_M_NOT_READY_DATA_NACK, 1UL) | \
 473:Generated_Source\PSoC6\pdl\drivers/peripheral/scb/cy_scb_common.h ****                                      _VAL2FLD(SCB_I2C_CTRL_S_GENERAL_IGNORE, 1UL)      | \
 474:Generated_Source\PSoC6\pdl\drivers/peripheral/scb/cy_scb_common.h ****                                      _VAL2FLD(SCB_I2C_CTRL_S_READY_ADDR_ACK, 1UL)      | \
 475:Generated_Source\PSoC6\pdl\drivers/peripheral/scb/cy_scb_common.h ****                                      _VAL2FLD(SCB_I2C_CTRL_S_READY_DATA_ACK, 1UL)      | \
 476:Generated_Source\PSoC6\pdl\drivers/peripheral/scb/cy_scb_common.h ****                                      _VAL2FLD(SCB_I2C_CTRL_S_NOT_READY_ADDR_NACK, 1UL) | \
 477:Generated_Source\PSoC6\pdl\drivers/peripheral/scb/cy_scb_common.h ****                                      _VAL2FLD(SCB_I2C_CTRL_S_NOT_READY_DATA_NACK, 1UL))
 478:Generated_Source\PSoC6\pdl\drivers/peripheral/scb/cy_scb_common.h **** 
 479:Generated_Source\PSoC6\pdl\drivers/peripheral/scb/cy_scb_common.h **** #define CY_SCB_I2C_CFG_DEF_VAL      (_VAL2FLD(SCB_I2C_CFG_SDA_IN_FILT_TRIM, 3UL)   | \
 480:Generated_Source\PSoC6\pdl\drivers/peripheral/scb/cy_scb_common.h ****                                      _VAL2FLD(SCB_I2C_CFG_SDA_IN_FILT_SEL, 1UL)    | \
 481:Generated_Source\PSoC6\pdl\drivers/peripheral/scb/cy_scb_common.h ****                                      _VAL2FLD(SCB_I2C_CFG_SCL_IN_FILT_SEL, 1UL)    | \
 482:Generated_Source\PSoC6\pdl\drivers/peripheral/scb/cy_scb_common.h ****                                      _VAL2FLD(SCB_I2C_CFG_SDA_OUT_FILT0_TRIM, 2UL) | \
 483:Generated_Source\PSoC6\pdl\drivers/peripheral/scb/cy_scb_common.h ****                                      _VAL2FLD(SCB_I2C_CFG_SDA_OUT_FILT1_TRIM, 2UL) | \
 484:Generated_Source\PSoC6\pdl\drivers/peripheral/scb/cy_scb_common.h ****                                      _VAL2FLD(SCB_I2C_CFG_SDA_OUT_FILT2_TRIM, 2UL))
 485:Generated_Source\PSoC6\pdl\drivers/peripheral/scb/cy_scb_common.h **** 
 486:Generated_Source\PSoC6\pdl\drivers/peripheral/scb/cy_scb_common.h **** #define CY_SCB_SPI_CTRL_DEF_VAL     _VAL2FLD(SCB_SPI_CTRL_MODE, 3UL)
 487:Generated_Source\PSoC6\pdl\drivers/peripheral/scb/cy_scb_common.h **** #define CY_SCB_UART_CTRL_DEF_VAL    _VAL2FLD(SCB_UART_CTRL_MODE, 3UL)
 488:Generated_Source\PSoC6\pdl\drivers/peripheral/scb/cy_scb_common.h **** 
 489:Generated_Source\PSoC6\pdl\drivers/peripheral/scb/cy_scb_common.h **** #define CY_SCB_UART_RX_CTRL_DEF_VAL (_VAL2FLD(SCB_UART_RX_CTRL_STOP_BITS, 2UL) | \
 490:Generated_Source\PSoC6\pdl\drivers/peripheral/scb/cy_scb_common.h ****                                      _VAL2FLD(SCB_UART_RX_CTRL_BREAK_WIDTH, 10UL))
 491:Generated_Source\PSoC6\pdl\drivers/peripheral/scb/cy_scb_common.h **** 
 492:Generated_Source\PSoC6\pdl\drivers/peripheral/scb/cy_scb_common.h **** #define CY_SCB_UART_TX_CTRL_DEF_VAL _VAL2FLD(SCB_UART_TX_CTRL_STOP_BITS, 2UL)
 493:Generated_Source\PSoC6\pdl\drivers/peripheral/scb/cy_scb_common.h **** 
 494:Generated_Source\PSoC6\pdl\drivers/peripheral/scb/cy_scb_common.h **** #define CY_SCB_RX_CTRL_DEF_VAL      (_VAL2FLD(SCB_RX_CTRL_DATA_WIDTH, 7UL) | \
 495:Generated_Source\PSoC6\pdl\drivers/peripheral/scb/cy_scb_common.h ****                                      _VAL2FLD(SCB_RX_CTRL_MSB_FIRST,  1UL))
 496:Generated_Source\PSoC6\pdl\drivers/peripheral/scb/cy_scb_common.h **** 
 497:Generated_Source\PSoC6\pdl\drivers/peripheral/scb/cy_scb_common.h **** #define CY_SCB_TX_CTRL_DEF_VAL      (_VAL2FLD(SCB_TX_CTRL_DATA_WIDTH, 7UL) | \
 498:Generated_Source\PSoC6\pdl\drivers/peripheral/scb/cy_scb_common.h ****                                      _VAL2FLD(SCB_TX_CTRL_MSB_FIRST,  1UL))
 499:Generated_Source\PSoC6\pdl\drivers/peripheral/scb/cy_scb_common.h **** 
 500:Generated_Source\PSoC6\pdl\drivers/peripheral/scb/cy_scb_common.h **** /* SCB CTRL modes */
 501:Generated_Source\PSoC6\pdl\drivers/peripheral/scb/cy_scb_common.h **** #define CY_SCB_CTRL_MODE_I2C   (0UL)
 502:Generated_Source\PSoC6\pdl\drivers/peripheral/scb/cy_scb_common.h **** #define CY_SCB_CTRL_MODE_SPI   (1UL)
 503:Generated_Source\PSoC6\pdl\drivers/peripheral/scb/cy_scb_common.h **** #define CY_SCB_CTRL_MODE_UART  (2UL)
ARM GAS  C:\Users\Finik\AppData\Local\Temp\ccY85NDM.s 			page 88


 504:Generated_Source\PSoC6\pdl\drivers/peripheral/scb/cy_scb_common.h **** 
 505:Generated_Source\PSoC6\pdl\drivers/peripheral/scb/cy_scb_common.h **** /* The position and mask to set the I2C mode */
 506:Generated_Source\PSoC6\pdl\drivers/peripheral/scb/cy_scb_common.h **** #define CY_SCB_I2C_CTRL_MODE_Pos    SCB_I2C_CTRL_SLAVE_MODE_Pos
 507:Generated_Source\PSoC6\pdl\drivers/peripheral/scb/cy_scb_common.h **** #define CY_SCB_I2C_CTRL_MODE_Msk    (SCB_I2C_CTRL_SLAVE_MODE_Msk | \
 508:Generated_Source\PSoC6\pdl\drivers/peripheral/scb/cy_scb_common.h ****                                      SCB_I2C_CTRL_MASTER_MODE_Msk)
 509:Generated_Source\PSoC6\pdl\drivers/peripheral/scb/cy_scb_common.h **** 
 510:Generated_Source\PSoC6\pdl\drivers/peripheral/scb/cy_scb_common.h **** /* Cypress ID #282226:
 511:Generated_Source\PSoC6\pdl\drivers/peripheral/scb/cy_scb_common.h **** * SCB_I2C_CFG_SDA_IN_FILT_TRIM[1]: SCB clock enable (1), clock disable (0).
 512:Generated_Source\PSoC6\pdl\drivers/peripheral/scb/cy_scb_common.h **** */
 513:Generated_Source\PSoC6\pdl\drivers/peripheral/scb/cy_scb_common.h **** #define CY_SCB_I2C_CFG_CLK_ENABLE_Msk  (_VAL2FLD(SCB_I2C_CFG_SDA_IN_FILT_TRIM, 2UL))
 514:Generated_Source\PSoC6\pdl\drivers/peripheral/scb/cy_scb_common.h **** 
 515:Generated_Source\PSoC6\pdl\drivers/peripheral/scb/cy_scb_common.h **** /* I2C has fixed data width */
 516:Generated_Source\PSoC6\pdl\drivers/peripheral/scb/cy_scb_common.h **** #define CY_SCB_I2C_DATA_WIDTH   (7UL)
 517:Generated_Source\PSoC6\pdl\drivers/peripheral/scb/cy_scb_common.h **** 
 518:Generated_Source\PSoC6\pdl\drivers/peripheral/scb/cy_scb_common.h **** /* RX and TX control register values */
 519:Generated_Source\PSoC6\pdl\drivers/peripheral/scb/cy_scb_common.h **** #define CY_SCB_I2C_RX_CTRL      (_VAL2FLD(SCB_RX_CTRL_DATA_WIDTH, CY_SCB_I2C_DATA_WIDTH) | \
 520:Generated_Source\PSoC6\pdl\drivers/peripheral/scb/cy_scb_common.h ****                                  SCB_RX_CTRL_MSB_FIRST_Msk)
 521:Generated_Source\PSoC6\pdl\drivers/peripheral/scb/cy_scb_common.h **** #define CY_SCB_I2C_TX_CTRL      (_VAL2FLD(SCB_TX_CTRL_DATA_WIDTH, CY_SCB_I2C_DATA_WIDTH) | \
 522:Generated_Source\PSoC6\pdl\drivers/peripheral/scb/cy_scb_common.h ****                                  SCB_TX_CTRL_MSB_FIRST_Msk | SCB_TX_CTRL_OPEN_DRAIN_Msk)
 523:Generated_Source\PSoC6\pdl\drivers/peripheral/scb/cy_scb_common.h **** 
 524:Generated_Source\PSoC6\pdl\drivers/peripheral/scb/cy_scb_common.h **** /* The position and mask to make an address byte */
 525:Generated_Source\PSoC6\pdl\drivers/peripheral/scb/cy_scb_common.h **** #define CY_SCB_I2C_ADDRESS_Pos  (1UL)
 526:Generated_Source\PSoC6\pdl\drivers/peripheral/scb/cy_scb_common.h **** #define CY_SCB_I2C_ADDRESS_Msk  (0xFEUL)
 527:Generated_Source\PSoC6\pdl\drivers/peripheral/scb/cy_scb_common.h **** 
 528:Generated_Source\PSoC6\pdl\drivers/peripheral/scb/cy_scb_common.h **** /* SPI slave select polarity */
 529:Generated_Source\PSoC6\pdl\drivers/peripheral/scb/cy_scb_common.h **** #define CY_SCB_SPI_CTRL_SSEL_POLARITY_Pos   SCB_SPI_CTRL_SSEL_POLARITY0_Pos
 530:Generated_Source\PSoC6\pdl\drivers/peripheral/scb/cy_scb_common.h **** #define CY_SCB_SPI_CTRL_SSEL_POLARITY_Msk   (SCB_SPI_CTRL_SSEL_POLARITY0_Msk | \
 531:Generated_Source\PSoC6\pdl\drivers/peripheral/scb/cy_scb_common.h ****                                              SCB_SPI_CTRL_SSEL_POLARITY1_Msk | \
 532:Generated_Source\PSoC6\pdl\drivers/peripheral/scb/cy_scb_common.h ****                                              SCB_SPI_CTRL_SSEL_POLARITY2_Msk | \
 533:Generated_Source\PSoC6\pdl\drivers/peripheral/scb/cy_scb_common.h ****                                              SCB_SPI_CTRL_SSEL_POLARITY3_Msk)
 534:Generated_Source\PSoC6\pdl\drivers/peripheral/scb/cy_scb_common.h **** 
 535:Generated_Source\PSoC6\pdl\drivers/peripheral/scb/cy_scb_common.h **** /* SPI clock modes: CPHA and CPOL */
 536:Generated_Source\PSoC6\pdl\drivers/peripheral/scb/cy_scb_common.h **** #define CY_SCB_SPI_CTRL_CLK_MODE_Pos    SCB_SPI_CTRL_CPHA_Pos
 537:Generated_Source\PSoC6\pdl\drivers/peripheral/scb/cy_scb_common.h **** #define CY_SCB_SPI_CTRL_CLK_MODE_Msk    (SCB_SPI_CTRL_CPHA_Msk | SCB_SPI_CTRL_CPOL_Msk)
 538:Generated_Source\PSoC6\pdl\drivers/peripheral/scb/cy_scb_common.h **** 
 539:Generated_Source\PSoC6\pdl\drivers/peripheral/scb/cy_scb_common.h **** /* UART parity and parity enable combination */
 540:Generated_Source\PSoC6\pdl\drivers/peripheral/scb/cy_scb_common.h **** #define CY_SCB_UART_RX_CTRL_SET_PARITY_Msk      (SCB_UART_RX_CTRL_PARITY_ENABLED_Msk | \
 541:Generated_Source\PSoC6\pdl\drivers/peripheral/scb/cy_scb_common.h ****                                                  SCB_UART_RX_CTRL_PARITY_Msk)
 542:Generated_Source\PSoC6\pdl\drivers/peripheral/scb/cy_scb_common.h **** #define CY_SCB_UART_RX_CTRL_SET_PARITY_Pos      SCB_UART_RX_CTRL_PARITY_Pos
 543:Generated_Source\PSoC6\pdl\drivers/peripheral/scb/cy_scb_common.h **** 
 544:Generated_Source\PSoC6\pdl\drivers/peripheral/scb/cy_scb_common.h **** #define CY_SCB_UART_TX_CTRL_SET_PARITY_Msk      (SCB_UART_TX_CTRL_PARITY_ENABLED_Msk | \
 545:Generated_Source\PSoC6\pdl\drivers/peripheral/scb/cy_scb_common.h ****                                                  SCB_UART_TX_CTRL_PARITY_Msk)
 546:Generated_Source\PSoC6\pdl\drivers/peripheral/scb/cy_scb_common.h **** #define CY_SCB_UART_TX_CTRL_SET_PARITY_Pos      SCB_UART_TX_CTRL_PARITY_Pos
 547:Generated_Source\PSoC6\pdl\drivers/peripheral/scb/cy_scb_common.h **** 
 548:Generated_Source\PSoC6\pdl\drivers/peripheral/scb/cy_scb_common.h **** /* Max number of bits for byte mode */
 549:Generated_Source\PSoC6\pdl\drivers/peripheral/scb/cy_scb_common.h **** #define CY_SCB_BYTE_WIDTH   (8UL)
 550:Generated_Source\PSoC6\pdl\drivers/peripheral/scb/cy_scb_common.h **** 
 551:Generated_Source\PSoC6\pdl\drivers/peripheral/scb/cy_scb_common.h **** /* Single unit to wait */
 552:Generated_Source\PSoC6\pdl\drivers/peripheral/scb/cy_scb_common.h **** #define CY_SCB_WAIT_1_UNIT  (1U)
 553:Generated_Source\PSoC6\pdl\drivers/peripheral/scb/cy_scb_common.h **** 
 554:Generated_Source\PSoC6\pdl\drivers/peripheral/scb/cy_scb_common.h **** /* Clear interrupt sources */
 555:Generated_Source\PSoC6\pdl\drivers/peripheral/scb/cy_scb_common.h **** #define CY_SCB_CLEAR_ALL_INTR_SRC   (0UL)
 556:Generated_Source\PSoC6\pdl\drivers/peripheral/scb/cy_scb_common.h **** 
 557:Generated_Source\PSoC6\pdl\drivers/peripheral/scb/cy_scb_common.h **** /* Hardware FIFO size: EZ_DATA_NR / 4 = (512 / 4) = 128 */
 558:Generated_Source\PSoC6\pdl\drivers/peripheral/scb/cy_scb_common.h **** #define CY_SCB_FIFO_SIZE            (128UL)
 559:Generated_Source\PSoC6\pdl\drivers/peripheral/scb/cy_scb_common.h **** 
 560:Generated_Source\PSoC6\pdl\drivers/peripheral/scb/cy_scb_common.h **** /* Provides a list of allowed sources */
ARM GAS  C:\Users\Finik\AppData\Local\Temp\ccY85NDM.s 			page 89


 561:Generated_Source\PSoC6\pdl\drivers/peripheral/scb/cy_scb_common.h **** #define CY_SCB_TX_INTR_MASK     (CY_SCB_TX_INTR_LEVEL     | CY_SCB_TX_INTR_NOT_FULL  | CY_SCB_TX_IN
 562:Generated_Source\PSoC6\pdl\drivers/peripheral/scb/cy_scb_common.h ****                                  CY_SCB_TX_INTR_OVERFLOW  | CY_SCB_TX_INTR_UNDERFLOW | CY_SCB_TX_IN
 563:Generated_Source\PSoC6\pdl\drivers/peripheral/scb/cy_scb_common.h ****                                  CY_SCB_TX_INTR_UART_NACK | CY_SCB_TX_INTR_UART_ARB_LOST)
 564:Generated_Source\PSoC6\pdl\drivers/peripheral/scb/cy_scb_common.h **** 
 565:Generated_Source\PSoC6\pdl\drivers/peripheral/scb/cy_scb_common.h **** #define CY_SCB_RX_INTR_MASK     (CY_SCB_RX_INTR_LEVEL             | CY_SCB_RX_INTR_NOT_EMPTY | CY_S
 566:Generated_Source\PSoC6\pdl\drivers/peripheral/scb/cy_scb_common.h ****                                  CY_SCB_RX_INTR_OVERFLOW          | CY_SCB_RX_INTR_UNDERFLOW       
 567:Generated_Source\PSoC6\pdl\drivers/peripheral/scb/cy_scb_common.h ****                                  CY_SCB_RX_INTR_UART_FRAME_ERROR  | CY_SCB_RX_INTR_UART_PARITY_ERRO
 568:Generated_Source\PSoC6\pdl\drivers/peripheral/scb/cy_scb_common.h ****                                  CY_SCB_RX_INTR_UART_BREAK_DETECT)
 569:Generated_Source\PSoC6\pdl\drivers/peripheral/scb/cy_scb_common.h **** 
 570:Generated_Source\PSoC6\pdl\drivers/peripheral/scb/cy_scb_common.h **** 
 571:Generated_Source\PSoC6\pdl\drivers/peripheral/scb/cy_scb_common.h **** #define CY_SCB_SLAVE_INTR_MASK  (CY_SCB_SLAVE_INTR_I2C_ARB_LOST   | CY_SCB_SLAVE_INTR_I2C_NACK | CY
 572:Generated_Source\PSoC6\pdl\drivers/peripheral/scb/cy_scb_common.h ****                                  CY_SCB_SLAVE_INTR_I2C_WRITE_STOP | CY_SCB_SLAVE_INTR_I2C_STOP | CY
 573:Generated_Source\PSoC6\pdl\drivers/peripheral/scb/cy_scb_common.h ****                                  CY_SCB_SLAVE_INTR_I2C_ADDR_MATCH | CY_SCB_SLAVE_INTR_I2C_GENERAL_A
 574:Generated_Source\PSoC6\pdl\drivers/peripheral/scb/cy_scb_common.h ****                                  CY_SCB_SLAVE_INTR_I2C_BUS_ERROR  | CY_SCB_SLAVE_INTR_SPI_BUS_ERROR
 575:Generated_Source\PSoC6\pdl\drivers/peripheral/scb/cy_scb_common.h **** 
 576:Generated_Source\PSoC6\pdl\drivers/peripheral/scb/cy_scb_common.h **** #define CY_SCB_MASTER_INTR_MASK (CY_SCB_MASTER_INTR_I2C_ARB_LOST  | CY_SCB_MASTER_INTR_I2C_NACK | \
 577:Generated_Source\PSoC6\pdl\drivers/peripheral/scb/cy_scb_common.h ****                                  CY_SCB_MASTER_INTR_I2C_ACK       | CY_SCB_MASTER_INTR_I2C_STOP | \
 578:Generated_Source\PSoC6\pdl\drivers/peripheral/scb/cy_scb_common.h ****                                  CY_SCB_MASTER_INTR_I2C_BUS_ERROR | CY_SCB_MASTER_INTR_SPI_DONE)
 579:Generated_Source\PSoC6\pdl\drivers/peripheral/scb/cy_scb_common.h **** 
 580:Generated_Source\PSoC6\pdl\drivers/peripheral/scb/cy_scb_common.h **** #define CY_SCB_I2C_INTR_MASK    CY_SCB_I2C_INTR_WAKEUP
 581:Generated_Source\PSoC6\pdl\drivers/peripheral/scb/cy_scb_common.h **** 
 582:Generated_Source\PSoC6\pdl\drivers/peripheral/scb/cy_scb_common.h **** #define CY_SCB_SPI_INTR_MASK    CY_SCB_SPI_INTR_WAKEUP
 583:Generated_Source\PSoC6\pdl\drivers/peripheral/scb/cy_scb_common.h **** 
 584:Generated_Source\PSoC6\pdl\drivers/peripheral/scb/cy_scb_common.h **** #define CY_SCB_IS_INTR_VALID(intr, mask)            ( 0UL == ((intr) & ((uint32_t) ~(mask))) )
 585:Generated_Source\PSoC6\pdl\drivers/peripheral/scb/cy_scb_common.h **** #define CY_SCB_IS_TRIGGER_LEVEL_VALID(base, level)  ((level) < Cy_SCB_GetFifoSize(base))
 586:Generated_Source\PSoC6\pdl\drivers/peripheral/scb/cy_scb_common.h **** 
 587:Generated_Source\PSoC6\pdl\drivers/peripheral/scb/cy_scb_common.h **** #define CY_SCB_IS_I2C_ADDR_VALID(addr)              ( (0U == ((addr) & 0x80U)) )
 588:Generated_Source\PSoC6\pdl\drivers/peripheral/scb/cy_scb_common.h **** #define CY_SCB_IS_BUFFER_VALID(buffer, size)        ( (NULL != (buffer)) && ((size) > 0UL) )
 589:Generated_Source\PSoC6\pdl\drivers/peripheral/scb/cy_scb_common.h **** #define CY_SCB_IS_I2C_BUFFER_VALID(buffer, size)    ( (0UL == (size)) ? true : (NULL != (buffer)) )
 590:Generated_Source\PSoC6\pdl\drivers/peripheral/scb/cy_scb_common.h **** /** \endcond */
 591:Generated_Source\PSoC6\pdl\drivers/peripheral/scb/cy_scb_common.h **** 
 592:Generated_Source\PSoC6\pdl\drivers/peripheral/scb/cy_scb_common.h **** /** \} group_scb_common_macros */
 593:Generated_Source\PSoC6\pdl\drivers/peripheral/scb/cy_scb_common.h **** 
 594:Generated_Source\PSoC6\pdl\drivers/peripheral/scb/cy_scb_common.h **** 
 595:Generated_Source\PSoC6\pdl\drivers/peripheral/scb/cy_scb_common.h **** /*******************************************************************************
 596:Generated_Source\PSoC6\pdl\drivers/peripheral/scb/cy_scb_common.h **** *                       In-line Function Implementation
 597:Generated_Source\PSoC6\pdl\drivers/peripheral/scb/cy_scb_common.h **** *******************************************************************************/
 598:Generated_Source\PSoC6\pdl\drivers/peripheral/scb/cy_scb_common.h **** 
 599:Generated_Source\PSoC6\pdl\drivers/peripheral/scb/cy_scb_common.h **** /**
 600:Generated_Source\PSoC6\pdl\drivers/peripheral/scb/cy_scb_common.h **** * \addtogroup group_scb_common_functions
 601:Generated_Source\PSoC6\pdl\drivers/peripheral/scb/cy_scb_common.h **** * \{
 602:Generated_Source\PSoC6\pdl\drivers/peripheral/scb/cy_scb_common.h **** */
 603:Generated_Source\PSoC6\pdl\drivers/peripheral/scb/cy_scb_common.h **** 
 604:Generated_Source\PSoC6\pdl\drivers/peripheral/scb/cy_scb_common.h **** /*******************************************************************************
 605:Generated_Source\PSoC6\pdl\drivers/peripheral/scb/cy_scb_common.h **** * Function Name: Cy_SCB_ReadRxFifo
 606:Generated_Source\PSoC6\pdl\drivers/peripheral/scb/cy_scb_common.h **** ****************************************************************************//**
 607:Generated_Source\PSoC6\pdl\drivers/peripheral/scb/cy_scb_common.h **** *
 608:Generated_Source\PSoC6\pdl\drivers/peripheral/scb/cy_scb_common.h **** * Reads a data element directly out of the RX FIFO.
 609:Generated_Source\PSoC6\pdl\drivers/peripheral/scb/cy_scb_common.h **** * This function does not check whether the RX FIFO has data before reading it.
 610:Generated_Source\PSoC6\pdl\drivers/peripheral/scb/cy_scb_common.h **** *
 611:Generated_Source\PSoC6\pdl\drivers/peripheral/scb/cy_scb_common.h **** * \param base
 612:Generated_Source\PSoC6\pdl\drivers/peripheral/scb/cy_scb_common.h **** * The pointer to the SCB instance.
 613:Generated_Source\PSoC6\pdl\drivers/peripheral/scb/cy_scb_common.h **** *
 614:Generated_Source\PSoC6\pdl\drivers/peripheral/scb/cy_scb_common.h **** * \return
 615:Generated_Source\PSoC6\pdl\drivers/peripheral/scb/cy_scb_common.h **** * Data from RX FIFO.
 616:Generated_Source\PSoC6\pdl\drivers/peripheral/scb/cy_scb_common.h **** *
 617:Generated_Source\PSoC6\pdl\drivers/peripheral/scb/cy_scb_common.h **** *******************************************************************************/
ARM GAS  C:\Users\Finik\AppData\Local\Temp\ccY85NDM.s 			page 90


 618:Generated_Source\PSoC6\pdl\drivers/peripheral/scb/cy_scb_common.h **** __STATIC_INLINE uint32_t Cy_SCB_ReadRxFifo(CySCB_Type const *base)
 619:Generated_Source\PSoC6\pdl\drivers/peripheral/scb/cy_scb_common.h **** {
 620:Generated_Source\PSoC6\pdl\drivers/peripheral/scb/cy_scb_common.h ****     return (SCB_RX_FIFO_RD(base));
 277              		.loc 7 620 0 discriminator 1
 278 002a 0B4B     		ldr	r3, .L19
 279 002c D3F84033 		ldr	r3, [r3, #832]
 280              	.LVL20:
 281              	.LBE60:
 282              	.LBE59:
 283              	.LBE58:
  23:main_cm4.c    **** 
 284              		.loc 1 23 0 discriminator 1
 285 0030 0D2B     		cmp	r3, #13
 286 0032 FAD1     		bne	.L15
  25:main_cm4.c    ****     Cy_SCB_UART_PutString(UART_HW, "Observe the LED blinking on the kit!!!\r\n");
 287              		.loc 1 25 0
 288 0034 FFF7FEFF 		bl	TimerInit
 289              	.LVL21:
 290              	.LBB61:
 291              	.LBB62:
 292              		.loc 4 1447 0
 293 0038 0C49     		ldr	r1, .L19+20
 294 003a 0748     		ldr	r0, .L19
 295 003c FFF7FEFF 		bl	Cy_SCB_WriteString
 296              	.LVL22:
 297              	.L16:
 298              	.LBE62:
 299              	.LBE61:
  30:main_cm4.c    ****         {
 300              		.loc 1 30 0
 301 0040 0B4B     		ldr	r3, .L19+24
 302 0042 1B78     		ldrb	r3, [r3]	@ zero_extendqisi2
 303 0044 002B     		cmp	r3, #0
 304 0046 FBD0     		beq	.L16
  32:main_cm4.c    ****             Cy_GPIO_Inv(LED_Green_0_PORT, LED_Green_0_NUM);
 305              		.loc 1 32 0
 306 0048 0022     		movs	r2, #0
 307 004a 094B     		ldr	r3, .L19+24
 308 004c 1A70     		strb	r2, [r3]
 309              	.LVL23:
 310              	.LBB63:
 311              	.LBB64:
 312              		.file 8 "Generated_Source\\PSoC6\\pdl\\drivers/peripheral/gpio/cy_gpio.h"
   1:Generated_Source\PSoC6\pdl\drivers/peripheral/gpio/cy_gpio.h **** /***************************************************************************//**
   2:Generated_Source\PSoC6\pdl\drivers/peripheral/gpio/cy_gpio.h **** * \file cy_gpio.h
   3:Generated_Source\PSoC6\pdl\drivers/peripheral/gpio/cy_gpio.h **** * \version 1.20
   4:Generated_Source\PSoC6\pdl\drivers/peripheral/gpio/cy_gpio.h **** *
   5:Generated_Source\PSoC6\pdl\drivers/peripheral/gpio/cy_gpio.h **** * Provides an API declaration of the GPIO driver
   6:Generated_Source\PSoC6\pdl\drivers/peripheral/gpio/cy_gpio.h **** *
   7:Generated_Source\PSoC6\pdl\drivers/peripheral/gpio/cy_gpio.h **** ********************************************************************************
   8:Generated_Source\PSoC6\pdl\drivers/peripheral/gpio/cy_gpio.h **** * \copyright
   9:Generated_Source\PSoC6\pdl\drivers/peripheral/gpio/cy_gpio.h **** * Copyright 2016-2018, Cypress Semiconductor Corporation. All rights reserved.
  10:Generated_Source\PSoC6\pdl\drivers/peripheral/gpio/cy_gpio.h **** * You may use this file only in accordance with the license, terms, conditions,
  11:Generated_Source\PSoC6\pdl\drivers/peripheral/gpio/cy_gpio.h **** * disclaimers, and limitations in the end user license agreement accompanying
  12:Generated_Source\PSoC6\pdl\drivers/peripheral/gpio/cy_gpio.h **** * the software package with which this file was provided.
  13:Generated_Source\PSoC6\pdl\drivers/peripheral/gpio/cy_gpio.h **** *******************************************************************************/
  14:Generated_Source\PSoC6\pdl\drivers/peripheral/gpio/cy_gpio.h **** 
ARM GAS  C:\Users\Finik\AppData\Local\Temp\ccY85NDM.s 			page 91


  15:Generated_Source\PSoC6\pdl\drivers/peripheral/gpio/cy_gpio.h **** /**
  16:Generated_Source\PSoC6\pdl\drivers/peripheral/gpio/cy_gpio.h **** * \addtogroup group_gpio
  17:Generated_Source\PSoC6\pdl\drivers/peripheral/gpio/cy_gpio.h **** * \{
  18:Generated_Source\PSoC6\pdl\drivers/peripheral/gpio/cy_gpio.h **** * The GPIO driver provides an API to configure and access device Input/Output pins.
  19:Generated_Source\PSoC6\pdl\drivers/peripheral/gpio/cy_gpio.h **** *
  20:Generated_Source\PSoC6\pdl\drivers/peripheral/gpio/cy_gpio.h **** * The functions and other declarations used in this driver are in cy_gpio.h. 
  21:Generated_Source\PSoC6\pdl\drivers/peripheral/gpio/cy_gpio.h **** * You can include cy_pdl.h (ModusToolbox only) to get access to all functions 
  22:Generated_Source\PSoC6\pdl\drivers/peripheral/gpio/cy_gpio.h **** * and declarations in the PDL.
  23:Generated_Source\PSoC6\pdl\drivers/peripheral/gpio/cy_gpio.h **** *
  24:Generated_Source\PSoC6\pdl\drivers/peripheral/gpio/cy_gpio.h **** * IO pins include all general purpose types such as GPIO, SIO, HSIO, AUXIO, and
  25:Generated_Source\PSoC6\pdl\drivers/peripheral/gpio/cy_gpio.h **** * their variants.
  26:Generated_Source\PSoC6\pdl\drivers/peripheral/gpio/cy_gpio.h **** *
  27:Generated_Source\PSoC6\pdl\drivers/peripheral/gpio/cy_gpio.h **** * Initialization can be performed either at the port level or by configuring the
  28:Generated_Source\PSoC6\pdl\drivers/peripheral/gpio/cy_gpio.h **** * individual pins. For efficient use of code space, port
  29:Generated_Source\PSoC6\pdl\drivers/peripheral/gpio/cy_gpio.h **** * configuration should be used in the field. Refer to the product device header files 
  30:Generated_Source\PSoC6\pdl\drivers/peripheral/gpio/cy_gpio.h **** * for the list of supported ports and pins.
  31:Generated_Source\PSoC6\pdl\drivers/peripheral/gpio/cy_gpio.h **** * 
  32:Generated_Source\PSoC6\pdl\drivers/peripheral/gpio/cy_gpio.h **** * - Single pin configuration is performed by using \ref Cy_GPIO_Pin_FastInit 
  33:Generated_Source\PSoC6\pdl\drivers/peripheral/gpio/cy_gpio.h **** *   (provide specific values) or \ref Cy_GPIO_Pin_Init (provide a filled
  34:Generated_Source\PSoC6\pdl\drivers/peripheral/gpio/cy_gpio.h **** *   cy_stc_gpio_pin_config_t structure).
  35:Generated_Source\PSoC6\pdl\drivers/peripheral/gpio/cy_gpio.h **** * - An entire port can be configured using \ref Cy_GPIO_Port_Init. Provide a filled 
  36:Generated_Source\PSoC6\pdl\drivers/peripheral/gpio/cy_gpio.h **** *   cy_stc_gpio_prt_config_t structure. The values in the structure are 
  37:Generated_Source\PSoC6\pdl\drivers/peripheral/gpio/cy_gpio.h **** *   bitfields representing the desired value for each pin in the port.
  38:Generated_Source\PSoC6\pdl\drivers/peripheral/gpio/cy_gpio.h **** * - Pin configuration and management is based on the port address and pin number.
  39:Generated_Source\PSoC6\pdl\drivers/peripheral/gpio/cy_gpio.h **** *   \ref Cy_GPIO_PortToAddr function can optionally be used to calculate the port
  40:Generated_Source\PSoC6\pdl\drivers/peripheral/gpio/cy_gpio.h **** *   address from the port number at run-time.
  41:Generated_Source\PSoC6\pdl\drivers/peripheral/gpio/cy_gpio.h **** *
  42:Generated_Source\PSoC6\pdl\drivers/peripheral/gpio/cy_gpio.h **** * Once the pin/port initialization is complete, each pin can be accessed by 
  43:Generated_Source\PSoC6\pdl\drivers/peripheral/gpio/cy_gpio.h **** * specifying the port (GPIO_PRT_Type) and the pin (0-7) in the provided API 
  44:Generated_Source\PSoC6\pdl\drivers/peripheral/gpio/cy_gpio.h **** * functions.
  45:Generated_Source\PSoC6\pdl\drivers/peripheral/gpio/cy_gpio.h **** *
  46:Generated_Source\PSoC6\pdl\drivers/peripheral/gpio/cy_gpio.h **** * \section group_gpio_configuration Configuration Considerations
  47:Generated_Source\PSoC6\pdl\drivers/peripheral/gpio/cy_gpio.h **** *
  48:Generated_Source\PSoC6\pdl\drivers/peripheral/gpio/cy_gpio.h **** * 1. Pin multiplexing is controlled through the High-Speed IO Matrix (HSIOM) selection.
  49:Generated_Source\PSoC6\pdl\drivers/peripheral/gpio/cy_gpio.h **** *    This allows the pin to connect to signal sources/sinks throughout the device,
  50:Generated_Source\PSoC6\pdl\drivers/peripheral/gpio/cy_gpio.h **** *    as defined by the pin HSIOM selection options (en_hsiom_sel_t).
  51:Generated_Source\PSoC6\pdl\drivers/peripheral/gpio/cy_gpio.h **** * 2. All pins are initialized to High-Z drive mode with HSIOM connected to CPU (SW
  52:Generated_Source\PSoC6\pdl\drivers/peripheral/gpio/cy_gpio.h **** *    control digital pin only) at Power-On-Reset(POR).
  53:Generated_Source\PSoC6\pdl\drivers/peripheral/gpio/cy_gpio.h **** * 3. Some API functions perform read-modify-write operations on shared port
  54:Generated_Source\PSoC6\pdl\drivers/peripheral/gpio/cy_gpio.h **** *    registers. These functions are not thread safe and care must be taken when
  55:Generated_Source\PSoC6\pdl\drivers/peripheral/gpio/cy_gpio.h **** *    called by the application.
  56:Generated_Source\PSoC6\pdl\drivers/peripheral/gpio/cy_gpio.h **** * 4. Digital input buffer provides a high-impedance buffer for the external 
  57:Generated_Source\PSoC6\pdl\drivers/peripheral/gpio/cy_gpio.h **** *    digital input. The input buffer is connected to the HSIOM for routing to 
  58:Generated_Source\PSoC6\pdl\drivers/peripheral/gpio/cy_gpio.h **** *    the CPU port registers and selected peripheral. Enabling the input 
  59:Generated_Source\PSoC6\pdl\drivers/peripheral/gpio/cy_gpio.h **** *    buffer provides possibility to read the pin state via the CPU.
  60:Generated_Source\PSoC6\pdl\drivers/peripheral/gpio/cy_gpio.h **** *    If pin is connected to an analog signal, the input buffer should be 
  61:Generated_Source\PSoC6\pdl\drivers/peripheral/gpio/cy_gpio.h **** *    disabled to avoid crowbar currents. For more information refer to device 
  62:Generated_Source\PSoC6\pdl\drivers/peripheral/gpio/cy_gpio.h **** *    TRM and the device datasheet.
  63:Generated_Source\PSoC6\pdl\drivers/peripheral/gpio/cy_gpio.h **** *
  64:Generated_Source\PSoC6\pdl\drivers/peripheral/gpio/cy_gpio.h **** * Multiple pins on a port can be updated using direct port register writes with an
  65:Generated_Source\PSoC6\pdl\drivers/peripheral/gpio/cy_gpio.h **** * appropriate port mask. An example is shown below, highlighting the different ways of 
  66:Generated_Source\PSoC6\pdl\drivers/peripheral/gpio/cy_gpio.h **** * configuring Port 1 pins using:
  67:Generated_Source\PSoC6\pdl\drivers/peripheral/gpio/cy_gpio.h **** * 
  68:Generated_Source\PSoC6\pdl\drivers/peripheral/gpio/cy_gpio.h **** * - Port output data register
  69:Generated_Source\PSoC6\pdl\drivers/peripheral/gpio/cy_gpio.h **** * - Port output data set register
  70:Generated_Source\PSoC6\pdl\drivers/peripheral/gpio/cy_gpio.h **** * - Port output data clear register
  71:Generated_Source\PSoC6\pdl\drivers/peripheral/gpio/cy_gpio.h **** *
ARM GAS  C:\Users\Finik\AppData\Local\Temp\ccY85NDM.s 			page 92


  72:Generated_Source\PSoC6\pdl\drivers/peripheral/gpio/cy_gpio.h **** * \snippet gpio/gpio_v1_10_sut_01.cydsn/main_cm4.c Cy_GPIO_Snippet
  73:Generated_Source\PSoC6\pdl\drivers/peripheral/gpio/cy_gpio.h **** *
  74:Generated_Source\PSoC6\pdl\drivers/peripheral/gpio/cy_gpio.h **** * \section group_gpio_more_information More Information
  75:Generated_Source\PSoC6\pdl\drivers/peripheral/gpio/cy_gpio.h **** *
  76:Generated_Source\PSoC6\pdl\drivers/peripheral/gpio/cy_gpio.h **** * Refer to the technical reference manual (TRM) and the device datasheet.
  77:Generated_Source\PSoC6\pdl\drivers/peripheral/gpio/cy_gpio.h **** *
  78:Generated_Source\PSoC6\pdl\drivers/peripheral/gpio/cy_gpio.h **** * \section group_gpio_MISRA MISRA-C Compliance
  79:Generated_Source\PSoC6\pdl\drivers/peripheral/gpio/cy_gpio.h **** * The GPIO driver has the following specific deviations:
  80:Generated_Source\PSoC6\pdl\drivers/peripheral/gpio/cy_gpio.h **** *
  81:Generated_Source\PSoC6\pdl\drivers/peripheral/gpio/cy_gpio.h **** * <table class="doxtable">
  82:Generated_Source\PSoC6\pdl\drivers/peripheral/gpio/cy_gpio.h **** *   <tr>
  83:Generated_Source\PSoC6\pdl\drivers/peripheral/gpio/cy_gpio.h **** *     <th>MISRA Rule</th>
  84:Generated_Source\PSoC6\pdl\drivers/peripheral/gpio/cy_gpio.h **** *     <th>Rule Class (Required/Advisory)</th>
  85:Generated_Source\PSoC6\pdl\drivers/peripheral/gpio/cy_gpio.h **** *     <th>Rule Description</th>
  86:Generated_Source\PSoC6\pdl\drivers/peripheral/gpio/cy_gpio.h **** *     <th>Description of Deviation(s)</th>
  87:Generated_Source\PSoC6\pdl\drivers/peripheral/gpio/cy_gpio.h **** *   </tr>
  88:Generated_Source\PSoC6\pdl\drivers/peripheral/gpio/cy_gpio.h **** *   <tr>
  89:Generated_Source\PSoC6\pdl\drivers/peripheral/gpio/cy_gpio.h **** *     <td>11.4</td>
  90:Generated_Source\PSoC6\pdl\drivers/peripheral/gpio/cy_gpio.h **** *     <td>A</td>
  91:Generated_Source\PSoC6\pdl\drivers/peripheral/gpio/cy_gpio.h **** *     <td>A cast should not be performed between a pointer to object type and
  92:Generated_Source\PSoC6\pdl\drivers/peripheral/gpio/cy_gpio.h **** *         a different pointer to object type.</td>
  93:Generated_Source\PSoC6\pdl\drivers/peripheral/gpio/cy_gpio.h **** *     <td> This code is safe because the elements of both GPIO_PRT_V1_Type and GPIO_PRT_V2_Type 
  94:Generated_Source\PSoC6\pdl\drivers/peripheral/gpio/cy_gpio.h **** *          types have identical alignment.</td>
  95:Generated_Source\PSoC6\pdl\drivers/peripheral/gpio/cy_gpio.h **** *   </tr>
  96:Generated_Source\PSoC6\pdl\drivers/peripheral/gpio/cy_gpio.h **** *   <tr>
  97:Generated_Source\PSoC6\pdl\drivers/peripheral/gpio/cy_gpio.h **** *     <td>16.7</td>
  98:Generated_Source\PSoC6\pdl\drivers/peripheral/gpio/cy_gpio.h **** *     <td>A</td>
  99:Generated_Source\PSoC6\pdl\drivers/peripheral/gpio/cy_gpio.h **** *     <td>A pointer parameter in a function prototype should be declared as pointer 
 100:Generated_Source\PSoC6\pdl\drivers/peripheral/gpio/cy_gpio.h **** *         to const if the pointer is not used to modify the addressed object.</td>
 101:Generated_Source\PSoC6\pdl\drivers/peripheral/gpio/cy_gpio.h **** *     <td>The objects pointed to by the base addresses of the GPIO port are not always modified.
 102:Generated_Source\PSoC6\pdl\drivers/peripheral/gpio/cy_gpio.h **** *         While a const qualifier can be used in select scenarios, it brings little benefit
 103:Generated_Source\PSoC6\pdl\drivers/peripheral/gpio/cy_gpio.h **** *         in adding this to the affected functions. </td>
 104:Generated_Source\PSoC6\pdl\drivers/peripheral/gpio/cy_gpio.h **** *   </tr>
 105:Generated_Source\PSoC6\pdl\drivers/peripheral/gpio/cy_gpio.h **** * </table>
 106:Generated_Source\PSoC6\pdl\drivers/peripheral/gpio/cy_gpio.h **** *
 107:Generated_Source\PSoC6\pdl\drivers/peripheral/gpio/cy_gpio.h **** * \section group_gpio_changelog Changelog
 108:Generated_Source\PSoC6\pdl\drivers/peripheral/gpio/cy_gpio.h **** * <table class="doxtable">
 109:Generated_Source\PSoC6\pdl\drivers/peripheral/gpio/cy_gpio.h **** *   <tr><th>Version</th><th>Changes</th><th>Reason for Change</th></tr>
 110:Generated_Source\PSoC6\pdl\drivers/peripheral/gpio/cy_gpio.h **** *   <tr>
 111:Generated_Source\PSoC6\pdl\drivers/peripheral/gpio/cy_gpio.h **** *     <td rowspan="3">1.20</td>
 112:Generated_Source\PSoC6\pdl\drivers/peripheral/gpio/cy_gpio.h **** *     <td>Flattened the organization of the driver source code into the single source directory and
 113:Generated_Source\PSoC6\pdl\drivers/peripheral/gpio/cy_gpio.h **** *     <td>Driver library directory-structure simplification.</td>
 114:Generated_Source\PSoC6\pdl\drivers/peripheral/gpio/cy_gpio.h **** *   </tr>
 115:Generated_Source\PSoC6\pdl\drivers/peripheral/gpio/cy_gpio.h **** *   <tr>
 116:Generated_Source\PSoC6\pdl\drivers/peripheral/gpio/cy_gpio.h **** *     <td>Added the functions for configuring the AMux bus splitter switch cells:
 117:Generated_Source\PSoC6\pdl\drivers/peripheral/gpio/cy_gpio.h **** *     - \ref Cy_GPIO_SetAmuxSplit
 118:Generated_Source\PSoC6\pdl\drivers/peripheral/gpio/cy_gpio.h **** *     - \ref Cy_GPIO_GetAmuxSplit
 119:Generated_Source\PSoC6\pdl\drivers/peripheral/gpio/cy_gpio.h **** *     </td>
 120:Generated_Source\PSoC6\pdl\drivers/peripheral/gpio/cy_gpio.h **** *     <td>Added a new functionality related to AMux bus.</td>
 121:Generated_Source\PSoC6\pdl\drivers/peripheral/gpio/cy_gpio.h **** *   </tr>
 122:Generated_Source\PSoC6\pdl\drivers/peripheral/gpio/cy_gpio.h **** *   <tr>
 123:Generated_Source\PSoC6\pdl\drivers/peripheral/gpio/cy_gpio.h **** *     <td>Added register access layer. Use register access macros instead
 124:Generated_Source\PSoC6\pdl\drivers/peripheral/gpio/cy_gpio.h **** *         of direct register access using dereferenced pointers.</td>
 125:Generated_Source\PSoC6\pdl\drivers/peripheral/gpio/cy_gpio.h **** *     <td>Makes register access device-independent, so that the PDL does 
 126:Generated_Source\PSoC6\pdl\drivers/peripheral/gpio/cy_gpio.h **** *         not need to be recompiled for each supported part number.</td>
 127:Generated_Source\PSoC6\pdl\drivers/peripheral/gpio/cy_gpio.h **** *   </tr>
 128:Generated_Source\PSoC6\pdl\drivers/peripheral/gpio/cy_gpio.h **** *   <tr>
ARM GAS  C:\Users\Finik\AppData\Local\Temp\ccY85NDM.s 			page 93


 129:Generated_Source\PSoC6\pdl\drivers/peripheral/gpio/cy_gpio.h **** *     <td>1.10.1</td>
 130:Generated_Source\PSoC6\pdl\drivers/peripheral/gpio/cy_gpio.h **** *     <td>Updated description for the functions: \ref Cy_GPIO_GetInterruptStatus, 
 131:Generated_Source\PSoC6\pdl\drivers/peripheral/gpio/cy_gpio.h **** *         \ref Cy_GPIO_GetInterruptMask, \ref Cy_GPIO_GetInterruptStatusMasked.
 132:Generated_Source\PSoC6\pdl\drivers/peripheral/gpio/cy_gpio.h **** *
 133:Generated_Source\PSoC6\pdl\drivers/peripheral/gpio/cy_gpio.h **** *         Minor documentation edits.
 134:Generated_Source\PSoC6\pdl\drivers/peripheral/gpio/cy_gpio.h **** *     </td>
 135:Generated_Source\PSoC6\pdl\drivers/peripheral/gpio/cy_gpio.h **** *     <td>Documentation update and clarification</td>
 136:Generated_Source\PSoC6\pdl\drivers/peripheral/gpio/cy_gpio.h **** *   </tr>
 137:Generated_Source\PSoC6\pdl\drivers/peripheral/gpio/cy_gpio.h **** *   <tr>
 138:Generated_Source\PSoC6\pdl\drivers/peripheral/gpio/cy_gpio.h **** *     <td>1.10</td>
 139:Generated_Source\PSoC6\pdl\drivers/peripheral/gpio/cy_gpio.h **** *     <td>Added input parameter validation to the API functions</td>
 140:Generated_Source\PSoC6\pdl\drivers/peripheral/gpio/cy_gpio.h **** *     <td></td>
 141:Generated_Source\PSoC6\pdl\drivers/peripheral/gpio/cy_gpio.h **** *   </tr>
 142:Generated_Source\PSoC6\pdl\drivers/peripheral/gpio/cy_gpio.h **** *   <tr>
 143:Generated_Source\PSoC6\pdl\drivers/peripheral/gpio/cy_gpio.h **** *     <td>1.0</td>
 144:Generated_Source\PSoC6\pdl\drivers/peripheral/gpio/cy_gpio.h **** *     <td>Initial version</td>
 145:Generated_Source\PSoC6\pdl\drivers/peripheral/gpio/cy_gpio.h **** *     <td></td>
 146:Generated_Source\PSoC6\pdl\drivers/peripheral/gpio/cy_gpio.h **** *   </tr>
 147:Generated_Source\PSoC6\pdl\drivers/peripheral/gpio/cy_gpio.h **** * </table>
 148:Generated_Source\PSoC6\pdl\drivers/peripheral/gpio/cy_gpio.h **** *
 149:Generated_Source\PSoC6\pdl\drivers/peripheral/gpio/cy_gpio.h **** * \defgroup group_gpio_macros Macros
 150:Generated_Source\PSoC6\pdl\drivers/peripheral/gpio/cy_gpio.h **** * \defgroup group_gpio_functions Functions
 151:Generated_Source\PSoC6\pdl\drivers/peripheral/gpio/cy_gpio.h **** * \{
 152:Generated_Source\PSoC6\pdl\drivers/peripheral/gpio/cy_gpio.h **** *   \defgroup group_gpio_functions_init       Initialization Functions
 153:Generated_Source\PSoC6\pdl\drivers/peripheral/gpio/cy_gpio.h **** *   \defgroup group_gpio_functions_gpio       GPIO Functions
 154:Generated_Source\PSoC6\pdl\drivers/peripheral/gpio/cy_gpio.h **** *   \defgroup group_gpio_functions_sio        SIO Functions
 155:Generated_Source\PSoC6\pdl\drivers/peripheral/gpio/cy_gpio.h **** *   \defgroup group_gpio_functions_interrupt  Port Interrupt Functions
 156:Generated_Source\PSoC6\pdl\drivers/peripheral/gpio/cy_gpio.h **** * \}
 157:Generated_Source\PSoC6\pdl\drivers/peripheral/gpio/cy_gpio.h **** * \defgroup group_gpio_data_structures Data Structures
 158:Generated_Source\PSoC6\pdl\drivers/peripheral/gpio/cy_gpio.h **** * \defgroup group_gpio_enums Enumerated Types
 159:Generated_Source\PSoC6\pdl\drivers/peripheral/gpio/cy_gpio.h **** */
 160:Generated_Source\PSoC6\pdl\drivers/peripheral/gpio/cy_gpio.h **** 
 161:Generated_Source\PSoC6\pdl\drivers/peripheral/gpio/cy_gpio.h **** #if !defined(CY_GPIO_H)
 162:Generated_Source\PSoC6\pdl\drivers/peripheral/gpio/cy_gpio.h **** #define CY_GPIO_H
 163:Generated_Source\PSoC6\pdl\drivers/peripheral/gpio/cy_gpio.h **** 
 164:Generated_Source\PSoC6\pdl\drivers/peripheral/gpio/cy_gpio.h **** #include <stddef.h>
 165:Generated_Source\PSoC6\pdl\drivers/peripheral/gpio/cy_gpio.h **** #include "cy_device.h"
 166:Generated_Source\PSoC6\pdl\drivers/peripheral/gpio/cy_gpio.h **** #include "cy_device_headers.h"
 167:Generated_Source\PSoC6\pdl\drivers/peripheral/gpio/cy_gpio.h **** #include "cy_syslib.h"
 168:Generated_Source\PSoC6\pdl\drivers/peripheral/gpio/cy_gpio.h **** 
 169:Generated_Source\PSoC6\pdl\drivers/peripheral/gpio/cy_gpio.h **** #if defined(__cplusplus)
 170:Generated_Source\PSoC6\pdl\drivers/peripheral/gpio/cy_gpio.h **** extern "C" {
 171:Generated_Source\PSoC6\pdl\drivers/peripheral/gpio/cy_gpio.h **** #endif
 172:Generated_Source\PSoC6\pdl\drivers/peripheral/gpio/cy_gpio.h **** 
 173:Generated_Source\PSoC6\pdl\drivers/peripheral/gpio/cy_gpio.h **** /** \addtogroup group_gpio_macros
 174:Generated_Source\PSoC6\pdl\drivers/peripheral/gpio/cy_gpio.h **** * \{
 175:Generated_Source\PSoC6\pdl\drivers/peripheral/gpio/cy_gpio.h **** */
 176:Generated_Source\PSoC6\pdl\drivers/peripheral/gpio/cy_gpio.h **** 
 177:Generated_Source\PSoC6\pdl\drivers/peripheral/gpio/cy_gpio.h **** /** Driver major version */
 178:Generated_Source\PSoC6\pdl\drivers/peripheral/gpio/cy_gpio.h **** #define CY_GPIO_DRV_VERSION_MAJOR       1
 179:Generated_Source\PSoC6\pdl\drivers/peripheral/gpio/cy_gpio.h **** 
 180:Generated_Source\PSoC6\pdl\drivers/peripheral/gpio/cy_gpio.h **** /** Driver minor version */
 181:Generated_Source\PSoC6\pdl\drivers/peripheral/gpio/cy_gpio.h **** #define CY_GPIO_DRV_VERSION_MINOR       20
 182:Generated_Source\PSoC6\pdl\drivers/peripheral/gpio/cy_gpio.h **** 
 183:Generated_Source\PSoC6\pdl\drivers/peripheral/gpio/cy_gpio.h **** /** GPIO driver ID */
 184:Generated_Source\PSoC6\pdl\drivers/peripheral/gpio/cy_gpio.h **** #define CY_GPIO_ID CY_PDL_DRV_ID(0x16U)
 185:Generated_Source\PSoC6\pdl\drivers/peripheral/gpio/cy_gpio.h **** 
ARM GAS  C:\Users\Finik\AppData\Local\Temp\ccY85NDM.s 			page 94


 186:Generated_Source\PSoC6\pdl\drivers/peripheral/gpio/cy_gpio.h **** /** \} group_gpio_macros */
 187:Generated_Source\PSoC6\pdl\drivers/peripheral/gpio/cy_gpio.h **** 
 188:Generated_Source\PSoC6\pdl\drivers/peripheral/gpio/cy_gpio.h **** 
 189:Generated_Source\PSoC6\pdl\drivers/peripheral/gpio/cy_gpio.h **** /***************************************
 190:Generated_Source\PSoC6\pdl\drivers/peripheral/gpio/cy_gpio.h **** *       Enumerations
 191:Generated_Source\PSoC6\pdl\drivers/peripheral/gpio/cy_gpio.h **** ***************************************/
 192:Generated_Source\PSoC6\pdl\drivers/peripheral/gpio/cy_gpio.h **** /**
 193:Generated_Source\PSoC6\pdl\drivers/peripheral/gpio/cy_gpio.h **** * \addtogroup group_gpio_enums
 194:Generated_Source\PSoC6\pdl\drivers/peripheral/gpio/cy_gpio.h **** * \{
 195:Generated_Source\PSoC6\pdl\drivers/peripheral/gpio/cy_gpio.h **** */
 196:Generated_Source\PSoC6\pdl\drivers/peripheral/gpio/cy_gpio.h **** 
 197:Generated_Source\PSoC6\pdl\drivers/peripheral/gpio/cy_gpio.h **** /** GPIO Driver error codes */
 198:Generated_Source\PSoC6\pdl\drivers/peripheral/gpio/cy_gpio.h **** typedef enum 
 199:Generated_Source\PSoC6\pdl\drivers/peripheral/gpio/cy_gpio.h **** {
 200:Generated_Source\PSoC6\pdl\drivers/peripheral/gpio/cy_gpio.h ****     CY_GPIO_SUCCESS   = 0x00U,                                    /**< Returned successful */
 201:Generated_Source\PSoC6\pdl\drivers/peripheral/gpio/cy_gpio.h ****     CY_GPIO_BAD_PARAM = CY_GPIO_ID | CY_PDL_STATUS_ERROR | 0x01U, /**< Bad parameter was passed */
 202:Generated_Source\PSoC6\pdl\drivers/peripheral/gpio/cy_gpio.h **** } cy_en_gpio_status_t;
 203:Generated_Source\PSoC6\pdl\drivers/peripheral/gpio/cy_gpio.h **** 
 204:Generated_Source\PSoC6\pdl\drivers/peripheral/gpio/cy_gpio.h **** /** AMux switch open/close config */
 205:Generated_Source\PSoC6\pdl\drivers/peripheral/gpio/cy_gpio.h **** typedef enum
 206:Generated_Source\PSoC6\pdl\drivers/peripheral/gpio/cy_gpio.h **** {
 207:Generated_Source\PSoC6\pdl\drivers/peripheral/gpio/cy_gpio.h ****     CY_GPIO_AMUX_OPENALL,   /**< Open ground switch. Open right switch. Open left switch */
 208:Generated_Source\PSoC6\pdl\drivers/peripheral/gpio/cy_gpio.h ****     CY_GPIO_AMUX_L,         /**< Open ground switch. Open right switch. Close left switch */
 209:Generated_Source\PSoC6\pdl\drivers/peripheral/gpio/cy_gpio.h ****     CY_GPIO_AMUX_R,         /**< Open ground switch. Close right switch. Open left switch */
 210:Generated_Source\PSoC6\pdl\drivers/peripheral/gpio/cy_gpio.h ****     CY_GPIO_AMUX_LR,        /**< Open ground switch. Close right switch. Close left switch */
 211:Generated_Source\PSoC6\pdl\drivers/peripheral/gpio/cy_gpio.h ****     CY_GPIO_AMUX_G,         /**< Close ground switch. Open right switch. Open left switch */
 212:Generated_Source\PSoC6\pdl\drivers/peripheral/gpio/cy_gpio.h ****     CY_GPIO_AMUX_GL,        /**< Close ground switch. Open right switch. Close left switch */
 213:Generated_Source\PSoC6\pdl\drivers/peripheral/gpio/cy_gpio.h ****     CY_GPIO_AMUX_GR,        /**< Close ground switch. Close right switch. Open left switch */
 214:Generated_Source\PSoC6\pdl\drivers/peripheral/gpio/cy_gpio.h ****     CY_GPIO_AMUX_GLR,       /**< Close ground switch. Close right switch. Close left switch */
 215:Generated_Source\PSoC6\pdl\drivers/peripheral/gpio/cy_gpio.h **** }cy_en_gpio_amuxconnect_t;
 216:Generated_Source\PSoC6\pdl\drivers/peripheral/gpio/cy_gpio.h **** 
 217:Generated_Source\PSoC6\pdl\drivers/peripheral/gpio/cy_gpio.h **** /**
 218:Generated_Source\PSoC6\pdl\drivers/peripheral/gpio/cy_gpio.h **** * AMux Bus selection
 219:Generated_Source\PSoC6\pdl\drivers/peripheral/gpio/cy_gpio.h **** */
 220:Generated_Source\PSoC6\pdl\drivers/peripheral/gpio/cy_gpio.h **** typedef enum
 221:Generated_Source\PSoC6\pdl\drivers/peripheral/gpio/cy_gpio.h **** {
 222:Generated_Source\PSoC6\pdl\drivers/peripheral/gpio/cy_gpio.h ****     CY_GPIO_AMUXBUSA,       /**< AMuxBus A */
 223:Generated_Source\PSoC6\pdl\drivers/peripheral/gpio/cy_gpio.h ****     CY_GPIO_AMUXBUSB        /**< AMuxBus B */
 224:Generated_Source\PSoC6\pdl\drivers/peripheral/gpio/cy_gpio.h **** }cy_en_gpio_amuxselect_t;
 225:Generated_Source\PSoC6\pdl\drivers/peripheral/gpio/cy_gpio.h **** 
 226:Generated_Source\PSoC6\pdl\drivers/peripheral/gpio/cy_gpio.h **** /** \} group_gpio_enums */
 227:Generated_Source\PSoC6\pdl\drivers/peripheral/gpio/cy_gpio.h **** 
 228:Generated_Source\PSoC6\pdl\drivers/peripheral/gpio/cy_gpio.h **** 
 229:Generated_Source\PSoC6\pdl\drivers/peripheral/gpio/cy_gpio.h **** /***************************************
 230:Generated_Source\PSoC6\pdl\drivers/peripheral/gpio/cy_gpio.h **** *       Configuration Structures
 231:Generated_Source\PSoC6\pdl\drivers/peripheral/gpio/cy_gpio.h **** ***************************************/
 232:Generated_Source\PSoC6\pdl\drivers/peripheral/gpio/cy_gpio.h **** 
 233:Generated_Source\PSoC6\pdl\drivers/peripheral/gpio/cy_gpio.h **** /**
 234:Generated_Source\PSoC6\pdl\drivers/peripheral/gpio/cy_gpio.h **** * \addtogroup group_gpio_data_structures
 235:Generated_Source\PSoC6\pdl\drivers/peripheral/gpio/cy_gpio.h **** * \{
 236:Generated_Source\PSoC6\pdl\drivers/peripheral/gpio/cy_gpio.h **** */
 237:Generated_Source\PSoC6\pdl\drivers/peripheral/gpio/cy_gpio.h **** 
 238:Generated_Source\PSoC6\pdl\drivers/peripheral/gpio/cy_gpio.h **** /** This structure is used to initialize a port of GPIO pins */
 239:Generated_Source\PSoC6\pdl\drivers/peripheral/gpio/cy_gpio.h **** typedef struct 
 240:Generated_Source\PSoC6\pdl\drivers/peripheral/gpio/cy_gpio.h **** {
 241:Generated_Source\PSoC6\pdl\drivers/peripheral/gpio/cy_gpio.h ****     uint32_t out;           /**< Initial output data for the IO pins in the port */
 242:Generated_Source\PSoC6\pdl\drivers/peripheral/gpio/cy_gpio.h ****     uint32_t intrMask;      /**< Interrupt enable mask for the port interrupt */
ARM GAS  C:\Users\Finik\AppData\Local\Temp\ccY85NDM.s 			page 95


 243:Generated_Source\PSoC6\pdl\drivers/peripheral/gpio/cy_gpio.h ****     uint32_t intrCfg;       /**< Port pin interrupt edge detection configuration */
 244:Generated_Source\PSoC6\pdl\drivers/peripheral/gpio/cy_gpio.h ****     uint32_t cfg;           /**< Port pin drive modes and input buffer enable configuration */
 245:Generated_Source\PSoC6\pdl\drivers/peripheral/gpio/cy_gpio.h ****     uint32_t cfgIn;         /**< Port pin input buffer configuration */
 246:Generated_Source\PSoC6\pdl\drivers/peripheral/gpio/cy_gpio.h ****     uint32_t cfgOut;        /**< Port pin output buffer configuration */
 247:Generated_Source\PSoC6\pdl\drivers/peripheral/gpio/cy_gpio.h ****     uint32_t cfgSIO;        /**< Port SIO pins configuration */
 248:Generated_Source\PSoC6\pdl\drivers/peripheral/gpio/cy_gpio.h ****     uint32_t sel0Active;    /**< HSIOM selection for port pins 0,1,2,3 */
 249:Generated_Source\PSoC6\pdl\drivers/peripheral/gpio/cy_gpio.h ****     uint32_t sel1Active;    /**< HSIOM selection for port pins 4,5,6,7 */
 250:Generated_Source\PSoC6\pdl\drivers/peripheral/gpio/cy_gpio.h **** } cy_stc_gpio_prt_config_t;
 251:Generated_Source\PSoC6\pdl\drivers/peripheral/gpio/cy_gpio.h **** 
 252:Generated_Source\PSoC6\pdl\drivers/peripheral/gpio/cy_gpio.h **** /** This structure is used to initialize a single GPIO pin */
 253:Generated_Source\PSoC6\pdl\drivers/peripheral/gpio/cy_gpio.h **** typedef struct
 254:Generated_Source\PSoC6\pdl\drivers/peripheral/gpio/cy_gpio.h **** {
 255:Generated_Source\PSoC6\pdl\drivers/peripheral/gpio/cy_gpio.h ****     uint32_t outVal;         /**< Pin output state */
 256:Generated_Source\PSoC6\pdl\drivers/peripheral/gpio/cy_gpio.h ****     uint32_t driveMode;      /**< Drive mode */
 257:Generated_Source\PSoC6\pdl\drivers/peripheral/gpio/cy_gpio.h ****     en_hsiom_sel_t hsiom;    /**< HSIOM selection */
 258:Generated_Source\PSoC6\pdl\drivers/peripheral/gpio/cy_gpio.h ****     uint32_t intEdge;        /**< Interrupt Edge type */
 259:Generated_Source\PSoC6\pdl\drivers/peripheral/gpio/cy_gpio.h ****     uint32_t intMask;        /**< Interrupt enable mask */
 260:Generated_Source\PSoC6\pdl\drivers/peripheral/gpio/cy_gpio.h ****     uint32_t vtrip;          /**< Input buffer voltage trip type */
 261:Generated_Source\PSoC6\pdl\drivers/peripheral/gpio/cy_gpio.h ****     uint32_t slewRate;       /**< Output buffer slew rate */
 262:Generated_Source\PSoC6\pdl\drivers/peripheral/gpio/cy_gpio.h ****     uint32_t driveSel;       /**< Drive strength */
 263:Generated_Source\PSoC6\pdl\drivers/peripheral/gpio/cy_gpio.h ****     uint32_t vregEn;         /**< SIO pair output buffer mode */
 264:Generated_Source\PSoC6\pdl\drivers/peripheral/gpio/cy_gpio.h ****     uint32_t ibufMode;       /**< SIO pair input buffer mode */
 265:Generated_Source\PSoC6\pdl\drivers/peripheral/gpio/cy_gpio.h ****     uint32_t vtripSel;       /**< SIO pair input buffer trip point */
 266:Generated_Source\PSoC6\pdl\drivers/peripheral/gpio/cy_gpio.h ****     uint32_t vrefSel;        /**< SIO pair reference voltage for input buffer trip point */
 267:Generated_Source\PSoC6\pdl\drivers/peripheral/gpio/cy_gpio.h ****     uint32_t vohSel;         /**< SIO pair regulated voltage output level */
 268:Generated_Source\PSoC6\pdl\drivers/peripheral/gpio/cy_gpio.h **** } cy_stc_gpio_pin_config_t;
 269:Generated_Source\PSoC6\pdl\drivers/peripheral/gpio/cy_gpio.h **** 
 270:Generated_Source\PSoC6\pdl\drivers/peripheral/gpio/cy_gpio.h **** /** \} group_gpio_data_structures */
 271:Generated_Source\PSoC6\pdl\drivers/peripheral/gpio/cy_gpio.h **** 
 272:Generated_Source\PSoC6\pdl\drivers/peripheral/gpio/cy_gpio.h **** /***************************************
 273:Generated_Source\PSoC6\pdl\drivers/peripheral/gpio/cy_gpio.h **** *        Constants
 274:Generated_Source\PSoC6\pdl\drivers/peripheral/gpio/cy_gpio.h **** ***************************************/
 275:Generated_Source\PSoC6\pdl\drivers/peripheral/gpio/cy_gpio.h **** 
 276:Generated_Source\PSoC6\pdl\drivers/peripheral/gpio/cy_gpio.h **** /** \cond INTERNAL */
 277:Generated_Source\PSoC6\pdl\drivers/peripheral/gpio/cy_gpio.h **** 
 278:Generated_Source\PSoC6\pdl\drivers/peripheral/gpio/cy_gpio.h **** /* General Constants */
 279:Generated_Source\PSoC6\pdl\drivers/peripheral/gpio/cy_gpio.h **** #define CY_GPIO_PRT_HALF                       (4UL)      /**< Half-way point of a GPIO port */
 280:Generated_Source\PSoC6\pdl\drivers/peripheral/gpio/cy_gpio.h **** #define CY_GPIO_PRT_DEINIT                     (0UL)      /**< De-init value for port registers */
 281:Generated_Source\PSoC6\pdl\drivers/peripheral/gpio/cy_gpio.h **** 
 282:Generated_Source\PSoC6\pdl\drivers/peripheral/gpio/cy_gpio.h **** /* GPIO Masks */
 283:Generated_Source\PSoC6\pdl\drivers/peripheral/gpio/cy_gpio.h **** #define CY_GPIO_HSIOM_MASK                     (0x1FUL)   /**< HSIOM selection mask */
 284:Generated_Source\PSoC6\pdl\drivers/peripheral/gpio/cy_gpio.h **** #define CY_GPIO_OUT_MASK                       (0x01UL)   /**< Single pin mask for OUT register */
 285:Generated_Source\PSoC6\pdl\drivers/peripheral/gpio/cy_gpio.h **** #define CY_GPIO_IN_MASK                        (0x01UL)   /**< Single pin mask for IN register */
 286:Generated_Source\PSoC6\pdl\drivers/peripheral/gpio/cy_gpio.h **** #define CY_GPIO_CFG_DM_MASK                    (0x0FUL)   /**< Single pin mask for drive mode in CF
 287:Generated_Source\PSoC6\pdl\drivers/peripheral/gpio/cy_gpio.h **** #define CY_GPIO_CFG_IN_VTRIP_SEL_MASK          (0x01UL)   /**< Single pin mask for VTRIP selection 
 288:Generated_Source\PSoC6\pdl\drivers/peripheral/gpio/cy_gpio.h **** #define CY_GPIO_CFG_OUT_SLOW_MASK              (0x01UL)   /**< Single pin mask for slew rate in CFG
 289:Generated_Source\PSoC6\pdl\drivers/peripheral/gpio/cy_gpio.h **** #define CY_GPIO_CFG_OUT_DRIVE_SEL_MASK         (0x03UL)   /**< Single pin mask for drive strength i
 290:Generated_Source\PSoC6\pdl\drivers/peripheral/gpio/cy_gpio.h **** #define CY_GPIO_INTR_STATUS_MASK               (0x01UL)   /**< Single pin mask for interrupt status
 291:Generated_Source\PSoC6\pdl\drivers/peripheral/gpio/cy_gpio.h **** #define CY_GPIO_INTR_EN_MASK                   (0x01UL)   /**< Single pin mask for interrupt status
 292:Generated_Source\PSoC6\pdl\drivers/peripheral/gpio/cy_gpio.h **** #define CY_GPIO_INTR_MASKED_MASK               (0x01UL)   /**< Single pin mask for masked interrupt
 293:Generated_Source\PSoC6\pdl\drivers/peripheral/gpio/cy_gpio.h **** #define CY_GPIO_INTR_SET_MASK                  (0x01UL)   /**< Single pin mask for setting the inte
 294:Generated_Source\PSoC6\pdl\drivers/peripheral/gpio/cy_gpio.h **** #define CY_GPIO_INTR_EDGE_MASK                 (0x03UL)   /**< Single pin mask for interrupt edge t
 295:Generated_Source\PSoC6\pdl\drivers/peripheral/gpio/cy_gpio.h **** #define CY_GPIO_INTR_FLT_EDGE_MASK             (0x07UL)   /**< Single pin mask for setting filtered
 296:Generated_Source\PSoC6\pdl\drivers/peripheral/gpio/cy_gpio.h **** 
 297:Generated_Source\PSoC6\pdl\drivers/peripheral/gpio/cy_gpio.h **** /* SIO Masks */
 298:Generated_Source\PSoC6\pdl\drivers/peripheral/gpio/cy_gpio.h **** #define CY_GPIO_VREG_EN_MASK                   (0x01UL)   /**< Single SIO pin mask for voltage regu
 299:Generated_Source\PSoC6\pdl\drivers/peripheral/gpio/cy_gpio.h **** #define CY_GPIO_IBUF_MASK                      (0x01UL)   /**< Single SIO pin mask for input buffer
ARM GAS  C:\Users\Finik\AppData\Local\Temp\ccY85NDM.s 			page 96


 300:Generated_Source\PSoC6\pdl\drivers/peripheral/gpio/cy_gpio.h **** #define CY_GPIO_IBUF_SHIFT                     (0x01UL)   /**< Single SIO pin shift for input buffe
 301:Generated_Source\PSoC6\pdl\drivers/peripheral/gpio/cy_gpio.h **** #define CY_GPIO_VTRIP_SEL_MASK                 (0x01UL)   /**< Single SIO pin mask for the input bu
 302:Generated_Source\PSoC6\pdl\drivers/peripheral/gpio/cy_gpio.h **** #define CY_GPIO_VTRIP_SEL_SHIFT                (0x02UL)   /**< Single SIO pin shift for the input b
 303:Generated_Source\PSoC6\pdl\drivers/peripheral/gpio/cy_gpio.h **** #define CY_GPIO_VREF_SEL_MASK                  (0x03UL)   /**< Single SIO pin mask for voltage refe
 304:Generated_Source\PSoC6\pdl\drivers/peripheral/gpio/cy_gpio.h **** #define CY_GPIO_VREF_SEL_SHIFT                 (0x03UL)   /**< Single SIO pin shift for voltage ref
 305:Generated_Source\PSoC6\pdl\drivers/peripheral/gpio/cy_gpio.h **** #define CY_GPIO_VOH_SEL_MASK                   (0x07UL)   /**< Single SIO pin mask for VOH */
 306:Generated_Source\PSoC6\pdl\drivers/peripheral/gpio/cy_gpio.h **** #define CY_GPIO_VOH_SEL_SHIFT                  (0x05UL)   /**< Single SIO pin shift for VOH */
 307:Generated_Source\PSoC6\pdl\drivers/peripheral/gpio/cy_gpio.h **** 
 308:Generated_Source\PSoC6\pdl\drivers/peripheral/gpio/cy_gpio.h **** /* Special mask for SIO pin pair setting */
 309:Generated_Source\PSoC6\pdl\drivers/peripheral/gpio/cy_gpio.h **** #define CY_GPIO_SIO_ODD_PIN_MASK               (0x00FEUL) /**< SIO pin pair selection mask */
 310:Generated_Source\PSoC6\pdl\drivers/peripheral/gpio/cy_gpio.h **** #define CY_GPIO_SIO_PIN_MASK                   (0x00FFUL) /**< SIO pin pair mask */
 311:Generated_Source\PSoC6\pdl\drivers/peripheral/gpio/cy_gpio.h **** 
 312:Generated_Source\PSoC6\pdl\drivers/peripheral/gpio/cy_gpio.h **** /* Offsets */
 313:Generated_Source\PSoC6\pdl\drivers/peripheral/gpio/cy_gpio.h **** #define CY_GPIO_HSIOM_OFFSET                   (3UL)      /**< Offset for HSIOM */
 314:Generated_Source\PSoC6\pdl\drivers/peripheral/gpio/cy_gpio.h **** #define CY_GPIO_DRIVE_MODE_OFFSET              (2UL)      /**< Offset for Drive mode */
 315:Generated_Source\PSoC6\pdl\drivers/peripheral/gpio/cy_gpio.h **** #define CY_GPIO_INBUF_OFFSET                   (3UL)      /**< Offset for input buffer */
 316:Generated_Source\PSoC6\pdl\drivers/peripheral/gpio/cy_gpio.h **** #define CY_GPIO_CFG_OUT_DRIVE_OFFSET           (16UL)     /**< Offset for drive strength */
 317:Generated_Source\PSoC6\pdl\drivers/peripheral/gpio/cy_gpio.h **** #define CY_GPIO_INTR_CFG_OFFSET                (1UL)      /**< Offset for interrupt config */
 318:Generated_Source\PSoC6\pdl\drivers/peripheral/gpio/cy_gpio.h **** #define CY_GPIO_INTR_FILT_OFFSET               (18UL)     /**< Offset for filtered interrupt config
 319:Generated_Source\PSoC6\pdl\drivers/peripheral/gpio/cy_gpio.h **** #define CY_GPIO_CFG_SIO_OFFSET                 (2UL)      /**< Offset for SIO config */
 320:Generated_Source\PSoC6\pdl\drivers/peripheral/gpio/cy_gpio.h **** 
 321:Generated_Source\PSoC6\pdl\drivers/peripheral/gpio/cy_gpio.h **** /* Parameter validation constants */
 322:Generated_Source\PSoC6\pdl\drivers/peripheral/gpio/cy_gpio.h **** #define CY_GPIO_PINS_MAX                       (8UL)      /**< Number of pins in the port */
 323:Generated_Source\PSoC6\pdl\drivers/peripheral/gpio/cy_gpio.h **** #define CY_GPIO_PRT_PINS_MASK                  (0x0000000FFUL)
 324:Generated_Source\PSoC6\pdl\drivers/peripheral/gpio/cy_gpio.h **** #define CY_GPIO_PRT_INTR_CFG_EDGE_SEL_MASK     (GPIO_PRT_INTR_CFG_EDGE0_SEL_Msk | \
 325:Generated_Source\PSoC6\pdl\drivers/peripheral/gpio/cy_gpio.h ****                                                 GPIO_PRT_INTR_CFG_EDGE1_SEL_Msk | \
 326:Generated_Source\PSoC6\pdl\drivers/peripheral/gpio/cy_gpio.h ****                                                 GPIO_PRT_INTR_CFG_EDGE2_SEL_Msk | \
 327:Generated_Source\PSoC6\pdl\drivers/peripheral/gpio/cy_gpio.h ****                                                 GPIO_PRT_INTR_CFG_EDGE3_SEL_Msk | \
 328:Generated_Source\PSoC6\pdl\drivers/peripheral/gpio/cy_gpio.h ****                                                 GPIO_PRT_INTR_CFG_EDGE4_SEL_Msk | \
 329:Generated_Source\PSoC6\pdl\drivers/peripheral/gpio/cy_gpio.h ****                                                 GPIO_PRT_INTR_CFG_EDGE5_SEL_Msk | \
 330:Generated_Source\PSoC6\pdl\drivers/peripheral/gpio/cy_gpio.h ****                                                 GPIO_PRT_INTR_CFG_EDGE6_SEL_Msk | \
 331:Generated_Source\PSoC6\pdl\drivers/peripheral/gpio/cy_gpio.h ****                                                 GPIO_PRT_INTR_CFG_EDGE7_SEL_Msk)
 332:Generated_Source\PSoC6\pdl\drivers/peripheral/gpio/cy_gpio.h **** #define CY_GPIO_PRT_INTR_CFG_RANGE_MASK        (CY_GPIO_PRT_INTR_CFG_EDGE_SEL_MASK | \
 333:Generated_Source\PSoC6\pdl\drivers/peripheral/gpio/cy_gpio.h ****                                                 GPIO_PRT_INTR_CFG_FLT_EDGE_SEL_Msk | \
 334:Generated_Source\PSoC6\pdl\drivers/peripheral/gpio/cy_gpio.h ****                                                 GPIO_PRT_INTR_CFG_FLT_SEL_Msk)
 335:Generated_Source\PSoC6\pdl\drivers/peripheral/gpio/cy_gpio.h **** #define CY_GPIO_PRT_INT_MASK_MASK              (0x0000001FFUL)
 336:Generated_Source\PSoC6\pdl\drivers/peripheral/gpio/cy_gpio.h **** #define CY_GPIO_PRT_SEL_ACTIVE_MASK            (0x1FFFFFFFUL)
 337:Generated_Source\PSoC6\pdl\drivers/peripheral/gpio/cy_gpio.h **** 
 338:Generated_Source\PSoC6\pdl\drivers/peripheral/gpio/cy_gpio.h **** #define GPIO_MAX_SPLIT_CELL_SEGMENTS           (9U)
 339:Generated_Source\PSoC6\pdl\drivers/peripheral/gpio/cy_gpio.h **** 
 340:Generated_Source\PSoC6\pdl\drivers/peripheral/gpio/cy_gpio.h **** /* Parameter validation macros */
 341:Generated_Source\PSoC6\pdl\drivers/peripheral/gpio/cy_gpio.h **** #define CY_GPIO_IS_PIN_VALID(pinNum)           (CY_GPIO_PINS_MAX > (pinNum))
 342:Generated_Source\PSoC6\pdl\drivers/peripheral/gpio/cy_gpio.h **** #define CY_GPIO_IS_FILTER_PIN_VALID(pinNum)    (CY_GPIO_PINS_MAX >= (pinNum))
 343:Generated_Source\PSoC6\pdl\drivers/peripheral/gpio/cy_gpio.h **** #define CY_GPIO_IS_VALUE_VALID(outVal)         (1UL >= (outVal))
 344:Generated_Source\PSoC6\pdl\drivers/peripheral/gpio/cy_gpio.h **** #define CY_GPIO_IS_DM_VALID(driveMode)         (0U == ((driveMode) & (uint32_t)~CY_GPIO_CFG_DM_MASK
 345:Generated_Source\PSoC6\pdl\drivers/peripheral/gpio/cy_gpio.h **** 
 346:Generated_Source\PSoC6\pdl\drivers/peripheral/gpio/cy_gpio.h **** #define CY_GPIO_IS_HSIOM_VALID(hsiom)          (0U == ((hsiom) & (uint32_t)~CY_GPIO_HSIOM_MASK))
 347:Generated_Source\PSoC6\pdl\drivers/peripheral/gpio/cy_gpio.h **** 
 348:Generated_Source\PSoC6\pdl\drivers/peripheral/gpio/cy_gpio.h **** #define CY_GPIO_IS_INT_EDGE_VALID(intEdge)     ((CY_GPIO_INTR_DISABLE  == (intEdge)) || \
 349:Generated_Source\PSoC6\pdl\drivers/peripheral/gpio/cy_gpio.h ****                                                 (CY_GPIO_INTR_RISING   == (intEdge)) || \
 350:Generated_Source\PSoC6\pdl\drivers/peripheral/gpio/cy_gpio.h ****                                                 (CY_GPIO_INTR_FALLING  == (intEdge)) || \
 351:Generated_Source\PSoC6\pdl\drivers/peripheral/gpio/cy_gpio.h ****                                                 (CY_GPIO_INTR_BOTH     == (intEdge)))
 352:Generated_Source\PSoC6\pdl\drivers/peripheral/gpio/cy_gpio.h **** 
 353:Generated_Source\PSoC6\pdl\drivers/peripheral/gpio/cy_gpio.h **** #define CY_GPIO_IS_DRIVE_SEL_VALID(driveSel)   ((CY_GPIO_DRIVE_FULL    == (driveSel)) || \
 354:Generated_Source\PSoC6\pdl\drivers/peripheral/gpio/cy_gpio.h ****                                                 (CY_GPIO_DRIVE_1_2     == (driveSel)) || \
 355:Generated_Source\PSoC6\pdl\drivers/peripheral/gpio/cy_gpio.h ****                                                 (CY_GPIO_DRIVE_1_4     == (driveSel)) || \
 356:Generated_Source\PSoC6\pdl\drivers/peripheral/gpio/cy_gpio.h ****                                                 (CY_GPIO_DRIVE_1_8     == (driveSel)))
ARM GAS  C:\Users\Finik\AppData\Local\Temp\ccY85NDM.s 			page 97


 357:Generated_Source\PSoC6\pdl\drivers/peripheral/gpio/cy_gpio.h **** 
 358:Generated_Source\PSoC6\pdl\drivers/peripheral/gpio/cy_gpio.h **** #define CY_GPIO_IS_VREF_SEL_VALID(vrefSel)     ((CY_SIO_VREF_PINREF    == (vrefSel)) || \
 359:Generated_Source\PSoC6\pdl\drivers/peripheral/gpio/cy_gpio.h ****                                                 (CY_SIO_VREF_1_2V      == (vrefSel)) || \
 360:Generated_Source\PSoC6\pdl\drivers/peripheral/gpio/cy_gpio.h ****                                                 (CY_SIO_VREF_AMUX_A    == (vrefSel)) || \
 361:Generated_Source\PSoC6\pdl\drivers/peripheral/gpio/cy_gpio.h ****                                                 (CY_SIO_VREF_AMUX_B    == (vrefSel)))
 362:Generated_Source\PSoC6\pdl\drivers/peripheral/gpio/cy_gpio.h **** 
 363:Generated_Source\PSoC6\pdl\drivers/peripheral/gpio/cy_gpio.h **** #define CY_GPIO_IS_VOH_SEL_VALID(vrefSel)      ((CY_SIO_VOH_1_00       == (vrefSel)) || \
 364:Generated_Source\PSoC6\pdl\drivers/peripheral/gpio/cy_gpio.h ****                                                 (CY_SIO_VOH_1_25       == (vrefSel)) || \
 365:Generated_Source\PSoC6\pdl\drivers/peripheral/gpio/cy_gpio.h ****                                                 (CY_SIO_VOH_1_49       == (vrefSel)) || \
 366:Generated_Source\PSoC6\pdl\drivers/peripheral/gpio/cy_gpio.h ****                                                 (CY_SIO_VOH_1_67       == (vrefSel)) || \
 367:Generated_Source\PSoC6\pdl\drivers/peripheral/gpio/cy_gpio.h ****                                                 (CY_SIO_VOH_2_08       == (vrefSel)) || \
 368:Generated_Source\PSoC6\pdl\drivers/peripheral/gpio/cy_gpio.h ****                                                 (CY_SIO_VOH_2_50       == (vrefSel)) || \
 369:Generated_Source\PSoC6\pdl\drivers/peripheral/gpio/cy_gpio.h ****                                                 (CY_SIO_VOH_2_78       == (vrefSel)) || \
 370:Generated_Source\PSoC6\pdl\drivers/peripheral/gpio/cy_gpio.h ****                                                 (CY_SIO_VOH_4_16       == (vrefSel)))
 371:Generated_Source\PSoC6\pdl\drivers/peripheral/gpio/cy_gpio.h ****                    
 372:Generated_Source\PSoC6\pdl\drivers/peripheral/gpio/cy_gpio.h **** #define CY_GPIO_IS_PIN_BIT_VALID(pinBit)       (0U == ((pinBit) & (uint32_t)~CY_GPIO_PRT_PINS_MASK)
 373:Generated_Source\PSoC6\pdl\drivers/peripheral/gpio/cy_gpio.h **** #define CY_GPIO_IS_INTR_CFG_VALID(intrCfg)     (0U == ((intrCfg) & (uint32_t)~CY_GPIO_PRT_INTR_CFG_
 374:Generated_Source\PSoC6\pdl\drivers/peripheral/gpio/cy_gpio.h **** #define CY_GPIO_IS_INTR_MASK_VALID(intrMask)   (0U == ((intrMask) & (uint32_t)~CY_GPIO_PRT_INT_MASK
 375:Generated_Source\PSoC6\pdl\drivers/peripheral/gpio/cy_gpio.h **** #define CY_GPIO_IS_SEL_ACT_VALID(selActive)    (0U == ((selActive) & (uint32_t)~CY_GPIO_PRT_SEL_ACT
 376:Generated_Source\PSoC6\pdl\drivers/peripheral/gpio/cy_gpio.h **** 
 377:Generated_Source\PSoC6\pdl\drivers/peripheral/gpio/cy_gpio.h **** #define CY_GPIO_IS_AMUX_SPLIT_VALID(switchCtrl)       (((uint32_t) (switchCtrl)) < GPIO_MAX_SPLIT_C
 378:Generated_Source\PSoC6\pdl\drivers/peripheral/gpio/cy_gpio.h **** 
 379:Generated_Source\PSoC6\pdl\drivers/peripheral/gpio/cy_gpio.h **** #define CY_GPIO_IS_AMUX_CONNECT_VALID(amuxConnect)    ((CY_GPIO_AMUX_OPENALL == (amuxConnect)) || \
 380:Generated_Source\PSoC6\pdl\drivers/peripheral/gpio/cy_gpio.h ****                                                        (CY_GPIO_AMUX_L       == (amuxConnect)) || \
 381:Generated_Source\PSoC6\pdl\drivers/peripheral/gpio/cy_gpio.h ****                                                        (CY_GPIO_AMUX_R       == (amuxConnect)) || \
 382:Generated_Source\PSoC6\pdl\drivers/peripheral/gpio/cy_gpio.h ****                                                        (CY_GPIO_AMUX_LR      == (amuxConnect)) || \
 383:Generated_Source\PSoC6\pdl\drivers/peripheral/gpio/cy_gpio.h ****                                                        (CY_GPIO_AMUX_G       == (amuxConnect)) || \
 384:Generated_Source\PSoC6\pdl\drivers/peripheral/gpio/cy_gpio.h ****                                                        (CY_GPIO_AMUX_GL      == (amuxConnect)) || \
 385:Generated_Source\PSoC6\pdl\drivers/peripheral/gpio/cy_gpio.h ****                                                        (CY_GPIO_AMUX_GR      == (amuxConnect)) || \
 386:Generated_Source\PSoC6\pdl\drivers/peripheral/gpio/cy_gpio.h ****                                                        (CY_GPIO_AMUX_GLR     == (amuxConnect)))
 387:Generated_Source\PSoC6\pdl\drivers/peripheral/gpio/cy_gpio.h **** 
 388:Generated_Source\PSoC6\pdl\drivers/peripheral/gpio/cy_gpio.h **** #define CY_GPIO_IS_AMUX_SELECT_VALID(amuxBus)       ((CY_GPIO_AMUXBUSA       == (amuxBus)) || \
 389:Generated_Source\PSoC6\pdl\drivers/peripheral/gpio/cy_gpio.h ****                                                      (CY_GPIO_AMUXBUSB       == (amuxBus)))
 390:Generated_Source\PSoC6\pdl\drivers/peripheral/gpio/cy_gpio.h **** /** \endcond */
 391:Generated_Source\PSoC6\pdl\drivers/peripheral/gpio/cy_gpio.h **** 
 392:Generated_Source\PSoC6\pdl\drivers/peripheral/gpio/cy_gpio.h **** 
 393:Generated_Source\PSoC6\pdl\drivers/peripheral/gpio/cy_gpio.h **** /***************************************
 394:Generated_Source\PSoC6\pdl\drivers/peripheral/gpio/cy_gpio.h **** *        Function Constants
 395:Generated_Source\PSoC6\pdl\drivers/peripheral/gpio/cy_gpio.h **** ***************************************/
 396:Generated_Source\PSoC6\pdl\drivers/peripheral/gpio/cy_gpio.h **** 
 397:Generated_Source\PSoC6\pdl\drivers/peripheral/gpio/cy_gpio.h **** /**
 398:Generated_Source\PSoC6\pdl\drivers/peripheral/gpio/cy_gpio.h **** * \addtogroup group_gpio_macros
 399:Generated_Source\PSoC6\pdl\drivers/peripheral/gpio/cy_gpio.h **** * \{
 400:Generated_Source\PSoC6\pdl\drivers/peripheral/gpio/cy_gpio.h **** */
 401:Generated_Source\PSoC6\pdl\drivers/peripheral/gpio/cy_gpio.h **** 
 402:Generated_Source\PSoC6\pdl\drivers/peripheral/gpio/cy_gpio.h **** /**
 403:Generated_Source\PSoC6\pdl\drivers/peripheral/gpio/cy_gpio.h **** * \defgroup group_gpio_driveModes Pin drive mode
 404:Generated_Source\PSoC6\pdl\drivers/peripheral/gpio/cy_gpio.h **** * \{
 405:Generated_Source\PSoC6\pdl\drivers/peripheral/gpio/cy_gpio.h **** * Constants to be used for setting the drive mode of the pin.
 406:Generated_Source\PSoC6\pdl\drivers/peripheral/gpio/cy_gpio.h **** */
 407:Generated_Source\PSoC6\pdl\drivers/peripheral/gpio/cy_gpio.h **** #define CY_GPIO_DM_ANALOG                      (0x00UL) /**< Analog High-Z. Input buffer off */
 408:Generated_Source\PSoC6\pdl\drivers/peripheral/gpio/cy_gpio.h **** #define CY_GPIO_DM_PULLUP_IN_OFF               (0x02UL) /**< Resistive Pull-Up. Input buffer off */
 409:Generated_Source\PSoC6\pdl\drivers/peripheral/gpio/cy_gpio.h **** #define CY_GPIO_DM_PULLDOWN_IN_OFF             (0x03UL) /**< Resistive Pull-Down. Input buffer off 
 410:Generated_Source\PSoC6\pdl\drivers/peripheral/gpio/cy_gpio.h **** #define CY_GPIO_DM_OD_DRIVESLOW_IN_OFF         (0x04UL) /**< Open Drain, Drives Low. Input buffer o
 411:Generated_Source\PSoC6\pdl\drivers/peripheral/gpio/cy_gpio.h **** #define CY_GPIO_DM_OD_DRIVESHIGH_IN_OFF        (0x05UL) /**< Open Drain, Drives High. Input buffer 
 412:Generated_Source\PSoC6\pdl\drivers/peripheral/gpio/cy_gpio.h **** #define CY_GPIO_DM_STRONG_IN_OFF               (0x06UL) /**< Strong Drive. Input buffer off */
 413:Generated_Source\PSoC6\pdl\drivers/peripheral/gpio/cy_gpio.h **** #define CY_GPIO_DM_PULLUP_DOWN_IN_OFF          (0x07UL) /**< Resistive Pull-Up/Down. Input buffer o
ARM GAS  C:\Users\Finik\AppData\Local\Temp\ccY85NDM.s 			page 98


 414:Generated_Source\PSoC6\pdl\drivers/peripheral/gpio/cy_gpio.h **** #define CY_GPIO_DM_HIGHZ                       (0x08UL) /**< Digital High-Z. Input buffer on */
 415:Generated_Source\PSoC6\pdl\drivers/peripheral/gpio/cy_gpio.h **** #define CY_GPIO_DM_PULLUP                      (0x0AUL) /**< Resistive Pull-Up. Input buffer on */
 416:Generated_Source\PSoC6\pdl\drivers/peripheral/gpio/cy_gpio.h **** #define CY_GPIO_DM_PULLDOWN                    (0x0BUL) /**< Resistive Pull-Down. Input buffer on *
 417:Generated_Source\PSoC6\pdl\drivers/peripheral/gpio/cy_gpio.h **** #define CY_GPIO_DM_OD_DRIVESLOW                (0x0CUL) /**< Open Drain, Drives Low. Input buffer o
 418:Generated_Source\PSoC6\pdl\drivers/peripheral/gpio/cy_gpio.h **** #define CY_GPIO_DM_OD_DRIVESHIGH               (0x0DUL) /**< Open Drain, Drives High. Input buffer 
 419:Generated_Source\PSoC6\pdl\drivers/peripheral/gpio/cy_gpio.h **** #define CY_GPIO_DM_STRONG                      (0x0EUL) /**< Strong Drive. Input buffer on */
 420:Generated_Source\PSoC6\pdl\drivers/peripheral/gpio/cy_gpio.h **** #define CY_GPIO_DM_PULLUP_DOWN                 (0x0FUL) /**< Resistive Pull-Up/Down. Input buffer o
 421:Generated_Source\PSoC6\pdl\drivers/peripheral/gpio/cy_gpio.h **** /** \} */
 422:Generated_Source\PSoC6\pdl\drivers/peripheral/gpio/cy_gpio.h **** 
 423:Generated_Source\PSoC6\pdl\drivers/peripheral/gpio/cy_gpio.h **** /**
 424:Generated_Source\PSoC6\pdl\drivers/peripheral/gpio/cy_gpio.h **** * \defgroup group_gpio_vtrip Voltage trip mode
 425:Generated_Source\PSoC6\pdl\drivers/peripheral/gpio/cy_gpio.h **** * \{
 426:Generated_Source\PSoC6\pdl\drivers/peripheral/gpio/cy_gpio.h **** * Constants to be used for setting the voltage trip type on the pin.
 427:Generated_Source\PSoC6\pdl\drivers/peripheral/gpio/cy_gpio.h **** */
 428:Generated_Source\PSoC6\pdl\drivers/peripheral/gpio/cy_gpio.h **** #define CY_GPIO_VTRIP_CMOS                     (0x00UL) /**< Input buffer compatible with CMOS and 
 429:Generated_Source\PSoC6\pdl\drivers/peripheral/gpio/cy_gpio.h **** #define CY_GPIO_VTRIP_TTL                      (0x01UL) /**< Input buffer compatible with TTL and M
 430:Generated_Source\PSoC6\pdl\drivers/peripheral/gpio/cy_gpio.h **** /** \} */
 431:Generated_Source\PSoC6\pdl\drivers/peripheral/gpio/cy_gpio.h **** 
 432:Generated_Source\PSoC6\pdl\drivers/peripheral/gpio/cy_gpio.h **** /**
 433:Generated_Source\PSoC6\pdl\drivers/peripheral/gpio/cy_gpio.h **** * \defgroup group_gpio_slewRate Slew Rate Mode
 434:Generated_Source\PSoC6\pdl\drivers/peripheral/gpio/cy_gpio.h **** * \{
 435:Generated_Source\PSoC6\pdl\drivers/peripheral/gpio/cy_gpio.h **** * Constants to be used for setting the slew rate of the pin.
 436:Generated_Source\PSoC6\pdl\drivers/peripheral/gpio/cy_gpio.h **** */
 437:Generated_Source\PSoC6\pdl\drivers/peripheral/gpio/cy_gpio.h **** #define CY_GPIO_SLEW_FAST                      (0x00UL) /**< Fast slew rate */
 438:Generated_Source\PSoC6\pdl\drivers/peripheral/gpio/cy_gpio.h **** #define CY_GPIO_SLEW_SLOW                      (0x01UL) /**< Slow slew rate */
 439:Generated_Source\PSoC6\pdl\drivers/peripheral/gpio/cy_gpio.h **** /** \} */
 440:Generated_Source\PSoC6\pdl\drivers/peripheral/gpio/cy_gpio.h **** 
 441:Generated_Source\PSoC6\pdl\drivers/peripheral/gpio/cy_gpio.h **** /**
 442:Generated_Source\PSoC6\pdl\drivers/peripheral/gpio/cy_gpio.h **** * \defgroup group_gpio_driveStrength Pin drive strength
 443:Generated_Source\PSoC6\pdl\drivers/peripheral/gpio/cy_gpio.h **** * \{
 444:Generated_Source\PSoC6\pdl\drivers/peripheral/gpio/cy_gpio.h **** * Constants to be used for setting the drive strength of the pin.
 445:Generated_Source\PSoC6\pdl\drivers/peripheral/gpio/cy_gpio.h **** */
 446:Generated_Source\PSoC6\pdl\drivers/peripheral/gpio/cy_gpio.h **** #define CY_GPIO_DRIVE_FULL                     (0x00UL) /**< Full drive strength: Max drive current
 447:Generated_Source\PSoC6\pdl\drivers/peripheral/gpio/cy_gpio.h **** #define CY_GPIO_DRIVE_1_2                      (0x01UL) /**< 1/2 drive strength: 1/2 drive current 
 448:Generated_Source\PSoC6\pdl\drivers/peripheral/gpio/cy_gpio.h **** #define CY_GPIO_DRIVE_1_4                      (0x02UL) /**< 1/4 drive strength: 1/4 drive current 
 449:Generated_Source\PSoC6\pdl\drivers/peripheral/gpio/cy_gpio.h **** #define CY_GPIO_DRIVE_1_8                      (0x03UL) /**< 1/8 drive strength: 1/8 drive current 
 450:Generated_Source\PSoC6\pdl\drivers/peripheral/gpio/cy_gpio.h **** /** \} */
 451:Generated_Source\PSoC6\pdl\drivers/peripheral/gpio/cy_gpio.h **** 
 452:Generated_Source\PSoC6\pdl\drivers/peripheral/gpio/cy_gpio.h **** /**
 453:Generated_Source\PSoC6\pdl\drivers/peripheral/gpio/cy_gpio.h **** * \defgroup group_gpio_interruptTrigger Interrupt trigger type
 454:Generated_Source\PSoC6\pdl\drivers/peripheral/gpio/cy_gpio.h **** * \{
 455:Generated_Source\PSoC6\pdl\drivers/peripheral/gpio/cy_gpio.h **** * Constants to be used for setting the interrupt trigger type on the pin.
 456:Generated_Source\PSoC6\pdl\drivers/peripheral/gpio/cy_gpio.h **** */
 457:Generated_Source\PSoC6\pdl\drivers/peripheral/gpio/cy_gpio.h **** #define CY_GPIO_INTR_DISABLE                   (0x00UL) /**< Disable the pin interrupt generation *
 458:Generated_Source\PSoC6\pdl\drivers/peripheral/gpio/cy_gpio.h **** #define CY_GPIO_INTR_RISING                    (0x01UL) /**< Rising-Edge interrupt */
 459:Generated_Source\PSoC6\pdl\drivers/peripheral/gpio/cy_gpio.h **** #define CY_GPIO_INTR_FALLING                   (0x02UL) /**< Falling-Edge interrupt */
 460:Generated_Source\PSoC6\pdl\drivers/peripheral/gpio/cy_gpio.h **** #define CY_GPIO_INTR_BOTH                      (0x03UL) /**< Both-Edge interrupt */
 461:Generated_Source\PSoC6\pdl\drivers/peripheral/gpio/cy_gpio.h **** /** \} */
 462:Generated_Source\PSoC6\pdl\drivers/peripheral/gpio/cy_gpio.h **** 
 463:Generated_Source\PSoC6\pdl\drivers/peripheral/gpio/cy_gpio.h **** /**
 464:Generated_Source\PSoC6\pdl\drivers/peripheral/gpio/cy_gpio.h **** * \defgroup group_gpio_sioVreg SIO output buffer mode
 465:Generated_Source\PSoC6\pdl\drivers/peripheral/gpio/cy_gpio.h **** * \{
 466:Generated_Source\PSoC6\pdl\drivers/peripheral/gpio/cy_gpio.h **** * Constants to be used for setting the SIO output buffer mode on the pin.
 467:Generated_Source\PSoC6\pdl\drivers/peripheral/gpio/cy_gpio.h **** */
 468:Generated_Source\PSoC6\pdl\drivers/peripheral/gpio/cy_gpio.h **** #define CY_SIO_VREG_UNREGULATED                (0x00UL) /**< Unregulated output buffer */
 469:Generated_Source\PSoC6\pdl\drivers/peripheral/gpio/cy_gpio.h **** #define CY_SIO_VREG_REGULATED                  (0x01UL) /**< Regulated output buffer */
 470:Generated_Source\PSoC6\pdl\drivers/peripheral/gpio/cy_gpio.h **** /** \} */
ARM GAS  C:\Users\Finik\AppData\Local\Temp\ccY85NDM.s 			page 99


 471:Generated_Source\PSoC6\pdl\drivers/peripheral/gpio/cy_gpio.h **** 
 472:Generated_Source\PSoC6\pdl\drivers/peripheral/gpio/cy_gpio.h **** /**
 473:Generated_Source\PSoC6\pdl\drivers/peripheral/gpio/cy_gpio.h **** * \defgroup group_gpio_sioIbuf SIO input buffer mode
 474:Generated_Source\PSoC6\pdl\drivers/peripheral/gpio/cy_gpio.h **** * \{
 475:Generated_Source\PSoC6\pdl\drivers/peripheral/gpio/cy_gpio.h **** * Constants to be used for setting the SIO input buffer mode on the pin.
 476:Generated_Source\PSoC6\pdl\drivers/peripheral/gpio/cy_gpio.h **** */
 477:Generated_Source\PSoC6\pdl\drivers/peripheral/gpio/cy_gpio.h **** #define CY_SIO_IBUF_SINGLEENDED                (0x00UL) /**< Single ended input buffer */
 478:Generated_Source\PSoC6\pdl\drivers/peripheral/gpio/cy_gpio.h **** #define CY_SIO_IBUF_DIFFERENTIAL               (0x01UL) /**< Differential input buffer */
 479:Generated_Source\PSoC6\pdl\drivers/peripheral/gpio/cy_gpio.h **** /** \} */
 480:Generated_Source\PSoC6\pdl\drivers/peripheral/gpio/cy_gpio.h **** 
 481:Generated_Source\PSoC6\pdl\drivers/peripheral/gpio/cy_gpio.h **** /**
 482:Generated_Source\PSoC6\pdl\drivers/peripheral/gpio/cy_gpio.h **** * \defgroup group_gpio_sioVtrip SIO input buffer trip-point
 483:Generated_Source\PSoC6\pdl\drivers/peripheral/gpio/cy_gpio.h **** * \{
 484:Generated_Source\PSoC6\pdl\drivers/peripheral/gpio/cy_gpio.h **** * Constants to be used for setting the SIO input buffer trip-point of the pin.
 485:Generated_Source\PSoC6\pdl\drivers/peripheral/gpio/cy_gpio.h **** */
 486:Generated_Source\PSoC6\pdl\drivers/peripheral/gpio/cy_gpio.h **** #define CY_SIO_VTRIP_CMOS                      (0x00UL) /**< CMOS input buffer (single-ended) */
 487:Generated_Source\PSoC6\pdl\drivers/peripheral/gpio/cy_gpio.h **** #define CY_SIO_VTRIP_TTL                       (0x01UL) /**< TTL input buffer (single-ended) */
 488:Generated_Source\PSoC6\pdl\drivers/peripheral/gpio/cy_gpio.h **** #define CY_SIO_VTRIP_0_5VDDIO_0_5VOH           (0x00UL) /**< 0.5xVddio or 0.5xVoh (differential) */
 489:Generated_Source\PSoC6\pdl\drivers/peripheral/gpio/cy_gpio.h **** #define CY_SIO_VTRIP_0_4VDDIO_1_0VREF          (0x01UL) /**< 0.4xVddio or 0.4xVoh (differential) */
 490:Generated_Source\PSoC6\pdl\drivers/peripheral/gpio/cy_gpio.h **** /** \} */
 491:Generated_Source\PSoC6\pdl\drivers/peripheral/gpio/cy_gpio.h **** 
 492:Generated_Source\PSoC6\pdl\drivers/peripheral/gpio/cy_gpio.h **** /**
 493:Generated_Source\PSoC6\pdl\drivers/peripheral/gpio/cy_gpio.h **** * \defgroup group_gpio_sioVref SIO reference voltage for input buffer trip-point
 494:Generated_Source\PSoC6\pdl\drivers/peripheral/gpio/cy_gpio.h **** * \{
 495:Generated_Source\PSoC6\pdl\drivers/peripheral/gpio/cy_gpio.h **** * Constants to be used for setting the reference voltage of SIO input buffer trip-point.
 496:Generated_Source\PSoC6\pdl\drivers/peripheral/gpio/cy_gpio.h **** */
 497:Generated_Source\PSoC6\pdl\drivers/peripheral/gpio/cy_gpio.h **** #define CY_SIO_VREF_PINREF                     (0x00UL) /**< Vref from analog pin */
 498:Generated_Source\PSoC6\pdl\drivers/peripheral/gpio/cy_gpio.h **** #define CY_SIO_VREF_1_2V                       (0x01UL) /**< Vref from internal 1.2V reference */
 499:Generated_Source\PSoC6\pdl\drivers/peripheral/gpio/cy_gpio.h **** #define CY_SIO_VREF_AMUX_A                     (0x02UL) /**< Vref from AMUXBUS_A */
 500:Generated_Source\PSoC6\pdl\drivers/peripheral/gpio/cy_gpio.h **** #define CY_SIO_VREF_AMUX_B                     (0x03UL) /**< Vref from AMUXBUS_B */
 501:Generated_Source\PSoC6\pdl\drivers/peripheral/gpio/cy_gpio.h **** /** \} */
 502:Generated_Source\PSoC6\pdl\drivers/peripheral/gpio/cy_gpio.h **** 
 503:Generated_Source\PSoC6\pdl\drivers/peripheral/gpio/cy_gpio.h **** /**
 504:Generated_Source\PSoC6\pdl\drivers/peripheral/gpio/cy_gpio.h **** * \defgroup group_gpio_sioVoh Regulated output voltage level (Voh) and input buffer trip-point of a
 505:Generated_Source\PSoC6\pdl\drivers/peripheral/gpio/cy_gpio.h **** * \{
 506:Generated_Source\PSoC6\pdl\drivers/peripheral/gpio/cy_gpio.h **** * Constants to be used for setting the Voh and input buffer trip-point of an SIO pair
 507:Generated_Source\PSoC6\pdl\drivers/peripheral/gpio/cy_gpio.h **** */
 508:Generated_Source\PSoC6\pdl\drivers/peripheral/gpio/cy_gpio.h **** #define CY_SIO_VOH_1_00                        (0x00UL) /**< Voh = 1 x Reference */
 509:Generated_Source\PSoC6\pdl\drivers/peripheral/gpio/cy_gpio.h **** #define CY_SIO_VOH_1_25                        (0x01UL) /**< Voh = 1.25 x Reference */
 510:Generated_Source\PSoC6\pdl\drivers/peripheral/gpio/cy_gpio.h **** #define CY_SIO_VOH_1_49                        (0x02UL) /**< Voh = 1.49 x Reference */
 511:Generated_Source\PSoC6\pdl\drivers/peripheral/gpio/cy_gpio.h **** #define CY_SIO_VOH_1_67                        (0x03UL) /**< Voh = 1.67 x Reference */
 512:Generated_Source\PSoC6\pdl\drivers/peripheral/gpio/cy_gpio.h **** #define CY_SIO_VOH_2_08                        (0x04UL) /**< Voh = 2.08 x Reference */
 513:Generated_Source\PSoC6\pdl\drivers/peripheral/gpio/cy_gpio.h **** #define CY_SIO_VOH_2_50                        (0x05UL) /**< Voh = 2.50 x Reference */
 514:Generated_Source\PSoC6\pdl\drivers/peripheral/gpio/cy_gpio.h **** #define CY_SIO_VOH_2_78                        (0x06UL) /**< Voh = 2.78 x Reference */
 515:Generated_Source\PSoC6\pdl\drivers/peripheral/gpio/cy_gpio.h **** #define CY_SIO_VOH_4_16                        (0x07UL) /**< Voh = 4.16 x Reference */
 516:Generated_Source\PSoC6\pdl\drivers/peripheral/gpio/cy_gpio.h **** /** \} */
 517:Generated_Source\PSoC6\pdl\drivers/peripheral/gpio/cy_gpio.h **** 
 518:Generated_Source\PSoC6\pdl\drivers/peripheral/gpio/cy_gpio.h **** /** \} group_gpio_macros */
 519:Generated_Source\PSoC6\pdl\drivers/peripheral/gpio/cy_gpio.h **** 
 520:Generated_Source\PSoC6\pdl\drivers/peripheral/gpio/cy_gpio.h **** /***************************************
 521:Generated_Source\PSoC6\pdl\drivers/peripheral/gpio/cy_gpio.h **** *        Function Prototypes
 522:Generated_Source\PSoC6\pdl\drivers/peripheral/gpio/cy_gpio.h **** ***************************************/
 523:Generated_Source\PSoC6\pdl\drivers/peripheral/gpio/cy_gpio.h **** 
 524:Generated_Source\PSoC6\pdl\drivers/peripheral/gpio/cy_gpio.h **** /**
 525:Generated_Source\PSoC6\pdl\drivers/peripheral/gpio/cy_gpio.h **** * \addtogroup group_gpio_functions
 526:Generated_Source\PSoC6\pdl\drivers/peripheral/gpio/cy_gpio.h **** * \{
 527:Generated_Source\PSoC6\pdl\drivers/peripheral/gpio/cy_gpio.h **** */
ARM GAS  C:\Users\Finik\AppData\Local\Temp\ccY85NDM.s 			page 100


 528:Generated_Source\PSoC6\pdl\drivers/peripheral/gpio/cy_gpio.h **** 
 529:Generated_Source\PSoC6\pdl\drivers/peripheral/gpio/cy_gpio.h **** /**
 530:Generated_Source\PSoC6\pdl\drivers/peripheral/gpio/cy_gpio.h **** * \addtogroup group_gpio_functions_init
 531:Generated_Source\PSoC6\pdl\drivers/peripheral/gpio/cy_gpio.h **** * \{
 532:Generated_Source\PSoC6\pdl\drivers/peripheral/gpio/cy_gpio.h **** */
 533:Generated_Source\PSoC6\pdl\drivers/peripheral/gpio/cy_gpio.h **** 
 534:Generated_Source\PSoC6\pdl\drivers/peripheral/gpio/cy_gpio.h **** cy_en_gpio_status_t Cy_GPIO_Pin_Init(GPIO_PRT_Type* base, uint32_t pinNum, const cy_stc_gpio_pin_co
 535:Generated_Source\PSoC6\pdl\drivers/peripheral/gpio/cy_gpio.h **** cy_en_gpio_status_t Cy_GPIO_Port_Init(GPIO_PRT_Type* base, const cy_stc_gpio_prt_config_t *config);
 536:Generated_Source\PSoC6\pdl\drivers/peripheral/gpio/cy_gpio.h **** void Cy_GPIO_Pin_FastInit(GPIO_PRT_Type* base, uint32_t pinNum, uint32_t driveMode, uint32_t outVal
 537:Generated_Source\PSoC6\pdl\drivers/peripheral/gpio/cy_gpio.h **** void Cy_GPIO_Port_Deinit(GPIO_PRT_Type* base);
 538:Generated_Source\PSoC6\pdl\drivers/peripheral/gpio/cy_gpio.h **** __STATIC_INLINE void Cy_GPIO_SetHSIOM(GPIO_PRT_Type* base, uint32_t pinNum, en_hsiom_sel_t value);
 539:Generated_Source\PSoC6\pdl\drivers/peripheral/gpio/cy_gpio.h **** __STATIC_INLINE en_hsiom_sel_t Cy_GPIO_GetHSIOM(GPIO_PRT_Type* base, uint32_t pinNum);
 540:Generated_Source\PSoC6\pdl\drivers/peripheral/gpio/cy_gpio.h **** __STATIC_INLINE GPIO_PRT_Type* Cy_GPIO_PortToAddr(uint32_t portNum);
 541:Generated_Source\PSoC6\pdl\drivers/peripheral/gpio/cy_gpio.h **** 
 542:Generated_Source\PSoC6\pdl\drivers/peripheral/gpio/cy_gpio.h **** /** \} group_gpio_functions_init */
 543:Generated_Source\PSoC6\pdl\drivers/peripheral/gpio/cy_gpio.h **** 
 544:Generated_Source\PSoC6\pdl\drivers/peripheral/gpio/cy_gpio.h **** /**
 545:Generated_Source\PSoC6\pdl\drivers/peripheral/gpio/cy_gpio.h **** * \addtogroup group_gpio_functions_gpio
 546:Generated_Source\PSoC6\pdl\drivers/peripheral/gpio/cy_gpio.h **** * \{
 547:Generated_Source\PSoC6\pdl\drivers/peripheral/gpio/cy_gpio.h **** */
 548:Generated_Source\PSoC6\pdl\drivers/peripheral/gpio/cy_gpio.h **** 
 549:Generated_Source\PSoC6\pdl\drivers/peripheral/gpio/cy_gpio.h **** void Cy_GPIO_SetAmuxSplit(cy_en_amux_split_t switchCtrl, cy_en_gpio_amuxconnect_t amuxConnect, cy_e
 550:Generated_Source\PSoC6\pdl\drivers/peripheral/gpio/cy_gpio.h **** cy_en_gpio_amuxconnect_t Cy_GPIO_GetAmuxSplit(cy_en_amux_split_t switchCtrl, cy_en_gpio_amuxselect_
 551:Generated_Source\PSoC6\pdl\drivers/peripheral/gpio/cy_gpio.h **** 
 552:Generated_Source\PSoC6\pdl\drivers/peripheral/gpio/cy_gpio.h **** __STATIC_INLINE uint32_t Cy_GPIO_Read(GPIO_PRT_Type* base, uint32_t pinNum);
 553:Generated_Source\PSoC6\pdl\drivers/peripheral/gpio/cy_gpio.h **** __STATIC_INLINE void Cy_GPIO_Write(GPIO_PRT_Type* base, uint32_t pinNum, uint32_t value);
 554:Generated_Source\PSoC6\pdl\drivers/peripheral/gpio/cy_gpio.h **** __STATIC_INLINE uint32_t Cy_GPIO_ReadOut(GPIO_PRT_Type* base, uint32_t pinNum);
 555:Generated_Source\PSoC6\pdl\drivers/peripheral/gpio/cy_gpio.h **** __STATIC_INLINE void Cy_GPIO_Set(GPIO_PRT_Type* base, uint32_t pinNum);
 556:Generated_Source\PSoC6\pdl\drivers/peripheral/gpio/cy_gpio.h **** __STATIC_INLINE void Cy_GPIO_Clr(GPIO_PRT_Type* base, uint32_t pinNum);
 557:Generated_Source\PSoC6\pdl\drivers/peripheral/gpio/cy_gpio.h **** __STATIC_INLINE void Cy_GPIO_Inv(GPIO_PRT_Type* base, uint32_t pinNum);
 558:Generated_Source\PSoC6\pdl\drivers/peripheral/gpio/cy_gpio.h **** __STATIC_INLINE void Cy_GPIO_SetDrivemode(GPIO_PRT_Type* base, uint32_t pinNum, uint32_t value);
 559:Generated_Source\PSoC6\pdl\drivers/peripheral/gpio/cy_gpio.h **** __STATIC_INLINE uint32_t Cy_GPIO_GetDrivemode(GPIO_PRT_Type* base, uint32_t pinNum);
 560:Generated_Source\PSoC6\pdl\drivers/peripheral/gpio/cy_gpio.h **** __STATIC_INLINE void Cy_GPIO_SetVtrip(GPIO_PRT_Type* base, uint32_t pinNum, uint32_t value);
 561:Generated_Source\PSoC6\pdl\drivers/peripheral/gpio/cy_gpio.h **** __STATIC_INLINE uint32_t Cy_GPIO_GetVtrip(GPIO_PRT_Type* base, uint32_t pinNum);
 562:Generated_Source\PSoC6\pdl\drivers/peripheral/gpio/cy_gpio.h **** __STATIC_INLINE void Cy_GPIO_SetSlewRate(GPIO_PRT_Type* base, uint32_t pinNum, uint32_t value);
 563:Generated_Source\PSoC6\pdl\drivers/peripheral/gpio/cy_gpio.h **** __STATIC_INLINE uint32_t Cy_GPIO_GetSlewRate(GPIO_PRT_Type* base, uint32_t pinNum);
 564:Generated_Source\PSoC6\pdl\drivers/peripheral/gpio/cy_gpio.h **** __STATIC_INLINE void Cy_GPIO_SetDriveSel(GPIO_PRT_Type* base, uint32_t pinNum, uint32_t value);
 565:Generated_Source\PSoC6\pdl\drivers/peripheral/gpio/cy_gpio.h **** __STATIC_INLINE uint32_t Cy_GPIO_GetDriveSel(GPIO_PRT_Type* base, uint32_t pinNum);
 566:Generated_Source\PSoC6\pdl\drivers/peripheral/gpio/cy_gpio.h **** 
 567:Generated_Source\PSoC6\pdl\drivers/peripheral/gpio/cy_gpio.h **** /** \} group_gpio_functions_gpio */
 568:Generated_Source\PSoC6\pdl\drivers/peripheral/gpio/cy_gpio.h **** 
 569:Generated_Source\PSoC6\pdl\drivers/peripheral/gpio/cy_gpio.h **** /**
 570:Generated_Source\PSoC6\pdl\drivers/peripheral/gpio/cy_gpio.h **** * \addtogroup group_gpio_functions_sio
 571:Generated_Source\PSoC6\pdl\drivers/peripheral/gpio/cy_gpio.h **** * \{
 572:Generated_Source\PSoC6\pdl\drivers/peripheral/gpio/cy_gpio.h **** */
 573:Generated_Source\PSoC6\pdl\drivers/peripheral/gpio/cy_gpio.h **** 
 574:Generated_Source\PSoC6\pdl\drivers/peripheral/gpio/cy_gpio.h **** __STATIC_INLINE void Cy_GPIO_SetVregEn(GPIO_PRT_Type* base, uint32_t pinNum, uint32_t value);
 575:Generated_Source\PSoC6\pdl\drivers/peripheral/gpio/cy_gpio.h **** __STATIC_INLINE uint32_t Cy_GPIO_GetVregEn(GPIO_PRT_Type* base, uint32_t pinNum);
 576:Generated_Source\PSoC6\pdl\drivers/peripheral/gpio/cy_gpio.h **** __STATIC_INLINE void Cy_GPIO_SetIbufMode(GPIO_PRT_Type* base, uint32_t pinNum, uint32_t value);
 577:Generated_Source\PSoC6\pdl\drivers/peripheral/gpio/cy_gpio.h **** __STATIC_INLINE uint32_t Cy_GPIO_GetIbufMode(GPIO_PRT_Type* base, uint32_t pinNum);
 578:Generated_Source\PSoC6\pdl\drivers/peripheral/gpio/cy_gpio.h **** __STATIC_INLINE void Cy_GPIO_SetVtripSel(GPIO_PRT_Type* base, uint32_t pinNum, uint32_t value);
 579:Generated_Source\PSoC6\pdl\drivers/peripheral/gpio/cy_gpio.h **** __STATIC_INLINE uint32_t Cy_GPIO_GetVtripSel(GPIO_PRT_Type* base, uint32_t pinNum);
 580:Generated_Source\PSoC6\pdl\drivers/peripheral/gpio/cy_gpio.h **** __STATIC_INLINE void Cy_GPIO_SetVrefSel(GPIO_PRT_Type* base, uint32_t pinNum, uint32_t value);
 581:Generated_Source\PSoC6\pdl\drivers/peripheral/gpio/cy_gpio.h **** __STATIC_INLINE uint32_t Cy_GPIO_GetVrefSel(GPIO_PRT_Type* base, uint32_t pinNum);
 582:Generated_Source\PSoC6\pdl\drivers/peripheral/gpio/cy_gpio.h **** __STATIC_INLINE void Cy_GPIO_SetVohSel(GPIO_PRT_Type* base, uint32_t pinNum, uint32_t value);
 583:Generated_Source\PSoC6\pdl\drivers/peripheral/gpio/cy_gpio.h **** __STATIC_INLINE uint32_t Cy_GPIO_GetVohSel(GPIO_PRT_Type* base, uint32_t pinNum);
 584:Generated_Source\PSoC6\pdl\drivers/peripheral/gpio/cy_gpio.h **** 
ARM GAS  C:\Users\Finik\AppData\Local\Temp\ccY85NDM.s 			page 101


 585:Generated_Source\PSoC6\pdl\drivers/peripheral/gpio/cy_gpio.h **** /** \} group_gpio_functions_sio */
 586:Generated_Source\PSoC6\pdl\drivers/peripheral/gpio/cy_gpio.h **** 
 587:Generated_Source\PSoC6\pdl\drivers/peripheral/gpio/cy_gpio.h **** /**
 588:Generated_Source\PSoC6\pdl\drivers/peripheral/gpio/cy_gpio.h **** * \addtogroup group_gpio_functions_interrupt
 589:Generated_Source\PSoC6\pdl\drivers/peripheral/gpio/cy_gpio.h **** * \{
 590:Generated_Source\PSoC6\pdl\drivers/peripheral/gpio/cy_gpio.h **** */
 591:Generated_Source\PSoC6\pdl\drivers/peripheral/gpio/cy_gpio.h **** 
 592:Generated_Source\PSoC6\pdl\drivers/peripheral/gpio/cy_gpio.h **** __STATIC_INLINE uint32_t Cy_GPIO_GetInterruptStatus(GPIO_PRT_Type* base, uint32_t pinNum);
 593:Generated_Source\PSoC6\pdl\drivers/peripheral/gpio/cy_gpio.h **** __STATIC_INLINE void Cy_GPIO_ClearInterrupt(GPIO_PRT_Type* base, uint32_t pinNum);
 594:Generated_Source\PSoC6\pdl\drivers/peripheral/gpio/cy_gpio.h **** __STATIC_INLINE void Cy_GPIO_SetInterruptMask(GPIO_PRT_Type* base, uint32_t pinNum, uint32_t value)
 595:Generated_Source\PSoC6\pdl\drivers/peripheral/gpio/cy_gpio.h **** __STATIC_INLINE uint32_t Cy_GPIO_GetInterruptMask(GPIO_PRT_Type* base, uint32_t pinNum);
 596:Generated_Source\PSoC6\pdl\drivers/peripheral/gpio/cy_gpio.h **** __STATIC_INLINE uint32_t Cy_GPIO_GetInterruptStatusMasked(GPIO_PRT_Type* base, uint32_t pinNum);
 597:Generated_Source\PSoC6\pdl\drivers/peripheral/gpio/cy_gpio.h **** __STATIC_INLINE void Cy_GPIO_SetSwInterrupt(GPIO_PRT_Type* base, uint32_t pinNum);
 598:Generated_Source\PSoC6\pdl\drivers/peripheral/gpio/cy_gpio.h **** __STATIC_INLINE void Cy_GPIO_SetInterruptEdge(GPIO_PRT_Type* base, uint32_t pinNum, uint32_t value)
 599:Generated_Source\PSoC6\pdl\drivers/peripheral/gpio/cy_gpio.h **** __STATIC_INLINE uint32_t Cy_GPIO_GetInterruptEdge(GPIO_PRT_Type* base, uint32_t pinNum);
 600:Generated_Source\PSoC6\pdl\drivers/peripheral/gpio/cy_gpio.h **** __STATIC_INLINE void Cy_GPIO_SetFilter(GPIO_PRT_Type* base, uint32_t value);
 601:Generated_Source\PSoC6\pdl\drivers/peripheral/gpio/cy_gpio.h **** __STATIC_INLINE uint32_t Cy_GPIO_GetFilter(GPIO_PRT_Type* base);
 602:Generated_Source\PSoC6\pdl\drivers/peripheral/gpio/cy_gpio.h **** 
 603:Generated_Source\PSoC6\pdl\drivers/peripheral/gpio/cy_gpio.h **** __STATIC_INLINE uint32_t Cy_GPIO_GetInterruptCause0(void);
 604:Generated_Source\PSoC6\pdl\drivers/peripheral/gpio/cy_gpio.h **** __STATIC_INLINE uint32_t Cy_GPIO_GetInterruptCause1(void);
 605:Generated_Source\PSoC6\pdl\drivers/peripheral/gpio/cy_gpio.h **** __STATIC_INLINE uint32_t Cy_GPIO_GetInterruptCause2(void);
 606:Generated_Source\PSoC6\pdl\drivers/peripheral/gpio/cy_gpio.h **** __STATIC_INLINE uint32_t Cy_GPIO_GetInterruptCause3(void);
 607:Generated_Source\PSoC6\pdl\drivers/peripheral/gpio/cy_gpio.h **** 
 608:Generated_Source\PSoC6\pdl\drivers/peripheral/gpio/cy_gpio.h **** /** \} group_gpio_functions_interrupt */
 609:Generated_Source\PSoC6\pdl\drivers/peripheral/gpio/cy_gpio.h **** 
 610:Generated_Source\PSoC6\pdl\drivers/peripheral/gpio/cy_gpio.h **** 
 611:Generated_Source\PSoC6\pdl\drivers/peripheral/gpio/cy_gpio.h **** /**
 612:Generated_Source\PSoC6\pdl\drivers/peripheral/gpio/cy_gpio.h **** * \addtogroup group_gpio_functions_init
 613:Generated_Source\PSoC6\pdl\drivers/peripheral/gpio/cy_gpio.h **** * \{
 614:Generated_Source\PSoC6\pdl\drivers/peripheral/gpio/cy_gpio.h **** */
 615:Generated_Source\PSoC6\pdl\drivers/peripheral/gpio/cy_gpio.h **** 
 616:Generated_Source\PSoC6\pdl\drivers/peripheral/gpio/cy_gpio.h **** /*******************************************************************************
 617:Generated_Source\PSoC6\pdl\drivers/peripheral/gpio/cy_gpio.h **** * Function Name: Cy_GPIO_SetHSIOM
 618:Generated_Source\PSoC6\pdl\drivers/peripheral/gpio/cy_gpio.h **** ****************************************************************************//**
 619:Generated_Source\PSoC6\pdl\drivers/peripheral/gpio/cy_gpio.h **** *
 620:Generated_Source\PSoC6\pdl\drivers/peripheral/gpio/cy_gpio.h **** * Configures the HSIOM connection to the pin.
 621:Generated_Source\PSoC6\pdl\drivers/peripheral/gpio/cy_gpio.h **** *
 622:Generated_Source\PSoC6\pdl\drivers/peripheral/gpio/cy_gpio.h **** * Connects the specified High-Speed Input Output Multiplexer (HSIOM) selection
 623:Generated_Source\PSoC6\pdl\drivers/peripheral/gpio/cy_gpio.h **** * to the pin.
 624:Generated_Source\PSoC6\pdl\drivers/peripheral/gpio/cy_gpio.h **** *
 625:Generated_Source\PSoC6\pdl\drivers/peripheral/gpio/cy_gpio.h **** * \param base
 626:Generated_Source\PSoC6\pdl\drivers/peripheral/gpio/cy_gpio.h **** * Pointer to the pin's port register base address
 627:Generated_Source\PSoC6\pdl\drivers/peripheral/gpio/cy_gpio.h **** *
 628:Generated_Source\PSoC6\pdl\drivers/peripheral/gpio/cy_gpio.h **** * \param pinNum
 629:Generated_Source\PSoC6\pdl\drivers/peripheral/gpio/cy_gpio.h **** * Position of the pin bit-field within the port register
 630:Generated_Source\PSoC6\pdl\drivers/peripheral/gpio/cy_gpio.h **** *
 631:Generated_Source\PSoC6\pdl\drivers/peripheral/gpio/cy_gpio.h **** * \param value
 632:Generated_Source\PSoC6\pdl\drivers/peripheral/gpio/cy_gpio.h **** * HSIOM input selection
 633:Generated_Source\PSoC6\pdl\drivers/peripheral/gpio/cy_gpio.h **** *
 634:Generated_Source\PSoC6\pdl\drivers/peripheral/gpio/cy_gpio.h **** * \note 
 635:Generated_Source\PSoC6\pdl\drivers/peripheral/gpio/cy_gpio.h **** * This function modifies a port register in a read-modify-write operation. It is
 636:Generated_Source\PSoC6\pdl\drivers/peripheral/gpio/cy_gpio.h **** * not thread safe as the resource is shared among multiple pins on a port.
 637:Generated_Source\PSoC6\pdl\drivers/peripheral/gpio/cy_gpio.h **** *
 638:Generated_Source\PSoC6\pdl\drivers/peripheral/gpio/cy_gpio.h **** * \funcusage
 639:Generated_Source\PSoC6\pdl\drivers/peripheral/gpio/cy_gpio.h **** * \snippet gpio/gpio_v1_10_sut_01.cydsn/main_cm4.c snippet_Cy_GPIO_SetHSIOM
 640:Generated_Source\PSoC6\pdl\drivers/peripheral/gpio/cy_gpio.h **** *
 641:Generated_Source\PSoC6\pdl\drivers/peripheral/gpio/cy_gpio.h **** *******************************************************************************/
ARM GAS  C:\Users\Finik\AppData\Local\Temp\ccY85NDM.s 			page 102


 642:Generated_Source\PSoC6\pdl\drivers/peripheral/gpio/cy_gpio.h **** __STATIC_INLINE void Cy_GPIO_SetHSIOM(GPIO_PRT_Type* base, uint32_t pinNum, en_hsiom_sel_t value)
 643:Generated_Source\PSoC6\pdl\drivers/peripheral/gpio/cy_gpio.h **** {
 644:Generated_Source\PSoC6\pdl\drivers/peripheral/gpio/cy_gpio.h ****     uint32_t portNum;
 645:Generated_Source\PSoC6\pdl\drivers/peripheral/gpio/cy_gpio.h ****     uint32_t tempReg;
 646:Generated_Source\PSoC6\pdl\drivers/peripheral/gpio/cy_gpio.h ****     HSIOM_PRT_V1_Type* portAddrHSIOM;
 647:Generated_Source\PSoC6\pdl\drivers/peripheral/gpio/cy_gpio.h **** 
 648:Generated_Source\PSoC6\pdl\drivers/peripheral/gpio/cy_gpio.h ****     CY_ASSERT_L2(CY_GPIO_IS_PIN_VALID(pinNum));
 649:Generated_Source\PSoC6\pdl\drivers/peripheral/gpio/cy_gpio.h ****     CY_ASSERT_L2(CY_GPIO_IS_HSIOM_VALID(value));
 650:Generated_Source\PSoC6\pdl\drivers/peripheral/gpio/cy_gpio.h **** 
 651:Generated_Source\PSoC6\pdl\drivers/peripheral/gpio/cy_gpio.h ****     portNum = ((uint32_t)(base) - CY_GPIO_BASE) / GPIO_PRT_SECTION_SIZE;
 652:Generated_Source\PSoC6\pdl\drivers/peripheral/gpio/cy_gpio.h ****     portAddrHSIOM = (HSIOM_PRT_V1_Type*)(CY_HSIOM_BASE + (HSIOM_PRT_SECTION_SIZE * portNum));
 653:Generated_Source\PSoC6\pdl\drivers/peripheral/gpio/cy_gpio.h **** 
 654:Generated_Source\PSoC6\pdl\drivers/peripheral/gpio/cy_gpio.h ****     if(pinNum < CY_GPIO_PRT_HALF)
 655:Generated_Source\PSoC6\pdl\drivers/peripheral/gpio/cy_gpio.h ****     {
 656:Generated_Source\PSoC6\pdl\drivers/peripheral/gpio/cy_gpio.h ****         tempReg = HSIOM_PRT_PORT_SEL0(portAddrHSIOM) & ~(CY_GPIO_HSIOM_MASK << (pinNum << CY_GPIO_H
 657:Generated_Source\PSoC6\pdl\drivers/peripheral/gpio/cy_gpio.h ****         HSIOM_PRT_PORT_SEL0(portAddrHSIOM) = tempReg | ((value & CY_GPIO_HSIOM_MASK) << (pinNum << 
 658:Generated_Source\PSoC6\pdl\drivers/peripheral/gpio/cy_gpio.h ****     }
 659:Generated_Source\PSoC6\pdl\drivers/peripheral/gpio/cy_gpio.h ****     else
 660:Generated_Source\PSoC6\pdl\drivers/peripheral/gpio/cy_gpio.h ****     {
 661:Generated_Source\PSoC6\pdl\drivers/peripheral/gpio/cy_gpio.h ****         pinNum -= CY_GPIO_PRT_HALF;
 662:Generated_Source\PSoC6\pdl\drivers/peripheral/gpio/cy_gpio.h ****         tempReg = HSIOM_PRT_PORT_SEL1(portAddrHSIOM) & ~(CY_GPIO_HSIOM_MASK << (pinNum << CY_GPIO_H
 663:Generated_Source\PSoC6\pdl\drivers/peripheral/gpio/cy_gpio.h ****         HSIOM_PRT_PORT_SEL1(portAddrHSIOM) = tempReg | ((value & CY_GPIO_HSIOM_MASK) << (pinNum << 
 664:Generated_Source\PSoC6\pdl\drivers/peripheral/gpio/cy_gpio.h ****     }
 665:Generated_Source\PSoC6\pdl\drivers/peripheral/gpio/cy_gpio.h **** }
 666:Generated_Source\PSoC6\pdl\drivers/peripheral/gpio/cy_gpio.h **** 
 667:Generated_Source\PSoC6\pdl\drivers/peripheral/gpio/cy_gpio.h **** 
 668:Generated_Source\PSoC6\pdl\drivers/peripheral/gpio/cy_gpio.h **** /*******************************************************************************
 669:Generated_Source\PSoC6\pdl\drivers/peripheral/gpio/cy_gpio.h **** * Function Name: Cy_GPIO_GetHSIOM
 670:Generated_Source\PSoC6\pdl\drivers/peripheral/gpio/cy_gpio.h **** ****************************************************************************//**
 671:Generated_Source\PSoC6\pdl\drivers/peripheral/gpio/cy_gpio.h **** *
 672:Generated_Source\PSoC6\pdl\drivers/peripheral/gpio/cy_gpio.h **** * Returns the current HSIOM multiplexer connection to the pin.
 673:Generated_Source\PSoC6\pdl\drivers/peripheral/gpio/cy_gpio.h **** *
 674:Generated_Source\PSoC6\pdl\drivers/peripheral/gpio/cy_gpio.h **** * \param base
 675:Generated_Source\PSoC6\pdl\drivers/peripheral/gpio/cy_gpio.h **** * Pointer to the pin's port register base address
 676:Generated_Source\PSoC6\pdl\drivers/peripheral/gpio/cy_gpio.h **** *
 677:Generated_Source\PSoC6\pdl\drivers/peripheral/gpio/cy_gpio.h **** * \param pinNum
 678:Generated_Source\PSoC6\pdl\drivers/peripheral/gpio/cy_gpio.h **** * Position of the pin bit-field within the port register
 679:Generated_Source\PSoC6\pdl\drivers/peripheral/gpio/cy_gpio.h **** *
 680:Generated_Source\PSoC6\pdl\drivers/peripheral/gpio/cy_gpio.h **** * \return
 681:Generated_Source\PSoC6\pdl\drivers/peripheral/gpio/cy_gpio.h **** * HSIOM input selection
 682:Generated_Source\PSoC6\pdl\drivers/peripheral/gpio/cy_gpio.h **** *
 683:Generated_Source\PSoC6\pdl\drivers/peripheral/gpio/cy_gpio.h **** * \funcusage
 684:Generated_Source\PSoC6\pdl\drivers/peripheral/gpio/cy_gpio.h **** * \snippet gpio/gpio_v1_10_sut_01.cydsn/main_cm4.c snippet_Cy_GPIO_SetHSIOM
 685:Generated_Source\PSoC6\pdl\drivers/peripheral/gpio/cy_gpio.h **** *
 686:Generated_Source\PSoC6\pdl\drivers/peripheral/gpio/cy_gpio.h **** *******************************************************************************/
 687:Generated_Source\PSoC6\pdl\drivers/peripheral/gpio/cy_gpio.h **** __STATIC_INLINE en_hsiom_sel_t Cy_GPIO_GetHSIOM(GPIO_PRT_Type* base, uint32_t pinNum)
 688:Generated_Source\PSoC6\pdl\drivers/peripheral/gpio/cy_gpio.h **** {
 689:Generated_Source\PSoC6\pdl\drivers/peripheral/gpio/cy_gpio.h ****     uint32_t returnValue;
 690:Generated_Source\PSoC6\pdl\drivers/peripheral/gpio/cy_gpio.h ****     uint32_t portNum;
 691:Generated_Source\PSoC6\pdl\drivers/peripheral/gpio/cy_gpio.h ****     HSIOM_PRT_V1_Type* portAddrHSIOM;
 692:Generated_Source\PSoC6\pdl\drivers/peripheral/gpio/cy_gpio.h ****     
 693:Generated_Source\PSoC6\pdl\drivers/peripheral/gpio/cy_gpio.h ****     CY_ASSERT_L2(CY_GPIO_IS_PIN_VALID(pinNum));
 694:Generated_Source\PSoC6\pdl\drivers/peripheral/gpio/cy_gpio.h **** 
 695:Generated_Source\PSoC6\pdl\drivers/peripheral/gpio/cy_gpio.h ****     portNum = ((uint32_t)(base) - CY_GPIO_BASE) / GPIO_PRT_SECTION_SIZE;
 696:Generated_Source\PSoC6\pdl\drivers/peripheral/gpio/cy_gpio.h ****     portAddrHSIOM = (HSIOM_PRT_V1_Type*)(CY_HSIOM_BASE + (HSIOM_PRT_SECTION_SIZE * portNum));
 697:Generated_Source\PSoC6\pdl\drivers/peripheral/gpio/cy_gpio.h **** 
 698:Generated_Source\PSoC6\pdl\drivers/peripheral/gpio/cy_gpio.h ****     if(pinNum < CY_GPIO_PRT_HALF)
ARM GAS  C:\Users\Finik\AppData\Local\Temp\ccY85NDM.s 			page 103


 699:Generated_Source\PSoC6\pdl\drivers/peripheral/gpio/cy_gpio.h ****     {
 700:Generated_Source\PSoC6\pdl\drivers/peripheral/gpio/cy_gpio.h ****         returnValue = (HSIOM_PRT_PORT_SEL0(portAddrHSIOM) >> (pinNum << CY_GPIO_HSIOM_OFFSET)) & CY
 701:Generated_Source\PSoC6\pdl\drivers/peripheral/gpio/cy_gpio.h ****     }
 702:Generated_Source\PSoC6\pdl\drivers/peripheral/gpio/cy_gpio.h ****     else
 703:Generated_Source\PSoC6\pdl\drivers/peripheral/gpio/cy_gpio.h ****     {
 704:Generated_Source\PSoC6\pdl\drivers/peripheral/gpio/cy_gpio.h ****         pinNum -= CY_GPIO_PRT_HALF;
 705:Generated_Source\PSoC6\pdl\drivers/peripheral/gpio/cy_gpio.h ****         returnValue = (HSIOM_PRT_PORT_SEL1(portAddrHSIOM) >> (pinNum << CY_GPIO_HSIOM_OFFSET)) & CY
 706:Generated_Source\PSoC6\pdl\drivers/peripheral/gpio/cy_gpio.h ****     }
 707:Generated_Source\PSoC6\pdl\drivers/peripheral/gpio/cy_gpio.h **** 
 708:Generated_Source\PSoC6\pdl\drivers/peripheral/gpio/cy_gpio.h ****     return (en_hsiom_sel_t)returnValue;
 709:Generated_Source\PSoC6\pdl\drivers/peripheral/gpio/cy_gpio.h **** }
 710:Generated_Source\PSoC6\pdl\drivers/peripheral/gpio/cy_gpio.h **** 
 711:Generated_Source\PSoC6\pdl\drivers/peripheral/gpio/cy_gpio.h **** 
 712:Generated_Source\PSoC6\pdl\drivers/peripheral/gpio/cy_gpio.h **** /*******************************************************************************
 713:Generated_Source\PSoC6\pdl\drivers/peripheral/gpio/cy_gpio.h **** * Function Name: Cy_GPIO_PortToAddr
 714:Generated_Source\PSoC6\pdl\drivers/peripheral/gpio/cy_gpio.h **** ****************************************************************************//**
 715:Generated_Source\PSoC6\pdl\drivers/peripheral/gpio/cy_gpio.h **** *
 716:Generated_Source\PSoC6\pdl\drivers/peripheral/gpio/cy_gpio.h **** * Retrieves the port address based on the given port number.
 717:Generated_Source\PSoC6\pdl\drivers/peripheral/gpio/cy_gpio.h **** *
 718:Generated_Source\PSoC6\pdl\drivers/peripheral/gpio/cy_gpio.h **** * This is a helper function to calculate the port base address when given a port
 719:Generated_Source\PSoC6\pdl\drivers/peripheral/gpio/cy_gpio.h **** * number. It is to be used when pin access needs to be calculated at runtime.
 720:Generated_Source\PSoC6\pdl\drivers/peripheral/gpio/cy_gpio.h **** *
 721:Generated_Source\PSoC6\pdl\drivers/peripheral/gpio/cy_gpio.h **** * \param portNum
 722:Generated_Source\PSoC6\pdl\drivers/peripheral/gpio/cy_gpio.h **** * Port number
 723:Generated_Source\PSoC6\pdl\drivers/peripheral/gpio/cy_gpio.h **** *
 724:Generated_Source\PSoC6\pdl\drivers/peripheral/gpio/cy_gpio.h **** * \return
 725:Generated_Source\PSoC6\pdl\drivers/peripheral/gpio/cy_gpio.h **** * Base address of the port register structure
 726:Generated_Source\PSoC6\pdl\drivers/peripheral/gpio/cy_gpio.h **** *
 727:Generated_Source\PSoC6\pdl\drivers/peripheral/gpio/cy_gpio.h **** * \funcusage
 728:Generated_Source\PSoC6\pdl\drivers/peripheral/gpio/cy_gpio.h **** * \snippet gpio/gpio_v1_10_sut_01.cydsn/main_cm4.c snippet_Cy_GPIO_PortToAddr
 729:Generated_Source\PSoC6\pdl\drivers/peripheral/gpio/cy_gpio.h **** *
 730:Generated_Source\PSoC6\pdl\drivers/peripheral/gpio/cy_gpio.h **** *******************************************************************************/
 731:Generated_Source\PSoC6\pdl\drivers/peripheral/gpio/cy_gpio.h **** __STATIC_INLINE GPIO_PRT_Type* Cy_GPIO_PortToAddr(uint32_t portNum)
 732:Generated_Source\PSoC6\pdl\drivers/peripheral/gpio/cy_gpio.h **** {
 733:Generated_Source\PSoC6\pdl\drivers/peripheral/gpio/cy_gpio.h ****     GPIO_PRT_Type* portBase;
 734:Generated_Source\PSoC6\pdl\drivers/peripheral/gpio/cy_gpio.h ****     
 735:Generated_Source\PSoC6\pdl\drivers/peripheral/gpio/cy_gpio.h ****     if(portNum < (uint32_t)IOSS_GPIO_GPIO_PORT_NR)
 736:Generated_Source\PSoC6\pdl\drivers/peripheral/gpio/cy_gpio.h ****     {
 737:Generated_Source\PSoC6\pdl\drivers/peripheral/gpio/cy_gpio.h ****         portBase = (GPIO_PRT_Type *)(CY_GPIO_BASE + (GPIO_PRT_SECTION_SIZE * portNum));
 738:Generated_Source\PSoC6\pdl\drivers/peripheral/gpio/cy_gpio.h ****     }
 739:Generated_Source\PSoC6\pdl\drivers/peripheral/gpio/cy_gpio.h ****     else
 740:Generated_Source\PSoC6\pdl\drivers/peripheral/gpio/cy_gpio.h ****     {
 741:Generated_Source\PSoC6\pdl\drivers/peripheral/gpio/cy_gpio.h ****         /* Error: Return default base address */
 742:Generated_Source\PSoC6\pdl\drivers/peripheral/gpio/cy_gpio.h ****         portBase = (GPIO_PRT_Type *)(CY_GPIO_BASE);
 743:Generated_Source\PSoC6\pdl\drivers/peripheral/gpio/cy_gpio.h ****     }
 744:Generated_Source\PSoC6\pdl\drivers/peripheral/gpio/cy_gpio.h **** 
 745:Generated_Source\PSoC6\pdl\drivers/peripheral/gpio/cy_gpio.h ****     return (portBase);
 746:Generated_Source\PSoC6\pdl\drivers/peripheral/gpio/cy_gpio.h **** }
 747:Generated_Source\PSoC6\pdl\drivers/peripheral/gpio/cy_gpio.h **** 
 748:Generated_Source\PSoC6\pdl\drivers/peripheral/gpio/cy_gpio.h **** /** \} group_gpio_functions_init */
 749:Generated_Source\PSoC6\pdl\drivers/peripheral/gpio/cy_gpio.h **** 
 750:Generated_Source\PSoC6\pdl\drivers/peripheral/gpio/cy_gpio.h **** /**
 751:Generated_Source\PSoC6\pdl\drivers/peripheral/gpio/cy_gpio.h **** * \addtogroup group_gpio_functions_gpio
 752:Generated_Source\PSoC6\pdl\drivers/peripheral/gpio/cy_gpio.h **** * \{
 753:Generated_Source\PSoC6\pdl\drivers/peripheral/gpio/cy_gpio.h **** */
 754:Generated_Source\PSoC6\pdl\drivers/peripheral/gpio/cy_gpio.h **** 
 755:Generated_Source\PSoC6\pdl\drivers/peripheral/gpio/cy_gpio.h **** /*******************************************************************************
ARM GAS  C:\Users\Finik\AppData\Local\Temp\ccY85NDM.s 			page 104


 756:Generated_Source\PSoC6\pdl\drivers/peripheral/gpio/cy_gpio.h **** * Function Name: Cy_GPIO_Read
 757:Generated_Source\PSoC6\pdl\drivers/peripheral/gpio/cy_gpio.h **** ****************************************************************************//**
 758:Generated_Source\PSoC6\pdl\drivers/peripheral/gpio/cy_gpio.h **** *
 759:Generated_Source\PSoC6\pdl\drivers/peripheral/gpio/cy_gpio.h **** * Reads the current logic level on the input buffer of the pin.
 760:Generated_Source\PSoC6\pdl\drivers/peripheral/gpio/cy_gpio.h **** *
 761:Generated_Source\PSoC6\pdl\drivers/peripheral/gpio/cy_gpio.h **** * \param base
 762:Generated_Source\PSoC6\pdl\drivers/peripheral/gpio/cy_gpio.h **** * Pointer to the pin's port register base address
 763:Generated_Source\PSoC6\pdl\drivers/peripheral/gpio/cy_gpio.h **** *
 764:Generated_Source\PSoC6\pdl\drivers/peripheral/gpio/cy_gpio.h **** * \param pinNum
 765:Generated_Source\PSoC6\pdl\drivers/peripheral/gpio/cy_gpio.h **** * Position of the pin bit-field within the port register.
 766:Generated_Source\PSoC6\pdl\drivers/peripheral/gpio/cy_gpio.h **** * Bit position 8 is the routed pin through the port glitch filter.
 767:Generated_Source\PSoC6\pdl\drivers/peripheral/gpio/cy_gpio.h **** *
 768:Generated_Source\PSoC6\pdl\drivers/peripheral/gpio/cy_gpio.h **** * \return
 769:Generated_Source\PSoC6\pdl\drivers/peripheral/gpio/cy_gpio.h **** * Logic level present on the pin
 770:Generated_Source\PSoC6\pdl\drivers/peripheral/gpio/cy_gpio.h **** *
 771:Generated_Source\PSoC6\pdl\drivers/peripheral/gpio/cy_gpio.h **** * \funcusage
 772:Generated_Source\PSoC6\pdl\drivers/peripheral/gpio/cy_gpio.h **** * \snippet gpio/gpio_v1_10_sut_01.cydsn/main_cm4.c snippet_Cy_GPIO_Read
 773:Generated_Source\PSoC6\pdl\drivers/peripheral/gpio/cy_gpio.h **** *
 774:Generated_Source\PSoC6\pdl\drivers/peripheral/gpio/cy_gpio.h **** *******************************************************************************/
 775:Generated_Source\PSoC6\pdl\drivers/peripheral/gpio/cy_gpio.h **** __STATIC_INLINE uint32_t Cy_GPIO_Read(GPIO_PRT_Type* base, uint32_t pinNum)
 776:Generated_Source\PSoC6\pdl\drivers/peripheral/gpio/cy_gpio.h **** {
 777:Generated_Source\PSoC6\pdl\drivers/peripheral/gpio/cy_gpio.h ****     CY_ASSERT_L2(CY_GPIO_IS_FILTER_PIN_VALID(pinNum));
 778:Generated_Source\PSoC6\pdl\drivers/peripheral/gpio/cy_gpio.h ****     
 779:Generated_Source\PSoC6\pdl\drivers/peripheral/gpio/cy_gpio.h ****     return (GPIO_PRT_IN(base) >> (pinNum)) & CY_GPIO_IN_MASK;
 780:Generated_Source\PSoC6\pdl\drivers/peripheral/gpio/cy_gpio.h **** }
 781:Generated_Source\PSoC6\pdl\drivers/peripheral/gpio/cy_gpio.h **** 
 782:Generated_Source\PSoC6\pdl\drivers/peripheral/gpio/cy_gpio.h **** 
 783:Generated_Source\PSoC6\pdl\drivers/peripheral/gpio/cy_gpio.h **** /*******************************************************************************
 784:Generated_Source\PSoC6\pdl\drivers/peripheral/gpio/cy_gpio.h **** * Function Name: Cy_GPIO_Write
 785:Generated_Source\PSoC6\pdl\drivers/peripheral/gpio/cy_gpio.h **** ****************************************************************************//**
 786:Generated_Source\PSoC6\pdl\drivers/peripheral/gpio/cy_gpio.h **** *
 787:Generated_Source\PSoC6\pdl\drivers/peripheral/gpio/cy_gpio.h **** * Write a logic 0 or logic 1 state to the output driver.
 788:Generated_Source\PSoC6\pdl\drivers/peripheral/gpio/cy_gpio.h **** *
 789:Generated_Source\PSoC6\pdl\drivers/peripheral/gpio/cy_gpio.h **** * This function should be used only for software driven pins. It does not have
 790:Generated_Source\PSoC6\pdl\drivers/peripheral/gpio/cy_gpio.h **** * any effect on peripheral driven pins.
 791:Generated_Source\PSoC6\pdl\drivers/peripheral/gpio/cy_gpio.h **** *
 792:Generated_Source\PSoC6\pdl\drivers/peripheral/gpio/cy_gpio.h **** * \param base
 793:Generated_Source\PSoC6\pdl\drivers/peripheral/gpio/cy_gpio.h **** * Pointer to the pin's port register base address
 794:Generated_Source\PSoC6\pdl\drivers/peripheral/gpio/cy_gpio.h **** *
 795:Generated_Source\PSoC6\pdl\drivers/peripheral/gpio/cy_gpio.h **** * \param pinNum
 796:Generated_Source\PSoC6\pdl\drivers/peripheral/gpio/cy_gpio.h **** * Position of the pin bit-field within the port register
 797:Generated_Source\PSoC6\pdl\drivers/peripheral/gpio/cy_gpio.h **** *
 798:Generated_Source\PSoC6\pdl\drivers/peripheral/gpio/cy_gpio.h **** * \param value
 799:Generated_Source\PSoC6\pdl\drivers/peripheral/gpio/cy_gpio.h **** * Logic level to drive out on the pin
 800:Generated_Source\PSoC6\pdl\drivers/peripheral/gpio/cy_gpio.h **** *
 801:Generated_Source\PSoC6\pdl\drivers/peripheral/gpio/cy_gpio.h **** * \funcusage
 802:Generated_Source\PSoC6\pdl\drivers/peripheral/gpio/cy_gpio.h **** * \snippet gpio/gpio_v1_10_sut_01.cydsn/main_cm4.c snippet_Cy_GPIO_Write
 803:Generated_Source\PSoC6\pdl\drivers/peripheral/gpio/cy_gpio.h **** *
 804:Generated_Source\PSoC6\pdl\drivers/peripheral/gpio/cy_gpio.h **** *******************************************************************************/
 805:Generated_Source\PSoC6\pdl\drivers/peripheral/gpio/cy_gpio.h **** __STATIC_INLINE void Cy_GPIO_Write(GPIO_PRT_Type* base, uint32_t pinNum, uint32_t value)
 806:Generated_Source\PSoC6\pdl\drivers/peripheral/gpio/cy_gpio.h **** {
 807:Generated_Source\PSoC6\pdl\drivers/peripheral/gpio/cy_gpio.h ****     CY_ASSERT_L2(CY_GPIO_IS_PIN_VALID(pinNum));
 808:Generated_Source\PSoC6\pdl\drivers/peripheral/gpio/cy_gpio.h ****     CY_ASSERT_L2(CY_GPIO_IS_VALUE_VALID(value));
 809:Generated_Source\PSoC6\pdl\drivers/peripheral/gpio/cy_gpio.h **** 
 810:Generated_Source\PSoC6\pdl\drivers/peripheral/gpio/cy_gpio.h ****     /* Thread-safe: Directly access the pin registers instead of base->OUT */
 811:Generated_Source\PSoC6\pdl\drivers/peripheral/gpio/cy_gpio.h ****     if(0UL == value)
 812:Generated_Source\PSoC6\pdl\drivers/peripheral/gpio/cy_gpio.h ****     {
ARM GAS  C:\Users\Finik\AppData\Local\Temp\ccY85NDM.s 			page 105


 813:Generated_Source\PSoC6\pdl\drivers/peripheral/gpio/cy_gpio.h ****         GPIO_PRT_OUT_CLR(base) = CY_GPIO_OUT_MASK << pinNum;
 814:Generated_Source\PSoC6\pdl\drivers/peripheral/gpio/cy_gpio.h ****     }
 815:Generated_Source\PSoC6\pdl\drivers/peripheral/gpio/cy_gpio.h ****     else
 816:Generated_Source\PSoC6\pdl\drivers/peripheral/gpio/cy_gpio.h ****     {
 817:Generated_Source\PSoC6\pdl\drivers/peripheral/gpio/cy_gpio.h ****         GPIO_PRT_OUT_SET(base) = CY_GPIO_OUT_MASK << pinNum;
 818:Generated_Source\PSoC6\pdl\drivers/peripheral/gpio/cy_gpio.h ****     }
 819:Generated_Source\PSoC6\pdl\drivers/peripheral/gpio/cy_gpio.h **** }
 820:Generated_Source\PSoC6\pdl\drivers/peripheral/gpio/cy_gpio.h **** 
 821:Generated_Source\PSoC6\pdl\drivers/peripheral/gpio/cy_gpio.h **** 
 822:Generated_Source\PSoC6\pdl\drivers/peripheral/gpio/cy_gpio.h **** /*******************************************************************************
 823:Generated_Source\PSoC6\pdl\drivers/peripheral/gpio/cy_gpio.h **** * Function Name: Cy_GPIO_ReadOut
 824:Generated_Source\PSoC6\pdl\drivers/peripheral/gpio/cy_gpio.h **** ****************************************************************************//**
 825:Generated_Source\PSoC6\pdl\drivers/peripheral/gpio/cy_gpio.h **** *
 826:Generated_Source\PSoC6\pdl\drivers/peripheral/gpio/cy_gpio.h **** * Reads the current logic level on the pin output driver.
 827:Generated_Source\PSoC6\pdl\drivers/peripheral/gpio/cy_gpio.h **** *
 828:Generated_Source\PSoC6\pdl\drivers/peripheral/gpio/cy_gpio.h **** * \param base
 829:Generated_Source\PSoC6\pdl\drivers/peripheral/gpio/cy_gpio.h **** * Pointer to the pin's port register base address
 830:Generated_Source\PSoC6\pdl\drivers/peripheral/gpio/cy_gpio.h **** *
 831:Generated_Source\PSoC6\pdl\drivers/peripheral/gpio/cy_gpio.h **** * \param pinNum
 832:Generated_Source\PSoC6\pdl\drivers/peripheral/gpio/cy_gpio.h **** * Position of the pin bit-field within the port register
 833:Generated_Source\PSoC6\pdl\drivers/peripheral/gpio/cy_gpio.h **** *
 834:Generated_Source\PSoC6\pdl\drivers/peripheral/gpio/cy_gpio.h **** * \return
 835:Generated_Source\PSoC6\pdl\drivers/peripheral/gpio/cy_gpio.h **** * Logic level on the pin output driver
 836:Generated_Source\PSoC6\pdl\drivers/peripheral/gpio/cy_gpio.h **** *
 837:Generated_Source\PSoC6\pdl\drivers/peripheral/gpio/cy_gpio.h **** * \funcusage
 838:Generated_Source\PSoC6\pdl\drivers/peripheral/gpio/cy_gpio.h **** * \snippet gpio/gpio_v1_10_sut_01.cydsn/main_cm4.c snippet_Cy_GPIO_ReadOut
 839:Generated_Source\PSoC6\pdl\drivers/peripheral/gpio/cy_gpio.h **** *
 840:Generated_Source\PSoC6\pdl\drivers/peripheral/gpio/cy_gpio.h **** *******************************************************************************/
 841:Generated_Source\PSoC6\pdl\drivers/peripheral/gpio/cy_gpio.h **** __STATIC_INLINE uint32_t Cy_GPIO_ReadOut(GPIO_PRT_Type* base, uint32_t pinNum)
 842:Generated_Source\PSoC6\pdl\drivers/peripheral/gpio/cy_gpio.h **** {
 843:Generated_Source\PSoC6\pdl\drivers/peripheral/gpio/cy_gpio.h ****     CY_ASSERT_L2(CY_GPIO_IS_PIN_VALID(pinNum));
 844:Generated_Source\PSoC6\pdl\drivers/peripheral/gpio/cy_gpio.h **** 
 845:Generated_Source\PSoC6\pdl\drivers/peripheral/gpio/cy_gpio.h ****     return (GPIO_PRT_OUT(base) >> pinNum) & CY_GPIO_OUT_MASK;
 846:Generated_Source\PSoC6\pdl\drivers/peripheral/gpio/cy_gpio.h **** }
 847:Generated_Source\PSoC6\pdl\drivers/peripheral/gpio/cy_gpio.h **** 
 848:Generated_Source\PSoC6\pdl\drivers/peripheral/gpio/cy_gpio.h **** 
 849:Generated_Source\PSoC6\pdl\drivers/peripheral/gpio/cy_gpio.h **** /*******************************************************************************
 850:Generated_Source\PSoC6\pdl\drivers/peripheral/gpio/cy_gpio.h **** * Function Name: Cy_GPIO_Set
 851:Generated_Source\PSoC6\pdl\drivers/peripheral/gpio/cy_gpio.h **** ****************************************************************************//**
 852:Generated_Source\PSoC6\pdl\drivers/peripheral/gpio/cy_gpio.h **** *
 853:Generated_Source\PSoC6\pdl\drivers/peripheral/gpio/cy_gpio.h **** * Set a pin output to logic state high.
 854:Generated_Source\PSoC6\pdl\drivers/peripheral/gpio/cy_gpio.h **** *
 855:Generated_Source\PSoC6\pdl\drivers/peripheral/gpio/cy_gpio.h **** * This function should be used only for software driven pins. It does not have
 856:Generated_Source\PSoC6\pdl\drivers/peripheral/gpio/cy_gpio.h **** * any effect on peripheral driven pins.
 857:Generated_Source\PSoC6\pdl\drivers/peripheral/gpio/cy_gpio.h **** *
 858:Generated_Source\PSoC6\pdl\drivers/peripheral/gpio/cy_gpio.h **** * \param base
 859:Generated_Source\PSoC6\pdl\drivers/peripheral/gpio/cy_gpio.h **** * Pointer to the pin's port register base address
 860:Generated_Source\PSoC6\pdl\drivers/peripheral/gpio/cy_gpio.h **** *
 861:Generated_Source\PSoC6\pdl\drivers/peripheral/gpio/cy_gpio.h **** * \param pinNum
 862:Generated_Source\PSoC6\pdl\drivers/peripheral/gpio/cy_gpio.h **** * Position of the pin bit-field within the port register
 863:Generated_Source\PSoC6\pdl\drivers/peripheral/gpio/cy_gpio.h **** *
 864:Generated_Source\PSoC6\pdl\drivers/peripheral/gpio/cy_gpio.h **** * \funcusage
 865:Generated_Source\PSoC6\pdl\drivers/peripheral/gpio/cy_gpio.h **** * \snippet gpio/gpio_v1_10_sut_01.cydsn/main_cm4.c snippet_Cy_GPIO_Set
 866:Generated_Source\PSoC6\pdl\drivers/peripheral/gpio/cy_gpio.h **** *
 867:Generated_Source\PSoC6\pdl\drivers/peripheral/gpio/cy_gpio.h **** *******************************************************************************/
 868:Generated_Source\PSoC6\pdl\drivers/peripheral/gpio/cy_gpio.h **** __STATIC_INLINE void Cy_GPIO_Set(GPIO_PRT_Type* base, uint32_t pinNum)
 869:Generated_Source\PSoC6\pdl\drivers/peripheral/gpio/cy_gpio.h **** {
ARM GAS  C:\Users\Finik\AppData\Local\Temp\ccY85NDM.s 			page 106


 870:Generated_Source\PSoC6\pdl\drivers/peripheral/gpio/cy_gpio.h ****     CY_ASSERT_L2(CY_GPIO_IS_PIN_VALID(pinNum));
 871:Generated_Source\PSoC6\pdl\drivers/peripheral/gpio/cy_gpio.h ****     
 872:Generated_Source\PSoC6\pdl\drivers/peripheral/gpio/cy_gpio.h ****     GPIO_PRT_OUT_SET(base) = CY_GPIO_OUT_MASK << pinNum;
 873:Generated_Source\PSoC6\pdl\drivers/peripheral/gpio/cy_gpio.h **** }
 874:Generated_Source\PSoC6\pdl\drivers/peripheral/gpio/cy_gpio.h **** 
 875:Generated_Source\PSoC6\pdl\drivers/peripheral/gpio/cy_gpio.h **** 
 876:Generated_Source\PSoC6\pdl\drivers/peripheral/gpio/cy_gpio.h **** /*******************************************************************************
 877:Generated_Source\PSoC6\pdl\drivers/peripheral/gpio/cy_gpio.h **** * Function Name: Cy_GPIO_Clr
 878:Generated_Source\PSoC6\pdl\drivers/peripheral/gpio/cy_gpio.h **** ****************************************************************************//**
 879:Generated_Source\PSoC6\pdl\drivers/peripheral/gpio/cy_gpio.h **** *
 880:Generated_Source\PSoC6\pdl\drivers/peripheral/gpio/cy_gpio.h **** * Set a pin output to logic state Low.
 881:Generated_Source\PSoC6\pdl\drivers/peripheral/gpio/cy_gpio.h **** *
 882:Generated_Source\PSoC6\pdl\drivers/peripheral/gpio/cy_gpio.h **** * This function should be used only for software driven pins. It does not have
 883:Generated_Source\PSoC6\pdl\drivers/peripheral/gpio/cy_gpio.h **** * any effect on peripheral driven pins.
 884:Generated_Source\PSoC6\pdl\drivers/peripheral/gpio/cy_gpio.h **** *
 885:Generated_Source\PSoC6\pdl\drivers/peripheral/gpio/cy_gpio.h **** * \param base
 886:Generated_Source\PSoC6\pdl\drivers/peripheral/gpio/cy_gpio.h **** * Pointer to the pin's port register base address
 887:Generated_Source\PSoC6\pdl\drivers/peripheral/gpio/cy_gpio.h **** *
 888:Generated_Source\PSoC6\pdl\drivers/peripheral/gpio/cy_gpio.h **** * \param pinNum
 889:Generated_Source\PSoC6\pdl\drivers/peripheral/gpio/cy_gpio.h **** * Position of the pin bit-field within the port register
 890:Generated_Source\PSoC6\pdl\drivers/peripheral/gpio/cy_gpio.h **** *
 891:Generated_Source\PSoC6\pdl\drivers/peripheral/gpio/cy_gpio.h **** * \funcusage
 892:Generated_Source\PSoC6\pdl\drivers/peripheral/gpio/cy_gpio.h **** * \snippet gpio/gpio_v1_10_sut_01.cydsn/main_cm4.c snippet_Cy_GPIO_Clr
 893:Generated_Source\PSoC6\pdl\drivers/peripheral/gpio/cy_gpio.h **** *
 894:Generated_Source\PSoC6\pdl\drivers/peripheral/gpio/cy_gpio.h **** *******************************************************************************/
 895:Generated_Source\PSoC6\pdl\drivers/peripheral/gpio/cy_gpio.h **** __STATIC_INLINE void Cy_GPIO_Clr(GPIO_PRT_Type* base, uint32_t pinNum)
 896:Generated_Source\PSoC6\pdl\drivers/peripheral/gpio/cy_gpio.h **** {
 897:Generated_Source\PSoC6\pdl\drivers/peripheral/gpio/cy_gpio.h ****     CY_ASSERT_L2(CY_GPIO_IS_PIN_VALID(pinNum));
 898:Generated_Source\PSoC6\pdl\drivers/peripheral/gpio/cy_gpio.h ****     
 899:Generated_Source\PSoC6\pdl\drivers/peripheral/gpio/cy_gpio.h ****     GPIO_PRT_OUT_CLR(base) = CY_GPIO_OUT_MASK << pinNum;
 900:Generated_Source\PSoC6\pdl\drivers/peripheral/gpio/cy_gpio.h **** }
 901:Generated_Source\PSoC6\pdl\drivers/peripheral/gpio/cy_gpio.h **** 
 902:Generated_Source\PSoC6\pdl\drivers/peripheral/gpio/cy_gpio.h **** 
 903:Generated_Source\PSoC6\pdl\drivers/peripheral/gpio/cy_gpio.h **** /*******************************************************************************
 904:Generated_Source\PSoC6\pdl\drivers/peripheral/gpio/cy_gpio.h **** * Function Name: Cy_GPIO_Inv
 905:Generated_Source\PSoC6\pdl\drivers/peripheral/gpio/cy_gpio.h **** ****************************************************************************//**
 906:Generated_Source\PSoC6\pdl\drivers/peripheral/gpio/cy_gpio.h **** *
 907:Generated_Source\PSoC6\pdl\drivers/peripheral/gpio/cy_gpio.h **** * Set a pin output logic state to the inverse of the current output
 908:Generated_Source\PSoC6\pdl\drivers/peripheral/gpio/cy_gpio.h **** * logic state.
 909:Generated_Source\PSoC6\pdl\drivers/peripheral/gpio/cy_gpio.h **** *
 910:Generated_Source\PSoC6\pdl\drivers/peripheral/gpio/cy_gpio.h **** * This function should be used only for software driven pins. It does not have
 911:Generated_Source\PSoC6\pdl\drivers/peripheral/gpio/cy_gpio.h **** * any effect on peripheral driven pins.
 912:Generated_Source\PSoC6\pdl\drivers/peripheral/gpio/cy_gpio.h **** *
 913:Generated_Source\PSoC6\pdl\drivers/peripheral/gpio/cy_gpio.h **** * \param base
 914:Generated_Source\PSoC6\pdl\drivers/peripheral/gpio/cy_gpio.h **** * Pointer to the pin's port register base address
 915:Generated_Source\PSoC6\pdl\drivers/peripheral/gpio/cy_gpio.h **** *
 916:Generated_Source\PSoC6\pdl\drivers/peripheral/gpio/cy_gpio.h **** * \param pinNum
 917:Generated_Source\PSoC6\pdl\drivers/peripheral/gpio/cy_gpio.h **** * Position of the pin bit-field within the port register
 918:Generated_Source\PSoC6\pdl\drivers/peripheral/gpio/cy_gpio.h **** *
 919:Generated_Source\PSoC6\pdl\drivers/peripheral/gpio/cy_gpio.h **** * \funcusage
 920:Generated_Source\PSoC6\pdl\drivers/peripheral/gpio/cy_gpio.h **** * \snippet gpio/gpio_v1_10_sut_01.cydsn/main_cm4.c snippet_Cy_GPIO_Inv
 921:Generated_Source\PSoC6\pdl\drivers/peripheral/gpio/cy_gpio.h **** *
 922:Generated_Source\PSoC6\pdl\drivers/peripheral/gpio/cy_gpio.h **** *******************************************************************************/
 923:Generated_Source\PSoC6\pdl\drivers/peripheral/gpio/cy_gpio.h **** __STATIC_INLINE void Cy_GPIO_Inv(GPIO_PRT_Type* base, uint32_t pinNum)
 924:Generated_Source\PSoC6\pdl\drivers/peripheral/gpio/cy_gpio.h **** {
 925:Generated_Source\PSoC6\pdl\drivers/peripheral/gpio/cy_gpio.h ****     CY_ASSERT_L2(CY_GPIO_IS_PIN_VALID(pinNum));
 926:Generated_Source\PSoC6\pdl\drivers/peripheral/gpio/cy_gpio.h ****     
ARM GAS  C:\Users\Finik\AppData\Local\Temp\ccY85NDM.s 			page 107


 927:Generated_Source\PSoC6\pdl\drivers/peripheral/gpio/cy_gpio.h ****     GPIO_PRT_OUT_INV(base) = CY_GPIO_OUT_MASK << pinNum;
 313              		.loc 8 927 0
 314 004e 0222     		movs	r2, #2
 315 0050 084B     		ldr	r3, .L19+28
 316 0052 DA60     		str	r2, [r3, #12]
 317 0054 F4E7     		b	.L16
 318              	.L20:
 319 0056 00BF     		.align	2
 320              	.L19:
 321 0058 00006640 		.word	1080426496
 322 005c 00000000 		.word	.LC0
 323 0060 0C000000 		.word	.LC1
 324 0064 2C000000 		.word	.LC2
 325 0068 44000000 		.word	.LC3
 326 006c 74000000 		.word	.LC4
 327 0070 00000000 		.word	.LANCHOR0
 328 0074 80003240 		.word	1077018752
 329              	.LBE64:
 330              	.LBE63:
 331              		.cfi_endproc
 332              	.LFE555:
 333              		.size	main, .-main
 334              		.global	LEDupdateFlag
 335              		.section	.rodata.str1.4,"aMS",%progbits,1
 336              		.align	2
 337              	.LC0:
 338 0000 1B5B324A 		.ascii	"\033[2J\033[;H\000"
 338      1B5B3B48 
 338      00
 339 0009 000000   		.space	3
 340              	.LC1:
 341 000c 2A2A2A20 		.ascii	"*** Example Project UART ***\015\012\012\000"
 341      4578616D 
 341      706C6520 
 341      50726F6A 
 341      65637420 
 342              	.LC2:
 343 002c 202D2D2D 		.ascii	" --- Lab_Work_9 ---\015\012\012\000"
 343      204C6162 
 343      5F576F72 
 343      6B5F3920 
 343      2D2D2D0D 
 344 0043 00       		.space	1
 345              	.LC3:
 346 0044 50726573 		.ascii	"Press Enter key to start blinking the LED\015\012\012"
 346      7320456E 
 346      74657220 
 346      6B657920 
 346      746F2073 
 347 0070 00       		.ascii	"\000"
 348 0071 000000   		.space	3
 349              	.LC4:
 350 0074 4F627365 		.ascii	"Observe the LED blinking on the kit!!!\015\012\000"
 350      72766520 
 350      74686520 
 350      4C454420 
 350      626C696E 
ARM GAS  C:\Users\Finik\AppData\Local\Temp\ccY85NDM.s 			page 108


 351              		.bss
 352              		.set	.LANCHOR0,. + 0
 353              		.type	LEDupdateFlag, %object
 354              		.size	LEDupdateFlag, 1
 355              	LEDupdateFlag:
 356 0000 00       		.space	1
 357              		.text
 358              	.Letext0:
 359              		.file 9 "Generated_Source\\PSoC6\\pdl\\devices/psoc6/include/cy8c6347bzi_bld53.h"
 360              		.file 10 "d:\\psoc creator\\4.4\\psoc creator\\import\\gnu\\arm\\5.4.1\\arm-none-eabi\\include\\ma
 361              		.file 11 "d:\\psoc creator\\4.4\\psoc creator\\import\\gnu\\arm\\5.4.1\\arm-none-eabi\\include\\sy
 362              		.file 12 "Generated_Source\\PSoC6\\pdl\\devices/psoc6/include/ip/cyip_gpio.h"
 363              		.file 13 "Generated_Source\\PSoC6\\pdl\\devices/psoc6/include/ip/cyip_tcpwm.h"
 364              		.file 14 "Generated_Source\\PSoC6\\pdl\\devices/psoc6/include/ip/cyip_scb.h"
 365              		.file 15 "Generated_Source\\PSoC6\\pdl\\devices/psoc6/include/psoc6_01_config.h"
 366              		.file 16 "Generated_Source\\PSoC6\\pdl\\drivers/peripheral/device/cy_device.h"
 367              		.file 17 "Generated_Source\\PSoC6\\pdl\\drivers/peripheral/syslib/cy_syslib.h"
 368              		.file 18 "Generated_Source\\PSoC6\\pdl\\drivers/peripheral/sysint/cy_sysint.h"
 369              		.file 19 "Generated_Source\\PSoC6/cyfitter_sysint_cfg.h"
 370              		.file 20 "Generated_Source\\PSoC6/Timer.h"
 371              		.file 21 "Generated_Source\\PSoC6/UART.h"
 372              		.section	.debug_info,"",%progbits
 373              	.Ldebug_info0:
 374 0000 EB1B0000 		.4byte	0x1beb
 375 0004 0400     		.2byte	0x4
 376 0006 00000000 		.4byte	.Ldebug_abbrev0
 377 000a 04       		.byte	0x4
 378 000b 01       		.uleb128 0x1
 379 000c C5120000 		.4byte	.LASF510
 380 0010 0C       		.byte	0xc
 381 0011 55080000 		.4byte	.LASF511
 382 0015 2B020000 		.4byte	.LASF512
 383 0019 00000000 		.4byte	.Ldebug_ranges0+0
 384 001d 00000000 		.4byte	0
 385 0021 00000000 		.4byte	.Ldebug_line0
 386 0025 02       		.uleb128 0x2
 387 0026 02       		.byte	0x2
 388 0027 E6030000 		.4byte	0x3e6
 389 002b 09       		.byte	0x9
 390 002c 24       		.byte	0x24
 391 002d E6030000 		.4byte	0x3e6
 392 0031 03       		.uleb128 0x3
 393 0032 4E140000 		.4byte	.LASF0
 394 0036 71       		.sleb128 -15
 395 0037 03       		.uleb128 0x3
 396 0038 F60C0000 		.4byte	.LASF1
 397 003c 72       		.sleb128 -14
 398 003d 03       		.uleb128 0x3
 399 003e 0A230000 		.4byte	.LASF2
 400 0042 73       		.sleb128 -13
 401 0043 03       		.uleb128 0x3
 402 0044 3A0D0000 		.4byte	.LASF3
 403 0048 74       		.sleb128 -12
 404 0049 03       		.uleb128 0x3
 405 004a 380F0000 		.4byte	.LASF4
 406 004e 75       		.sleb128 -11
 407 004f 03       		.uleb128 0x3
ARM GAS  C:\Users\Finik\AppData\Local\Temp\ccY85NDM.s 			page 109


 408 0050 F3080000 		.4byte	.LASF5
 409 0054 76       		.sleb128 -10
 410 0055 03       		.uleb128 0x3
 411 0056 C6130000 		.4byte	.LASF6
 412 005a 7B       		.sleb128 -5
 413 005b 03       		.uleb128 0x3
 414 005c 031C0000 		.4byte	.LASF7
 415 0060 7C       		.sleb128 -4
 416 0061 03       		.uleb128 0x3
 417 0062 A9100000 		.4byte	.LASF8
 418 0066 7E       		.sleb128 -2
 419 0067 03       		.uleb128 0x3
 420 0068 CC060000 		.4byte	.LASF9
 421 006c 7F       		.sleb128 -1
 422 006d 04       		.uleb128 0x4
 423 006e E10A0000 		.4byte	.LASF10
 424 0072 00       		.byte	0
 425 0073 04       		.uleb128 0x4
 426 0074 03150000 		.4byte	.LASF11
 427 0078 01       		.byte	0x1
 428 0079 04       		.uleb128 0x4
 429 007a 1B1F0000 		.4byte	.LASF12
 430 007e 02       		.byte	0x2
 431 007f 04       		.uleb128 0x4
 432 0080 20100000 		.4byte	.LASF13
 433 0084 03       		.byte	0x3
 434 0085 04       		.uleb128 0x4
 435 0086 59040000 		.4byte	.LASF14
 436 008a 04       		.byte	0x4
 437 008b 04       		.uleb128 0x4
 438 008c 93010000 		.4byte	.LASF15
 439 0090 05       		.byte	0x5
 440 0091 04       		.uleb128 0x4
 441 0092 C6160000 		.4byte	.LASF16
 442 0096 06       		.byte	0x6
 443 0097 04       		.uleb128 0x4
 444 0098 C6090000 		.4byte	.LASF17
 445 009c 07       		.byte	0x7
 446 009d 04       		.uleb128 0x4
 447 009e 8B070000 		.4byte	.LASF18
 448 00a2 08       		.byte	0x8
 449 00a3 04       		.uleb128 0x4
 450 00a4 981D0000 		.4byte	.LASF19
 451 00a8 09       		.byte	0x9
 452 00a9 04       		.uleb128 0x4
 453 00aa 171E0000 		.4byte	.LASF20
 454 00ae 0A       		.byte	0xa
 455 00af 04       		.uleb128 0x4
 456 00b0 C40E0000 		.4byte	.LASF21
 457 00b4 0B       		.byte	0xb
 458 00b5 04       		.uleb128 0x4
 459 00b6 02030000 		.4byte	.LASF22
 460 00ba 0C       		.byte	0xc
 461 00bb 04       		.uleb128 0x4
 462 00bc CC000000 		.4byte	.LASF23
 463 00c0 0D       		.byte	0xd
 464 00c1 04       		.uleb128 0x4
ARM GAS  C:\Users\Finik\AppData\Local\Temp\ccY85NDM.s 			page 110


 465 00c2 7B150000 		.4byte	.LASF24
 466 00c6 0E       		.byte	0xe
 467 00c7 04       		.uleb128 0x4
 468 00c8 26140000 		.4byte	.LASF25
 469 00cc 0F       		.byte	0xf
 470 00cd 04       		.uleb128 0x4
 471 00ce D61F0000 		.4byte	.LASF26
 472 00d2 10       		.byte	0x10
 473 00d3 04       		.uleb128 0x4
 474 00d4 0D1D0000 		.4byte	.LASF27
 475 00d8 11       		.byte	0x11
 476 00d9 04       		.uleb128 0x4
 477 00da CF220000 		.4byte	.LASF28
 478 00de 12       		.byte	0x12
 479 00df 04       		.uleb128 0x4
 480 00e0 19230000 		.4byte	.LASF29
 481 00e4 13       		.byte	0x13
 482 00e5 04       		.uleb128 0x4
 483 00e6 DB150000 		.4byte	.LASF30
 484 00ea 14       		.byte	0x14
 485 00eb 04       		.uleb128 0x4
 486 00ec E4220000 		.4byte	.LASF31
 487 00f0 15       		.byte	0x15
 488 00f1 04       		.uleb128 0x4
 489 00f2 DD010000 		.4byte	.LASF32
 490 00f6 16       		.byte	0x16
 491 00f7 04       		.uleb128 0x4
 492 00f8 231D0000 		.4byte	.LASF33
 493 00fc 17       		.byte	0x17
 494 00fd 04       		.uleb128 0x4
 495 00fe 5F170000 		.4byte	.LASF34
 496 0102 18       		.byte	0x18
 497 0103 04       		.uleb128 0x4
 498 0104 71210000 		.4byte	.LASF35
 499 0108 19       		.byte	0x19
 500 0109 04       		.uleb128 0x4
 501 010a E51E0000 		.4byte	.LASF36
 502 010e 1A       		.byte	0x1a
 503 010f 04       		.uleb128 0x4
 504 0110 E60F0000 		.4byte	.LASF37
 505 0114 1B       		.byte	0x1b
 506 0115 04       		.uleb128 0x4
 507 0116 0D040000 		.4byte	.LASF38
 508 011a 1C       		.byte	0x1c
 509 011b 04       		.uleb128 0x4
 510 011c 5D010000 		.4byte	.LASF39
 511 0120 1D       		.byte	0x1d
 512 0121 04       		.uleb128 0x4
 513 0122 9A160000 		.4byte	.LASF40
 514 0126 1E       		.byte	0x1e
 515 0127 04       		.uleb128 0x4
 516 0128 A21B0000 		.4byte	.LASF41
 517 012c 1F       		.byte	0x1f
 518 012d 04       		.uleb128 0x4
 519 012e 6F070000 		.4byte	.LASF42
 520 0132 20       		.byte	0x20
 521 0133 04       		.uleb128 0x4
ARM GAS  C:\Users\Finik\AppData\Local\Temp\ccY85NDM.s 			page 111


 522 0134 681D0000 		.4byte	.LASF43
 523 0138 21       		.byte	0x21
 524 0139 04       		.uleb128 0x4
 525 013a C8190000 		.4byte	.LASF44
 526 013e 22       		.byte	0x22
 527 013f 04       		.uleb128 0x4
 528 0140 A8120000 		.4byte	.LASF45
 529 0144 23       		.byte	0x23
 530 0145 04       		.uleb128 0x4
 531 0146 4F060000 		.4byte	.LASF46
 532 014a 24       		.byte	0x24
 533 014b 04       		.uleb128 0x4
 534 014c 551C0000 		.4byte	.LASF47
 535 0150 25       		.byte	0x25
 536 0151 04       		.uleb128 0x4
 537 0152 A6190000 		.4byte	.LASF48
 538 0156 26       		.byte	0x26
 539 0157 04       		.uleb128 0x4
 540 0158 A90B0000 		.4byte	.LASF49
 541 015c 27       		.byte	0x27
 542 015d 04       		.uleb128 0x4
 543 015e 9A220000 		.4byte	.LASF50
 544 0162 28       		.byte	0x28
 545 0163 04       		.uleb128 0x4
 546 0164 00180000 		.4byte	.LASF51
 547 0168 29       		.byte	0x29
 548 0169 04       		.uleb128 0x4
 549 016a 3F190000 		.4byte	.LASF52
 550 016e 2A       		.byte	0x2a
 551 016f 04       		.uleb128 0x4
 552 0170 890E0000 		.4byte	.LASF53
 553 0174 2B       		.byte	0x2b
 554 0175 04       		.uleb128 0x4
 555 0176 8E1F0000 		.4byte	.LASF54
 556 017a 2C       		.byte	0x2c
 557 017b 04       		.uleb128 0x4
 558 017c 3A150000 		.4byte	.LASF55
 559 0180 2D       		.byte	0x2d
 560 0181 04       		.uleb128 0x4
 561 0182 AF010000 		.4byte	.LASF56
 562 0186 2E       		.byte	0x2e
 563 0187 04       		.uleb128 0x4
 564 0188 7D1C0000 		.4byte	.LASF57
 565 018c 2F       		.byte	0x2f
 566 018d 04       		.uleb128 0x4
 567 018e A7070000 		.4byte	.LASF58
 568 0192 30       		.byte	0x30
 569 0193 04       		.uleb128 0x4
 570 0194 E3060000 		.4byte	.LASF59
 571 0198 31       		.byte	0x31
 572 0199 04       		.uleb128 0x4
 573 019a 9D0A0000 		.4byte	.LASF60
 574 019e 32       		.byte	0x32
 575 019f 04       		.uleb128 0x4
 576 01a0 08210000 		.4byte	.LASF61
 577 01a4 33       		.byte	0x33
 578 01a5 04       		.uleb128 0x4
ARM GAS  C:\Users\Finik\AppData\Local\Temp\ccY85NDM.s 			page 112


 579 01a6 54120000 		.4byte	.LASF62
 580 01aa 34       		.byte	0x34
 581 01ab 04       		.uleb128 0x4
 582 01ac B70F0000 		.4byte	.LASF63
 583 01b0 35       		.byte	0x35
 584 01b1 04       		.uleb128 0x4
 585 01b2 DA030000 		.4byte	.LASF64
 586 01b6 36       		.byte	0x36
 587 01b7 04       		.uleb128 0x4
 588 01b8 82230000 		.4byte	.LASF65
 589 01bc 37       		.byte	0x37
 590 01bd 04       		.uleb128 0x4
 591 01be 48160000 		.4byte	.LASF66
 592 01c2 38       		.byte	0x38
 593 01c3 04       		.uleb128 0x4
 594 01c4 57090000 		.4byte	.LASF67
 595 01c8 39       		.byte	0x39
 596 01c9 04       		.uleb128 0x4
 597 01ca A31F0000 		.4byte	.LASF68
 598 01ce 3A       		.byte	0x3a
 599 01cf 04       		.uleb128 0x4
 600 01d0 B5100000 		.4byte	.LASF69
 601 01d4 3B       		.byte	0x3b
 602 01d5 04       		.uleb128 0x4
 603 01d6 F40E0000 		.4byte	.LASF70
 604 01da 3C       		.byte	0x3c
 605 01db 04       		.uleb128 0x4
 606 01dc 1F030000 		.4byte	.LASF71
 607 01e0 3D       		.byte	0x3d
 608 01e1 04       		.uleb128 0x4
 609 01e2 AB180000 		.4byte	.LASF72
 610 01e6 3E       		.byte	0x3e
 611 01e7 04       		.uleb128 0x4
 612 01e8 98150000 		.4byte	.LASF73
 613 01ec 3F       		.byte	0x3f
 614 01ed 04       		.uleb128 0x4
 615 01ee CC080000 		.4byte	.LASF74
 616 01f2 40       		.byte	0x40
 617 01f3 04       		.uleb128 0x4
 618 01f4 C81E0000 		.4byte	.LASF75
 619 01f8 41       		.byte	0x41
 620 01f9 04       		.uleb128 0x4
 621 01fa 1A220000 		.4byte	.LASF76
 622 01fe 42       		.byte	0x42
 623 01ff 04       		.uleb128 0x4
 624 0200 68140000 		.4byte	.LASF77
 625 0204 43       		.byte	0x43
 626 0205 04       		.uleb128 0x4
 627 0206 A2060000 		.4byte	.LASF78
 628 020a 44       		.byte	0x44
 629 020b 04       		.uleb128 0x4
 630 020c C6040000 		.4byte	.LASF79
 631 0210 45       		.byte	0x45
 632 0211 04       		.uleb128 0x4
 633 0212 261A0000 		.4byte	.LASF80
 634 0216 46       		.byte	0x46
 635 0217 04       		.uleb128 0x4
ARM GAS  C:\Users\Finik\AppData\Local\Temp\ccY85NDM.s 			page 113


 636 0218 2E0C0000 		.4byte	.LASF81
 637 021c 47       		.byte	0x47
 638 021d 04       		.uleb128 0x4
 639 021e 110A0000 		.4byte	.LASF82
 640 0222 48       		.byte	0x48
 641 0223 04       		.uleb128 0x4
 642 0224 52200000 		.4byte	.LASF83
 643 0228 49       		.byte	0x49
 644 0229 04       		.uleb128 0x4
 645 022a 8D110000 		.4byte	.LASF84
 646 022e 4A       		.byte	0x4a
 647 022f 04       		.uleb128 0x4
 648 0230 9E0E0000 		.4byte	.LASF85
 649 0234 4B       		.byte	0x4b
 650 0235 04       		.uleb128 0x4
 651 0236 15180000 		.4byte	.LASF86
 652 023a 4C       		.byte	0x4c
 653 023b 04       		.uleb128 0x4
 654 023c 710A0000 		.4byte	.LASF87
 655 0240 4D       		.byte	0x4d
 656 0241 04       		.uleb128 0x4
 657 0242 54190000 		.4byte	.LASF88
 658 0246 4E       		.byte	0x4e
 659 0247 04       		.uleb128 0x4
 660 0248 2D060000 		.4byte	.LASF89
 661 024c 4F       		.byte	0x4f
 662 024d 04       		.uleb128 0x4
 663 024e 710F0000 		.4byte	.LASF90
 664 0252 50       		.byte	0x50
 665 0253 04       		.uleb128 0x4
 666 0254 88030000 		.4byte	.LASF91
 667 0258 51       		.byte	0x51
 668 0259 04       		.uleb128 0x4
 669 025a 421A0000 		.4byte	.LASF92
 670 025e 52       		.byte	0x52
 671 025f 04       		.uleb128 0x4
 672 0260 590C0000 		.4byte	.LASF93
 673 0264 53       		.byte	0x53
 674 0265 04       		.uleb128 0x4
 675 0266 6A1A0000 		.4byte	.LASF94
 676 026a 54       		.byte	0x54
 677 026b 04       		.uleb128 0x4
 678 026c 66020000 		.4byte	.LASF95
 679 0270 55       		.byte	0x55
 680 0271 04       		.uleb128 0x4
 681 0272 ED1C0000 		.4byte	.LASF96
 682 0276 56       		.byte	0x56
 683 0277 04       		.uleb128 0x4
 684 0278 9A0D0000 		.4byte	.LASF97
 685 027c 57       		.byte	0x57
 686 027d 04       		.uleb128 0x4
 687 027e C7070000 		.4byte	.LASF98
 688 0282 58       		.byte	0x58
 689 0283 04       		.uleb128 0x4
 690 0284 C11D0000 		.4byte	.LASF99
 691 0288 59       		.byte	0x59
 692 0289 04       		.uleb128 0x4
ARM GAS  C:\Users\Finik\AppData\Local\Temp\ccY85NDM.s 			page 114


 693 028a 291B0000 		.4byte	.LASF100
 694 028e 5A       		.byte	0x5a
 695 028f 04       		.uleb128 0x4
 696 0290 2D010000 		.4byte	.LASF101
 697 0294 5B       		.byte	0x5b
 698 0295 04       		.uleb128 0x4
 699 0296 C70A0000 		.4byte	.LASF102
 700 029a 5C       		.byte	0x5c
 701 029b 04       		.uleb128 0x4
 702 029c 92210000 		.4byte	.LASF103
 703 02a0 5D       		.byte	0x5d
 704 02a1 04       		.uleb128 0x4
 705 02a2 011F0000 		.4byte	.LASF104
 706 02a6 5E       		.byte	0x5e
 707 02a7 04       		.uleb128 0x4
 708 02a8 6F220000 		.4byte	.LASF105
 709 02ac 5F       		.byte	0x5f
 710 02ad 04       		.uleb128 0x4
 711 02ae 29040000 		.4byte	.LASF106
 712 02b2 60       		.byte	0x60
 713 02b3 04       		.uleb128 0x4
 714 02b4 79010000 		.4byte	.LASF107
 715 02b8 61       		.byte	0x61
 716 02b9 04       		.uleb128 0x4
 717 02ba 2D1C0000 		.4byte	.LASF108
 718 02be 62       		.byte	0x62
 719 02bf 04       		.uleb128 0x4
 720 02c0 80160000 		.4byte	.LASF109
 721 02c4 63       		.byte	0x63
 722 02c5 04       		.uleb128 0x4
 723 02c6 7B090000 		.4byte	.LASF110
 724 02ca 64       		.byte	0x64
 725 02cb 04       		.uleb128 0x4
 726 02cc B5150000 		.4byte	.LASF111
 727 02d0 65       		.byte	0x65
 728 02d1 04       		.uleb128 0x4
 729 02d2 FF100000 		.4byte	.LASF112
 730 02d6 66       		.byte	0x66
 731 02d7 04       		.uleb128 0x4
 732 02d8 1A0E0000 		.4byte	.LASF113
 733 02dc 67       		.byte	0x67
 734 02dd 04       		.uleb128 0x4
 735 02de 11020000 		.4byte	.LASF114
 736 02e2 68       		.byte	0x68
 737 02e3 04       		.uleb128 0x4
 738 02e4 C8170000 		.4byte	.LASF115
 739 02e8 69       		.byte	0x69
 740 02e9 04       		.uleb128 0x4
 741 02ea B7140000 		.4byte	.LASF116
 742 02ee 6A       		.byte	0x6a
 743 02ef 04       		.uleb128 0x4
 744 02f0 591B0000 		.4byte	.LASF117
 745 02f4 6B       		.byte	0x6b
 746 02f5 04       		.uleb128 0x4
 747 02f6 450A0000 		.4byte	.LASF118
 748 02fa 6C       		.byte	0x6c
 749 02fb 04       		.uleb128 0x4
ARM GAS  C:\Users\Finik\AppData\Local\Temp\ccY85NDM.s 			page 115


 750 02fc 89200000 		.4byte	.LASF119
 751 0300 6D       		.byte	0x6d
 752 0301 04       		.uleb128 0x4
 753 0302 F3110000 		.4byte	.LASF120
 754 0306 6E       		.byte	0x6e
 755 0307 04       		.uleb128 0x4
 756 0308 7A050000 		.4byte	.LASF121
 757 030c 6F       		.byte	0x6f
 758 030d 04       		.uleb128 0x4
 759 030e 63030000 		.4byte	.LASF122
 760 0312 70       		.byte	0x70
 761 0313 04       		.uleb128 0x4
 762 0314 FD0A0000 		.4byte	.LASF123
 763 0318 71       		.byte	0x71
 764 0319 04       		.uleb128 0x4
 765 031a 180B0000 		.4byte	.LASF124
 766 031e 72       		.byte	0x72
 767 031f 04       		.uleb128 0x4
 768 0320 03090000 		.4byte	.LASF125
 769 0324 73       		.byte	0x73
 770 0325 04       		.uleb128 0x4
 771 0326 371F0000 		.4byte	.LASF126
 772 032a 74       		.byte	0x74
 773 032b 04       		.uleb128 0x4
 774 032c 3C100000 		.4byte	.LASF127
 775 0330 75       		.byte	0x75
 776 0331 04       		.uleb128 0x4
 777 0332 F20B0000 		.4byte	.LASF128
 778 0336 76       		.byte	0x76
 779 0337 04       		.uleb128 0x4
 780 0338 35230000 		.4byte	.LASF129
 781 033c 77       		.byte	0x77
 782 033d 04       		.uleb128 0x4
 783 033e D2130000 		.4byte	.LASF130
 784 0342 78       		.byte	0x78
 785 0343 04       		.uleb128 0x4
 786 0344 AD1E0000 		.4byte	.LASF131
 787 0348 79       		.byte	0x79
 788 0349 04       		.uleb128 0x4
 789 034a 64050000 		.4byte	.LASF132
 790 034e 7A       		.byte	0x7a
 791 034f 04       		.uleb128 0x4
 792 0350 431B0000 		.4byte	.LASF133
 793 0354 7B       		.byte	0x7b
 794 0355 04       		.uleb128 0x4
 795 0356 BF0C0000 		.4byte	.LASF134
 796 035a 7C       		.byte	0x7c
 797 035b 04       		.uleb128 0x4
 798 035c 16000000 		.4byte	.LASF135
 799 0360 7D       		.byte	0x7d
 800 0361 04       		.uleb128 0x4
 801 0362 AC210000 		.4byte	.LASF136
 802 0366 7E       		.byte	0x7e
 803 0367 04       		.uleb128 0x4
 804 0368 80120000 		.4byte	.LASF137
 805 036c 7F       		.byte	0x7f
 806 036d 04       		.uleb128 0x4
ARM GAS  C:\Users\Finik\AppData\Local\Temp\ccY85NDM.s 			page 116


 807 036e 0B060000 		.4byte	.LASF138
 808 0372 80       		.byte	0x80
 809 0373 04       		.uleb128 0x4
 810 0374 43040000 		.4byte	.LASF139
 811 0378 81       		.byte	0x81
 812 0379 04       		.uleb128 0x4
 813 037a 90190000 		.4byte	.LASF140
 814 037e 82       		.byte	0x82
 815 037f 04       		.uleb128 0x4
 816 0380 930B0000 		.4byte	.LASF141
 817 0384 83       		.byte	0x83
 818 0385 04       		.uleb128 0x4
 819 0386 BF1F0000 		.4byte	.LASF142
 820 038a 84       		.byte	0x84
 821 038b 04       		.uleb128 0x4
 822 038c DA100000 		.4byte	.LASF143
 823 0390 85       		.byte	0x85
 824 0391 04       		.uleb128 0x4
 825 0392 030E0000 		.4byte	.LASF144
 826 0396 86       		.byte	0x86
 827 0397 04       		.uleb128 0x4
 828 0398 FA010000 		.4byte	.LASF145
 829 039c 87       		.byte	0x87
 830 039d 04       		.uleb128 0x4
 831 039e B1170000 		.4byte	.LASF146
 832 03a2 88       		.byte	0x88
 833 03a3 04       		.uleb128 0x4
 834 03a4 92140000 		.4byte	.LASF147
 835 03a8 89       		.byte	0x89
 836 03a9 04       		.uleb128 0x4
 837 03aa 0E140000 		.4byte	.LASF148
 838 03ae 8A       		.byte	0x8a
 839 03af 04       		.uleb128 0x4
 840 03b0 051B0000 		.4byte	.LASF149
 841 03b4 8B       		.byte	0x8b
 842 03b5 04       		.uleb128 0x4
 843 03b6 E2160000 		.4byte	.LASF150
 844 03ba 8C       		.byte	0x8c
 845 03bb 04       		.uleb128 0x4
 846 03bc A2090000 		.4byte	.LASF151
 847 03c0 8D       		.byte	0x8d
 848 03c1 04       		.uleb128 0x4
 849 03c2 4F030000 		.4byte	.LASF152
 850 03c6 8E       		.byte	0x8e
 851 03c7 04       		.uleb128 0x4
 852 03c8 53180000 		.4byte	.LASF153
 853 03cc 8F       		.byte	0x8f
 854 03cd 04       		.uleb128 0x4
 855 03ce 40090000 		.4byte	.LASF154
 856 03d2 90       		.byte	0x90
 857 03d3 04       		.uleb128 0x4
 858 03d4 60080000 		.4byte	.LASF155
 859 03d8 91       		.byte	0x91
 860 03d9 04       		.uleb128 0x4
 861 03da 0D0C0000 		.4byte	.LASF156
 862 03de 92       		.byte	0x92
 863 03df 04       		.uleb128 0x4
ARM GAS  C:\Users\Finik\AppData\Local\Temp\ccY85NDM.s 			page 117


 864 03e0 8C080000 		.4byte	.LASF157
 865 03e4 F0       		.byte	0xf0
 866 03e5 00       		.byte	0
 867 03e6 05       		.uleb128 0x5
 868 03e7 02       		.byte	0x2
 869 03e8 05       		.byte	0x5
 870 03e9 DC1C0000 		.4byte	.LASF158
 871 03ed 06       		.uleb128 0x6
 872 03ee 760D0000 		.4byte	.LASF160
 873 03f2 09       		.byte	0x9
 874 03f3 F4       		.byte	0xf4
 875 03f4 25000000 		.4byte	0x25
 876 03f8 05       		.uleb128 0x5
 877 03f9 01       		.byte	0x1
 878 03fa 06       		.byte	0x6
 879 03fb 1C070000 		.4byte	.LASF159
 880 03ff 06       		.uleb128 0x6
 881 0400 BC040000 		.4byte	.LASF161
 882 0404 0A       		.byte	0xa
 883 0405 1D       		.byte	0x1d
 884 0406 0A040000 		.4byte	0x40a
 885 040a 05       		.uleb128 0x5
 886 040b 01       		.byte	0x1
 887 040c 08       		.byte	0x8
 888 040d 84140000 		.4byte	.LASF162
 889 0411 06       		.uleb128 0x6
 890 0412 601A0000 		.4byte	.LASF163
 891 0416 0A       		.byte	0xa
 892 0417 29       		.byte	0x29
 893 0418 E6030000 		.4byte	0x3e6
 894 041c 06       		.uleb128 0x6
 895 041d E2090000 		.4byte	.LASF164
 896 0421 0A       		.byte	0xa
 897 0422 2B       		.byte	0x2b
 898 0423 27040000 		.4byte	0x427
 899 0427 05       		.uleb128 0x5
 900 0428 02       		.byte	0x2
 901 0429 07       		.byte	0x7
 902 042a F5200000 		.4byte	.LASF165
 903 042e 06       		.uleb128 0x6
 904 042f 10220000 		.4byte	.LASF166
 905 0433 0A       		.byte	0xa
 906 0434 3F       		.byte	0x3f
 907 0435 39040000 		.4byte	0x439
 908 0439 05       		.uleb128 0x5
 909 043a 04       		.byte	0x4
 910 043b 05       		.byte	0x5
 911 043c 1A050000 		.4byte	.LASF167
 912 0440 06       		.uleb128 0x6
 913 0441 D30F0000 		.4byte	.LASF168
 914 0445 0A       		.byte	0xa
 915 0446 41       		.byte	0x41
 916 0447 4B040000 		.4byte	0x44b
 917 044b 05       		.uleb128 0x5
 918 044c 04       		.byte	0x4
 919 044d 07       		.byte	0x7
 920 044e 280D0000 		.4byte	.LASF169
ARM GAS  C:\Users\Finik\AppData\Local\Temp\ccY85NDM.s 			page 118


 921 0452 05       		.uleb128 0x5
 922 0453 08       		.byte	0x8
 923 0454 05       		.byte	0x5
 924 0455 12100000 		.4byte	.LASF170
 925 0459 05       		.uleb128 0x5
 926 045a 08       		.byte	0x8
 927 045b 07       		.byte	0x7
 928 045c E9170000 		.4byte	.LASF171
 929 0460 07       		.uleb128 0x7
 930 0461 04       		.byte	0x4
 931 0462 05       		.byte	0x5
 932 0463 696E7400 		.ascii	"int\000"
 933 0467 05       		.uleb128 0x5
 934 0468 04       		.byte	0x4
 935 0469 07       		.byte	0x7
 936 046a 96120000 		.4byte	.LASF172
 937 046e 06       		.uleb128 0x6
 938 046f 34070000 		.4byte	.LASF173
 939 0473 0B       		.byte	0xb
 940 0474 18       		.byte	0x18
 941 0475 FF030000 		.4byte	0x3ff
 942 0479 06       		.uleb128 0x6
 943 047a 601D0000 		.4byte	.LASF174
 944 047e 0B       		.byte	0xb
 945 047f 20       		.byte	0x20
 946 0480 11040000 		.4byte	0x411
 947 0484 06       		.uleb128 0x6
 948 0485 9E1C0000 		.4byte	.LASF175
 949 0489 0B       		.byte	0xb
 950 048a 24       		.byte	0x24
 951 048b 1C040000 		.4byte	0x41c
 952 048f 06       		.uleb128 0x6
 953 0490 E4190000 		.4byte	.LASF176
 954 0494 0B       		.byte	0xb
 955 0495 2C       		.byte	0x2c
 956 0496 2E040000 		.4byte	0x42e
 957 049a 06       		.uleb128 0x6
 958 049b 22200000 		.4byte	.LASF177
 959 049f 0B       		.byte	0xb
 960 04a0 30       		.byte	0x30
 961 04a1 40040000 		.4byte	0x440
 962 04a5 08       		.uleb128 0x8
 963 04a6 040E     		.2byte	0xe04
 964 04a8 03       		.byte	0x3
 965 04a9 9601     		.2byte	0x196
 966 04ab 61050000 		.4byte	0x561
 967 04af 09       		.uleb128 0x9
 968 04b0 95220000 		.4byte	.LASF178
 969 04b4 03       		.byte	0x3
 970 04b5 9801     		.2byte	0x198
 971 04b7 7D050000 		.4byte	0x57d
 972 04bb 00       		.byte	0
 973 04bc 09       		.uleb128 0x9
 974 04bd AC080000 		.4byte	.LASF179
 975 04c1 03       		.byte	0x3
 976 04c2 9901     		.2byte	0x199
 977 04c4 82050000 		.4byte	0x582
ARM GAS  C:\Users\Finik\AppData\Local\Temp\ccY85NDM.s 			page 119


 978 04c8 20       		.byte	0x20
 979 04c9 09       		.uleb128 0x9
 980 04ca C3190000 		.4byte	.LASF180
 981 04ce 03       		.byte	0x3
 982 04cf 9A01     		.2byte	0x19a
 983 04d1 92050000 		.4byte	0x592
 984 04d5 80       		.byte	0x80
 985 04d6 09       		.uleb128 0x9
 986 04d7 00000000 		.4byte	.LASF181
 987 04db 03       		.byte	0x3
 988 04dc 9B01     		.2byte	0x19b
 989 04de 82050000 		.4byte	0x582
 990 04e2 A0       		.byte	0xa0
 991 04e3 0A       		.uleb128 0xa
 992 04e4 8D210000 		.4byte	.LASF182
 993 04e8 03       		.byte	0x3
 994 04e9 9C01     		.2byte	0x19c
 995 04eb 97050000 		.4byte	0x597
 996 04ef 0001     		.2byte	0x100
 997 04f1 0A       		.uleb128 0xa
 998 04f2 F1070000 		.4byte	.LASF183
 999 04f6 03       		.byte	0x3
 1000 04f7 9D01     		.2byte	0x19d
 1001 04f9 82050000 		.4byte	0x582
 1002 04fd 2001     		.2byte	0x120
 1003 04ff 0A       		.uleb128 0xa
 1004 0500 BC030000 		.4byte	.LASF184
 1005 0504 03       		.byte	0x3
 1006 0505 9E01     		.2byte	0x19e
 1007 0507 9C050000 		.4byte	0x59c
 1008 050b 8001     		.2byte	0x180
 1009 050d 0A       		.uleb128 0xa
 1010 050e E9080000 		.4byte	.LASF185
 1011 0512 03       		.byte	0x3
 1012 0513 9F01     		.2byte	0x19f
 1013 0515 82050000 		.4byte	0x582
 1014 0519 A001     		.2byte	0x1a0
 1015 051b 0A       		.uleb128 0xa
 1016 051c 44080000 		.4byte	.LASF186
 1017 0520 03       		.byte	0x3
 1018 0521 A001     		.2byte	0x1a0
 1019 0523 A1050000 		.4byte	0x5a1
 1020 0527 0002     		.2byte	0x200
 1021 0529 0A       		.uleb128 0xa
 1022 052a 08080000 		.4byte	.LASF187
 1023 052e 03       		.byte	0x3
 1024 052f A101     		.2byte	0x1a1
 1025 0531 A6050000 		.4byte	0x5a6
 1026 0535 2002     		.2byte	0x220
 1027 0537 0B       		.uleb128 0xb
 1028 0538 495000   		.ascii	"IP\000"
 1029 053b 03       		.byte	0x3
 1030 053c A201     		.2byte	0x1a2
 1031 053e CB050000 		.4byte	0x5cb
 1032 0542 0003     		.2byte	0x300
 1033 0544 0A       		.uleb128 0xa
 1034 0545 12080000 		.4byte	.LASF188
ARM GAS  C:\Users\Finik\AppData\Local\Temp\ccY85NDM.s 			page 120


 1035 0549 03       		.byte	0x3
 1036 054a A301     		.2byte	0x1a3
 1037 054c D0050000 		.4byte	0x5d0
 1038 0550 F003     		.2byte	0x3f0
 1039 0552 0A       		.uleb128 0xa
 1040 0553 C60B0000 		.4byte	.LASF189
 1041 0557 03       		.byte	0x3
 1042 0558 A401     		.2byte	0x1a4
 1043 055a 78050000 		.4byte	0x578
 1044 055e 000E     		.2byte	0xe00
 1045 0560 00       		.byte	0
 1046 0561 0C       		.uleb128 0xc
 1047 0562 78050000 		.4byte	0x578
 1048 0566 71050000 		.4byte	0x571
 1049 056a 0D       		.uleb128 0xd
 1050 056b 71050000 		.4byte	0x571
 1051 056f 07       		.byte	0x7
 1052 0570 00       		.byte	0
 1053 0571 05       		.uleb128 0x5
 1054 0572 04       		.byte	0x4
 1055 0573 07       		.byte	0x7
 1056 0574 5E000000 		.4byte	.LASF190
 1057 0578 0E       		.uleb128 0xe
 1058 0579 9A040000 		.4byte	0x49a
 1059 057d 0E       		.uleb128 0xe
 1060 057e 61050000 		.4byte	0x561
 1061 0582 0C       		.uleb128 0xc
 1062 0583 9A040000 		.4byte	0x49a
 1063 0587 92050000 		.4byte	0x592
 1064 058b 0D       		.uleb128 0xd
 1065 058c 71050000 		.4byte	0x571
 1066 0590 17       		.byte	0x17
 1067 0591 00       		.byte	0
 1068 0592 0E       		.uleb128 0xe
 1069 0593 61050000 		.4byte	0x561
 1070 0597 0E       		.uleb128 0xe
 1071 0598 61050000 		.4byte	0x561
 1072 059c 0E       		.uleb128 0xe
 1073 059d 61050000 		.4byte	0x561
 1074 05a1 0E       		.uleb128 0xe
 1075 05a2 61050000 		.4byte	0x561
 1076 05a6 0C       		.uleb128 0xc
 1077 05a7 9A040000 		.4byte	0x49a
 1078 05ab B6050000 		.4byte	0x5b6
 1079 05af 0D       		.uleb128 0xd
 1080 05b0 71050000 		.4byte	0x571
 1081 05b4 37       		.byte	0x37
 1082 05b5 00       		.byte	0
 1083 05b6 0C       		.uleb128 0xc
 1084 05b7 C6050000 		.4byte	0x5c6
 1085 05bb C6050000 		.4byte	0x5c6
 1086 05bf 0D       		.uleb128 0xd
 1087 05c0 71050000 		.4byte	0x571
 1088 05c4 EF       		.byte	0xef
 1089 05c5 00       		.byte	0
 1090 05c6 0E       		.uleb128 0xe
 1091 05c7 6E040000 		.4byte	0x46e
ARM GAS  C:\Users\Finik\AppData\Local\Temp\ccY85NDM.s 			page 121


 1092 05cb 0E       		.uleb128 0xe
 1093 05cc B6050000 		.4byte	0x5b6
 1094 05d0 0C       		.uleb128 0xc
 1095 05d1 9A040000 		.4byte	0x49a
 1096 05d5 E1050000 		.4byte	0x5e1
 1097 05d9 0F       		.uleb128 0xf
 1098 05da 71050000 		.4byte	0x571
 1099 05de 8302     		.2byte	0x283
 1100 05e0 00       		.byte	0
 1101 05e1 10       		.uleb128 0x10
 1102 05e2 89170000 		.4byte	.LASF191
 1103 05e6 03       		.byte	0x3
 1104 05e7 A501     		.2byte	0x1a5
 1105 05e9 A5040000 		.4byte	0x4a5
 1106 05ed 11       		.uleb128 0x11
 1107 05ee 78050000 		.4byte	0x578
 1108 05f2 0C       		.uleb128 0xc
 1109 05f3 ED050000 		.4byte	0x5ed
 1110 05f7 02060000 		.4byte	0x602
 1111 05fb 0D       		.uleb128 0xd
 1112 05fc 71050000 		.4byte	0x571
 1113 0600 03       		.byte	0x3
 1114 0601 00       		.byte	0
 1115 0602 0C       		.uleb128 0xc
 1116 0603 ED050000 		.4byte	0x5ed
 1117 0607 12060000 		.4byte	0x612
 1118 060b 0D       		.uleb128 0xd
 1119 060c 71050000 		.4byte	0x571
 1120 0610 05       		.byte	0x5
 1121 0611 00       		.byte	0
 1122 0612 0C       		.uleb128 0xc
 1123 0613 ED050000 		.4byte	0x5ed
 1124 0617 22060000 		.4byte	0x622
 1125 061b 0D       		.uleb128 0xd
 1126 061c 71050000 		.4byte	0x571
 1127 0620 7F       		.byte	0x7f
 1128 0621 00       		.byte	0
 1129 0622 0C       		.uleb128 0xc
 1130 0623 ED050000 		.4byte	0x5ed
 1131 0627 32060000 		.4byte	0x632
 1132 062b 0D       		.uleb128 0xd
 1133 062c 71050000 		.4byte	0x571
 1134 0630 0C       		.byte	0xc
 1135 0631 00       		.byte	0
 1136 0632 0C       		.uleb128 0xc
 1137 0633 ED050000 		.4byte	0x5ed
 1138 0637 42060000 		.4byte	0x642
 1139 063b 0D       		.uleb128 0xd
 1140 063c 71050000 		.4byte	0x571
 1141 0640 0F       		.byte	0xf
 1142 0641 00       		.byte	0
 1143 0642 0C       		.uleb128 0xc
 1144 0643 ED050000 		.4byte	0x5ed
 1145 0647 52060000 		.4byte	0x652
 1146 064b 0D       		.uleb128 0xd
 1147 064c 71050000 		.4byte	0x571
 1148 0650 1E       		.byte	0x1e
ARM GAS  C:\Users\Finik\AppData\Local\Temp\ccY85NDM.s 			page 122


 1149 0651 00       		.byte	0
 1150 0652 0C       		.uleb128 0xc
 1151 0653 ED050000 		.4byte	0x5ed
 1152 0657 62060000 		.4byte	0x662
 1153 065b 0D       		.uleb128 0xd
 1154 065c 71050000 		.4byte	0x571
 1155 0660 02       		.byte	0x2
 1156 0661 00       		.byte	0
 1157 0662 0C       		.uleb128 0xc
 1158 0663 ED050000 		.4byte	0x5ed
 1159 0667 72060000 		.4byte	0x672
 1160 066b 0D       		.uleb128 0xd
 1161 066c 71050000 		.4byte	0x571
 1162 0670 0B       		.byte	0xb
 1163 0671 00       		.byte	0
 1164 0672 12       		.uleb128 0x12
 1165 0673 80       		.byte	0x80
 1166 0674 0C       		.byte	0xc
 1167 0675 22       		.byte	0x22
 1168 0676 46070000 		.4byte	0x746
 1169 067a 13       		.uleb128 0x13
 1170 067b 4F555400 		.ascii	"OUT\000"
 1171 067f 0C       		.byte	0xc
 1172 0680 23       		.byte	0x23
 1173 0681 78050000 		.4byte	0x578
 1174 0685 00       		.byte	0
 1175 0686 14       		.uleb128 0x14
 1176 0687 C1020000 		.4byte	.LASF192
 1177 068b 0C       		.byte	0xc
 1178 068c 24       		.byte	0x24
 1179 068d 78050000 		.4byte	0x578
 1180 0691 04       		.byte	0x4
 1181 0692 14       		.uleb128 0x14
 1182 0693 8A020000 		.4byte	.LASF193
 1183 0697 0C       		.byte	0xc
 1184 0698 25       		.byte	0x25
 1185 0699 78050000 		.4byte	0x578
 1186 069d 08       		.byte	0x8
 1187 069e 14       		.uleb128 0x14
 1188 069f 260C0000 		.4byte	.LASF194
 1189 06a3 0C       		.byte	0xc
 1190 06a4 26       		.byte	0x26
 1191 06a5 78050000 		.4byte	0x578
 1192 06a9 0C       		.byte	0xc
 1193 06aa 13       		.uleb128 0x13
 1194 06ab 494E00   		.ascii	"IN\000"
 1195 06ae 0C       		.byte	0xc
 1196 06af 27       		.byte	0x27
 1197 06b0 ED050000 		.4byte	0x5ed
 1198 06b4 10       		.byte	0x10
 1199 06b5 14       		.uleb128 0x14
 1200 06b6 4A060000 		.4byte	.LASF195
 1201 06ba 0C       		.byte	0xc
 1202 06bb 28       		.byte	0x28
 1203 06bc 78050000 		.4byte	0x578
 1204 06c0 14       		.byte	0x14
 1205 06c1 14       		.uleb128 0x14
ARM GAS  C:\Users\Finik\AppData\Local\Temp\ccY85NDM.s 			page 123


 1206 06c2 7E030000 		.4byte	.LASF196
 1207 06c6 0C       		.byte	0xc
 1208 06c7 29       		.byte	0x29
 1209 06c8 78050000 		.4byte	0x578
 1210 06cc 18       		.byte	0x18
 1211 06cd 14       		.uleb128 0x14
 1212 06ce 7E020000 		.4byte	.LASF197
 1213 06d2 0C       		.byte	0xc
 1214 06d3 2A       		.byte	0x2a
 1215 06d4 ED050000 		.4byte	0x5ed
 1216 06d8 1C       		.byte	0x1c
 1217 06d9 14       		.uleb128 0x14
 1218 06da F7150000 		.4byte	.LASF198
 1219 06de 0C       		.byte	0xc
 1220 06df 2B       		.byte	0x2b
 1221 06e0 78050000 		.4byte	0x578
 1222 06e4 20       		.byte	0x20
 1223 06e5 14       		.uleb128 0x14
 1224 06e6 340E0000 		.4byte	.LASF199
 1225 06ea 0C       		.byte	0xc
 1226 06eb 2C       		.byte	0x2c
 1227 06ec 78050000 		.4byte	0x578
 1228 06f0 24       		.byte	0x24
 1229 06f1 13       		.uleb128 0x13
 1230 06f2 43464700 		.ascii	"CFG\000"
 1231 06f6 0C       		.byte	0xc
 1232 06f7 2D       		.byte	0x2d
 1233 06f8 78050000 		.4byte	0x578
 1234 06fc 28       		.byte	0x28
 1235 06fd 14       		.uleb128 0x14
 1236 06fe 8E0A0000 		.4byte	.LASF200
 1237 0702 0C       		.byte	0xc
 1238 0703 2E       		.byte	0x2e
 1239 0704 78050000 		.4byte	0x578
 1240 0708 2C       		.byte	0x2c
 1241 0709 14       		.uleb128 0x14
 1242 070a 57100000 		.4byte	.LASF201
 1243 070e 0C       		.byte	0xc
 1244 070f 2F       		.byte	0x2f
 1245 0710 78050000 		.4byte	0x578
 1246 0714 30       		.byte	0x30
 1247 0715 14       		.uleb128 0x14
 1248 0716 E91A0000 		.4byte	.LASF202
 1249 071a 0C       		.byte	0xc
 1250 071b 30       		.byte	0x30
 1251 071c 78050000 		.4byte	0x578
 1252 0720 34       		.byte	0x34
 1253 0721 14       		.uleb128 0x14
 1254 0722 A3040000 		.4byte	.LASF203
 1255 0726 0C       		.byte	0xc
 1256 0727 31       		.byte	0x31
 1257 0728 ED050000 		.4byte	0x5ed
 1258 072c 38       		.byte	0x38
 1259 072d 14       		.uleb128 0x14
 1260 072e BE060000 		.4byte	.LASF204
 1261 0732 0C       		.byte	0xc
 1262 0733 32       		.byte	0x32
ARM GAS  C:\Users\Finik\AppData\Local\Temp\ccY85NDM.s 			page 124


 1263 0734 78050000 		.4byte	0x578
 1264 0738 3C       		.byte	0x3c
 1265 0739 14       		.uleb128 0x14
 1266 073a E7070000 		.4byte	.LASF205
 1267 073e 0C       		.byte	0xc
 1268 073f 33       		.byte	0x33
 1269 0740 4B070000 		.4byte	0x74b
 1270 0744 40       		.byte	0x40
 1271 0745 00       		.byte	0
 1272 0746 0E       		.uleb128 0xe
 1273 0747 32060000 		.4byte	0x632
 1274 074b 11       		.uleb128 0x11
 1275 074c 46070000 		.4byte	0x746
 1276 0750 06       		.uleb128 0x6
 1277 0751 340A0000 		.4byte	.LASF206
 1278 0755 0C       		.byte	0xc
 1279 0756 34       		.byte	0x34
 1280 0757 72060000 		.4byte	0x672
 1281 075b 15       		.uleb128 0x15
 1282 075c 2440     		.2byte	0x4024
 1283 075e 0C       		.byte	0xc
 1284 075f 39       		.byte	0x39
 1285 0760 E6070000 		.4byte	0x7e6
 1286 0764 13       		.uleb128 0x13
 1287 0765 50525400 		.ascii	"PRT\000"
 1288 0769 0C       		.byte	0xc
 1289 076a 3A       		.byte	0x3a
 1290 076b E6070000 		.4byte	0x7e6
 1291 076f 00       		.byte	0
 1292 0770 16       		.uleb128 0x16
 1293 0771 23050000 		.4byte	.LASF207
 1294 0775 0C       		.byte	0xc
 1295 0776 3B       		.byte	0x3b
 1296 0777 ED050000 		.4byte	0x5ed
 1297 077b 0040     		.2byte	0x4000
 1298 077d 16       		.uleb128 0x16
 1299 077e 2F050000 		.4byte	.LASF208
 1300 0782 0C       		.byte	0xc
 1301 0783 3C       		.byte	0x3c
 1302 0784 ED050000 		.4byte	0x5ed
 1303 0788 0440     		.2byte	0x4004
 1304 078a 16       		.uleb128 0x16
 1305 078b 3B050000 		.4byte	.LASF209
 1306 078f 0C       		.byte	0xc
 1307 0790 3D       		.byte	0x3d
 1308 0791 ED050000 		.4byte	0x5ed
 1309 0795 0840     		.2byte	0x4008
 1310 0797 16       		.uleb128 0x16
 1311 0798 47050000 		.4byte	.LASF210
 1312 079c 0C       		.byte	0xc
 1313 079d 3E       		.byte	0x3e
 1314 079e ED050000 		.4byte	0x5ed
 1315 07a2 0C40     		.2byte	0x400c
 1316 07a4 16       		.uleb128 0x16
 1317 07a5 641E0000 		.4byte	.LASF211
 1318 07a9 0C       		.byte	0xc
 1319 07aa 3F       		.byte	0x3f
ARM GAS  C:\Users\Finik\AppData\Local\Temp\ccY85NDM.s 			page 125


 1320 07ab ED050000 		.4byte	0x5ed
 1321 07af 1040     		.2byte	0x4010
 1322 07b1 16       		.uleb128 0x16
 1323 07b2 61150000 		.4byte	.LASF212
 1324 07b6 0C       		.byte	0xc
 1325 07b7 40       		.byte	0x40
 1326 07b8 78050000 		.4byte	0x578
 1327 07bc 1440     		.2byte	0x4014
 1328 07be 16       		.uleb128 0x16
 1329 07bf B90A0000 		.4byte	.LASF213
 1330 07c3 0C       		.byte	0xc
 1331 07c4 41       		.byte	0x41
 1332 07c5 78050000 		.4byte	0x578
 1333 07c9 1840     		.2byte	0x4018
 1334 07cb 16       		.uleb128 0x16
 1335 07cc 9A0C0000 		.4byte	.LASF214
 1336 07d0 0C       		.byte	0xc
 1337 07d1 42       		.byte	0x42
 1338 07d2 ED050000 		.4byte	0x5ed
 1339 07d6 1C40     		.2byte	0x401c
 1340 07d8 16       		.uleb128 0x16
 1341 07d9 EC190000 		.4byte	.LASF215
 1342 07dd 0C       		.byte	0xc
 1343 07de 43       		.byte	0x43
 1344 07df 78050000 		.4byte	0x578
 1345 07e3 2040     		.2byte	0x4020
 1346 07e5 00       		.byte	0
 1347 07e6 0C       		.uleb128 0xc
 1348 07e7 50070000 		.4byte	0x750
 1349 07eb F6070000 		.4byte	0x7f6
 1350 07ef 0D       		.uleb128 0xd
 1351 07f0 71050000 		.4byte	0x571
 1352 07f4 7F       		.byte	0x7f
 1353 07f5 00       		.byte	0
 1354 07f6 06       		.uleb128 0x6
 1355 07f7 95090000 		.4byte	.LASF216
 1356 07fb 0C       		.byte	0xc
 1357 07fc 44       		.byte	0x44
 1358 07fd 5B070000 		.4byte	0x75b
 1359 0801 0C       		.uleb128 0xc
 1360 0802 ED050000 		.4byte	0x5ed
 1361 0806 11080000 		.4byte	0x811
 1362 080a 0D       		.uleb128 0xd
 1363 080b 71050000 		.4byte	0x571
 1364 080f 0A       		.byte	0xa
 1365 0810 00       		.byte	0
 1366 0811 0C       		.uleb128 0xc
 1367 0812 ED050000 		.4byte	0x5ed
 1368 0816 21080000 		.4byte	0x821
 1369 081a 0D       		.uleb128 0xd
 1370 081b 71050000 		.4byte	0x571
 1371 081f 2E       		.byte	0x2e
 1372 0820 00       		.byte	0
 1373 0821 12       		.uleb128 0x12
 1374 0822 40       		.byte	0x40
 1375 0823 0D       		.byte	0xd
 1376 0824 22       		.byte	0x22
ARM GAS  C:\Users\Finik\AppData\Local\Temp\ccY85NDM.s 			page 126


 1377 0825 E9080000 		.4byte	0x8e9
 1378 0829 14       		.uleb128 0x14
 1379 082a A3120000 		.4byte	.LASF217
 1380 082e 0D       		.byte	0xd
 1381 082f 23       		.byte	0x23
 1382 0830 78050000 		.4byte	0x578
 1383 0834 00       		.byte	0
 1384 0835 14       		.uleb128 0x14
 1385 0836 A81A0000 		.4byte	.LASF218
 1386 083a 0D       		.byte	0xd
 1387 083b 24       		.byte	0x24
 1388 083c ED050000 		.4byte	0x5ed
 1389 0840 04       		.byte	0x4
 1390 0841 14       		.uleb128 0x14
 1391 0842 ED130000 		.4byte	.LASF219
 1392 0846 0D       		.byte	0xd
 1393 0847 25       		.byte	0x25
 1394 0848 78050000 		.4byte	0x578
 1395 084c 08       		.byte	0x8
 1396 084d 13       		.uleb128 0x13
 1397 084e 434300   		.ascii	"CC\000"
 1398 0851 0D       		.byte	0xd
 1399 0852 26       		.byte	0x26
 1400 0853 78050000 		.4byte	0x578
 1401 0857 0C       		.byte	0xc
 1402 0858 14       		.uleb128 0x14
 1403 0859 85110000 		.4byte	.LASF220
 1404 085d 0D       		.byte	0xd
 1405 085e 27       		.byte	0x27
 1406 085f 78050000 		.4byte	0x578
 1407 0863 10       		.byte	0x10
 1408 0864 14       		.uleb128 0x14
 1409 0865 AC020000 		.4byte	.LASF221
 1410 0869 0D       		.byte	0xd
 1411 086a 28       		.byte	0x28
 1412 086b 78050000 		.4byte	0x578
 1413 086f 14       		.byte	0x14
 1414 0870 14       		.uleb128 0x14
 1415 0871 921C0000 		.4byte	.LASF222
 1416 0875 0D       		.byte	0xd
 1417 0876 29       		.byte	0x29
 1418 0877 78050000 		.4byte	0x578
 1419 087b 18       		.byte	0x18
 1420 087c 14       		.uleb128 0x14
 1421 087d A3040000 		.4byte	.LASF203
 1422 0881 0D       		.byte	0xd
 1423 0882 2A       		.byte	0x2a
 1424 0883 ED050000 		.4byte	0x5ed
 1425 0887 1C       		.byte	0x1c
 1426 0888 14       		.uleb128 0x14
 1427 0889 99000000 		.4byte	.LASF223
 1428 088d 0D       		.byte	0xd
 1429 088e 2B       		.byte	0x2b
 1430 088f 78050000 		.4byte	0x578
 1431 0893 20       		.byte	0x20
 1432 0894 14       		.uleb128 0x14
 1433 0895 A2000000 		.4byte	.LASF224
ARM GAS  C:\Users\Finik\AppData\Local\Temp\ccY85NDM.s 			page 127


 1434 0899 0D       		.byte	0xd
 1435 089a 2C       		.byte	0x2c
 1436 089b 78050000 		.4byte	0x578
 1437 089f 24       		.byte	0x24
 1438 08a0 14       		.uleb128 0x14
 1439 08a1 AB000000 		.4byte	.LASF225
 1440 08a5 0D       		.byte	0xd
 1441 08a6 2D       		.byte	0x2d
 1442 08a7 78050000 		.4byte	0x578
 1443 08ab 28       		.byte	0x28
 1444 08ac 14       		.uleb128 0x14
 1445 08ad E7070000 		.4byte	.LASF205
 1446 08b1 0D       		.byte	0xd
 1447 08b2 2E       		.byte	0x2e
 1448 08b3 ED050000 		.4byte	0x5ed
 1449 08b7 2C       		.byte	0x2c
 1450 08b8 14       		.uleb128 0x14
 1451 08b9 4A060000 		.4byte	.LASF195
 1452 08bd 0D       		.byte	0xd
 1453 08be 2F       		.byte	0x2f
 1454 08bf 78050000 		.4byte	0x578
 1455 08c3 30       		.byte	0x30
 1456 08c4 14       		.uleb128 0x14
 1457 08c5 F7150000 		.4byte	.LASF198
 1458 08c9 0D       		.byte	0xd
 1459 08ca 30       		.byte	0x30
 1460 08cb 78050000 		.4byte	0x578
 1461 08cf 34       		.byte	0x34
 1462 08d0 14       		.uleb128 0x14
 1463 08d1 7E030000 		.4byte	.LASF196
 1464 08d5 0D       		.byte	0xd
 1465 08d6 31       		.byte	0x31
 1466 08d7 78050000 		.4byte	0x578
 1467 08db 38       		.byte	0x38
 1468 08dc 14       		.uleb128 0x14
 1469 08dd 7E020000 		.4byte	.LASF197
 1470 08e1 0D       		.byte	0xd
 1471 08e2 32       		.byte	0x32
 1472 08e3 ED050000 		.4byte	0x5ed
 1473 08e7 3C       		.byte	0x3c
 1474 08e8 00       		.byte	0
 1475 08e9 06       		.uleb128 0x6
 1476 08ea 6C060000 		.4byte	.LASF226
 1477 08ee 0D       		.byte	0xd
 1478 08ef 33       		.byte	0x33
 1479 08f0 21080000 		.4byte	0x821
 1480 08f4 15       		.uleb128 0x15
 1481 08f5 0009     		.2byte	0x900
 1482 08f7 0D       		.byte	0xd
 1483 08f8 38       		.byte	0x38
 1484 08f9 77090000 		.4byte	0x977
 1485 08fd 14       		.uleb128 0x14
 1486 08fe A3120000 		.4byte	.LASF217
 1487 0902 0D       		.byte	0xd
 1488 0903 39       		.byte	0x39
 1489 0904 78050000 		.4byte	0x578
 1490 0908 00       		.byte	0
ARM GAS  C:\Users\Finik\AppData\Local\Temp\ccY85NDM.s 			page 128


 1491 0909 14       		.uleb128 0x14
 1492 090a D1100000 		.4byte	.LASF227
 1493 090e 0D       		.byte	0xd
 1494 090f 3A       		.byte	0x3a
 1495 0910 78050000 		.4byte	0x578
 1496 0914 04       		.byte	0x4
 1497 0915 14       		.uleb128 0x14
 1498 0916 88100000 		.4byte	.LASF228
 1499 091a 0D       		.byte	0xd
 1500 091b 3B       		.byte	0x3b
 1501 091c 78050000 		.4byte	0x578
 1502 0920 08       		.byte	0x8
 1503 0921 14       		.uleb128 0x14
 1504 0922 97040000 		.4byte	.LASF229
 1505 0926 0D       		.byte	0xd
 1506 0927 3C       		.byte	0x3c
 1507 0928 78050000 		.4byte	0x578
 1508 092c 0C       		.byte	0xc
 1509 092d 14       		.uleb128 0x14
 1510 092e 7E060000 		.4byte	.LASF230
 1511 0932 0D       		.byte	0xd
 1512 0933 3D       		.byte	0x3d
 1513 0934 78050000 		.4byte	0x578
 1514 0938 10       		.byte	0x10
 1515 0939 14       		.uleb128 0x14
 1516 093a D61A0000 		.4byte	.LASF231
 1517 093e 0D       		.byte	0xd
 1518 093f 3E       		.byte	0x3e
 1519 0940 78050000 		.4byte	0x578
 1520 0944 14       		.byte	0x14
 1521 0945 14       		.uleb128 0x14
 1522 0946 55170000 		.4byte	.LASF232
 1523 094a 0D       		.byte	0xd
 1524 094b 3F       		.byte	0x3f
 1525 094c 78050000 		.4byte	0x578
 1526 0950 18       		.byte	0x18
 1527 0951 14       		.uleb128 0x14
 1528 0952 E9000000 		.4byte	.LASF233
 1529 0956 0D       		.byte	0xd
 1530 0957 40       		.byte	0x40
 1531 0958 ED050000 		.4byte	0x5ed
 1532 095c 1C       		.byte	0x1c
 1533 095d 14       		.uleb128 0x14
 1534 095e A3040000 		.4byte	.LASF203
 1535 0962 0D       		.byte	0xd
 1536 0963 41       		.byte	0x41
 1537 0964 8C090000 		.4byte	0x98c
 1538 0968 20       		.byte	0x20
 1539 0969 17       		.uleb128 0x17
 1540 096a 434E5400 		.ascii	"CNT\000"
 1541 096e 0D       		.byte	0xd
 1542 096f 42       		.byte	0x42
 1543 0970 91090000 		.4byte	0x991
 1544 0974 0001     		.2byte	0x100
 1545 0976 00       		.byte	0
 1546 0977 0C       		.uleb128 0xc
 1547 0978 ED050000 		.4byte	0x5ed
ARM GAS  C:\Users\Finik\AppData\Local\Temp\ccY85NDM.s 			page 129


 1548 097c 87090000 		.4byte	0x987
 1549 0980 0D       		.uleb128 0xd
 1550 0981 71050000 		.4byte	0x571
 1551 0985 37       		.byte	0x37
 1552 0986 00       		.byte	0
 1553 0987 0E       		.uleb128 0xe
 1554 0988 77090000 		.4byte	0x977
 1555 098c 11       		.uleb128 0x11
 1556 098d 87090000 		.4byte	0x987
 1557 0991 0C       		.uleb128 0xc
 1558 0992 E9080000 		.4byte	0x8e9
 1559 0996 A1090000 		.4byte	0x9a1
 1560 099a 0D       		.uleb128 0xd
 1561 099b 71050000 		.4byte	0x571
 1562 099f 1F       		.byte	0x1f
 1563 09a0 00       		.byte	0
 1564 09a1 06       		.uleb128 0x6
 1565 09a2 F1100000 		.4byte	.LASF234
 1566 09a6 0D       		.byte	0xd
 1567 09a7 43       		.byte	0x43
 1568 09a8 F4080000 		.4byte	0x8f4
 1569 09ac 0C       		.uleb128 0xc
 1570 09ad ED050000 		.4byte	0x5ed
 1571 09b1 BC090000 		.4byte	0x9bc
 1572 09b5 0D       		.uleb128 0xd
 1573 09b6 71050000 		.4byte	0x571
 1574 09ba 2D       		.byte	0x2d
 1575 09bb 00       		.byte	0
 1576 09bc 0C       		.uleb128 0xc
 1577 09bd 78050000 		.4byte	0x578
 1578 09c1 CD090000 		.4byte	0x9cd
 1579 09c5 0F       		.uleb128 0xf
 1580 09c6 71050000 		.4byte	0x571
 1581 09ca FF01     		.2byte	0x1ff
 1582 09cc 00       		.byte	0
 1583 09cd 0C       		.uleb128 0xc
 1584 09ce ED050000 		.4byte	0x5ed
 1585 09d2 DD090000 		.4byte	0x9dd
 1586 09d6 0D       		.uleb128 0xd
 1587 09d7 71050000 		.4byte	0x571
 1588 09db 62       		.byte	0x62
 1589 09dc 00       		.byte	0
 1590 09dd 15       		.uleb128 0x15
 1591 09de D00F     		.2byte	0xfd0
 1592 09e0 0E       		.byte	0xe
 1593 09e1 21       		.byte	0x21
 1594 09e2 470D0000 		.4byte	0xd47
 1595 09e6 14       		.uleb128 0x14
 1596 09e7 A3120000 		.4byte	.LASF217
 1597 09eb 0E       		.byte	0xe
 1598 09ec 22       		.byte	0x22
 1599 09ed 78050000 		.4byte	0x578
 1600 09f1 00       		.byte	0
 1601 09f2 14       		.uleb128 0x14
 1602 09f3 A81A0000 		.4byte	.LASF218
 1603 09f7 0E       		.byte	0xe
 1604 09f8 23       		.byte	0x23
ARM GAS  C:\Users\Finik\AppData\Local\Temp\ccY85NDM.s 			page 130


 1605 09f9 ED050000 		.4byte	0x5ed
 1606 09fd 04       		.byte	0x4
 1607 09fe 14       		.uleb128 0x14
 1608 09ff 9A1A0000 		.4byte	.LASF235
 1609 0a03 0E       		.byte	0xe
 1610 0a04 24       		.byte	0x24
 1611 0a05 78050000 		.4byte	0x578
 1612 0a09 08       		.byte	0x8
 1613 0a0a 14       		.uleb128 0x14
 1614 0a0b 77190000 		.4byte	.LASF236
 1615 0a0f 0E       		.byte	0xe
 1616 0a10 25       		.byte	0x25
 1617 0a11 ED050000 		.4byte	0x5ed
 1618 0a15 0C       		.byte	0xc
 1619 0a16 14       		.uleb128 0x14
 1620 0a17 A3040000 		.4byte	.LASF203
 1621 0a1b 0E       		.byte	0xe
 1622 0a1c 26       		.byte	0x26
 1623 0a1d 4C0D0000 		.4byte	0xd4c
 1624 0a21 10       		.byte	0x10
 1625 0a22 14       		.uleb128 0x14
 1626 0a23 95050000 		.4byte	.LASF237
 1627 0a27 0E       		.byte	0xe
 1628 0a28 27       		.byte	0x27
 1629 0a29 78050000 		.4byte	0x578
 1630 0a2d 20       		.byte	0x20
 1631 0a2e 14       		.uleb128 0x14
 1632 0a2f 14120000 		.4byte	.LASF238
 1633 0a33 0E       		.byte	0xe
 1634 0a34 28       		.byte	0x28
 1635 0a35 ED050000 		.4byte	0x5ed
 1636 0a39 24       		.byte	0x24
 1637 0a3a 14       		.uleb128 0x14
 1638 0a3b E7070000 		.4byte	.LASF205
 1639 0a3f 0E       		.byte	0xe
 1640 0a40 29       		.byte	0x29
 1641 0a41 560D0000 		.4byte	0xd56
 1642 0a45 28       		.byte	0x28
 1643 0a46 14       		.uleb128 0x14
 1644 0a47 F4000000 		.4byte	.LASF239
 1645 0a4b 0E       		.byte	0xe
 1646 0a4c 2A       		.byte	0x2a
 1647 0a4d 78050000 		.4byte	0x578
 1648 0a51 40       		.byte	0x40
 1649 0a52 14       		.uleb128 0x14
 1650 0a53 B9090000 		.4byte	.LASF240
 1651 0a57 0E       		.byte	0xe
 1652 0a58 2B       		.byte	0x2b
 1653 0a59 78050000 		.4byte	0x578
 1654 0a5d 44       		.byte	0x44
 1655 0a5e 14       		.uleb128 0x14
 1656 0a5f 89060000 		.4byte	.LASF241
 1657 0a63 0E       		.byte	0xe
 1658 0a64 2C       		.byte	0x2c
 1659 0a65 78050000 		.4byte	0x578
 1660 0a69 48       		.byte	0x48
 1661 0a6a 14       		.uleb128 0x14
ARM GAS  C:\Users\Finik\AppData\Local\Temp\ccY85NDM.s 			page 131


 1662 0a6b 4A0C0000 		.4byte	.LASF242
 1663 0a6f 0E       		.byte	0xe
 1664 0a70 2D       		.byte	0x2d
 1665 0a71 ED050000 		.4byte	0x5ed
 1666 0a75 4C       		.byte	0x4c
 1667 0a76 14       		.uleb128 0x14
 1668 0a77 59140000 		.4byte	.LASF243
 1669 0a7b 0E       		.byte	0xe
 1670 0a7c 2E       		.byte	0x2e
 1671 0a7d 78050000 		.4byte	0x578
 1672 0a81 50       		.byte	0x50
 1673 0a82 14       		.uleb128 0x14
 1674 0a83 F1070000 		.4byte	.LASF183
 1675 0a87 0E       		.byte	0xe
 1676 0a88 2F       		.byte	0x2f
 1677 0a89 600D0000 		.4byte	0xd60
 1678 0a8d 54       		.byte	0x54
 1679 0a8e 14       		.uleb128 0x14
 1680 0a8f 5A230000 		.4byte	.LASF244
 1681 0a93 0E       		.byte	0xe
 1682 0a94 30       		.byte	0x30
 1683 0a95 78050000 		.4byte	0x578
 1684 0a99 60       		.byte	0x60
 1685 0a9a 14       		.uleb128 0x14
 1686 0a9b EE1F0000 		.4byte	.LASF245
 1687 0a9f 0E       		.byte	0xe
 1688 0aa0 31       		.byte	0x31
 1689 0aa1 ED050000 		.4byte	0x5ed
 1690 0aa5 64       		.byte	0x64
 1691 0aa6 14       		.uleb128 0x14
 1692 0aa7 D9060000 		.4byte	.LASF246
 1693 0aab 0E       		.byte	0xe
 1694 0aac 32       		.byte	0x32
 1695 0aad 78050000 		.4byte	0x578
 1696 0ab1 68       		.byte	0x68
 1697 0ab2 14       		.uleb128 0x14
 1698 0ab3 36090000 		.4byte	.LASF247
 1699 0ab7 0E       		.byte	0xe
 1700 0ab8 33       		.byte	0x33
 1701 0ab9 78050000 		.4byte	0x578
 1702 0abd 6C       		.byte	0x6c
 1703 0abe 14       		.uleb128 0x14
 1704 0abf D2030000 		.4byte	.LASF248
 1705 0ac3 0E       		.byte	0xe
 1706 0ac4 34       		.byte	0x34
 1707 0ac5 78050000 		.4byte	0x578
 1708 0ac9 70       		.byte	0x70
 1709 0aca 14       		.uleb128 0x14
 1710 0acb E9080000 		.4byte	.LASF185
 1711 0acf 0E       		.byte	0xe
 1712 0ad0 35       		.byte	0x35
 1713 0ad1 6A0D0000 		.4byte	0xd6a
 1714 0ad5 74       		.byte	0x74
 1715 0ad6 16       		.uleb128 0x16
 1716 0ad7 F5130000 		.4byte	.LASF249
 1717 0adb 0E       		.byte	0xe
 1718 0adc 36       		.byte	0x36
ARM GAS  C:\Users\Finik\AppData\Local\Temp\ccY85NDM.s 			page 132


 1719 0add 78050000 		.4byte	0x578
 1720 0ae1 0002     		.2byte	0x200
 1721 0ae3 16       		.uleb128 0x16
 1722 0ae4 94180000 		.4byte	.LASF250
 1723 0ae8 0E       		.byte	0xe
 1724 0ae9 37       		.byte	0x37
 1725 0aea 78050000 		.4byte	0x578
 1726 0aee 0402     		.2byte	0x204
 1727 0af0 16       		.uleb128 0x16
 1728 0af1 2D160000 		.4byte	.LASF251
 1729 0af5 0E       		.byte	0xe
 1730 0af6 38       		.byte	0x38
 1731 0af7 ED050000 		.4byte	0x5ed
 1732 0afb 0802     		.2byte	0x208
 1733 0afd 16       		.uleb128 0x16
 1734 0afe 08080000 		.4byte	.LASF187
 1735 0b02 0E       		.byte	0xe
 1736 0b03 39       		.byte	0x39
 1737 0b04 740D0000 		.4byte	0xd74
 1738 0b08 0C02     		.2byte	0x20c
 1739 0b0a 16       		.uleb128 0x16
 1740 0b0b 980F0000 		.4byte	.LASF252
 1741 0b0f 0E       		.byte	0xe
 1742 0b10 3A       		.byte	0x3a
 1743 0b11 78050000 		.4byte	0x578
 1744 0b15 4002     		.2byte	0x240
 1745 0b17 16       		.uleb128 0x16
 1746 0b18 12080000 		.4byte	.LASF188
 1747 0b1c 0E       		.byte	0xe
 1748 0b1d 3B       		.byte	0x3b
 1749 0b1e 7E0D0000 		.4byte	0xd7e
 1750 0b22 4402     		.2byte	0x244
 1751 0b24 16       		.uleb128 0x16
 1752 0b25 12050000 		.4byte	.LASF253
 1753 0b29 0E       		.byte	0xe
 1754 0b2a 3C       		.byte	0x3c
 1755 0b2b 78050000 		.4byte	0x578
 1756 0b2f 0003     		.2byte	0x300
 1757 0b31 16       		.uleb128 0x16
 1758 0b32 B41D0000 		.4byte	.LASF254
 1759 0b36 0E       		.byte	0xe
 1760 0b37 3D       		.byte	0x3d
 1761 0b38 78050000 		.4byte	0x578
 1762 0b3c 0403     		.2byte	0x304
 1763 0b3e 16       		.uleb128 0x16
 1764 0b3f 88040000 		.4byte	.LASF255
 1765 0b43 0E       		.byte	0xe
 1766 0b44 3E       		.byte	0x3e
 1767 0b45 ED050000 		.4byte	0x5ed
 1768 0b49 0803     		.2byte	0x308
 1769 0b4b 16       		.uleb128 0x16
 1770 0b4c 1C080000 		.4byte	.LASF256
 1771 0b50 0E       		.byte	0xe
 1772 0b51 3F       		.byte	0x3f
 1773 0b52 ED050000 		.4byte	0x5ed
 1774 0b56 0C03     		.2byte	0x30c
 1775 0b58 16       		.uleb128 0x16
ARM GAS  C:\Users\Finik\AppData\Local\Temp\ccY85NDM.s 			page 133


 1776 0b59 90000000 		.4byte	.LASF257
 1777 0b5d 0E       		.byte	0xe
 1778 0b5e 40       		.byte	0x40
 1779 0b5f 78050000 		.4byte	0x578
 1780 0b63 1003     		.2byte	0x310
 1781 0b65 16       		.uleb128 0x16
 1782 0b66 26080000 		.4byte	.LASF258
 1783 0b6a 0E       		.byte	0xe
 1784 0b6b 41       		.byte	0x41
 1785 0b6c 880D0000 		.4byte	0xd88
 1786 0b70 1403     		.2byte	0x314
 1787 0b72 16       		.uleb128 0x16
 1788 0b73 721C0000 		.4byte	.LASF259
 1789 0b77 0E       		.byte	0xe
 1790 0b78 42       		.byte	0x42
 1791 0b79 ED050000 		.4byte	0x5ed
 1792 0b7d 4003     		.2byte	0x340
 1793 0b7f 16       		.uleb128 0x16
 1794 0b80 AC200000 		.4byte	.LASF260
 1795 0b84 0E       		.byte	0xe
 1796 0b85 43       		.byte	0x43
 1797 0b86 ED050000 		.4byte	0x5ed
 1798 0b8a 4403     		.2byte	0x344
 1799 0b8c 16       		.uleb128 0x16
 1800 0b8d 30080000 		.4byte	.LASF261
 1801 0b91 0E       		.byte	0xe
 1802 0b92 44       		.byte	0x44
 1803 0b93 920D0000 		.4byte	0xd92
 1804 0b97 4803     		.2byte	0x348
 1805 0b99 16       		.uleb128 0x16
 1806 0b9a DE0F0000 		.4byte	.LASF262
 1807 0b9e 0E       		.byte	0xe
 1808 0b9f 45       		.byte	0x45
 1809 0ba0 970D0000 		.4byte	0xd97
 1810 0ba4 0004     		.2byte	0x400
 1811 0ba6 16       		.uleb128 0x16
 1812 0ba7 3A080000 		.4byte	.LASF263
 1813 0bab 0E       		.byte	0xe
 1814 0bac 46       		.byte	0x46
 1815 0bad A10D0000 		.4byte	0xda1
 1816 0bb1 000C     		.2byte	0xc00
 1817 0bb3 16       		.uleb128 0x16
 1818 0bb4 E9000000 		.4byte	.LASF233
 1819 0bb8 0E       		.byte	0xe
 1820 0bb9 47       		.byte	0x47
 1821 0bba ED050000 		.4byte	0x5ed
 1822 0bbe 000E     		.2byte	0xe00
 1823 0bc0 16       		.uleb128 0x16
 1824 0bc1 D9180000 		.4byte	.LASF264
 1825 0bc5 0E       		.byte	0xe
 1826 0bc6 48       		.byte	0x48
 1827 0bc7 AB0D0000 		.4byte	0xdab
 1828 0bcb 040E     		.2byte	0xe04
 1829 0bcd 16       		.uleb128 0x16
 1830 0bce 541D0000 		.4byte	.LASF265
 1831 0bd2 0E       		.byte	0xe
 1832 0bd3 49       		.byte	0x49
ARM GAS  C:\Users\Finik\AppData\Local\Temp\ccY85NDM.s 			page 134


 1833 0bd4 78050000 		.4byte	0x578
 1834 0bd8 800E     		.2byte	0xe80
 1835 0bda 16       		.uleb128 0x16
 1836 0bdb E4180000 		.4byte	.LASF266
 1837 0bdf 0E       		.byte	0xe
 1838 0be0 4A       		.byte	0x4a
 1839 0be1 ED050000 		.4byte	0x5ed
 1840 0be5 840E     		.2byte	0xe84
 1841 0be7 16       		.uleb128 0x16
 1842 0be8 FD130000 		.4byte	.LASF267
 1843 0bec 0E       		.byte	0xe
 1844 0bed 4B       		.byte	0x4b
 1845 0bee 78050000 		.4byte	0x578
 1846 0bf2 880E     		.2byte	0xe88
 1847 0bf4 16       		.uleb128 0x16
 1848 0bf5 C31A0000 		.4byte	.LASF268
 1849 0bf9 0E       		.byte	0xe
 1850 0bfa 4C       		.byte	0x4c
 1851 0bfb ED050000 		.4byte	0x5ed
 1852 0bff 8C0E     		.2byte	0xe8c
 1853 0c01 16       		.uleb128 0x16
 1854 0c02 EF180000 		.4byte	.LASF269
 1855 0c06 0E       		.byte	0xe
 1856 0c07 4D       		.byte	0x4d
 1857 0c08 B50D0000 		.4byte	0xdb5
 1858 0c0c 900E     		.2byte	0xe90
 1859 0c0e 16       		.uleb128 0x16
 1860 0c0f 3C160000 		.4byte	.LASF270
 1861 0c13 0E       		.byte	0xe
 1862 0c14 4E       		.byte	0x4e
 1863 0c15 78050000 		.4byte	0x578
 1864 0c19 C00E     		.2byte	0xec0
 1865 0c1b 16       		.uleb128 0x16
 1866 0c1c FA180000 		.4byte	.LASF271
 1867 0c20 0E       		.byte	0xe
 1868 0c21 4F       		.byte	0x4f
 1869 0c22 ED050000 		.4byte	0x5ed
 1870 0c26 C40E     		.2byte	0xec4
 1871 0c28 16       		.uleb128 0x16
 1872 0c29 6A150000 		.4byte	.LASF272
 1873 0c2d 0E       		.byte	0xe
 1874 0c2e 50       		.byte	0x50
 1875 0c2f 78050000 		.4byte	0x578
 1876 0c33 C80E     		.2byte	0xec8
 1877 0c35 16       		.uleb128 0x16
 1878 0c36 C91B0000 		.4byte	.LASF273
 1879 0c3a 0E       		.byte	0xe
 1880 0c3b 51       		.byte	0x51
 1881 0c3c ED050000 		.4byte	0x5ed
 1882 0c40 CC0E     		.2byte	0xecc
 1883 0c42 16       		.uleb128 0x16
 1884 0c43 05190000 		.4byte	.LASF274
 1885 0c47 0E       		.byte	0xe
 1886 0c48 52       		.byte	0x52
 1887 0c49 BF0D0000 		.4byte	0xdbf
 1888 0c4d D00E     		.2byte	0xed0
 1889 0c4f 16       		.uleb128 0x16
ARM GAS  C:\Users\Finik\AppData\Local\Temp\ccY85NDM.s 			page 135


 1890 0c50 C9020000 		.4byte	.LASF275
 1891 0c54 0E       		.byte	0xe
 1892 0c55 53       		.byte	0x53
 1893 0c56 78050000 		.4byte	0x578
 1894 0c5a 000F     		.2byte	0xf00
 1895 0c5c 16       		.uleb128 0x16
 1896 0c5d BE1B0000 		.4byte	.LASF276
 1897 0c61 0E       		.byte	0xe
 1898 0c62 54       		.byte	0x54
 1899 0c63 78050000 		.4byte	0x578
 1900 0c67 040F     		.2byte	0xf04
 1901 0c69 16       		.uleb128 0x16
 1902 0c6a 6A0D0000 		.4byte	.LASF277
 1903 0c6e 0E       		.byte	0xe
 1904 0c6f 55       		.byte	0x55
 1905 0c70 78050000 		.4byte	0x578
 1906 0c74 080F     		.2byte	0xf08
 1907 0c76 16       		.uleb128 0x16
 1908 0c77 471C0000 		.4byte	.LASF278
 1909 0c7b 0E       		.byte	0xe
 1910 0c7c 56       		.byte	0x56
 1911 0c7d ED050000 		.4byte	0x5ed
 1912 0c81 0C0F     		.2byte	0xf0c
 1913 0c83 16       		.uleb128 0x16
 1914 0c84 10190000 		.4byte	.LASF279
 1915 0c88 0E       		.byte	0xe
 1916 0c89 57       		.byte	0x57
 1917 0c8a C90D0000 		.4byte	0xdc9
 1918 0c8e 100F     		.2byte	0xf10
 1919 0c90 16       		.uleb128 0x16
 1920 0c91 E4020000 		.4byte	.LASF280
 1921 0c95 0E       		.byte	0xe
 1922 0c96 58       		.byte	0x58
 1923 0c97 78050000 		.4byte	0x578
 1924 0c9b 400F     		.2byte	0xf40
 1925 0c9d 16       		.uleb128 0x16
 1926 0c9e FC1D0000 		.4byte	.LASF281
 1927 0ca2 0E       		.byte	0xe
 1928 0ca3 59       		.byte	0x59
 1929 0ca4 78050000 		.4byte	0x578
 1930 0ca8 440F     		.2byte	0xf44
 1931 0caa 16       		.uleb128 0x16
 1932 0cab 731B0000 		.4byte	.LASF282
 1933 0caf 0E       		.byte	0xe
 1934 0cb0 5A       		.byte	0x5a
 1935 0cb1 78050000 		.4byte	0x578
 1936 0cb5 480F     		.2byte	0xf48
 1937 0cb7 16       		.uleb128 0x16
 1938 0cb8 00160000 		.4byte	.LASF283
 1939 0cbc 0E       		.byte	0xe
 1940 0cbd 5B       		.byte	0x5b
 1941 0cbe ED050000 		.4byte	0x5ed
 1942 0cc2 4C0F     		.2byte	0xf4c
 1943 0cc4 16       		.uleb128 0x16
 1944 0cc5 1B190000 		.4byte	.LASF284
 1945 0cc9 0E       		.byte	0xe
 1946 0cca 5C       		.byte	0x5c
ARM GAS  C:\Users\Finik\AppData\Local\Temp\ccY85NDM.s 			page 136


 1947 0ccb D30D0000 		.4byte	0xdd3
 1948 0ccf 500F     		.2byte	0xf50
 1949 0cd1 16       		.uleb128 0x16
 1950 0cd2 CB050000 		.4byte	.LASF285
 1951 0cd6 0E       		.byte	0xe
 1952 0cd7 5D       		.byte	0x5d
 1953 0cd8 78050000 		.4byte	0x578
 1954 0cdc 800F     		.2byte	0xf80
 1955 0cde 16       		.uleb128 0x16
 1956 0cdf 051A0000 		.4byte	.LASF286
 1957 0ce3 0E       		.byte	0xe
 1958 0ce4 5E       		.byte	0x5e
 1959 0ce5 78050000 		.4byte	0x578
 1960 0ce9 840F     		.2byte	0xf84
 1961 0ceb 16       		.uleb128 0x16
 1962 0cec FB070000 		.4byte	.LASF287
 1963 0cf0 0E       		.byte	0xe
 1964 0cf1 5F       		.byte	0x5f
 1965 0cf2 78050000 		.4byte	0x578
 1966 0cf6 880F     		.2byte	0xf88
 1967 0cf8 16       		.uleb128 0x16
 1968 0cf9 EA050000 		.4byte	.LASF288
 1969 0cfd 0E       		.byte	0xe
 1970 0cfe 60       		.byte	0x60
 1971 0cff ED050000 		.4byte	0x5ed
 1972 0d03 8C0F     		.2byte	0xf8c
 1973 0d05 16       		.uleb128 0x16
 1974 0d06 26190000 		.4byte	.LASF289
 1975 0d0a 0E       		.byte	0xe
 1976 0d0b 61       		.byte	0x61
 1977 0d0c DD0D0000 		.4byte	0xddd
 1978 0d10 900F     		.2byte	0xf90
 1979 0d12 16       		.uleb128 0x16
 1980 0d13 B4030000 		.4byte	.LASF290
 1981 0d17 0E       		.byte	0xe
 1982 0d18 62       		.byte	0x62
 1983 0d19 78050000 		.4byte	0x578
 1984 0d1d C00F     		.2byte	0xfc0
 1985 0d1f 16       		.uleb128 0x16
 1986 0d20 96060000 		.4byte	.LASF291
 1987 0d24 0E       		.byte	0xe
 1988 0d25 63       		.byte	0x63
 1989 0d26 78050000 		.4byte	0x578
 1990 0d2a C40F     		.2byte	0xfc4
 1991 0d2c 16       		.uleb128 0x16
 1992 0d2d EA040000 		.4byte	.LASF292
 1993 0d31 0E       		.byte	0xe
 1994 0d32 64       		.byte	0x64
 1995 0d33 78050000 		.4byte	0x578
 1996 0d37 C80F     		.2byte	0xfc8
 1997 0d39 16       		.uleb128 0x16
 1998 0d3a DC1B0000 		.4byte	.LASF293
 1999 0d3e 0E       		.byte	0xe
 2000 0d3f 65       		.byte	0x65
 2001 0d40 ED050000 		.4byte	0x5ed
 2002 0d44 CC0F     		.2byte	0xfcc
 2003 0d46 00       		.byte	0
ARM GAS  C:\Users\Finik\AppData\Local\Temp\ccY85NDM.s 			page 137


 2004 0d47 0E       		.uleb128 0xe
 2005 0d48 F2050000 		.4byte	0x5f2
 2006 0d4c 11       		.uleb128 0x11
 2007 0d4d 470D0000 		.4byte	0xd47
 2008 0d51 0E       		.uleb128 0xe
 2009 0d52 02060000 		.4byte	0x602
 2010 0d56 11       		.uleb128 0x11
 2011 0d57 510D0000 		.4byte	0xd51
 2012 0d5b 0E       		.uleb128 0xe
 2013 0d5c 52060000 		.4byte	0x652
 2014 0d60 11       		.uleb128 0x11
 2015 0d61 5B0D0000 		.4byte	0xd5b
 2016 0d65 0E       		.uleb128 0xe
 2017 0d66 CD090000 		.4byte	0x9cd
 2018 0d6a 11       		.uleb128 0x11
 2019 0d6b 650D0000 		.4byte	0xd65
 2020 0d6f 0E       		.uleb128 0xe
 2021 0d70 22060000 		.4byte	0x622
 2022 0d74 11       		.uleb128 0x11
 2023 0d75 6F0D0000 		.4byte	0xd6f
 2024 0d79 0E       		.uleb128 0xe
 2025 0d7a 11080000 		.4byte	0x811
 2026 0d7e 11       		.uleb128 0x11
 2027 0d7f 790D0000 		.4byte	0xd79
 2028 0d83 0E       		.uleb128 0xe
 2029 0d84 01080000 		.4byte	0x801
 2030 0d88 11       		.uleb128 0x11
 2031 0d89 830D0000 		.4byte	0xd83
 2032 0d8d 0E       		.uleb128 0xe
 2033 0d8e AC090000 		.4byte	0x9ac
 2034 0d92 11       		.uleb128 0x11
 2035 0d93 8D0D0000 		.4byte	0xd8d
 2036 0d97 0E       		.uleb128 0xe
 2037 0d98 BC090000 		.4byte	0x9bc
 2038 0d9c 0E       		.uleb128 0xe
 2039 0d9d 12060000 		.4byte	0x612
 2040 0da1 11       		.uleb128 0x11
 2041 0da2 9C0D0000 		.4byte	0xd9c
 2042 0da6 0E       		.uleb128 0xe
 2043 0da7 42060000 		.4byte	0x642
 2044 0dab 11       		.uleb128 0x11
 2045 0dac A60D0000 		.4byte	0xda6
 2046 0db0 0E       		.uleb128 0xe
 2047 0db1 62060000 		.4byte	0x662
 2048 0db5 11       		.uleb128 0x11
 2049 0db6 B00D0000 		.4byte	0xdb0
 2050 0dba 0E       		.uleb128 0xe
 2051 0dbb 62060000 		.4byte	0x662
 2052 0dbf 11       		.uleb128 0x11
 2053 0dc0 BA0D0000 		.4byte	0xdba
 2054 0dc4 0E       		.uleb128 0xe
 2055 0dc5 62060000 		.4byte	0x662
 2056 0dc9 11       		.uleb128 0x11
 2057 0dca C40D0000 		.4byte	0xdc4
 2058 0dce 0E       		.uleb128 0xe
 2059 0dcf 62060000 		.4byte	0x662
 2060 0dd3 11       		.uleb128 0x11
ARM GAS  C:\Users\Finik\AppData\Local\Temp\ccY85NDM.s 			page 138


 2061 0dd4 CE0D0000 		.4byte	0xdce
 2062 0dd8 0E       		.uleb128 0xe
 2063 0dd9 62060000 		.4byte	0x662
 2064 0ddd 11       		.uleb128 0x11
 2065 0dde D80D0000 		.4byte	0xdd8
 2066 0de2 06       		.uleb128 0x6
 2067 0de3 31190000 		.4byte	.LASF294
 2068 0de7 0E       		.byte	0xe
 2069 0de8 66       		.byte	0x66
 2070 0de9 DD090000 		.4byte	0x9dd
 2071 0ded 10       		.uleb128 0x10
 2072 0dee F51B0000 		.4byte	.LASF295
 2073 0df2 0F       		.byte	0xf
 2074 0df3 3106     		.2byte	0x631
 2075 0df5 50070000 		.4byte	0x750
 2076 0df9 10       		.uleb128 0x10
 2077 0dfa 29170000 		.4byte	.LASF296
 2078 0dfe 0F       		.byte	0xf
 2079 0dff 3206     		.2byte	0x632
 2080 0e01 F6070000 		.4byte	0x7f6
 2081 0e05 10       		.uleb128 0x10
 2082 0e06 3D0E0000 		.4byte	.LASF297
 2083 0e0a 0F       		.byte	0xf
 2084 0e0b 4206     		.2byte	0x642
 2085 0e0d A1090000 		.4byte	0x9a1
 2086 0e11 10       		.uleb128 0x10
 2087 0e12 1F150000 		.4byte	.LASF298
 2088 0e16 0F       		.byte	0xf
 2089 0e17 4F06     		.2byte	0x64f
 2090 0e19 E20D0000 		.4byte	0xde2
 2091 0e1d 05       		.uleb128 0x5
 2092 0e1e 08       		.byte	0x8
 2093 0e1f 04       		.byte	0x4
 2094 0e20 CF150000 		.4byte	.LASF299
 2095 0e24 12       		.uleb128 0x12
 2096 0e25 B8       		.byte	0xb8
 2097 0e26 10       		.byte	0x10
 2098 0e27 34       		.byte	0x34
 2099 0e28 35120000 		.4byte	0x1235
 2100 0e2c 14       		.uleb128 0x14
 2101 0e2d 8E0F0000 		.4byte	.LASF300
 2102 0e31 10       		.byte	0x10
 2103 0e32 37       		.byte	0x37
 2104 0e33 9A040000 		.4byte	0x49a
 2105 0e37 00       		.byte	0
 2106 0e38 14       		.uleb128 0x14
 2107 0e39 BC070000 		.4byte	.LASF301
 2108 0e3d 10       		.byte	0x10
 2109 0e3e 38       		.byte	0x38
 2110 0e3f 9A040000 		.4byte	0x49a
 2111 0e43 04       		.byte	0x4
 2112 0e44 14       		.uleb128 0x14
 2113 0e45 D50C0000 		.4byte	.LASF302
 2114 0e49 10       		.byte	0x10
 2115 0e4a 39       		.byte	0x39
 2116 0e4b 9A040000 		.4byte	0x49a
 2117 0e4f 08       		.byte	0x8
ARM GAS  C:\Users\Finik\AppData\Local\Temp\ccY85NDM.s 			page 139


 2118 0e50 14       		.uleb128 0x14
 2119 0e51 950A0000 		.4byte	.LASF303
 2120 0e55 10       		.byte	0x10
 2121 0e56 3A       		.byte	0x3a
 2122 0e57 9A040000 		.4byte	0x49a
 2123 0e5b 0C       		.byte	0xc
 2124 0e5c 14       		.uleb128 0x14
 2125 0e5d A30F0000 		.4byte	.LASF304
 2126 0e61 10       		.byte	0x10
 2127 0e62 3B       		.byte	0x3b
 2128 0e63 9A040000 		.4byte	0x49a
 2129 0e67 10       		.byte	0x10
 2130 0e68 14       		.uleb128 0x14
 2131 0e69 23010000 		.4byte	.LASF305
 2132 0e6d 10       		.byte	0x10
 2133 0e6e 3C       		.byte	0x3c
 2134 0e6f 9A040000 		.4byte	0x49a
 2135 0e73 14       		.byte	0x14
 2136 0e74 14       		.uleb128 0x14
 2137 0e75 201B0000 		.4byte	.LASF306
 2138 0e79 10       		.byte	0x10
 2139 0e7a 3D       		.byte	0x3d
 2140 0e7b 9A040000 		.4byte	0x49a
 2141 0e7f 18       		.byte	0x18
 2142 0e80 14       		.uleb128 0x14
 2143 0e81 A3080000 		.4byte	.LASF307
 2144 0e85 10       		.byte	0x10
 2145 0e86 3E       		.byte	0x3e
 2146 0e87 9A040000 		.4byte	0x49a
 2147 0e8b 1C       		.byte	0x1c
 2148 0e8c 14       		.uleb128 0x14
 2149 0e8d A4200000 		.4byte	.LASF308
 2150 0e91 10       		.byte	0x10
 2151 0e92 3F       		.byte	0x3f
 2152 0e93 9A040000 		.4byte	0x49a
 2153 0e97 20       		.byte	0x20
 2154 0e98 14       		.uleb128 0x14
 2155 0e99 2C000000 		.4byte	.LASF309
 2156 0e9d 10       		.byte	0x10
 2157 0e9e 40       		.byte	0x40
 2158 0e9f 9A040000 		.4byte	0x49a
 2159 0ea3 24       		.byte	0x24
 2160 0ea4 14       		.uleb128 0x14
 2161 0ea5 800D0000 		.4byte	.LASF310
 2162 0ea9 10       		.byte	0x10
 2163 0eaa 43       		.byte	0x43
 2164 0eab 6E040000 		.4byte	0x46e
 2165 0eaf 28       		.byte	0x28
 2166 0eb0 14       		.uleb128 0x14
 2167 0eb1 34110000 		.4byte	.LASF311
 2168 0eb5 10       		.byte	0x10
 2169 0eb6 44       		.byte	0x44
 2170 0eb7 6E040000 		.4byte	0x46e
 2171 0ebb 29       		.byte	0x29
 2172 0ebc 14       		.uleb128 0x14
 2173 0ebd DF1A0000 		.4byte	.LASF312
 2174 0ec1 10       		.byte	0x10
ARM GAS  C:\Users\Finik\AppData\Local\Temp\ccY85NDM.s 			page 140


 2175 0ec2 45       		.byte	0x45
 2176 0ec3 6E040000 		.4byte	0x46e
 2177 0ec7 2A       		.byte	0x2a
 2178 0ec8 14       		.uleb128 0x14
 2179 0ec9 78130000 		.4byte	.LASF313
 2180 0ecd 10       		.byte	0x10
 2181 0ece 46       		.byte	0x46
 2182 0ecf 6E040000 		.4byte	0x46e
 2183 0ed3 2B       		.byte	0x2b
 2184 0ed4 14       		.uleb128 0x14
 2185 0ed5 8D1E0000 		.4byte	.LASF314
 2186 0ed9 10       		.byte	0x10
 2187 0eda 47       		.byte	0x47
 2188 0edb 6E040000 		.4byte	0x46e
 2189 0edf 2C       		.byte	0x2c
 2190 0ee0 14       		.uleb128 0x14
 2191 0ee1 9E230000 		.4byte	.LASF315
 2192 0ee5 10       		.byte	0x10
 2193 0ee6 48       		.byte	0x48
 2194 0ee7 6E040000 		.4byte	0x46e
 2195 0eeb 2D       		.byte	0x2d
 2196 0eec 14       		.uleb128 0x14
 2197 0eed AC0F0000 		.4byte	.LASF316
 2198 0ef1 10       		.byte	0x10
 2199 0ef2 49       		.byte	0x49
 2200 0ef3 6E040000 		.4byte	0x46e
 2201 0ef7 2E       		.byte	0x2e
 2202 0ef8 14       		.uleb128 0x14
 2203 0ef9 D01C0000 		.4byte	.LASF317
 2204 0efd 10       		.byte	0x10
 2205 0efe 4A       		.byte	0x4a
 2206 0eff 6E040000 		.4byte	0x46e
 2207 0f03 2F       		.byte	0x2f
 2208 0f04 14       		.uleb128 0x14
 2209 0f05 A71C0000 		.4byte	.LASF318
 2210 0f09 10       		.byte	0x10
 2211 0f0a 4B       		.byte	0x4b
 2212 0f0b 6E040000 		.4byte	0x46e
 2213 0f0f 30       		.byte	0x30
 2214 0f10 14       		.uleb128 0x14
 2215 0f11 49120000 		.4byte	.LASF319
 2216 0f15 10       		.byte	0x10
 2217 0f16 4E       		.byte	0x4e
 2218 0f17 6E040000 		.4byte	0x46e
 2219 0f1b 31       		.byte	0x31
 2220 0f1c 14       		.uleb128 0x14
 2221 0f1d A9140000 		.4byte	.LASF320
 2222 0f21 10       		.byte	0x10
 2223 0f22 4F       		.byte	0x4f
 2224 0f23 6E040000 		.4byte	0x46e
 2225 0f27 32       		.byte	0x32
 2226 0f28 14       		.uleb128 0x14
 2227 0f29 F9190000 		.4byte	.LASF321
 2228 0f2d 10       		.byte	0x10
 2229 0f2e 50       		.byte	0x50
 2230 0f2f 6E040000 		.4byte	0x46e
 2231 0f33 33       		.byte	0x33
ARM GAS  C:\Users\Finik\AppData\Local\Temp\ccY85NDM.s 			page 141


 2232 0f34 14       		.uleb128 0x14
 2233 0f35 83180000 		.4byte	.LASF322
 2234 0f39 10       		.byte	0x10
 2235 0f3a 51       		.byte	0x51
 2236 0f3b 6E040000 		.4byte	0x46e
 2237 0f3f 34       		.byte	0x34
 2238 0f40 14       		.uleb128 0x14
 2239 0f41 720B0000 		.4byte	.LASF323
 2240 0f45 10       		.byte	0x10
 2241 0f46 52       		.byte	0x52
 2242 0f47 79040000 		.4byte	0x479
 2243 0f4b 36       		.byte	0x36
 2244 0f4c 14       		.uleb128 0x14
 2245 0f4d C40D0000 		.4byte	.LASF324
 2246 0f51 10       		.byte	0x10
 2247 0f52 53       		.byte	0x53
 2248 0f53 79040000 		.4byte	0x479
 2249 0f57 38       		.byte	0x38
 2250 0f58 14       		.uleb128 0x14
 2251 0f59 AA0C0000 		.4byte	.LASF325
 2252 0f5d 10       		.byte	0x10
 2253 0f5e 54       		.byte	0x54
 2254 0f5f 79040000 		.4byte	0x479
 2255 0f63 3A       		.byte	0x3a
 2256 0f64 14       		.uleb128 0x14
 2257 0f65 8B0C0000 		.4byte	.LASF326
 2258 0f69 10       		.byte	0x10
 2259 0f6a 55       		.byte	0x55
 2260 0f6b 6E040000 		.4byte	0x46e
 2261 0f6f 3C       		.byte	0x3c
 2262 0f70 14       		.uleb128 0x14
 2263 0f71 75160000 		.4byte	.LASF327
 2264 0f75 10       		.byte	0x10
 2265 0f76 56       		.byte	0x56
 2266 0f77 6E040000 		.4byte	0x46e
 2267 0f7b 3D       		.byte	0x3d
 2268 0f7c 14       		.uleb128 0x14
 2269 0f7d F4020000 		.4byte	.LASF328
 2270 0f81 10       		.byte	0x10
 2271 0f82 57       		.byte	0x57
 2272 0f83 6E040000 		.4byte	0x46e
 2273 0f87 3E       		.byte	0x3e
 2274 0f88 14       		.uleb128 0x14
 2275 0f89 10070000 		.4byte	.LASF329
 2276 0f8d 10       		.byte	0x10
 2277 0f8e 58       		.byte	0x58
 2278 0f8f 6E040000 		.4byte	0x46e
 2279 0f93 3F       		.byte	0x3f
 2280 0f94 14       		.uleb128 0x14
 2281 0f95 640E0000 		.4byte	.LASF330
 2282 0f99 10       		.byte	0x10
 2283 0f9a 59       		.byte	0x59
 2284 0f9b 6E040000 		.4byte	0x46e
 2285 0f9f 40       		.byte	0x40
 2286 0fa0 14       		.uleb128 0x14
 2287 0fa1 02100000 		.4byte	.LASF331
 2288 0fa5 10       		.byte	0x10
ARM GAS  C:\Users\Finik\AppData\Local\Temp\ccY85NDM.s 			page 142


 2289 0fa6 5A       		.byte	0x5a
 2290 0fa7 6E040000 		.4byte	0x46e
 2291 0fab 41       		.byte	0x41
 2292 0fac 14       		.uleb128 0x14
 2293 0fad 500D0000 		.4byte	.LASF332
 2294 0fb1 10       		.byte	0x10
 2295 0fb2 5B       		.byte	0x5b
 2296 0fb3 6E040000 		.4byte	0x46e
 2297 0fb7 42       		.byte	0x42
 2298 0fb8 14       		.uleb128 0x14
 2299 0fb9 9E050000 		.4byte	.LASF333
 2300 0fbd 10       		.byte	0x10
 2301 0fbe 5C       		.byte	0x5c
 2302 0fbf 6E040000 		.4byte	0x46e
 2303 0fc3 43       		.byte	0x43
 2304 0fc4 14       		.uleb128 0x14
 2305 0fc5 911B0000 		.4byte	.LASF334
 2306 0fc9 10       		.byte	0x10
 2307 0fca 5D       		.byte	0x5d
 2308 0fcb 6E040000 		.4byte	0x46e
 2309 0fcf 44       		.byte	0x44
 2310 0fd0 14       		.uleb128 0x14
 2311 0fd1 7F1B0000 		.4byte	.LASF335
 2312 0fd5 10       		.byte	0x10
 2313 0fd6 5E       		.byte	0x5e
 2314 0fd7 9A040000 		.4byte	0x49a
 2315 0fdb 48       		.byte	0x48
 2316 0fdc 14       		.uleb128 0x14
 2317 0fdd 15010000 		.4byte	.LASF336
 2318 0fe1 10       		.byte	0x10
 2319 0fe2 5F       		.byte	0x5f
 2320 0fe3 9A040000 		.4byte	0x49a
 2321 0fe7 4C       		.byte	0x4c
 2322 0fe8 14       		.uleb128 0x14
 2323 0fe9 60110000 		.4byte	.LASF337
 2324 0fed 10       		.byte	0x10
 2325 0fee 60       		.byte	0x60
 2326 0fef 6E040000 		.4byte	0x46e
 2327 0ff3 50       		.byte	0x50
 2328 0ff4 14       		.uleb128 0x14
 2329 0ff5 341E0000 		.4byte	.LASF338
 2330 0ff9 10       		.byte	0x10
 2331 0ffa 61       		.byte	0x61
 2332 0ffb 6E040000 		.4byte	0x46e
 2333 0fff 51       		.byte	0x51
 2334 1000 14       		.uleb128 0x14
 2335 1001 50110000 		.4byte	.LASF339
 2336 1005 10       		.byte	0x10
 2337 1006 62       		.byte	0x62
 2338 1007 6E040000 		.4byte	0x46e
 2339 100b 52       		.byte	0x52
 2340 100c 14       		.uleb128 0x14
 2341 100d 4C000000 		.4byte	.LASF340
 2342 1011 10       		.byte	0x10
 2343 1012 63       		.byte	0x63
 2344 1013 6E040000 		.4byte	0x46e
 2345 1017 53       		.byte	0x53
ARM GAS  C:\Users\Finik\AppData\Local\Temp\ccY85NDM.s 			page 143


 2346 1018 14       		.uleb128 0x14
 2347 1019 2A150000 		.4byte	.LASF341
 2348 101d 10       		.byte	0x10
 2349 101e 64       		.byte	0x64
 2350 101f 6E040000 		.4byte	0x46e
 2351 1023 54       		.byte	0x54
 2352 1024 14       		.uleb128 0x14
 2353 1025 6E230000 		.4byte	.LASF342
 2354 1029 10       		.byte	0x10
 2355 102a 65       		.byte	0x65
 2356 102b 6E040000 		.4byte	0x46e
 2357 102f 55       		.byte	0x55
 2358 1030 14       		.uleb128 0x14
 2359 1031 841D0000 		.4byte	.LASF343
 2360 1035 10       		.byte	0x10
 2361 1036 66       		.byte	0x66
 2362 1037 6E040000 		.4byte	0x46e
 2363 103b 56       		.byte	0x56
 2364 103c 14       		.uleb128 0x14
 2365 103d 9D170000 		.4byte	.LASF344
 2366 1041 10       		.byte	0x10
 2367 1042 67       		.byte	0x67
 2368 1043 6E040000 		.4byte	0x46e
 2369 1047 57       		.byte	0x57
 2370 1048 14       		.uleb128 0x14
 2371 1049 71110000 		.4byte	.LASF345
 2372 104d 10       		.byte	0x10
 2373 104e 68       		.byte	0x68
 2374 104f 6E040000 		.4byte	0x46e
 2375 1053 58       		.byte	0x58
 2376 1054 14       		.uleb128 0x14
 2377 1055 770C0000 		.4byte	.LASF346
 2378 1059 10       		.byte	0x10
 2379 105a 69       		.byte	0x69
 2380 105b 6E040000 		.4byte	0x46e
 2381 105f 59       		.byte	0x59
 2382 1060 14       		.uleb128 0x14
 2383 1061 CA230000 		.4byte	.LASF347
 2384 1065 10       		.byte	0x10
 2385 1066 6E       		.byte	0x6e
 2386 1067 84040000 		.4byte	0x484
 2387 106b 5A       		.byte	0x5a
 2388 106c 14       		.uleb128 0x14
 2389 106d A3020000 		.4byte	.LASF348
 2390 1071 10       		.byte	0x10
 2391 1072 6F       		.byte	0x6f
 2392 1073 84040000 		.4byte	0x484
 2393 1077 5C       		.byte	0x5c
 2394 1078 14       		.uleb128 0x14
 2395 1079 79100000 		.4byte	.LASF349
 2396 107d 10       		.byte	0x10
 2397 107e 70       		.byte	0x70
 2398 107f 6E040000 		.4byte	0x46e
 2399 1083 5E       		.byte	0x5e
 2400 1084 14       		.uleb128 0x14
 2401 1085 DF200000 		.4byte	.LASF350
 2402 1089 10       		.byte	0x10
ARM GAS  C:\Users\Finik\AppData\Local\Temp\ccY85NDM.s 			page 144


 2403 108a 71       		.byte	0x71
 2404 108b 6E040000 		.4byte	0x46e
 2405 108f 5F       		.byte	0x5f
 2406 1090 14       		.uleb128 0x14
 2407 1091 C1030000 		.4byte	.LASF351
 2408 1095 10       		.byte	0x10
 2409 1096 72       		.byte	0x72
 2410 1097 6E040000 		.4byte	0x46e
 2411 109b 60       		.byte	0x60
 2412 109c 14       		.uleb128 0x14
 2413 109d D1140000 		.4byte	.LASF352
 2414 10a1 10       		.byte	0x10
 2415 10a2 73       		.byte	0x73
 2416 10a3 9A040000 		.4byte	0x49a
 2417 10a7 64       		.byte	0x64
 2418 10a8 14       		.uleb128 0x14
 2419 10a9 00220000 		.4byte	.LASF353
 2420 10ad 10       		.byte	0x10
 2421 10ae 76       		.byte	0x76
 2422 10af 84040000 		.4byte	0x484
 2423 10b3 68       		.byte	0x68
 2424 10b4 14       		.uleb128 0x14
 2425 10b5 A9050000 		.4byte	.LASF354
 2426 10b9 10       		.byte	0x10
 2427 10ba 77       		.byte	0x77
 2428 10bb 84040000 		.4byte	0x484
 2429 10bf 6A       		.byte	0x6a
 2430 10c0 14       		.uleb128 0x14
 2431 10c1 630B0000 		.4byte	.LASF355
 2432 10c5 10       		.byte	0x10
 2433 10c6 78       		.byte	0x78
 2434 10c7 84040000 		.4byte	0x484
 2435 10cb 6C       		.byte	0x6c
 2436 10cc 14       		.uleb128 0x14
 2437 10cd FE050000 		.4byte	.LASF356
 2438 10d1 10       		.byte	0x10
 2439 10d2 79       		.byte	0x79
 2440 10d3 84040000 		.4byte	0x484
 2441 10d7 6E       		.byte	0x6e
 2442 10d8 14       		.uleb128 0x14
 2443 10d9 AF1A0000 		.4byte	.LASF357
 2444 10dd 10       		.byte	0x10
 2445 10de 7B       		.byte	0x7b
 2446 10df 6E040000 		.4byte	0x46e
 2447 10e3 70       		.byte	0x70
 2448 10e4 14       		.uleb128 0x14
 2449 10e5 4F0F0000 		.4byte	.LASF358
 2450 10e9 10       		.byte	0x10
 2451 10ea 7C       		.byte	0x7c
 2452 10eb 6E040000 		.4byte	0x46e
 2453 10ef 71       		.byte	0x71
 2454 10f0 14       		.uleb128 0x14
 2455 10f1 3C070000 		.4byte	.LASF359
 2456 10f5 10       		.byte	0x10
 2457 10f6 7D       		.byte	0x7d
 2458 10f7 6E040000 		.4byte	0x46e
 2459 10fb 72       		.byte	0x72
ARM GAS  C:\Users\Finik\AppData\Local\Temp\ccY85NDM.s 			page 145


 2460 10fc 14       		.uleb128 0x14
 2461 10fd FD160000 		.4byte	.LASF360
 2462 1101 10       		.byte	0x10
 2463 1102 7E       		.byte	0x7e
 2464 1103 6E040000 		.4byte	0x46e
 2465 1107 73       		.byte	0x73
 2466 1108 14       		.uleb128 0x14
 2467 1109 D3050000 		.4byte	.LASF361
 2468 110d 10       		.byte	0x10
 2469 110e 80       		.byte	0x80
 2470 110f 84040000 		.4byte	0x484
 2471 1113 74       		.byte	0x74
 2472 1114 14       		.uleb128 0x14
 2473 1115 E10E0000 		.4byte	.LASF362
 2474 1119 10       		.byte	0x10
 2475 111a 81       		.byte	0x81
 2476 111b 84040000 		.4byte	0x484
 2477 111f 76       		.byte	0x76
 2478 1120 14       		.uleb128 0x14
 2479 1121 B2110000 		.4byte	.LASF363
 2480 1125 10       		.byte	0x10
 2481 1126 82       		.byte	0x82
 2482 1127 84040000 		.4byte	0x484
 2483 112b 78       		.byte	0x78
 2484 112c 14       		.uleb128 0x14
 2485 112d 0A0D0000 		.4byte	.LASF364
 2486 1131 10       		.byte	0x10
 2487 1132 83       		.byte	0x83
 2488 1133 84040000 		.4byte	0x484
 2489 1137 7A       		.byte	0x7a
 2490 1138 14       		.uleb128 0x14
 2491 1139 98130000 		.4byte	.LASF365
 2492 113d 10       		.byte	0x10
 2493 113e 86       		.byte	0x86
 2494 113f 6E040000 		.4byte	0x46e
 2495 1143 7C       		.byte	0x7c
 2496 1144 14       		.uleb128 0x14
 2497 1145 92020000 		.4byte	.LASF366
 2498 1149 10       		.byte	0x10
 2499 114a 87       		.byte	0x87
 2500 114b 6E040000 		.4byte	0x46e
 2501 114f 7D       		.byte	0x7d
 2502 1150 14       		.uleb128 0x14
 2503 1151 75040000 		.4byte	.LASF367
 2504 1155 10       		.byte	0x10
 2505 1156 88       		.byte	0x88
 2506 1157 6E040000 		.4byte	0x46e
 2507 115b 7E       		.byte	0x7e
 2508 115c 14       		.uleb128 0x14
 2509 115d 20110000 		.4byte	.LASF368
 2510 1161 10       		.byte	0x10
 2511 1162 89       		.byte	0x89
 2512 1163 6E040000 		.4byte	0x46e
 2513 1167 7F       		.byte	0x7f
 2514 1168 14       		.uleb128 0x14
 2515 1169 991E0000 		.4byte	.LASF369
 2516 116d 10       		.byte	0x10
ARM GAS  C:\Users\Finik\AppData\Local\Temp\ccY85NDM.s 			page 146


 2517 116e 8A       		.byte	0x8a
 2518 116f 6E040000 		.4byte	0x46e
 2519 1173 80       		.byte	0x80
 2520 1174 14       		.uleb128 0x14
 2521 1175 330B0000 		.4byte	.LASF370
 2522 1179 10       		.byte	0x10
 2523 117a 8D       		.byte	0x8d
 2524 117b 9A040000 		.4byte	0x49a
 2525 117f 84       		.byte	0x84
 2526 1180 14       		.uleb128 0x14
 2527 1181 DB0B0000 		.4byte	.LASF371
 2528 1185 10       		.byte	0x10
 2529 1186 8E       		.byte	0x8e
 2530 1187 9A040000 		.4byte	0x49a
 2531 118b 88       		.byte	0x88
 2532 118c 14       		.uleb128 0x14
 2533 118d CA200000 		.4byte	.LASF372
 2534 1191 10       		.byte	0x10
 2535 1192 8F       		.byte	0x8f
 2536 1193 9A040000 		.4byte	0x49a
 2537 1197 8C       		.byte	0x8c
 2538 1198 14       		.uleb128 0x14
 2539 1199 37000000 		.4byte	.LASF373
 2540 119d 10       		.byte	0x10
 2541 119e 90       		.byte	0x90
 2542 119f 9A040000 		.4byte	0x49a
 2543 11a3 90       		.byte	0x90
 2544 11a4 14       		.uleb128 0x14
 2545 11a5 B31C0000 		.4byte	.LASF374
 2546 11a9 10       		.byte	0x10
 2547 11aa 91       		.byte	0x91
 2548 11ab 9A040000 		.4byte	0x49a
 2549 11af 94       		.byte	0x94
 2550 11b0 14       		.uleb128 0x14
 2551 11b1 76080000 		.4byte	.LASF375
 2552 11b5 10       		.byte	0x10
 2553 11b6 92       		.byte	0x92
 2554 11b7 9A040000 		.4byte	0x49a
 2555 11bb 98       		.byte	0x98
 2556 11bc 14       		.uleb128 0x14
 2557 11bd B6080000 		.4byte	.LASF376
 2558 11c1 10       		.byte	0x10
 2559 11c2 93       		.byte	0x93
 2560 11c3 9A040000 		.4byte	0x49a
 2561 11c7 9C       		.byte	0x9c
 2562 11c8 14       		.uleb128 0x14
 2563 11c9 110F0000 		.4byte	.LASF377
 2564 11cd 10       		.byte	0x10
 2565 11ce 94       		.byte	0x94
 2566 11cf 9A040000 		.4byte	0x49a
 2567 11d3 A0       		.byte	0xa0
 2568 11d4 14       		.uleb128 0x14
 2569 11d5 74170000 		.4byte	.LASF378
 2570 11d9 10       		.byte	0x10
 2571 11da 95       		.byte	0x95
 2572 11db 84040000 		.4byte	0x484
 2573 11df A4       		.byte	0xa4
ARM GAS  C:\Users\Finik\AppData\Local\Temp\ccY85NDM.s 			page 147


 2574 11e0 14       		.uleb128 0x14
 2575 11e1 40170000 		.4byte	.LASF379
 2576 11e5 10       		.byte	0x10
 2577 11e6 96       		.byte	0x96
 2578 11e7 84040000 		.4byte	0x484
 2579 11eb A6       		.byte	0xa6
 2580 11ec 14       		.uleb128 0x14
 2581 11ed 63070000 		.4byte	.LASF380
 2582 11f1 10       		.byte	0x10
 2583 11f2 97       		.byte	0x97
 2584 11f3 84040000 		.4byte	0x484
 2585 11f7 A8       		.byte	0xa8
 2586 11f8 14       		.uleb128 0x14
 2587 11f9 111A0000 		.4byte	.LASF381
 2588 11fd 10       		.byte	0x10
 2589 11fe 98       		.byte	0x98
 2590 11ff 84040000 		.4byte	0x484
 2591 1203 AA       		.byte	0xaa
 2592 1204 14       		.uleb128 0x14
 2593 1205 AD130000 		.4byte	.LASF382
 2594 1209 10       		.byte	0x10
 2595 120a 99       		.byte	0x99
 2596 120b 84040000 		.4byte	0x484
 2597 120f AC       		.byte	0xac
 2598 1210 14       		.uleb128 0x14
 2599 1211 5C0D0000 		.4byte	.LASF383
 2600 1215 10       		.byte	0x10
 2601 1216 9A       		.byte	0x9a
 2602 1217 84040000 		.4byte	0x484
 2603 121b AE       		.byte	0xae
 2604 121c 14       		.uleb128 0x14
 2605 121d DC210000 		.4byte	.LASF384
 2606 1221 10       		.byte	0x10
 2607 1222 9D       		.byte	0x9d
 2608 1223 84040000 		.4byte	0x484
 2609 1227 B0       		.byte	0xb0
 2610 1228 14       		.uleb128 0x14
 2611 1229 7F0B0000 		.4byte	.LASF385
 2612 122d 10       		.byte	0x10
 2613 122e 9E       		.byte	0x9e
 2614 122f 9A040000 		.4byte	0x49a
 2615 1233 B4       		.byte	0xb4
 2616 1234 00       		.byte	0
 2617 1235 06       		.uleb128 0x6
 2618 1236 071E0000 		.4byte	.LASF386
 2619 123a 10       		.byte	0x10
 2620 123b 9F       		.byte	0x9f
 2621 123c 240E0000 		.4byte	0xe24
 2622 1240 10       		.uleb128 0x10
 2623 1241 E2170000 		.4byte	.LASF387
 2624 1245 11       		.byte	0x11
 2625 1246 F601     		.2byte	0x1f6
 2626 1248 4C120000 		.4byte	0x124c
 2627 124c 05       		.uleb128 0x5
 2628 124d 01       		.byte	0x1
 2629 124e 08       		.byte	0x8
 2630 124f 31090000 		.4byte	.LASF388
ARM GAS  C:\Users\Finik\AppData\Local\Temp\ccY85NDM.s 			page 148


 2631 1253 05       		.uleb128 0x5
 2632 1254 04       		.byte	0x4
 2633 1255 04       		.byte	0x4
 2634 1256 0E120000 		.4byte	.LASF389
 2635 125a 05       		.uleb128 0x5
 2636 125b 08       		.byte	0x8
 2637 125c 04       		.byte	0x4
 2638 125d 19110000 		.4byte	.LASF390
 2639 1261 18       		.uleb128 0x18
 2640 1262 08       		.byte	0x8
 2641 1263 12       		.byte	0x12
 2642 1264 2D01     		.2byte	0x12d
 2643 1266 85120000 		.4byte	0x1285
 2644 126a 09       		.uleb128 0x9
 2645 126b E2040000 		.4byte	.LASF391
 2646 126f 12       		.byte	0x12
 2647 1270 2E01     		.2byte	0x12e
 2648 1272 ED030000 		.4byte	0x3ed
 2649 1276 00       		.byte	0
 2650 1277 09       		.uleb128 0x9
 2651 1278 33170000 		.4byte	.LASF392
 2652 127c 12       		.byte	0x12
 2653 127d 3201     		.2byte	0x132
 2654 127f 9A040000 		.4byte	0x49a
 2655 1283 04       		.byte	0x4
 2656 1284 00       		.byte	0
 2657 1285 10       		.uleb128 0x10
 2658 1286 CB0B0000 		.4byte	.LASF393
 2659 128a 12       		.byte	0x12
 2660 128b 3301     		.2byte	0x133
 2661 128d 61120000 		.4byte	0x1261
 2662 1291 19       		.uleb128 0x19
 2663 1292 04       		.byte	0x4
 2664 1293 05       		.uleb128 0x5
 2665 1294 01       		.byte	0x1
 2666 1295 02       		.byte	0x2
 2667 1296 9D080000 		.4byte	.LASF394
 2668 129a 1A       		.uleb128 0x1a
 2669 129b 04       		.byte	0x4
 2670 129c A0120000 		.4byte	0x12a0
 2671 12a0 1B       		.uleb128 0x1b
 2672 12a1 AB120000 		.4byte	0x12ab
 2673 12a5 1C       		.uleb128 0x1c
 2674 12a6 9A040000 		.4byte	0x49a
 2675 12aa 00       		.byte	0
 2676 12ab 1D       		.uleb128 0x1d
 2677 12ac 01       		.byte	0x1
 2678 12ad 0A040000 		.4byte	0x40a
 2679 12b1 04       		.byte	0x4
 2680 12b2 A801     		.2byte	0x1a8
 2681 12b4 CB120000 		.4byte	0x12cb
 2682 12b8 04       		.uleb128 0x4
 2683 12b9 FC090000 		.4byte	.LASF395
 2684 12bd 00       		.byte	0
 2685 12be 04       		.uleb128 0x4
 2686 12bf 67000000 		.4byte	.LASF396
 2687 12c3 01       		.byte	0x1
ARM GAS  C:\Users\Finik\AppData\Local\Temp\ccY85NDM.s 			page 149


 2688 12c4 04       		.uleb128 0x4
 2689 12c5 AB230000 		.4byte	.LASF397
 2690 12c9 02       		.byte	0x2
 2691 12ca 00       		.byte	0
 2692 12cb 10       		.uleb128 0x10
 2693 12cc 781F0000 		.4byte	.LASF398
 2694 12d0 04       		.byte	0x4
 2695 12d1 AC01     		.2byte	0x1ac
 2696 12d3 AB120000 		.4byte	0x12ab
 2697 12d7 1D       		.uleb128 0x1d
 2698 12d8 01       		.byte	0x1
 2699 12d9 0A040000 		.4byte	0x40a
 2700 12dd 04       		.byte	0x4
 2701 12de B001     		.2byte	0x1b0
 2702 12e0 0F130000 		.4byte	0x130f
 2703 12e4 04       		.uleb128 0x4
 2704 12e5 710E0000 		.4byte	.LASF399
 2705 12e9 02       		.byte	0x2
 2706 12ea 04       		.uleb128 0x4
 2707 12eb 5F100000 		.4byte	.LASF400
 2708 12ef 03       		.byte	0x3
 2709 12f0 04       		.uleb128 0x4
 2710 12f1 29210000 		.4byte	.LASF401
 2711 12f5 04       		.byte	0x4
 2712 12f6 04       		.uleb128 0x4
 2713 12f7 69180000 		.4byte	.LASF402
 2714 12fb 05       		.byte	0x5
 2715 12fc 04       		.uleb128 0x4
 2716 12fd 41210000 		.4byte	.LASF403
 2717 1301 06       		.byte	0x6
 2718 1302 04       		.uleb128 0x4
 2719 1303 2B200000 		.4byte	.LASF404
 2720 1307 07       		.byte	0x7
 2721 1308 04       		.uleb128 0x4
 2722 1309 59210000 		.4byte	.LASF405
 2723 130d 08       		.byte	0x8
 2724 130e 00       		.byte	0
 2725 130f 10       		.uleb128 0x10
 2726 1310 6E200000 		.4byte	.LASF406
 2727 1314 04       		.byte	0x4
 2728 1315 B801     		.2byte	0x1b8
 2729 1317 D7120000 		.4byte	0x12d7
 2730 131b 1D       		.uleb128 0x1d
 2731 131c 01       		.byte	0x1
 2732 131d 0A040000 		.4byte	0x40a
 2733 1321 04       		.byte	0x4
 2734 1322 BC01     		.2byte	0x1bc
 2735 1324 3B130000 		.4byte	0x133b
 2736 1328 04       		.uleb128 0x4
 2737 1329 DE0C0000 		.4byte	.LASF407
 2738 132d 00       		.byte	0
 2739 132e 04       		.uleb128 0x4
 2740 132f B7220000 		.4byte	.LASF408
 2741 1333 02       		.byte	0x2
 2742 1334 04       		.uleb128 0x4
 2743 1335 32180000 		.4byte	.LASF409
 2744 1339 03       		.byte	0x3
ARM GAS  C:\Users\Finik\AppData\Local\Temp\ccY85NDM.s 			page 150


 2745 133a 00       		.byte	0
 2746 133b 10       		.uleb128 0x10
 2747 133c 0A200000 		.4byte	.LASF410
 2748 1340 04       		.byte	0x4
 2749 1341 C001     		.2byte	0x1c0
 2750 1343 1B130000 		.4byte	0x131b
 2751 1347 1D       		.uleb128 0x1d
 2752 1348 01       		.byte	0x1
 2753 1349 0A040000 		.4byte	0x40a
 2754 134d 04       		.byte	0x4
 2755 134e C401     		.2byte	0x1c4
 2756 1350 61130000 		.4byte	0x1361
 2757 1354 04       		.uleb128 0x4
 2758 1355 461E0000 		.4byte	.LASF411
 2759 1359 00       		.byte	0
 2760 135a 04       		.uleb128 0x4
 2761 135b D4110000 		.4byte	.LASF412
 2762 135f 01       		.byte	0x1
 2763 1360 00       		.byte	0
 2764 1361 10       		.uleb128 0x10
 2765 1362 C2210000 		.4byte	.LASF413
 2766 1366 04       		.byte	0x4
 2767 1367 C701     		.2byte	0x1c7
 2768 1369 47130000 		.4byte	0x1347
 2769 136d 10       		.uleb128 0x10
 2770 136e 0E160000 		.4byte	.LASF414
 2771 1372 04       		.byte	0x4
 2772 1373 D901     		.2byte	0x1d9
 2773 1375 9A120000 		.4byte	0x129a
 2774 1379 1E       		.uleb128 0x1e
 2775 137a EF0D0000 		.4byte	.LASF441
 2776 137e 40       		.byte	0x40
 2777 137f 04       		.byte	0x4
 2778 1380 DC01     		.2byte	0x1dc
 2779 1382 CC140000 		.4byte	0x14cc
 2780 1386 09       		.uleb128 0x9
 2781 1387 70120000 		.4byte	.LASF415
 2782 138b 04       		.byte	0x4
 2783 138c DF01     		.2byte	0x1df
 2784 138e CB120000 		.4byte	0x12cb
 2785 1392 00       		.byte	0
 2786 1393 09       		.uleb128 0x9
 2787 1394 F11A0000 		.4byte	.LASF416
 2788 1398 04       		.byte	0x4
 2789 1399 E901     		.2byte	0x1e9
 2790 139b 9A040000 		.4byte	0x49a
 2791 139f 04       		.byte	0x4
 2792 13a0 09       		.uleb128 0x9
 2793 13a1 BA0D0000 		.4byte	.LASF417
 2794 13a5 04       		.byte	0x4
 2795 13a6 EC01     		.2byte	0x1ec
 2796 13a8 9A040000 		.4byte	0x49a
 2797 13ac 08       		.byte	0x8
 2798 13ad 09       		.uleb128 0x9
 2799 13ae C4010000 		.4byte	.LASF418
 2800 13b2 04       		.byte	0x4
 2801 13b3 F201     		.2byte	0x1f2
ARM GAS  C:\Users\Finik\AppData\Local\Temp\ccY85NDM.s 			page 151


 2802 13b5 93120000 		.4byte	0x1293
 2803 13b9 0C       		.byte	0xc
 2804 13ba 09       		.uleb128 0x9
 2805 13bb FC1A0000 		.4byte	.LASF419
 2806 13bf 04       		.byte	0x4
 2807 13c0 F801     		.2byte	0x1f8
 2808 13c2 0F130000 		.4byte	0x130f
 2809 13c6 0D       		.byte	0xd
 2810 13c7 09       		.uleb128 0x9
 2811 13c8 EC110000 		.4byte	.LASF420
 2812 13cc 04       		.byte	0x4
 2813 13cd FB01     		.2byte	0x1fb
 2814 13cf 3B130000 		.4byte	0x133b
 2815 13d3 0E       		.byte	0xe
 2816 13d4 09       		.uleb128 0x9
 2817 13d5 4F150000 		.4byte	.LASF421
 2818 13d9 04       		.byte	0x4
 2819 13da 0302     		.2byte	0x203
 2820 13dc 93120000 		.4byte	0x1293
 2821 13e0 0F       		.byte	0xf
 2822 13e1 09       		.uleb128 0x9
 2823 13e2 DD0D0000 		.4byte	.LASF422
 2824 13e6 04       		.byte	0x4
 2825 13e7 0902     		.2byte	0x209
 2826 13e9 93120000 		.4byte	0x1293
 2827 13ed 10       		.byte	0x10
 2828 13ee 09       		.uleb128 0x9
 2829 13ef F7040000 		.4byte	.LASF423
 2830 13f3 04       		.byte	0x4
 2831 13f4 0F02     		.2byte	0x20f
 2832 13f6 93120000 		.4byte	0x1293
 2833 13fa 11       		.byte	0x11
 2834 13fb 09       		.uleb128 0x9
 2835 13fc 521F0000 		.4byte	.LASF424
 2836 1400 04       		.byte	0x4
 2837 1401 1502     		.2byte	0x215
 2838 1403 93120000 		.4byte	0x1293
 2839 1407 12       		.byte	0x12
 2840 1408 09       		.uleb128 0x9
 2841 1409 B6160000 		.4byte	.LASF425
 2842 140d 04       		.byte	0x4
 2843 140e 1C02     		.2byte	0x21c
 2844 1410 9A040000 		.4byte	0x49a
 2845 1414 14       		.byte	0x14
 2846 1415 09       		.uleb128 0x9
 2847 1416 861A0000 		.4byte	.LASF426
 2848 141a 04       		.byte	0x4
 2849 141b 2402     		.2byte	0x224
 2850 141d 9A040000 		.4byte	0x49a
 2851 1421 18       		.byte	0x18
 2852 1422 09       		.uleb128 0x9
 2853 1423 52070000 		.4byte	.LASF427
 2854 1427 04       		.byte	0x4
 2855 1428 2A02     		.2byte	0x22a
 2856 142a 93120000 		.4byte	0x1293
 2857 142e 1C       		.byte	0x1c
 2858 142f 09       		.uleb128 0x9
ARM GAS  C:\Users\Finik\AppData\Local\Temp\ccY85NDM.s 			page 152


 2859 1430 8D0D0000 		.4byte	.LASF428
 2860 1434 04       		.byte	0x4
 2861 1435 2D02     		.2byte	0x22d
 2862 1437 93120000 		.4byte	0x1293
 2863 143b 1D       		.byte	0x1d
 2864 143c 09       		.uleb128 0x9
 2865 143d 2E120000 		.4byte	.LASF429
 2866 1441 04       		.byte	0x4
 2867 1442 3302     		.2byte	0x233
 2868 1444 93120000 		.4byte	0x1293
 2869 1448 1E       		.byte	0x1e
 2870 1449 09       		.uleb128 0x9
 2871 144a 14170000 		.4byte	.LASF430
 2872 144e 04       		.byte	0x4
 2873 144f 3A02     		.2byte	0x23a
 2874 1451 93120000 		.4byte	0x1293
 2875 1455 1F       		.byte	0x1f
 2876 1456 09       		.uleb128 0x9
 2877 1457 93170000 		.4byte	.LASF431
 2878 145b 04       		.byte	0x4
 2879 145c 4002     		.2byte	0x240
 2880 145e 93120000 		.4byte	0x1293
 2881 1462 20       		.byte	0x20
 2882 1463 09       		.uleb128 0x9
 2883 1464 BE200000 		.4byte	.LASF432
 2884 1468 04       		.byte	0x4
 2885 1469 4302     		.2byte	0x243
 2886 146b 61130000 		.4byte	0x1361
 2887 146f 21       		.byte	0x21
 2888 1470 09       		.uleb128 0x9
 2889 1471 36220000 		.4byte	.LASF433
 2890 1475 04       		.byte	0x4
 2891 1476 4902     		.2byte	0x249
 2892 1478 9A040000 		.4byte	0x49a
 2893 147c 24       		.byte	0x24
 2894 147d 09       		.uleb128 0x9
 2895 147e 49080000 		.4byte	.LASF434
 2896 1482 04       		.byte	0x4
 2897 1483 4C02     		.2byte	0x24c
 2898 1485 61130000 		.4byte	0x1361
 2899 1489 28       		.byte	0x28
 2900 148a 09       		.uleb128 0x9
 2901 148b FF220000 		.4byte	.LASF435
 2902 148f 04       		.byte	0x4
 2903 1490 4F02     		.2byte	0x24f
 2904 1492 9A040000 		.4byte	0x49a
 2905 1496 2C       		.byte	0x2c
 2906 1497 09       		.uleb128 0x9
 2907 1498 3C030000 		.4byte	.LASF436
 2908 149c 04       		.byte	0x4
 2909 149d 5702     		.2byte	0x257
 2910 149f 9A040000 		.4byte	0x49a
 2911 14a3 30       		.byte	0x30
 2912 14a4 09       		.uleb128 0x9
 2913 14a5 D0020000 		.4byte	.LASF437
 2914 14a9 04       		.byte	0x4
 2915 14aa 5D02     		.2byte	0x25d
ARM GAS  C:\Users\Finik\AppData\Local\Temp\ccY85NDM.s 			page 153


 2916 14ac 9A040000 		.4byte	0x49a
 2917 14b0 34       		.byte	0x34
 2918 14b1 09       		.uleb128 0x9
 2919 14b2 E2140000 		.4byte	.LASF438
 2920 14b6 04       		.byte	0x4
 2921 14b7 6502     		.2byte	0x265
 2922 14b9 9A040000 		.4byte	0x49a
 2923 14bd 38       		.byte	0x38
 2924 14be 09       		.uleb128 0x9
 2925 14bf 45220000 		.4byte	.LASF439
 2926 14c3 04       		.byte	0x4
 2927 14c4 6B02     		.2byte	0x26b
 2928 14c6 9A040000 		.4byte	0x49a
 2929 14ca 3C       		.byte	0x3c
 2930 14cb 00       		.byte	0
 2931 14cc 10       		.uleb128 0x10
 2932 14cd 4A0B0000 		.4byte	.LASF440
 2933 14d1 04       		.byte	0x4
 2934 14d2 6C02     		.2byte	0x26c
 2935 14d4 79130000 		.4byte	0x1379
 2936 14d8 1E       		.uleb128 0x1e
 2937 14d9 B4000000 		.4byte	.LASF442
 2938 14dd 38       		.byte	0x38
 2939 14de 04       		.byte	0x4
 2940 14df 7502     		.2byte	0x275
 2941 14e1 9C150000 		.4byte	0x159c
 2942 14e5 09       		.uleb128 0x9
 2943 14e6 F1010000 		.4byte	.LASF443
 2944 14ea 04       		.byte	0x4
 2945 14eb 7802     		.2byte	0x278
 2946 14ed 78050000 		.4byte	0x578
 2947 14f1 00       		.byte	0
 2948 14f2 09       		.uleb128 0x9
 2949 14f3 241C0000 		.4byte	.LASF444
 2950 14f7 04       		.byte	0x4
 2951 14f8 7902     		.2byte	0x279
 2952 14fa 78050000 		.4byte	0x578
 2953 14fe 04       		.byte	0x4
 2954 14ff 09       		.uleb128 0x9
 2955 1500 50230000 		.4byte	.LASF445
 2956 1504 04       		.byte	0x4
 2957 1505 7B02     		.2byte	0x27b
 2958 1507 91120000 		.4byte	0x1291
 2959 150b 08       		.byte	0x8
 2960 150c 09       		.uleb128 0x9
 2961 150d F5140000 		.4byte	.LASF446
 2962 1511 04       		.byte	0x4
 2963 1512 7C02     		.2byte	0x27c
 2964 1514 9A040000 		.4byte	0x49a
 2965 1518 0C       		.byte	0xc
 2966 1519 09       		.uleb128 0x9
 2967 151a CF0D0000 		.4byte	.LASF447
 2968 151e 04       		.byte	0x4
 2969 151f 7D02     		.2byte	0x27d
 2970 1521 78050000 		.4byte	0x578
 2971 1525 10       		.byte	0x10
 2972 1526 09       		.uleb128 0x9
ARM GAS  C:\Users\Finik\AppData\Local\Temp\ccY85NDM.s 			page 154


 2973 1527 BC230000 		.4byte	.LASF448
 2974 152b 04       		.byte	0x4
 2975 152c 7E02     		.2byte	0x27e
 2976 152e 78050000 		.4byte	0x578
 2977 1532 14       		.byte	0x14
 2978 1533 09       		.uleb128 0x9
 2979 1534 0F010000 		.4byte	.LASF449
 2980 1538 04       		.byte	0x4
 2981 1539 8002     		.2byte	0x280
 2982 153b 91120000 		.4byte	0x1291
 2983 153f 18       		.byte	0x18
 2984 1540 09       		.uleb128 0x9
 2985 1541 49180000 		.4byte	.LASF450
 2986 1545 04       		.byte	0x4
 2987 1546 8102     		.2byte	0x281
 2988 1548 9A040000 		.4byte	0x49a
 2989 154c 1C       		.byte	0x1c
 2990 154d 09       		.uleb128 0x9
 2991 154e A9110000 		.4byte	.LASF451
 2992 1552 04       		.byte	0x4
 2993 1553 8202     		.2byte	0x282
 2994 1555 78050000 		.4byte	0x578
 2995 1559 20       		.byte	0x20
 2996 155a 09       		.uleb128 0x9
 2997 155b 71190000 		.4byte	.LASF452
 2998 155f 04       		.byte	0x4
 2999 1560 8402     		.2byte	0x284
 3000 1562 91120000 		.4byte	0x1291
 3001 1566 24       		.byte	0x24
 3002 1567 09       		.uleb128 0x9
 3003 1568 08050000 		.4byte	.LASF453
 3004 156c 04       		.byte	0x4
 3005 156d 8502     		.2byte	0x285
 3006 156f 9A040000 		.4byte	0x49a
 3007 1573 28       		.byte	0x28
 3008 1574 09       		.uleb128 0x9
 3009 1575 64160000 		.4byte	.LASF454
 3010 1579 04       		.byte	0x4
 3011 157a 8602     		.2byte	0x286
 3012 157c 78050000 		.4byte	0x578
 3013 1580 2C       		.byte	0x2c
 3014 1581 09       		.uleb128 0x9
 3015 1582 1F0D0000 		.4byte	.LASF455
 3016 1586 04       		.byte	0x4
 3017 1587 8B02     		.2byte	0x28b
 3018 1589 6D130000 		.4byte	0x136d
 3019 158d 30       		.byte	0x30
 3020 158e 09       		.uleb128 0x9
 3021 158f C81C0000 		.4byte	.LASF456
 3022 1593 04       		.byte	0x4
 3023 1594 8E02     		.2byte	0x28e
 3024 1596 9A040000 		.4byte	0x49a
 3025 159a 34       		.byte	0x34
 3026 159b 00       		.byte	0
 3027 159c 10       		.uleb128 0x10
 3028 159d F6060000 		.4byte	.LASF457
 3029 15a1 04       		.byte	0x4
ARM GAS  C:\Users\Finik\AppData\Local\Temp\ccY85NDM.s 			page 155


 3030 15a2 9102     		.2byte	0x291
 3031 15a4 D8140000 		.4byte	0x14d8
 3032 15a8 1F       		.uleb128 0x1f
 3033 15a9 480E0000 		.4byte	.LASF458
 3034 15ad 4C       		.byte	0x4c
 3035 15ae 05       		.byte	0x5
 3036 15af 2F       		.byte	0x2f
 3037 15b0 99160000 		.4byte	0x1699
 3038 15b4 14       		.uleb128 0x14
 3039 15b5 1F1A0000 		.4byte	.LASF459
 3040 15b9 05       		.byte	0x5
 3041 15ba 31       		.byte	0x31
 3042 15bb 9A040000 		.4byte	0x49a
 3043 15bf 00       		.byte	0
 3044 15c0 14       		.uleb128 0x14
 3045 15c1 ED090000 		.4byte	.LASF460
 3046 15c5 05       		.byte	0x5
 3047 15c6 33       		.byte	0x33
 3048 15c7 9A040000 		.4byte	0x49a
 3049 15cb 04       		.byte	0x4
 3050 15cc 14       		.uleb128 0x14
 3051 15cd 73090000 		.4byte	.LASF461
 3052 15d1 05       		.byte	0x5
 3053 15d2 34       		.byte	0x34
 3054 15d3 9A040000 		.4byte	0x49a
 3055 15d7 08       		.byte	0x8
 3056 15d8 14       		.uleb128 0x14
 3057 15d9 3F140000 		.4byte	.LASF462
 3058 15dd 05       		.byte	0x5
 3059 15de 35       		.byte	0x35
 3060 15df 9A040000 		.4byte	0x49a
 3061 15e3 0C       		.byte	0xc
 3062 15e4 14       		.uleb128 0x14
 3063 15e5 F91F0000 		.4byte	.LASF463
 3064 15e9 05       		.byte	0x5
 3065 15ea 37       		.byte	0x37
 3066 15eb 9A040000 		.4byte	0x49a
 3067 15ef 10       		.byte	0x10
 3068 15f0 14       		.uleb128 0x14
 3069 15f1 460F0000 		.4byte	.LASF464
 3070 15f5 05       		.byte	0x5
 3071 15f6 38       		.byte	0x38
 3072 15f7 9A040000 		.4byte	0x49a
 3073 15fb 14       		.byte	0x14
 3074 15fc 14       		.uleb128 0x14
 3075 15fd EB020000 		.4byte	.LASF465
 3076 1601 05       		.byte	0x5
 3077 1602 39       		.byte	0x39
 3078 1603 9A040000 		.4byte	0x49a
 3079 1607 18       		.byte	0x18
 3080 1608 14       		.uleb128 0x14
 3081 1609 86130000 		.4byte	.LASF466
 3082 160d 05       		.byte	0x5
 3083 160e 3A       		.byte	0x3a
 3084 160f 93120000 		.4byte	0x1293
 3085 1613 1C       		.byte	0x1c
 3086 1614 14       		.uleb128 0x14
ARM GAS  C:\Users\Finik\AppData\Local\Temp\ccY85NDM.s 			page 156


 3087 1615 270F0000 		.4byte	.LASF467
 3088 1619 05       		.byte	0x5
 3089 161a 3C       		.byte	0x3c
 3090 161b 9A040000 		.4byte	0x49a
 3091 161f 20       		.byte	0x20
 3092 1620 14       		.uleb128 0x14
 3093 1621 FE000000 		.4byte	.LASF468
 3094 1625 05       		.byte	0x5
 3095 1626 3D       		.byte	0x3d
 3096 1627 9A040000 		.4byte	0x49a
 3097 162b 24       		.byte	0x24
 3098 162c 14       		.uleb128 0x14
 3099 162d 09000000 		.4byte	.LASF469
 3100 1631 05       		.byte	0x5
 3101 1632 3F       		.byte	0x3f
 3102 1633 9A040000 		.4byte	0x49a
 3103 1637 28       		.byte	0x28
 3104 1638 14       		.uleb128 0x14
 3105 1639 BB050000 		.4byte	.LASF470
 3106 163d 05       		.byte	0x5
 3107 163e 40       		.byte	0x40
 3108 163f 9A040000 		.4byte	0x49a
 3109 1643 2C       		.byte	0x2c
 3110 1644 14       		.uleb128 0x14
 3111 1645 89220000 		.4byte	.LASF471
 3112 1649 05       		.byte	0x5
 3113 164a 42       		.byte	0x42
 3114 164b 9A040000 		.4byte	0x49a
 3115 164f 30       		.byte	0x30
 3116 1650 14       		.uleb128 0x14
 3117 1651 151C0000 		.4byte	.LASF472
 3118 1655 05       		.byte	0x5
 3119 1656 43       		.byte	0x43
 3120 1657 9A040000 		.4byte	0x49a
 3121 165b 34       		.byte	0x34
 3122 165c 14       		.uleb128 0x14
 3123 165d 63230000 		.4byte	.LASF473
 3124 1661 05       		.byte	0x5
 3125 1662 45       		.byte	0x45
 3126 1663 9A040000 		.4byte	0x49a
 3127 1667 38       		.byte	0x38
 3128 1668 14       		.uleb128 0x14
 3129 1669 42110000 		.4byte	.LASF474
 3130 166d 05       		.byte	0x5
 3131 166e 46       		.byte	0x46
 3132 166f 9A040000 		.4byte	0x49a
 3133 1673 3C       		.byte	0x3c
 3134 1674 14       		.uleb128 0x14
 3135 1675 BA0E0000 		.4byte	.LASF475
 3136 1679 05       		.byte	0x5
 3137 167a 48       		.byte	0x48
 3138 167b 9A040000 		.4byte	0x49a
 3139 167f 40       		.byte	0x40
 3140 1680 14       		.uleb128 0x14
 3141 1681 A5030000 		.4byte	.LASF476
 3142 1685 05       		.byte	0x5
 3143 1686 49       		.byte	0x49
ARM GAS  C:\Users\Finik\AppData\Local\Temp\ccY85NDM.s 			page 157


 3144 1687 9A040000 		.4byte	0x49a
 3145 168b 44       		.byte	0x44
 3146 168c 14       		.uleb128 0x14
 3147 168d BB130000 		.4byte	.LASF477
 3148 1691 05       		.byte	0x5
 3149 1692 4B       		.byte	0x4b
 3150 1693 9A040000 		.4byte	0x49a
 3151 1697 48       		.byte	0x48
 3152 1698 00       		.byte	0
 3153 1699 06       		.uleb128 0x6
 3154 169a 6F1E0000 		.4byte	.LASF478
 3155 169e 05       		.byte	0x5
 3156 169f 4C       		.byte	0x4c
 3157 16a0 A8150000 		.4byte	0x15a8
 3158 16a4 20       		.uleb128 0x20
 3159 16a5 E11D0000 		.4byte	.LASF492
 3160 16a9 07       		.byte	0x7
 3161 16aa 6A02     		.2byte	0x26a
 3162 16ac 9A040000 		.4byte	0x49a
 3163 16b0 03       		.byte	0x3
 3164 16b1 C2160000 		.4byte	0x16c2
 3165 16b5 21       		.uleb128 0x21
 3166 16b6 24210000 		.4byte	.LASF479
 3167 16ba 07       		.byte	0x7
 3168 16bb 6A02     		.2byte	0x26a
 3169 16bd C2160000 		.4byte	0x16c2
 3170 16c1 00       		.byte	0
 3171 16c2 1A       		.uleb128 0x1a
 3172 16c3 04       		.byte	0x4
 3173 16c4 C8160000 		.4byte	0x16c8
 3174 16c8 11       		.uleb128 0x11
 3175 16c9 110E0000 		.4byte	0xe11
 3176 16cd 22       		.uleb128 0x22
 3177 16ce F6030000 		.4byte	.LASF481
 3178 16d2 03       		.byte	0x3
 3179 16d3 E606     		.2byte	0x6e6
 3180 16d5 03       		.byte	0x3
 3181 16d6 E7160000 		.4byte	0x16e7
 3182 16da 21       		.uleb128 0x21
 3183 16db F9050000 		.4byte	.LASF480
 3184 16df 03       		.byte	0x3
 3185 16e0 E606     		.2byte	0x6e6
 3186 16e2 ED030000 		.4byte	0x3ed
 3187 16e6 00       		.byte	0
 3188 16e7 22       		.uleb128 0x22
 3189 16e8 3C1D0000 		.4byte	.LASF482
 3190 16ec 02       		.byte	0x2
 3191 16ed 4202     		.2byte	0x242
 3192 16ef 03       		.byte	0x3
 3193 16f0 19170000 		.4byte	0x1719
 3194 16f4 21       		.uleb128 0x21
 3195 16f5 24210000 		.4byte	.LASF479
 3196 16f9 02       		.byte	0x2
 3197 16fa 4202     		.2byte	0x242
 3198 16fc 19170000 		.4byte	0x1719
 3199 1700 21       		.uleb128 0x21
 3200 1701 E61C0000 		.4byte	.LASF483
ARM GAS  C:\Users\Finik\AppData\Local\Temp\ccY85NDM.s 			page 158


 3201 1705 02       		.byte	0x2
 3202 1706 4202     		.2byte	0x242
 3203 1708 9A040000 		.4byte	0x49a
 3204 170c 21       		.uleb128 0x21
 3205 170d 2D0A0000 		.4byte	.LASF484
 3206 1711 02       		.byte	0x2
 3207 1712 4202     		.2byte	0x242
 3208 1714 9A040000 		.4byte	0x49a
 3209 1718 00       		.byte	0
 3210 1719 1A       		.uleb128 0x1a
 3211 171a 04       		.byte	0x4
 3212 171b 050E0000 		.4byte	0xe05
 3213 171f 22       		.uleb128 0x22
 3214 1720 7D000000 		.4byte	.LASF485
 3215 1724 04       		.byte	0x4
 3216 1725 1304     		.2byte	0x413
 3217 1727 03       		.byte	0x3
 3218 1728 39170000 		.4byte	0x1739
 3219 172c 21       		.uleb128 0x21
 3220 172d 24210000 		.4byte	.LASF479
 3221 1731 04       		.byte	0x4
 3222 1732 1304     		.2byte	0x413
 3223 1734 39170000 		.4byte	0x1739
 3224 1738 00       		.byte	0
 3225 1739 1A       		.uleb128 0x1a
 3226 173a 04       		.byte	0x4
 3227 173b 110E0000 		.4byte	0xe11
 3228 173f 22       		.uleb128 0x22
 3229 1740 53050000 		.4byte	.LASF486
 3230 1744 03       		.byte	0x3
 3231 1745 8D06     		.2byte	0x68d
 3232 1747 03       		.byte	0x3
 3233 1748 59170000 		.4byte	0x1759
 3234 174c 21       		.uleb128 0x21
 3235 174d F9050000 		.4byte	.LASF480
 3236 1751 03       		.byte	0x3
 3237 1752 8D06     		.2byte	0x68d
 3238 1754 ED030000 		.4byte	0x3ed
 3239 1758 00       		.byte	0
 3240 1759 22       		.uleb128 0x22
 3241 175a 59220000 		.4byte	.LASF487
 3242 175e 02       		.byte	0x2
 3243 175f CE01     		.2byte	0x1ce
 3244 1761 03       		.byte	0x3
 3245 1762 7F170000 		.4byte	0x177f
 3246 1766 21       		.uleb128 0x21
 3247 1767 24210000 		.4byte	.LASF479
 3248 176b 02       		.byte	0x2
 3249 176c CE01     		.2byte	0x1ce
 3250 176e 19170000 		.4byte	0x1719
 3251 1772 21       		.uleb128 0x21
 3252 1773 87190000 		.4byte	.LASF488
 3253 1777 02       		.byte	0x2
 3254 1778 CE01     		.2byte	0x1ce
 3255 177a 9A040000 		.4byte	0x49a
 3256 177e 00       		.byte	0
 3257 177f 23       		.uleb128 0x23
ARM GAS  C:\Users\Finik\AppData\Local\Temp\ccY85NDM.s 			page 159


 3258 1780 91100000 		.4byte	.LASF489
 3259 1784 05       		.byte	0x5
 3260 1785 B4       		.byte	0xb4
 3261 1786 03       		.byte	0x3
 3262 1787 A2170000 		.4byte	0x17a2
 3263 178b 24       		.uleb128 0x24
 3264 178c 24210000 		.4byte	.LASF479
 3265 1790 05       		.byte	0x5
 3266 1791 B4       		.byte	0xb4
 3267 1792 19170000 		.4byte	0x1719
 3268 1796 24       		.uleb128 0x24
 3269 1797 E61C0000 		.4byte	.LASF483
 3270 179b 05       		.byte	0x5
 3271 179c B4       		.byte	0xb4
 3272 179d 9A040000 		.4byte	0x49a
 3273 17a1 00       		.byte	0
 3274 17a2 25       		.uleb128 0x25
 3275 17a3 6B1F0000 		.4byte	.LASF513
 3276 17a7 06       		.byte	0x6
 3277 17a8 81       		.byte	0x81
 3278 17a9 03       		.byte	0x3
 3279 17aa 22       		.uleb128 0x22
 3280 17ab EA210000 		.4byte	.LASF490
 3281 17af 04       		.byte	0x4
 3282 17b0 A305     		.2byte	0x5a3
 3283 17b2 03       		.byte	0x3
 3284 17b3 D0170000 		.4byte	0x17d0
 3285 17b7 21       		.uleb128 0x21
 3286 17b8 24210000 		.4byte	.LASF479
 3287 17bc 04       		.byte	0x4
 3288 17bd A305     		.2byte	0x5a3
 3289 17bf 39170000 		.4byte	0x1739
 3290 17c3 21       		.uleb128 0x21
 3291 17c4 79120000 		.4byte	.LASF491
 3292 17c8 04       		.byte	0x4
 3293 17c9 A305     		.2byte	0x5a3
 3294 17cb D0170000 		.4byte	0x17d0
 3295 17cf 00       		.byte	0
 3296 17d0 1A       		.uleb128 0x1a
 3297 17d1 04       		.byte	0x4
 3298 17d2 D6170000 		.4byte	0x17d6
 3299 17d6 11       		.uleb128 0x11
 3300 17d7 40120000 		.4byte	0x1240
 3301 17db 20       		.uleb128 0x20
 3302 17dc AC040000 		.4byte	.LASF493
 3303 17e0 04       		.byte	0x4
 3304 17e1 A904     		.2byte	0x4a9
 3305 17e3 9A040000 		.4byte	0x49a
 3306 17e7 03       		.byte	0x3
 3307 17e8 F9170000 		.4byte	0x17f9
 3308 17ec 21       		.uleb128 0x21
 3309 17ed 24210000 		.4byte	.LASF479
 3310 17f1 04       		.byte	0x4
 3311 17f2 A904     		.2byte	0x4a9
 3312 17f4 C2160000 		.4byte	0x16c2
 3313 17f8 00       		.byte	0
 3314 17f9 22       		.uleb128 0x22
ARM GAS  C:\Users\Finik\AppData\Local\Temp\ccY85NDM.s 			page 160


 3315 17fa 28070000 		.4byte	.LASF494
 3316 17fe 08       		.byte	0x8
 3317 17ff 9B03     		.2byte	0x39b
 3318 1801 03       		.byte	0x3
 3319 1802 1F180000 		.4byte	0x181f
 3320 1806 21       		.uleb128 0x21
 3321 1807 24210000 		.4byte	.LASF479
 3322 180b 08       		.byte	0x8
 3323 180c 9B03     		.2byte	0x39b
 3324 180e 1F180000 		.4byte	0x181f
 3325 1812 21       		.uleb128 0x21
 3326 1813 5D1E0000 		.4byte	.LASF495
 3327 1817 08       		.byte	0x8
 3328 1818 9B03     		.2byte	0x39b
 3329 181a 9A040000 		.4byte	0x49a
 3330 181e 00       		.byte	0
 3331 181f 1A       		.uleb128 0x1a
 3332 1820 04       		.byte	0x4
 3333 1821 ED0D0000 		.4byte	0xded
 3334 1825 26       		.uleb128 0x26
 3335 1826 A1180000 		.4byte	.LASF496
 3336 182a 01       		.byte	0x1
 3337 182b 36       		.byte	0x36
 3338 182c 00000000 		.4byte	.LFB558
 3339 1830 44000000 		.4byte	.LFE558-.LFB558
 3340 1834 01       		.uleb128 0x1
 3341 1835 9C       		.byte	0x9c
 3342 1836 83180000 		.4byte	0x1883
 3343 183a 27       		.uleb128 0x27
 3344 183b E7160000 		.4byte	0x16e7
 3345 183f 00000000 		.4byte	.LBB36
 3346 1843 0C000000 		.4byte	.LBE36-.LBB36
 3347 1847 01       		.byte	0x1
 3348 1848 38       		.byte	0x38
 3349 1849 69180000 		.4byte	0x1869
 3350 184d 28       		.uleb128 0x28
 3351 184e 0C170000 		.4byte	0x170c
 3352 1852 00000000 		.4byte	.LLST0
 3353 1856 28       		.uleb128 0x28
 3354 1857 00170000 		.4byte	0x1700
 3355 185b 14000000 		.4byte	.LLST1
 3356 185f 28       		.uleb128 0x28
 3357 1860 F4160000 		.4byte	0x16f4
 3358 1864 28000000 		.4byte	.LLST2
 3359 1868 00       		.byte	0
 3360 1869 29       		.uleb128 0x29
 3361 186a CD160000 		.4byte	0x16cd
 3362 186e 12000000 		.4byte	.LBB38
 3363 1872 18000000 		.4byte	.LBE38-.LBB38
 3364 1876 01       		.byte	0x1
 3365 1877 39       		.byte	0x39
 3366 1878 28       		.uleb128 0x28
 3367 1879 DA160000 		.4byte	0x16da
 3368 187d 40000000 		.4byte	.LLST3
 3369 1881 00       		.byte	0
 3370 1882 00       		.byte	0
 3371 1883 26       		.uleb128 0x26
ARM GAS  C:\Users\Finik\AppData\Local\Temp\ccY85NDM.s 			page 161


 3372 1884 F31D0000 		.4byte	.LASF497
 3373 1888 01       		.byte	0x1
 3374 1889 26       		.byte	0x26
 3375 188a 00000000 		.4byte	.LFB556
 3376 188e 24000000 		.4byte	.LFE556-.LFB556
 3377 1892 01       		.uleb128 0x1
 3378 1893 9C       		.byte	0x9c
 3379 1894 C6180000 		.4byte	0x18c6
 3380 1898 27       		.uleb128 0x27
 3381 1899 1F170000 		.4byte	0x171f
 3382 189d 0E000000 		.4byte	.LBB40
 3383 18a1 16000000 		.4byte	.LBE40-.LBB40
 3384 18a5 01       		.byte	0x1
 3385 18a6 29       		.byte	0x29
 3386 18a7 B5180000 		.4byte	0x18b5
 3387 18ab 28       		.uleb128 0x28
 3388 18ac 2C170000 		.4byte	0x172c
 3389 18b0 53000000 		.4byte	.LLST4
 3390 18b4 00       		.byte	0
 3391 18b5 2A       		.uleb128 0x2a
 3392 18b6 0E000000 		.4byte	.LVL5
 3393 18ba C01B0000 		.4byte	0x1bc0
 3394 18be 2B       		.uleb128 0x2b
 3395 18bf 01       		.uleb128 0x1
 3396 18c0 50       		.byte	0x50
 3397 18c1 02       		.uleb128 0x2
 3398 18c2 74       		.byte	0x74
 3399 18c3 00       		.sleb128 0
 3400 18c4 00       		.byte	0
 3401 18c5 00       		.byte	0
 3402 18c6 26       		.uleb128 0x26
 3403 18c7 D3010000 		.4byte	.LASF498
 3404 18cb 01       		.byte	0x1
 3405 18cc 2C       		.byte	0x2c
 3406 18cd 00000000 		.4byte	.LFB557
 3407 18d1 50000000 		.4byte	.LFE557-.LFB557
 3408 18d5 01       		.uleb128 0x1
 3409 18d6 9C       		.byte	0x9c
 3410 18d7 77190000 		.4byte	0x1977
 3411 18db 27       		.uleb128 0x27
 3412 18dc 7F170000 		.4byte	0x177f
 3413 18e0 0E000000 		.4byte	.LBB42
 3414 18e4 04000000 		.4byte	.LBE42-.LBB42
 3415 18e8 01       		.byte	0x1
 3416 18e9 2F       		.byte	0x2f
 3417 18ea 01190000 		.4byte	0x1901
 3418 18ee 28       		.uleb128 0x28
 3419 18ef 96170000 		.4byte	0x1796
 3420 18f3 6B000000 		.4byte	.LLST5
 3421 18f7 28       		.uleb128 0x28
 3422 18f8 8B170000 		.4byte	0x178b
 3423 18fc 7F000000 		.4byte	.LLST6
 3424 1900 00       		.byte	0
 3425 1901 27       		.uleb128 0x27
 3426 1902 59170000 		.4byte	0x1759
 3427 1906 12000000 		.4byte	.LBB44
 3428 190a 02000000 		.4byte	.LBE44-.LBB44
ARM GAS  C:\Users\Finik\AppData\Local\Temp\ccY85NDM.s 			page 162


 3429 190e 01       		.byte	0x1
 3430 190f 30       		.byte	0x30
 3431 1910 27190000 		.4byte	0x1927
 3432 1914 28       		.uleb128 0x28
 3433 1915 72170000 		.4byte	0x1772
 3434 1919 97000000 		.4byte	.LLST7
 3435 191d 28       		.uleb128 0x28
 3436 191e 66170000 		.4byte	0x1766
 3437 1922 AB000000 		.4byte	.LLST8
 3438 1926 00       		.byte	0
 3439 1927 27       		.uleb128 0x27
 3440 1928 3F170000 		.4byte	0x173f
 3441 192c 22000000 		.4byte	.LBB46
 3442 1930 2E000000 		.4byte	.LBE46-.LBB46
 3443 1934 01       		.byte	0x1
 3444 1935 33       		.byte	0x33
 3445 1936 44190000 		.4byte	0x1944
 3446 193a 28       		.uleb128 0x28
 3447 193b 4C170000 		.4byte	0x174c
 3448 193f C3000000 		.4byte	.LLST9
 3449 1943 00       		.byte	0
 3450 1944 2C       		.uleb128 0x2c
 3451 1945 0E000000 		.4byte	.LVL7
 3452 1949 CC1B0000 		.4byte	0x1bcc
 3453 194d 5D190000 		.4byte	0x195d
 3454 1951 2B       		.uleb128 0x2b
 3455 1952 01       		.uleb128 0x1
 3456 1953 50       		.byte	0x50
 3457 1954 02       		.uleb128 0x2
 3458 1955 74       		.byte	0x74
 3459 1956 00       		.sleb128 0
 3460 1957 2B       		.uleb128 0x2b
 3461 1958 01       		.uleb128 0x1
 3462 1959 51       		.byte	0x51
 3463 195a 01       		.uleb128 0x1
 3464 195b 30       		.byte	0x30
 3465 195c 00       		.byte	0
 3466 195d 2A       		.uleb128 0x2a
 3467 195e 1E000000 		.4byte	.LVL10
 3468 1962 D71B0000 		.4byte	0x1bd7
 3469 1966 2B       		.uleb128 0x2b
 3470 1967 01       		.uleb128 0x1
 3471 1968 50       		.byte	0x50
 3472 1969 02       		.uleb128 0x2
 3473 196a 74       		.byte	0x74
 3474 196b 00       		.sleb128 0
 3475 196c 2B       		.uleb128 0x2b
 3476 196d 01       		.uleb128 0x1
 3477 196e 51       		.byte	0x51
 3478 196f 05       		.uleb128 0x5
 3479 1970 03       		.byte	0x3
 3480 1971 00000000 		.4byte	Isr_Timer
 3481 1975 00       		.byte	0
 3482 1976 00       		.byte	0
 3483 1977 2D       		.uleb128 0x2d
 3484 1978 E5050000 		.4byte	.LASF514
 3485 197c 01       		.byte	0x1
ARM GAS  C:\Users\Finik\AppData\Local\Temp\ccY85NDM.s 			page 163


 3486 197d 0D       		.byte	0xd
 3487 197e 60040000 		.4byte	0x460
 3488 1982 00000000 		.4byte	.LFB555
 3489 1986 78000000 		.4byte	.LFE555-.LFB555
 3490 198a 01       		.uleb128 0x1
 3491 198b 9C       		.byte	0x9c
 3492 198c 4D1B0000 		.4byte	0x1b4d
 3493 1990 2E       		.uleb128 0x2e
 3494 1991 A2170000 		.4byte	0x17a2
 3495 1995 06000000 		.4byte	.LBB48
 3496 1999 02000000 		.4byte	.LBE48-.LBB48
 3497 199d 01       		.byte	0x1
 3498 199e 10       		.byte	0x10
 3499 199f 27       		.uleb128 0x27
 3500 19a0 AA170000 		.4byte	0x17aa
 3501 19a4 08000000 		.4byte	.LBB50
 3502 19a8 0A000000 		.4byte	.LBE50-.LBB50
 3503 19ac 01       		.byte	0x1
 3504 19ad 12       		.byte	0x12
 3505 19ae DE190000 		.4byte	0x19de
 3506 19b2 28       		.uleb128 0x28
 3507 19b3 C3170000 		.4byte	0x17c3
 3508 19b7 E2000000 		.4byte	.LLST10
 3509 19bb 28       		.uleb128 0x28
 3510 19bc B7170000 		.4byte	0x17b7
 3511 19c0 FA000000 		.4byte	.LLST11
 3512 19c4 2A       		.uleb128 0x2a
 3513 19c5 12000000 		.4byte	.LVL16
 3514 19c9 E31B0000 		.4byte	0x1be3
 3515 19cd 2B       		.uleb128 0x2b
 3516 19ce 01       		.uleb128 0x1
 3517 19cf 50       		.byte	0x50
 3518 19d0 02       		.uleb128 0x2
 3519 19d1 74       		.byte	0x74
 3520 19d2 00       		.sleb128 0
 3521 19d3 2B       		.uleb128 0x2b
 3522 19d4 01       		.uleb128 0x1
 3523 19d5 51       		.byte	0x51
 3524 19d6 05       		.uleb128 0x5
 3525 19d7 03       		.byte	0x3
 3526 19d8 00000000 		.4byte	.LC0
 3527 19dc 00       		.byte	0
 3528 19dd 00       		.byte	0
 3529 19de 27       		.uleb128 0x27
 3530 19df AA170000 		.4byte	0x17aa
 3531 19e3 12000000 		.4byte	.LBB52
 3532 19e7 08000000 		.4byte	.LBE52-.LBB52
 3533 19eb 01       		.byte	0x1
 3534 19ec 13       		.byte	0x13
 3535 19ed 1D1A0000 		.4byte	0x1a1d
 3536 19f1 28       		.uleb128 0x28
 3537 19f2 C3170000 		.4byte	0x17c3
 3538 19f6 12010000 		.4byte	.LLST12
 3539 19fa 28       		.uleb128 0x28
 3540 19fb B7170000 		.4byte	0x17b7
 3541 19ff 2A010000 		.4byte	.LLST13
 3542 1a03 2A       		.uleb128 0x2a
ARM GAS  C:\Users\Finik\AppData\Local\Temp\ccY85NDM.s 			page 164


 3543 1a04 1A000000 		.4byte	.LVL17
 3544 1a08 E31B0000 		.4byte	0x1be3
 3545 1a0c 2B       		.uleb128 0x2b
 3546 1a0d 01       		.uleb128 0x1
 3547 1a0e 50       		.byte	0x50
 3548 1a0f 02       		.uleb128 0x2
 3549 1a10 74       		.byte	0x74
 3550 1a11 00       		.sleb128 0
 3551 1a12 2B       		.uleb128 0x2b
 3552 1a13 01       		.uleb128 0x1
 3553 1a14 51       		.byte	0x51
 3554 1a15 05       		.uleb128 0x5
 3555 1a16 03       		.byte	0x3
 3556 1a17 0C000000 		.4byte	.LC1
 3557 1a1b 00       		.byte	0
 3558 1a1c 00       		.byte	0
 3559 1a1d 27       		.uleb128 0x27
 3560 1a1e AA170000 		.4byte	0x17aa
 3561 1a22 1A000000 		.4byte	.LBB54
 3562 1a26 08000000 		.4byte	.LBE54-.LBB54
 3563 1a2a 01       		.byte	0x1
 3564 1a2b 14       		.byte	0x14
 3565 1a2c 5C1A0000 		.4byte	0x1a5c
 3566 1a30 28       		.uleb128 0x28
 3567 1a31 C3170000 		.4byte	0x17c3
 3568 1a35 42010000 		.4byte	.LLST14
 3569 1a39 28       		.uleb128 0x28
 3570 1a3a B7170000 		.4byte	0x17b7
 3571 1a3e 5A010000 		.4byte	.LLST15
 3572 1a42 2A       		.uleb128 0x2a
 3573 1a43 22000000 		.4byte	.LVL18
 3574 1a47 E31B0000 		.4byte	0x1be3
 3575 1a4b 2B       		.uleb128 0x2b
 3576 1a4c 01       		.uleb128 0x1
 3577 1a4d 50       		.byte	0x50
 3578 1a4e 02       		.uleb128 0x2
 3579 1a4f 74       		.byte	0x74
 3580 1a50 00       		.sleb128 0
 3581 1a51 2B       		.uleb128 0x2b
 3582 1a52 01       		.uleb128 0x1
 3583 1a53 51       		.byte	0x51
 3584 1a54 05       		.uleb128 0x5
 3585 1a55 03       		.byte	0x3
 3586 1a56 2C000000 		.4byte	.LC2
 3587 1a5a 00       		.byte	0
 3588 1a5b 00       		.byte	0
 3589 1a5c 27       		.uleb128 0x27
 3590 1a5d AA170000 		.4byte	0x17aa
 3591 1a61 22000000 		.4byte	.LBB56
 3592 1a65 08000000 		.4byte	.LBE56-.LBB56
 3593 1a69 01       		.byte	0x1
 3594 1a6a 15       		.byte	0x15
 3595 1a6b 9E1A0000 		.4byte	0x1a9e
 3596 1a6f 2F       		.uleb128 0x2f
 3597 1a70 C3170000 		.4byte	0x17c3
 3598 1a74 06       		.uleb128 0x6
 3599 1a75 03       		.byte	0x3
ARM GAS  C:\Users\Finik\AppData\Local\Temp\ccY85NDM.s 			page 165


 3600 1a76 44000000 		.4byte	.LC3
 3601 1a7a 9F       		.byte	0x9f
 3602 1a7b 30       		.uleb128 0x30
 3603 1a7c B7170000 		.4byte	0x17b7
 3604 1a80 00006640 		.4byte	0x40660000
 3605 1a84 2A       		.uleb128 0x2a
 3606 1a85 2A000000 		.4byte	.LVL19
 3607 1a89 E31B0000 		.4byte	0x1be3
 3608 1a8d 2B       		.uleb128 0x2b
 3609 1a8e 01       		.uleb128 0x1
 3610 1a8f 50       		.byte	0x50
 3611 1a90 02       		.uleb128 0x2
 3612 1a91 74       		.byte	0x74
 3613 1a92 00       		.sleb128 0
 3614 1a93 2B       		.uleb128 0x2b
 3615 1a94 01       		.uleb128 0x1
 3616 1a95 51       		.byte	0x51
 3617 1a96 05       		.uleb128 0x5
 3618 1a97 03       		.byte	0x3
 3619 1a98 44000000 		.4byte	.LC3
 3620 1a9c 00       		.byte	0
 3621 1a9d 00       		.byte	0
 3622 1a9e 27       		.uleb128 0x27
 3623 1a9f DB170000 		.4byte	0x17db
 3624 1aa3 2A000000 		.4byte	.LBB58
 3625 1aa7 06000000 		.4byte	.LBE58-.LBB58
 3626 1aab 01       		.byte	0x1
 3627 1aac 17       		.byte	0x17
 3628 1aad D51A0000 		.4byte	0x1ad5
 3629 1ab1 28       		.uleb128 0x28
 3630 1ab2 EC170000 		.4byte	0x17ec
 3631 1ab6 72010000 		.4byte	.LLST16
 3632 1aba 31       		.uleb128 0x31
 3633 1abb A4160000 		.4byte	0x16a4
 3634 1abf 2A000000 		.4byte	.LBB59
 3635 1ac3 06000000 		.4byte	.LBE59-.LBB59
 3636 1ac7 04       		.byte	0x4
 3637 1ac8 AB04     		.2byte	0x4ab
 3638 1aca 28       		.uleb128 0x28
 3639 1acb B5160000 		.4byte	0x16b5
 3640 1acf 72010000 		.4byte	.LLST16
 3641 1ad3 00       		.byte	0
 3642 1ad4 00       		.byte	0
 3643 1ad5 27       		.uleb128 0x27
 3644 1ad6 AA170000 		.4byte	0x17aa
 3645 1ada 38000000 		.4byte	.LBB61
 3646 1ade 08000000 		.4byte	.LBE61-.LBB61
 3647 1ae2 01       		.byte	0x1
 3648 1ae3 1A       		.byte	0x1a
 3649 1ae4 171B0000 		.4byte	0x1b17
 3650 1ae8 2F       		.uleb128 0x2f
 3651 1ae9 C3170000 		.4byte	0x17c3
 3652 1aed 06       		.uleb128 0x6
 3653 1aee 03       		.byte	0x3
 3654 1aef 74000000 		.4byte	.LC4
 3655 1af3 9F       		.byte	0x9f
 3656 1af4 30       		.uleb128 0x30
ARM GAS  C:\Users\Finik\AppData\Local\Temp\ccY85NDM.s 			page 166


 3657 1af5 B7170000 		.4byte	0x17b7
 3658 1af9 00006640 		.4byte	0x40660000
 3659 1afd 2A       		.uleb128 0x2a
 3660 1afe 40000000 		.4byte	.LVL22
 3661 1b02 E31B0000 		.4byte	0x1be3
 3662 1b06 2B       		.uleb128 0x2b
 3663 1b07 01       		.uleb128 0x1
 3664 1b08 50       		.byte	0x50
 3665 1b09 02       		.uleb128 0x2
 3666 1b0a 74       		.byte	0x74
 3667 1b0b 00       		.sleb128 0
 3668 1b0c 2B       		.uleb128 0x2b
 3669 1b0d 01       		.uleb128 0x1
 3670 1b0e 51       		.byte	0x51
 3671 1b0f 05       		.uleb128 0x5
 3672 1b10 03       		.byte	0x3
 3673 1b11 74000000 		.4byte	.LC4
 3674 1b15 00       		.byte	0
 3675 1b16 00       		.byte	0
 3676 1b17 27       		.uleb128 0x27
 3677 1b18 F9170000 		.4byte	0x17f9
 3678 1b1c 4E000000 		.4byte	.LBB63
 3679 1b20 2A000000 		.4byte	.LBE63-.LBB63
 3680 1b24 01       		.byte	0x1
 3681 1b25 21       		.byte	0x21
 3682 1b26 3A1B0000 		.4byte	0x1b3a
 3683 1b2a 32       		.uleb128 0x32
 3684 1b2b 12180000 		.4byte	0x1812
 3685 1b2f 01       		.byte	0x1
 3686 1b30 30       		.uleb128 0x30
 3687 1b31 06180000 		.4byte	0x1806
 3688 1b35 80003240 		.4byte	0x40320080
 3689 1b39 00       		.byte	0
 3690 1b3a 33       		.uleb128 0x33
 3691 1b3b 06000000 		.4byte	.LVL14
 3692 1b3f 83180000 		.4byte	0x1883
 3693 1b43 33       		.uleb128 0x33
 3694 1b44 38000000 		.4byte	.LVL21
 3695 1b48 C6180000 		.4byte	0x18c6
 3696 1b4c 00       		.byte	0
 3697 1b4d 34       		.uleb128 0x34
 3698 1b4e C7110000 		.4byte	.LASF499
 3699 1b52 03       		.byte	0x3
 3700 1b53 F907     		.2byte	0x7f9
 3701 1b55 591B0000 		.4byte	0x1b59
 3702 1b59 0E       		.uleb128 0xe
 3703 1b5a 8F040000 		.4byte	0x48f
 3704 1b5e 35       		.uleb128 0x35
 3705 1b5f EB1B0000 		.4byte	.LASF500
 3706 1b63 10       		.byte	0x10
 3707 1b64 A7       		.byte	0xa7
 3708 1b65 691B0000 		.4byte	0x1b69
 3709 1b69 1A       		.uleb128 0x1a
 3710 1b6a 04       		.byte	0x4
 3711 1b6b 6F1B0000 		.4byte	0x1b6f
 3712 1b6f 11       		.uleb128 0x11
 3713 1b70 35120000 		.4byte	0x1235
ARM GAS  C:\Users\Finik\AppData\Local\Temp\ccY85NDM.s 			page 167


 3714 1b74 35       		.uleb128 0x35
 3715 1b75 600A0000 		.4byte	.LASF501
 3716 1b79 13       		.byte	0x13
 3717 1b7a 1C       		.byte	0x1c
 3718 1b7b 7F1B0000 		.4byte	0x1b7f
 3719 1b7f 11       		.uleb128 0x11
 3720 1b80 85120000 		.4byte	0x1285
 3721 1b84 35       		.uleb128 0x35
 3722 1b85 640F0000 		.4byte	.LASF502
 3723 1b89 14       		.byte	0x14
 3724 1b8a 1F       		.byte	0x1f
 3725 1b8b 8F1B0000 		.4byte	0x1b8f
 3726 1b8f 11       		.uleb128 0x11
 3727 1b90 99160000 		.4byte	0x1699
 3728 1b94 35       		.uleb128 0x35
 3729 1b95 21060000 		.4byte	.LASF503
 3730 1b99 15       		.byte	0x15
 3731 1b9a 86       		.byte	0x86
 3732 1b9b 9F1B0000 		.4byte	0x1b9f
 3733 1b9f 11       		.uleb128 0x11
 3734 1ba0 CC140000 		.4byte	0x14cc
 3735 1ba4 35       		.uleb128 0x35
 3736 1ba5 45200000 		.4byte	.LASF504
 3737 1ba9 15       		.byte	0x15
 3738 1baa 87       		.byte	0x87
 3739 1bab 9C150000 		.4byte	0x159c
 3740 1baf 36       		.uleb128 0x36
 3741 1bb0 B3020000 		.4byte	.LASF505
 3742 1bb4 01       		.byte	0x1
 3743 1bb5 0B       		.byte	0xb
 3744 1bb6 93120000 		.4byte	0x1293
 3745 1bba 05       		.uleb128 0x5
 3746 1bbb 03       		.byte	0x3
 3747 1bbc 00000000 		.4byte	LEDupdateFlag
 3748 1bc0 37       		.uleb128 0x37
 3749 1bc1 C8180000 		.4byte	.LASF506
 3750 1bc5 C8180000 		.4byte	.LASF506
 3751 1bc9 04       		.byte	0x4
 3752 1bca 9D02     		.2byte	0x29d
 3753 1bcc 38       		.uleb128 0x38
 3754 1bcd 47010000 		.4byte	.LASF507
 3755 1bd1 47010000 		.4byte	.LASF507
 3756 1bd5 05       		.byte	0x5
 3757 1bd6 91       		.byte	0x91
 3758 1bd7 37       		.uleb128 0x37
 3759 1bd8 1F120000 		.4byte	.LASF508
 3760 1bdc 1F120000 		.4byte	.LASF508
 3761 1be0 12       		.byte	0x12
 3762 1be1 6601     		.2byte	0x166
 3763 1be3 38       		.uleb128 0x38
 3764 1be4 1E090000 		.4byte	.LASF509
 3765 1be8 1E090000 		.4byte	.LASF509
 3766 1bec 07       		.byte	0x7
 3767 1bed E3       		.byte	0xe3
 3768 1bee 00       		.byte	0
 3769              		.section	.debug_abbrev,"",%progbits
 3770              	.Ldebug_abbrev0:
ARM GAS  C:\Users\Finik\AppData\Local\Temp\ccY85NDM.s 			page 168


 3771 0000 01       		.uleb128 0x1
 3772 0001 11       		.uleb128 0x11
 3773 0002 01       		.byte	0x1
 3774 0003 25       		.uleb128 0x25
 3775 0004 0E       		.uleb128 0xe
 3776 0005 13       		.uleb128 0x13
 3777 0006 0B       		.uleb128 0xb
 3778 0007 03       		.uleb128 0x3
 3779 0008 0E       		.uleb128 0xe
 3780 0009 1B       		.uleb128 0x1b
 3781 000a 0E       		.uleb128 0xe
 3782 000b 55       		.uleb128 0x55
 3783 000c 17       		.uleb128 0x17
 3784 000d 11       		.uleb128 0x11
 3785 000e 01       		.uleb128 0x1
 3786 000f 10       		.uleb128 0x10
 3787 0010 17       		.uleb128 0x17
 3788 0011 00       		.byte	0
 3789 0012 00       		.byte	0
 3790 0013 02       		.uleb128 0x2
 3791 0014 04       		.uleb128 0x4
 3792 0015 01       		.byte	0x1
 3793 0016 0B       		.uleb128 0xb
 3794 0017 0B       		.uleb128 0xb
 3795 0018 49       		.uleb128 0x49
 3796 0019 13       		.uleb128 0x13
 3797 001a 3A       		.uleb128 0x3a
 3798 001b 0B       		.uleb128 0xb
 3799 001c 3B       		.uleb128 0x3b
 3800 001d 0B       		.uleb128 0xb
 3801 001e 01       		.uleb128 0x1
 3802 001f 13       		.uleb128 0x13
 3803 0020 00       		.byte	0
 3804 0021 00       		.byte	0
 3805 0022 03       		.uleb128 0x3
 3806 0023 28       		.uleb128 0x28
 3807 0024 00       		.byte	0
 3808 0025 03       		.uleb128 0x3
 3809 0026 0E       		.uleb128 0xe
 3810 0027 1C       		.uleb128 0x1c
 3811 0028 0D       		.uleb128 0xd
 3812 0029 00       		.byte	0
 3813 002a 00       		.byte	0
 3814 002b 04       		.uleb128 0x4
 3815 002c 28       		.uleb128 0x28
 3816 002d 00       		.byte	0
 3817 002e 03       		.uleb128 0x3
 3818 002f 0E       		.uleb128 0xe
 3819 0030 1C       		.uleb128 0x1c
 3820 0031 0B       		.uleb128 0xb
 3821 0032 00       		.byte	0
 3822 0033 00       		.byte	0
 3823 0034 05       		.uleb128 0x5
 3824 0035 24       		.uleb128 0x24
 3825 0036 00       		.byte	0
 3826 0037 0B       		.uleb128 0xb
 3827 0038 0B       		.uleb128 0xb
ARM GAS  C:\Users\Finik\AppData\Local\Temp\ccY85NDM.s 			page 169


 3828 0039 3E       		.uleb128 0x3e
 3829 003a 0B       		.uleb128 0xb
 3830 003b 03       		.uleb128 0x3
 3831 003c 0E       		.uleb128 0xe
 3832 003d 00       		.byte	0
 3833 003e 00       		.byte	0
 3834 003f 06       		.uleb128 0x6
 3835 0040 16       		.uleb128 0x16
 3836 0041 00       		.byte	0
 3837 0042 03       		.uleb128 0x3
 3838 0043 0E       		.uleb128 0xe
 3839 0044 3A       		.uleb128 0x3a
 3840 0045 0B       		.uleb128 0xb
 3841 0046 3B       		.uleb128 0x3b
 3842 0047 0B       		.uleb128 0xb
 3843 0048 49       		.uleb128 0x49
 3844 0049 13       		.uleb128 0x13
 3845 004a 00       		.byte	0
 3846 004b 00       		.byte	0
 3847 004c 07       		.uleb128 0x7
 3848 004d 24       		.uleb128 0x24
 3849 004e 00       		.byte	0
 3850 004f 0B       		.uleb128 0xb
 3851 0050 0B       		.uleb128 0xb
 3852 0051 3E       		.uleb128 0x3e
 3853 0052 0B       		.uleb128 0xb
 3854 0053 03       		.uleb128 0x3
 3855 0054 08       		.uleb128 0x8
 3856 0055 00       		.byte	0
 3857 0056 00       		.byte	0
 3858 0057 08       		.uleb128 0x8
 3859 0058 13       		.uleb128 0x13
 3860 0059 01       		.byte	0x1
 3861 005a 0B       		.uleb128 0xb
 3862 005b 05       		.uleb128 0x5
 3863 005c 3A       		.uleb128 0x3a
 3864 005d 0B       		.uleb128 0xb
 3865 005e 3B       		.uleb128 0x3b
 3866 005f 05       		.uleb128 0x5
 3867 0060 01       		.uleb128 0x1
 3868 0061 13       		.uleb128 0x13
 3869 0062 00       		.byte	0
 3870 0063 00       		.byte	0
 3871 0064 09       		.uleb128 0x9
 3872 0065 0D       		.uleb128 0xd
 3873 0066 00       		.byte	0
 3874 0067 03       		.uleb128 0x3
 3875 0068 0E       		.uleb128 0xe
 3876 0069 3A       		.uleb128 0x3a
 3877 006a 0B       		.uleb128 0xb
 3878 006b 3B       		.uleb128 0x3b
 3879 006c 05       		.uleb128 0x5
 3880 006d 49       		.uleb128 0x49
 3881 006e 13       		.uleb128 0x13
 3882 006f 38       		.uleb128 0x38
 3883 0070 0B       		.uleb128 0xb
 3884 0071 00       		.byte	0
ARM GAS  C:\Users\Finik\AppData\Local\Temp\ccY85NDM.s 			page 170


 3885 0072 00       		.byte	0
 3886 0073 0A       		.uleb128 0xa
 3887 0074 0D       		.uleb128 0xd
 3888 0075 00       		.byte	0
 3889 0076 03       		.uleb128 0x3
 3890 0077 0E       		.uleb128 0xe
 3891 0078 3A       		.uleb128 0x3a
 3892 0079 0B       		.uleb128 0xb
 3893 007a 3B       		.uleb128 0x3b
 3894 007b 05       		.uleb128 0x5
 3895 007c 49       		.uleb128 0x49
 3896 007d 13       		.uleb128 0x13
 3897 007e 38       		.uleb128 0x38
 3898 007f 05       		.uleb128 0x5
 3899 0080 00       		.byte	0
 3900 0081 00       		.byte	0
 3901 0082 0B       		.uleb128 0xb
 3902 0083 0D       		.uleb128 0xd
 3903 0084 00       		.byte	0
 3904 0085 03       		.uleb128 0x3
 3905 0086 08       		.uleb128 0x8
 3906 0087 3A       		.uleb128 0x3a
 3907 0088 0B       		.uleb128 0xb
 3908 0089 3B       		.uleb128 0x3b
 3909 008a 05       		.uleb128 0x5
 3910 008b 49       		.uleb128 0x49
 3911 008c 13       		.uleb128 0x13
 3912 008d 38       		.uleb128 0x38
 3913 008e 05       		.uleb128 0x5
 3914 008f 00       		.byte	0
 3915 0090 00       		.byte	0
 3916 0091 0C       		.uleb128 0xc
 3917 0092 01       		.uleb128 0x1
 3918 0093 01       		.byte	0x1
 3919 0094 49       		.uleb128 0x49
 3920 0095 13       		.uleb128 0x13
 3921 0096 01       		.uleb128 0x1
 3922 0097 13       		.uleb128 0x13
 3923 0098 00       		.byte	0
 3924 0099 00       		.byte	0
 3925 009a 0D       		.uleb128 0xd
 3926 009b 21       		.uleb128 0x21
 3927 009c 00       		.byte	0
 3928 009d 49       		.uleb128 0x49
 3929 009e 13       		.uleb128 0x13
 3930 009f 2F       		.uleb128 0x2f
 3931 00a0 0B       		.uleb128 0xb
 3932 00a1 00       		.byte	0
 3933 00a2 00       		.byte	0
 3934 00a3 0E       		.uleb128 0xe
 3935 00a4 35       		.uleb128 0x35
 3936 00a5 00       		.byte	0
 3937 00a6 49       		.uleb128 0x49
 3938 00a7 13       		.uleb128 0x13
 3939 00a8 00       		.byte	0
 3940 00a9 00       		.byte	0
 3941 00aa 0F       		.uleb128 0xf
ARM GAS  C:\Users\Finik\AppData\Local\Temp\ccY85NDM.s 			page 171


 3942 00ab 21       		.uleb128 0x21
 3943 00ac 00       		.byte	0
 3944 00ad 49       		.uleb128 0x49
 3945 00ae 13       		.uleb128 0x13
 3946 00af 2F       		.uleb128 0x2f
 3947 00b0 05       		.uleb128 0x5
 3948 00b1 00       		.byte	0
 3949 00b2 00       		.byte	0
 3950 00b3 10       		.uleb128 0x10
 3951 00b4 16       		.uleb128 0x16
 3952 00b5 00       		.byte	0
 3953 00b6 03       		.uleb128 0x3
 3954 00b7 0E       		.uleb128 0xe
 3955 00b8 3A       		.uleb128 0x3a
 3956 00b9 0B       		.uleb128 0xb
 3957 00ba 3B       		.uleb128 0x3b
 3958 00bb 05       		.uleb128 0x5
 3959 00bc 49       		.uleb128 0x49
 3960 00bd 13       		.uleb128 0x13
 3961 00be 00       		.byte	0
 3962 00bf 00       		.byte	0
 3963 00c0 11       		.uleb128 0x11
 3964 00c1 26       		.uleb128 0x26
 3965 00c2 00       		.byte	0
 3966 00c3 49       		.uleb128 0x49
 3967 00c4 13       		.uleb128 0x13
 3968 00c5 00       		.byte	0
 3969 00c6 00       		.byte	0
 3970 00c7 12       		.uleb128 0x12
 3971 00c8 13       		.uleb128 0x13
 3972 00c9 01       		.byte	0x1
 3973 00ca 0B       		.uleb128 0xb
 3974 00cb 0B       		.uleb128 0xb
 3975 00cc 3A       		.uleb128 0x3a
 3976 00cd 0B       		.uleb128 0xb
 3977 00ce 3B       		.uleb128 0x3b
 3978 00cf 0B       		.uleb128 0xb
 3979 00d0 01       		.uleb128 0x1
 3980 00d1 13       		.uleb128 0x13
 3981 00d2 00       		.byte	0
 3982 00d3 00       		.byte	0
 3983 00d4 13       		.uleb128 0x13
 3984 00d5 0D       		.uleb128 0xd
 3985 00d6 00       		.byte	0
 3986 00d7 03       		.uleb128 0x3
 3987 00d8 08       		.uleb128 0x8
 3988 00d9 3A       		.uleb128 0x3a
 3989 00da 0B       		.uleb128 0xb
 3990 00db 3B       		.uleb128 0x3b
 3991 00dc 0B       		.uleb128 0xb
 3992 00dd 49       		.uleb128 0x49
 3993 00de 13       		.uleb128 0x13
 3994 00df 38       		.uleb128 0x38
 3995 00e0 0B       		.uleb128 0xb
 3996 00e1 00       		.byte	0
 3997 00e2 00       		.byte	0
 3998 00e3 14       		.uleb128 0x14
ARM GAS  C:\Users\Finik\AppData\Local\Temp\ccY85NDM.s 			page 172


 3999 00e4 0D       		.uleb128 0xd
 4000 00e5 00       		.byte	0
 4001 00e6 03       		.uleb128 0x3
 4002 00e7 0E       		.uleb128 0xe
 4003 00e8 3A       		.uleb128 0x3a
 4004 00e9 0B       		.uleb128 0xb
 4005 00ea 3B       		.uleb128 0x3b
 4006 00eb 0B       		.uleb128 0xb
 4007 00ec 49       		.uleb128 0x49
 4008 00ed 13       		.uleb128 0x13
 4009 00ee 38       		.uleb128 0x38
 4010 00ef 0B       		.uleb128 0xb
 4011 00f0 00       		.byte	0
 4012 00f1 00       		.byte	0
 4013 00f2 15       		.uleb128 0x15
 4014 00f3 13       		.uleb128 0x13
 4015 00f4 01       		.byte	0x1
 4016 00f5 0B       		.uleb128 0xb
 4017 00f6 05       		.uleb128 0x5
 4018 00f7 3A       		.uleb128 0x3a
 4019 00f8 0B       		.uleb128 0xb
 4020 00f9 3B       		.uleb128 0x3b
 4021 00fa 0B       		.uleb128 0xb
 4022 00fb 01       		.uleb128 0x1
 4023 00fc 13       		.uleb128 0x13
 4024 00fd 00       		.byte	0
 4025 00fe 00       		.byte	0
 4026 00ff 16       		.uleb128 0x16
 4027 0100 0D       		.uleb128 0xd
 4028 0101 00       		.byte	0
 4029 0102 03       		.uleb128 0x3
 4030 0103 0E       		.uleb128 0xe
 4031 0104 3A       		.uleb128 0x3a
 4032 0105 0B       		.uleb128 0xb
 4033 0106 3B       		.uleb128 0x3b
 4034 0107 0B       		.uleb128 0xb
 4035 0108 49       		.uleb128 0x49
 4036 0109 13       		.uleb128 0x13
 4037 010a 38       		.uleb128 0x38
 4038 010b 05       		.uleb128 0x5
 4039 010c 00       		.byte	0
 4040 010d 00       		.byte	0
 4041 010e 17       		.uleb128 0x17
 4042 010f 0D       		.uleb128 0xd
 4043 0110 00       		.byte	0
 4044 0111 03       		.uleb128 0x3
 4045 0112 08       		.uleb128 0x8
 4046 0113 3A       		.uleb128 0x3a
 4047 0114 0B       		.uleb128 0xb
 4048 0115 3B       		.uleb128 0x3b
 4049 0116 0B       		.uleb128 0xb
 4050 0117 49       		.uleb128 0x49
 4051 0118 13       		.uleb128 0x13
 4052 0119 38       		.uleb128 0x38
 4053 011a 05       		.uleb128 0x5
 4054 011b 00       		.byte	0
 4055 011c 00       		.byte	0
ARM GAS  C:\Users\Finik\AppData\Local\Temp\ccY85NDM.s 			page 173


 4056 011d 18       		.uleb128 0x18
 4057 011e 13       		.uleb128 0x13
 4058 011f 01       		.byte	0x1
 4059 0120 0B       		.uleb128 0xb
 4060 0121 0B       		.uleb128 0xb
 4061 0122 3A       		.uleb128 0x3a
 4062 0123 0B       		.uleb128 0xb
 4063 0124 3B       		.uleb128 0x3b
 4064 0125 05       		.uleb128 0x5
 4065 0126 01       		.uleb128 0x1
 4066 0127 13       		.uleb128 0x13
 4067 0128 00       		.byte	0
 4068 0129 00       		.byte	0
 4069 012a 19       		.uleb128 0x19
 4070 012b 0F       		.uleb128 0xf
 4071 012c 00       		.byte	0
 4072 012d 0B       		.uleb128 0xb
 4073 012e 0B       		.uleb128 0xb
 4074 012f 00       		.byte	0
 4075 0130 00       		.byte	0
 4076 0131 1A       		.uleb128 0x1a
 4077 0132 0F       		.uleb128 0xf
 4078 0133 00       		.byte	0
 4079 0134 0B       		.uleb128 0xb
 4080 0135 0B       		.uleb128 0xb
 4081 0136 49       		.uleb128 0x49
 4082 0137 13       		.uleb128 0x13
 4083 0138 00       		.byte	0
 4084 0139 00       		.byte	0
 4085 013a 1B       		.uleb128 0x1b
 4086 013b 15       		.uleb128 0x15
 4087 013c 01       		.byte	0x1
 4088 013d 27       		.uleb128 0x27
 4089 013e 19       		.uleb128 0x19
 4090 013f 01       		.uleb128 0x1
 4091 0140 13       		.uleb128 0x13
 4092 0141 00       		.byte	0
 4093 0142 00       		.byte	0
 4094 0143 1C       		.uleb128 0x1c
 4095 0144 05       		.uleb128 0x5
 4096 0145 00       		.byte	0
 4097 0146 49       		.uleb128 0x49
 4098 0147 13       		.uleb128 0x13
 4099 0148 00       		.byte	0
 4100 0149 00       		.byte	0
 4101 014a 1D       		.uleb128 0x1d
 4102 014b 04       		.uleb128 0x4
 4103 014c 01       		.byte	0x1
 4104 014d 0B       		.uleb128 0xb
 4105 014e 0B       		.uleb128 0xb
 4106 014f 49       		.uleb128 0x49
 4107 0150 13       		.uleb128 0x13
 4108 0151 3A       		.uleb128 0x3a
 4109 0152 0B       		.uleb128 0xb
 4110 0153 3B       		.uleb128 0x3b
 4111 0154 05       		.uleb128 0x5
 4112 0155 01       		.uleb128 0x1
ARM GAS  C:\Users\Finik\AppData\Local\Temp\ccY85NDM.s 			page 174


 4113 0156 13       		.uleb128 0x13
 4114 0157 00       		.byte	0
 4115 0158 00       		.byte	0
 4116 0159 1E       		.uleb128 0x1e
 4117 015a 13       		.uleb128 0x13
 4118 015b 01       		.byte	0x1
 4119 015c 03       		.uleb128 0x3
 4120 015d 0E       		.uleb128 0xe
 4121 015e 0B       		.uleb128 0xb
 4122 015f 0B       		.uleb128 0xb
 4123 0160 3A       		.uleb128 0x3a
 4124 0161 0B       		.uleb128 0xb
 4125 0162 3B       		.uleb128 0x3b
 4126 0163 05       		.uleb128 0x5
 4127 0164 01       		.uleb128 0x1
 4128 0165 13       		.uleb128 0x13
 4129 0166 00       		.byte	0
 4130 0167 00       		.byte	0
 4131 0168 1F       		.uleb128 0x1f
 4132 0169 13       		.uleb128 0x13
 4133 016a 01       		.byte	0x1
 4134 016b 03       		.uleb128 0x3
 4135 016c 0E       		.uleb128 0xe
 4136 016d 0B       		.uleb128 0xb
 4137 016e 0B       		.uleb128 0xb
 4138 016f 3A       		.uleb128 0x3a
 4139 0170 0B       		.uleb128 0xb
 4140 0171 3B       		.uleb128 0x3b
 4141 0172 0B       		.uleb128 0xb
 4142 0173 01       		.uleb128 0x1
 4143 0174 13       		.uleb128 0x13
 4144 0175 00       		.byte	0
 4145 0176 00       		.byte	0
 4146 0177 20       		.uleb128 0x20
 4147 0178 2E       		.uleb128 0x2e
 4148 0179 01       		.byte	0x1
 4149 017a 03       		.uleb128 0x3
 4150 017b 0E       		.uleb128 0xe
 4151 017c 3A       		.uleb128 0x3a
 4152 017d 0B       		.uleb128 0xb
 4153 017e 3B       		.uleb128 0x3b
 4154 017f 05       		.uleb128 0x5
 4155 0180 27       		.uleb128 0x27
 4156 0181 19       		.uleb128 0x19
 4157 0182 49       		.uleb128 0x49
 4158 0183 13       		.uleb128 0x13
 4159 0184 20       		.uleb128 0x20
 4160 0185 0B       		.uleb128 0xb
 4161 0186 01       		.uleb128 0x1
 4162 0187 13       		.uleb128 0x13
 4163 0188 00       		.byte	0
 4164 0189 00       		.byte	0
 4165 018a 21       		.uleb128 0x21
 4166 018b 05       		.uleb128 0x5
 4167 018c 00       		.byte	0
 4168 018d 03       		.uleb128 0x3
 4169 018e 0E       		.uleb128 0xe
ARM GAS  C:\Users\Finik\AppData\Local\Temp\ccY85NDM.s 			page 175


 4170 018f 3A       		.uleb128 0x3a
 4171 0190 0B       		.uleb128 0xb
 4172 0191 3B       		.uleb128 0x3b
 4173 0192 05       		.uleb128 0x5
 4174 0193 49       		.uleb128 0x49
 4175 0194 13       		.uleb128 0x13
 4176 0195 00       		.byte	0
 4177 0196 00       		.byte	0
 4178 0197 22       		.uleb128 0x22
 4179 0198 2E       		.uleb128 0x2e
 4180 0199 01       		.byte	0x1
 4181 019a 03       		.uleb128 0x3
 4182 019b 0E       		.uleb128 0xe
 4183 019c 3A       		.uleb128 0x3a
 4184 019d 0B       		.uleb128 0xb
 4185 019e 3B       		.uleb128 0x3b
 4186 019f 05       		.uleb128 0x5
 4187 01a0 27       		.uleb128 0x27
 4188 01a1 19       		.uleb128 0x19
 4189 01a2 20       		.uleb128 0x20
 4190 01a3 0B       		.uleb128 0xb
 4191 01a4 01       		.uleb128 0x1
 4192 01a5 13       		.uleb128 0x13
 4193 01a6 00       		.byte	0
 4194 01a7 00       		.byte	0
 4195 01a8 23       		.uleb128 0x23
 4196 01a9 2E       		.uleb128 0x2e
 4197 01aa 01       		.byte	0x1
 4198 01ab 03       		.uleb128 0x3
 4199 01ac 0E       		.uleb128 0xe
 4200 01ad 3A       		.uleb128 0x3a
 4201 01ae 0B       		.uleb128 0xb
 4202 01af 3B       		.uleb128 0x3b
 4203 01b0 0B       		.uleb128 0xb
 4204 01b1 27       		.uleb128 0x27
 4205 01b2 19       		.uleb128 0x19
 4206 01b3 20       		.uleb128 0x20
 4207 01b4 0B       		.uleb128 0xb
 4208 01b5 01       		.uleb128 0x1
 4209 01b6 13       		.uleb128 0x13
 4210 01b7 00       		.byte	0
 4211 01b8 00       		.byte	0
 4212 01b9 24       		.uleb128 0x24
 4213 01ba 05       		.uleb128 0x5
 4214 01bb 00       		.byte	0
 4215 01bc 03       		.uleb128 0x3
 4216 01bd 0E       		.uleb128 0xe
 4217 01be 3A       		.uleb128 0x3a
 4218 01bf 0B       		.uleb128 0xb
 4219 01c0 3B       		.uleb128 0x3b
 4220 01c1 0B       		.uleb128 0xb
 4221 01c2 49       		.uleb128 0x49
 4222 01c3 13       		.uleb128 0x13
 4223 01c4 00       		.byte	0
 4224 01c5 00       		.byte	0
 4225 01c6 25       		.uleb128 0x25
 4226 01c7 2E       		.uleb128 0x2e
ARM GAS  C:\Users\Finik\AppData\Local\Temp\ccY85NDM.s 			page 176


 4227 01c8 00       		.byte	0
 4228 01c9 03       		.uleb128 0x3
 4229 01ca 0E       		.uleb128 0xe
 4230 01cb 3A       		.uleb128 0x3a
 4231 01cc 0B       		.uleb128 0xb
 4232 01cd 3B       		.uleb128 0x3b
 4233 01ce 0B       		.uleb128 0xb
 4234 01cf 27       		.uleb128 0x27
 4235 01d0 19       		.uleb128 0x19
 4236 01d1 20       		.uleb128 0x20
 4237 01d2 0B       		.uleb128 0xb
 4238 01d3 00       		.byte	0
 4239 01d4 00       		.byte	0
 4240 01d5 26       		.uleb128 0x26
 4241 01d6 2E       		.uleb128 0x2e
 4242 01d7 01       		.byte	0x1
 4243 01d8 3F       		.uleb128 0x3f
 4244 01d9 19       		.uleb128 0x19
 4245 01da 03       		.uleb128 0x3
 4246 01db 0E       		.uleb128 0xe
 4247 01dc 3A       		.uleb128 0x3a
 4248 01dd 0B       		.uleb128 0xb
 4249 01de 3B       		.uleb128 0x3b
 4250 01df 0B       		.uleb128 0xb
 4251 01e0 27       		.uleb128 0x27
 4252 01e1 19       		.uleb128 0x19
 4253 01e2 11       		.uleb128 0x11
 4254 01e3 01       		.uleb128 0x1
 4255 01e4 12       		.uleb128 0x12
 4256 01e5 06       		.uleb128 0x6
 4257 01e6 40       		.uleb128 0x40
 4258 01e7 18       		.uleb128 0x18
 4259 01e8 9742     		.uleb128 0x2117
 4260 01ea 19       		.uleb128 0x19
 4261 01eb 01       		.uleb128 0x1
 4262 01ec 13       		.uleb128 0x13
 4263 01ed 00       		.byte	0
 4264 01ee 00       		.byte	0
 4265 01ef 27       		.uleb128 0x27
 4266 01f0 1D       		.uleb128 0x1d
 4267 01f1 01       		.byte	0x1
 4268 01f2 31       		.uleb128 0x31
 4269 01f3 13       		.uleb128 0x13
 4270 01f4 11       		.uleb128 0x11
 4271 01f5 01       		.uleb128 0x1
 4272 01f6 12       		.uleb128 0x12
 4273 01f7 06       		.uleb128 0x6
 4274 01f8 58       		.uleb128 0x58
 4275 01f9 0B       		.uleb128 0xb
 4276 01fa 59       		.uleb128 0x59
 4277 01fb 0B       		.uleb128 0xb
 4278 01fc 01       		.uleb128 0x1
 4279 01fd 13       		.uleb128 0x13
 4280 01fe 00       		.byte	0
 4281 01ff 00       		.byte	0
 4282 0200 28       		.uleb128 0x28
 4283 0201 05       		.uleb128 0x5
ARM GAS  C:\Users\Finik\AppData\Local\Temp\ccY85NDM.s 			page 177


 4284 0202 00       		.byte	0
 4285 0203 31       		.uleb128 0x31
 4286 0204 13       		.uleb128 0x13
 4287 0205 02       		.uleb128 0x2
 4288 0206 17       		.uleb128 0x17
 4289 0207 00       		.byte	0
 4290 0208 00       		.byte	0
 4291 0209 29       		.uleb128 0x29
 4292 020a 1D       		.uleb128 0x1d
 4293 020b 01       		.byte	0x1
 4294 020c 31       		.uleb128 0x31
 4295 020d 13       		.uleb128 0x13
 4296 020e 11       		.uleb128 0x11
 4297 020f 01       		.uleb128 0x1
 4298 0210 12       		.uleb128 0x12
 4299 0211 06       		.uleb128 0x6
 4300 0212 58       		.uleb128 0x58
 4301 0213 0B       		.uleb128 0xb
 4302 0214 59       		.uleb128 0x59
 4303 0215 0B       		.uleb128 0xb
 4304 0216 00       		.byte	0
 4305 0217 00       		.byte	0
 4306 0218 2A       		.uleb128 0x2a
 4307 0219 898201   		.uleb128 0x4109
 4308 021c 01       		.byte	0x1
 4309 021d 11       		.uleb128 0x11
 4310 021e 01       		.uleb128 0x1
 4311 021f 31       		.uleb128 0x31
 4312 0220 13       		.uleb128 0x13
 4313 0221 00       		.byte	0
 4314 0222 00       		.byte	0
 4315 0223 2B       		.uleb128 0x2b
 4316 0224 8A8201   		.uleb128 0x410a
 4317 0227 00       		.byte	0
 4318 0228 02       		.uleb128 0x2
 4319 0229 18       		.uleb128 0x18
 4320 022a 9142     		.uleb128 0x2111
 4321 022c 18       		.uleb128 0x18
 4322 022d 00       		.byte	0
 4323 022e 00       		.byte	0
 4324 022f 2C       		.uleb128 0x2c
 4325 0230 898201   		.uleb128 0x4109
 4326 0233 01       		.byte	0x1
 4327 0234 11       		.uleb128 0x11
 4328 0235 01       		.uleb128 0x1
 4329 0236 31       		.uleb128 0x31
 4330 0237 13       		.uleb128 0x13
 4331 0238 01       		.uleb128 0x1
 4332 0239 13       		.uleb128 0x13
 4333 023a 00       		.byte	0
 4334 023b 00       		.byte	0
 4335 023c 2D       		.uleb128 0x2d
 4336 023d 2E       		.uleb128 0x2e
 4337 023e 01       		.byte	0x1
 4338 023f 3F       		.uleb128 0x3f
 4339 0240 19       		.uleb128 0x19
 4340 0241 03       		.uleb128 0x3
ARM GAS  C:\Users\Finik\AppData\Local\Temp\ccY85NDM.s 			page 178


 4341 0242 0E       		.uleb128 0xe
 4342 0243 3A       		.uleb128 0x3a
 4343 0244 0B       		.uleb128 0xb
 4344 0245 3B       		.uleb128 0x3b
 4345 0246 0B       		.uleb128 0xb
 4346 0247 27       		.uleb128 0x27
 4347 0248 19       		.uleb128 0x19
 4348 0249 49       		.uleb128 0x49
 4349 024a 13       		.uleb128 0x13
 4350 024b 8701     		.uleb128 0x87
 4351 024d 19       		.uleb128 0x19
 4352 024e 11       		.uleb128 0x11
 4353 024f 01       		.uleb128 0x1
 4354 0250 12       		.uleb128 0x12
 4355 0251 06       		.uleb128 0x6
 4356 0252 40       		.uleb128 0x40
 4357 0253 18       		.uleb128 0x18
 4358 0254 9742     		.uleb128 0x2117
 4359 0256 19       		.uleb128 0x19
 4360 0257 01       		.uleb128 0x1
 4361 0258 13       		.uleb128 0x13
 4362 0259 00       		.byte	0
 4363 025a 00       		.byte	0
 4364 025b 2E       		.uleb128 0x2e
 4365 025c 1D       		.uleb128 0x1d
 4366 025d 00       		.byte	0
 4367 025e 31       		.uleb128 0x31
 4368 025f 13       		.uleb128 0x13
 4369 0260 11       		.uleb128 0x11
 4370 0261 01       		.uleb128 0x1
 4371 0262 12       		.uleb128 0x12
 4372 0263 06       		.uleb128 0x6
 4373 0264 58       		.uleb128 0x58
 4374 0265 0B       		.uleb128 0xb
 4375 0266 59       		.uleb128 0x59
 4376 0267 0B       		.uleb128 0xb
 4377 0268 00       		.byte	0
 4378 0269 00       		.byte	0
 4379 026a 2F       		.uleb128 0x2f
 4380 026b 05       		.uleb128 0x5
 4381 026c 00       		.byte	0
 4382 026d 31       		.uleb128 0x31
 4383 026e 13       		.uleb128 0x13
 4384 026f 02       		.uleb128 0x2
 4385 0270 18       		.uleb128 0x18
 4386 0271 00       		.byte	0
 4387 0272 00       		.byte	0
 4388 0273 30       		.uleb128 0x30
 4389 0274 05       		.uleb128 0x5
 4390 0275 00       		.byte	0
 4391 0276 31       		.uleb128 0x31
 4392 0277 13       		.uleb128 0x13
 4393 0278 1C       		.uleb128 0x1c
 4394 0279 06       		.uleb128 0x6
 4395 027a 00       		.byte	0
 4396 027b 00       		.byte	0
 4397 027c 31       		.uleb128 0x31
ARM GAS  C:\Users\Finik\AppData\Local\Temp\ccY85NDM.s 			page 179


 4398 027d 1D       		.uleb128 0x1d
 4399 027e 01       		.byte	0x1
 4400 027f 31       		.uleb128 0x31
 4401 0280 13       		.uleb128 0x13
 4402 0281 11       		.uleb128 0x11
 4403 0282 01       		.uleb128 0x1
 4404 0283 12       		.uleb128 0x12
 4405 0284 06       		.uleb128 0x6
 4406 0285 58       		.uleb128 0x58
 4407 0286 0B       		.uleb128 0xb
 4408 0287 59       		.uleb128 0x59
 4409 0288 05       		.uleb128 0x5
 4410 0289 00       		.byte	0
 4411 028a 00       		.byte	0
 4412 028b 32       		.uleb128 0x32
 4413 028c 05       		.uleb128 0x5
 4414 028d 00       		.byte	0
 4415 028e 31       		.uleb128 0x31
 4416 028f 13       		.uleb128 0x13
 4417 0290 1C       		.uleb128 0x1c
 4418 0291 0B       		.uleb128 0xb
 4419 0292 00       		.byte	0
 4420 0293 00       		.byte	0
 4421 0294 33       		.uleb128 0x33
 4422 0295 898201   		.uleb128 0x4109
 4423 0298 00       		.byte	0
 4424 0299 11       		.uleb128 0x11
 4425 029a 01       		.uleb128 0x1
 4426 029b 31       		.uleb128 0x31
 4427 029c 13       		.uleb128 0x13
 4428 029d 00       		.byte	0
 4429 029e 00       		.byte	0
 4430 029f 34       		.uleb128 0x34
 4431 02a0 34       		.uleb128 0x34
 4432 02a1 00       		.byte	0
 4433 02a2 03       		.uleb128 0x3
 4434 02a3 0E       		.uleb128 0xe
 4435 02a4 3A       		.uleb128 0x3a
 4436 02a5 0B       		.uleb128 0xb
 4437 02a6 3B       		.uleb128 0x3b
 4438 02a7 05       		.uleb128 0x5
 4439 02a8 49       		.uleb128 0x49
 4440 02a9 13       		.uleb128 0x13
 4441 02aa 3F       		.uleb128 0x3f
 4442 02ab 19       		.uleb128 0x19
 4443 02ac 3C       		.uleb128 0x3c
 4444 02ad 19       		.uleb128 0x19
 4445 02ae 00       		.byte	0
 4446 02af 00       		.byte	0
 4447 02b0 35       		.uleb128 0x35
 4448 02b1 34       		.uleb128 0x34
 4449 02b2 00       		.byte	0
 4450 02b3 03       		.uleb128 0x3
 4451 02b4 0E       		.uleb128 0xe
 4452 02b5 3A       		.uleb128 0x3a
 4453 02b6 0B       		.uleb128 0xb
 4454 02b7 3B       		.uleb128 0x3b
ARM GAS  C:\Users\Finik\AppData\Local\Temp\ccY85NDM.s 			page 180


 4455 02b8 0B       		.uleb128 0xb
 4456 02b9 49       		.uleb128 0x49
 4457 02ba 13       		.uleb128 0x13
 4458 02bb 3F       		.uleb128 0x3f
 4459 02bc 19       		.uleb128 0x19
 4460 02bd 3C       		.uleb128 0x3c
 4461 02be 19       		.uleb128 0x19
 4462 02bf 00       		.byte	0
 4463 02c0 00       		.byte	0
 4464 02c1 36       		.uleb128 0x36
 4465 02c2 34       		.uleb128 0x34
 4466 02c3 00       		.byte	0
 4467 02c4 03       		.uleb128 0x3
 4468 02c5 0E       		.uleb128 0xe
 4469 02c6 3A       		.uleb128 0x3a
 4470 02c7 0B       		.uleb128 0xb
 4471 02c8 3B       		.uleb128 0x3b
 4472 02c9 0B       		.uleb128 0xb
 4473 02ca 49       		.uleb128 0x49
 4474 02cb 13       		.uleb128 0x13
 4475 02cc 3F       		.uleb128 0x3f
 4476 02cd 19       		.uleb128 0x19
 4477 02ce 02       		.uleb128 0x2
 4478 02cf 18       		.uleb128 0x18
 4479 02d0 00       		.byte	0
 4480 02d1 00       		.byte	0
 4481 02d2 37       		.uleb128 0x37
 4482 02d3 2E       		.uleb128 0x2e
 4483 02d4 00       		.byte	0
 4484 02d5 3F       		.uleb128 0x3f
 4485 02d6 19       		.uleb128 0x19
 4486 02d7 3C       		.uleb128 0x3c
 4487 02d8 19       		.uleb128 0x19
 4488 02d9 6E       		.uleb128 0x6e
 4489 02da 0E       		.uleb128 0xe
 4490 02db 03       		.uleb128 0x3
 4491 02dc 0E       		.uleb128 0xe
 4492 02dd 3A       		.uleb128 0x3a
 4493 02de 0B       		.uleb128 0xb
 4494 02df 3B       		.uleb128 0x3b
 4495 02e0 05       		.uleb128 0x5
 4496 02e1 00       		.byte	0
 4497 02e2 00       		.byte	0
 4498 02e3 38       		.uleb128 0x38
 4499 02e4 2E       		.uleb128 0x2e
 4500 02e5 00       		.byte	0
 4501 02e6 3F       		.uleb128 0x3f
 4502 02e7 19       		.uleb128 0x19
 4503 02e8 3C       		.uleb128 0x3c
 4504 02e9 19       		.uleb128 0x19
 4505 02ea 6E       		.uleb128 0x6e
 4506 02eb 0E       		.uleb128 0xe
 4507 02ec 03       		.uleb128 0x3
 4508 02ed 0E       		.uleb128 0xe
 4509 02ee 3A       		.uleb128 0x3a
 4510 02ef 0B       		.uleb128 0xb
 4511 02f0 3B       		.uleb128 0x3b
ARM GAS  C:\Users\Finik\AppData\Local\Temp\ccY85NDM.s 			page 181


 4512 02f1 0B       		.uleb128 0xb
 4513 02f2 00       		.byte	0
 4514 02f3 00       		.byte	0
 4515 02f4 00       		.byte	0
 4516              		.section	.debug_loc,"",%progbits
 4517              	.Ldebug_loc0:
 4518              	.LLST0:
 4519 0000 00000000 		.4byte	.LVL0
 4520 0004 0C000000 		.4byte	.LVL1
 4521 0008 0200     		.2byte	0x2
 4522 000a 31       		.byte	0x31
 4523 000b 9F       		.byte	0x9f
 4524 000c 00000000 		.4byte	0
 4525 0010 00000000 		.4byte	0
 4526              	.LLST1:
 4527 0014 00000000 		.4byte	.LVL0
 4528 0018 0C000000 		.4byte	.LVL1
 4529 001c 0200     		.2byte	0x2
 4530 001e 30       		.byte	0x30
 4531 001f 9F       		.byte	0x9f
 4532 0020 00000000 		.4byte	0
 4533 0024 00000000 		.4byte	0
 4534              	.LLST2:
 4535 0028 00000000 		.4byte	.LVL0
 4536 002c 0C000000 		.4byte	.LVL1
 4537 0030 0600     		.2byte	0x6
 4538 0032 0C       		.byte	0xc
 4539 0033 00003840 		.4byte	0x40380000
 4540 0037 9F       		.byte	0x9f
 4541 0038 00000000 		.4byte	0
 4542 003c 00000000 		.4byte	0
 4543              	.LLST3:
 4544 0040 12000000 		.4byte	.LVL2
 4545 0044 1C000000 		.4byte	.LVL3
 4546 0048 0100     		.2byte	0x1
 4547 004a 53       		.byte	0x53
 4548 004b 00000000 		.4byte	0
 4549 004f 00000000 		.4byte	0
 4550              	.LLST4:
 4551 0053 0E000000 		.4byte	.LVL5
 4552 0057 16000000 		.4byte	.LVL6
 4553 005b 0600     		.2byte	0x6
 4554 005d 0C       		.byte	0xc
 4555 005e 00006640 		.4byte	0x40660000
 4556 0062 9F       		.byte	0x9f
 4557 0063 00000000 		.4byte	0
 4558 0067 00000000 		.4byte	0
 4559              	.LLST5:
 4560 006b 0E000000 		.4byte	.LVL7
 4561 006f 12000000 		.4byte	.LVL8
 4562 0073 0200     		.2byte	0x2
 4563 0075 30       		.byte	0x30
 4564 0076 9F       		.byte	0x9f
 4565 0077 00000000 		.4byte	0
 4566 007b 00000000 		.4byte	0
 4567              	.LLST6:
 4568 007f 0E000000 		.4byte	.LVL7
ARM GAS  C:\Users\Finik\AppData\Local\Temp\ccY85NDM.s 			page 182


 4569 0083 12000000 		.4byte	.LVL8
 4570 0087 0600     		.2byte	0x6
 4571 0089 0C       		.byte	0xc
 4572 008a 00003840 		.4byte	0x40380000
 4573 008e 9F       		.byte	0x9f
 4574 008f 00000000 		.4byte	0
 4575 0093 00000000 		.4byte	0
 4576              	.LLST7:
 4577 0097 12000000 		.4byte	.LVL8
 4578 009b 14000000 		.4byte	.LVL9
 4579 009f 0200     		.2byte	0x2
 4580 00a1 31       		.byte	0x31
 4581 00a2 9F       		.byte	0x9f
 4582 00a3 00000000 		.4byte	0
 4583 00a7 00000000 		.4byte	0
 4584              	.LLST8:
 4585 00ab 12000000 		.4byte	.LVL8
 4586 00af 14000000 		.4byte	.LVL9
 4587 00b3 0600     		.2byte	0x6
 4588 00b5 0C       		.byte	0xc
 4589 00b6 00003840 		.4byte	0x40380000
 4590 00ba 9F       		.byte	0x9f
 4591 00bb 00000000 		.4byte	0
 4592 00bf 00000000 		.4byte	0
 4593              	.LLST9:
 4594 00c3 22000000 		.4byte	.LVL11
 4595 00c7 2C000000 		.4byte	.LVL12
 4596 00cb 0100     		.2byte	0x1
 4597 00cd 53       		.byte	0x53
 4598 00ce 2C000000 		.4byte	.LVL12
 4599 00d2 38000000 		.4byte	.LVL13
 4600 00d6 0200     		.2byte	0x2
 4601 00d8 74       		.byte	0x74
 4602 00d9 00       		.sleb128 0
 4603 00da 00000000 		.4byte	0
 4604 00de 00000000 		.4byte	0
 4605              	.LLST10:
 4606 00e2 08000000 		.4byte	.LVL15
 4607 00e6 12000000 		.4byte	.LVL16
 4608 00ea 0600     		.2byte	0x6
 4609 00ec 03       		.byte	0x3
 4610 00ed 00000000 		.4byte	.LC0
 4611 00f1 9F       		.byte	0x9f
 4612 00f2 00000000 		.4byte	0
 4613 00f6 00000000 		.4byte	0
 4614              	.LLST11:
 4615 00fa 08000000 		.4byte	.LVL15
 4616 00fe 12000000 		.4byte	.LVL16
 4617 0102 0600     		.2byte	0x6
 4618 0104 0C       		.byte	0xc
 4619 0105 00006640 		.4byte	0x40660000
 4620 0109 9F       		.byte	0x9f
 4621 010a 00000000 		.4byte	0
 4622 010e 00000000 		.4byte	0
 4623              	.LLST12:
 4624 0112 12000000 		.4byte	.LVL16
 4625 0116 1A000000 		.4byte	.LVL17
ARM GAS  C:\Users\Finik\AppData\Local\Temp\ccY85NDM.s 			page 183


 4626 011a 0600     		.2byte	0x6
 4627 011c 03       		.byte	0x3
 4628 011d 0C000000 		.4byte	.LC1
 4629 0121 9F       		.byte	0x9f
 4630 0122 00000000 		.4byte	0
 4631 0126 00000000 		.4byte	0
 4632              	.LLST13:
 4633 012a 12000000 		.4byte	.LVL16
 4634 012e 1A000000 		.4byte	.LVL17
 4635 0132 0600     		.2byte	0x6
 4636 0134 0C       		.byte	0xc
 4637 0135 00006640 		.4byte	0x40660000
 4638 0139 9F       		.byte	0x9f
 4639 013a 00000000 		.4byte	0
 4640 013e 00000000 		.4byte	0
 4641              	.LLST14:
 4642 0142 1A000000 		.4byte	.LVL17
 4643 0146 22000000 		.4byte	.LVL18
 4644 014a 0600     		.2byte	0x6
 4645 014c 03       		.byte	0x3
 4646 014d 2C000000 		.4byte	.LC2
 4647 0151 9F       		.byte	0x9f
 4648 0152 00000000 		.4byte	0
 4649 0156 00000000 		.4byte	0
 4650              	.LLST15:
 4651 015a 1A000000 		.4byte	.LVL17
 4652 015e 22000000 		.4byte	.LVL18
 4653 0162 0600     		.2byte	0x6
 4654 0164 0C       		.byte	0xc
 4655 0165 00006640 		.4byte	0x40660000
 4656 0169 9F       		.byte	0x9f
 4657 016a 00000000 		.4byte	0
 4658 016e 00000000 		.4byte	0
 4659              	.LLST16:
 4660 0172 2A000000 		.4byte	.LVL19
 4661 0176 30000000 		.4byte	.LVL20
 4662 017a 0600     		.2byte	0x6
 4663 017c 0C       		.byte	0xc
 4664 017d 00006640 		.4byte	0x40660000
 4665 0181 9F       		.byte	0x9f
 4666 0182 00000000 		.4byte	0
 4667 0186 00000000 		.4byte	0
 4668              		.section	.debug_aranges,"",%progbits
 4669 0000 34000000 		.4byte	0x34
 4670 0004 0200     		.2byte	0x2
 4671 0006 00000000 		.4byte	.Ldebug_info0
 4672 000a 04       		.byte	0x4
 4673 000b 00       		.byte	0
 4674 000c 0000     		.2byte	0
 4675 000e 0000     		.2byte	0
 4676 0010 00000000 		.4byte	.LFB558
 4677 0014 44000000 		.4byte	.LFE558-.LFB558
 4678 0018 00000000 		.4byte	.LFB556
 4679 001c 24000000 		.4byte	.LFE556-.LFB556
 4680 0020 00000000 		.4byte	.LFB557
 4681 0024 50000000 		.4byte	.LFE557-.LFB557
 4682 0028 00000000 		.4byte	.LFB555
ARM GAS  C:\Users\Finik\AppData\Local\Temp\ccY85NDM.s 			page 184


 4683 002c 78000000 		.4byte	.LFE555-.LFB555
 4684 0030 00000000 		.4byte	0
 4685 0034 00000000 		.4byte	0
 4686              		.section	.debug_ranges,"",%progbits
 4687              	.Ldebug_ranges0:
 4688 0000 00000000 		.4byte	.LFB558
 4689 0004 44000000 		.4byte	.LFE558
 4690 0008 00000000 		.4byte	.LFB556
 4691 000c 24000000 		.4byte	.LFE556
 4692 0010 00000000 		.4byte	.LFB557
 4693 0014 50000000 		.4byte	.LFE557
 4694 0018 00000000 		.4byte	.LFB555
 4695 001c 78000000 		.4byte	.LFE555
 4696 0020 00000000 		.4byte	0
 4697 0024 00000000 		.4byte	0
 4698              		.section	.debug_line,"",%progbits
 4699              	.Ldebug_line0:
 4700 0000 9D040000 		.section	.debug_str,"MS",%progbits,1
 4700      0200E903 
 4700      00000201 
 4700      FB0E0D00 
 4700      01010101 
 4701              	.LASF181:
 4702 0000 52534552 		.ascii	"RSERVED1\000"
 4702      56454431 
 4702      00
 4703              	.LASF469:
 4704 0009 63617074 		.ascii	"captureInput\000"
 4704      75726549 
 4704      6E707574 
 4704      00
 4705              	.LASF135:
 4706 0016 7564625F 		.ascii	"udb_interrupts_3_IRQn\000"
 4706      696E7465 
 4706      72727570 
 4706      74735F33 
 4706      5F495251 
 4707              	.LASF309:
 4708 002c 63727970 		.ascii	"cryptoBase\000"
 4708      746F4261 
 4708      736500
 4709              	.LASF373:
 4710 0037 63707573 		.ascii	"cpussCm0StatusOffset\000"
 4710      73436D30 
 4710      53746174 
 4710      75734F66 
 4710      66736574 
 4711              	.LASF340:
 4712 004c 666C6173 		.ascii	"flashProgramDelay\000"
 4712      6850726F 
 4712      6772616D 
 4712      44656C61 
 4712      7900
 4713              	.LASF190:
 4714 005e 73697A65 		.ascii	"sizetype\000"
 4714      74797065 
 4714      00
ARM GAS  C:\Users\Finik\AppData\Local\Temp\ccY85NDM.s 			page 185


 4715              	.LASF396:
 4716 0067 43595F53 		.ascii	"CY_SCB_UART_SMARTCARD\000"
 4716      43425F55 
 4716      4152545F 
 4716      534D4152 
 4716      54434152 
 4717              	.LASF485:
 4718 007d 43795F53 		.ascii	"Cy_SCB_UART_Enable\000"
 4718      43425F55 
 4718      4152545F 
 4718      456E6162 
 4718      6C6500
 4719              	.LASF257:
 4720 0090 52585F4D 		.ascii	"RX_MATCH\000"
 4720      41544348 
 4720      00
 4721              	.LASF223:
 4722 0099 54525F43 		.ascii	"TR_CTRL0\000"
 4722      54524C30 
 4722      00
 4723              	.LASF224:
 4724 00a2 54525F43 		.ascii	"TR_CTRL1\000"
 4724      54524C31 
 4724      00
 4725              	.LASF225:
 4726 00ab 54525F43 		.ascii	"TR_CTRL2\000"
 4726      54524C32 
 4726      00
 4727              	.LASF442:
 4728 00b4 63795F73 		.ascii	"cy_stc_scb_uart_context\000"
 4728      74635F73 
 4728      63625F75 
 4728      6172745F 
 4728      636F6E74 
 4729              	.LASF23:
 4730 00cc 696F7373 		.ascii	"ioss_interrupts_gpio_13_IRQn\000"
 4730      5F696E74 
 4730      65727275 
 4730      7074735F 
 4730      6770696F 
 4731              	.LASF233:
 4732 00e9 494E5452 		.ascii	"INTR_CAUSE\000"
 4732      5F434155 
 4732      534500
 4733              	.LASF239:
 4734 00f4 55415254 		.ascii	"UART_CTRL\000"
 4734      5F435452 
 4734      4C00
 4735              	.LASF468:
 4736 00fe 63617074 		.ascii	"captureInputMode\000"
 4736      75726549 
 4736      6E707574 
 4736      4D6F6465 
 4736      00
 4737              	.LASF449:
 4738 010f 72784275 		.ascii	"rxBuf\000"
 4738      6600
ARM GAS  C:\Users\Finik\AppData\Local\Temp\ccY85NDM.s 			page 186


 4739              	.LASF336:
 4740 0115 63727970 		.ascii	"cryptoMemSize\000"
 4740      746F4D65 
 4740      6D53697A 
 4740      6500
 4741              	.LASF305:
 4742 0123 6873696F 		.ascii	"hsiomBase\000"
 4742      6D426173 
 4742      6500
 4743              	.LASF101:
 4744 012d 74637077 		.ascii	"tcpwm_0_interrupts_1_IRQn\000"
 4744      6D5F305F 
 4744      696E7465 
 4744      72727570 
 4744      74735F31 
 4745              	.LASF507:
 4746 0147 43795F54 		.ascii	"Cy_TCPWM_Counter_Init\000"
 4746      4350574D 
 4746      5F436F75 
 4746      6E746572 
 4746      5F496E69 
 4747              	.LASF39:
 4748 015d 63707573 		.ascii	"cpuss_interrupts_ipc_4_IRQn\000"
 4748      735F696E 
 4748      74657272 
 4748      75707473 
 4748      5F697063 
 4749              	.LASF107:
 4750 0179 74637077 		.ascii	"tcpwm_0_interrupts_7_IRQn\000"
 4750      6D5F305F 
 4750      696E7465 
 4750      72727570 
 4750      74735F37 
 4751              	.LASF15:
 4752 0193 696F7373 		.ascii	"ioss_interrupts_gpio_5_IRQn\000"
 4752      5F696E74 
 4752      65727275 
 4752      7074735F 
 4752      6770696F 
 4753              	.LASF56:
 4754 01af 7363625F 		.ascii	"scb_5_interrupt_IRQn\000"
 4754      355F696E 
 4754      74657272 
 4754      7570745F 
 4754      4952516E 
 4755              	.LASF418:
 4756 01c4 656E6162 		.ascii	"enableMsbFirst\000"
 4756      6C654D73 
 4756      62466972 
 4756      737400
 4757              	.LASF498:
 4758 01d3 54696D65 		.ascii	"TimerInit\000"
 4758      72496E69 
 4758      7400
 4759              	.LASF32:
 4760 01dd 73727373 		.ascii	"srss_interrupt_IRQn\000"
 4760      5F696E74 
ARM GAS  C:\Users\Finik\AppData\Local\Temp\ccY85NDM.s 			page 187


 4760      65727275 
 4760      70745F49 
 4760      52516E00 
 4761              	.LASF443:
 4762 01f1 74785374 		.ascii	"txStatus\000"
 4762      61747573 
 4762      00
 4763              	.LASF145:
 4764 01fa 7564625F 		.ascii	"udb_interrupts_13_IRQn\000"
 4764      696E7465 
 4764      72727570 
 4764      74735F31 
 4764      335F4952 
 4765              	.LASF114:
 4766 0211 74637077 		.ascii	"tcpwm_1_interrupts_6_IRQn\000"
 4766      6D5F315F 
 4766      696E7465 
 4766      72727570 
 4766      74735F36 
 4767              	.LASF512:
 4768 022b 433A5C55 		.ascii	"C:\\Users\\Finik\\Desktop\\uni_labs_4\\Neiro\\Embed"
 4768      73657273 
 4768      5C46696E 
 4768      696B5C44 
 4768      65736B74 
 4769 0258 5C50726F 		.ascii	"\\Proj_5.cydsn\000"
 4769      6A5F352E 
 4769      63796473 
 4769      6E00
 4770              	.LASF95:
 4771 0266 63707573 		.ascii	"cpuss_interrupt_fm_IRQn\000"
 4771      735F696E 
 4771      74657272 
 4771      7570745F 
 4771      666D5F49 
 4772              	.LASF197:
 4773 027e 494E5452 		.ascii	"INTR_MASKED\000"
 4773      5F4D4153 
 4773      4B454400 
 4774              	.LASF193:
 4775 028a 4F55545F 		.ascii	"OUT_SET\000"
 4775      53455400 
 4776              	.LASF366:
 4777 0292 6770696F 		.ascii	"gpioPrtCfgOffset\000"
 4777      50727443 
 4777      66674F66 
 4777      66736574 
 4777      00
 4778              	.LASF348:
 4779 02a3 64774368 		.ascii	"dwChSize\000"
 4779      53697A65 
 4779      00
 4780              	.LASF221:
 4781 02ac 50455249 		.ascii	"PERIOD\000"
 4781      4F4400
 4782              	.LASF505:
 4783 02b3 4C454475 		.ascii	"LEDupdateFlag\000"
ARM GAS  C:\Users\Finik\AppData\Local\Temp\ccY85NDM.s 			page 188


 4783      70646174 
 4783      65466C61 
 4783      6700
 4784              	.LASF192:
 4785 02c1 4F55545F 		.ascii	"OUT_CLR\000"
 4785      434C5200 
 4786              	.LASF275:
 4787 02c9 494E5452 		.ascii	"INTR_M\000"
 4787      5F4D00
 4788              	.LASF437:
 4789 02d0 72784669 		.ascii	"rxFifoIntEnableMask\000"
 4789      666F496E 
 4789      74456E61 
 4789      626C654D 
 4789      61736B00 
 4790              	.LASF280:
 4791 02e4 494E5452 		.ascii	"INTR_S\000"
 4791      5F5300
 4792              	.LASF465:
 4793 02eb 636F6D70 		.ascii	"compare1\000"
 4793      61726531 
 4793      00
 4794              	.LASF328:
 4795 02f4 73727373 		.ascii	"srssNumHfroot\000"
 4795      4E756D48 
 4795      66726F6F 
 4795      7400
 4796              	.LASF22:
 4797 0302 696F7373 		.ascii	"ioss_interrupts_gpio_12_IRQn\000"
 4797      5F696E74 
 4797      65727275 
 4797      7074735F 
 4797      6770696F 
 4798              	.LASF71:
 4799 031f 63707573 		.ascii	"cpuss_interrupts_dw0_11_IRQn\000"
 4799      735F696E 
 4799      74657272 
 4799      75707473 
 4799      5F647730 
 4800              	.LASF436:
 4801 033c 72784669 		.ascii	"rxFifoTriggerLevel\000"
 4801      666F5472 
 4801      69676765 
 4801      724C6576 
 4801      656C00
 4802              	.LASF152:
 4803 034f 736D6966 		.ascii	"smif_interrupt_IRQn\000"
 4803      5F696E74 
 4803      65727275 
 4803      70745F49 
 4803      52516E00 
 4804              	.LASF122:
 4805 0363 74637077 		.ascii	"tcpwm_1_interrupts_14_IRQn\000"
 4805      6D5F315F 
 4805      696E7465 
 4805      72727570 
 4805      74735F31 
ARM GAS  C:\Users\Finik\AppData\Local\Temp\ccY85NDM.s 			page 189


 4806              	.LASF196:
 4807 037e 494E5452 		.ascii	"INTR_MASK\000"
 4807      5F4D4153 
 4807      4B00
 4808              	.LASF91:
 4809 0388 63707573 		.ascii	"cpuss_interrupts_dw1_15_IRQn\000"
 4809      735F696E 
 4809      74657272 
 4809      75707473 
 4809      5F647731 
 4810              	.LASF476:
 4811 03a5 636F756E 		.ascii	"countInputMode\000"
 4811      74496E70 
 4811      75744D6F 
 4811      646500
 4812              	.LASF290:
 4813 03b4 494E5452 		.ascii	"INTR_RX\000"
 4813      5F525800 
 4814              	.LASF184:
 4815 03bc 49435052 		.ascii	"ICPR\000"
 4815      00
 4816              	.LASF351:
 4817 03c1 64775374 		.ascii	"dwStatusChIdxPos\000"
 4817      61747573 
 4817      43684964 
 4817      78506F73 
 4817      00
 4818              	.LASF248:
 4819 03d2 4932435F 		.ascii	"I2C_CFG\000"
 4819      43464700 
 4820              	.LASF64:
 4821 03da 63707573 		.ascii	"cpuss_interrupts_dw0_4_IRQn\000"
 4821      735F696E 
 4821      74657272 
 4821      75707473 
 4821      5F647730 
 4822              	.LASF481:
 4823 03f6 5F5F4E56 		.ascii	"__NVIC_ClearPendingIRQ\000"
 4823      49435F43 
 4823      6C656172 
 4823      50656E64 
 4823      696E6749 
 4824              	.LASF38:
 4825 040d 63707573 		.ascii	"cpuss_interrupts_ipc_3_IRQn\000"
 4825      735F696E 
 4825      74657272 
 4825      75707473 
 4825      5F697063 
 4826              	.LASF106:
 4827 0429 74637077 		.ascii	"tcpwm_0_interrupts_6_IRQn\000"
 4827      6D5F305F 
 4827      696E7465 
 4827      72727570 
 4827      74735F36 
 4828              	.LASF139:
 4829 0443 7564625F 		.ascii	"udb_interrupts_7_IRQn\000"
 4829      696E7465 
ARM GAS  C:\Users\Finik\AppData\Local\Temp\ccY85NDM.s 			page 190


 4829      72727570 
 4829      74735F37 
 4829      5F495251 
 4830              	.LASF14:
 4831 0459 696F7373 		.ascii	"ioss_interrupts_gpio_4_IRQn\000"
 4831      5F696E74 
 4831      65727275 
 4831      7074735F 
 4831      6770696F 
 4832              	.LASF367:
 4833 0475 6770696F 		.ascii	"gpioPrtCfgInOffset\000"
 4833      50727443 
 4833      6667496E 
 4833      4F666673 
 4833      657400
 4834              	.LASF255:
 4835 0488 52585F46 		.ascii	"RX_FIFO_STATUS\000"
 4835      49464F5F 
 4835      53544154 
 4835      555300
 4836              	.LASF229:
 4837 0497 434D445F 		.ascii	"CMD_CAPTURE\000"
 4837      43415054 
 4837      55524500 
 4838              	.LASF203:
 4839 04a3 52455345 		.ascii	"RESERVED\000"
 4839      52564544 
 4839      00
 4840              	.LASF493:
 4841 04ac 43795F53 		.ascii	"Cy_SCB_UART_Get\000"
 4841      43425F55 
 4841      4152545F 
 4841      47657400 
 4842              	.LASF161:
 4843 04bc 5F5F7569 		.ascii	"__uint8_t\000"
 4843      6E74385F 
 4843      7400
 4844              	.LASF79:
 4845 04c6 63707573 		.ascii	"cpuss_interrupts_dw1_3_IRQn\000"
 4845      735F696E 
 4845      74657272 
 4845      75707473 
 4845      5F647731 
 4846              	.LASF391:
 4847 04e2 696E7472 		.ascii	"intrSrc\000"
 4847      53726300 
 4848              	.LASF292:
 4849 04ea 494E5452 		.ascii	"INTR_RX_MASK\000"
 4849      5F52585F 
 4849      4D41534B 
 4849      00
 4850              	.LASF423:
 4851 04f7 64726F70 		.ascii	"dropOnFrameError\000"
 4851      4F6E4672 
 4851      616D6545 
 4851      72726F72 
 4851      00
ARM GAS  C:\Users\Finik\AppData\Local\Temp\ccY85NDM.s 			page 191


 4852              	.LASF453:
 4853 0508 74784275 		.ascii	"txBufSize\000"
 4853      6653697A 
 4853      6500
 4854              	.LASF253:
 4855 0512 52585F43 		.ascii	"RX_CTRL\000"
 4855      54524C00 
 4856              	.LASF167:
 4857 051a 6C6F6E67 		.ascii	"long int\000"
 4857      20696E74 
 4857      00
 4858              	.LASF207:
 4859 0523 494E5452 		.ascii	"INTR_CAUSE0\000"
 4859      5F434155 
 4859      53453000 
 4860              	.LASF208:
 4861 052f 494E5452 		.ascii	"INTR_CAUSE1\000"
 4861      5F434155 
 4861      53453100 
 4862              	.LASF209:
 4863 053b 494E5452 		.ascii	"INTR_CAUSE2\000"
 4863      5F434155 
 4863      53453200 
 4864              	.LASF210:
 4865 0547 494E5452 		.ascii	"INTR_CAUSE3\000"
 4865      5F434155 
 4865      53453300 
 4866              	.LASF486:
 4867 0553 5F5F4E56 		.ascii	"__NVIC_EnableIRQ\000"
 4867      49435F45 
 4867      6E61626C 
 4867      65495251 
 4867      00
 4868              	.LASF132:
 4869 0564 7564625F 		.ascii	"udb_interrupts_0_IRQn\000"
 4869      696E7465 
 4869      72727570 
 4869      74735F30 
 4869      5F495251 
 4870              	.LASF121:
 4871 057a 74637077 		.ascii	"tcpwm_1_interrupts_13_IRQn\000"
 4871      6D5F315F 
 4871      696E7465 
 4871      72727570 
 4871      74735F31 
 4872              	.LASF237:
 4873 0595 5350495F 		.ascii	"SPI_CTRL\000"
 4873      4354524C 
 4873      00
 4874              	.LASF333:
 4875 059e 75646250 		.ascii	"udbPresent\000"
 4875      72657365 
 4875      6E7400
 4876              	.LASF354:
 4877 05a9 70657269 		.ascii	"periTrCmdGrSelMsk\000"
 4877      5472436D 
 4877      64477253 
ARM GAS  C:\Users\Finik\AppData\Local\Temp\ccY85NDM.s 			page 192


 4877      656C4D73 
 4877      6B00
 4878              	.LASF470:
 4879 05bb 72656C6F 		.ascii	"reloadInputMode\000"
 4879      6164496E 
 4879      7075744D 
 4879      6F646500 
 4880              	.LASF285:
 4881 05cb 494E5452 		.ascii	"INTR_TX\000"
 4881      5F545800 
 4882              	.LASF361:
 4883 05d3 70657269 		.ascii	"periDiv8CtlOffset\000"
 4883      44697638 
 4883      43746C4F 
 4883      66667365 
 4883      7400
 4884              	.LASF514:
 4885 05e5 6D61696E 		.ascii	"main\000"
 4885      00
 4886              	.LASF288:
 4887 05ea 494E5452 		.ascii	"INTR_TX_MASKED\000"
 4887      5F54585F 
 4887      4D41534B 
 4887      454400
 4888              	.LASF480:
 4889 05f9 4952516E 		.ascii	"IRQn\000"
 4889      00
 4890              	.LASF356:
 4891 05fe 70657269 		.ascii	"periTrGrSize\000"
 4891      54724772 
 4891      53697A65 
 4891      00
 4892              	.LASF138:
 4893 060b 7564625F 		.ascii	"udb_interrupts_6_IRQn\000"
 4893      696E7465 
 4893      72727570 
 4893      74735F36 
 4893      5F495251 
 4894              	.LASF503:
 4895 0621 55415254 		.ascii	"UART_config\000"
 4895      5F636F6E 
 4895      66696700 
 4896              	.LASF89:
 4897 062d 63707573 		.ascii	"cpuss_interrupts_dw1_13_IRQn\000"
 4897      735F696E 
 4897      74657272 
 4897      75707473 
 4897      5F647731 
 4898              	.LASF195:
 4899 064a 494E5452 		.ascii	"INTR\000"
 4899      00
 4900              	.LASF46:
 4901 064f 63707573 		.ascii	"cpuss_interrupts_ipc_11_IRQn\000"
 4901      735F696E 
 4901      74657272 
 4901      75707473 
 4901      5F697063 
ARM GAS  C:\Users\Finik\AppData\Local\Temp\ccY85NDM.s 			page 193


 4902              	.LASF226:
 4903 066c 54435057 		.ascii	"TCPWM_CNT_V1_Type\000"
 4903      4D5F434E 
 4903      545F5631 
 4903      5F547970 
 4903      6500
 4904              	.LASF230:
 4905 067e 434D445F 		.ascii	"CMD_RELOAD\000"
 4905      52454C4F 
 4905      414400
 4906              	.LASF241:
 4907 0689 55415254 		.ascii	"UART_RX_CTRL\000"
 4907      5F52585F 
 4907      4354524C 
 4907      00
 4908              	.LASF291:
 4909 0696 494E5452 		.ascii	"INTR_RX_SET\000"
 4909      5F52585F 
 4909      53455400 
 4910              	.LASF78:
 4911 06a2 63707573 		.ascii	"cpuss_interrupts_dw1_2_IRQn\000"
 4911      735F696E 
 4911      74657272 
 4911      75707473 
 4911      5F647731 
 4912              	.LASF204:
 4913 06be 4346475F 		.ascii	"CFG_IN_GPIO5V\000"
 4913      494E5F47 
 4913      50494F35 
 4913      5600
 4914              	.LASF9:
 4915 06cc 53797354 		.ascii	"SysTick_IRQn\000"
 4915      69636B5F 
 4915      4952516E 
 4915      00
 4916              	.LASF246:
 4917 06d9 4932435F 		.ascii	"I2C_M_CMD\000"
 4917      4D5F434D 
 4917      4400
 4918              	.LASF59:
 4919 06e3 6373645F 		.ascii	"csd_interrupt_IRQn\000"
 4919      696E7465 
 4919      72727570 
 4919      745F4952 
 4919      516E00
 4920              	.LASF457:
 4921 06f6 63795F73 		.ascii	"cy_stc_scb_uart_context_t\000"
 4921      74635F73 
 4921      63625F75 
 4921      6172745F 
 4921      636F6E74 
 4922              	.LASF329:
 4923 0710 70657269 		.ascii	"periClockNr\000"
 4923      436C6F63 
 4923      6B4E7200 
 4924              	.LASF159:
 4925 071c 7369676E 		.ascii	"signed char\000"
ARM GAS  C:\Users\Finik\AppData\Local\Temp\ccY85NDM.s 			page 194


 4925      65642063 
 4925      68617200 
 4926              	.LASF494:
 4927 0728 43795F47 		.ascii	"Cy_GPIO_Inv\000"
 4927      50494F5F 
 4927      496E7600 
 4928              	.LASF173:
 4929 0734 75696E74 		.ascii	"uint8_t\000"
 4929      385F7400 
 4930              	.LASF359:
 4931 073c 70657269 		.ascii	"periDivCmdPaDivSelPos\000"
 4931      44697643 
 4931      6D645061 
 4931      44697653 
 4931      656C506F 
 4932              	.LASF427:
 4933 0752 61636365 		.ascii	"acceptAddrInFifo\000"
 4933      70744164 
 4933      6472496E 
 4933      4669666F 
 4933      00
 4934              	.LASF380:
 4935 0763 63707573 		.ascii	"cpussRomCtl\000"
 4935      73526F6D 
 4935      43746C00 
 4936              	.LASF42:
 4937 076f 63707573 		.ascii	"cpuss_interrupts_ipc_7_IRQn\000"
 4937      735F696E 
 4937      74657272 
 4937      75707473 
 4937      5F697063 
 4938              	.LASF18:
 4939 078b 696F7373 		.ascii	"ioss_interrupts_gpio_8_IRQn\000"
 4939      5F696E74 
 4939      65727275 
 4939      7074735F 
 4939      6770696F 
 4940              	.LASF58:
 4941 07a7 7363625F 		.ascii	"scb_7_interrupt_IRQn\000"
 4941      375F696E 
 4941      74657272 
 4941      7570745F 
 4941      4952516E 
 4942              	.LASF301:
 4943 07bc 666C6173 		.ascii	"flashcBase\000"
 4943      68634261 
 4943      736500
 4944              	.LASF98:
 4945 07c7 63707573 		.ascii	"cpuss_interrupts_cm4_cti_0_IRQn\000"
 4945      735F696E 
 4945      74657272 
 4945      75707473 
 4945      5F636D34 
 4946              	.LASF205:
 4947 07e7 52455345 		.ascii	"RESERVED1\000"
 4947      52564544 
 4947      3100
ARM GAS  C:\Users\Finik\AppData\Local\Temp\ccY85NDM.s 			page 195


 4948              	.LASF183:
 4949 07f1 52455345 		.ascii	"RESERVED2\000"
 4949      52564544 
 4949      3200
 4950              	.LASF287:
 4951 07fb 494E5452 		.ascii	"INTR_TX_MASK\000"
 4951      5F54585F 
 4951      4D41534B 
 4951      00
 4952              	.LASF187:
 4953 0808 52455345 		.ascii	"RESERVED4\000"
 4953      52564544 
 4953      3400
 4954              	.LASF188:
 4955 0812 52455345 		.ascii	"RESERVED5\000"
 4955      52564544 
 4955      3500
 4956              	.LASF256:
 4957 081c 52455345 		.ascii	"RESERVED6\000"
 4957      52564544 
 4957      3600
 4958              	.LASF258:
 4959 0826 52455345 		.ascii	"RESERVED7\000"
 4959      52564544 
 4959      3700
 4960              	.LASF261:
 4961 0830 52455345 		.ascii	"RESERVED8\000"
 4961      52564544 
 4961      3800
 4962              	.LASF263:
 4963 083a 52455345 		.ascii	"RESERVED9\000"
 4963      52564544 
 4963      3900
 4964              	.LASF186:
 4965 0844 49414252 		.ascii	"IABR\000"
 4965      00
 4966              	.LASF434:
 4967 0849 72747350 		.ascii	"rtsPolarity\000"
 4967      6F6C6172 
 4967      69747900 
 4968              	.LASF511:
 4969 0855 6D61696E 		.ascii	"main_cm4.c\000"
 4969      5F636D34 
 4969      2E6300
 4970              	.LASF155:
 4971 0860 7573625F 		.ascii	"usb_interrupt_lo_IRQn\000"
 4971      696E7465 
 4971      72727570 
 4971      745F6C6F 
 4971      5F495251 
 4972              	.LASF375:
 4973 0876 63707573 		.ascii	"cpussTrimRamCtlOffset\000"
 4973      73547269 
 4973      6D52616D 
 4973      43746C4F 
 4973      66667365 
 4974              	.LASF157:
ARM GAS  C:\Users\Finik\AppData\Local\Temp\ccY85NDM.s 			page 196


 4975 088c 756E636F 		.ascii	"unconnected_IRQn\000"
 4975      6E6E6563 
 4975      7465645F 
 4975      4952516E 
 4975      00
 4976              	.LASF394:
 4977 089d 5F426F6F 		.ascii	"_Bool\000"
 4977      6C00
 4978              	.LASF307:
 4979 08a3 70617373 		.ascii	"passBase\000"
 4979      42617365 
 4979      00
 4980              	.LASF179:
 4981 08ac 52455345 		.ascii	"RESERVED0\000"
 4981      52564544 
 4981      3000
 4982              	.LASF376:
 4983 08b6 63707573 		.ascii	"cpussTrimRomCtlOffset\000"
 4983      73547269 
 4983      6D526F6D 
 4983      43746C4F 
 4983      66667365 
 4984              	.LASF74:
 4985 08cc 63707573 		.ascii	"cpuss_interrupts_dw0_14_IRQn\000"
 4985      735F696E 
 4985      74657272 
 4985      75707473 
 4985      5F647730 
 4986              	.LASF185:
 4987 08e9 52455345 		.ascii	"RESERVED3\000"
 4987      52564544 
 4987      3300
 4988              	.LASF5:
 4989 08f3 55736167 		.ascii	"UsageFault_IRQn\000"
 4989      65466175 
 4989      6C745F49 
 4989      52516E00 
 4990              	.LASF125:
 4991 0903 74637077 		.ascii	"tcpwm_1_interrupts_17_IRQn\000"
 4991      6D5F315F 
 4991      696E7465 
 4991      72727570 
 4991      74735F31 
 4992              	.LASF509:
 4993 091e 43795F53 		.ascii	"Cy_SCB_WriteString\000"
 4993      43425F57 
 4993      72697465 
 4993      53747269 
 4993      6E6700
 4994              	.LASF388:
 4995 0931 63686172 		.ascii	"char\000"
 4995      00
 4996              	.LASF247:
 4997 0936 4932435F 		.ascii	"I2C_S_CMD\000"
 4997      535F434D 
 4997      4400
 4998              	.LASF154:
ARM GAS  C:\Users\Finik\AppData\Local\Temp\ccY85NDM.s 			page 197


 4999 0940 7573625F 		.ascii	"usb_interrupt_med_IRQn\000"
 4999      696E7465 
 4999      72727570 
 4999      745F6D65 
 4999      645F4952 
 5000              	.LASF67:
 5001 0957 63707573 		.ascii	"cpuss_interrupts_dw0_7_IRQn\000"
 5001      735F696E 
 5001      74657272 
 5001      75707473 
 5001      5F647730 
 5002              	.LASF461:
 5003 0973 72756E4D 		.ascii	"runMode\000"
 5003      6F646500 
 5004              	.LASF110:
 5005 097b 74637077 		.ascii	"tcpwm_1_interrupts_2_IRQn\000"
 5005      6D5F315F 
 5005      696E7465 
 5005      72727570 
 5005      74735F32 
 5006              	.LASF216:
 5007 0995 4750494F 		.ascii	"GPIO_V1_Type\000"
 5007      5F56315F 
 5007      54797065 
 5007      00
 5008              	.LASF151:
 5009 09a2 70726F66 		.ascii	"profile_interrupt_IRQn\000"
 5009      696C655F 
 5009      696E7465 
 5009      72727570 
 5009      745F4952 
 5010              	.LASF240:
 5011 09b9 55415254 		.ascii	"UART_TX_CTRL\000"
 5011      5F54585F 
 5011      4354524C 
 5011      00
 5012              	.LASF17:
 5013 09c6 696F7373 		.ascii	"ioss_interrupts_gpio_7_IRQn\000"
 5013      5F696E74 
 5013      65727275 
 5013      7074735F 
 5013      6770696F 
 5014              	.LASF164:
 5015 09e2 5F5F7569 		.ascii	"__uint16_t\000"
 5015      6E743136 
 5015      5F7400
 5016              	.LASF460:
 5017 09ed 636C6F63 		.ascii	"clockPrescaler\000"
 5017      6B507265 
 5017      7363616C 
 5017      657200
 5018              	.LASF395:
 5019 09fc 43595F53 		.ascii	"CY_SCB_UART_STANDARD\000"
 5019      43425F55 
 5019      4152545F 
 5019      5354414E 
 5019      44415244 
ARM GAS  C:\Users\Finik\AppData\Local\Temp\ccY85NDM.s 			page 198


 5020              	.LASF82:
 5021 0a11 63707573 		.ascii	"cpuss_interrupts_dw1_6_IRQn\000"
 5021      735F696E 
 5021      74657272 
 5021      75707473 
 5021      5F647731 
 5022              	.LASF484:
 5023 0a2d 736F7572 		.ascii	"source\000"
 5023      636500
 5024              	.LASF206:
 5025 0a34 4750494F 		.ascii	"GPIO_PRT_V1_Type\000"
 5025      5F505254 
 5025      5F56315F 
 5025      54797065 
 5025      00
 5026              	.LASF118:
 5027 0a45 74637077 		.ascii	"tcpwm_1_interrupts_10_IRQn\000"
 5027      6D5F315F 
 5027      696E7465 
 5027      72727570 
 5027      74735F31 
 5028              	.LASF501:
 5029 0a60 53797349 		.ascii	"SysInt_Timer_cfg\000"
 5029      6E745F54 
 5029      696D6572 
 5029      5F636667 
 5029      00
 5030              	.LASF87:
 5031 0a71 63707573 		.ascii	"cpuss_interrupts_dw1_11_IRQn\000"
 5031      735F696E 
 5031      74657272 
 5031      75707473 
 5031      5F647731 
 5032              	.LASF200:
 5033 0a8e 4346475F 		.ascii	"CFG_IN\000"
 5033      494E00
 5034              	.LASF303:
 5035 0a95 75646242 		.ascii	"udbBase\000"
 5035      61736500 
 5036              	.LASF60:
 5037 0a9d 63707573 		.ascii	"cpuss_interrupts_dw0_0_IRQn\000"
 5037      735F696E 
 5037      74657272 
 5037      75707473 
 5037      5F647730 
 5038              	.LASF213:
 5039 0ab9 5644445F 		.ascii	"VDD_INTR_MASK\000"
 5039      494E5452 
 5039      5F4D4153 
 5039      4B00
 5040              	.LASF102:
 5041 0ac7 74637077 		.ascii	"tcpwm_0_interrupts_2_IRQn\000"
 5041      6D5F305F 
 5041      696E7465 
 5041      72727570 
 5041      74735F32 
 5042              	.LASF10:
ARM GAS  C:\Users\Finik\AppData\Local\Temp\ccY85NDM.s 			page 199


 5043 0ae1 696F7373 		.ascii	"ioss_interrupts_gpio_0_IRQn\000"
 5043      5F696E74 
 5043      65727275 
 5043      7074735F 
 5043      6770696F 
 5044              	.LASF123:
 5045 0afd 74637077 		.ascii	"tcpwm_1_interrupts_15_IRQn\000"
 5045      6D5F315F 
 5045      696E7465 
 5045      72727570 
 5045      74735F31 
 5046              	.LASF124:
 5047 0b18 74637077 		.ascii	"tcpwm_1_interrupts_16_IRQn\000"
 5047      6D5F315F 
 5047      696E7465 
 5047      72727570 
 5047      74735F31 
 5048              	.LASF370:
 5049 0b33 63707573 		.ascii	"cpussCm0ClockCtlOffset\000"
 5049      73436D30 
 5049      436C6F63 
 5049      6B43746C 
 5049      4F666673 
 5050              	.LASF440:
 5051 0b4a 63795F73 		.ascii	"cy_stc_scb_uart_config_t\000"
 5051      74635F73 
 5051      63625F75 
 5051      6172745F 
 5051      636F6E66 
 5052              	.LASF355:
 5053 0b63 70657269 		.ascii	"periTrGrOffset\000"
 5053      54724772 
 5053      4F666673 
 5053      657400
 5054              	.LASF323:
 5055 0b72 63707573 		.ascii	"cpussIpc0Irq\000"
 5055      73497063 
 5055      30497271 
 5055      00
 5056              	.LASF385:
 5057 0b7f 6970634C 		.ascii	"ipcLockStatusOffset\000"
 5057      6F636B53 
 5057      74617475 
 5057      734F6666 
 5057      73657400 
 5058              	.LASF141:
 5059 0b93 7564625F 		.ascii	"udb_interrupts_9_IRQn\000"
 5059      696E7465 
 5059      72727570 
 5059      74735F39 
 5059      5F495251 
 5060              	.LASF49:
 5061 0ba9 63707573 		.ascii	"cpuss_interrupts_ipc_14_IRQn\000"
 5061      735F696E 
 5061      74657272 
 5061      75707473 
 5061      5F697063 
ARM GAS  C:\Users\Finik\AppData\Local\Temp\ccY85NDM.s 			page 200


 5062              	.LASF189:
 5063 0bc6 53544952 		.ascii	"STIR\000"
 5063      00
 5064              	.LASF393:
 5065 0bcb 63795F73 		.ascii	"cy_stc_sysint_t\000"
 5065      74635F73 
 5065      7973696E 
 5065      745F7400 
 5066              	.LASF371:
 5067 0bdb 63707573 		.ascii	"cpussCm4ClockCtlOffset\000"
 5067      73436D34 
 5067      436C6F63 
 5067      6B43746C 
 5067      4F666673 
 5068              	.LASF128:
 5069 0bf2 74637077 		.ascii	"tcpwm_1_interrupts_20_IRQn\000"
 5069      6D5F315F 
 5069      696E7465 
 5069      72727570 
 5069      74735F32 
 5070              	.LASF156:
 5071 0c0d 70617373 		.ascii	"pass_interrupt_dacs_IRQn\000"
 5071      5F696E74 
 5071      65727275 
 5071      70745F64 
 5071      6163735F 
 5072              	.LASF194:
 5073 0c26 4F55545F 		.ascii	"OUT_INV\000"
 5073      494E5600 
 5074              	.LASF81:
 5075 0c2e 63707573 		.ascii	"cpuss_interrupts_dw1_5_IRQn\000"
 5075      735F696E 
 5075      74657272 
 5075      75707473 
 5075      5F647731 
 5076              	.LASF242:
 5077 0c4a 55415254 		.ascii	"UART_RX_STATUS\000"
 5077      5F52585F 
 5077      53544154 
 5077      555300
 5078              	.LASF93:
 5079 0c59 63707573 		.ascii	"cpuss_interrupts_fault_1_IRQn\000"
 5079      735F696E 
 5079      74657272 
 5079      75707473 
 5079      5F666175 
 5080              	.LASF346:
 5081 0c77 666C6173 		.ascii	"flashCtlMainWs4Freq\000"
 5081      6843746C 
 5081      4D61696E 
 5081      57733446 
 5081      72657100 
 5082              	.LASF326:
 5083 0c8b 73727373 		.ascii	"srssNumClkpath\000"
 5083      4E756D43 
 5083      6C6B7061 
 5083      746800
ARM GAS  C:\Users\Finik\AppData\Local\Temp\ccY85NDM.s 			page 201


 5084              	.LASF214:
 5085 0c9a 5644445F 		.ascii	"VDD_INTR_MASKED\000"
 5085      494E5452 
 5085      5F4D4153 
 5085      4B454400 
 5086              	.LASF325:
 5087 0caa 63707573 		.ascii	"cpussNotConnectedIrq\000"
 5087      734E6F74 
 5087      436F6E6E 
 5087      65637465 
 5087      64497271 
 5088              	.LASF134:
 5089 0cbf 7564625F 		.ascii	"udb_interrupts_2_IRQn\000"
 5089      696E7465 
 5089      72727570 
 5089      74735F32 
 5089      5F495251 
 5090              	.LASF302:
 5091 0cd5 70657269 		.ascii	"periBase\000"
 5091      42617365 
 5091      00
 5092              	.LASF407:
 5093 0cde 43595F53 		.ascii	"CY_SCB_UART_PARITY_NONE\000"
 5093      43425F55 
 5093      4152545F 
 5093      50415249 
 5093      54595F4E 
 5094              	.LASF1:
 5095 0cf6 4E6F6E4D 		.ascii	"NonMaskableInt_IRQn\000"
 5095      61736B61 
 5095      626C6549 
 5095      6E745F49 
 5095      52516E00 
 5096              	.LASF364:
 5097 0d0a 70657269 		.ascii	"periDiv24_5CtlOffset\000"
 5097      44697632 
 5097      345F3543 
 5097      746C4F66 
 5097      66736574 
 5098              	.LASF455:
 5099 0d1f 63624576 		.ascii	"cbEvents\000"
 5099      656E7473 
 5099      00
 5100              	.LASF169:
 5101 0d28 6C6F6E67 		.ascii	"long unsigned int\000"
 5101      20756E73 
 5101      69676E65 
 5101      6420696E 
 5101      7400
 5102              	.LASF3:
 5103 0d3a 4D656D6F 		.ascii	"MemoryManagement_IRQn\000"
 5103      72794D61 
 5103      6E616765 
 5103      6D656E74 
 5103      5F495251 
 5104              	.LASF332:
 5105 0d50 65704D6F 		.ascii	"epMonitorNr\000"
ARM GAS  C:\Users\Finik\AppData\Local\Temp\ccY85NDM.s 			page 202


 5105      6E69746F 
 5105      724E7200 
 5106              	.LASF383:
 5107 0d5c 63707573 		.ascii	"cpussRam2Ctl0\000"
 5107      7352616D 
 5107      3243746C 
 5107      3000
 5108              	.LASF277:
 5109 0d6a 494E5452 		.ascii	"INTR_M_MASK\000"
 5109      5F4D5F4D 
 5109      41534B00 
 5110              	.LASF160:
 5111 0d76 4952516E 		.ascii	"IRQn_Type\000"
 5111      5F547970 
 5111      6500
 5112              	.LASF310:
 5113 0d80 63707573 		.ascii	"cpussVersion\000"
 5113      73566572 
 5113      73696F6E 
 5113      00
 5114              	.LASF428:
 5115 0d8d 69726461 		.ascii	"irdaInvertRx\000"
 5115      496E7665 
 5115      72745278 
 5115      00
 5116              	.LASF97:
 5117 0d9a 63707573 		.ascii	"cpuss_interrupts_cm0_cti_1_IRQn\000"
 5117      735F696E 
 5117      74657272 
 5117      75707473 
 5117      5F636D30 
 5118              	.LASF417:
 5119 0dba 64617461 		.ascii	"dataWidth\000"
 5119      57696474 
 5119      6800
 5120              	.LASF324:
 5121 0dc4 63707573 		.ascii	"cpussFmIrq\000"
 5121      73466D49 
 5121      727100
 5122              	.LASF447:
 5123 0dcf 72785269 		.ascii	"rxRingBufHead\000"
 5123      6E674275 
 5123      66486561 
 5123      6400
 5124              	.LASF422:
 5125 0ddd 64726F70 		.ascii	"dropOnParityError\000"
 5125      4F6E5061 
 5125      72697479 
 5125      4572726F 
 5125      7200
 5126              	.LASF441:
 5127 0def 7374635F 		.ascii	"stc_scb_uart_config\000"
 5127      7363625F 
 5127      75617274 
 5127      5F636F6E 
 5127      66696700 
 5128              	.LASF144:
ARM GAS  C:\Users\Finik\AppData\Local\Temp\ccY85NDM.s 			page 203


 5129 0e03 7564625F 		.ascii	"udb_interrupts_12_IRQn\000"
 5129      696E7465 
 5129      72727570 
 5129      74735F31 
 5129      325F4952 
 5130              	.LASF113:
 5131 0e1a 74637077 		.ascii	"tcpwm_1_interrupts_5_IRQn\000"
 5131      6D5F315F 
 5131      696E7465 
 5131      72727570 
 5131      74735F35 
 5132              	.LASF199:
 5133 0e34 494E5452 		.ascii	"INTR_CFG\000"
 5133      5F434647 
 5133      00
 5134              	.LASF297:
 5135 0e3d 54435057 		.ascii	"TCPWM_Type\000"
 5135      4D5F5479 
 5135      706500
 5136              	.LASF458:
 5137 0e48 63795F73 		.ascii	"cy_stc_tcpwm_counter_config\000"
 5137      74635F74 
 5137      6370776D 
 5137      5F636F75 
 5137      6E746572 
 5138              	.LASF330:
 5139 0e64 736D6966 		.ascii	"smifDeviceNr\000"
 5139      44657669 
 5139      63654E72 
 5139      00
 5140              	.LASF399:
 5141 0e71 43595F53 		.ascii	"CY_SCB_UART_STOP_BITS_1\000"
 5141      43425F55 
 5141      4152545F 
 5141      53544F50 
 5141      5F424954 
 5142              	.LASF53:
 5143 0e89 7363625F 		.ascii	"scb_2_interrupt_IRQn\000"
 5143      325F696E 
 5143      74657272 
 5143      7570745F 
 5143      4952516E 
 5144              	.LASF85:
 5145 0e9e 63707573 		.ascii	"cpuss_interrupts_dw1_9_IRQn\000"
 5145      735F696E 
 5145      74657272 
 5145      75707473 
 5145      5F647731 
 5146              	.LASF475:
 5147 0eba 73746F70 		.ascii	"stopInput\000"
 5147      496E7075 
 5147      7400
 5148              	.LASF21:
 5149 0ec4 696F7373 		.ascii	"ioss_interrupts_gpio_11_IRQn\000"
 5149      5F696E74 
 5149      65727275 
 5149      7074735F 
ARM GAS  C:\Users\Finik\AppData\Local\Temp\ccY85NDM.s 			page 204


 5149      6770696F 
 5150              	.LASF362:
 5151 0ee1 70657269 		.ascii	"periDiv16CtlOffset\000"
 5151      44697631 
 5151      3643746C 
 5151      4F666673 
 5151      657400
 5152              	.LASF70:
 5153 0ef4 63707573 		.ascii	"cpuss_interrupts_dw0_10_IRQn\000"
 5153      735F696E 
 5153      74657272 
 5153      75707473 
 5153      5F647730 
 5154              	.LASF377:
 5155 0f11 63707573 		.ascii	"cpussSysTickCtlOffset\000"
 5155      73537973 
 5155      5469636B 
 5155      43746C4F 
 5155      66667365 
 5156              	.LASF467:
 5157 0f27 696E7465 		.ascii	"interruptSources\000"
 5157      72727570 
 5157      74536F75 
 5157      72636573 
 5157      00
 5158              	.LASF4:
 5159 0f38 42757346 		.ascii	"BusFault_IRQn\000"
 5159      61756C74 
 5159      5F495251 
 5159      6E00
 5160              	.LASF464:
 5161 0f46 636F6D70 		.ascii	"compare0\000"
 5161      61726530 
 5161      00
 5162              	.LASF358:
 5163 0f4f 70657269 		.ascii	"periDivCmdTypeSelPos\000"
 5163      44697643 
 5163      6D645479 
 5163      70655365 
 5163      6C506F73 
 5164              	.LASF502:
 5165 0f64 54696D65 		.ascii	"Timer_config\000"
 5165      725F636F 
 5165      6E666967 
 5165      00
 5166              	.LASF90:
 5167 0f71 63707573 		.ascii	"cpuss_interrupts_dw1_14_IRQn\000"
 5167      735F696E 
 5167      74657272 
 5167      75707473 
 5167      5F647731 
 5168              	.LASF300:
 5169 0f8e 63707573 		.ascii	"cpussBase\000"
 5169      73426173 
 5169      6500
 5170              	.LASF252:
 5171 0f98 54585F46 		.ascii	"TX_FIFO_WR\000"
ARM GAS  C:\Users\Finik\AppData\Local\Temp\ccY85NDM.s 			page 205


 5171      49464F5F 
 5171      575200
 5172              	.LASF304:
 5173 0fa3 70726F74 		.ascii	"protBase\000"
 5173      42617365 
 5173      00
 5174              	.LASF316:
 5175 0fac 69706356 		.ascii	"ipcVersion\000"
 5175      65727369 
 5175      6F6E00
 5176              	.LASF63:
 5177 0fb7 63707573 		.ascii	"cpuss_interrupts_dw0_3_IRQn\000"
 5177      735F696E 
 5177      74657272 
 5177      75707473 
 5177      5F647730 
 5178              	.LASF168:
 5179 0fd3 5F5F7569 		.ascii	"__uint32_t\000"
 5179      6E743332 
 5179      5F7400
 5180              	.LASF262:
 5181 0fde 455A5F44 		.ascii	"EZ_DATA\000"
 5181      41544100 
 5182              	.LASF37:
 5183 0fe6 63707573 		.ascii	"cpuss_interrupts_ipc_2_IRQn\000"
 5183      735F696E 
 5183      74657272 
 5183      75707473 
 5183      5F697063 
 5184              	.LASF331:
 5185 1002 70617373 		.ascii	"passSarChannels\000"
 5185      53617243 
 5185      68616E6E 
 5185      656C7300 
 5186              	.LASF170:
 5187 1012 6C6F6E67 		.ascii	"long long int\000"
 5187      206C6F6E 
 5187      6720696E 
 5187      7400
 5188              	.LASF13:
 5189 1020 696F7373 		.ascii	"ioss_interrupts_gpio_3_IRQn\000"
 5189      5F696E74 
 5189      65727275 
 5189      7074735F 
 5189      6770696F 
 5190              	.LASF127:
 5191 103c 74637077 		.ascii	"tcpwm_1_interrupts_19_IRQn\000"
 5191      6D5F315F 
 5191      696E7465 
 5191      72727570 
 5191      74735F31 
 5192              	.LASF201:
 5193 1057 4346475F 		.ascii	"CFG_OUT\000"
 5193      4F555400 
 5194              	.LASF400:
 5195 105f 43595F53 		.ascii	"CY_SCB_UART_STOP_BITS_1_5\000"
 5195      43425F55 
ARM GAS  C:\Users\Finik\AppData\Local\Temp\ccY85NDM.s 			page 206


 5195      4152545F 
 5195      53544F50 
 5195      5F424954 
 5196              	.LASF349:
 5197 1079 64774368 		.ascii	"dwChCtlPrioPos\000"
 5197      43746C50 
 5197      72696F50 
 5197      6F7300
 5198              	.LASF228:
 5199 1088 4354524C 		.ascii	"CTRL_SET\000"
 5199      5F534554 
 5199      00
 5200              	.LASF489:
 5201 1091 43795F54 		.ascii	"Cy_TCPWM_Counter_Enable\000"
 5201      4350574D 
 5201      5F436F75 
 5201      6E746572 
 5201      5F456E61 
 5202              	.LASF8:
 5203 10a9 50656E64 		.ascii	"PendSV_IRQn\000"
 5203      53565F49 
 5203      52516E00 
 5204              	.LASF69:
 5205 10b5 63707573 		.ascii	"cpuss_interrupts_dw0_9_IRQn\000"
 5205      735F696E 
 5205      74657272 
 5205      75707473 
 5205      5F647730 
 5206              	.LASF227:
 5207 10d1 4354524C 		.ascii	"CTRL_CLR\000"
 5207      5F434C52 
 5207      00
 5208              	.LASF143:
 5209 10da 7564625F 		.ascii	"udb_interrupts_11_IRQn\000"
 5209      696E7465 
 5209      72727570 
 5209      74735F31 
 5209      315F4952 
 5210              	.LASF234:
 5211 10f1 54435057 		.ascii	"TCPWM_V1_Type\000"
 5211      4D5F5631 
 5211      5F547970 
 5211      6500
 5212              	.LASF112:
 5213 10ff 74637077 		.ascii	"tcpwm_1_interrupts_4_IRQn\000"
 5213      6D5F315F 
 5213      696E7465 
 5213      72727570 
 5213      74735F34 
 5214              	.LASF390:
 5215 1119 646F7562 		.ascii	"double\000"
 5215      6C6500
 5216              	.LASF368:
 5217 1120 6770696F 		.ascii	"gpioPrtCfgOutOffset\000"
 5217      50727443 
 5217      66674F75 
 5217      744F6666 
ARM GAS  C:\Users\Finik\AppData\Local\Temp\ccY85NDM.s 			page 207


 5217      73657400 
 5218              	.LASF311:
 5219 1134 63727970 		.ascii	"cryptoVersion\000"
 5219      746F5665 
 5219      7273696F 
 5219      6E00
 5220              	.LASF474:
 5221 1142 73746F70 		.ascii	"stopInputMode\000"
 5221      496E7075 
 5221      744D6F64 
 5221      6500
 5222              	.LASF339:
 5223 1150 666C6173 		.ascii	"flashWriteDelay\000"
 5223      68577269 
 5223      74654465 
 5223      6C617900 
 5224              	.LASF337:
 5225 1160 666C6173 		.ascii	"flashRwwRequired\000"
 5225      68527777 
 5225      52657175 
 5225      69726564 
 5225      00
 5226              	.LASF345:
 5227 1171 666C6173 		.ascii	"flashCtlMainWs3Freq\000"
 5227      6843746C 
 5227      4D61696E 
 5227      57733346 
 5227      72657100 
 5228              	.LASF220:
 5229 1185 43435F42 		.ascii	"CC_BUFF\000"
 5229      55464600 
 5230              	.LASF84:
 5231 118d 63707573 		.ascii	"cpuss_interrupts_dw1_8_IRQn\000"
 5231      735F696E 
 5231      74657272 
 5231      75707473 
 5231      5F647731 
 5232              	.LASF451:
 5233 11a9 72784275 		.ascii	"rxBufIdx\000"
 5233      66496478 
 5233      00
 5234              	.LASF363:
 5235 11b2 70657269 		.ascii	"periDiv16_5CtlOffset\000"
 5235      44697631 
 5235      365F3543 
 5235      746C4F66 
 5235      66736574 
 5236              	.LASF499:
 5237 11c7 49544D5F 		.ascii	"ITM_RxBuffer\000"
 5237      52784275 
 5237      66666572 
 5237      00
 5238              	.LASF412:
 5239 11d4 43595F53 		.ascii	"CY_SCB_UART_ACTIVE_HIGH\000"
 5239      43425F55 
 5239      4152545F 
 5239      41435449 
ARM GAS  C:\Users\Finik\AppData\Local\Temp\ccY85NDM.s 			page 208


 5239      56455F48 
 5240              	.LASF420:
 5241 11ec 70617269 		.ascii	"parity\000"
 5241      747900
 5242              	.LASF120:
 5243 11f3 74637077 		.ascii	"tcpwm_1_interrupts_12_IRQn\000"
 5243      6D5F315F 
 5243      696E7465 
 5243      72727570 
 5243      74735F31 
 5244              	.LASF389:
 5245 120e 666C6F61 		.ascii	"float\000"
 5245      7400
 5246              	.LASF238:
 5247 1214 5350495F 		.ascii	"SPI_STATUS\000"
 5247      53544154 
 5247      555300
 5248              	.LASF508:
 5249 121f 43795F53 		.ascii	"Cy_SysInt_Init\000"
 5249      7973496E 
 5249      745F496E 
 5249      697400
 5250              	.LASF429:
 5251 122e 69726461 		.ascii	"irdaEnableLowPowerReceiver\000"
 5251      456E6162 
 5251      6C654C6F 
 5251      77506F77 
 5251      65725265 
 5252              	.LASF319:
 5253 1249 63707573 		.ascii	"cpussIpcNr\000"
 5253      73497063 
 5253      4E7200
 5254              	.LASF62:
 5255 1254 63707573 		.ascii	"cpuss_interrupts_dw0_2_IRQn\000"
 5255      735F696E 
 5255      74657272 
 5255      75707473 
 5255      5F647730 
 5256              	.LASF415:
 5257 1270 75617274 		.ascii	"uartMode\000"
 5257      4D6F6465 
 5257      00
 5258              	.LASF491:
 5259 1279 73747269 		.ascii	"string\000"
 5259      6E6700
 5260              	.LASF137:
 5261 1280 7564625F 		.ascii	"udb_interrupts_5_IRQn\000"
 5261      696E7465 
 5261      72727570 
 5261      74735F35 
 5261      5F495251 
 5262              	.LASF172:
 5263 1296 756E7369 		.ascii	"unsigned int\000"
 5263      676E6564 
 5263      20696E74 
 5263      00
 5264              	.LASF217:
ARM GAS  C:\Users\Finik\AppData\Local\Temp\ccY85NDM.s 			page 209


 5265 12a3 4354524C 		.ascii	"CTRL\000"
 5265      00
 5266              	.LASF45:
 5267 12a8 63707573 		.ascii	"cpuss_interrupts_ipc_10_IRQn\000"
 5267      735F696E 
 5267      74657272 
 5267      75707473 
 5267      5F697063 
 5268              	.LASF510:
 5269 12c5 474E5520 		.ascii	"GNU C11 5.4.1 20160609 (release) [ARM/embedded-5-br"
 5269      43313120 
 5269      352E342E 
 5269      31203230 
 5269      31363036 
 5270 12f8 616E6368 		.ascii	"anch revision 237715] -mcpu=cortex-m4 -mfloat-abi=s"
 5270      20726576 
 5270      6973696F 
 5270      6E203233 
 5270      37373135 
 5271 132b 6F667466 		.ascii	"oftfp -mfpu=fpv4-sp-d16 -mthumb -g -Og -ffunction-s"
 5271      70202D6D 
 5271      6670753D 
 5271      66707634 
 5271      2D73702D 
 5272 135e 65637469 		.ascii	"ections -ffat-lto-objects\000"
 5272      6F6E7320 
 5272      2D666661 
 5272      742D6C74 
 5272      6F2D6F62 
 5273              	.LASF313:
 5274 1378 666C6173 		.ascii	"flashcVersion\000"
 5274      68635665 
 5274      7273696F 
 5274      6E00
 5275              	.LASF466:
 5276 1386 656E6162 		.ascii	"enableCompareSwap\000"
 5276      6C65436F 
 5276      6D706172 
 5276      65537761 
 5276      7000
 5277              	.LASF365:
 5278 1398 6770696F 		.ascii	"gpioPrtIntrCfgOffset\000"
 5278      50727449 
 5278      6E747243 
 5278      66674F66 
 5278      66736574 
 5279              	.LASF382:
 5280 13ad 63707573 		.ascii	"cpussRam1Ctl0\000"
 5280      7352616D 
 5280      3143746C 
 5280      3000
 5281              	.LASF477:
 5282 13bb 636F756E 		.ascii	"countInput\000"
 5282      74496E70 
 5282      757400
 5283              	.LASF6:
 5284 13c6 53564361 		.ascii	"SVCall_IRQn\000"
ARM GAS  C:\Users\Finik\AppData\Local\Temp\ccY85NDM.s 			page 210


 5284      6C6C5F49 
 5284      52516E00 
 5285              	.LASF130:
 5286 13d2 74637077 		.ascii	"tcpwm_1_interrupts_22_IRQn\000"
 5286      6D5F315F 
 5286      696E7465 
 5286      72727570 
 5286      74735F32 
 5287              	.LASF219:
 5288 13ed 434F554E 		.ascii	"COUNTER\000"
 5288      54455200 
 5289              	.LASF249:
 5290 13f5 54585F43 		.ascii	"TX_CTRL\000"
 5290      54524C00 
 5291              	.LASF267:
 5292 13fd 494E5452 		.ascii	"INTR_I2C_EC_MASK\000"
 5292      5F493243 
 5292      5F45435F 
 5292      4D41534B 
 5292      00
 5293              	.LASF148:
 5294 140e 70617373 		.ascii	"pass_interrupt_sar_IRQn\000"
 5294      5F696E74 
 5294      65727275 
 5294      70745F73 
 5294      61725F49 
 5295              	.LASF25:
 5296 1426 696F7373 		.ascii	"ioss_interrupt_gpio_IRQn\000"
 5296      5F696E74 
 5296      65727275 
 5296      70745F67 
 5296      70696F5F 
 5297              	.LASF462:
 5298 143f 636F756E 		.ascii	"countDirection\000"
 5298      74446972 
 5298      65637469 
 5298      6F6E00
 5299              	.LASF0:
 5300 144e 52657365 		.ascii	"Reset_IRQn\000"
 5300      745F4952 
 5300      516E00
 5301              	.LASF243:
 5302 1459 55415254 		.ascii	"UART_FLOW_CTRL\000"
 5302      5F464C4F 
 5302      575F4354 
 5302      524C00
 5303              	.LASF77:
 5304 1468 63707573 		.ascii	"cpuss_interrupts_dw1_1_IRQn\000"
 5304      735F696E 
 5304      74657272 
 5304      75707473 
 5304      5F647731 
 5305              	.LASF162:
 5306 1484 756E7369 		.ascii	"unsigned char\000"
 5306      676E6564 
 5306      20636861 
 5306      7200
ARM GAS  C:\Users\Finik\AppData\Local\Temp\ccY85NDM.s 			page 211


 5307              	.LASF147:
 5308 1492 7564625F 		.ascii	"udb_interrupts_15_IRQn\000"
 5308      696E7465 
 5308      72727570 
 5308      74735F31 
 5308      355F4952 
 5309              	.LASF320:
 5310 14a9 63707573 		.ascii	"cpussIpcIrqNr\000"
 5310      73497063 
 5310      4972714E 
 5310      7200
 5311              	.LASF116:
 5312 14b7 74637077 		.ascii	"tcpwm_1_interrupts_8_IRQn\000"
 5312      6D5F315F 
 5312      696E7465 
 5312      72727570 
 5312      74735F38 
 5313              	.LASF352:
 5314 14d1 64775374 		.ascii	"dwStatusChIdxMsk\000"
 5314      61747573 
 5314      43684964 
 5314      784D736B 
 5314      00
 5315              	.LASF438:
 5316 14e2 74784669 		.ascii	"txFifoTriggerLevel\000"
 5316      666F5472 
 5316      69676765 
 5316      724C6576 
 5316      656C00
 5317              	.LASF446:
 5318 14f5 72785269 		.ascii	"rxRingBufSize\000"
 5318      6E674275 
 5318      6653697A 
 5318      6500
 5319              	.LASF11:
 5320 1503 696F7373 		.ascii	"ioss_interrupts_gpio_1_IRQn\000"
 5320      5F696E74 
 5320      65727275 
 5320      7074735F 
 5320      6770696F 
 5321              	.LASF298:
 5322 151f 43795343 		.ascii	"CySCB_Type\000"
 5322      425F5479 
 5322      706500
 5323              	.LASF341:
 5324 152a 666C6173 		.ascii	"flashEraseDelay\000"
 5324      68457261 
 5324      73654465 
 5324      6C617900 
 5325              	.LASF55:
 5326 153a 7363625F 		.ascii	"scb_4_interrupt_IRQn\000"
 5326      345F696E 
 5326      74657272 
 5326      7570745F 
 5326      4952516E 
 5327              	.LASF421:
 5328 154f 656E6162 		.ascii	"enableInputFilter\000"
ARM GAS  C:\Users\Finik\AppData\Local\Temp\ccY85NDM.s 			page 212


 5328      6C65496E 
 5328      70757446 
 5328      696C7465 
 5328      7200
 5329              	.LASF212:
 5330 1561 5644445F 		.ascii	"VDD_INTR\000"
 5330      494E5452 
 5330      00
 5331              	.LASF272:
 5332 156a 494E5452 		.ascii	"INTR_SPI_EC_MASK\000"
 5332      5F535049 
 5332      5F45435F 
 5332      4D41534B 
 5332      00
 5333              	.LASF24:
 5334 157b 696F7373 		.ascii	"ioss_interrupts_gpio_14_IRQn\000"
 5334      5F696E74 
 5334      65727275 
 5334      7074735F 
 5334      6770696F 
 5335              	.LASF73:
 5336 1598 63707573 		.ascii	"cpuss_interrupts_dw0_13_IRQn\000"
 5336      735F696E 
 5336      74657272 
 5336      75707473 
 5336      5F647730 
 5337              	.LASF111:
 5338 15b5 74637077 		.ascii	"tcpwm_1_interrupts_3_IRQn\000"
 5338      6D5F315F 
 5338      696E7465 
 5338      72727570 
 5338      74735F33 
 5339              	.LASF299:
 5340 15cf 6C6F6E67 		.ascii	"long double\000"
 5340      20646F75 
 5340      626C6500 
 5341              	.LASF30:
 5342 15db 73727373 		.ascii	"srss_interrupt_mcwdt_1_IRQn\000"
 5342      5F696E74 
 5342      65727275 
 5342      70745F6D 
 5342      63776474 
 5343              	.LASF198:
 5344 15f7 494E5452 		.ascii	"INTR_SET\000"
 5344      5F534554 
 5344      00
 5345              	.LASF283:
 5346 1600 494E5452 		.ascii	"INTR_S_MASKED\000"
 5346      5F535F4D 
 5346      41534B45 
 5346      4400
 5347              	.LASF414:
 5348 160e 63795F63 		.ascii	"cy_cb_scb_uart_handle_events_t\000"
 5348      625F7363 
 5348      625F7561 
 5348      72745F68 
 5348      616E646C 
ARM GAS  C:\Users\Finik\AppData\Local\Temp\ccY85NDM.s 			page 213


 5349              	.LASF251:
 5350 162d 54585F46 		.ascii	"TX_FIFO_STATUS\000"
 5350      49464F5F 
 5350      53544154 
 5350      555300
 5351              	.LASF270:
 5352 163c 494E5452 		.ascii	"INTR_SPI_EC\000"
 5352      5F535049 
 5352      5F454300 
 5353              	.LASF66:
 5354 1648 63707573 		.ascii	"cpuss_interrupts_dw0_6_IRQn\000"
 5354      735F696E 
 5354      74657272 
 5354      75707473 
 5354      5F647730 
 5355              	.LASF454:
 5356 1664 74784C65 		.ascii	"txLeftToTransmit\000"
 5356      6674546F 
 5356      5472616E 
 5356      736D6974 
 5356      00
 5357              	.LASF327:
 5358 1675 73727373 		.ascii	"srssNumPll\000"
 5358      4E756D50 
 5358      6C6C00
 5359              	.LASF109:
 5360 1680 74637077 		.ascii	"tcpwm_1_interrupts_1_IRQn\000"
 5360      6D5F315F 
 5360      696E7465 
 5360      72727570 
 5360      74735F31 
 5361              	.LASF40:
 5362 169a 63707573 		.ascii	"cpuss_interrupts_ipc_5_IRQn\000"
 5362      735F696E 
 5362      74657272 
 5362      75707473 
 5362      5F697063 
 5363              	.LASF425:
 5364 16b6 72656365 		.ascii	"receiverAddress\000"
 5364      69766572 
 5364      41646472 
 5364      65737300 
 5365              	.LASF16:
 5366 16c6 696F7373 		.ascii	"ioss_interrupts_gpio_6_IRQn\000"
 5366      5F696E74 
 5366      65727275 
 5366      7074735F 
 5366      6770696F 
 5367              	.LASF150:
 5368 16e2 61756469 		.ascii	"audioss_interrupt_pdm_IRQn\000"
 5368      6F73735F 
 5368      696E7465 
 5368      72727570 
 5368      745F7064 
 5369              	.LASF360:
 5370 16fd 70657269 		.ascii	"periDivCmdPaTypeSelPos\000"
 5370      44697643 
ARM GAS  C:\Users\Finik\AppData\Local\Temp\ccY85NDM.s 			page 214


 5370      6D645061 
 5370      54797065 
 5370      53656C50 
 5371              	.LASF430:
 5372 1714 736D6172 		.ascii	"smartCardRetryOnNack\000"
 5372      74436172 
 5372      64526574 
 5372      72794F6E 
 5372      4E61636B 
 5373              	.LASF296:
 5374 1729 4750494F 		.ascii	"GPIO_Type\000"
 5374      5F547970 
 5374      6500
 5375              	.LASF392:
 5376 1733 696E7472 		.ascii	"intrPriority\000"
 5376      5072696F 
 5376      72697479 
 5376      00
 5377              	.LASF379:
 5378 1740 63707573 		.ascii	"cpussCm4NmiCtlOffset\000"
 5378      73436D34 
 5378      4E6D6943 
 5378      746C4F66 
 5378      66736574 
 5379              	.LASF232:
 5380 1755 434D445F 		.ascii	"CMD_START\000"
 5380      53544152 
 5380      5400
 5381              	.LASF34:
 5382 175f 626C6573 		.ascii	"bless_interrupt_IRQn\000"
 5382      735F696E 
 5382      74657272 
 5382      7570745F 
 5382      4952516E 
 5383              	.LASF378:
 5384 1774 63707573 		.ascii	"cpussCm0NmiCtlOffset\000"
 5384      73436D30 
 5384      4E6D6943 
 5384      746C4F66 
 5384      66736574 
 5385              	.LASF191:
 5386 1789 4E564943 		.ascii	"NVIC_Type\000"
 5386      5F547970 
 5386      6500
 5387              	.LASF431:
 5388 1793 656E6162 		.ascii	"enableCts\000"
 5388      6C654374 
 5388      7300
 5389              	.LASF344:
 5390 179d 666C6173 		.ascii	"flashCtlMainWs2Freq\000"
 5390      6843746C 
 5390      4D61696E 
 5390      57733246 
 5390      72657100 
 5391              	.LASF146:
 5392 17b1 7564625F 		.ascii	"udb_interrupts_14_IRQn\000"
 5392      696E7465 
ARM GAS  C:\Users\Finik\AppData\Local\Temp\ccY85NDM.s 			page 215


 5392      72727570 
 5392      74735F31 
 5392      345F4952 
 5393              	.LASF115:
 5394 17c8 74637077 		.ascii	"tcpwm_1_interrupts_7_IRQn\000"
 5394      6D5F315F 
 5394      696E7465 
 5394      72727570 
 5394      74735F37 
 5395              	.LASF387:
 5396 17e2 63686172 		.ascii	"char_t\000"
 5396      5F7400
 5397              	.LASF171:
 5398 17e9 6C6F6E67 		.ascii	"long long unsigned int\000"
 5398      206C6F6E 
 5398      6720756E 
 5398      7369676E 
 5398      65642069 
 5399              	.LASF51:
 5400 1800 7363625F 		.ascii	"scb_0_interrupt_IRQn\000"
 5400      305F696E 
 5400      74657272 
 5400      7570745F 
 5400      4952516E 
 5401              	.LASF86:
 5402 1815 63707573 		.ascii	"cpuss_interrupts_dw1_10_IRQn\000"
 5402      735F696E 
 5402      74657272 
 5402      75707473 
 5402      5F647731 
 5403              	.LASF409:
 5404 1832 43595F53 		.ascii	"CY_SCB_UART_PARITY_ODD\000"
 5404      43425F55 
 5404      4152545F 
 5404      50415249 
 5404      54595F4F 
 5405              	.LASF450:
 5406 1849 72784275 		.ascii	"rxBufSize\000"
 5406      6653697A 
 5406      6500
 5407              	.LASF153:
 5408 1853 7573625F 		.ascii	"usb_interrupt_hi_IRQn\000"
 5408      696E7465 
 5408      72727570 
 5408      745F6869 
 5408      5F495251 
 5409              	.LASF402:
 5410 1869 43595F53 		.ascii	"CY_SCB_UART_STOP_BITS_2_5\000"
 5410      43425F55 
 5410      4152545F 
 5410      53544F50 
 5410      5F424954 
 5411              	.LASF322:
 5412 1883 63707573 		.ascii	"cpussFlashPaSize\000"
 5412      73466C61 
 5412      73685061 
 5412      53697A65 
ARM GAS  C:\Users\Finik\AppData\Local\Temp\ccY85NDM.s 			page 216


 5412      00
 5413              	.LASF250:
 5414 1894 54585F46 		.ascii	"TX_FIFO_CTRL\000"
 5414      49464F5F 
 5414      4354524C 
 5414      00
 5415              	.LASF496:
 5416 18a1 4973725F 		.ascii	"Isr_Timer\000"
 5416      54696D65 
 5416      7200
 5417              	.LASF72:
 5418 18ab 63707573 		.ascii	"cpuss_interrupts_dw0_12_IRQn\000"
 5418      735F696E 
 5418      74657272 
 5418      75707473 
 5418      5F647730 
 5419              	.LASF506:
 5420 18c8 43795F53 		.ascii	"Cy_SCB_UART_Init\000"
 5420      43425F55 
 5420      4152545F 
 5420      496E6974 
 5420      00
 5421              	.LASF264:
 5422 18d9 52455345 		.ascii	"RESERVED10\000"
 5422      52564544 
 5422      313000
 5423              	.LASF266:
 5424 18e4 52455345 		.ascii	"RESERVED11\000"
 5424      52564544 
 5424      313100
 5425              	.LASF269:
 5426 18ef 52455345 		.ascii	"RESERVED12\000"
 5426      52564544 
 5426      313200
 5427              	.LASF271:
 5428 18fa 52455345 		.ascii	"RESERVED13\000"
 5428      52564544 
 5428      313300
 5429              	.LASF274:
 5430 1905 52455345 		.ascii	"RESERVED14\000"
 5430      52564544 
 5430      313400
 5431              	.LASF279:
 5432 1910 52455345 		.ascii	"RESERVED15\000"
 5432      52564544 
 5432      313500
 5433              	.LASF284:
 5434 191b 52455345 		.ascii	"RESERVED16\000"
 5434      52564544 
 5434      313600
 5435              	.LASF289:
 5436 1926 52455345 		.ascii	"RESERVED17\000"
 5436      52564544 
 5436      313700
 5437              	.LASF294:
 5438 1931 43795343 		.ascii	"CySCB_V1_Type\000"
 5438      425F5631 
ARM GAS  C:\Users\Finik\AppData\Local\Temp\ccY85NDM.s 			page 217


 5438      5F547970 
 5438      6500
 5439              	.LASF52:
 5440 193f 7363625F 		.ascii	"scb_1_interrupt_IRQn\000"
 5440      315F696E 
 5440      74657272 
 5440      7570745F 
 5440      4952516E 
 5441              	.LASF88:
 5442 1954 63707573 		.ascii	"cpuss_interrupts_dw1_12_IRQn\000"
 5442      735F696E 
 5442      74657272 
 5442      75707473 
 5442      5F647731 
 5443              	.LASF452:
 5444 1971 74784275 		.ascii	"txBuf\000"
 5444      6600
 5445              	.LASF236:
 5446 1977 434D445F 		.ascii	"CMD_RESP_STATUS\000"
 5446      52455350 
 5446      5F535441 
 5446      54555300 
 5447              	.LASF488:
 5448 1987 636F756E 		.ascii	"counters\000"
 5448      74657273 
 5448      00
 5449              	.LASF140:
 5450 1990 7564625F 		.ascii	"udb_interrupts_8_IRQn\000"
 5450      696E7465 
 5450      72727570 
 5450      74735F38 
 5450      5F495251 
 5451              	.LASF48:
 5452 19a6 63707573 		.ascii	"cpuss_interrupts_ipc_13_IRQn\000"
 5452      735F696E 
 5452      74657272 
 5452      75707473 
 5452      5F697063 
 5453              	.LASF180:
 5454 19c3 49434552 		.ascii	"ICER\000"
 5454      00
 5455              	.LASF44:
 5456 19c8 63707573 		.ascii	"cpuss_interrupts_ipc_9_IRQn\000"
 5456      735F696E 
 5456      74657272 
 5456      75707473 
 5456      5F697063 
 5457              	.LASF176:
 5458 19e4 696E7433 		.ascii	"int32_t\000"
 5458      325F7400 
 5459              	.LASF215:
 5460 19ec 5644445F 		.ascii	"VDD_INTR_SET\000"
 5460      494E5452 
 5460      5F534554 
 5460      00
 5461              	.LASF321:
 5462 19f9 63707573 		.ascii	"cpussDwChNr\000"
ARM GAS  C:\Users\Finik\AppData\Local\Temp\ccY85NDM.s 			page 218


 5462      73447743 
 5462      684E7200 
 5463              	.LASF286:
 5464 1a05 494E5452 		.ascii	"INTR_TX_SET\000"
 5464      5F54585F 
 5464      53455400 
 5465              	.LASF381:
 5466 1a11 63707573 		.ascii	"cpussRam0Ctl0\000"
 5466      7352616D 
 5466      3043746C 
 5466      3000
 5467              	.LASF459:
 5468 1a1f 70657269 		.ascii	"period\000"
 5468      6F6400
 5469              	.LASF80:
 5470 1a26 63707573 		.ascii	"cpuss_interrupts_dw1_4_IRQn\000"
 5470      735F696E 
 5470      74657272 
 5470      75707473 
 5470      5F647731 
 5471              	.LASF92:
 5472 1a42 63707573 		.ascii	"cpuss_interrupts_fault_0_IRQn\000"
 5472      735F696E 
 5472      74657272 
 5472      75707473 
 5472      5F666175 
 5473              	.LASF163:
 5474 1a60 5F5F696E 		.ascii	"__int16_t\000"
 5474      7431365F 
 5474      7400
 5475              	.LASF94:
 5476 1a6a 63707573 		.ascii	"cpuss_interrupt_crypto_IRQn\000"
 5476      735F696E 
 5476      74657272 
 5476      7570745F 
 5476      63727970 
 5477              	.LASF426:
 5478 1a86 72656365 		.ascii	"receiverAddressMask\000"
 5478      69766572 
 5478      41646472 
 5478      6573734D 
 5478      61736B00 
 5479              	.LASF235:
 5480 1a9a 434D445F 		.ascii	"CMD_RESP_CTRL\000"
 5480      52455350 
 5480      5F435452 
 5480      4C00
 5481              	.LASF218:
 5482 1aa8 53544154 		.ascii	"STATUS\000"
 5482      555300
 5483              	.LASF357:
 5484 1aaf 70657269 		.ascii	"periDivCmdDivSelMsk\000"
 5484      44697643 
 5484      6D644469 
 5484      7653656C 
 5484      4D736B00 
 5485              	.LASF268:
ARM GAS  C:\Users\Finik\AppData\Local\Temp\ccY85NDM.s 			page 219


 5486 1ac3 494E5452 		.ascii	"INTR_I2C_EC_MASKED\000"
 5486      5F493243 
 5486      5F45435F 
 5486      4D41534B 
 5486      454400
 5487              	.LASF231:
 5488 1ad6 434D445F 		.ascii	"CMD_STOP\000"
 5488      53544F50 
 5488      00
 5489              	.LASF312:
 5490 1adf 64775665 		.ascii	"dwVersion\000"
 5490      7273696F 
 5490      6E00
 5491              	.LASF202:
 5492 1ae9 4346475F 		.ascii	"CFG_SIO\000"
 5492      53494F00 
 5493              	.LASF416:
 5494 1af1 6F766572 		.ascii	"oversample\000"
 5494      73616D70 
 5494      6C6500
 5495              	.LASF419:
 5496 1afc 73746F70 		.ascii	"stopBits\000"
 5496      42697473 
 5496      00
 5497              	.LASF149:
 5498 1b05 61756469 		.ascii	"audioss_interrupt_i2s_IRQn\000"
 5498      6F73735F 
 5498      696E7465 
 5498      72727570 
 5498      745F6932 
 5499              	.LASF306:
 5500 1b20 6770696F 		.ascii	"gpioBase\000"
 5500      42617365 
 5500      00
 5501              	.LASF100:
 5502 1b29 74637077 		.ascii	"tcpwm_0_interrupts_0_IRQn\000"
 5502      6D5F305F 
 5502      696E7465 
 5502      72727570 
 5502      74735F30 
 5503              	.LASF133:
 5504 1b43 7564625F 		.ascii	"udb_interrupts_1_IRQn\000"
 5504      696E7465 
 5504      72727570 
 5504      74735F31 
 5504      5F495251 
 5505              	.LASF117:
 5506 1b59 74637077 		.ascii	"tcpwm_1_interrupts_9_IRQn\000"
 5506      6D5F315F 
 5506      696E7465 
 5506      72727570 
 5506      74735F39 
 5507              	.LASF282:
 5508 1b73 494E5452 		.ascii	"INTR_S_MASK\000"
 5508      5F535F4D 
 5508      41534B00 
 5509              	.LASF335:
ARM GAS  C:\Users\Finik\AppData\Local\Temp\ccY85NDM.s 			page 220


 5510 1b7f 70726F74 		.ascii	"protBusMasterMask\000"
 5510      4275734D 
 5510      61737465 
 5510      724D6173 
 5510      6B00
 5511              	.LASF334:
 5512 1b91 73797350 		.ascii	"sysPmSimoPresent\000"
 5512      6D53696D 
 5512      6F507265 
 5512      73656E74 
 5512      00
 5513              	.LASF41:
 5514 1ba2 63707573 		.ascii	"cpuss_interrupts_ipc_6_IRQn\000"
 5514      735F696E 
 5514      74657272 
 5514      75707473 
 5514      5F697063 
 5515              	.LASF276:
 5516 1bbe 494E5452 		.ascii	"INTR_M_SET\000"
 5516      5F4D5F53 
 5516      455400
 5517              	.LASF273:
 5518 1bc9 494E5452 		.ascii	"INTR_SPI_EC_MASKED\000"
 5518      5F535049 
 5518      5F45435F 
 5518      4D41534B 
 5518      454400
 5519              	.LASF293:
 5520 1bdc 494E5452 		.ascii	"INTR_RX_MASKED\000"
 5520      5F52585F 
 5520      4D41534B 
 5520      454400
 5521              	.LASF500:
 5522 1beb 63795F64 		.ascii	"cy_device\000"
 5522      65766963 
 5522      6500
 5523              	.LASF295:
 5524 1bf5 4750494F 		.ascii	"GPIO_PRT_Type\000"
 5524      5F505254 
 5524      5F547970 
 5524      6500
 5525              	.LASF7:
 5526 1c03 44656275 		.ascii	"DebugMonitor_IRQn\000"
 5526      674D6F6E 
 5526      69746F72 
 5526      5F495251 
 5526      6E00
 5527              	.LASF472:
 5528 1c15 73746172 		.ascii	"startInputMode\000"
 5528      74496E70 
 5528      75744D6F 
 5528      646500
 5529              	.LASF444:
 5530 1c24 72785374 		.ascii	"rxStatus\000"
 5530      61747573 
 5530      00
 5531              	.LASF108:
ARM GAS  C:\Users\Finik\AppData\Local\Temp\ccY85NDM.s 			page 221


 5532 1c2d 74637077 		.ascii	"tcpwm_1_interrupts_0_IRQn\000"
 5532      6D5F315F 
 5532      696E7465 
 5532      72727570 
 5532      74735F30 
 5533              	.LASF278:
 5534 1c47 494E5452 		.ascii	"INTR_M_MASKED\000"
 5534      5F4D5F4D 
 5534      41534B45 
 5534      4400
 5535              	.LASF47:
 5536 1c55 63707573 		.ascii	"cpuss_interrupts_ipc_12_IRQn\000"
 5536      735F696E 
 5536      74657272 
 5536      75707473 
 5536      5F697063 
 5537              	.LASF259:
 5538 1c72 52585F46 		.ascii	"RX_FIFO_RD\000"
 5538      49464F5F 
 5538      524400
 5539              	.LASF57:
 5540 1c7d 7363625F 		.ascii	"scb_6_interrupt_IRQn\000"
 5540      365F696E 
 5540      74657272 
 5540      7570745F 
 5540      4952516E 
 5541              	.LASF222:
 5542 1c92 50455249 		.ascii	"PERIOD_BUFF\000"
 5542      4F445F42 
 5542      55464600 
 5543              	.LASF175:
 5544 1c9e 75696E74 		.ascii	"uint16_t\000"
 5544      31365F74 
 5544      00
 5545              	.LASF318:
 5546 1ca7 70726F74 		.ascii	"protVersion\000"
 5546      56657273 
 5546      696F6E00 
 5547              	.LASF374:
 5548 1cb3 63707573 		.ascii	"cpussCm4PwrCtlOffset\000"
 5548      73436D34 
 5548      50777243 
 5548      746C4F66 
 5548      66736574 
 5549              	.LASF456:
 5550 1cc8 696E6974 		.ascii	"initKey\000"
 5550      4B657900 
 5551              	.LASF317:
 5552 1cd0 70657269 		.ascii	"periVersion\000"
 5552      56657273 
 5552      696F6E00 
 5553              	.LASF158:
 5554 1cdc 73686F72 		.ascii	"short int\000"
 5554      7420696E 
 5554      7400
 5555              	.LASF483:
 5556 1ce6 636E744E 		.ascii	"cntNum\000"
ARM GAS  C:\Users\Finik\AppData\Local\Temp\ccY85NDM.s 			page 222


 5556      756D00
 5557              	.LASF96:
 5558 1ced 63707573 		.ascii	"cpuss_interrupts_cm0_cti_0_IRQn\000"
 5558      735F696E 
 5558      74657272 
 5558      75707473 
 5558      5F636D30 
 5559              	.LASF27:
 5560 1d0d 6C70636F 		.ascii	"lpcomp_interrupt_IRQn\000"
 5560      6D705F69 
 5560      6E746572 
 5560      72757074 
 5560      5F495251 
 5561              	.LASF33:
 5562 1d23 70617373 		.ascii	"pass_interrupt_ctbs_IRQn\000"
 5562      5F696E74 
 5562      65727275 
 5562      70745F63 
 5562      7462735F 
 5563              	.LASF482:
 5564 1d3c 43795F54 		.ascii	"Cy_TCPWM_ClearInterrupt\000"
 5564      4350574D 
 5564      5F436C65 
 5564      6172496E 
 5564      74657272 
 5565              	.LASF265:
 5566 1d54 494E5452 		.ascii	"INTR_I2C_EC\000"
 5566      5F493243 
 5566      5F454300 
 5567              	.LASF174:
 5568 1d60 696E7431 		.ascii	"int16_t\000"
 5568      365F7400 
 5569              	.LASF43:
 5570 1d68 63707573 		.ascii	"cpuss_interrupts_ipc_8_IRQn\000"
 5570      735F696E 
 5570      74657272 
 5570      75707473 
 5570      5F697063 
 5571              	.LASF343:
 5572 1d84 666C6173 		.ascii	"flashCtlMainWs1Freq\000"
 5572      6843746C 
 5572      4D61696E 
 5572      57733146 
 5572      72657100 
 5573              	.LASF19:
 5574 1d98 696F7373 		.ascii	"ioss_interrupts_gpio_9_IRQn\000"
 5574      5F696E74 
 5574      65727275 
 5574      7074735F 
 5574      6770696F 
 5575              	.LASF254:
 5576 1db4 52585F46 		.ascii	"RX_FIFO_CTRL\000"
 5576      49464F5F 
 5576      4354524C 
 5576      00
 5577              	.LASF99:
 5578 1dc1 63707573 		.ascii	"cpuss_interrupts_cm4_cti_1_IRQn\000"
ARM GAS  C:\Users\Finik\AppData\Local\Temp\ccY85NDM.s 			page 223


 5578      735F696E 
 5578      74657272 
 5578      75707473 
 5578      5F636D34 
 5579              	.LASF492:
 5580 1de1 43795F53 		.ascii	"Cy_SCB_ReadRxFifo\000"
 5580      43425F52 
 5580      65616452 
 5580      78466966 
 5580      6F00
 5581              	.LASF497:
 5582 1df3 55617274 		.ascii	"UartInit\000"
 5582      496E6974 
 5582      00
 5583              	.LASF281:
 5584 1dfc 494E5452 		.ascii	"INTR_S_SET\000"
 5584      5F535F53 
 5584      455400
 5585              	.LASF386:
 5586 1e07 63795F73 		.ascii	"cy_stc_device_t\000"
 5586      74635F64 
 5586      65766963 
 5586      655F7400 
 5587              	.LASF20:
 5588 1e17 696F7373 		.ascii	"ioss_interrupts_gpio_10_IRQn\000"
 5588      5F696E74 
 5588      65727275 
 5588      7074735F 
 5588      6770696F 
 5589              	.LASF338:
 5590 1e34 666C6173 		.ascii	"flashPipeRequired\000"
 5590      68506970 
 5590      65526571 
 5590      75697265 
 5590      6400
 5591              	.LASF411:
 5592 1e46 43595F53 		.ascii	"CY_SCB_UART_ACTIVE_LOW\000"
 5592      43425F55 
 5592      4152545F 
 5592      41435449 
 5592      56455F4C 
 5593              	.LASF495:
 5594 1e5d 70696E4E 		.ascii	"pinNum\000"
 5594      756D00
 5595              	.LASF211:
 5596 1e64 5644445F 		.ascii	"VDD_ACTIVE\000"
 5596      41435449 
 5596      564500
 5597              	.LASF478:
 5598 1e6f 63795F73 		.ascii	"cy_stc_tcpwm_counter_config_t\000"
 5598      74635F74 
 5598      6370776D 
 5598      5F636F75 
 5598      6E746572 
 5599              	.LASF314:
 5600 1e8d 6770696F 		.ascii	"gpioVersion\000"
 5600      56657273 
ARM GAS  C:\Users\Finik\AppData\Local\Temp\ccY85NDM.s 			page 224


 5600      696F6E00 
 5601              	.LASF369:
 5602 1e99 6770696F 		.ascii	"gpioPrtCfgSioOffset\000"
 5602      50727443 
 5602      66675369 
 5602      6F4F6666 
 5602      73657400 
 5603              	.LASF131:
 5604 1ead 74637077 		.ascii	"tcpwm_1_interrupts_23_IRQn\000"
 5604      6D5F315F 
 5604      696E7465 
 5604      72727570 
 5604      74735F32 
 5605              	.LASF75:
 5606 1ec8 63707573 		.ascii	"cpuss_interrupts_dw0_15_IRQn\000"
 5606      735F696E 
 5606      74657272 
 5606      75707473 
 5606      5F647730 
 5607              	.LASF36:
 5608 1ee5 63707573 		.ascii	"cpuss_interrupts_ipc_1_IRQn\000"
 5608      735F696E 
 5608      74657272 
 5608      75707473 
 5608      5F697063 
 5609              	.LASF104:
 5610 1f01 74637077 		.ascii	"tcpwm_0_interrupts_4_IRQn\000"
 5610      6D5F305F 
 5610      696E7465 
 5610      72727570 
 5610      74735F34 
 5611              	.LASF12:
 5612 1f1b 696F7373 		.ascii	"ioss_interrupts_gpio_2_IRQn\000"
 5612      5F696E74 
 5612      65727275 
 5612      7074735F 
 5612      6770696F 
 5613              	.LASF126:
 5614 1f37 74637077 		.ascii	"tcpwm_1_interrupts_18_IRQn\000"
 5614      6D5F315F 
 5614      696E7465 
 5614      72727570 
 5614      74735F31 
 5615              	.LASF424:
 5616 1f52 656E6162 		.ascii	"enableMutliProcessorMode\000"
 5616      6C654D75 
 5616      746C6950 
 5616      726F6365 
 5616      73736F72 
 5617              	.LASF513:
 5618 1f6b 5F5F656E 		.ascii	"__enable_irq\000"
 5618      61626C65 
 5618      5F697271 
 5618      00
 5619              	.LASF398:
 5620 1f78 63795F65 		.ascii	"cy_en_scb_uart_mode_t\000"
 5620      6E5F7363 
ARM GAS  C:\Users\Finik\AppData\Local\Temp\ccY85NDM.s 			page 225


 5620      625F7561 
 5620      72745F6D 
 5620      6F64655F 
 5621              	.LASF54:
 5622 1f8e 7363625F 		.ascii	"scb_3_interrupt_IRQn\000"
 5622      335F696E 
 5622      74657272 
 5622      7570745F 
 5622      4952516E 
 5623              	.LASF68:
 5624 1fa3 63707573 		.ascii	"cpuss_interrupts_dw0_8_IRQn\000"
 5624      735F696E 
 5624      74657272 
 5624      75707473 
 5624      5F647730 
 5625              	.LASF142:
 5626 1fbf 7564625F 		.ascii	"udb_interrupts_10_IRQn\000"
 5626      696E7465 
 5626      72727570 
 5626      74735F31 
 5626      305F4952 
 5627              	.LASF26:
 5628 1fd6 696F7373 		.ascii	"ioss_interrupt_vdd_IRQn\000"
 5628      5F696E74 
 5628      65727275 
 5628      70745F76 
 5628      64645F49 
 5629              	.LASF245:
 5630 1fee 4932435F 		.ascii	"I2C_STATUS\000"
 5630      53544154 
 5630      555300
 5631              	.LASF463:
 5632 1ff9 636F6D70 		.ascii	"compareOrCapture\000"
 5632      6172654F 
 5632      72436170 
 5632      74757265 
 5632      00
 5633              	.LASF410:
 5634 200a 63795F65 		.ascii	"cy_en_scb_uart_parity_t\000"
 5634      6E5F7363 
 5634      625F7561 
 5634      72745F70 
 5634      61726974 
 5635              	.LASF177:
 5636 2022 75696E74 		.ascii	"uint32_t\000"
 5636      33325F74 
 5636      00
 5637              	.LASF404:
 5638 202b 43595F53 		.ascii	"CY_SCB_UART_STOP_BITS_3_5\000"
 5638      43425F55 
 5638      4152545F 
 5638      53544F50 
 5638      5F424954 
 5639              	.LASF504:
 5640 2045 55415254 		.ascii	"UART_context\000"
 5640      5F636F6E 
 5640      74657874 
ARM GAS  C:\Users\Finik\AppData\Local\Temp\ccY85NDM.s 			page 226


 5640      00
 5641              	.LASF83:
 5642 2052 63707573 		.ascii	"cpuss_interrupts_dw1_7_IRQn\000"
 5642      735F696E 
 5642      74657272 
 5642      75707473 
 5642      5F647731 
 5643              	.LASF406:
 5644 206e 63795F65 		.ascii	"cy_en_scb_uart_stop_bits_t\000"
 5644      6E5F7363 
 5644      625F7561 
 5644      72745F73 
 5644      746F705F 
 5645              	.LASF119:
 5646 2089 74637077 		.ascii	"tcpwm_1_interrupts_11_IRQn\000"
 5646      6D5F315F 
 5646      696E7465 
 5646      72727570 
 5646      74735F31 
 5647              	.LASF308:
 5648 20a4 69706342 		.ascii	"ipcBase\000"
 5648      61736500 
 5649              	.LASF260:
 5650 20ac 52585F46 		.ascii	"RX_FIFO_RD_SILENT\000"
 5650      49464F5F 
 5650      52445F53 
 5650      494C454E 
 5650      5400
 5651              	.LASF432:
 5652 20be 63747350 		.ascii	"ctsPolarity\000"
 5652      6F6C6172 
 5652      69747900 
 5653              	.LASF372:
 5654 20ca 63707573 		.ascii	"cpussCm4StatusOffset\000"
 5654      73436D34 
 5654      53746174 
 5654      75734F66 
 5654      66736574 
 5655              	.LASF350:
 5656 20df 64774368 		.ascii	"dwChCtlPreemptablePos\000"
 5656      43746C50 
 5656      7265656D 
 5656      70746162 
 5656      6C65506F 
 5657              	.LASF165:
 5658 20f5 73686F72 		.ascii	"short unsigned int\000"
 5658      7420756E 
 5658      7369676E 
 5658      65642069 
 5658      6E7400
 5659              	.LASF61:
 5660 2108 63707573 		.ascii	"cpuss_interrupts_dw0_1_IRQn\000"
 5660      735F696E 
 5660      74657272 
 5660      75707473 
 5660      5F647730 
 5661              	.LASF479:
ARM GAS  C:\Users\Finik\AppData\Local\Temp\ccY85NDM.s 			page 227


 5662 2124 62617365 		.ascii	"base\000"
 5662      00
 5663              	.LASF401:
 5664 2129 43595F53 		.ascii	"CY_SCB_UART_STOP_BITS_2\000"
 5664      43425F55 
 5664      4152545F 
 5664      53544F50 
 5664      5F424954 
 5665              	.LASF403:
 5666 2141 43595F53 		.ascii	"CY_SCB_UART_STOP_BITS_3\000"
 5666      43425F55 
 5666      4152545F 
 5666      53544F50 
 5666      5F424954 
 5667              	.LASF405:
 5668 2159 43595F53 		.ascii	"CY_SCB_UART_STOP_BITS_4\000"
 5668      43425F55 
 5668      4152545F 
 5668      53544F50 
 5668      5F424954 
 5669              	.LASF35:
 5670 2171 63707573 		.ascii	"cpuss_interrupts_ipc_0_IRQn\000"
 5670      735F696E 
 5670      74657272 
 5670      75707473 
 5670      5F697063 
 5671              	.LASF182:
 5672 218d 49535052 		.ascii	"ISPR\000"
 5672      00
 5673              	.LASF103:
 5674 2192 74637077 		.ascii	"tcpwm_0_interrupts_3_IRQn\000"
 5674      6D5F305F 
 5674      696E7465 
 5674      72727570 
 5674      74735F33 
 5675              	.LASF136:
 5676 21ac 7564625F 		.ascii	"udb_interrupts_4_IRQn\000"
 5676      696E7465 
 5676      72727570 
 5676      74735F34 
 5676      5F495251 
 5677              	.LASF413:
 5678 21c2 63795F65 		.ascii	"cy_en_scb_uart_polarity_t\000"
 5678      6E5F7363 
 5678      625F7561 
 5678      72745F70 
 5678      6F6C6172 
 5679              	.LASF384:
 5680 21dc 69706353 		.ascii	"ipcStructSize\000"
 5680      74727563 
 5680      7453697A 
 5680      6500
 5681              	.LASF490:
 5682 21ea 43795F53 		.ascii	"Cy_SCB_UART_PutString\000"
 5682      43425F55 
 5682      4152545F 
 5682      50757453 
ARM GAS  C:\Users\Finik\AppData\Local\Temp\ccY85NDM.s 			page 228


 5682      7472696E 
 5683              	.LASF353:
 5684 2200 70657269 		.ascii	"periTrCmdOffset\000"
 5684      5472436D 
 5684      644F6666 
 5684      73657400 
 5685              	.LASF166:
 5686 2210 5F5F696E 		.ascii	"__int32_t\000"
 5686      7433325F 
 5686      7400
 5687              	.LASF76:
 5688 221a 63707573 		.ascii	"cpuss_interrupts_dw1_0_IRQn\000"
 5688      735F696E 
 5688      74657272 
 5688      75707473 
 5688      5F647731 
 5689              	.LASF433:
 5690 2236 72747352 		.ascii	"rtsRxFifoLevel\000"
 5690      78466966 
 5690      6F4C6576 
 5690      656C00
 5691              	.LASF439:
 5692 2245 74784669 		.ascii	"txFifoIntEnableMask\000"
 5692      666F496E 
 5692      74456E61 
 5692      626C654D 
 5692      61736B00 
 5693              	.LASF487:
 5694 2259 43795F54 		.ascii	"Cy_TCPWM_TriggerStart\000"
 5694      4350574D 
 5694      5F547269 
 5694      67676572 
 5694      53746172 
 5695              	.LASF105:
 5696 226f 74637077 		.ascii	"tcpwm_0_interrupts_5_IRQn\000"
 5696      6D5F305F 
 5696      696E7465 
 5696      72727570 
 5696      74735F35 
 5697              	.LASF471:
 5698 2289 72656C6F 		.ascii	"reloadInput\000"
 5698      6164496E 
 5698      70757400 
 5699              	.LASF178:
 5700 2295 49534552 		.ascii	"ISER\000"
 5700      00
 5701              	.LASF50:
 5702 229a 63707573 		.ascii	"cpuss_interrupts_ipc_15_IRQn\000"
 5702      735F696E 
 5702      74657272 
 5702      75707473 
 5702      5F697063 
 5703              	.LASF408:
 5704 22b7 43595F53 		.ascii	"CY_SCB_UART_PARITY_EVEN\000"
 5704      43425F55 
 5704      4152545F 
 5704      50415249 
ARM GAS  C:\Users\Finik\AppData\Local\Temp\ccY85NDM.s 			page 229


 5704      54595F45 
 5705              	.LASF28:
 5706 22cf 7363625F 		.ascii	"scb_8_interrupt_IRQn\000"
 5706      385F696E 
 5706      74657272 
 5706      7570745F 
 5706      4952516E 
 5707              	.LASF31:
 5708 22e4 73727373 		.ascii	"srss_interrupt_backup_IRQn\000"
 5708      5F696E74 
 5708      65727275 
 5708      70745F62 
 5708      61636B75 
 5709              	.LASF435:
 5710 22ff 62726561 		.ascii	"breakWidth\000"
 5710      6B576964 
 5710      746800
 5711              	.LASF2:
 5712 230a 48617264 		.ascii	"HardFault_IRQn\000"
 5712      4661756C 
 5712      745F4952 
 5712      516E00
 5713              	.LASF29:
 5714 2319 73727373 		.ascii	"srss_interrupt_mcwdt_0_IRQn\000"
 5714      5F696E74 
 5714      65727275 
 5714      70745F6D 
 5714      63776474 
 5715              	.LASF129:
 5716 2335 74637077 		.ascii	"tcpwm_1_interrupts_21_IRQn\000"
 5716      6D5F315F 
 5716      696E7465 
 5716      72727570 
 5716      74735F32 
 5717              	.LASF445:
 5718 2350 72785269 		.ascii	"rxRingBuf\000"
 5718      6E674275 
 5718      6600
 5719              	.LASF244:
 5720 235a 4932435F 		.ascii	"I2C_CTRL\000"
 5720      4354524C 
 5720      00
 5721              	.LASF473:
 5722 2363 73746172 		.ascii	"startInput\000"
 5722      74496E70 
 5722      757400
 5723              	.LASF342:
 5724 236e 666C6173 		.ascii	"flashCtlMainWs0Freq\000"
 5724      6843746C 
 5724      4D61696E 
 5724      57733046 
 5724      72657100 
 5725              	.LASF65:
 5726 2382 63707573 		.ascii	"cpuss_interrupts_dw0_5_IRQn\000"
 5726      735F696E 
 5726      74657272 
 5726      75707473 
ARM GAS  C:\Users\Finik\AppData\Local\Temp\ccY85NDM.s 			page 230


 5726      5F647730 
 5727              	.LASF315:
 5728 239e 6873696F 		.ascii	"hsiomVersion\000"
 5728      6D566572 
 5728      73696F6E 
 5728      00
 5729              	.LASF397:
 5730 23ab 43595F53 		.ascii	"CY_SCB_UART_IRDA\000"
 5730      43425F55 
 5730      4152545F 
 5730      49524441 
 5730      00
 5731              	.LASF448:
 5732 23bc 72785269 		.ascii	"rxRingBufTail\000"
 5732      6E674275 
 5732      66546169 
 5732      6C00
 5733              	.LASF347:
 5734 23ca 64774368 		.ascii	"dwChOffset\000"
 5734      4F666673 
 5734      657400
 5735              		.ident	"GCC: (GNU Tools for ARM Embedded Processors) 5.4.1 20160609 (release) [ARM/embedded-5-bran
